date,close,adjusted_close
2011-01-03,90.36000061035156,37.658817291259766
2011-01-04,90.7699966430664,37.8297233581543
2011-01-05,91.0,37.92556381225586
2011-01-06,91.11000061035156,37.97138595581055
2011-01-07,90.76000213623047,37.825538635253906
2011-01-10,90.69000244140625,37.7963752746582
2011-01-11,91.04000091552734,37.94222640991211
2011-01-12,91.2300033569336,38.021427154541016
2011-01-13,91.20999908447266,38.01311111450195
2011-01-14,91.36000061035156,38.075592041015625
2011-01-18,91.3499984741211,38.07143783569336
2011-01-19,91.06999969482422,37.95475387573242
2011-01-20,90.88999938964844,37.87974166870117
2011-01-21,91.26000213623047,38.03391647338867
2011-01-24,91.38999938964844,38.088111877441406
2011-01-25,91.52999877929688,38.14644241333008
2011-01-26,91.72000122070312,38.22563552856445
2011-01-27,91.83999633789062,38.27566909790039
2011-01-28,91.29000091552734,38.04640579223633
2011-01-31,91.77999877929688,38.25067138671875
2011-02-01,91.37000274658203,38.325740814208984
2011-02-02,91.47000122070312,38.36768341064453
2011-02-03,91.47000122070312,38.36768341064453
2011-02-04,91.87000274658203,38.53546905517578
2011-02-07,92.04000091552734,38.60677719116211
2011-02-08,92.13999938964844,38.64872741699219
2011-02-09,91.62000274658203,38.430580139160156
2011-02-10,91.72000122070312,38.472530364990234
2011-02-11,91.94999694824219,38.56903076171875
2011-02-14,92.0199966430664,38.59838104248047
2011-02-15,91.83999633789062,38.52288055419922
2011-02-16,91.87000274658203,38.53546905517578
2011-02-17,92.08000183105469,38.62352752685547
2011-02-18,92.36000061035156,38.740997314453125
2011-02-22,91.5999984741211,38.42219543457031
2011-02-23,91.69000244140625,38.45994567871094
2011-02-24,91.76000213623047,38.48933410644531
2011-02-25,92.04000091552734,38.60677719116211
2011-02-28,92.5,38.79972457885742
2011-03-01,91.77999877929688,38.7402229309082
2011-03-02,91.86000061035156,38.773948669433594
2011-03-03,92.19000244140625,38.91325378417969
2011-03-04,92.0,38.83304214477539
2011-03-07,92.0199966430664,38.84149932861328
2011-03-08,91.94000244140625,38.8077507019043
2011-03-09,91.68000030517578,38.69797897338867
2011-03-10,91.19999694824219,38.49538040161133
2011-03-11,91.18000030517578,38.486961364746094
2011-03-14,90.80999755859375,38.33078384399414
2011-03-15,90.33999633789062,38.13235855102539
2011-03-16,89.77999877929688,37.896018981933594
2011-03-17,90.75,38.305442810058594
2011-03-18,91.18000030517578,38.486961364746094
2011-03-21,91.73999786376953,38.723323822021484
2011-03-22,91.79000091552734,38.74443435668945
2011-03-23,91.68000030517578,38.69797897338867
2011-03-24,91.76000213623047,38.73175811767578
2011-03-25,91.79000091552734,38.74443435668945
2011-03-28,91.81999969482422,38.7570686340332
2011-03-29,91.87000274658203,38.77819061279297
2011-03-30,92.01000213623047,38.8372688293457
2011-03-31,91.95999908447266,38.8161735534668
2011-04-01,91.27999877929688,38.76942443847656
2011-04-04,91.83999633789062,39.007301330566406
2011-04-05,91.73999786376953,38.96483612060547
2011-04-06,91.94000244140625,39.0497932434082
2011-04-07,92.02999877929688,39.0880126953125
2011-04-08,92.02999877929688,39.0880126953125
2011-04-11,91.94000244140625,39.0497932434082
2011-04-12,91.6500015258789,38.92660903930664
2011-04-13,92.08999633789062,39.113487243652344
2011-04-14,91.72000122070312,38.95634078979492
2011-04-15,91.83999633789062,39.007301330566406
2011-04-18,91.5199966430664,38.87139129638672
2011-04-19,91.83999633789062,39.007301330566406
2011-04-20,92.19000244140625,39.155975341796875
2011-04-21,92.41000366210938,39.24943161010742
2011-04-25,92.30999755859375,39.20689010620117
2011-04-26,92.5199966430664,39.296104431152344
2011-04-27,92.58000183105469,39.32159423828125
2011-04-28,92.62999725341797,39.34285354614258
2011-04-29,92.8499984741211,39.436279296875
2011-05-02,92.2300033569336,39.41618728637695
2011-05-03,92.25,39.42473602294922
2011-05-04,92.22000122070312,39.41191482543945
2011-05-05,91.83999633789062,39.249515533447266
2011-05-06,92.30999755859375,39.450355529785156
2011-05-09,92.43000030517578,39.50169372558594
2011-05-10,92.62999725341797,39.587158203125
2011-05-11,92.48999786376953,39.52729415893555
2011-05-12,92.58000183105469,39.56576919555664
2011-05-13,92.19999694824219,39.403385162353516
2011-05-16,92.37999725341797,39.48029327392578
2011-05-17,92.54000091552734,39.548675537109375
2011-05-18,92.6500015258789,39.5956916809082
2011-05-19,92.61000061035156,39.578590393066406
2011-05-20,92.54000091552734,39.548675537109375
2011-05-23,92.0999984741211,39.360633850097656
2011-05-24,91.94999694824219,39.296531677246094
2011-05-25,91.94999694824219,39.296531677246094
2011-05-26,91.87000274658203,39.26234817504883
2011-05-27,92.1500015258789,39.381996154785156
2011-05-31,92.4000015258789,39.488861083984375
2011-06-01,91.30000305175781,39.25920867919922
2011-06-02,91.23999786376953,39.233421325683594
2011-06-03,90.87999725341797,39.078643798828125
2011-06-06,90.66000366210938,38.9840202331543
2011-06-07,90.58999633789062,38.95392608642578
2011-06-08,90.16000366210938,38.769020080566406
2011-06-09,90.22000122070312,38.794822692871094
2011-06-10,89.62999725341797,38.541114807128906
2011-06-13,89.29000091552734,38.39492416381836
2011-06-14,89.8499984741211,38.63575744628906
2011-06-15,89.47000122070312,38.47232437133789
2011-06-16,87.87999725341797,37.78861999511719
2011-06-17,88.8499984741211,38.20571517944336
2011-06-20,89.47000122070312,38.47232437133789
2011-06-21,90.06999969482422,38.730350494384766
2011-06-22,89.41999816894531,38.45081329345703
2011-06-23,89.9000015258789,38.65721130371094
2011-06-24,89.47000122070312,38.47232437133789
2011-06-27,89.44999694824219,38.46372604370117
2011-06-28,89.80999755859375,38.618553161621094
2011-06-29,90.69999694824219,39.00122833251953
2011-06-30,91.30999755859375,39.26351547241211
2011-07-01,91.20999908447266,39.47210693359375
2011-07-05,91.33000183105469,39.52405548095703
2011-07-06,91.37000274658203,39.54137420654297
2011-07-07,91.7300033569336,39.697174072265625
2011-07-08,91.4800033569336,39.588985443115234
2011-07-11,90.58000183105469,39.19950485229492
2011-07-12,90.33000183105469,39.09129333496094
2011-07-13,91.02999877929688,39.39421463012695
2011-07-14,90.9800033569336,39.372589111328125
2011-07-15,90.94999694824219,39.3596076965332
2011-07-18,90.79000091552734,39.290367126464844
2011-07-19,91.19999694824219,39.4677734375
2011-07-20,91.27999877929688,39.50239562988281
2011-07-21,91.72000122070312,39.69281768798828
2011-07-22,91.83999633789062,39.744754791259766
2011-07-25,91.3499984741211,39.532684326171875
2011-07-26,91.54000091552734,39.614906311035156
2011-07-27,90.81999969482422,39.3033332824707
2011-07-28,90.95999908447266,39.363929748535156
2011-07-29,91.05000305175781,39.40287780761719
2011-08-01,90.69999694824219,39.49039840698242
2011-08-02,89.58000183105469,39.00276565551758
2011-08-03,89.52999877929688,38.980979919433594
2011-08-04,86.94999694824219,37.85764694213867
2011-08-05,86.86000061035156,37.81845474243164
2011-08-08,83.16000366210938,36.207515716552734
2011-08-09,85.69999694824219,37.31341552734375
2011-08-10,84.25,36.68210220336914
2011-08-11,85.77999877929688,37.348228454589844
2011-08-12,85.37999725341797,37.174095153808594
2011-08-15,86.7699966430664,37.779266357421875
2011-08-16,86.22000122070312,37.53984069824219
2011-08-17,87.16999816894531,37.95344543457031
2011-08-18,86.11000061035156,37.4919319152832
2011-08-19,85.36000061035156,37.16536331176758
2011-08-22,85.45999908447266,37.20891571044922
2011-08-23,86.0999984741211,37.48758316040039
2011-08-24,85.70999908447266,37.3177604675293
2011-08-25,85.0199966430664,37.017337799072266
2011-08-26,85.87999725341797,37.391761779785156
2011-08-29,86.75,37.77058029174805
2011-08-30,86.91000366210938,37.840240478515625
2011-08-31,88.02999877929688,38.32789993286133
2011-09-01,87.41000366210938,38.30292892456055
2011-09-02,87.0,38.12323760986328
2011-09-06,85.97000122070312,37.671905517578125
2011-09-07,86.38999938964844,37.85593032836914
2011-09-08,86.66000366210938,37.97425842285156
2011-09-09,85.87999725341797,37.6324462890625
2011-09-12,85.13999938964844,37.30821228027344
2011-09-13,85.79000091552734,37.59300994873047
2011-09-14,86.36000061035156,37.842811584472656
2011-09-15,86.94000244140625,38.09695816040039
2011-09-16,86.88999938964844,38.07504653930664
2011-09-19,86.76000213623047,38.01808166503906
2011-09-20,86.9000015258789,38.07940673828125
2011-09-21,86.1500015258789,37.75077819824219
2011-09-22,84.9800033569336,37.23808670043945
2011-09-23,85.20999908447266,37.33887481689453
2011-09-26,85.52999877929688,37.47910690307617
2011-09-27,85.62999725341797,37.52291488647461
2011-09-28,84.66999816894531,37.10224533081055
2011-09-29,84.51000213623047,37.03214645385742
2011-09-30,82.83000183105469,36.295955657958984
2011-10-03,81.30000305175781,35.85841369628906
2011-10-04,81.05000305175781,35.7481689453125
2011-10-05,82.04000091552734,36.184818267822266
2011-10-06,83.30999755859375,36.74497604370117
2011-10-07,83.37999725341797,36.775840759277344
2011-10-10,85.16999816894531,37.56532669067383
2011-10-11,84.2300033569336,37.15072250366211
2011-10-12,86.19000244140625,38.01521682739258
2011-10-13,85.83000183105469,37.85643768310547
2011-10-14,86.43000030517578,38.121070861816406
2011-10-17,85.93000030517578,37.900550842285156
2011-10-18,86.38999938964844,38.10342025756836
2011-10-19,86.11000061035156,37.979942321777344
2011-10-20,86.87000274658203,38.31512451171875
2011-10-21,87.91999816894531,38.77827453613281
2011-10-24,90.30000305175781,39.827972412109375
2011-10-25,88.69999694824219,39.122291564941406
2011-10-26,89.08000183105469,39.2899169921875
2011-10-27,90.38999938964844,39.867713928222656
2011-10-28,90.12000274658203,39.74860763549805
2011-10-31,89.27999877929688,39.378108978271484
2011-11-01,87.16999816894531,38.675331115722656
2011-11-02,88.0,39.04356384277344
2011-11-03,88.87000274658203,39.429561614990234
2011-11-04,88.77999877929688,39.38965606689453
2011-11-07,88.4800033569336,39.256561279296875
2011-11-08,88.68000030517578,39.345245361328125
2011-11-09,86.80000305175781,38.51115798950195
2011-11-10,86.88999938964844,38.55108642578125
2011-11-11,88.04000091552734,39.061309814453125
2011-11-14,87.44999694824219,38.7995491027832
2011-11-15,87.22000122070312,38.69751739501953
2011-11-16,86.37000274658203,38.320396423339844
2011-11-17,85.94999694824219,38.13404083251953
2011-11-18,85.88999938964844,38.107398986816406
2011-11-21,84.91999816894531,37.677024841308594
2011-11-22,84.2699966430664,37.38866424560547
2011-11-23,82.75,36.714271545410156
2011-11-25,82.75,36.714271545410156
2011-11-28,84.5999984741211,37.53506851196289
2011-11-29,85.1500015258789,37.77909851074219
2011-11-30,86.5999984741211,38.42244338989258
2011-12-01,86.43000030517578,38.591651916503906
2011-12-02,86.91999816894531,38.810428619384766
2011-12-05,87.41000366210938,39.029232025146484
2011-12-06,87.80000305175781,39.2033805847168
2011-12-07,87.5199966430664,39.078338623046875
2011-12-08,86.94999694824219,38.8238410949707
2011-12-09,87.69999694824219,39.15871810913086
2011-12-12,87.2300033569336,38.9488525390625
2011-12-13,86.9000015258789,38.801509857177734
2011-12-14,86.75,38.73455047607422
2011-12-15,87.05999755859375,38.8729133605957
2011-12-16,87.47000122070312,39.056034088134766
2011-12-19,87.36000061035156,39.006927490234375
2011-12-20,88.44999694824219,39.49360275268555
2011-12-21,88.69999694824219,39.60523223876953
2011-12-22,89.04000091552734,39.757041931152344
2011-12-23,89.44999694824219,39.940101623535156
2011-12-27,89.2699966430664,40.099613189697266
2011-12-28,88.8499984741211,39.910911560058594
2011-12-29,89.37999725341797,40.148963928222656
2011-12-30,89.43000030517578,40.171451568603516
2012-01-03,89.72000122070312,40.30169677734375
2012-01-04,89.56999969482422,40.23432922363281
2012-01-05,89.18000030517578,40.05915069580078
2012-01-06,88.9000015258789,39.933372497558594
2012-01-09,89.0199966430664,39.987274169921875
2012-01-10,89.33000183105469,40.12654113769531
2012-01-11,89.23999786376953,40.08610916137695
2012-01-12,89.12000274658203,40.03219223022461
2012-01-13,89.0199966430664,39.987274169921875
2012-01-17,89.19999694824219,40.068115234375
2012-01-18,89.44999694824219,40.180450439453125
2012-01-19,89.58000183105469,40.238807678222656
2012-01-20,89.58000183105469,40.238807678222656
2012-01-23,89.88999938964844,40.378089904785156
2012-01-24,90.12000274658203,40.48139953613281
2012-01-25,90.91000366210938,40.83625030517578
2012-01-26,91.12999725341797,40.93507766723633
2012-01-27,90.80000305175781,40.786834716796875
2012-01-30,90.51000213623047,40.65656661987305
2012-01-31,90.73999786376953,40.75988006591797
2012-02-01,90.4000015258789,40.83534622192383
2012-02-02,90.45999908447266,40.8624382019043
2012-02-03,90.72000122070312,40.97986602783203
2012-02-06,90.73999786376953,40.988887786865234
2012-02-07,90.91999816894531,41.0702018737793
2012-02-08,91.0,41.106346130371094
2012-02-09,91.04000091552734,41.12444305419922
2012-02-10,90.25,40.76756286621094
2012-02-13,90.51000213623047,40.88502502441406
2012-02-14,90.51000213623047,40.88502502441406
2012-02-15,90.22000122070312,40.75398635864258
2012-02-16,90.5999984741211,40.92566680908203
2012-02-17,90.56999969482422,40.912109375
2012-02-21,90.91000366210938,41.06568908691406
2012-02-22,91.19999694824219,41.19670486450195
2012-02-23,91.52999877929688,41.34574508666992
2012-02-24,91.80999755859375,41.47222900390625
2012-02-27,91.83000183105469,41.48129653930664
2012-02-28,92.01000213623047,41.56258010864258
2012-02-29,92.12999725341797,41.616790771484375
2012-03-01,91.75,41.68814468383789
2012-03-02,91.37000274658203,41.515472412109375
2012-03-05,90.86000061035156,41.28375244140625
2012-03-06,89.6500015258789,40.73395919799805
2012-03-07,89.9000015258789,40.847557067871094
2012-03-08,90.5999984741211,41.16561508178711
2012-03-09,90.69999694824219,41.21104431152344
2012-03-12,90.69999694824219,41.21104431152344
2012-03-13,91.36000061035156,41.510921478271484
2012-03-14,91.12999725341797,41.40641403198242
2012-03-15,90.81999969482422,41.26555252075195
2012-03-16,90.48999786376953,41.11562728881836
2012-03-19,90.83000183105469,41.270103454589844
2012-03-20,90.76000213623047,41.238311767578125
2012-03-21,90.47000122070312,41.10654067993164
2012-03-22,90.69000244140625,41.20650100708008
2012-03-23,90.5,41.12015914916992
2012-03-26,91.05000305175781,41.37008285522461
2012-03-27,91.20999908447266,41.44279861450195
2012-03-28,90.91000366210938,41.306453704833984
2012-03-29,90.9000015258789,41.301902770996094
2012-03-30,90.72000122070312,41.22013473510742
2012-04-02,90.33000183105469,41.29096221923828
2012-04-03,90.25,41.25440216064453
2012-04-04,89.91999816894531,41.10355758666992
2012-04-05,89.69999694824219,41.00300979614258
2012-04-09,89.23999786376953,40.79273986816406
2012-04-10,88.80000305175781,40.591617584228516
2012-04-11,89.33999633789062,40.83846664428711
2012-04-12,90.13999938964844,41.20415496826172
2012-04-13,89.8499984741211,41.0715446472168
2012-04-16,89.98999786376953,41.13557815551758
2012-04-17,90.37999725341797,41.313846588134766
2012-04-18,90.3499984741211,41.300132751464844
2012-04-19,90.18000030517578,41.222442626953125
2012-04-20,90.31999969482422,41.286407470703125
2012-04-23,90.12999725341797,41.19956970214844
2012-04-24,90.33999633789062,41.295562744140625
2012-04-25,91.0,41.59724426269531
2012-04-26,91.05999755859375,41.624664306640625
2012-04-27,91.0199966430664,41.60639572143555
2012-04-30,91.19999694824219,41.68866729736328
2012-05-01,90.76000213623047,41.72040557861328
2012-05-02,91.11000061035156,41.881290435791016
2012-05-03,91.05000305175781,41.85369873046875
2012-05-04,90.87000274658203,41.77091598510742
2012-05-07,91.0199966430664,41.839908599853516
2012-05-08,91.0,41.83070755004883
2012-05-09,90.68000030517578,41.683624267578125
2012-05-10,90.58000183105469,41.63764572143555
2012-05-11,90.80999755859375,41.74335861206055
2012-05-14,90.13999938964844,41.4354133605957
2012-05-15,89.69999694824219,41.23313522338867
2012-05-16,88.81999969482422,40.82860565185547
2012-05-17,87.58999633789062,40.263206481933594
2012-05-18,87.58999633789062,40.263206481933594
2012-05-21,88.5,40.68149948120117
2012-05-22,88.48999786376953,40.67692947387695
2012-05-23,88.4000015258789,40.63554763793945
2012-05-24,88.41999816894531,40.644752502441406
2012-05-25,88.13999938964844,40.51600646972656
2012-05-29,89.11000061035156,40.96192169189453
2012-05-30,88.70999908447266,40.778072357177734
2012-05-31,87.7699966430664,40.3459587097168
2012-06-01,86.47000122070312,39.995361328125
2012-06-04,86.54000091552734,40.027732849121094
2012-06-05,87.08999633789062,40.282142639160156
2012-06-06,88.0199966430664,40.712303161621094
2012-06-07,88.3499984741211,40.86491394042969
2012-06-08,88.69000244140625,41.02216720581055
2012-06-11,88.11000061035156,40.75393295288086
2012-06-12,88.7300033569336,41.04068374633789
2012-06-13,88.47000122070312,40.92042541503906
2012-06-14,89.12999725341797,41.22569274902344
2012-06-15,89.29000091552734,41.29969787597656
2012-06-18,89.31999969482422,41.31357955932617
2012-06-19,89.94999694824219,41.604957580566406
2012-06-20,90.30000305175781,41.766868591308594
2012-06-21,89.55999755859375,41.42456817626953
2012-06-22,90.16999816894531,41.706722259521484
2012-06-25,90.02999877929688,41.64199447631836
2012-06-26,89.9000015258789,41.58185577392578
2012-06-27,90.44000244140625,41.83160400390625
2012-06-28,90.43000030517578,41.827003479003906
2012-06-29,91.29000091552734,42.224761962890625
2012-07-02,90.87000274658203,42.27030944824219
2012-07-03,91.19999694824219,42.423866271972656
2012-07-05,91.20999908447266,42.42853546142578
2012-07-06,91.08999633789062,42.372684478759766
2012-07-09,91.12000274658203,42.38666534423828
2012-07-10,90.72000122070312,42.200599670410156
2012-07-11,91.01000213623047,42.33546829223633
2012-07-12,90.80999755859375,42.24241638183594
2012-07-13,91.08999633789062,42.372684478759766
2012-07-16,90.73999786376953,42.20984649658203
2012-07-17,91.16999816894531,42.40990447998047
2012-07-18,91.55000305175781,42.586669921875
2012-07-19,91.77999877929688,42.693668365478516
2012-07-20,91.3499984741211,42.493621826171875
2012-07-23,91.19999694824219,42.423866271972656
2012-07-24,90.63999938964844,42.16337966918945
2012-07-25,90.44999694824219,42.07499313354492
2012-07-26,91.37999725341797,42.507591247558594
2012-07-27,91.91999816894531,42.75876235961914
2012-07-30,91.91999816894531,42.75876235961914
2012-07-31,91.69999694824219,42.656463623046875
2012-08-01,91.69000244140625,42.88795852661133
2012-08-02,91.31999969482422,42.71493148803711
2012-08-03,91.69999694824219,42.892677307128906
2012-08-06,91.63999938964844,42.8646125793457
2012-08-07,91.45999908447266,42.78041458129883
2012-08-08,91.5199966430664,42.8084602355957
2012-08-09,91.52999877929688,42.813140869140625
2012-08-10,91.44999694824219,42.7757568359375
2012-08-13,91.5,42.79909896850586
2012-08-14,91.63999938964844,42.8646125793457
2012-08-15,91.19999694824219,42.65879440307617
2012-08-16,91.54000091552734,42.81781005859375
2012-08-17,91.54000091552734,42.81781005859375
2012-08-20,91.6500015258789,42.8692741394043
2012-08-21,91.8499984741211,42.96283721923828
2012-08-22,91.76000213623047,42.92072677612305
2012-08-23,91.73999786376953,42.91135787963867
2012-08-24,92.1500015258789,43.10315704345703
2012-08-27,92.08000183105469,43.07038497924805
2012-08-28,92.0,43.03298568725586
2012-08-29,92.12999725341797,43.09379577636719
2012-08-30,92.08999633789062,43.075077056884766
2012-08-31,92.33000183105469,43.18733215332031
2012-09-04,91.81999969482422,43.18639373779297
2012-09-05,91.83000183105469,43.19111251831055
2012-09-06,92.37000274658203,43.445072174072266
2012-09-07,92.52999877929688,43.520362854003906
2012-09-10,92.37999725341797,43.449790954589844
2012-09-11,93.01000213623047,43.74611282348633
2012-09-12,93.29000091552734,43.877803802490234
2012-09-13,93.88999938964844,44.16000747680664
2012-09-14,93.87999725341797,44.155296325683594
2012-09-17,93.80000305175781,44.1176643371582
2012-09-18,93.83999633789062,44.13648986816406
2012-09-19,93.72000122070312,44.08003234863281
2012-09-20,93.27999877929688,43.873077392578125
2012-09-21,93.1500015258789,43.81195068359375
2012-09-24,93.02999877929688,43.755489349365234
2012-09-25,92.19999694824219,43.3651237487793
2012-09-26,91.73999786376953,43.14878463745117
2012-09-27,92.73999786376953,43.619117736816406
2012-09-28,92.30000305175781,43.412166595458984
2012-10-01,91.66000366210938,43.338863372802734
2012-10-02,91.88999938964844,43.44762420654297
2012-10-03,92.12000274658203,43.556396484375
2012-10-04,92.51000213623047,43.74079513549805
2012-10-05,92.45999908447266,43.71714782714844
2012-10-08,92.33000183105469,43.65570068359375
2012-10-09,92.06999969482422,43.53273010253906
2012-10-10,91.8499984741211,43.4287223815918
2012-10-11,92.3499984741211,43.665138244628906
2012-10-12,92.51000213623047,43.74079513549805
2012-10-15,92.93000030517578,43.93936538696289
2012-10-16,93.2699966430664,44.10010528564453
2012-10-17,93.4800033569336,44.199432373046875
2012-10-18,93.43000030517578,44.17577362060547
2012-10-19,92.95999908447266,43.95355224609375
2012-10-22,92.9800033569336,43.96303176879883
2012-10-23,92.62999725341797,43.79751205444336
2012-10-24,92.55000305175781,43.75965881347656
2012-10-25,92.69999694824219,43.83060836791992
2012-10-26,92.4800033569336,43.72657775878906
2012-10-31,92.58999633789062,43.77861404418945
2012-11-01,92.54000091552734,43.754974365234375
2012-11-02,92.41000366210938,43.693519592285156
2012-11-05,92.26000213623047,43.622554779052734
2012-11-06,92.4000015258789,43.68876647949219
2012-11-07,91.8499984741211,43.4287223815918
2012-11-08,91.55000305175781,43.28687286376953
2012-11-09,91.38999938964844,43.211219787597656
2012-11-12,91.41999816894531,43.225406646728516
2012-11-13,91.20999908447266,43.126129150390625
2012-11-14,90.70999908447266,42.88972091674805
2012-11-15,90.66999816894531,42.87079620361328
2012-11-16,90.93000030517578,42.99370574951172
2012-11-19,92.08000183105469,43.53748321533203
2012-11-20,92.08999633789062,43.54220962524414
2012-11-21,92.05999755859375,43.52802276611328
2012-11-23,92.37000274658203,43.67457580566406
2012-11-26,92.38999938964844,43.68402862548828
2012-11-27,92.4800033569336,43.72657775878906
2012-11-28,92.5,43.736061096191406
2012-11-29,92.91000366210938,43.92995071411133
2012-11-30,93.05000305175781,43.99608612060547
2012-12-03,93.02999877929688,44.21902847290039
2012-12-04,93.02999877929688,44.21902847290039
2012-12-05,93.18000030517578,44.290321350097656
2012-12-06,93.3499984741211,44.37113571166992
2012-12-07,93.20999908447266,44.304588317871094
2012-12-10,93.29000091552734,44.342620849609375
2012-12-11,93.37999725341797,44.38538360595703
2012-12-12,93.66000366210938,44.51850128173828
2012-12-13,93.33000183105469,44.36163330078125
2012-12-14,93.26000213623047,44.32836151123047
2012-12-17,93.62000274658203,44.49944305419922
2012-12-18,93.66999816894531,44.52323913574219
2012-12-19,93.56999969482422,44.47568893432617
2012-12-20,93.9000015258789,44.63257598876953
2012-12-21,93.62999725341797,44.50421142578125
2012-12-24,93.29000091552734,44.342620849609375
2012-12-26,93.01000213623047,44.45016860961914
2012-12-27,93.19999694824219,44.54092788696289
2012-12-28,92.94999694824219,44.421478271484375
2012-12-31,93.3499984741211,44.6126594543457
2013-01-02,94.2300033569336,45.033164978027344
2013-01-03,93.94000244140625,44.89460754394531
2013-01-04,94.0,44.92327880859375
2013-01-07,94.08000183105469,44.96149444580078
2013-01-08,94.01000213623047,44.928070068359375
2013-01-09,94.19000244140625,45.014095306396484
2013-01-10,94.3499984741211,45.0905647277832
2013-01-11,94.5199966430664,45.171791076660156
2013-01-14,94.38999938964844,45.109676361083984
2013-01-15,94.41000366210938,45.11920928955078
2013-01-16,94.25,45.04273986816406
2013-01-17,94.58999633789062,45.20522689819336
2013-01-18,94.72000122070312,45.267364501953125
2013-01-22,94.77999877929688,45.29603958129883
2013-01-23,94.66999816894531,45.24348068237305
2013-01-24,94.87999725341797,45.343849182128906
2013-01-25,94.8499984741211,45.3294792175293
2013-01-28,94.80000305175781,45.30559158325195
2013-01-29,94.63999938964844,45.22910690307617
2013-01-30,93.95999908447266,44.904136657714844
2013-01-31,93.66999816894531,44.76559066772461
2013-02-01,93.4800033569336,44.914031982421875
2013-02-04,93.08999633789062,44.72662353515625
2013-02-05,93.30000305175781,44.82752227783203
2013-02-06,93.16000366210938,44.760284423828125
2013-02-07,92.9800033569336,44.67378616333008
2013-02-08,93.0,44.68340301513672
2013-02-11,92.98999786376953,44.678611755371094
2013-02-12,93.30999755859375,44.83234786987305
2013-02-13,93.44999694824219,44.899593353271484
2013-02-14,93.41000366210938,44.88041305541992
2013-02-15,93.41999816894531,44.88518524169922
2013-02-19,93.51000213623047,44.928409576416016
2013-02-20,93.41999816894531,44.88518524169922
2013-02-21,93.5199966430664,44.93324661254883
2013-02-22,93.75,45.043766021728516
2013-02-25,93.45999908447266,44.904388427734375
2013-02-26,93.91999816894531,45.12544631958008
2013-02-27,94.08000183105469,45.20231628417969
2013-02-28,94.04000091552734,45.18309020996094
2013-03-01,93.72000122070312,45.27294158935547
2013-03-04,93.7300033569336,45.27773666381836
2013-03-05,93.91999816894531,45.36954116821289
2013-03-06,93.86000061035156,45.340553283691406
2013-03-07,94.0,45.40817642211914
2013-03-08,94.11000061035156,45.46131896972656
2013-03-11,94.05000305175781,45.43234634399414
2013-03-12,94.01000213623047,45.413021087646484
2013-03-13,94.02999877929688,45.422706604003906
2013-03-14,94.38999938964844,45.596595764160156
2013-03-15,94.37999725341797,45.59177017211914
2013-03-18,94.4000015258789,45.60139846801758
2013-03-19,94.23999786376953,45.52412414550781
2013-03-20,94.55000305175781,45.67387390136719
2013-03-21,94.37999725341797,45.59177017211914
2013-03-22,94.30999755859375,45.55790710449219
2013-03-25,94.16999816894531,45.490291595458984
2013-03-26,94.33999633789062,45.57243347167969
2013-03-27,94.18000030517578,45.49516296386719
2013-03-28,94.3499984741211,45.5772819519043
2013-04-01,94.02999877929688,45.65886306762695
2013-04-02,93.95999908447266,45.62482452392578
2013-04-03,93.95999908447266,45.62482452392578
2013-04-04,93.93000030517578,45.61027908325195
2013-04-05,94.0199966430664,45.653995513916016
2013-04-08,94.12000274658203,45.70254898071289
2013-04-09,94.41999816894531,45.84822082519531
2013-04-10,94.72000122070312,45.993896484375
2013-04-11,94.72000122070312,45.993896484375
2013-04-12,94.75,46.00847625732422
2013-04-15,94.1500015258789,45.71711349487305
2013-04-16,94.80000305175781,46.03274917602539
2013-04-17,94.6500015258789,45.959903717041016
2013-04-18,94.5,45.8870964050293
2013-04-19,94.44999694824219,45.86277389526367
2013-04-22,94.66999816894531,45.96961975097656
2013-04-23,95.04000091552734,46.149269104003906
2013-04-24,95.20999908447266,46.23183059692383
2013-04-25,95.47000122070312,46.35808563232422
2013-04-26,95.37000274658203,46.30953598022461
2013-04-29,95.55000305175781,46.396934509277344
2013-04-30,95.8499984741211,46.542572021484375
2013-05-01,95.19999694824219,46.45377731323242
2013-05-02,95.80999755859375,46.75144958496094
2013-05-03,95.95999908447266,46.82466125488281
2013-05-06,96.0199966430664,46.85390090942383
2013-05-07,95.94999694824219,46.81977081298828
2013-05-08,96.29000091552734,46.98567581176758
2013-05-09,96.01000213623047,46.84902572631836
2013-05-10,95.51000213623047,46.60507583618164
2013-05-13,95.12000274658203,46.41474151611328
2013-05-14,95.22000122070312,46.46354293823242
2013-05-15,95.2300033569336,46.46841049194336
2013-05-16,95.45999908447266,46.58063888549805
2013-05-17,95.45999908447266,46.58063888549805
2013-05-20,95.55999755859375,46.62944412231445
2013-05-21,95.73999786376953,46.717288970947266
2013-05-22,95.1500015258789,46.429378509521484
2013-05-23,94.88999938964844,46.30252456665039
2013-05-24,94.70999908447266,46.214656829833984
2013-05-28,94.36000061035156,46.04389572143555
2013-05-29,93.9800033569336,45.85848617553711
2013-05-30,94.16999816894531,45.951175689697266
2013-05-31,92.91999816894531,45.34123611450195
2013-06-03,92.36000061035156,45.3015022277832
2013-06-04,92.36000061035156,45.3015022277832
2013-06-05,91.55999755859375,44.90911102294922
2013-06-06,92.27999877929688,45.26225280761719
2013-06-07,92.33999633789062,45.29169464111328
2013-06-10,92.1500015258789,45.19850540161133
2013-06-11,91.58000183105469,44.91893005371094
2013-06-12,91.6500015258789,44.95326232910156
2013-06-13,92.69999694824219,45.468265533447266
2013-06-14,92.80999755859375,45.5222282409668
2013-06-17,92.80000305175781,45.517295837402344
2013-06-18,93.02999877929688,45.63014221191406
2013-06-19,91.63999938964844,44.9483757019043
2013-06-20,90.73999786376953,44.506900787353516
2013-06-21,90.1500015258789,44.21751022338867
2013-06-24,89.04000091552734,43.673091888427734
2013-06-25,90.30999755859375,44.2960090637207
2013-06-26,91.05999755859375,44.663883209228516
2013-06-27,91.5,44.87969207763672
2013-06-28,90.87999725341797,44.57556915283203
2013-07-01,90.88999938964844,44.817203521728516
2013-07-02,90.61000061035156,44.67913818359375
2013-07-03,90.81999969482422,44.78269958496094
2013-07-05,89.8499984741211,44.30438232421875
2013-07-08,91.08999633789062,44.91582107543945
2013-07-09,91.13999938964844,44.94047546386719
2013-07-10,91.5,45.11798858642578
2013-07-11,92.6500015258789,45.68503952026367
2013-07-12,92.55999755859375,45.64067459106445
2013-07-15,92.94999694824219,45.83299255371094
2013-07-16,92.72000122070312,45.71957778930664
2013-07-17,93.4000015258789,46.054847717285156
2013-07-18,93.95999908447266,46.33094787597656
2013-07-19,93.9000015258789,46.30142593383789
2013-07-22,93.97000122070312,46.33592987060547
2013-07-23,93.73999786376953,46.22251510620117
2013-07-24,92.94999694824219,45.83299255371094
2013-07-25,92.73999786376953,45.72943115234375
2013-07-26,92.77999877929688,45.749149322509766
2013-07-29,92.58000183105469,45.65050506591797
2013-07-30,92.70999908447266,45.714630126953125
2013-07-31,92.9800033569336,45.847774505615234
2013-08-01,91.6500015258789,45.41321563720703
2013-08-02,92.20999908447266,45.6906623840332
2013-08-05,91.73999786376953,45.45777893066406
2013-08-06,91.6500015258789,45.41321563720703
2013-08-07,91.36000061035156,45.26951599121094
2013-08-08,91.55999755859375,45.36860656738281
2013-08-09,91.56999969482422,45.37358474731445
2013-08-12,91.48999786376953,45.33393478393555
2013-08-13,91.48999786376953,45.33393478393555
2013-08-14,91.30999755859375,45.24472427368164
2013-08-15,90.83999633789062,45.011837005615234
2013-08-16,90.52999877929688,44.85824203491211
2013-08-19,89.93000030517578,44.56093215942383
2013-08-20,90.76000213623047,44.972198486328125
2013-08-21,90.43000030517578,44.80867004394531
2013-08-22,90.91999816894531,45.05146789550781
2013-08-23,91.30000305175781,45.239803314208984
2013-08-26,91.30999755859375,45.24472427368164
2013-08-27,90.72000122070312,44.95240020751953
2013-08-28,91.05999755859375,45.12087631225586
2013-08-29,91.43000030517578,45.30419158935547
2013-08-30,91.3499984741211,45.26453399658203
2013-09-03,90.38999938964844,45.02545166015625
2013-09-04,90.7300033569336,45.194828033447266
2013-09-05,90.2699966430664,44.96567153930664
2013-09-06,90.56999969482422,45.115108489990234
2013-09-09,90.80000305175781,45.22967529296875
2013-09-10,91.12000274658203,45.38908386230469
2013-09-11,91.23999786376953,45.4488639831543
2013-09-12,91.12999725341797,45.394081115722656
2013-09-13,91.05999755859375,45.35922622680664
2013-09-16,91.55999755859375,45.60824203491211
2013-09-17,91.86000061035156,45.757694244384766
2013-09-18,92.73999786376953,46.19603729248047
2013-09-19,92.47000122070312,46.061553955078125
2013-09-20,92.36000061035156,46.00676345825195
2013-09-23,92.3499984741211,46.00178146362305
2013-09-24,92.1500015258789,45.90214920043945
2013-09-25,91.98999786376953,45.822479248046875
2013-09-26,91.94000244140625,45.79753112792969
2013-09-27,91.83999633789062,45.74773025512695
2013-09-30,91.58000183105469,45.61824035644531
2013-10-01,91.52999877929688,45.81592559814453
2013-10-02,91.56999969482422,45.83597183227539
2013-10-03,91.62999725341797,45.86599349975586
2013-10-04,91.79000091552734,45.94609832763672
2013-10-07,91.55000305175781,45.82595443725586
2013-10-08,91.51000213623047,45.805938720703125
2013-10-09,91.58999633789062,45.845970153808594
2013-10-10,92.01000213623047,46.056182861328125
2013-10-11,92.18000030517578,46.14128494262695
2013-10-14,92.31999969482422,46.211368560791016
2013-10-15,92.29000091552734,46.19636154174805
2013-10-16,92.77999877929688,46.441627502441406
2013-10-17,93.2300033569336,46.666908264160156
2013-10-18,93.41999816894531,46.761993408203125
2013-10-21,93.20999908447266,46.65685272216797
2013-10-22,93.48999786376953,46.797035217285156
2013-10-23,93.56999969482422,46.83707809448242
2013-10-24,93.5999984741211,46.85209274291992
2013-10-25,93.62999725341797,46.867095947265625
2013-10-28,93.61000061035156,46.85712432861328
2013-10-29,93.76000213623047,46.93217468261719
2013-10-30,93.37999725341797,46.74198532104492
2013-10-31,93.43000030517578,46.766990661621094
2013-11-01,92.81999969482422,46.68649673461914
2013-11-04,92.9800033569336,46.766990661621094
2013-11-05,92.7300033569336,46.64126968383789
2013-11-06,93.0,46.777061462402344
2013-11-07,93.05999755859375,46.80723190307617
2013-11-08,92.9000015258789,46.72676086425781
2013-11-11,92.55000305175781,46.55072784423828
2013-11-12,92.41999816894531,46.4853401184082
2013-11-13,92.7699966430664,46.661373138427734
2013-11-14,93.04000091552734,46.797183990478516
2013-11-15,93.18000030517578,46.86758041381836
2013-11-18,92.91000366210938,46.731807708740234
2013-11-19,92.87000274658203,46.71168518066406
2013-11-20,92.77999877929688,46.6663932800293
2013-11-21,93.0999984741211,46.827369689941406
2013-11-22,93.16999816894531,46.8625373840332
2013-11-25,93.30999755859375,46.932987213134766
2013-11-26,93.37999725341797,46.96819305419922
2013-11-27,93.31999969482422,46.93801498413086
2013-11-29,93.41999816894531,46.98831558227539
2013-12-02,93.0,47.00347900390625
2013-12-03,92.91000366210938,46.95800018310547
2013-12-04,92.66999816894531,46.83669662475586
2013-12-05,92.5999984741211,46.801307678222656
2013-12-06,92.86000061035156,46.9327278137207
2013-12-09,93.19999694824219,47.10454177856445
2013-12-10,93.19999694824219,47.10454177856445
2013-12-11,92.91999816894531,46.963043212890625
2013-12-12,92.75,46.877132415771484
2013-12-13,92.9000015258789,46.95292663574219
2013-12-16,92.9800033569336,46.99334716796875
2013-12-17,92.98999786376953,46.99837875366211
2013-12-18,93.1500015258789,47.079280853271484
2013-12-19,93.05000305175781,47.02873611450195
2013-12-20,93.11000061035156,47.05907440185547
2013-12-23,93.18000030517578,47.09443664550781
2013-12-24,93.12999725341797,47.069175720214844
2013-12-26,92.75,47.113380432128906
2013-12-27,92.73999786376953,47.10829162597656
2013-12-30,92.81999969482422,47.14891052246094
2013-12-31,92.87999725341797,47.17938232421875
2014-01-02,93.04000091552734,47.26068115234375
2014-01-03,93.01000213623047,47.24543380737305
2014-01-06,93.20999908447266,47.34703826904297
2014-01-07,93.20999908447266,47.34703826904297
2014-01-08,93.1500015258789,47.316558837890625
2014-01-09,93.29000091552734,47.387664794921875
2014-01-10,93.56999969482422,47.529884338378906
2014-01-13,93.47000122070312,47.479095458984375
2014-01-14,93.61000061035156,47.55022430419922
2014-01-15,93.80000305175781,47.64671325683594
2014-01-16,93.76000213623047,47.62639617919922
2014-01-17,93.77999877929688,47.636566162109375
2014-01-21,93.9000015258789,47.69755172729492
2014-01-22,93.76000213623047,47.62639617919922
2014-01-23,93.63999938964844,47.56544876098633
2014-01-24,93.0199966430664,47.2504997253418
2014-01-27,92.98999786376953,47.23524475097656
2014-01-28,93.4000015258789,47.44354248046875
2014-01-29,93.12000274658203,47.301265716552734
2014-01-30,93.27999877929688,47.382606506347656
2014-01-31,93.25,47.36735153198242
2014-02-03,92.51000213623047,47.22543716430664
2014-02-04,92.62000274658203,47.281585693359375
2014-02-05,92.62000274658203,47.281585693359375
2014-02-06,92.94999694824219,47.45005416870117
2014-02-07,93.41999816894531,47.689979553222656
2014-02-10,93.4800033569336,47.7205810546875
2014-02-11,93.63999938964844,47.80229187011719
2014-02-12,93.48999786376953,47.72571563720703
2014-02-13,93.76000213623047,47.863529205322266
2014-02-14,93.91000366210938,47.940093994140625
2014-02-18,94.04000091552734,48.006492614746094
2014-02-19,93.80000305175781,47.88399124145508
2014-02-20,94.08999633789062,48.03203582763672
2014-02-21,94.16999816894531,48.072845458984375
2014-02-24,94.37999725341797,48.18003845214844
2014-02-25,94.48999786376953,48.23617935180664
2014-02-26,94.6500015258789,48.31787109375
2014-02-27,94.83000183105469,48.409759521484375
2014-02-28,94.93000030517578,48.4608154296875
2014-03-03,94.37999725341797,48.416202545166016
2014-03-04,94.72000122070312,48.5905876159668
2014-03-05,94.55000305175781,48.50339126586914
2014-03-06,94.41000366210938,48.43157196044922
2014-03-07,94.05000305175781,48.24687576293945
2014-03-10,94.05999755859375,48.25204849243164
2014-03-11,93.95999908447266,48.200714111328125
2014-03-12,94.12000274658203,48.282806396484375
2014-03-13,93.87000274658203,48.154579162597656
2014-03-14,93.80000305175781,48.11866760253906
2014-03-17,93.93000030517578,48.18532943725586
2014-03-18,94.20999908447266,48.3289794921875
2014-03-19,93.7300033569336,48.08274841308594
2014-03-20,94.05000305175781,48.24687576293945
2014-03-21,93.98999786376953,48.216094970703125
2014-03-24,94.0199966430664,48.23153305053711
2014-03-25,94.20999908447266,48.3289794921875
2014-03-26,94.2300033569336,48.33922576904297
2014-03-27,94.08999633789062,48.26742935180664
2014-03-28,94.25,48.34949493408203
2014-03-31,94.38999938964844,48.42131805419922
2014-04-01,94.12000274658203,48.51152801513672
2014-04-02,94.0199966430664,48.45998001098633
2014-04-03,94.05999755859375,48.48060989379883
2014-04-04,94.27999877929688,48.593994140625
2014-04-07,94.08000183105469,48.490901947021484
2014-04-08,94.30000305175781,48.60430908203125
2014-04-09,94.44999694824219,48.68159103393555
2014-04-10,94.18000030517578,48.542449951171875
2014-04-11,93.77999877929688,48.33628845214844
2014-04-14,94.08000183105469,48.490901947021484
2014-04-15,94.18000030517578,48.542449951171875
2014-04-16,94.2300033569336,48.568199157714844
2014-04-17,94.12000274658203,48.51152801513672
2014-04-21,94.12000274658203,48.51152801513672
2014-04-22,94.22000122070312,48.56306838989258
2014-04-23,94.25,48.578521728515625
2014-04-24,94.2699966430664,48.58881759643555
2014-04-25,94.23999786376953,48.5733528137207
2014-04-28,94.22000122070312,48.56306838989258
2014-04-29,94.36000061035156,48.63520050048828
2014-04-30,94.33999633789062,48.624908447265625
2014-05-01,93.81999969482422,48.57468795776367
2014-05-02,94.04000091552734,48.6886100769043
2014-05-05,94.0,48.66788864135742
2014-05-06,94.0199966430664,48.67824935913086
2014-05-07,94.16000366210938,48.75072479248047
2014-05-08,94.13999938964844,48.7403564453125
2014-05-09,94.2300033569336,48.78695297241211
2014-05-12,94.33000183105469,48.83871841430664
2014-05-13,94.4800033569336,48.91640853881836
2014-05-14,94.52999877929688,48.94227981567383
2014-05-15,94.44000244140625,48.89570236206055
2014-05-16,94.62999725341797,48.99406433105469
2014-05-19,94.7699966430664,49.06652069091797
2014-05-20,94.6500015258789,49.004417419433594
2014-05-21,94.63999938964844,48.999237060546875
2014-05-22,94.70999908447266,49.03547286987305
2014-05-23,94.73999786376953,49.05099868774414
2014-05-27,94.83000183105469,49.09758758544922
2014-05-28,94.86000061035156,49.11314010620117
2014-05-29,94.94999694824219,49.15971374511719
2014-05-30,95.05000305175781,49.21153259277344
2014-06-02,94.31999969482422,49.0549430847168
2014-06-03,94.33000183105469,49.060176849365234
2014-06-04,94.33000183105469,49.060176849365234
2014-06-05,94.55999755859375,49.17978286743164
2014-06-06,94.83000183105469,49.32020568847656
2014-06-09,94.94000244140625,49.377410888671875
2014-06-10,94.88999938964844,49.35139846801758
2014-06-11,94.9000015258789,49.35660934448242
2014-06-12,94.83999633789062,49.32542037963867
2014-06-13,94.94999694824219,49.38261795043945
2014-06-16,94.9000015258789,49.35660934448242
2014-06-17,94.83000183105469,49.32020568847656
2014-06-18,95.26000213623047,49.54383850097656
2014-06-19,95.23999786376953,49.53346633911133
2014-06-20,95.33000183105469,49.58024597167969
2014-06-23,95.31999969482422,49.575042724609375
2014-06-24,95.23999786376953,49.53346633911133
2014-06-25,95.37999725341797,49.60627365112305
2014-06-26,95.27999877929688,49.55424880981445
2014-06-27,95.27999877929688,49.55424880981445
2014-06-30,95.19999694824219,49.51264953613281
2014-07-01,94.80999755859375,49.52570724487305
2014-07-02,94.87000274658203,49.55704879760742
2014-07-03,94.7300033569336,49.483917236328125
2014-07-07,94.66000366210938,49.4473762512207
2014-07-08,94.68000030517578,49.45781707763672
2014-07-09,94.61000061035156,49.42121505737305
2014-07-10,94.31999969482422,49.269737243652344
2014-07-11,94.4800033569336,49.35331726074219
2014-07-14,94.44999694824219,49.3376350402832
2014-07-15,94.30000305175781,49.25931167602539
2014-07-16,94.1500015258789,49.18095016479492
2014-07-17,93.48999786376953,48.8361930847168
2014-07-18,93.87999725341797,49.039894104003906
2014-07-21,93.72000122070312,48.956321716308594
2014-07-22,93.8499984741211,49.02423095703125
2014-07-23,94.02999877929688,49.11824417114258
2014-07-24,94.19999694824219,49.20705032348633
2014-07-25,94.04000091552734,49.12348175048828
2014-07-28,93.76000213623047,48.977237701416016
2014-07-29,93.62999725341797,48.909297943115234
2014-07-30,93.23999786376953,48.705596923828125
2014-07-31,92.4800033569336,48.30857467651367
2014-08-01,92.04000091552734,48.30386734008789
2014-08-04,92.5999984741211,48.59776306152344
2014-08-05,92.41999816894531,48.50333023071289
2014-08-06,92.63999938964844,48.618743896484375
2014-08-07,92.69999694824219,48.65023422241211
2014-08-08,92.98999786376953,48.802433013916016
2014-08-11,93.43000030517578,49.0333366394043
2014-08-12,93.41000366210938,49.022850036621094
2014-08-13,93.68000030517578,49.1645622253418
2014-08-14,93.86000061035156,49.25905227661133
2014-08-15,94.05000305175781,49.35871887207031
2014-08-18,94.31999969482422,49.50043869018555
2014-08-19,94.29000091552734,49.48469543457031
2014-08-20,94.36000061035156,49.52141189575195
2014-08-21,94.36000061035156,49.52141189575195
2014-08-22,94.12999725341797,49.40073776245117
2014-08-25,94.33000183105469,49.505680084228516
2014-08-26,94.4000015258789,49.54241943359375
2014-08-27,94.30999755859375,49.49516296386719
2014-08-28,94.16999816894531,49.42171859741211
2014-08-29,94.23999786376953,49.45846176147461
2014-09-02,93.91999816894531,49.516441345214844
2014-09-03,93.68000030517578,49.38990783691406
2014-09-04,93.37000274658203,49.22649002075195
2014-09-05,93.26000213623047,49.16849899291992
2014-09-08,93.16999816894531,49.121036529541016
2014-09-09,92.73999786376953,48.89434814453125
2014-09-10,92.77999877929688,48.91541290283203
2014-09-11,92.77999877929688,48.91541290283203
2014-09-12,92.66999816894531,48.85744857788086
2014-09-15,92.5,48.767757415771484
2014-09-16,92.69000244140625,48.867977142333984
2014-09-17,92.98999786376953,49.026126861572266
2014-09-18,93.0199966430664,49.04195022583008
2014-09-19,93.16000366210938,49.11577606201172
2014-09-22,92.98999786376953,49.026126861572266
2014-09-23,92.5199966430664,48.77833557128906
2014-09-24,92.23999786376953,48.63070297241211
2014-09-25,91.61000061035156,48.29856872558594
2014-09-26,91.55000305175781,48.26695251464844
2014-09-29,91.36000061035156,48.16676712036133
2014-09-30,91.94999694824219,48.477813720703125
2014-10-01,91.66000366210938,48.53129196166992
2014-10-02,91.83999633789062,48.62661361694336
2014-10-03,92.1500015258789,48.79073715209961
2014-10-06,92.25,48.84366989135742
2014-10-07,91.9000015258789,48.65838623046875
2014-10-08,92.33999633789062,48.89133071899414
2014-10-09,91.36000061035156,48.37244415283203
2014-10-10,90.62000274658203,47.98067092895508
2014-10-13,90.16999816894531,47.74239730834961
2014-10-14,90.47000122070312,47.901241302490234
2014-10-15,90.48999786376953,47.91181945800781
2014-10-16,91.0,48.18184280395508
2014-10-17,91.7699966430664,48.589515686035156
2014-10-20,92.43000030517578,48.9389762878418
2014-10-21,93.18000030517578,49.33608627319336
2014-10-22,92.56999969482422,49.01313018798828
2014-10-23,92.52999877929688,48.991920471191406
2014-10-24,92.79000091552734,49.12958526611328
2014-10-27,92.41000366210938,48.92841720581055
2014-10-28,92.55999755859375,49.00780487060547
2014-10-29,92.48999786376953,48.97074890136719
2014-10-30,92.44999694824219,48.949588775634766
2014-10-31,92.52999877929688,48.991920471191406
2014-11-03,92.31999969482422,49.0951042175293
2014-11-04,92.02999877929688,48.94086456298828
2014-11-05,92.01000213623047,48.930267333984375
2014-11-06,92.25,49.057857513427734
2014-11-07,92.33999633789062,49.10574722290039
2014-11-10,92.37999725341797,49.127037048339844
2014-11-11,92.58999633789062,49.23871994018555
2014-11-12,92.29000091552734,49.07914733886719
2014-11-13,91.91000366210938,48.87709426879883
2014-11-14,91.44999694824219,48.63243865966797
2014-11-17,91.44000244140625,48.62715530395508
2014-11-18,91.26000213623047,48.53137969970703
2014-11-19,91.23999786376953,48.52077102661133
2014-11-20,91.25,48.52610397338867
2014-11-21,91.75,48.792022705078125
2014-11-24,91.73999786376953,48.786678314208984
2014-11-25,91.88999938964844,48.86640930175781
2014-11-26,92.01000213623047,48.930267333984375
2014-11-28,91.12999725341797,48.46230697631836
2014-12-01,89.80000305175781,47.974525451660156
2014-12-02,90.29000091552734,48.23629379272461
2014-12-03,90.44000244140625,48.316436767578125
2014-12-04,90.37999725341797,48.284385681152344
2014-12-05,90.30999755859375,48.24699783325195
2014-12-08,89.8499984741211,48.0012092590332
2014-12-09,89.80000305175781,47.974525451660156
2014-12-10,88.7699966430664,47.42425537109375
2014-12-11,88.44999694824219,47.25328063964844
2014-12-12,87.25,46.61220932006836
2014-12-15,87.19999694824219,46.58549499511719
2014-12-16,86.88999938964844,46.41989517211914
2014-12-17,88.66000366210938,47.365474700927734
2014-12-18,89.37000274658203,47.74481201171875
2014-12-19,90.2300033569336,48.204246520996094
2014-12-22,90.01000213623047,48.08672332763672
2014-12-23,90.33000183105469,48.2576789855957
2014-12-24,90.25,48.42182159423828
2014-12-26,89.97000122070312,48.271629333496094
2014-12-29,90.0199966430664,48.298431396484375
2014-12-30,89.83999633789062,48.20185089111328
2014-12-31,89.5999984741211,48.073081970214844
2015-01-02,89.5999984741211,48.073081970214844
2015-01-05,88.7699966430664,47.62778091430664
2015-01-06,88.43000030517578,47.44535827636719
2015-01-07,88.9800033569336,47.740478515625
2015-01-08,89.6500015258789,48.09992980957031
2015-01-09,90.0999984741211,48.341346740722656
2015-01-12,89.98999786376953,48.2823600769043
2015-01-13,89.98999786376953,48.2823600769043
2015-01-14,89.77999877929688,48.16968536376953
2015-01-15,89.2300033569336,47.874568939208984
2015-01-16,89.56999969482422,48.057003021240234
2015-01-20,89.41000366210938,47.971168518066406
2015-01-21,89.88999938964844,48.22867965698242
2015-01-22,90.01000213623047,48.2930793762207
2015-01-23,90.01000213623047,48.2930793762207
2015-01-26,90.41999816894531,48.51304626464844
2015-01-27,90.3499984741211,48.47548294067383
2015-01-28,90.16000366210938,48.37355422973633
2015-01-29,90.4800033569336,48.545223236083984
2015-01-30,90.2300033569336,48.411102294921875
2015-02-02,90.20999908447266,48.59695816040039
2015-02-03,90.72000122070312,48.87169647216797
2015-02-04,90.33999633789062,48.66701126098633
2015-02-05,90.87000274658203,48.9525146484375
2015-02-06,90.94000244140625,48.9902458190918
2015-02-09,90.72000122070312,48.87169647216797
2015-02-10,91.02999877929688,49.0386848449707
2015-02-11,91.0,49.02256393432617
2015-02-12,90.98999786376953,49.01713180541992
2015-02-13,91.12000274658203,49.08718490600586
2015-02-17,91.05999755859375,49.05486297607422
2015-02-18,91.37000274658203,49.22187042236328
2015-02-19,91.16000366210938,49.108734130859375
2015-02-20,91.41000366210938,49.243408203125
2015-02-23,91.4800033569336,49.2811279296875
2015-02-24,91.56999969482422,49.329612731933594
2015-02-25,91.87000274658203,49.49124526977539
2015-02-26,91.8499984741211,49.48046112060547
2015-02-27,91.87000274658203,49.49124526977539
2015-03-02,91.45999908447266,49.48202133178711
2015-03-03,91.19999694824219,49.341346740722656
2015-03-04,91.02999877929688,49.24937057495117
2015-03-05,91.19999694824219,49.341346740722656
2015-03-06,90.62000274658203,49.02755355834961
2015-03-09,90.43000030517578,48.92477035522461
2015-03-10,90.08000183105469,48.73542022705078
2015-03-11,90.33000183105469,48.870670318603516
2015-03-12,90.51000213623047,48.96806335449219
2015-03-13,90.19999694824219,48.80036544799805
2015-03-16,90.11000061035156,48.751651763916016
2015-03-17,89.66000366210938,48.508182525634766
2015-03-18,90.45999908447266,48.94102478027344
2015-03-19,89.73999786376953,48.55146408081055
2015-03-20,90.44000244140625,48.93019485473633
2015-03-23,90.51000213623047,48.96806335449219
2015-03-24,90.6500015258789,49.04381561279297
2015-03-25,90.41000366210938,48.91393280029297
2015-03-26,90.4000015258789,48.90855407714844
2015-03-27,90.47000122070312,48.94641876220703
2015-03-30,90.72000122070312,49.08164978027344
2015-03-31,90.61000061035156,49.022132873535156
2015-04-01,90.38999938964844,49.12323760986328
2015-04-02,90.45999908447266,49.16130065917969
2015-04-06,90.69000244140625,49.286293029785156
2015-04-07,91.16999816894531,49.547149658203125
2015-04-08,91.1500015258789,49.53629684448242
2015-04-09,91.05999755859375,49.487361907958984
2015-04-10,91.2699966430664,49.601463317871094
2015-04-13,91.0999984741211,49.50910568237305
2015-04-14,91.13999938964844,49.530826568603516
2015-04-15,91.5,49.7264518737793
2015-04-16,91.30999755859375,49.623260498046875
2015-04-17,91.02999877929688,49.471038818359375
2015-04-20,91.2300033569336,49.57974624633789
2015-04-21,91.29000091552734,49.61233901977539
2015-04-22,91.19999694824219,49.563446044921875
2015-04-23,91.16999816894531,49.547149658203125
2015-04-24,91.31999969482422,49.628658294677734
2015-04-27,91.3499984741211,49.64494323730469
2015-04-28,91.20999908447266,49.568870544433594
2015-04-29,91.04000091552734,49.476505279541016
2015-04-30,90.98999786376953,49.44929504394531
2015-05-01,90.79000091552734,49.559574127197266
2015-05-04,90.7699966430664,49.54867172241211
2015-05-05,90.6500015258789,49.483150482177734
2015-05-06,90.37999725341797,49.33578872680664
2015-05-07,90.37000274658203,49.330318450927734
2015-05-08,91.08000183105469,49.717891693115234
2015-05-11,90.51000213623047,49.40674591064453
2015-05-12,90.5,49.401275634765625
2015-05-13,90.37000274658203,49.330318450927734
2015-05-14,90.80999755859375,49.570499420166016
2015-05-15,91.01000213623047,49.6796760559082
2015-05-18,90.86000061035156,49.59780502319336
2015-05-19,90.72000122070312,49.52137756347656
2015-05-20,90.61000061035156,49.461326599121094
2015-05-21,90.73999786376953,49.53227233886719
2015-05-22,90.80999755859375,49.570499420166016
2015-05-26,90.62000274658203,49.46676254272461
2015-05-27,90.81999969482422,49.57594680786133
2015-05-28,90.77999877929688,49.554134368896484
2015-05-29,90.91000366210938,49.62507629394531
2015-06-01,90.66000366210938,49.70841979980469
2015-06-02,90.48999786376953,49.615196228027344
2015-06-03,90.0,49.346519470214844
2015-06-04,89.70999908447266,49.18753433227539
2015-06-05,89.44000244140625,49.03951644897461
2015-06-08,89.44000244140625,49.03951644897461
2015-06-09,89.29000091552734,48.95724105834961
2015-06-10,89.41000366210938,49.02304458618164
2015-06-11,89.58999633789062,49.12175369262695
2015-06-12,89.26000213623047,48.940818786621094
2015-06-15,88.83999633789062,48.71052169799805
2015-06-16,89.33999633789062,48.98468017578125
2015-06-17,89.26000213623047,48.940818786621094
2015-06-18,89.58999633789062,49.12175369262695
2015-06-19,89.63999938964844,49.1491584777832
2015-06-22,89.81999969482422,49.24785614013672
2015-06-23,89.76000213623047,49.21494674682617
2015-06-24,89.5199966430664,49.0833740234375
2015-06-25,89.25,48.935333251953125
2015-06-26,88.98999786376953,48.79275131225586
2015-06-29,88.37999725341797,48.458316802978516
2015-06-30,88.80000305175781,48.688602447509766
2015-07-01,88.41999816894531,48.69684982299805
2015-07-02,88.75,48.87858963012695
2015-07-06,88.45999908447266,48.718894958496094
2015-07-07,88.52999877929688,48.757450103759766
2015-07-08,88.08999633789062,48.515113830566406
2015-07-09,88.29000091552734,48.625244140625
2015-07-10,88.80000305175781,48.90614318847656
2015-07-13,88.87999725341797,48.95020294189453
2015-07-14,88.79000091552734,48.90065383911133
2015-07-15,88.79000091552734,48.90065383911133
2015-07-16,88.93000030517578,48.977718353271484
2015-07-17,88.69000244140625,48.84556579589844
2015-07-20,88.27999877929688,48.6197624206543
2015-07-21,88.12000274658203,48.53163146972656
2015-07-22,87.55000305175781,48.217716217041016
2015-07-23,87.5,48.19016647338867
2015-07-24,87.25,48.0524787902832
2015-07-27,86.87999725341797,47.84872817993164
2015-07-28,87.3499984741211,48.1075439453125
2015-07-29,87.86000061035156,48.38843536376953
2015-07-30,88.12000274658203,48.53163146972656
2015-07-31,87.97000122070312,48.44900894165039
2015-08-03,87.41000366210938,48.358272552490234
2015-08-04,87.45999908447266,48.385948181152344
2015-08-05,87.33999633789062,48.31954574584961
2015-08-06,86.9800033569336,48.12041091918945
2015-08-07,86.70999908447266,47.97102355957031
2015-08-10,86.95999908447266,48.1093635559082
2015-08-11,86.55999755859375,47.88803482055664
2015-08-12,86.44000244140625,47.821651458740234
2015-08-13,86.33000183105469,47.76081848144531
2015-08-14,86.37999725341797,47.7884635925293
2015-08-17,86.37999725341797,47.7884635925293
2015-08-18,86.2699966430664,47.72761535644531
2015-08-19,86.19000244140625,47.683345794677734
2015-08-20,85.7699966430664,47.45097732543945
2015-08-21,85.45999908447266,47.27946853637695
2015-08-24,84.76000213623047,46.892208099365234
2015-08-25,84.93000030517578,46.986270904541016
2015-08-26,85.63999938964844,47.37904357910156
2015-08-27,86.27999877929688,47.733131408691406
2015-08-28,86.36000061035156,47.77741241455078
2015-08-31,86.23999786376953,47.711021423339844
2015-09-01,85.58000183105469,47.55704879760742
2015-09-02,85.93000030517578,47.751556396484375
2015-09-03,86.05000305175781,47.8182487487793
2015-09-04,85.95999908447266,47.76823806762695
2015-09-08,86.43000030517578,48.0294189453125
2015-09-09,86.31999969482422,47.96828079223633
2015-09-10,86.52999877929688,48.084991455078125
2015-09-11,86.5,48.06830978393555
2015-09-14,86.3499984741211,47.98495864868164
2015-09-15,86.33000183105469,47.97385787963867
2015-09-16,86.0199966430664,47.80157470703125
2015-09-17,86.08999633789062,47.84046936035156
2015-09-18,85.8499984741211,47.70709228515625
2015-09-21,85.69000244140625,47.61819076538086
2015-09-22,85.06999969482422,47.27365493774414
2015-09-23,84.91999816894531,47.19027328491211
2015-09-24,84.5,46.9569206237793
2015-09-25,84.06999969482422,46.71796417236328
2015-09-28,82.77999877929688,46.00109100341797
2015-09-29,82.7699966430664,45.99555969238281
2015-09-30,83.29000091552734,46.284523010253906
2015-10-01,82.36000061035156,45.987464904785156
2015-10-02,82.44000244140625,46.03214645385742
2015-10-05,83.43000030517578,46.58491516113281
2015-10-06,83.88999938964844,46.84178924560547
2015-10-07,84.75,47.32196807861328
2015-10-08,85.0999984741211,47.51741027832031
2015-10-09,85.11000061035156,47.52297592163086
2015-10-12,84.94999694824219,47.43363952636719
2015-10-13,84.75,47.32196807861328
2015-10-14,84.69000244140625,47.28846740722656
2015-10-15,84.88999938964844,47.4001350402832
2015-10-16,85.27999877929688,47.61787796020508
2015-10-19,85.51000213623047,47.74634552001953
2015-10-20,85.58999633789062,47.79098892211914
2015-10-21,85.5,47.740745544433594
2015-10-22,85.52999877929688,47.757511138916016
2015-10-23,85.83000183105469,47.92499923706055
2015-10-26,85.73999786376953,47.87474060058594
2015-10-27,85.45999908447266,47.71840286254883
2015-10-28,85.69000244140625,47.846824645996094
2015-10-29,85.47000122070312,47.72396469116211
2015-10-30,85.56999969482422,47.779808044433594
2015-11-02,85.44000244140625,47.92793273925781
2015-11-03,85.52999877929688,47.97841262817383
2015-11-04,85.27999877929688,47.838157653808594
2015-11-05,84.94999694824219,47.65304946899414
2015-11-06,84.54000091552734,47.42306137084961
2015-11-09,84.19000244140625,47.22674560546875
2015-11-10,84.0,47.12015914916992
2015-11-11,83.80000305175781,47.007938385009766
2015-11-12,83.23999786376953,46.69385528564453
2015-11-13,83.0,46.5592155456543
2015-11-16,83.38999938964844,46.77796936035156
2015-11-17,83.44999694824219,46.81160354614258
2015-11-18,83.61000061035156,46.901363372802734
2015-11-19,82.86000061035156,46.480655670166016
2015-11-20,82.83999633789062,46.469425201416016
2015-11-23,82.7699966430664,46.430179595947266
2015-11-24,82.87999725341797,46.49187469482422
2015-11-25,82.97000122070312,46.54236602783203
2015-11-27,83.0999984741211,46.61529541015625
2015-11-30,83.05000305175781,46.58724594116211
2015-12-01,83.23999786376953,46.91869354248047
2015-12-02,83.06999969482422,46.8228645324707
2015-12-03,82.8499984741211,46.69883346557617
2015-12-04,82.66000366210938,46.59174728393555
2015-12-07,82.08000183105469,46.26483917236328
2015-12-08,81.05999755859375,45.68989181518555
2015-12-09,81.4800033569336,45.926631927490234
2015-12-10,81.13999938964844,45.735008239746094
2015-12-11,79.5199966430664,44.821868896484375
2015-12-14,78.83000183105469,44.432952880859375
2015-12-15,80.12000274658203,45.160099029541016
2015-12-16,80.7300033569336,45.50389099121094
2015-12-17,79.83000183105469,44.99661636352539
2015-12-18,79.52999877929688,44.8275146484375
2015-12-21,79.27999877929688,44.68661117553711
2015-12-22,80.23999786376953,45.22768783569336
2015-12-23,80.75,45.515159606933594
2015-12-24,80.48999786376953,45.60809326171875
2015-12-28,80.01000213623047,45.33610153198242
2015-12-29,80.47000122070312,45.596771240234375
2015-12-30,80.52999877929688,45.630760192871094
2015-12-31,80.58000183105469,45.65910339355469
2016-01-04,80.0999984741211,45.38710021972656
2016-01-05,80.25,45.47212219238281
2016-01-06,80.25,45.47212219238281
2016-01-07,79.7300033569336,45.17745590209961
2016-01-08,79.5199966430664,45.0584716796875
2016-01-11,79.4000015258789,44.99044418334961
2016-01-12,79.4800033569336,45.035831451416016
2016-01-13,78.5999984741211,44.53717803955078
2016-01-14,78.94999694824219,44.73548889160156
2016-01-15,77.91000366210938,44.146217346191406
2016-01-19,77.63999938964844,43.99317932128906
2016-01-20,77.12000274658203,43.698551177978516
2016-01-21,77.63999938964844,43.99317932128906
2016-01-22,78.83000183105469,44.667476654052734
2016-01-25,78.05000305175781,44.22550582885742
2016-01-26,78.75,44.622169494628906
2016-01-27,78.62999725341797,44.554168701171875
2016-01-28,79.02999877929688,44.780784606933594
2016-01-29,79.29000091552734,44.92814636230469
2016-02-01,78.43000030517578,44.66108703613281
2016-02-02,77.87000274658203,44.342193603515625
2016-02-03,78.25,44.55855941772461
2016-02-04,78.0,44.41620635986328
2016-02-05,77.4000015258789,44.07455825805664
2016-02-08,76.5,43.56205368041992
2016-02-09,76.20999908447266,43.39691925048828
2016-02-10,76.0999984741211,43.334259033203125
2016-02-11,75.58999633789062,43.04383850097656
2016-02-12,76.72000122070312,43.68733596801758
2016-02-16,76.79000091552734,43.727195739746094
2016-02-17,77.41999816894531,44.0859375
2016-02-18,77.48999786376953,44.12578201293945
2016-02-19,77.63999938964844,44.211204528808594
2016-02-22,78.30999755859375,44.592716217041016
2016-02-23,78.1500015258789,44.50163650512695
2016-02-24,78.27999877929688,44.575660705566406
2016-02-25,78.69999694824219,44.814788818359375
2016-02-26,79.2300033569336,45.11662673950195
2016-02-29,80.08000183105469,45.60066604614258
2016-03-01,80.91999816894531,46.32133865356445
2016-03-02,80.37000274658203,46.00652313232422
2016-03-03,80.63999938964844,46.16106033325195
2016-03-04,80.87000274658203,46.292720794677734
2016-03-07,80.97000122070312,46.34998321533203
2016-03-08,80.4000015258789,46.0236701965332
2016-03-09,80.5999984741211,46.13816833496094
2016-03-10,81.16000366210938,46.45869827270508
2016-03-11,82.13999938964844,47.01970291137695
2016-03-14,81.91000366210938,46.8880615234375
2016-03-15,81.1500015258789,46.45299530029297
2016-03-16,81.69000244140625,46.76211929321289
2016-03-17,82.20999908447266,47.059776306152344
2016-03-18,82.4000015258789,47.16856002807617
2016-03-21,82.30999755859375,47.11701965332031
2016-03-22,82.08999633789062,46.9910774230957
2016-03-23,81.70999908447266,46.77354049682617
2016-03-24,81.3499984741211,46.56745910644531
2016-03-28,80.9800033569336,46.35568618774414
2016-03-29,81.29000091552734,46.53314971923828
2016-03-30,81.58000183105469,46.699127197265625
2016-03-31,81.69000244140625,46.76211929321289
2016-04-01,81.37000274658203,46.796058654785156
2016-04-04,81.16999816894531,46.68102264404297
2016-04-05,80.87000274658203,46.508506774902344
2016-04-06,81.55000305175781,46.89956283569336
2016-04-07,81.1500015258789,46.6695556640625
2016-04-08,81.5199966430664,46.88230514526367
2016-04-11,81.62999725341797,46.94558334350586
2016-04-12,82.11000061035156,47.22162628173828
2016-04-13,82.6500015258789,47.53218078613281
2016-04-14,82.62000274658203,47.514930725097656
2016-04-15,82.48999786376953,47.4401741027832
2016-04-18,82.95999908447266,47.71045684814453
2016-04-19,83.30999755859375,47.91173553466797
2016-04-20,83.47000122070312,48.003787994384766
2016-04-21,83.20999908447266,47.85425567626953
2016-04-22,83.4000015258789,47.963497161865234
2016-04-25,83.08000183105469,47.77947235107422
2016-04-26,83.36000061035156,47.94050979614258
2016-04-27,83.8499984741211,48.22229766845703
2016-04-28,83.70999908447266,48.14176940917969
2016-04-29,83.8499984741211,48.22229766845703
2016-05-02,83.5,48.24077224731445
2016-05-03,82.95999908447266,47.928802490234375
2016-05-04,82.6500015258789,47.74971389770508
2016-05-05,82.58000183105469,47.709266662597656
2016-05-06,82.52999877929688,47.68038558959961
2016-05-09,82.37999725341797,47.59373092651367
2016-05-10,83.08000183105469,47.99812698364258
2016-05-11,83.0199966430664,47.963478088378906
2016-05-12,83.1500015258789,48.0385856628418
2016-05-13,82.77999877929688,47.82482147216797
2016-05-16,83.23999786376953,48.09059143066406
2016-05-17,83.06999969482422,47.992366790771484
2016-05-18,83.08000183105469,47.99812698364258
2016-05-19,82.8499984741211,47.865234375
2016-05-20,83.13999938964844,48.03279495239258
2016-05-23,83.16000366210938,48.04436111450195
2016-05-24,83.66000366210938,48.333255767822266
2016-05-25,83.79000091552734,48.40834045410156
2016-05-26,83.55000305175781,48.26967239379883
2016-05-27,83.69000244140625,48.350563049316406
2016-05-31,83.61000061035156,48.3043327331543
2016-06-01,83.33999633789062,48.38096237182617
2016-06-02,83.36000061035156,48.392581939697266
2016-06-03,83.51000213623047,48.479671478271484
2016-06-06,83.87999725341797,48.69444274902344
2016-06-07,84.25,48.90925979614258
2016-06-08,84.56999969482422,49.09499740600586
2016-06-09,84.23999786376953,48.9034309387207
2016-06-10,83.83000183105469,48.66542053222656
2016-06-13,83.2699966430664,48.340335845947266
2016-06-14,82.98999786376953,48.17778015136719
2016-06-15,83.02999877929688,48.20098114013672
2016-06-16,83.08000183105469,48.230037689208984
2016-06-17,83.12999725341797,48.259056091308594
2016-06-20,83.62000274658203,48.54350662231445
2016-06-21,83.94000244140625,48.72928237915039
2016-06-22,84.0199966430664,48.77574157714844
2016-06-23,84.63999938964844,49.13566970825195
2016-06-24,83.25,48.32875442504883
2016-06-27,82.05000305175781,47.63210678100586
2016-06-28,83.08000183105469,48.230037689208984
2016-06-29,84.12999725341797,48.83957290649414
2016-06-30,84.69999694824219,49.17049026489258
2016-07-01,84.47000122070312,49.267887115478516
2016-07-05,83.98999786376953,48.987918853759766
2016-07-06,84.36000061035156,49.20376205444336
2016-07-07,84.47000122070312,49.267887115478516
2016-07-08,85.58999633789062,49.92113494873047
2016-07-11,85.63999938964844,49.950313568115234
2016-07-12,85.87999725341797,50.09025192260742
2016-07-13,85.62999725341797,49.94445037841797
2016-07-14,85.80000305175781,50.04362487792969
2016-07-15,85.62999725341797,49.94445037841797
2016-07-18,85.91999816894531,50.11360549926758
2016-07-19,85.69000244140625,49.97946548461914
2016-07-20,85.91000366210938,50.107757568359375
2016-07-21,85.79000091552734,50.03778839111328
2016-07-22,86.16999816894531,50.259429931640625
2016-07-25,85.76000213623047,50.020286560058594
2016-07-26,85.43000030517578,49.827823638916016
2016-07-27,85.69000244140625,49.97946548461914
2016-07-28,85.33000183105469,49.76949691772461
2016-07-29,85.41000366210938,49.816131591796875
2016-08-01,84.55000305175781,49.536651611328125
2016-08-02,84.43000030517578,49.46637725830078
2016-08-03,84.80999755859375,49.6889762878418
2016-08-04,85.3499984741211,50.00537109375
2016-08-05,85.54000091552734,50.116695404052734
2016-08-08,85.88999938964844,50.321781158447266
2016-08-09,86.19000244140625,50.49753952026367
2016-08-10,86.02999877929688,50.40376281738281
2016-08-11,86.23999786376953,50.526817321777344
2016-08-12,86.30999755859375,50.56782531738281
2016-08-15,86.56999969482422,50.720176696777344
2016-08-16,86.38999938964844,50.614723205566406
2016-08-17,86.51000213623047,50.68500518798828
2016-08-18,86.8499984741211,50.88420867919922
2016-08-19,86.58999633789062,50.731910705566406
2016-08-22,86.44999694824219,50.64984893798828
2016-08-23,86.73999786376953,50.819786071777344
2016-08-24,86.5,50.67913818359375
2016-08-25,86.66000366210938,50.77289962768555
2016-08-26,86.55999755859375,50.71430587768555
2016-08-29,86.98999786376953,50.96623611450195
2016-08-30,87.04000091552734,50.995540618896484
2016-08-31,86.69999694824219,50.796321868896484
2016-09-01,86.5,50.89693069458008
2016-09-02,86.9000015258789,51.13230895996094
2016-09-06,87.0,51.19114685058594
2016-09-07,86.76000213623047,51.04995346069336
2016-09-08,86.5999984741211,50.955833435058594
2016-09-09,85.7699966430664,50.46742630004883
2016-09-12,86.06999969482422,50.6439323425293
2016-09-13,85.41000366210938,50.25556945800781
2016-09-14,85.38999938964844,50.243812561035156
2016-09-15,85.88999938964844,50.53804016113281
2016-09-16,85.91000366210938,50.54977798461914
2016-09-19,85.95999908447266,50.57920455932617
2016-09-20,85.86000061035156,50.52035903930664
2016-09-21,86.56999969482422,50.938140869140625
2016-09-22,86.86000061035156,51.1087646484375
2016-09-23,86.76000213623047,51.04995346069336
2016-09-26,86.37999725341797,50.82634353637695
2016-09-27,86.62999725341797,50.97343826293945
2016-09-28,87.20999908447266,51.31471633911133
2016-09-29,86.87999725341797,51.12052917480469
2016-09-30,87.26000213623047,51.34415054321289
2016-10-03,86.81999969482422,51.312217712402344
2016-10-04,86.66999816894531,51.223575592041016
2016-10-05,86.9000015258789,51.3595085144043
2016-10-06,86.94999694824219,51.389041900634766
2016-10-07,87.1500015258789,51.507259368896484
2016-10-10,87.4000015258789,51.65502166748047
2016-10-11,86.91000366210938,51.365421295166016
2016-10-12,86.87999725341797,51.34766387939453
2016-10-13,86.66000366210938,51.21767044067383
2016-10-14,86.86000061035156,51.33584213256836
2016-10-17,86.73999786376953,51.26496505737305
2016-10-18,87.08999633789062,51.4717903137207
2016-10-19,87.33999633789062,51.61957550048828
2016-10-20,87.3499984741211,51.62546157836914
2016-10-21,87.37000274658203,51.63729476928711
2016-10-24,87.41999816894531,51.66680908203125
2016-10-25,87.37000274658203,51.63729476928711
2016-10-26,87.0199966430664,51.4304084777832
2016-10-27,86.69999694824219,51.241268157958984
2016-10-28,86.27999877929688,50.9930534362793
2016-10-31,86.0199966430664,50.83943176269531
2016-11-01,85.30000305175781,50.6411247253418
2016-11-02,84.91999816894531,50.415504455566406
2016-11-03,84.94000244140625,50.42741012573242
2016-11-04,84.9800033569336,50.45114517211914
2016-11-07,86.16999816894531,51.15760803222656
2016-11-08,85.9800033569336,51.04482650756836
2016-11-09,85.37999725341797,50.6886100769043
2016-11-10,84.26000213623047,50.02370834350586
2016-11-11,83.47000122070312,49.55467987060547
2016-11-14,84.08999633789062,49.922767639160156
2016-11-15,85.19999694824219,50.58175277709961
2016-11-16,84.86000061035156,50.37991714477539
2016-11-17,84.62999725341797,50.24335479736328
2016-11-18,84.62999725341797,50.24335479736328
2016-11-21,85.30999755859375,50.64704132080078
2016-11-22,85.94000244140625,51.02106857299805
2016-11-23,85.62000274658203,50.831085205078125
2016-11-25,85.7300033569336,50.896392822265625
2016-11-28,85.72000122070312,50.89048767089844
2016-11-29,85.61000061035156,50.82517623901367
2016-11-30,85.6500015258789,50.848907470703125
2016-12-01,84.87000274658203,50.6109733581543
2016-12-02,85.37999725341797,50.91511154174805
2016-12-05,85.5999984741211,51.046287536621094
2016-12-06,86.02999877929688,51.30271530151367
2016-12-07,86.45999908447266,51.55916976928711
2016-12-08,86.44999694824219,51.55317687988281
2016-12-09,86.48999786376953,51.57705307006836
2016-12-12,86.37000274658203,51.50547790527344
2016-12-13,86.58000183105469,51.630714416503906
2016-12-14,85.93000030517578,51.243072509765625
2016-12-15,85.97000122070312,51.26692581176758
2016-12-16,86.05000305175781,51.31463623046875
2016-12-19,86.2699966430664,51.445831298828125
2016-12-20,86.38999938964844,51.517398834228516
2016-12-21,86.54000091552734,51.606849670410156
2016-12-22,86.44000244140625,51.71815872192383
2016-12-23,86.5999984741211,51.813865661621094
2016-12-27,86.5199966430664,51.7660026550293
2016-12-28,86.4000015258789,51.694210052490234
2016-12-29,86.5199966430664,51.7660026550293
2016-12-30,86.55000305175781,51.783958435058594
2017-01-03,86.91000366210938,51.99935531616211
2017-01-04,87.37999725341797,52.28054428100586
2017-01-05,87.25,52.20277404785156
2017-01-06,87.2300033569336,52.19080352783203
2017-01-09,87.20999908447266,52.178836822509766
2017-01-10,87.22000122070312,52.1848258972168
2017-01-11,87.2699966430664,52.21473693847656
2017-01-12,87.29000091552734,52.22669219970703
2017-01-13,87.31999969482422,52.24468231201172
2017-01-17,87.2300033569336,52.19080352783203
2017-01-18,87.30999755859375,52.238670349121094
2017-01-19,87.02999877929688,52.071128845214844
2017-01-20,87.19999694824219,52.172821044921875
2017-01-23,87.19999694824219,52.172821044921875
2017-01-24,87.26000213623047,52.208736419677734
2017-01-25,87.56999969482422,52.39421081542969
2017-01-26,87.52999877929688,52.37028503417969
2017-01-27,87.61000061035156,52.41816711425781
2017-01-30,87.43000030517578,52.31047439575195
2017-01-31,87.33999633789062,52.25662612915039
2017-02-01,87.27999877929688,52.450138092041016
2017-02-02,87.33000183105469,52.48017883300781
2017-02-03,87.4800033569336,52.57029724121094
2017-02-06,87.41999816894531,52.53424835205078
2017-02-07,87.29000091552734,52.45612335205078
2017-02-08,87.3499984741211,52.4921875
2017-02-09,87.47000122070312,52.56432342529297
2017-02-10,87.52999877929688,52.600345611572266
2017-02-13,87.66000366210938,52.678497314453125
2017-02-14,87.72000122070312,52.71452331542969
2017-02-15,87.75,52.7325439453125
2017-02-16,87.68000030517578,52.69049835205078
2017-02-17,87.7699966430664,52.74458694458008
2017-02-21,88.05999755859375,52.918861389160156
2017-02-22,88.0999984741211,52.942893981933594
2017-02-23,88.18000030517578,52.99095916748047
2017-02-24,88.25,53.03302764892578
2017-02-27,88.36000061035156,53.09914779663086
2017-02-28,88.29000091552734,53.057071685791016
2017-03-01,88.2300033569336,53.25265121459961
2017-03-02,87.94999694824219,53.0836296081543
2017-03-03,87.98999786376953,53.10776901245117
2017-03-06,87.70999908447266,52.93876266479492
2017-03-07,87.13999938964844,52.59475326538086
2017-03-08,86.55999755859375,52.24465560913086
2017-03-09,86.33000183105469,52.10587692260742
2017-03-10,86.30000305175781,52.0877571105957
2017-03-13,86.37000274658203,52.130008697509766
2017-03-14,86.11000061035156,51.97306442260742
2017-03-15,87.30000305175781,52.691314697265625
2017-03-16,87.05000305175781,52.54043197631836
2017-03-17,87.08000183105469,52.55854034423828
2017-03-20,86.91000366210938,52.4559211730957
2017-03-21,86.29000091552734,52.08174133300781
2017-03-22,86.5,52.20844650268555
2017-03-23,86.52999877929688,52.226539611816406
2017-03-24,86.83000183105469,52.40761184692383
2017-03-27,86.73999786376953,52.35333251953125
2017-03-28,87.22000122070312,52.64301300048828
2017-03-29,87.4000015258789,52.751678466796875
2017-03-30,87.80999755859375,52.9991340637207
2017-03-31,87.77999877929688,52.98100662231445
2017-04-03,87.36000061035156,52.952518463134766
2017-04-04,87.38999938964844,52.9707145690918
2017-04-05,87.31999969482422,52.92826843261719
2017-04-06,87.43000030517578,52.994956970214844
2017-04-07,87.38999938964844,52.9707145690918
2017-04-10,87.51000213623047,53.04346466064453
2017-04-11,87.33999633789062,52.9404182434082
2017-04-12,87.4000015258789,52.976776123046875
2017-04-13,87.22000122070312,52.8676872253418
2017-04-17,87.4800033569336,53.025291442871094
2017-04-18,87.45999908447266,53.01315689086914
2017-04-19,87.37999725341797,52.96464157104492
2017-04-20,87.66999816894531,53.14046096801758
2017-04-21,87.5999984741211,53.09800720214844
2017-04-24,88.01000213623047,53.34652328491211
2017-04-25,88.16999816894531,53.44352722167969
2017-04-26,88.08999633789062,53.39500427246094
2017-04-27,88.1500015258789,53.43138122558594
2017-04-28,88.12000274658203,53.413204193115234
2017-05-01,87.79000091552734,53.440616607666016
2017-05-02,87.81999969482422,53.4588623046875
2017-05-03,87.9000015258789,53.507545471191406
2017-05-04,87.43000030517578,53.22148513793945
2017-05-05,87.58000183105469,53.31277847290039
2017-05-08,87.68000030517578,53.373634338378906
2017-05-09,87.62000274658203,53.33713912963867
2017-05-10,88.0,53.56843566894531
2017-05-11,88.01000213623047,53.57452392578125
2017-05-12,87.9800033569336,53.556251525878906
2017-05-15,88.18000030517578,53.67803192138672
2017-05-16,88.30999755859375,53.757144927978516
2017-05-17,87.91999816894531,53.51969528198242
2017-05-18,88.0199966430664,53.58061218261719
2017-05-19,88.18000030517578,53.67803192138672
2017-05-22,88.44999694824219,53.842376708984375
2017-05-23,88.44000244140625,53.83629608154297
2017-05-24,88.58999633789062,53.927581787109375
2017-05-25,88.5199966430664,53.88496017456055
2017-05-26,88.56999969482422,53.91542053222656
2017-05-30,88.66000366210938,53.97019577026367
2017-05-31,88.6500015258789,53.964088439941406
2017-06-01,88.52999877929688,54.1212043762207
2017-06-02,88.58000183105469,54.15176010131836
2017-06-05,88.5,54.102882385253906
2017-06-06,88.36000061035156,54.01729965209961
2017-06-07,88.18000030517578,53.9072380065918
2017-06-08,88.25,53.950050354003906
2017-06-09,88.31999969482422,53.99282455444336
2017-06-12,88.47000122070312,54.08454513549805
2017-06-13,88.62999725341797,54.182350158691406
2017-06-14,88.63999938964844,54.188453674316406
2017-06-15,88.30000305175781,53.9805908203125
2017-06-16,88.1500015258789,53.888916015625
2017-06-19,88.41999816894531,54.0539665222168
2017-06-20,88.11000061035156,53.864437103271484
2017-06-21,87.5999984741211,53.55268478393555
2017-06-22,87.83999633789062,53.69940185546875
2017-06-23,88.19999694824219,53.919456481933594
2017-06-26,88.31999969482422,53.99282455444336
2017-06-27,88.04000091552734,53.8216552734375
2017-06-28,88.4000015258789,54.04175567626953
2017-06-29,88.18000030517578,53.9072380065918
2017-06-30,88.38999938964844,54.035648345947266
2017-07-03,87.97000122070312,54.009239196777344
2017-07-05,87.9000015258789,53.966243743896484
2017-07-06,87.68000030517578,53.83119201660156
2017-07-07,87.5999984741211,53.782066345214844
2017-07-10,87.69999694824219,53.843482971191406
2017-07-11,87.63999938964844,53.806610107421875
2017-07-12,88.20999908447266,54.15658187866211
2017-07-13,88.27999877929688,54.199562072753906
2017-07-14,88.52999877929688,54.35303497314453
2017-07-17,88.55999755859375,54.371437072753906
2017-07-18,88.5999984741211,54.396018981933594
2017-07-19,88.75,54.488121032714844
2017-07-20,88.80000305175781,54.518795013427734
2017-07-21,88.7300033569336,54.475830078125
2017-07-24,88.80000305175781,54.518795013427734
2017-07-25,88.83999633789062,54.54335021972656
2017-07-26,88.97000122070312,54.6231575012207
2017-07-27,88.9000015258789,54.580196380615234
2017-07-28,88.91000366210938,54.58633041381836
2017-07-31,88.91000366210938,54.58633041381836
2017-08-01,88.62999725341797,54.64057540893555
2017-08-02,88.6500015258789,54.65293502807617
2017-08-03,88.4800033569336,54.548099517822266
2017-08-04,88.5,54.56045913696289
2017-08-07,88.45999908447266,54.535770416259766
2017-08-08,88.08000183105469,54.301536560058594
2017-08-09,87.73999786376953,54.09188461303711
2017-08-10,87.18000030517578,53.74666213989258
2017-08-11,87.33000183105469,53.83915328979492
2017-08-14,87.79000091552734,54.12273406982422
2017-08-15,87.81999969482422,54.14122772216797
2017-08-16,87.83000183105469,54.14741516113281
2017-08-17,87.33999633789062,53.84529113769531
2017-08-18,87.47000122070312,53.92546463012695
2017-08-21,87.55999755859375,53.98095703125
2017-08-22,87.91999816894531,54.20288848876953
2017-08-23,87.93000030517578,54.20903396606445
2017-08-24,88.05999755859375,54.289161682128906
2017-08-25,88.22000122070312,54.38782501220703
2017-08-28,88.2300033569336,54.39398956298828
2017-08-29,88.12000274658203,54.32618713378906
2017-08-30,88.36000061035156,54.474124908447266
2017-08-31,88.5999984741211,54.62210464477539
2017-09-01,88.31999969482422,54.677818298339844
2017-09-05,88.12000274658203,54.55400085449219
2017-09-06,88.05999755859375,54.51682662963867
2017-09-07,88.06999969482422,54.52302169799805
2017-09-08,87.79000091552734,54.34968948364258
2017-09-11,88.06999969482422,54.52302169799805
2017-09-12,88.18000030517578,54.591156005859375
2017-09-13,88.20999908447266,54.60972213745117
2017-09-14,88.33000183105469,54.68398666381836
2017-09-15,88.41000366210938,54.73354721069336
2017-09-18,88.37000274658203,54.70877456665039
2017-09-19,88.45999908447266,54.764469146728516
2017-09-20,88.44999694824219,54.758296966552734
2017-09-21,88.33999633789062,54.69020080566406
2017-09-22,88.43000030517578,54.74591827392578
2017-09-25,88.4800033569336,54.776851654052734
2017-09-26,88.58999633789062,54.84496307373047
2017-09-27,88.62999725341797,54.86970901489258
2017-09-28,88.62999725341797,54.86970901489258
2017-09-29,88.76000213623047,54.950218200683594
2017-10-02,88.3499984741211,54.9222412109375
2017-10-03,88.51000213623047,55.02170181274414
2017-10-04,88.41999816894531,54.96574020385742
2017-10-05,88.52999877929688,55.03411865234375
2017-10-06,88.4000015258789,54.95332717895508
2017-10-09,88.41000366210938,54.95954895019531
2017-10-10,88.4800033569336,55.0030403137207
2017-10-11,88.38999938964844,54.94710159301758
2017-10-12,88.29000091552734,54.88496017456055
2017-10-13,88.33000183105469,54.909786224365234
2017-10-16,88.37999725341797,54.94088363647461
2017-10-17,88.51000213623047,55.02170181274414
2017-10-18,88.5999984741211,55.07766342163086
2017-10-19,88.61000061035156,55.08385467529297
2017-10-20,88.69000244140625,55.13361358642578
2017-10-23,88.58999633789062,55.07143020629883
2017-10-24,88.58999633789062,55.07143020629883
2017-10-25,88.33999633789062,54.91603088378906
2017-10-26,88.2300033569336,54.84763717651367
2017-10-27,88.47000122070312,54.996849060058594
2017-10-30,88.44999694824219,54.984405517578125
2017-10-31,88.47000122070312,54.996849060058594
2017-11-01,88.0199966430664,54.94441223144531
2017-11-02,87.97000122070312,54.913177490234375
2017-11-03,87.9800033569336,54.919410705566406
2017-11-06,87.98999786376953,54.92566680908203
2017-11-07,87.73999786376953,54.76961135864258
2017-11-08,87.3499984741211,54.526161193847656
2017-11-09,86.91999816894531,54.25774383544922
2017-11-10,87.11000061035156,54.376373291015625
2017-11-13,87.05000305175781,54.33890151977539
2017-11-14,86.68000030517578,54.107933044433594
2017-11-15,86.68000030517578,54.107933044433594
2017-11-16,87.52999877929688,54.63854217529297
2017-11-17,87.47000122070312,54.6010856628418
2017-11-20,87.48999786376953,54.613563537597656
2017-11-21,87.66999816894531,54.7259407043457
2017-11-22,87.80999755859375,54.813289642333984
2017-11-24,87.87000274658203,54.850772857666016
2017-11-27,87.5999984741211,54.68222427368164
2017-11-28,87.87000274658203,54.850772857666016
2017-11-29,87.76000213623047,54.782100677490234
2017-11-30,87.77999877929688,54.79460144042969
2017-12-01,87.37999725341797,54.77698516845703
2017-12-04,87.3499984741211,54.75821304321289
2017-12-05,87.30000305175781,54.72689437866211
2017-12-06,87.22000122070312,54.676734924316406
2017-12-07,87.26000213623047,54.70180892944336
2017-12-08,87.3499984741211,54.75821304321289
2017-12-11,87.37000274658203,54.770774841308594
2017-12-12,87.33000183105469,54.7457160949707
2017-12-13,87.37999725341797,54.77698516845703
2017-12-14,87.19999694824219,54.664188385009766
2017-12-15,87.20999908447266,54.67049026489258
2017-12-18,87.30000305175781,54.72689437866211
2017-12-19,87.12000274658203,54.614044189453125
2017-12-20,87.19000244140625,54.657928466796875
2017-12-21,86.91999816894531,54.715206146240234
2017-12-22,87.0,54.76557159423828
2017-12-26,87.12999725341797,54.84742736816406
2017-12-27,87.16999816894531,54.872581481933594
2017-12-28,87.12999725341797,54.84742736816406
2017-12-29,87.26000213623047,54.92924118041992
2018-01-02,87.33999633789062,54.97958755493164
2018-01-03,87.76000213623047,55.24397277832031
2018-01-04,87.91000366210938,55.338401794433594
2018-01-05,87.97000122070312,55.37619400024414
2018-01-08,87.9000015258789,55.33210372924805
2018-01-09,87.62999725341797,55.16214370727539
2018-01-10,87.44000244140625,55.042518615722656
2018-01-11,87.7300033569336,55.22507095336914
2018-01-12,87.58000183105469,55.13068389892578
2018-01-16,87.52999877929688,55.09920120239258
2018-01-17,87.54000091552734,55.105499267578125
2018-01-18,87.44999694824219,55.04884719848633
2018-01-19,87.54000091552734,55.105499267578125
2018-01-22,87.62000274658203,55.15584945678711
2018-01-23,87.87999725341797,55.319541931152344
2018-01-24,87.75,55.23767852783203
2018-01-25,87.69000244140625,55.199913024902344
2018-01-26,87.76000213623047,55.24397277832031
2018-01-29,87.44999694824219,55.04884719848633
2018-01-30,87.1500015258789,54.859989166259766
2018-01-31,87.30000305175781,54.954437255859375
2018-02-01,86.7699966430664,54.8507194519043
2018-02-02,86.22000122070312,54.50307083129883
2018-02-05,85.73999786376953,54.19965744018555
2018-02-06,86.26000213623047,54.52833557128906
2018-02-07,85.94000244140625,54.32605743408203
2018-02-08,85.19000244140625,53.85200119018555
2018-02-09,84.94999694824219,53.70024871826172
2018-02-12,85.52999877929688,54.06686782836914
2018-02-13,85.26000213623047,53.89619827270508
2018-02-14,85.41000366210938,53.99104309082031
2018-02-15,86.0999984741211,54.42721176147461
2018-02-16,86.44999694824219,54.648460388183594
2018-02-20,86.1500015258789,54.458839416503906
2018-02-21,85.76000213623047,54.21227264404297
2018-02-22,85.81999969482422,54.25020217895508
2018-02-23,86.38999938964844,54.61057662963867
2018-02-26,86.54000091552734,54.70534133911133
2018-02-27,86.30999755859375,54.559959411621094
2018-02-28,86.18000030517578,54.477806091308594
2018-03-01,85.2699966430664,54.11664581298828
2018-03-02,85.75,54.4212760925293
2018-03-05,85.75,54.4212760925293
2018-03-06,85.87000274658203,54.49746322631836
2018-03-07,85.66000366210938,54.36418151855469
2018-03-08,85.76000213623047,54.427635192871094
2018-03-09,86.06999969482422,54.62439727783203
2018-03-12,85.93000030517578,54.5355224609375
2018-03-13,85.66000366210938,54.36418151855469
2018-03-14,85.55999755859375,54.30070877075195
2018-03-15,85.62000274658203,54.338829040527344
2018-03-16,85.80000305175781,54.453041076660156
2018-03-19,85.44999694824219,54.23090362548828
2018-03-20,85.62000274658203,54.338829040527344
2018-03-21,85.6500015258789,54.357852935791016
2018-03-22,85.13999938964844,54.03414535522461
2018-03-23,84.91999816894531,53.89454650878906
2018-03-26,85.47000122070312,54.243587493896484
2018-03-27,85.38999938964844,54.19283676147461
2018-03-28,85.3499984741211,54.16743469238281
2018-03-29,85.63999938964844,54.35148620605469
2018-04-02,84.95999908447266,54.14055252075195
2018-04-03,85.19999694824219,54.29347610473633
2018-04-04,85.38999938964844,54.41457748413086
2018-04-05,85.45999908447266,54.459171295166016
2018-04-06,85.2699966430664,54.338077545166016
2018-04-09,85.58999633789062,54.542049407958984
2018-04-10,85.9000015258789,54.73957443237305
2018-04-11,85.93000030517578,54.7586669921875
2018-04-12,86.23999786376953,54.95622634887695
2018-04-13,86.29000091552734,54.98808288574219
2018-04-16,86.41999816894531,55.070945739746094
2018-04-17,86.45999908447266,55.096412658691406
2018-04-18,86.37000274658203,55.039100646972656
2018-04-19,86.0999984741211,54.867000579833984
2018-04-20,85.88999938964844,54.733211517333984
2018-04-23,85.66000366210938,54.58662414550781
2018-04-24,85.48999786376953,54.47829818725586
2018-04-25,85.5,54.484703063964844
2018-04-26,85.80000305175781,54.67585372924805
2018-04-27,85.76000213623047,54.65034484863281
2018-04-30,85.69999694824219,54.612117767333984
2018-05-01,85.4000015258789,54.652442932128906
2018-05-02,85.37000274658203,54.63323211669922
2018-05-03,85.36000061035156,54.62681198120117
2018-05-04,85.41999816894531,54.66525650024414
2018-05-07,85.5,54.71644973754883
2018-05-08,85.37000274658203,54.63323211669922
2018-05-09,85.51000213623047,54.722843170166016
2018-05-10,85.76000213623047,54.88280487060547
2018-05-11,85.7300033569336,54.8636474609375
2018-05-14,85.75,54.87641143798828
2018-05-15,85.33000183105469,54.6076545715332
2018-05-16,85.44000244140625,54.678043365478516
2018-05-17,85.48999786376953,54.71003723144531
2018-05-18,85.4000015258789,54.652442932128906
2018-05-21,85.5199966430664,54.72922134399414
2018-05-22,85.58000183105469,54.767642974853516
2018-05-23,85.6500015258789,54.81245040893555
2018-05-24,85.69999694824219,54.844398498535156
2018-05-25,85.55999755859375,54.754825592041016
2018-05-29,85.19999694824219,54.52444076538086
2018-05-30,85.45999908447266,54.69084930419922
2018-05-31,85.37999725341797,54.6396369934082
2018-06-01,85.19000244140625,54.76435089111328
2018-06-04,85.37000274658203,54.880062103271484
2018-06-05,85.47000122070312,54.944374084472656
2018-06-06,85.68000030517578,55.079341888427734
2018-06-07,85.70999908447266,55.09859848022461
2018-06-08,85.66000366210938,55.066490173339844
2018-06-11,85.81999969482422,55.16935729980469
2018-06-12,85.88999938964844,55.2143669128418
2018-06-13,85.91999816894531,55.23366928100586
2018-06-14,86.16999816894531,55.39436340332031
2018-06-15,86.12000274658203,55.362220764160156
2018-06-18,86.11000061035156,55.35578155517578
2018-06-19,85.98999786376953,55.27863311767578
2018-06-20,86.08000183105469,55.33648681640625
2018-06-21,85.9000015258789,55.220767974853516
2018-06-22,85.91000366210938,55.22721481323242
2018-06-25,85.70999908447266,55.09859848022461
2018-06-26,85.69999694824219,55.09218215942383
2018-06-27,85.5199966430664,54.97648620605469
2018-06-28,85.27999877929688,54.82221984863281
2018-06-29,85.08000183105469,54.693660736083984
2018-07-02,84.77999877929688,54.745967864990234
2018-07-03,84.79000091552734,54.752418518066406
2018-07-05,85.11000061035156,54.959049224853516
2018-07-06,85.33000183105469,55.10111999511719
2018-07-09,85.45999908447266,55.18505096435547
2018-07-10,85.47000122070312,55.1915168762207
2018-07-11,85.33999633789062,55.107574462890625
2018-07-12,85.61000061035156,55.28189468383789
2018-07-13,85.61000061035156,55.28189468383789
2018-07-16,85.55000305175781,55.243186950683594
2018-07-17,85.58000183105469,55.262550354003906
2018-07-18,85.62000274658203,55.288360595703125
2018-07-19,85.58000183105469,55.262550354003906
2018-07-20,85.62000274658203,55.288360595703125
2018-07-23,85.58999633789062,55.26900863647461
2018-07-24,85.7699966430664,55.3852424621582
2018-07-25,85.93000030517578,55.48853302001953
2018-07-26,85.94000244140625,55.494998931884766
2018-07-27,85.91000366210938,55.47563934326172
2018-07-30,85.94000244140625,55.494998931884766
2018-07-31,86.12000274658203,55.61125183105469
2018-08-01,85.83000183105469,55.66116714477539
2018-08-02,85.87999725341797,55.693565368652344
2018-08-03,85.94999694824219,55.73897933959961
2018-08-06,86.11000061035156,55.842742919921875
2018-08-07,86.1500015258789,55.868717193603516
2018-08-08,86.0999984741211,55.836265563964844
2018-08-09,86.04000091552734,55.79734802246094
2018-08-10,85.88999938964844,55.700103759765625
2018-08-13,85.83000183105469,55.66116714477539
2018-08-14,85.9800033569336,55.758460998535156
2018-08-15,85.83000183105469,55.66116714477539
2018-08-16,85.94000244140625,55.73249816894531
2018-08-17,86.04000091552734,55.79734802246094
2018-08-20,86.08000183105469,55.823299407958984
2018-08-21,86.20999908447266,55.90760040283203
2018-08-22,86.23999786376953,55.92703628540039
2018-08-23,86.2300033569336,55.92058563232422
2018-08-24,86.37999725341797,56.01784133911133
2018-08-27,86.41000366210938,56.03731155395508
2018-08-28,86.37000274658203,56.011348724365234
2018-08-29,86.31999969482422,55.97893524169922
2018-08-30,86.25,55.93351364135742
2018-08-31,86.36000061035156,56.004878997802734
2018-09-04,85.80999755859375,55.88831329345703
2018-09-05,85.72000122070312,55.82966232299805
2018-09-06,85.79000091552734,55.87526321411133
2018-09-07,85.69999694824219,55.81663513183594
2018-09-10,85.87000274658203,55.9273567199707
2018-09-11,85.88999938964844,55.9404182434082
2018-09-12,86.08999633789062,56.07064437866211
2018-09-13,86.25,56.17484664916992
2018-09-14,86.33000183105469,56.22698974609375
2018-09-17,86.2699966430664,56.187889099121094
2018-09-18,86.26000213623047,56.18137741088867
2018-09-19,86.0999984741211,56.077171325683594
2018-09-20,86.22000122070312,56.15534210205078
2018-09-21,86.23999786376953,56.16835021972656
2018-09-24,86.19999694824219,56.142311096191406
2018-09-25,86.12999725341797,56.09670639038086
2018-09-26,86.22000122070312,56.15534210205078
2018-09-27,86.37999725341797,56.25954055786133
2018-09-28,86.44000244140625,56.29863739013672
2018-10-01,86.30000305175781,56.46151351928711
2018-10-02,86.2300033569336,56.41574478149414
2018-10-03,86.0,56.2652473449707
2018-10-04,85.68000030517578,56.055870056152344
2018-10-05,85.30000305175781,55.80728530883789
2018-10-08,85.11000061035156,55.68294906616211
2018-10-09,85.23999786376953,55.76799392700195
2018-10-10,84.62999725341797,55.36893844604492
2018-10-11,84.69999694824219,55.41471862792969
2018-10-12,85.1500015258789,55.709129333496094
2018-10-15,85.08999633789062,55.669857025146484
2018-10-16,85.37999725341797,55.85959243774414
2018-10-17,85.20999908447266,55.748390197753906
2018-10-18,84.8499984741211,55.512847900390625
2018-10-19,84.9000015258789,55.545570373535156
2018-10-22,84.94000244140625,55.5717658996582
2018-10-23,84.86000061035156,55.51936340332031
2018-10-24,84.44000244140625,55.24460983276367
2018-10-25,84.61000061035156,55.35588073730469
2018-10-26,84.2300033569336,55.10723876953125
2018-10-29,84.1500015258789,55.05488967895508
2018-10-30,84.3499984741211,55.185726165771484
2018-10-31,84.3499984741211,55.185726165771484
2018-11-01,84.31999969482422,55.43886184692383
2018-11-02,84.2699966430664,55.406005859375
2018-11-05,84.33999633789062,55.452030181884766
2018-11-06,84.55999755859375,55.59667205810547
2018-11-07,85.05000305175781,55.91883850097656
2018-11-08,84.83999633789062,55.78078079223633
2018-11-09,84.36000061035156,55.46515655517578
2018-11-12,83.83999633789062,55.12327575683594
2018-11-13,83.69999694824219,55.0312385559082
2018-11-14,83.54000091552734,54.926055908203125
2018-11-15,83.5199966430664,54.91288757324219
2018-11-16,83.2699966430664,54.74852752685547
2018-11-19,83.01000213623047,54.577571868896484
2018-11-20,82.75,54.4066162109375
2018-11-21,83.16999816894531,54.682769775390625
2018-11-23,82.70999908447266,54.38031768798828
2018-11-26,83.0999984741211,54.63675308227539
2018-11-27,83.05999755859375,54.610443115234375
2018-11-28,83.75,55.06412887573242
2018-11-29,83.7699966430664,55.07725143432617
2018-11-30,83.5999984741211,54.96548843383789
2018-12-03,83.80000305175781,55.34590148925781
2018-12-04,83.27999877929688,55.00246810913086
2018-12-06,82.98999786376953,54.81095504760742
2018-12-07,82.83000183105469,54.70524215698242
2018-12-10,82.88999938964844,54.74488067626953
2018-12-11,83.04000091552734,54.843997955322266
2018-12-12,83.30999755859375,55.02227783203125
2018-12-13,83.51000213623047,55.15438461303711
2018-12-14,83.16000366210938,54.92318344116211
2018-12-17,82.62000274658203,54.56657791137695
2018-12-18,82.08000183105469,54.467681884765625
2018-12-19,81.33999633789062,53.97660827636719
2018-12-20,80.62999725341797,53.50547409057617
2018-12-21,80.2300033569336,53.240028381347656
2018-12-24,79.62999725341797,52.84190368652344
2018-12-26,80.97000122070312,53.73109436035156
2018-12-27,80.91999816894531,53.69793701171875
2018-12-28,81.04000091552734,53.777557373046875
2018-12-31,81.0999984741211,53.817386627197266
2019-01-02,80.98999786376953,53.74435043334961
2019-01-03,81.02999877929688,53.770896911621094
2019-01-04,82.38999938964844,54.67341995239258
2019-01-07,83.19000244140625,55.20428466796875
2019-01-08,83.7300033569336,55.562599182128906
2019-01-09,83.83000183105469,55.628990173339844
2019-01-10,84.16000366210938,55.84792709350586
2019-01-11,83.88999938964844,55.66877746582031
2019-01-14,83.62000274658203,55.489620208740234
2019-01-15,83.9000015258789,55.67543411254883
2019-01-16,84.02999877929688,55.761688232421875
2019-01-17,84.26000213623047,55.91432571411133
2019-01-18,84.5,56.07359313964844
2019-01-22,83.94000244140625,55.701969146728516
2019-01-23,84.11000061035156,55.8148078918457
2019-01-24,84.19999694824219,55.874507904052734
2019-01-25,84.41000366210938,56.013877868652344
2019-01-28,84.27999877929688,55.92756652832031
2019-01-29,84.2300033569336,55.89439392089844
2019-01-30,84.9000015258789,56.33903503417969
2019-01-31,85.11000061035156,56.47834014892578
2019-02-01,84.68000030517578,56.45106506347656
2019-02-04,84.87999725341797,56.584388732910156
2019-02-05,85.18000030517578,56.784358978271484
2019-02-06,85.0999984741211,56.73104476928711
2019-02-07,84.80999755859375,56.53771209716797
2019-02-08,84.79000091552734,56.52436065673828
2019-02-11,84.83000183105469,56.551048278808594
2019-02-12,85.23999786376953,56.82435989379883
2019-02-13,85.12000274658203,56.744380950927734
2019-02-14,85.12999725341797,56.75102615356445
2019-02-15,85.4000015258789,56.93104934692383
2019-02-19,85.43000030517578,56.95103454589844
2019-02-20,85.5,56.997703552246094
2019-02-21,85.41999816894531,56.94435501098633
2019-02-22,85.58999633789062,57.05768585205078
2019-02-25,85.66000366210938,57.10435485839844
2019-02-26,85.7699966430664,57.177669525146484
2019-02-27,85.80000305175781,57.19767761230469
2019-02-28,85.75,57.16434860229492
2019-03-01,85.61000061035156,57.32640838623047
2019-03-04,85.4800033569336,57.23933029174805
2019-03-05,85.44000244140625,57.212581634521484
2019-03-06,85.30000305175781,57.118797302246094
2019-03-07,85.23999786376953,57.078636169433594
2019-03-08,85.0999984741211,56.98489761352539
2019-03-11,85.37999725341797,57.17238998413086
2019-03-12,85.52999877929688,57.2728271484375
2019-03-13,85.76000213623047,57.42683792114258
2019-03-14,85.69999694824219,57.38666534423828
2019-03-15,85.77999877929688,57.440223693847656
2019-03-18,85.75,57.420135498046875
2019-03-19,85.80000305175781,57.4536247253418
2019-03-20,86.16999816894531,57.70137405395508
2019-03-21,86.1500015258789,57.6879997253418
2019-03-22,85.83999633789062,57.48039627075195
2019-03-25,85.80999755859375,57.46031951904297
2019-03-26,86.0199966430664,57.600975036621094
2019-03-27,86.08000183105469,57.64112091064453
2019-03-28,86.25,57.754940032958984
2019-03-29,86.47000122070312,57.90230178833008
2019-04-01,86.06999969482422,57.88815689086914
2019-04-02,86.11000061035156,57.91507339477539
2019-04-03,86.13999938964844,57.93524932861328
2019-04-04,86.2699966430664,58.022674560546875
2019-04-05,86.43000030517578,58.130271911621094
2019-04-08,86.37999725341797,58.09666061401367
2019-04-09,86.31999969482422,58.05629348754883
2019-04-10,86.69999694824219,58.311859130859375
2019-04-11,86.83000183105469,58.399288177490234
2019-04-12,86.95999908447266,58.48677062988281
2019-04-15,86.9000015258789,58.44636535644531
2019-04-16,86.8499984741211,58.412750244140625
2019-04-17,86.63999938964844,58.27150344848633
2019-04-18,86.68000030517578,58.29841613769531
2019-04-22,86.52999877929688,58.19752502441406
2019-04-23,86.83000183105469,58.399288177490234
2019-04-24,86.70999908447266,58.31855392456055
2019-04-25,86.75,58.345516204833984
2019-04-26,86.97000122070312,58.493446350097656
2019-04-29,86.93000030517578,58.466609954833984
2019-04-30,86.94000244140625,58.473297119140625
2019-05-01,86.29000091552734,58.2814826965332
2019-05-02,86.3499984741211,58.321990966796875
2019-05-03,86.56999969482422,58.47057342529297
2019-05-06,86.61000061035156,58.497596740722656
2019-05-07,86.08999633789062,58.14638900756836
2019-05-08,86.12000274658203,58.166656494140625
2019-05-09,85.98999786376953,58.0788459777832
2019-05-10,86.2300033569336,58.24095153808594
2019-05-13,85.44000244140625,57.707393646240234
2019-05-14,85.62999725341797,57.83568572998047
2019-05-15,85.70999908447266,57.889713287353516
2019-05-16,85.97000122070312,58.065338134765625
2019-05-17,85.94000244140625,58.04508590698242
2019-05-20,85.86000061035156,57.991031646728516
2019-05-21,86.12999725341797,58.17341232299805
2019-05-22,86.19999694824219,58.220664978027344
2019-05-23,85.7699966430664,57.93023681640625
2019-05-24,85.6500015258789,57.84923553466797
2019-05-28,85.56999969482422,57.79518127441406
2019-05-29,85.33999633789062,57.63982009887695
2019-05-30,85.5199966430664,57.761390686035156
2019-05-31,84.9000015258789,57.34266662597656
2019-06-03,84.6500015258789,57.4349250793457
2019-06-04,85.5,58.01166534423828
2019-06-05,85.69999694824219,58.14732360839844
2019-06-06,85.87999725341797,58.26947784423828
2019-06-07,86.0999984741211,58.418724060058594
2019-06-10,86.2300033569336,58.506935119628906
2019-06-11,86.3499984741211,58.58838653564453
2019-06-12,86.1500015258789,58.45268630981445
2019-06-13,86.3499984741211,58.58838653564453
2019-06-14,86.29000091552734,58.547664642333984
2019-06-17,86.16000366210938,58.45945739746094
2019-06-18,86.76000213623047,58.86656188964844
2019-06-19,87.16999816894531,59.14469909667969
2019-06-20,87.61000061035156,59.443260192871094
2019-06-21,87.33000183105469,59.253299713134766
2019-06-24,87.31999969482422,59.24651336669922
2019-06-25,86.94999694824219,58.99547576904297
2019-06-26,86.91000366210938,58.968326568603516
2019-06-27,87.1500015258789,59.131187438964844
2019-06-28,87.18000030517578,59.151512145996094
2019-07-01,86.81999969482422,59.16926193237305
2019-07-02,87.01000213623047,59.29875564575195
2019-07-03,87.33999633789062,59.52363204956055
2019-07-05,86.98999786376953,59.285118103027344
2019-07-08,86.81999969482422,59.16926193237305
2019-07-09,86.72000122070312,59.10110855102539
2019-07-10,86.95999908447266,59.26466369628906
2019-07-11,86.79000091552734,59.148780822753906
2019-07-12,86.93000030517578,59.2442512512207
2019-07-15,86.98999786376953,59.285118103027344
2019-07-16,86.80999755859375,59.162437438964844
2019-07-17,86.69999694824219,59.087459564208984
2019-07-18,86.73999786376953,59.11473083496094
2019-07-19,86.58999633789062,59.01252365112305
2019-07-22,86.87999725341797,59.21012878417969
2019-07-23,87.02999877929688,59.31235885620117
2019-07-24,87.0999984741211,59.360084533691406
2019-07-25,86.9800033569336,59.278263092041016
2019-07-26,87.16999816894531,59.40773010253906
2019-07-29,87.04000091552734,59.31917190551758
2019-07-30,87.08000183105469,59.346431732177734
2019-07-31,86.93000030517578,59.2442512512207
2019-08-01,86.5199966430664,59.214778900146484
2019-08-02,86.38999938964844,59.12579345703125
2019-08-05,85.48999786376953,58.50981903076172
2019-08-06,86.04000091552734,58.88627624511719
2019-08-07,86.02999877929688,58.8794059753418
2019-08-08,86.37000274658203,59.11212158203125
2019-08-09,86.25,59.02998733520508
2019-08-12,85.94999694824219,58.824649810791016
2019-08-13,86.33000183105469,59.08473205566406
2019-08-14,85.55999755859375,58.55772018432617
2019-08-15,85.80999755859375,58.728858947753906
2019-08-16,86.0999984741211,58.927310943603516
2019-08-19,86.3499984741211,59.098445892333984
2019-08-20,86.41999816894531,59.146358489990234
2019-08-21,86.79000091552734,59.39955520629883
2019-08-22,86.94999694824219,59.509090423583984
2019-08-23,86.55000305175781,59.235328674316406
2019-08-26,86.9800033569336,59.52958679199219
2019-08-27,86.94000244140625,59.502235412597656
2019-08-28,87.1500015258789,59.64598083496094
2019-08-29,87.23999786376953,59.707557678222656
2019-08-30,87.16000366210938,59.652793884277344
2019-09-03,86.54000091552734,59.481658935546875
2019-09-04,86.72000122070312,59.605369567871094
2019-09-05,87.05999755859375,59.83905029296875
2019-09-06,87.13999938964844,59.89406967163086
2019-09-09,87.2300033569336,59.95590591430664
2019-09-10,87.27999877929688,59.99031448364258
2019-09-11,87.2699966430664,59.98341369628906
2019-09-12,87.31999969482422,60.01778793334961
2019-09-13,87.16000366210938,59.90781784057617
2019-09-16,87.47000122070312,60.12087631225586
2019-09-17,87.5199966430664,60.155235290527344
2019-09-18,87.47000122070312,60.12087631225586
2019-09-19,87.37000274658203,60.05211639404297
2019-09-20,87.4800033569336,60.12773895263672
2019-09-23,87.44000244140625,60.1002311706543
2019-09-24,87.31999969482422,60.01778793334961
2019-09-25,87.2300033569336,59.95590591430664
2019-09-26,87.16999816894531,59.91469955444336
2019-09-27,87.06999969482422,59.84593200683594
2019-09-30,87.16999816894531,59.91469955444336
2019-10-01,86.62000274658203,59.77668762207031
2019-10-02,86.11000061035156,59.424678802490234
2019-10-03,86.16000366210938,59.459224700927734
2019-10-04,86.43000030517578,59.64552688598633
2019-10-07,86.36000061035156,59.59723663330078
2019-10-08,86.04000091552734,59.376399993896484
2019-10-09,86.30000305175781,59.555824279785156
2019-10-10,86.41000366210938,59.63174819946289
2019-10-11,86.7699966430664,59.88015365600586
2019-10-14,86.83000183105469,59.92158126831055
2019-10-15,87.0199966430664,60.05268859863281
2019-10-16,86.94999694824219,60.004390716552734
2019-10-17,87.06999969482422,60.087196350097656
2019-10-18,87.08999633789062,60.10097885131836
2019-10-21,87.12000274658203,60.12169647216797
2019-10-22,87.13999938964844,60.13553237915039
2019-10-23,87.22000122070312,60.19072341918945
2019-10-24,87.31999969482422,60.259727478027344
2019-10-25,87.38999938964844,60.308040618896484
2019-10-28,87.37999725341797,60.301124572753906
2019-10-29,87.22000122070312,60.19072341918945
2019-10-30,87.11000061035156,60.11479949951172
2019-10-31,86.80999755859375,59.90779495239258
2019-11-01,86.81999969482422,60.16486740112305
2019-11-04,87.0,60.289615631103516
2019-11-05,86.91000366210938,60.22720718383789
2019-11-06,86.80999755859375,60.15795135498047
2019-11-07,86.7699966430664,60.130226135253906
2019-11-08,86.8499984741211,60.185665130615234
2019-11-11,86.80000305175781,60.15102767944336
2019-11-12,86.81999969482422,60.16486740112305
2019-11-13,86.7300033569336,60.102508544921875
2019-11-14,86.68000030517578,60.0678825378418
2019-11-15,86.94000244140625,60.248046875
2019-11-18,86.83000183105469,60.17179489135742
2019-11-19,86.5199966430664,59.95696258544922
2019-11-20,86.33999633789062,59.832244873046875
2019-11-21,86.36000061035156,59.84609603881836
2019-11-22,86.69000244140625,60.074798583984375
2019-11-25,86.91999816894531,60.23418426513672
2019-11-26,87.0199966430664,60.303470611572266
2019-11-27,87.12999725341797,60.379695892333984
2019-11-29,86.94000244140625,60.248046875
2019-12-02,86.54000091552734,60.20695877075195
2019-12-03,86.41999816894531,60.12349319458008
2019-12-04,86.68000030517578,60.30440902709961
2019-12-05,86.80999755859375,60.394832611083984
2019-12-06,86.93000030517578,60.47832489013672
2019-12-09,86.93000030517578,60.47832489013672
2019-12-10,87.13999938964844,60.624427795410156
2019-12-11,87.31999969482422,60.749637603759766
2019-12-12,87.5199966430664,60.88878631591797
2019-12-13,87.61000061035156,60.951412200927734
2019-12-16,87.77999877929688,61.06967544555664
2019-12-17,88.05000305175781,61.257545471191406
2019-12-18,88.20999908447266,61.36881637573242
2019-12-19,87.8499984741211,61.33670425415039
2019-12-20,87.72000122070312,61.245906829833984
2019-12-23,87.76000213623047,61.27384948730469
2019-12-24,87.83000183105469,61.322731018066406
2019-12-26,87.95999908447266,61.41351318359375
2019-12-27,87.91999816894531,61.38555145263672
2019-12-30,87.86000061035156,61.343685150146484
2019-12-31,87.94000244140625,61.39955139160156
2020-01-02,88.30999755859375,61.657875061035156
2020-01-03,88.22000122070312,61.595027923583984
2020-01-06,88.12999725341797,61.53219223022461
2020-01-07,88.05000305175781,61.47636413574219
2020-01-08,88.12999725341797,61.53219223022461
2020-01-09,88.36000061035156,61.69277572631836
2020-01-10,88.38999938964844,61.713722229003906
2020-01-13,88.38999938964844,61.713722229003906
2020-01-14,88.37999725341797,61.70674133300781
2020-01-15,88.4000015258789,61.7207145690918
2020-01-16,88.43000030517578,61.74167251586914
2020-01-17,88.36000061035156,61.69277572631836
2020-01-21,88.16999816894531,61.56012725830078
2020-01-22,88.33000183105469,61.67182922363281
2020-01-23,88.05999755859375,61.483306884765625
2020-01-24,87.69000244140625,61.224979400634766
2020-01-27,87.0999984741211,60.81306457519531
2020-01-28,87.8499984741211,61.33670425415039
2020-01-29,87.80000305175781,61.301780700683594
2020-01-30,87.88999938964844,61.36463165283203
2020-01-31,87.52999877929688,61.11330032348633
2020-02-03,87.1500015258789,61.10347366333008
2020-02-04,87.66999816894531,61.46802520751953
2020-02-05,88.02999877929688,61.72043228149414
2020-02-06,88.0999984741211,61.769527435302734
2020-02-07,87.97000122070312,61.678382873535156
2020-02-10,88.08999633789062,61.76252365112305
2020-02-11,88.1500015258789,61.804588317871094
2020-02-12,88.37999725341797,61.96584701538086
2020-02-13,88.41000366210938,61.986881256103516
2020-02-14,88.4000015258789,61.97989273071289
2020-02-18,88.22000122070312,61.853668212890625
2020-02-19,88.26000213623047,61.8817253112793
2020-02-20,88.41000366210938,61.986881256103516
2020-02-21,88.33000183105469,61.930789947509766
2020-02-24,87.37999725341797,61.26470947265625
2020-02-25,86.7699966430664,60.83701705932617
2020-02-26,86.86000061035156,60.900123596191406
2020-02-27,85.69000244140625,60.079830169677734
2020-02-28,86.04000091552734,60.32521438598633
2020-03-02,86.30999755859375,60.782920837402344
2020-03-03,85.94000244140625,60.522422790527344
2020-03-04,87.12000274658203,61.353389739990234
2020-03-05,86.0199966430664,60.578758239746094
2020-03-06,85.05000305175781,59.8956298828125
2020-03-09,81.38999938964844,57.318115234375
2020-03-10,82.63999938964844,58.198387145996094
2020-03-11,80.83999633789062,56.93077850341797
2020-03-12,77.61000061035156,54.65610122680664
2020-03-13,80.05000305175781,56.374420166015625
2020-03-16,75.6500015258789,53.27577590942383
2020-03-17,76.36000061035156,53.775760650634766
2020-03-18,72.98999786376953,51.40250015258789
2020-03-19,71.3499984741211,50.24754333496094
2020-03-20,69.75,49.120750427246094
2020-03-23,68.62999725341797,48.33201217651367
2020-03-24,71.45999908447266,50.325008392333984
2020-03-25,73.47000122070312,51.74052429199219
2020-03-26,76.83000183105469,54.106788635253906
2020-03-27,77.02999877929688,54.247589111328125
2020-03-30,77.69000244140625,54.71239471435547
2020-03-31,77.06999969482422,54.27579116821289
2020-04-01,74.58000183105469,52.785919189453125
2020-04-02,75.16000366210938,53.196434020996094
2020-04-03,73.55000305175781,52.05690002441406
2020-04-06,75.33999633789062,53.323822021484375
2020-04-07,75.33999633789062,53.323822021484375
2020-04-08,77.30000305175781,54.7110710144043
2020-04-09,82.36000061035156,58.29241943359375
2020-04-13,81.18000030517578,57.45724105834961
2020-04-14,81.5199966430664,57.697898864746094
2020-04-15,80.76000213623047,57.15996551513672
2020-04-16,80.68000030517578,57.10334777832031
2020-04-17,81.08999633789062,57.39352035522461
2020-04-20,79.87000274658203,56.53006362915039
2020-04-21,78.41000366210938,55.49671936035156
2020-04-22,79.0999984741211,55.98508071899414
2020-04-23,79.05999755859375,55.95673751831055
2020-04-24,78.31999969482422,55.43301773071289
2020-04-27,78.63999938964844,55.659488677978516
2020-04-28,78.87999725341797,55.829345703125
2020-04-29,80.2699966430664,56.81317138671875
2020-04-30,80.43000030517578,56.92641830444336
2020-05-01,78.68000030517578,55.94446563720703
2020-05-04,78.56999969482422,55.86623001098633
2020-05-05,79.25,56.349727630615234
2020-05-06,78.80000305175781,56.029781341552734
2020-05-07,79.0,56.1720085144043
2020-05-08,79.75,56.70526885986328
2020-05-11,79.38999938964844,56.44929122924805
2020-05-12,79.29000091552734,56.37820816040039
2020-05-13,78.87000274658203,56.07957458496094
2020-05-14,78.5999984741211,55.88759994506836
2020-05-15,78.70999908447266,55.96577072143555
2020-05-18,80.0999984741211,56.954132080078125
2020-05-19,80.19999694824219,57.025264739990234
2020-05-20,81.05000305175781,57.629634857177734
2020-05-21,81.02999877929688,57.61540222167969
2020-05-22,81.2300033569336,57.75761413574219
2020-05-26,81.83999633789062,58.19135284423828
2020-05-27,82.01000213623047,58.312225341796875
2020-05-28,82.08999633789062,58.36909484863281
2020-05-29,82.41999816894531,58.603755950927734
2020-06-01,82.72000122070312,59.04703140258789
2020-06-02,83.54000091552734,59.63237762451172
2020-06-03,83.93000030517578,59.910736083984375
2020-06-04,83.66999816894531,59.72515869140625
2020-06-05,84.45999908447266,60.289066314697266
2020-06-08,84.55999755859375,60.36041259765625
2020-06-09,83.9000015258789,59.889339447021484
2020-06-10,83.77999877929688,59.80366897583008
2020-06-11,81.62999725341797,58.26898956298828
2020-06-12,82.44000244140625,58.847164154052734
2020-06-15,83.23999786376953,59.41822814941406
2020-06-16,83.58000183105469,59.66093063354492
2020-06-17,83.19000244140625,59.38251876831055
2020-06-18,83.16000366210938,59.36111831665039
2020-06-19,82.87999725341797,59.16123962402344
2020-06-22,82.81999969482422,59.11841583251953
2020-06-23,82.94000244140625,59.204097747802734
2020-06-24,82.08999633789062,58.59729766845703
2020-06-25,82.12000274658203,58.61874771118164
2020-06-26,81.33999633789062,58.061954498291016
2020-06-29,80.87999725341797,57.733577728271484
2020-06-30,81.62000274658203,58.261844635009766
2020-07-01,81.52999877929688,58.44319534301758
2020-07-02,82.12999725341797,58.873260498046875
2020-07-06,82.72000122070312,59.29621505737305
2020-07-07,82.16999816894531,58.90196228027344
2020-07-08,82.38999938964844,59.059661865234375
2020-07-09,82.20999908447266,58.930633544921875
2020-07-10,82.48999786376953,59.13132858276367
2020-07-13,82.04000091552734,58.808746337890625
2020-07-14,82.73999786376953,59.310546875
2020-07-15,83.20999908447266,59.647464752197266
2020-07-16,83.29000091552734,59.70481872558594
2020-07-17,83.5199966430664,59.86967468261719
2020-07-20,84.0199966430664,60.228111267089844
2020-07-21,84.41000366210938,60.50767135620117
2020-07-22,84.58000183105469,60.629493713378906
2020-07-23,84.5199966430664,60.586517333984375
2020-07-24,84.5999984741211,60.643863677978516
2020-07-27,84.80000305175781,60.7872200012207
2020-07-28,84.58000183105469,60.629493713378906
2020-07-29,85.05000305175781,60.9664306640625
2020-07-30,85.2300033569336,61.09546661376953
2020-07-31,85.38999938964844,61.21012496948242
2020-08-03,85.06999969482422,61.225257873535156
2020-08-04,85.04000091552734,61.203670501708984
2020-08-05,85.19000244140625,61.31161880493164
2020-08-06,85.37999725341797,61.448341369628906
2020-08-07,85.16999816894531,61.297237396240234
2020-08-10,85.20999908447266,61.326011657714844
2020-08-11,84.44000244140625,60.771854400634766
2020-08-12,84.45999908447266,60.78626251220703
2020-08-13,84.2300033569336,60.62073516845703
2020-08-14,84.08000183105469,60.51274108886719
2020-08-17,84.58000183105469,60.87260055541992
2020-08-18,84.70999908447266,60.966182708740234
2020-08-19,84.47000122070312,60.79344177246094
2020-08-20,84.75,60.994956970214844
2020-08-21,84.73999786376953,60.98774719238281
2020-08-24,85.12999725341797,61.2684326171875
2020-08-25,85.22000122070312,61.3332405090332
2020-08-26,85.20999908447266,61.326011657714844
2020-08-27,85.08000183105469,61.232479095458984
2020-08-28,85.1500015258789,61.282814025878906
2020-08-31,85.02999877929688,61.19645309448242
2020-09-01,85.1500015258789,61.52957534790039
2020-09-02,85.25,61.60187530517578
2020-09-03,84.72000122070312,61.21889877319336
2020-09-04,84.48999786376953,61.05265426635742
2020-09-08,84.0199966430664,60.71308517456055
2020-09-09,84.68000030517578,61.18997573852539
2020-09-10,84.27999877929688,60.900917053222656
2020-09-11,84.44999694824219,61.02381134033203
2020-09-14,84.36000061035156,60.95874786376953
2020-09-15,84.58999633789062,61.12493133544922
2020-09-16,84.58999633789062,61.12493133544922
2020-09-17,84.5,61.05989074707031
2020-09-18,84.29000091552734,60.90816116333008
2020-09-21,83.61000061035156,60.41679000854492
2020-09-22,83.9000015258789,60.6263427734375
2020-09-23,83.05000305175781,60.01213836669922
2020-09-24,83.0999984741211,60.04829406738281
2020-09-25,82.94999694824219,59.93986511230469
2020-09-28,83.48999786376953,60.33011245727539
2020-09-29,83.55999755859375,60.38065719604492
2020-09-30,83.9000015258789,60.6263427734375
2020-10-01,83.83000183105469,60.834617614746094
2020-10-02,83.83000183105469,60.834617614746094
2020-10-05,84.45999908447266,61.29180145263672
2020-10-06,84.2699966430664,61.15392303466797
2020-10-07,84.56999969482422,61.371620178222656
2020-10-08,84.76000213623047,61.50951385498047
2020-10-09,84.94999694824219,61.64740753173828
2020-10-12,85.37999725341797,61.959415435791016
2020-10-13,85.0,61.683685302734375
2020-10-14,84.79000091552734,61.53128433227539
2020-10-15,84.7300033569336,61.48773193359375
2020-10-16,84.62999725341797,61.41517639160156
2020-10-19,84.33000183105469,61.19743347167969
2020-10-20,84.62999725341797,61.41517639160156
2020-10-21,84.62000274658203,61.407920837402344
2020-10-22,84.7699966430664,61.51676940917969
2020-10-23,84.87000274658203,61.589324951171875
2020-10-26,84.12000274658203,61.04507064819336
2020-10-27,84.16000366210938,61.0741081237793
2020-10-28,83.45999908447266,60.56612014770508
2020-10-29,83.69999694824219,60.74030685424805
2020-10-30,83.87999725341797,60.870914459228516
2020-11-02,83.72000122070312,61.01594161987305
2020-11-03,84.44000244140625,61.5406494140625
2020-11-04,85.2300033569336,62.116424560546875
2020-11-05,85.52999877929688,62.335079193115234
2020-11-06,85.2300033569336,62.116424560546875
2020-11-09,85.87999725341797,62.59015655517578
2020-11-10,85.76000213623047,62.502689361572266
2020-11-11,85.7300033569336,62.480831146240234
2020-11-12,85.1500015258789,62.058128356933594
2020-11-13,85.44000244140625,62.269474029541016
2020-11-16,85.91999816894531,62.61930465698242
2020-11-17,85.94999694824219,62.641170501708984
2020-11-18,85.79000091552734,62.524559020996094
2020-11-19,86.08000183105469,62.735939025878906
2020-11-20,85.91999816894531,62.61930465698242
2020-11-23,86.05000305175781,62.714054107666016
2020-11-24,86.30999755859375,62.903568267822266
2020-11-25,86.2699966430664,62.874385833740234
2020-11-27,86.41000366210938,62.97642135620117
2020-11-30,86.31999969482422,62.91083908081055
2020-12-01,86.19999694824219,63.07252883911133
2020-12-02,86.44000244140625,63.248138427734375
2020-12-03,86.48999786376953,63.28472900390625
2020-12-04,86.8499984741211,63.548152923583984
2020-12-07,86.80999755859375,63.51887512207031
2020-12-08,86.73999786376953,63.46767044067383
2020-12-09,86.61000061035156,63.37254333496094
2020-12-10,86.7699966430664,63.4896240234375
2020-12-11,86.68000030517578,63.423770904541016
2020-12-14,86.69999694824219,63.43838882446289
2020-12-15,86.97000122070312,63.635948181152344
2020-12-16,86.83999633789062,63.540828704833984
2020-12-17,86.61000061035156,63.635616302490234
2020-12-18,86.68000030517578,63.68704605102539
2020-12-21,86.37000274658203,63.45927429199219
2020-12-22,86.4800033569336,63.54011154174805
2020-12-23,86.87000274658203,63.82661437988281
2020-12-24,87.05000305175781,63.958892822265625
2020-12-28,87.16000366210938,64.03971099853516
2020-12-29,87.05000305175781,63.958892822265625
2020-12-30,87.2300033569336,64.09114074707031
2020-12-31,87.30000305175781,64.14256286621094
2021-01-04,87.12000274658203,64.01033782958984
2021-01-05,87.1500015258789,64.0323715209961
2021-01-06,86.98999786376953,63.914817810058594
2021-01-07,87.23999786376953,64.09849548339844
2021-01-08,87.37000274658203,64.1939926147461
2021-01-11,86.9000015258789,63.848670959472656
2021-01-12,87.01000213623047,63.92952346801758
2021-01-13,87.2699966430664,64.12055969238281
2021-01-14,87.25,64.1058578491211
2021-01-15,87.11000061035156,64.00299072265625
2021-01-19,87.36000061035156,64.18667602539062
2021-01-20,87.5199966430664,64.30425262451172
2021-01-21,87.47000122070312,64.26747131347656
2021-01-22,87.30000305175781,64.14256286621094
2021-01-25,87.31999969482422,64.15728759765625
2021-01-26,87.19000244140625,64.06175994873047
2021-01-27,86.94000244140625,63.878089904785156
2021-01-28,87.19999694824219,64.06912231445312
2021-01-29,86.97000122070312,63.900115966796875
2021-02-01,86.93000030517578,64.10511779785156
2021-02-02,87.13999938964844,64.25996398925781
2021-02-03,87.20999908447266,64.31159973144531
2021-02-04,87.38999938964844,64.44434356689453
2021-02-05,87.5199966430664,64.54020690917969
2021-02-08,87.77999877929688,64.73196411132812
2021-02-09,87.62000274658203,64.61396026611328
2021-02-10,87.5999984741211,64.59922790527344
2021-02-11,87.63999938964844,64.62871551513672
2021-02-12,87.77999877929688,64.73196411132812
2021-02-16,87.63999938964844,64.62871551513672
2021-02-17,87.61000061035156,64.60657501220703
2021-02-18,87.48999786376953,64.51809692382812
2021-02-19,87.5,64.52545166015625
2021-02-22,87.2300033569336,64.32634735107422
2021-02-23,87.44000244140625,64.4811782836914
2021-02-24,87.52999877929688,64.54757690429688
2021-02-25,86.69999694824219,63.93552017211914
2021-02-26,86.44000244140625,63.7437858581543
2021-03-01,87.0999984741211,64.45942687988281
2021-03-02,86.97000122070312,64.36322784423828
2021-03-03,86.69000244140625,64.15605163574219
2021-03-04,86.36000061035156,63.91176986694336
2021-03-05,86.62000274658203,64.10418701171875
2021-03-08,85.98999786376953,63.637962341308594
2021-03-09,86.11000061035156,63.72676467895508
2021-03-10,86.37999725341797,63.926578521728516
2021-03-11,86.69999694824219,64.16339111328125
2021-03-12,86.45999908447266,63.98580551147461
2021-03-15,86.47000122070312,63.993202209472656
2021-03-16,86.2699966430664,63.84516143798828
2021-03-17,86.38999938964844,63.93400192260742
2021-03-18,85.7300033569336,63.44554901123047
2021-03-19,86.05999755859375,63.68975067138672
2021-03-22,86.37000274658203,63.919212341308594
2021-03-23,86.45999908447266,63.98580551147461
2021-03-24,86.51000213623047,64.02278900146484
2021-03-25,86.66000366210938,64.13380432128906
2021-03-26,86.91999816894531,64.32621002197266
2021-03-29,86.97000122070312,64.36322784423828
2021-03-30,86.76000213623047,64.20779418945312
2021-03-31,87.18000030517578,64.51863098144531
2021-04-01,87.06999969482422,64.6552505493164
2021-04-05,87.11000061035156,64.68494415283203
2021-04-06,87.26000213623047,64.79635620117188
2021-04-07,87.2300033569336,64.77409362792969
2021-04-08,87.26000213623047,64.79635620117188
2021-04-09,87.19999694824219,64.7518081665039
2021-04-12,87.11000061035156,64.68494415283203
2021-04-13,87.16999816894531,64.72953033447266
2021-04-14,87.12999725341797,64.69982147216797
2021-04-15,87.4800033569336,64.95970916748047
2021-04-16,87.30000305175781,64.82606506347656
2021-04-19,87.16000366210938,64.72209167480469
2021-04-20,87.01000213623047,64.6107177734375
2021-04-21,87.30000305175781,64.82606506347656
2021-04-22,87.13999938964844,64.70721435546875
2021-04-23,87.37000274658203,64.87802124023438
2021-04-26,87.33000183105469,64.84831237792969
2021-04-27,87.20999908447266,64.75922393798828
2021-04-28,87.37999725341797,64.8854751586914
2021-04-29,87.4800033569336,64.95970916748047
2021-04-30,87.44000244140625,64.93001556396484
2021-05-03,87.18000030517578,64.9553451538086
2021-05-04,87.12999725341797,64.91806030273438
2021-05-05,87.30000305175781,65.04473876953125
2021-05-06,87.2699966430664,65.02239227294922
2021-05-07,87.33000183105469,65.06710052490234
2021-05-10,87.12999725341797,64.91806030273438
2021-05-11,87.04000091552734,64.8510513305664
2021-05-12,86.62000274658203,64.53811645507812
2021-05-13,86.93000030517578,64.76908111572266
2021-05-14,87.20999908447266,64.9776840209961
2021-05-17,87.05000305175781,64.85848236083984
2021-05-18,86.83999633789062,64.70201873779297
2021-05-19,86.61000061035156,64.53065490722656
2021-05-20,86.9800033569336,64.80633544921875
2021-05-21,87.11000061035156,64.90318298339844
2021-05-24,87.20999908447266,64.9776840209961
2021-05-25,87.22000122070312,64.98513793945312
2021-05-26,87.25,65.00747680664062
2021-05-27,87.20999908447266,64.9776840209961
2021-05-28,87.18000030517578,64.9553451538086
2021-06-01,87.1500015258789,65.15042877197266
2021-06-02,87.26000213623047,65.23268127441406
2021-06-03,87.08000183105469,65.09814453125
2021-06-04,87.2699966430664,65.24015808105469
2021-06-07,87.30000305175781,65.26258850097656
2021-06-08,87.36000061035156,65.30744934082031
2021-06-09,87.43000030517578,65.35977172851562
2021-06-10,87.58999633789062,65.47937774658203
2021-06-11,87.62000274658203,65.5018539428711
2021-06-14,87.54000091552734,65.4420166015625
2021-06-15,87.52999877929688,65.43452453613281
2021-06-16,87.41000366210938,65.34484100341797
2021-06-17,87.47000122070312,65.38966369628906
2021-06-18,87.43000030517578,65.35977172851562
2021-06-21,87.5999984741211,65.48686981201172
2021-06-22,87.66000366210938,65.53174591064453
2021-06-23,87.56999969482422,65.46443176269531
2021-06-24,87.83999633789062,65.66626739501953
2021-06-25,87.93000030517578,65.73355102539062
2021-06-28,87.91999816894531,65.72607421875
2021-06-29,88.02999877929688,65.80829620361328
2021-06-30,88.04000091552734,65.81576538085938
2021-07-01,87.91999816894531,65.94481658935547
2021-07-02,88.05999755859375,66.0498046875
2021-07-06,88.01000213623047,66.01229858398438
2021-07-07,88.04000091552734,66.0347900390625
2021-07-08,87.8499984741211,65.89227294921875
2021-07-09,88.0,66.00479888916016
2021-07-12,87.97000122070312,65.98230743408203
2021-07-13,87.70999908447266,65.7872543334961
2021-07-14,87.8499984741211,65.89227294921875
2021-07-15,87.79000091552734,65.8472671508789
2021-07-16,87.66999816894531,65.75727081298828
2021-07-19,87.08000183105469,65.31478118896484
2021-07-20,87.5199966430664,65.644775390625
2021-07-21,87.7300033569336,65.80228424072266
2021-07-22,87.77999877929688,65.83978271484375
2021-07-23,87.94999694824219,65.96729278564453
2021-07-26,87.81999969482422,65.86981201171875
2021-07-27,87.69999694824219,65.77979278564453
2021-07-28,87.7699966430664,65.8322982788086
2021-07-29,87.95999908447266,65.97480773925781
2021-07-30,87.83999633789062,65.88478088378906
2021-08-02,87.33999633789062,65.72148895263672
2021-08-03,87.44000244140625,65.79673767089844
2021-08-04,87.27999877929688,65.67635345458984
2021-08-05,87.4800033569336,65.82686614990234
2021-08-06,87.37999725341797,65.75162506103516
2021-08-09,87.18000030517578,65.60111999511719
2021-08-10,86.9800033569336,65.45061492919922
2021-08-11,87.12000274658203,65.55595397949219
2021-08-12,87.2699966430664,65.66883087158203
2021-08-13,87.45999908447266,65.81181335449219
2021-08-16,87.48999786376953,65.83438873291016
2021-08-17,87.29000091552734,65.68388366699219
2021-08-18,87.08999633789062,65.53339385986328
2021-08-19,87.08000183105469,65.52587127685547
2021-08-20,87.29000091552734,65.68388366699219
2021-08-23,87.55999755859375,65.88705444335938
2021-08-24,87.68000030517578,65.97734832763672
2021-08-25,87.7699966430664,66.04507446289062
2021-08-26,87.72000122070312,66.0074462890625
2021-08-27,87.95999908447266,66.18804931640625
2021-08-30,88.06999969482422,66.27083587646484
2021-08-31,88.08999633789062,66.28587341308594
2021-09-01,87.88999938964844,66.34249114990234
2021-09-02,88.0,66.4255142211914
2021-09-03,88.01000213623047,66.43304443359375
2021-09-07,87.77999877929688,66.25946807861328
2021-09-08,87.87999725341797,66.3349380493164
2021-09-09,87.95999908447266,66.39532470703125
2021-09-10,87.83000183105469,66.29719543457031
2021-09-13,88.05000305175781,66.46327209472656
2021-09-14,88.01000213623047,66.43304443359375
2021-09-15,88.13999938964844,66.53118896484375
2021-09-16,88.11000061035156,66.50855255126953
2021-09-17,88.0,66.4255142211914
2021-09-20,87.69000244140625,66.19152069091797
2021-09-21,87.83999633789062,66.30474090576172
2021-09-22,88.0,66.4255142211914
2021-09-23,88.04000091552734,66.45571899414062
2021-09-24,87.91000366210938,66.35758972167969
2021-09-27,87.83000183105469,66.29719543457031
2021-09-28,87.43000030517578,65.99526977539062
2021-09-29,87.58999633789062,66.11603546142578
2021-09-30,87.48999786376953,66.04054260253906
2021-10-01,87.41000366210938,66.1988754272461
2021-10-04,87.0999984741211,65.96408081054688
2021-10-05,87.05999755859375,65.93375396728516
2021-10-06,87.01000213623047,65.89588165283203
2021-10-07,87.0199966430664,65.9034652709961
2021-10-08,86.76000213623047,65.70655822753906
2021-10-11,86.48999786376953,65.50208282470703
2021-10-12,86.6500015258789,65.6232681274414
2021-10-13,86.87999725341797,65.79744720458984
2021-10-14,87.37000274658203,66.16852569580078
2021-10-15,87.22000122070312,66.05491638183594
2021-10-18,87.18000030517578,66.02462768554688
2021-10-19,87.23999786376953,66.07007598876953
2021-10-20,87.2699966430664,66.0927963256836
2021-10-21,87.05000305175781,65.92620086669922
2021-10-22,86.83999633789062,65.76715087890625
2021-10-25,86.98999786376953,65.88075256347656
2021-10-26,87.01000213623047,65.89588165283203
2021-10-27,86.94000244140625,65.84288024902344
2021-10-28,87.16000366210938,66.0094985961914
2021-10-29,86.93000030517578,65.83529663085938
2021-11-01,86.55999755859375,65.76464080810547
2021-11-02,86.7699966430664,65.92418670654297
2021-11-03,86.94000244140625,66.0533447265625
2021-11-04,87.16999816894531,66.22811126708984
2021-11-05,87.5,66.47880554199219
2021-11-08,87.38999938964844,66.39527130126953
2021-11-09,87.45999908447266,66.44842529296875
2021-11-10,86.97000122070312,66.07614135742188
2021-11-11,86.81999969482422,65.96219635009766
2021-11-12,86.8499984741211,65.9850082397461
2021-11-15,86.75,65.90899658203125
2021-11-16,86.79000091552734,65.93939208984375
2021-11-17,86.69999694824219,65.87101745605469
2021-11-18,86.62999725341797,65.81784057617188
2021-11-19,86.55999755859375,65.76464080810547
2021-11-22,86.2300033569336,65.51392364501953
2021-11-23,86.11000061035156,65.42276000976562
2021-11-24,86.08999633789062,65.40755462646484
2021-11-26,85.47000122070312,64.93651580810547
2021-11-29,86.0,65.33919525146484
2021-11-30,85.63999938964844,65.065673828125
2021-12-01,85.37000274658203,65.07482147216797
2021-12-02,86.0,65.5550537109375
2021-12-03,86.0,65.5550537109375
2021-12-06,86.37999725341797,65.8447265625
2021-12-07,86.83999633789062,66.19534301757812
2021-12-08,86.81999969482422,66.18011474609375
2021-12-09,86.43000030517578,65.8828125
2021-12-10,86.62999725341797,66.03528594970703
2021-12-13,86.62999725341797,66.03528594970703
2021-12-14,86.4800033569336,65.92095184326172
2021-12-15,86.80999755859375,66.1724853515625
2021-12-16,86.44999694824219,66.12354278564453
2021-12-17,86.37000274658203,66.06233978271484
2021-12-20,86.22000122070312,65.94762420654297
2021-12-21,86.68000030517578,66.2994613647461
2021-12-22,86.91000366210938,66.47539520263672
2021-12-23,87.16000366210938,66.66658782958984
2021-12-27,87.25,66.73542785644531
2021-12-28,87.20999908447266,66.70484161376953
2021-12-29,87.06999969482422,66.59774017333984
2021-12-30,87.02999877929688,66.56715393066406
2021-12-31,87.01000213623047,66.55188751220703
2022-01-03,86.97000122070312,66.52125549316406
2022-01-04,86.75,66.3530044555664
2022-01-05,86.08000183105469,65.84054565429688
2022-01-06,86.08999633789062,65.84814453125
2022-01-07,85.87000274658203,65.67989349365234
2022-01-10,85.94000244140625,65.73345947265625
2022-01-11,86.33999633789062,66.03939819335938
2022-01-12,86.4800033569336,66.14647674560547
2022-01-13,86.16999816894531,65.90935516357422
2022-01-14,86.08999633789062,65.84814453125
2022-01-18,85.66999816894531,65.52693939208984
2022-01-19,85.58999633789062,65.4657211303711
2022-01-20,85.43000030517578,65.34337615966797
2022-01-21,85.44000244140625,65.35102844238281
2022-01-24,85.3499984741211,65.2821273803711
2022-01-25,85.0999984741211,65.0909652709961
2022-01-26,84.80999755859375,64.86913299560547
2022-01-27,84.44000244140625,64.58611297607422
2022-01-28,84.68000030517578,64.76969909667969
2022-01-31,84.69999694824219,64.78502655029297
2022-02-01,84.7300033569336,65.04212951660156
2022-02-02,84.86000061035156,65.14193725585938
2022-02-03,84.0999984741211,64.55851745605469
2022-02-04,83.7699966430664,64.30523681640625
2022-02-07,83.70999908447266,64.25917053222656
2022-02-08,83.62000274658203,64.19005584716797
2022-02-09,84.05999755859375,64.52786254882812
2022-02-10,82.94999694824219,63.67573165893555
2022-02-11,82.66000366210938,63.45314025878906
2022-02-14,82.5199966430664,63.34568786621094
2022-02-15,82.66000366210938,63.45314025878906
2022-02-16,83.12000274658203,63.80628204345703
2022-02-17,82.7699966430664,63.53759002685547
2022-02-18,82.88999938964844,63.62968444824219
2022-02-22,82.69999694824219,63.483856201171875
2022-02-23,82.55000305175781,63.368709564208984
2022-02-24,83.13999938964844,63.82159423828125
2022-02-25,83.61000061035156,64.18242645263672
2022-02-28,83.66999816894531,64.22846221923828
2022-03-01,83.12999725341797,64.04893493652344
2022-03-02,83.33000183105469,64.20303344726562
2022-03-03,83.08000183105469,64.01042175292969
2022-03-04,82.54000091552734,63.59440231323242
2022-03-07,81.81999969482422,63.039615631103516
2022-03-08,81.52999877929688,62.81618118286133
2022-03-09,82.20999908447266,63.340118408203125
2022-03-10,81.5199966430664,62.8084716796875
2022-03-11,80.93000030517578,62.35391616821289
2022-03-14,79.97000122070312,61.614261627197266
2022-03-15,80.56999969482422,62.07655715942383
2022-03-16,81.69999694824219,62.94716262817383
2022-03-17,82.26000213623047,63.378623962402344
2022-03-18,82.52999877929688,63.586639404296875
2022-03-21,81.58000183105469,62.85470962524414
2022-03-22,82.0,63.1783332824707
2022-03-23,81.73999786376953,62.97800064086914
2022-03-24,81.91000366210938,63.10896682739258
2022-03-25,81.31999969482422,62.654396057128906
2022-03-28,81.83000183105469,63.04734802246094
2022-03-29,82.83999633789062,63.82553482055664
2022-03-30,82.58999633789062,63.63286209106445
2022-03-31,82.29000091552734,63.40176773071289
2022-04-01,81.94999694824219,63.39710998535156
2022-04-04,82.56999969482422,63.876747131347656
2022-04-05,81.5,63.04898452758789
2022-04-06,80.86000061035156,62.553863525390625
2022-04-07,80.7300033569336,62.453311920166016
2022-04-08,80.23999786376953,62.0742301940918
2022-04-11,79.69000244140625,61.64876937866211
2022-04-12,80.30000305175781,62.120662689208984
2022-04-13,80.77999877929688,62.49199295043945
2022-04-14,80.23999786376953,62.0742301940918
2022-04-18,80.11000061035156,61.97366714477539
2022-04-19,80.04000091552734,61.91954040527344
2022-04-20,80.29000091552734,62.1129150390625
2022-04-21,79.73999786376953,61.68747329711914
2022-04-22,79.26000213623047,61.316123962402344
2022-04-25,79.93000030517578,61.834442138671875
2022-04-26,79.45999908447266,61.470821380615234
2022-04-27,79.06999969482422,61.16911697387695
2022-04-28,79.51000213623047,61.509517669677734
2022-04-29,78.52999877929688,60.751365661621094
2022-05-02,78.2300033569336,60.755252838134766
2022-05-03,78.63999938964844,61.07365798950195
2022-05-04,79.44000244140625,61.694969177246094
2022-05-05,78.02999877929688,60.599937438964844
2022-05-06,77.58999633789062,60.25820541381836
2022-05-09,76.7699966430664,59.62137222290039
2022-05-10,77.20999908447266,59.963111877441406
2022-05-11,76.75,59.605838775634766
2022-05-12,76.72000122070312,59.58256149291992
2022-05-13,76.80999755859375,59.65242004394531
2022-05-16,76.69999694824219,59.567012786865234
2022-05-17,76.62999725341797,59.51264953613281
2022-05-18,76.0,59.02337646484375
2022-05-19,76.51000213623047,59.419464111328125
2022-05-20,76.45999908447266,59.38064193725586
2022-05-23,76.76000213623047,59.61362838745117
2022-05-24,77.22000122070312,59.97083282470703
2022-05-25,78.38999938964844,60.87950897216797
2022-05-26,79.4800033569336,61.72604751586914
2022-05-27,80.19000244140625,62.277462005615234
2022-05-31,79.5,61.74156951904297
2022-06-01,78.9000015258789,61.51315689086914
2022-06-02,79.2300033569336,61.770423889160156
2022-06-03,78.63999938964844,61.31041717529297
2022-06-06,78.05000305175781,60.85044479370117
2022-06-07,78.2300033569336,60.99077606201172
2022-06-08,77.55999755859375,60.46843338012695
2022-06-09,76.94000244140625,59.985050201416016
2022-06-10,75.62999725341797,58.963706970214844
2022-06-13,73.0999984741211,56.99124526977539
2022-06-14,73.58000183105469,57.365474700927734
2022-06-15,75.01000213623047,58.48036193847656
2022-06-16,73.81999969482422,57.552574157714844
2022-06-17,74.05000305175781,57.73189163208008
2022-06-21,74.0,57.69291687011719
2022-06-22,73.9800033569336,57.67735290527344
2022-06-23,74.51000213623047,58.090545654296875
2022-06-24,75.04000091552734,58.50375747680664
2022-06-27,74.58000183105469,58.145111083984375
2022-06-28,73.76000213623047,57.50580978393555
2022-06-29,73.6500015258789,57.420047760009766
2022-06-30,73.61000061035156,57.38886260986328
2022-07-01,73.9800033569336,57.936309814453125
2022-07-05,73.91000366210938,57.88145065307617
2022-07-06,73.62999725341797,57.66218948364258
2022-07-07,74.83000183105469,58.60194396972656
2022-07-08,74.88999938964844,58.648929595947266
2022-07-11,74.47000122070312,58.32002258300781
2022-07-12,74.7699966430664,58.55496597290039
2022-07-13,74.69000244140625,58.4923210144043
2022-07-14,74.55000305175781,58.38267517089844
2022-07-15,75.5,59.12664794921875
2022-07-18,74.7699966430664,58.55496597290039
2022-07-19,75.76000213623047,59.33027267456055
2022-07-20,76.08999633789062,59.58869171142578
2022-07-21,76.98999786376953,60.29350662231445
2022-07-22,76.88999938964844,60.21519088745117
2022-07-25,76.87000274658203,60.199527740478516
2022-07-26,76.33000183105469,59.77663040161133
2022-07-27,77.16999816894531,60.43449783325195
2022-07-28,77.95999908447266,61.053157806396484
2022-07-29,78.19000244140625,61.233280181884766
2022-08-01,77.91000366210938,61.25217056274414
2022-08-02,77.55000305175781,60.9691276550293
2022-08-03,78.2300033569336,61.50374221801758
2022-08-04,78.44000244140625,61.66883087158203
2022-08-05,78.04000091552734,61.354347229003906
2022-08-08,78.11000061035156,61.409385681152344
2022-08-09,77.52999877929688,60.953392028808594
2022-08-10,78.69000244140625,61.865360260009766
2022-08-11,78.23999786376953,61.5115852355957
2022-08-12,78.94000244140625,62.0619010925293
2022-08-15,78.80000305175781,61.95186996459961
2022-08-16,78.43000030517578,61.660972595214844
2022-08-17,77.62000274658203,61.02415084838867
2022-08-18,77.73999786376953,61.118507385253906
2022-08-19,76.94999694824219,60.49740982055664
2022-08-22,76.08000183105469,59.81342315673828
2022-08-23,76.2699966430664,59.96280288696289
2022-08-24,76.36000061035156,60.03354263305664
2022-08-25,77.08000183105469,60.599609375
2022-08-26,75.80999755859375,59.60115051269531
2022-08-29,75.5199966430664,59.37312698364258
2022-08-30,74.94000244140625,58.91715621948242
2022-08-31,74.52999877929688,58.594825744628906
2022-09-01,74.36000061035156,58.749671936035156
2022-09-02,74.30999755859375,58.71017074584961
2022-09-06,74.11000061035156,58.55216598510742
2022-09-07,75.18000030517578,59.397518157958984
2022-09-08,75.51000213623047,59.65823745727539
2022-09-09,75.80999755859375,59.895267486572266
2022-09-12,76.04000091552734,60.076995849609375
2022-09-13,74.30999755859375,58.71017074584961
2022-09-14,74.41999816894531,58.79703903198242
2022-09-15,73.94999694824219,58.42576217651367
2022-09-16,74.19999694824219,58.62324523925781
2022-09-19,74.4800033569336,58.84446334838867
2022-09-20,73.72000122070312,58.2440299987793
2022-09-21,73.5,58.07019805908203
2022-09-22,73.05999755859375,57.72257995605469
2022-09-23,72.12999725341797,56.98780059814453
2022-09-26,71.27999877929688,56.31624984741211
2022-09-27,71.12999725341797,56.1977424621582
2022-09-28,72.4000015258789,57.20111846923828
2022-09-29,71.72000122070312,56.66387939453125
2022-09-30,71.38999938964844,56.403167724609375
2022-10-03,71.97000122070312,57.142356872558594
2022-10-04,73.5199966430664,58.373008728027344
2022-10-05,73.2300033569336,58.14277267456055
2022-10-06,73.01000213623047,57.96810531616211
2022-10-07,72.12000274658203,57.261451721191406
2022-10-10,71.23999786376953,56.562747955322266
2022-10-11,71.45999908447266,56.73743438720703
2022-10-12,71.58000183105469,56.832698822021484
2022-10-13,71.73999786376953,56.9597282409668
2022-10-14,71.51000213623047,56.777122497558594
2022-10-17,72.38999938964844,57.47581481933594
2022-10-18,72.9000015258789,57.8807373046875
2022-10-19,72.19999694824219,57.32496643066406
2022-10-20,71.80000305175781,57.00737762451172
2022-10-21,72.48999786376953,57.55522918701172
2022-10-24,72.54000091552734,57.59492874145508
2022-10-25,73.23999786376953,58.15069580078125
2022-10-26,73.44000244140625,58.30949401855469
2022-10-27,73.9800033569336,58.73823165893555
2022-10-28,74.55000305175781,59.1908073425293
2022-10-31,73.43000030517578,58.30154800415039
2022-11-01,73.58999633789062,58.65224075317383
2022-11-02,72.91999816894531,58.11824035644531
2022-11-03,72.4000015258789,57.70378112792969
2022-11-04,72.9000015258789,58.10228729248047
2022-11-07,72.88999938964844,58.09431838989258
2022-11-08,72.81999969482422,58.03852844238281
2022-11-09,71.94999694824219,57.34513854980469
2022-11-10,74.19000244140625,59.13045883178711
2022-11-11,74.44999694824219,59.337669372558594
2022-11-14,73.9000015258789,58.8993034362793
2022-11-15,74.55000305175781,59.4173698425293
2022-11-16,74.38999938964844,59.28987121582031
2022-11-17,74.06999969482422,59.034812927246094
2022-11-18,74.2300033569336,59.16233444213867
2022-11-21,74.19999694824219,59.138389587402344
2022-11-22,74.73999786376953,59.568809509277344
2022-11-23,75.16000366210938,59.9035530090332
2022-11-25,75.01000213623047,59.784000396728516
2022-11-28,74.22000122070312,59.15435791015625
2022-11-29,74.54000091552734,59.4094123840332
2022-11-30,75.66000366210938,60.302066802978516
2022-12-01,75.62000274658203,60.525367736816406
2022-12-02,75.55999755859375,60.47734451293945
2022-12-05,74.83999633789062,59.90105438232422
2022-12-06,74.56999969482422,59.68495178222656
2022-12-07,74.9800033569336,60.01310729980469
2022-12-08,75.04000091552734,60.0611457824707
2022-12-09,75.04000091552734,60.0611457824707
2022-12-12,75.33000183105469,60.29324722290039
2022-12-13,76.11000061035156,60.917545318603516
2022-12-14,75.68000030517578,60.57338333129883
2022-12-15,75.0,60.34490203857422
2022-12-16,74.5999984741211,60.0230598449707
2022-12-19,74.22000122070312,59.717288970947266
2022-12-20,74.02999877929688,59.56443405151367
2022-12-21,74.66000366210938,60.07131576538086
2022-12-22,74.19999694824219,59.70120620727539
2022-12-23,74.38999938964844,59.85407257080078
2022-12-27,73.62000274658203,59.23456573486328
2022-12-28,72.62999725341797,58.4379997253418
2022-12-29,73.56999969482422,59.19430923461914
2022-12-30,73.62999725341797,59.242591857910156
2023-01-03,73.7699966430664,59.355224609375
2023-01-04,74.62000274658203,60.03915023803711
2023-01-05,74.47000122070312,59.91844940185547
2023-01-06,75.52999877929688,60.77130889892578
2023-01-09,75.80000305175781,60.98857498168945
2023-01-10,75.70999908447266,60.9161491394043
2023-01-11,76.20999908447266,61.31844711303711
2023-01-12,76.63999938964844,61.6644287109375
2023-01-13,76.63999938964844,61.6644287109375
2023-01-17,76.37999725341797,61.45524215698242
2023-01-18,76.47000122070312,61.52763748168945
2023-01-19,76.0199966430664,61.16556167602539
2023-01-20,76.16999816894531,61.286277770996094
2023-01-23,76.16000366210938,61.27821731567383
2023-01-24,76.20999908447266,61.31844711303711
2023-01-25,76.19999694824219,61.31039810180664
2023-01-26,76.38999938964844,61.46328353881836
2023-01-27,76.16000366210938,61.27821731567383
2023-01-30,75.73999786376953,60.940284729003906
2023-01-31,76.33000183105469,61.41501998901367
2023-02-01,76.76000213623047,62.06015396118164
2023-02-02,77.19999694824219,62.415916442871094
2023-02-03,76.38999938964844,61.761051177978516
2023-02-06,75.9000015258789,61.36488342285156
2023-02-07,76.16999816894531,61.58317565917969
2023-02-08,75.8499984741211,61.32444763183594
2023-02-09,75.36000061035156,60.92831039428711
2023-02-10,74.77999877929688,60.45935821533203
2023-02-13,74.97000122070312,60.61296844482422
2023-02-14,74.98999786376953,60.6291618347168
2023-02-15,74.87000274658203,60.532135009765625
2023-02-16,74.2699966430664,60.047027587890625
2023-02-17,74.55999755859375,60.281494140625
2023-02-21,73.41000366210938,59.3516960144043
2023-02-22,73.88999938964844,59.73981475830078
2023-02-23,74.62000274658203,60.329994201660156
2023-02-24,74.16999816894531,59.96617126464844
2023-02-27,74.66999816894531,60.370418548583984
2023-02-28,74.52999877929688,60.25722885131836
2023-03-01,73.87000274658203,60.086429595947266
2023-03-02,73.95999908447266,60.159629821777344
2023-03-03,74.72000122070312,60.777809143066406
2023-03-06,74.72000122070312,60.777809143066406
2023-03-07,74.19000244140625,60.34671401977539
2023-03-08,73.83999633789062,60.06200408935547
2023-03-09,73.43000030517578,59.728519439697266
2023-03-10,73.44000244140625,59.73667526245117
2023-03-13,73.04000091552734,59.41130828857422
2023-03-14,73.56999969482422,59.84238052368164
2023-03-15,73.33000183105469,59.64717483520508
2023-03-16,73.80999755859375,60.03761291503906
2023-03-17,73.37000274658203,59.67971420288086
2023-03-20,73.16999816894531,59.51702880859375
2023-03-21,73.97000122070312,60.16776657104492
2023-03-22,74.04000091552734,60.22470474243164
2023-03-23,73.75,59.988800048828125
2023-03-24,73.5999984741211,59.86679458618164
2023-03-27,73.41999816894531,59.720375061035156
2023-03-28,73.37999725341797,59.687862396240234
2023-03-29,74.30000305175781,60.436187744140625
2023-03-30,74.73999786376953,60.794097900390625
2023-03-31,75.55000305175781,61.45294189453125
2023-04-03,75.1500015258789,61.405555725097656
2023-04-04,74.93000030517578,61.22578430175781
2023-04-05,74.51000213623047,60.88262939453125
2023-04-06,74.83999633789062,61.15224838256836
2023-04-10,74.7699966430664,61.09503936767578
2023-04-11,74.93000030517578,61.22578430175781
2023-04-12,74.91000366210938,61.20944595336914
2023-04-13,75.41999816894531,61.626155853271484
2023-04-14,75.27999877929688,61.51178741455078
2023-04-17,75.08000183105469,61.34836959838867
2023-04-18,75.12999725341797,61.38923263549805
2023-04-19,74.83000183105469,61.14407730102539
2023-04-20,74.76000213623047,61.086875915527344
2023-04-21,74.98999786376953,61.27484130859375
2023-04-24,75.19999694824219,61.44641876220703
2023-04-25,75.08000183105469,61.34836959838867
2023-04-26,74.79000091552734,61.11139678955078
2023-04-27,75.04000091552734,61.31568908691406
2023-04-28,75.36000061035156,61.577152252197266
2023-05-01,74.69000244140625,61.29484558105469
2023-05-02,74.62000274658203,61.23739242553711
2023-05-03,74.58000183105469,61.2045783996582
2023-05-04,74.36000061035156,61.02402114868164
2023-05-05,74.76000213623047,61.3523063659668
2023-05-08,74.55000305175781,61.179954528808594
2023-05-09,74.36000061035156,61.02402114868164
2023-05-10,74.80999755859375,61.39332580566406
2023-05-11,74.69000244140625,61.29484558105469
2023-05-12,74.41999816894531,61.073280334472656
2023-05-15,74.4000015258789,61.056861877441406
2023-05-16,73.87999725341797,60.630096435546875
2023-05-17,74.08000183105469,60.79424285888672
2023-05-18,74.12000274658203,60.827056884765625
2023-05-19,74.19999694824219,60.8927116394043
2023-05-22,74.52999877929688,61.16353988647461
2023-05-23,74.13999938964844,60.84347915649414
2023-05-24,73.62000274658203,60.416751861572266
2023-05-25,73.56999969482422,60.375709533691406
2023-05-26,74.0199966430664,60.744998931884766
2023-05-30,74.33999633789062,61.007591247558594
2023-05-31,74.11000061035156,60.81888198852539
2023-06-01,74.19999694824219,61.18413543701172
2023-06-02,74.58000183105469,61.497501373291016
2023-06-05,74.5199966430664,61.448036193847656
2023-06-06,74.63999938964844,61.54698181152344
2023-06-07,74.2300033569336,61.20888900756836
2023-06-08,74.69999694824219,61.5964469909668
2023-06-09,74.72000122070312,61.61293029785156
2023-06-12,74.63999938964844,61.54698181152344
2023-06-13,74.7300033569336,61.621185302734375
2023-06-14,74.76000213623047,61.64591598510742
2023-06-15,75.12000274658203,61.942771911621094
2023-06-16,74.93000030517578,61.786094665527344
2023-06-20,74.7300033569336,61.621185302734375
2023-06-21,74.54000091552734,61.464508056640625
2023-06-22,74.31999969482422,61.283119201660156
2023-06-23,74.19000244140625,61.175899505615234
2023-06-26,74.2300033569336,61.20888900756836
2023-06-27,74.4800033569336,61.4150276184082
2023-06-28,74.91000366210938,61.76960754394531
2023-06-29,74.70999908447266,61.60467529296875
2023-06-30,75.06999969482422,61.90153503417969
2023-07-03,74.55000305175781,61.80453872680664
2023-07-05,74.31999969482422,61.61387634277344
2023-07-06,73.77999877929688,61.16616439819336
2023-07-07,73.8499984741211,61.22420883178711
2023-07-10,74.22000122070312,61.53096008300781
2023-07-11,74.62000274658203,61.862579345703125
2023-07-12,75.19999694824219,62.343421936035156
2023-07-13,75.6500015258789,62.716495513916016
2023-07-14,75.0999984741211,62.260520935058594
2023-07-17,75.23999786376953,62.37659454345703
2023-07-18,75.44999694824219,62.55066680908203
2023-07-19,75.51000213623047,62.60044860839844
2023-07-20,75.18000030517578,62.32684326171875
2023-07-21,75.37000274658203,62.48435974121094
2023-07-24,75.23999786376953,62.37659454345703
2023-07-25,75.19000244140625,62.335113525390625
2023-07-26,75.48999786376953,62.58385467529297
2023-07-27,74.88999938964844,62.086429595947266
2023-07-28,75.31999969482422,62.442909240722656
2023-07-31,75.5,62.59210968017578
2023-08-01,74.7699966430664,62.28224563598633
2023-08-02,74.44999694824219,62.015689849853516
2023-08-03,74.20999908447266,61.815799713134766
2023-08-04,74.6500015258789,62.18231201171875
2023-08-07,74.79000091552734,62.298919677734375
2023-08-08,74.94999694824219,62.43218994140625
2023-08-09,74.95999908447266,62.44053268432617
2023-08-10,74.94000244140625,62.42387771606445
2023-08-11,74.83000183105469,62.33222198486328
2023-08-14,74.81999969482422,62.323909759521484
2023-08-15,74.58000183105469,62.12399673461914
2023-08-16,74.3499984741211,61.93238830566406
2023-08-17,74.04000091552734,61.674190521240234
2023-08-18,74.08999633789062,61.71583557128906
2023-08-21,74.06999969482422,61.69915771484375
2023-08-22,74.11000061035156,61.732505798339844
2023-08-23,74.70999908447266,62.232276916503906
2023-08-24,74.30000305175781,61.89076232910156
2023-08-25,74.61000061035156,62.148956298828125
2023-08-28,74.88999938964844,62.382225036621094
2023-08-29,75.36000061035156,62.773704528808594
2023-08-30,75.33000183105469,62.74872970581055
2023-08-31,75.27999877929688,62.70707321166992
2023-09-01,75.06999969482422,62.825077056884766
2023-09-05,74.58000183105469,62.415016174316406
2023-09-06,74.4000015258789,62.264373779296875
2023-09-07,74.6500015258789,62.473594665527344
2023-09-08,74.62000274658203,62.448482513427734
2023-09-11,74.75,62.55726623535156
2023-09-12,74.62999725341797,62.45685577392578
2023-09-13,74.83000183105469,62.624202728271484
2023-09-14,74.91999816894531,62.69953155517578
2023-09-15,74.63999938964844,62.4652214050293
2023-09-18,74.69000244140625,62.50704574584961
2023-09-19,74.45999908447266,62.31458282470703
2023-09-20,74.4000015258789,62.264373779296875
2023-09-21,73.87000274658203,61.82081604003906
2023-09-22,74.0,61.92958068847656
2023-09-25,73.9000015258789,61.8459358215332
2023-09-26,73.58000183105469,61.57809829711914
2023-09-27,73.4800033569336,61.49441909790039
2023-09-28,73.83000183105469,61.78734588623047
2023-09-29,73.72000122070312,61.69526672363281
2023-10-02,72.88999938964844,61.32090759277344
2023-10-03,72.1500015258789,60.69835662841797
2023-10-04,72.5199966430664,61.00962829589844
2023-10-05,72.58999633789062,61.06852340698242
2023-10-06,72.69000244140625,61.15266036987305
2023-10-09,73.2300033569336,61.60694885253906
2023-10-10,73.20999908447266,61.590126037597656
2023-10-11,73.19999694824219,61.58170700073242
2023-10-12,72.80999755859375,61.25361633300781
2023-10-13,72.75,61.20311737060547
2023-10-16,72.7300033569336,61.18632125854492
2023-10-17,72.38999938964844,60.9002571105957
2023-10-18,72.04000091552734,60.605831146240234
2023-10-19,71.77999877929688,60.387107849121094
2023-10-20,71.93000030517578,60.51329803466797
2023-10-23,72.22000122070312,60.75725173950195
2023-10-24,72.58999633789062,61.06852340698242
2023-10-25,72.19999694824219,60.74043655395508
2023-10-26,72.44999694824219,60.95073699951172
2023-10-27,72.36000061035156,60.875030517578125
2023-10-30,72.37999725341797,60.8918571472168
2023-10-31,72.56999969482422,61.05170822143555
2023-11-01,72.87000274658203,61.63362121582031
2023-11-02,73.69000244140625,62.32719421386719
2023-11-03,74.41000366210938,62.93614959716797
2023-11-06,74.11000061035156,62.68242263793945
2023-11-07,74.12000274658203,62.69086456298828
2023-11-08,74.16000366210938,62.724693298339844
2023-11-09,73.69999694824219,62.33564376831055
2023-11-10,74.05999755859375,62.640113830566406
2023-11-13,73.98999786376953,62.58090591430664
2023-11-14,74.73999786376953,63.21526336669922
2023-11-15,74.5,63.01226043701172
2023-11-16,74.5999984741211,63.09683609008789
2023-11-17,74.7699966430664,63.24061584472656
2023-11-20,74.8499984741211,63.30828094482422
2023-11-21,74.94999694824219,63.39287185668945
2023-11-22,75.08000183105469,63.50284194946289
2023-11-24,75.0,63.435157775878906
2023-11-27,75.11000061035156,63.5282096862793
2023-11-28,75.44000244140625,63.80731964111328
2023-11-29,75.8499984741211,64.15410614013672
2023-11-30,75.70999908447266,64.03569793701172
2023-12-01,75.98999786376953,64.56587219238281
2023-12-04,75.80000305175781,64.40445709228516
2023-12-05,75.87000274658203,64.46392059326172
2023-12-06,75.87999725341797,64.47240447998047
2023-12-07,76.01000213623047,64.58287048339844
2023-12-08,75.86000061035156,64.45540618896484
2023-12-11,75.80999755859375,64.41291809082031
2023-12-12,75.9800033569336,64.557373046875
2023-12-13,77.13999938964844,65.54298400878906
2023-12-14,77.0999984741211,65.83244323730469
2023-12-15,76.93000030517578,65.68730926513672
2023-12-18,76.9800033569336,65.72998809814453
2023-12-19,77.19999694824219,65.91783905029297
2023-12-20,77.20999908447266,65.92637634277344
2023-12-21,77.55999755859375,66.22522735595703
2023-12-22,77.47000122070312,66.14839935302734
2023-12-26,77.62000274658203,66.27645111083984
2023-12-27,77.94000244140625,66.5497055053711
2023-12-28,77.69000244140625,66.33621978759766
2023-12-29,77.38999938964844,66.0800552368164
2024-01-02,77.12999725341797,65.85806274414062
2024-01-03,76.91999816894531,65.67874908447266
2024-01-04,76.62000274658203,65.422607421875
2024-01-05,76.68000030517578,65.4738540649414
2024-01-08,77.11000061035156,65.84099578857422
2024-01-09,77.2300033569336,65.94348907470703
2024-01-10,77.37000274658203,66.06299591064453
2024-01-11,77.62000274658203,66.27645111083984
2024-01-12,77.69999694824219,66.34476470947266
2024-01-16,77.20999908447266,65.92637634277344
2024-01-17,76.87999725341797,65.64459228515625
2024-01-18,77.04000091552734,65.78121948242188
2024-01-19,77.16999816894531,65.89221954345703
2024-01-22,77.2300033569336,65.94348907470703
2024-01-23,77.13999938964844,65.8666000366211
2024-01-24,77.0999984741211,65.83244323730469
2024-01-25,77.69000244140625,66.33621978759766
2024-01-26,77.62999725341797,66.28497314453125
2024-01-29,77.80000305175781,66.4301528930664
2024-01-30,77.69999694824219,66.34476470947266
2024-01-31,77.4800033569336,66.15691375732422
2024-02-01,77.54000091552734,66.53791046142578
2024-02-02,77.19000244140625,66.23759460449219
2024-02-05,76.83000183105469,65.92865753173828
2024-02-06,77.11000061035156,66.16895294189453
2024-02-07,77.23999786376953,66.28047943115234
2024-02-08,77.19999694824219,66.24616241455078
2024-02-09,77.36000061035156,66.38346862792969
2024-02-12,77.19000244140625,66.23759460449219
2024-02-13,76.56999969482422,65.7055435180664
2024-02-14,76.87000274658203,65.96300506591797
2024-02-15,77.13999938964844,66.19466400146484
2024-02-16,76.91000366210938,65.997314453125
2024-02-20,77.06999969482422,66.13459777832031
2024-02-21,76.93000030517578,66.01447296142578
2024-02-22,77.30000305175781,66.33197021484375
2024-02-23,77.3499984741211,66.37488555908203
2024-02-26,77.0999984741211,66.16034698486328
2024-02-27,77.19999694824219,66.24616241455078
2024-02-28,77.19000244140625,66.23759460449219
2024-02-29,77.33000183105469,66.35771942138672
2024-03-01,77.18000030517578,66.60624694824219
2024-03-04,77.16000366210938,66.5889892578125
2024-03-05,77.0999984741211,66.5372314453125
2024-03-06,77.29000091552734,66.70117950439453
2024-03-07,77.37999725341797,66.77885437011719
2024-03-08,77.4000015258789,66.79612731933594
2024-03-11,77.38999938964844,66.7874755859375
2024-03-12,77.45999908447266,66.84790802001953
2024-03-13,77.48999786376953,66.87378692626953
2024-03-14,77.12000274658203,66.55450439453125
2024-03-15,77.06999969482422,66.5113296508789
2024-03-18,77.25,66.66667175292969
2024-03-19,77.55999755859375,66.93419647216797
2024-03-20,77.81999969482422,67.15858459472656
2024-03-21,77.77999877929688,67.1240463256836
2024-03-22,77.69999694824219,67.0550308227539
2024-03-25,77.58000183105469,66.95146179199219
2024-03-26,77.48999786376953,66.87378692626953
2024-03-27,77.9000015258789,67.22760772705078
2024-03-28,77.7300033569336,67.08092498779297
2024-04-01,77.0199966430664,66.80768585205078
2024-04-02,76.88999938964844,66.69493103027344
2024-04-03,76.94999694824219,66.74693298339844
2024-04-04,76.88999938964844,66.69493103027344
2024-04-05,76.81999969482422,66.63419342041016
2024-04-08,77.0,66.79032135009766
2024-04-09,77.16000366210938,66.92910766601562
2024-04-10,76.4800033569336,66.33928680419922
2024-04-11,76.41000366210938,66.27857208251953
2024-04-12,76.37000274658203,66.24385070800781
2024-04-15,75.93000030517578,65.8622055053711
2024-04-16,75.68000030517578,65.64535522460938
2024-04-17,75.77999877929688,65.73209381103516
2024-04-18,75.83999633789062,65.78413391113281
2024-04-19,75.9800033569336,65.90557098388672
2024-04-22,76.4000015258789,66.26988220214844
2024-04-23,76.70999908447266,66.5387954711914
2024-04-24,76.54000091552734,66.39131927490234
2024-04-25,76.37999725341797,66.25254821777344
2024-04-26,76.62000274658203,66.4607162475586
2024-04-29,76.8499984741211,66.66022491455078
2024-04-30,76.29000091552734,66.17446899414062
2024-05-01,76.29000091552734,66.52326965332031
2024-05-02,76.76000213623047,66.9330825805664
2024-05-03,77.08000183105469,67.2121353149414
2024-05-06,77.16999816894531,67.29060363769531
2024-05-07,77.18000030517578,67.29931640625
2024-05-08,77.0,67.14234924316406
2024-05-09,77.0199966430664,67.1598129272461
2024-05-10,76.9000015258789,67.05517578125
2024-05-13,76.87999725341797,67.03772735595703
2024-05-14,77.0,67.14234924316406
2024-05-15,77.44999694824219,67.53475952148438
2024-05-16,77.2699966430664,67.37779235839844
2024-05-17,77.27999877929688,67.38650512695312
2024-05-20,77.31999969482422,67.42141723632812
2024-05-21,77.26000213623047,67.36908721923828
2024-05-22,77.08999633789062,67.22083282470703
2024-05-23,76.81999969482422,66.98540496826172
2024-05-24,77.08999633789062,67.22083282470703
2024-05-28,76.77999877929688,66.95052337646484
2024-05-29,76.55000305175781,66.7499771118164
2024-05-30,76.86000061035156,67.0202865600586
2024-05-31,77.12999725341797,67.25572967529297
2024-06-03,77.01000213623047,67.46422576904297
2024-06-04,76.97000122070312,67.42918395996094
2024-06-05,77.22000122070312,67.64820098876953
2024-06-06,77.08999633789062,67.53429412841797
2024-06-07,76.88999938964844,67.35911560058594
2024-06-10,76.95999908447266,67.42041778564453
2024-06-11,77.05999755859375,67.50801849365234
2024-06-12,77.37000274658203,67.77961730957031
2024-06-13,77.36000061035156,67.77083587646484
2024-06-14,77.05999755859375,67.50801849365234
2024-06-17,77.11000061035156,67.55181884765625
2024-06-18,77.3499984741211,67.7620849609375
2024-06-20,77.30000305175781,67.71826934814453
2024-06-21,77.38999938964844,67.79713439941406
2024-06-24,77.30999755859375,67.72705078125
2024-06-25,77.41000366210938,67.81464385986328
2024-06-26,77.23999786376953,67.66570281982422
2024-06-27,77.33000183105469,67.74455261230469
2024-06-28,77.13999938964844,67.57810974121094
2024-07-01,76.72000122070312,67.5649185180664
2024-07-02,76.93000030517578,67.74983978271484
2024-07-03,77.19999694824219,67.98762512207031
2024-07-05,77.43000030517578,68.19017791748047
2024-07-08,77.41000366210938,68.17256927490234
2024-07-09,77.31999969482422,68.09330749511719
2024-07-10,77.5,68.2518081665039
2024-07-11,77.77999877929688,68.49840545654297
2024-07-12,77.9800033569336,68.6745376586914
2024-07-15,77.98999786376953,68.683349609375
2024-07-16,78.29000091552734,68.94755554199219
2024-07-17,78.19999694824219,68.86827850341797
2024-07-18,78.04000091552734,68.72737884521484
2024-07-19,77.9800033569336,68.6745376586914
2024-07-22,78.2699966430664,68.92993927001953
2024-07-23,78.27999877929688,68.93873596191406
2024-07-24,78.02999877929688,68.71856689453125
2024-07-25,78.04000091552734,68.72737884521484
2024-07-26,78.29000091552734,68.94755554199219
2024-07-29,78.22000122070312,68.88591003417969
2024-07-30,78.26000213623047,68.9211196899414
2024-07-31,78.54000091552734,69.167724609375
2024-08-01,77.95999908447266,69.01631164550781
2024-08-02,77.69999694824219,68.78614044189453
2024-08-05,77.22000122070312,68.36125183105469
2024-08-06,77.51000213623047,68.61795806884766
2024-08-07,77.66000366210938,68.75074768066406
2024-08-08,77.9800033569336,69.03404235839844
2024-08-09,77.97000122070312,69.02517700195312
2024-08-12,78.0199966430664,69.0694351196289
2024-08-13,78.37999725341797,69.38815307617188
2024-08-14,78.5199966430664,69.51209259033203
2024-08-15,78.58999633789062,69.57406616210938
2024-08-16,78.83999633789062,69.79536437988281
2024-08-19,78.97000122070312,69.91043853759766
2024-08-20,78.9000015258789,69.8484878540039
2024-08-21,79.08000183105469,70.0078353881836
2024-08-22,78.9800033569336,69.9193344116211
2024-08-23,79.4000015258789,70.29114532470703
2024-08-26,79.23999786376953,70.14949035644531
2024-08-27,79.29000091552734,70.19375610351562
2024-08-28,79.25,70.15833282470703
2024-08-29,79.33000183105469,70.22916412353516
2024-08-30,79.33999633789062,70.23800659179688
2024-09-03,78.68000030517578,69.98895263671875
2024-09-04,78.97000122070312,70.24691009521484
2024-09-05,79.23999786376953,70.48709106445312
2024-09-06,79.13999938964844,70.39813232421875
2024-09-09,79.33000183105469,70.56715393066406
2024-09-10,79.18000030517578,70.43370819091797
2024-09-11,79.30000305175781,70.54045867919922
2024-09-12,79.41000366210938,70.63832092285156
2024-09-13,79.62999725341797,70.83399200439453
2024-09-16,79.83000183105469,71.01191711425781
2024-09-17,79.8499984741211,71.02969360351562
2024-09-18,79.91999816894531,71.09194946289062
2024-09-19,80.16000366210938,71.30546569824219
2024-09-20,80.26000213623047,71.39443969726562
2024-09-23,80.11000061035156,71.260986328125
2024-09-24,80.12000274658203,71.2698745727539
2024-09-25,80.02999877929688,71.1898193359375
2024-09-26,80.16000366210938,71.30546569824219
2024-09-27,80.36000061035156,71.4833755493164
2024-09-30,80.30000305175781,71.42998504638672
2024-10-01,79.87000274658203,71.39423370361328
2024-10-02,79.87999725341797,71.40316772460938
2024-10-03,79.69000244140625,71.23335266113281
2024-10-04,79.5999984741211,71.15290069580078
2024-10-07,79.26000213623047,70.8489761352539
2024-10-08,79.44999694824219,71.01880645751953
2024-10-09,79.4000015258789,70.97412872314453
2024-10-10,79.36000061035156,70.93836975097656
2024-10-11,79.56999969482422,71.1260986328125
2024-10-14,79.61000061035156,71.16183471679688
2024-10-15,79.58999633789062,71.14397430419922
2024-10-16,79.7300033569336,71.26910400390625
2024-10-17,79.61000061035156,71.16183471679688
2024-10-18,79.80000305175781,71.3316879272461
2024-10-21,79.4800033569336,71.04563903808594
2024-10-22,79.37000274658203,70.94731140136719
2024-10-23,79.12999725341797,70.73277282714844
2024-10-24,79.36000061035156,70.93836975097656
2024-10-25,79.27999877929688,70.86685943603516
2024-10-28,79.4800033569336,71.04563903808594
2024-10-29,79.5,71.0634994506836
2024-10-30,79.36000061035156,70.93836975097656
2024-10-31,79.13999938964844,70.74171447753906
2024-11-01,78.75,70.74620056152344
2024-11-04,78.97000122070312,70.94381713867188
2024-11-05,79.19000244140625,71.14147186279297
2024-11-06,79.33000183105469,71.26727294921875
2024-11-07,79.66999816894531,71.5727310180664
2024-11-08,79.80000305175781,71.68950653076172
2024-11-11,79.70999908447266,71.60865020751953
2024-11-12,79.38999938964844,71.32115173339844
2024-11-13,79.41000366210938,71.33914184570312
2024-11-14,79.23999786376953,71.18640899658203
2024-11-15,79.2300033569336,71.17742156982422
2024-11-18,79.37999725341797,71.31217193603516
2024-11-19,79.5,71.41998291015625
2024-11-20,79.4800033569336,71.40201568603516
2024-11-21,79.51000213623047,71.4289779663086
2024-11-22,79.48999786376953,71.41099548339844
2024-11-25,79.79000091552734,71.68050384521484
2024-11-26,79.63999938964844,71.54576873779297
2024-11-27,79.87999725341797,71.76136016845703
2024-11-29,80.04000091552734,71.90510559082031
2024-12-02,79.6500015258789,71.8789291381836
2024-12-03,79.6500015258789,71.8789291381836
2024-12-04,79.83999633789062,72.05038452148438
2024-12-05,79.7699966430664,71.98721313476562
2024-12-06,79.9000015258789,72.10454559326172
2024-12-09,79.80000305175781,72.01431274414062
2024-12-10,79.83999633789062,72.05038452148438
2024-12-11,79.86000061035156,72.06843566894531
2024-12-12,79.63999938964844,71.86990356445312
2024-12-13,79.41000366210938,71.66236114501953
2024-12-16,79.55999755859375,71.79771423339844
2024-12-17,79.38999938964844,71.64427185058594
2024-12-18,78.16999816894531,70.90863800048828
2024-12-19,78.08999633789062,70.83606719970703
2024-12-20,78.58000183105469,71.2805404663086
2024-12-23,78.37000274658203,71.09004974365234
2024-12-24,78.62000274658203,71.31682586669922
2024-12-26,78.81999969482422,71.49823760986328
2024-12-27,78.55000305175781,71.2533187866211
2024-12-30,78.66000366210938,71.35309600830078
2024-12-31,78.6500015258789,71.34403991699219
2025-01-02,78.83999633789062,71.51637268066406
2025-01-03,78.95999908447266,71.625244140625
2025-01-06,79.0999984741211,71.75224304199219
2025-01-07,78.83999633789062,71.51637268066406
2025-01-08,78.94000244140625,71.60710906982422
2025-01-10,78.52999877929688,71.23517608642578
2025-01-13,78.51000213623047,71.21705627441406
2025-01-14,78.61000061035156,71.3077621459961
2025-01-15,79.30000305175781,71.93366241455078
2025-01-16,79.38999938964844,72.0152816772461
2025-01-17,79.45999908447266,72.07879638671875
2025-01-21,79.66999816894531,72.26929473876953
2025-01-22,79.55999755859375,72.16950988769531
2025-01-23,79.66000366210938,72.26023864746094
2025-01-24,79.75,72.34185791015625
2025-01-27,79.80999755859375,72.39628601074219
2025-01-28,79.77999877929688,72.36908721923828
2025-01-29,79.7300033569336,72.32372283935547
2025-01-30,79.87999725341797,72.45978546142578
2025-01-31,79.72000122070312,72.31464385986328
2025-02-03,79.26000213623047,72.2235336303711
2025-02-04,79.51000213623047,72.45133209228516
2025-02-05,79.72000122070312,72.64269256591797
2025-02-06,79.5999984741211,72.53334045410156
2025-02-07,79.3499984741211,72.30553436279297
2025-02-10,79.51000213623047,72.45133209228516
2025-02-11,79.4800033569336,72.42399597167969
2025-02-12,79.30999755859375,72.26908111572266
2025-02-13,79.66999816894531,72.59712982177734
2025-02-14,79.76000213623047,72.67913818359375
2025-02-18,79.69000244140625,72.61534881591797
2025-02-19,79.75,72.6700210571289
2025-02-20,79.80000305175781,72.71559143066406
2025-02-21,79.6500015258789,72.57891082763672
2025-02-24,79.75,72.6700210571289
2025-02-25,79.94999694824219,72.85226440429688
2025-02-26,80.05999755859375,72.95249938964844
2025-02-27,79.91000366210938,72.8158187866211
2025-02-28,80.12999725341797,73.01629638671875
2025-03-03,79.58999633789062,72.86431121826172
2025-03-04,79.58000183105469,72.85517883300781
2025-03-05,79.62000274658203,72.89178466796875
2025-03-06,79.31999969482422,72.61713409423828
2025-03-07,79.44999694824219,72.73613739013672
2025-03-10,79.1500015258789,72.46149444580078
2025-03-11,78.87000274658203,72.20516967773438
2025-03-12,78.95999908447266,72.28754425048828
2025-03-13,78.5199966430664,71.88472747802734
2025-03-14,78.87999725341797,72.21431732177734
2025-03-17,79.06999969482422,72.38825988769531
2025-03-18,78.93000030517578,72.26010131835938
2025-03-19,79.44999694824219,72.73613739013672
2025-03-20,79.33999633789062,72.63543701171875
2025-03-21,79.22000122070312,72.52558898925781
2025-03-24,79.44999694824219,72.73613739013672
2025-03-25,79.41000366210938,72.69951629638672
2025-03-26,79.08999633789062,72.40656280517578
2025-03-27,78.94000244140625,72.26924896240234
2025-03-28,78.80000305175781,72.14106750488281
2025-03-31,78.88999938964844,72.22348022460938
2025-04-01,78.69000244140625,72.39090728759766
2025-04-02,78.8499984741211,72.5380859375
2025-04-03,77.87000274658203,71.63654327392578
2025-04-04,76.76000213623047,70.61539459228516
2025-04-07,76.0999984741211,70.00823211669922
2025-04-08,75.75,69.68623352050781
2025-04-09,77.77999877929688,71.55374908447266
2025-04-10,76.51000213623047,70.38541412353516
2025-04-11,76.73999786376953,70.59699249267578
2025-04-14,77.12000274658203,70.94657897949219
2025-04-15,77.33000183105469,71.1397705078125
2025-04-16,77.31999969482422,71.13057708740234
2025-04-17,77.7699966430664,71.54454040527344
2025-04-21,77.30999755859375,71.1213607788086
2025-04-22,77.61000061035156,71.39735412597656
2025-04-23,78.0,71.75611877441406
2025-04-24,78.69999694824219,72.40010070800781
2025-04-25,78.7699966430664,72.46449279785156
2025-04-28,78.80999755859375,72.50128173828125
2025-04-29,79.0199966430664,72.69448852539062
2025-04-30,78.5999984741211,72.30810546875
2025-05-01,78.30000305175781,72.40149688720703
2025-05-02,78.54000091552734,72.6234130859375
2025-05-05,78.51000213623047,72.59566497802734
2025-05-06,78.44999694824219,72.54019927978516
2025-05-07,78.5199966430664,72.60491943359375
2025-05-08,78.5,72.58641052246094
2025-05-09,78.55000305175781,72.63265228271484
2025-05-12,79.33000183105469,73.35389709472656
2025-05-13,79.47000122070312,73.48333740234375
2025-05-14,79.18000030517578,73.21521759033203
2025-05-15,79.33000183105469,73.35389709472656
2025-05-16,79.41999816894531,73.43710327148438
2025-05-19,79.37999725341797,73.40013122558594
2025-05-20,79.33999633789062,73.36314392089844
2025-05-21,78.80999755859375,72.8730697631836
2025-05-22,78.97000122070312,73.0210189819336
2025-05-23,78.94999694824219,73.0025405883789
2025-05-27,79.43000030517578,73.44635772705078
2025-05-28,79.37999725341797,73.40013122558594
2025-05-29,79.5,73.51109313964844
2025-05-30,79.56999969482422,73.57579803466797
2025-06-02,79.18000030517578,73.56282806396484
2025-06-03,79.33000183105469,73.7021713256836
2025-06-04,79.4800033569336,73.8415298461914
2025-06-05,79.30999755859375,73.68359375
2025-06-06,79.30000305175781,73.67431640625
2025-06-09,79.33999633789062,73.71145629882812
2025-06-10,79.52999877929688,73.88800048828125
2025-06-11,79.51000213623047,73.86941528320312
2025-06-12,79.5999984741211,73.95301818847656
2025-06-13,79.36000061035156,73.73004913330078
2025-06-16,79.5199966430664,73.87870025634766
2025-06-17,79.43000030517578,73.7950668334961
2025-06-18,79.55000305175781,73.90657043457031
2025-06-20,79.80000305175781,74.13882446289062
2025-06-23,79.94999694824219,74.2781982421875
2025-06-24,80.16999816894531,74.48258209228516
2025-06-25,80.1500015258789,74.4640121459961
2025-06-26,80.37999725341797,74.67768096923828
2025-06-27,80.33999633789062,74.64051055908203
2025-06-30,80.6500015258789,74.92852783203125
2025-07-01,80.16999816894531,74.83424377441406
2025-07-02,80.31999969482422,74.97427368164062
2025-07-03,80.37000274658203,75.02094268798828
2025-07-07,80.0999984741211,74.7688980102539
2025-07-08,79.98999786376953,74.66622924804688
2025-07-09,80.20999908447266,74.87158203125
2025-07-10,80.12999725341797,74.79692077636719
2025-07-11,80.02999877929688,74.70355224609375
2025-07-14,80.08999633789062,74.75956726074219
2025-07-15,79.8499984741211,74.5355453491211
2025-07-16,80.05999755859375,74.73155975341797
2025-07-17,80.13999938964844,74.8062515258789
2025-07-18,80.25,74.90892791748047
2025-07-21,80.36000061035156,75.01160430908203
2025-07-22,80.5,75.14230346679688
2025-07-23,80.54000091552734,75.17962646484375
2025-07-24,80.44000244140625,75.08627319335938
2025-07-25,80.48999786376953,75.1329574584961
2025-07-28,80.44999694824219,75.09561157226562
2025-07-29,80.5,75.14230346679688
2025-07-30,80.33000183105469,74.98361206054688
2025-07-31,80.37999725341797,75.0302734375
2025-08-01,79.9800033569336,75.03401184082031
2025-08-04,80.25,75.28732299804688
2025-08-05,80.20999908447266,75.24979400634766
2025-08-06,80.29000091552734,75.32485961914062
2025-08-07,80.20999908447266,75.24979400634766
2025-08-08,80.22000122070312,75.2591781616211
2025-08-11,80.22000122070312,75.2591781616211
2025-08-12,80.4000015258789,75.42804718017578
2025-08-13,80.61000061035156,75.62507629394531
2025-08-14,80.4000015258789,75.42804718017578
2025-08-15,80.45999908447266,75.48435974121094
2025-08-18,80.4000015258789,75.42804718017578
2025-08-19,80.37999725341797,75.40928649902344
2025-08-20,80.3499984741211,75.38114166259766
2025-08-21,80.19999694824219,75.24041748046875
2025-08-22,80.8499984741211,75.85022735595703
2025-08-25,80.69000244140625,75.70011138916016
2025-08-26,80.87000274658203,75.86898803710938
2025-08-27,80.97000122070312,75.96281433105469
2025-08-28,81.01000213623047,76.0003433227539
2025-08-29,80.86000061035156,75.85961151123047
2025-09-02,80.38999938964844,75.777587890625
2025-09-03,80.61000061035156,75.98497772216797
2025-09-04,80.83000183105469,76.1923599243164
2025-09-05,80.87000274658203,76.23005676269531
2025-09-08,80.87000274658203,76.23005676269531
2025-09-09,80.77999877929688,76.14521789550781
2025-09-10,80.83999633789062,76.2017822265625
2025-09-11,81.04000091552734,76.39030456542969
2025-09-12,80.95999908447266,76.31490325927734
2025-09-15,81.19000244140625,76.53170013427734
2025-09-16,81.12999725341797,76.47514343261719
2025-09-17,81.05000305175781,76.39974212646484
2025-09-18,81.2300033569336,76.56939697265625
2025-09-19,81.26000213623047,76.5976791381836
2025-09-22,81.31999969482422,76.65423583984375
2025-09-23,81.26000213623047,76.5976791381836
2025-09-24,81.1500015258789,76.4939956665039
2025-09-25,80.91999816894531,76.27718353271484
2025-09-26,81.08000183105469,76.42801666259766
2025-09-29,81.22000122070312,76.55998229980469
2025-09-30,81.19000244140625,76.53170013427734
2025-10-01,80.95999908447266,76.6747055053711
2025-10-02,80.93000030517578,76.64627838134766
2025-10-03,80.83999633789062,76.5610580444336
2025-10-06,80.86000061035156,76.58000946044922
2025-10-07,80.7699966430664,76.49475860595703
2025-10-08,80.6500015258789,76.38111877441406
2025-10-09,80.41999816894531,76.16328430175781
2025-10-10,79.94999694824219,75.7181625366211
2025-10-13,80.44999694824219,76.19169616699219
2025-10-14,80.54000091552734,76.27694702148438
2025-10-15,80.80000305175781,76.52318572998047
2025-10-16,80.51000213623047,76.24851989746094
2025-10-17,80.72000122070312,76.44740295410156
2025-10-20,80.87999725341797,76.59894561767578
2025-10-21,80.76000213623047,76.48529815673828
2025-10-22,80.68000030517578,76.40951538085938
2025-10-23,80.86000061035156,76.58000946044922
2025-10-24,81.08000183105469,76.7883529663086
2025-10-27,81.27999877929688,76.9777603149414
2025-10-28,81.19999694824219,76.90200805664062
2025-10-29,80.94999694824219,76.66522979736328
2025-10-30,80.80000305175781,76.52318572998047
2025-10-31,80.80000305175781,76.52318572998047
2025-11-03,80.13999938964844,76.28520202636719
2025-11-04,80.1500015258789,76.29471588134766
2025-11-05,80.2300033569336,76.3708724975586
2025-11-06,80.26000213623047,76.39942932128906
2025-11-07,80.33000183105469,76.46607208251953
2025-11-10,80.5999984741211,76.72308349609375
2025-11-11,80.69000244140625,76.80873107910156
2025-11-12,80.52999877929688,76.65644836425781
2025-11-13,80.19999694824219,76.34232330322266
2025-11-14,80.22000122070312,76.3613510131836
2025-11-17,80.08999633789062,76.23759460449219
2025-11-18,80.11000061035156,76.25662994384766
2025-11-19,80.1500015258789,76.29471588134766
2025-11-20,80.0999984741211,76.24710845947266
2025-11-21,80.37000274658203,76.50413513183594
2025-11-24,80.58999633789062,76.71356201171875
2025-11-25,80.87000274658203,76.98009490966797
2025-11-26,80.94999694824219,77.05623626708984
2025-11-28,80.98999786376953,77.09431457519531
2025-12-01,80.47000122070312,76.95565795898438
2025-12-02,80.62000274658203,77.0990982055664
2025-12-03,80.69000244140625,77.1660385131836
2025-12-04,80.75,77.22341918945312
2025-12-05,80.75,77.22341918945312
2025-12-08,80.55000305175781,77.03216552734375
2025-12-09,80.45999908447266,76.94609069824219
2025-12-10,80.7300033569336,77.20429992675781
2025-12-11,80.72000122070312,77.19473266601562
2025-12-12,80.56999969482422,77.05128479003906
2025-12-15,80.61000061035156,77.08953857421875
2025-12-16,80.66000366210938,77.13735961914062
2025-12-17,80.55999755859375,77.0417251586914
2025-12-18,80.77999877929688,77.25211334228516
2025-12-19,80.36000061035156,77.21464538574219
2025-12-22,80.43000030517578,77.28189849853516
2025-12-23,80.48999786376953,77.33954620361328
2025-12-24,80.63999938964844,77.48367309570312
2025-12-26,80.5999984741211,77.44524383544922
2025-12-29,80.62999725341797,77.47406005859375
2025-12-30,80.70999908447266,77.55093383789062
2025-12-31,80.62999725341797,77.47406005859375
2026-01-02,80.66999816894531,77.51251220703125
2026-01-05,80.87999725341797,77.71427917480469
2026-01-06,80.9000015258789,77.7334976196289
2026-01-07,80.87999725341797,77.71427917480469
2026-01-08,80.94000244140625,77.77193450927734
2026-01-09,81.0,77.82958221435547
2026-01-12,81.04000091552734,77.86803436279297
2026-01-13,81.04000091552734,77.86803436279297
2026-01-14,81.04000091552734,77.86803436279297
2026-01-15,81.04000091552734,77.86803436279297
2026-01-16,81.08999633789062,77.91605377197266
2026-01-20,80.87999725341797,77.71427917480469
2026-01-21,81.12000274658203,77.94489288330078
2026-01-22,81.18000030517578,78.0025405883789
2026-01-23,81.13999938964844,77.964111328125
2026-01-26,81.18000030517578,78.0025405883789
2026-01-27,81.16999816894531,77.992919921875
2026-01-28,81.04000091552734,77.86803436279297
2026-01-29,81.02999877929688,77.85841369628906
2026-01-30,81.12000274658203,77.94489288330078
2026-02-02,80.7699966430664,77.9922103881836
2026-02-03,80.72000122070312,77.94392395019531
2026-02-04,80.62000274658203,77.84735870361328
2026-02-05,80.52999877929688,77.76045227050781
2026-02-06,80.80999755859375,78.03082275390625
2026-02-09,80.91999816894531,78.13704681396484
2026-02-10,80.83999633789062,78.0597915649414
2026-02-11,80.83000183105469,78.05014038085938
2026-02-12,80.79000091552734,78.01152038574219
2026-02-13,80.8499984741211,78.0694580078125
2026-02-17,80.80999755859375,78.03082275390625
2026-02-18,80.91000366210938,78.12739562988281
2026-02-19,80.94000244140625,78.15635681152344
2026-02-20,81.0,78.21428680419922
2026-02-23,80.87000274658203,78.08876037597656
2026-02-24,80.80999755859375,78.03082275390625
2026-02-25,80.91999816894531,78.13704681396484
2026-02-26,80.8499984741211,78.0694580078125
2026-02-27,80.72000122070312,77.94392395019531
2026-03-02,80.27999877929688,77.89928436279297
2026-03-03,80.12000274658203,77.74403381347656
2026-03-04,80.4000015258789,78.01573181152344
2026-03-05,80.08000183105469,77.70521545410156
2026-03-06,79.69000244140625,77.3267822265625
2026-03-09,80.16999816894531,77.79254150390625
2026-03-10,80.04000091552734,77.6664047241211
2026-03-11,79.86000061035156,77.49173736572266
2026-03-12,79.3499984741211,76.99687194824219
2026-03-13,79.19999694824219,76.85131072998047
2026-03-16,79.44999694824219,77.0938949584961
2026-03-17,79.80999755859375,77.44322204589844
2026-03-18,79.4000015258789,77.04539489746094
2026-03-19,79.66000366210938,77.29767608642578
2026-03-20,78.91999816894531,76.57962036132812
2026-03-23,79.44000244140625,77.08419036865234
2026-03-24,79.16999816894531,76.82220458984375
2026-03-25,79.41999816894531,77.06478118896484
2026-03-26,78.91999816894531,76.57962036132812
2026-03-27,78.72000122070312,76.38555145263672
2026-03-30,78.80999755859375,76.4728775024414
2026-03-31,79.55999755859375,77.20062255859375
2026-04-01,79.37000274658203,77.3897933959961
2026-04-02,79.55999755859375,77.57504272460938
2026-04-06,79.69999694824219,77.71156311035156
2026-04-07,79.72000122070312,77.73107147216797
2026-04-08,80.19000244140625,78.18933868408203
2026-04-09,80.27999877929688,78.27709197998047
2026-04-10,79.95999908447266,77.96508026123047
2026-04-13,80.26000213623047,78.25759887695312
2026-04-14,80.5,78.4916000366211
2026-04-15,80.45999908447266,78.45259857177734
2026-04-16,80.3499984741211,78.34534454345703
2026-04-17,80.6500015258789,78.63787078857422
2026-04-20,80.58000183105469,78.56961059570312
2026-04-21,80.37000274658203,78.36485290527344
2026-04-22,80.5,78.4916000366211
2026-04-23,80.37000274658203,78.36485290527344
2026-04-24,80.4800033569336,78.47210693359375
2026-04-27,80.51000213623047,78.50135803222656
2026-04-28,80.4000015258789,78.39410400390625
2026-04-29,80.12999725341797,78.1308364868164
2026-04-30,80.37999725341797,78.37459564208984
2026-05-01,80.05999755859375,78.47163391113281
2026-05-04,79.80000305175781,78.21678924560547
2026-05-05,79.91999816894531,78.33440399169922
2026-05-06,80.16000366210938,78.56965637207031
2026-05-07,79.86000061035156,78.27560424804688
2026-05-08,80.13999938964844,78.550048828125
2026-05-11,79.9800033569336,78.39321899414062
2026-05-12,79.87000274658203,78.28541564941406
2026-05-13,79.91000366210938,78.32461547851562
2026-05-14,79.8499984741211,78.26580047607422
2026-05-15,79.45999908447266,77.88353729248047
2026-05-18,79.54000091552734,77.96195220947266
2026-05-19,79.3499984741211,77.77571868896484
2026-05-20,79.86000061035156,78.27560424804688
2026-05-21,79.9000015258789,78.3148193359375
2026-05-22,79.91000366210938,78.32461547851562
2026-05-26,80.18000030517578,78.5892562866211
2026-05-27,80.12999725341797,78.54024505615234
2026-05-28,80.2300033569336,78.63825988769531
2026-05-29,80.30999755859375,78.7166748046875
2026-06-01,79.83999633789062,78.65657043457031
2026-06-02,79.9000015258789,78.71568298339844
2026-06-03,79.68000030517578,78.49894714355469
2026-06-04,79.83000183105469,78.64672088623047
2026-06-05,79.43000030517578,78.25265502929688
2026-06-08,79.54000091552734,78.36102294921875
2026-06-09,79.62000274658203,78.43983459472656
2026-06-10,79.47000122070312,78.29206085205078
2026-06-11,79.94000244140625,78.75509643554688
2026-06-12,79.94000244140625,78.75509643554688
2026-06-15,80.04000091552734,78.8536148071289
2026-06-16,80.02999877929688,78.84375762939453
2026-06-17,79.7300033569336,78.54821014404297
2026-06-18,80.01000213623047,78.82405090332031
2026-06-22,79.94000244140625,78.75509643554688
2026-06-23,79.87000274658203,78.6861343383789
2026-06-24,79.8499984741211,78.66642761230469
2026-06-25,79.87999725341797,78.69598388671875
2026-06-26,79.83000183105469,78.64672088623047
2026-06-29,80.01000213623047,78.82405090332031
2026-06-30,79.97000122070312,78.78465270996094
2026-07-01,79.58999633789062,78.77375793457031
2026-07-02,79.70999908447266,78.89252471923828
2026-07-06,79.87000274658203,79.05089569091797
2026-07-07,79.76000213623047,78.94202423095703
2026-07-08,79.66000366210938,78.84304809570312
2026-07-09,79.75,78.93212127685547
2026-07-10,79.70999908447266,78.89252471923828
2026-07-13,79.5199966430664,78.70448303222656
2026-07-14,79.68000030517578,78.86283874511719
2026-07-15,79.80999755859375,78.99150085449219
2026-07-16,79.80000305175781,78.98160552978516
2026-07-17,79.6500015258789,78.83314514160156
2026-07-20,79.68000030517578,78.86283874511719
2026-07-21,79.6500015258789,78.83314514160156
2026-07-22,79.5199966430664,78.70448303222656
2026-07-23,79.2300033569336,78.4174575805664
2026-07-24,79.2300033569336,78.4174575805664
2026-07-27,79.2699966430664,78.45703887939453
2026-07-28,79.41999816894531,78.60550689697266
2026-07-29,79.23999786376953,78.42735290527344
2026-07-30,79.47000122070312,78.65499114990234
2026-07-31,79.4800033569336,78.6648941040039
2026-08-03,79.30999755859375,78.87772369384766
2026-08-04,79.55000305175781,79.11642456054688
2026-08-05,79.5199966430664,79.08657836914062
2026-08-06,79.45999908447266,79.02690887451172
2026-08-07,79.61000061035156,79.17609405517578
2026-08-10,79.4800033569336,79.04680633544922
2026-08-11,79.51000213623047,79.0766372680664
2026-08-12,79.61000061035156,79.17609405517578
2026-08-13,79.79000091552734,79.35511016845703
2026-08-14,79.70999908447266,79.27554321289062
2026-08-17,79.61000061035156,79.17609405517578
2026-08-18,79.52999877929688,79.09652709960938
2026-08-19,79.70999908447266,79.27554321289062
2026-08-20,79.55999755859375,79.12635803222656
2026-08-21,79.61000061035156,79.17609405517578
2026-08-24,79.69999694824219,79.26559448242188
2026-08-25,79.91999816894531,79.4843978881836
2026-08-26,79.9000015258789,79.46451568603516
2026-08-27,79.87000274658203,79.43467712402344
2026-08-28,79.73999786376953,79.30538177490234
2026-08-31,79.80999755859375,79.375
