date,close,adjusted_close
2011-01-03,79.5999984741211,64.57679748535156
2011-01-04,78.41999816894531,63.619476318359375
2011-01-05,79.33999633789062,64.36583709716797
2011-01-06,78.97000122070312,64.06572723388672
2011-01-07,78.5199966430664,63.70064163208008
2011-01-10,78.97000122070312,64.06572723388672
2011-01-11,79.29000091552734,64.32530212402344
2011-01-12,79.97000122070312,64.8769760131836
2011-01-13,79.94000244140625,64.85265350341797
2011-01-14,80.54000091552734,65.33938598632812
2011-01-18,80.5999984741211,65.3880844116211
2011-01-19,78.52999877929688,63.708744049072266
2011-01-20,77.70999908447266,63.043521881103516
2011-01-21,77.19000244140625,62.621646881103516
2011-01-24,77.76000213623047,63.084068298339844
2011-01-25,77.87999725341797,63.181434631347656
2011-01-26,79.12000274658203,64.18743133544922
2011-01-27,79.3499984741211,64.37397766113281
2011-01-28,77.41000366210938,62.80013656616211
2011-01-31,77.94999694824219,63.23820114135742
2011-02-01,79.75,64.69850158691406
2011-02-02,79.44999694824219,64.45509338378906
2011-02-03,79.7300033569336,64.68226623535156
2011-02-04,79.87000274658203,64.79583740234375
2011-02-07,80.66000366210938,65.4367446899414
2011-02-08,81.2300033569336,65.89918518066406
2011-02-09,80.87000274658203,65.60710906982422
2011-02-10,81.19000244140625,65.86671447753906
2011-02-11,82.06999969482422,66.58062744140625
2011-02-14,82.48999786376953,66.92140197753906
2011-02-15,82.0199966430664,66.54007720947266
2011-02-16,82.68000030517578,67.07551574707031
2011-02-17,83.26000213623047,67.54602813720703
2011-02-18,83.3499984741211,67.6190185546875
2011-02-22,81.20999908447266,65.8829345703125
2011-02-23,79.80999755859375,64.74720764160156
2011-02-24,80.31999969482422,65.16092681884766
2011-02-25,82.18000030517578,66.66987609863281
2011-02-28,82.2699966430664,66.74290466308594
2011-03-01,80.62000274658203,65.40430450439453
2011-03-02,80.95999908447266,65.68009948730469
2011-03-03,82.80000305175781,67.1728286743164
2011-03-04,82.44000244140625,66.88077545166016
2011-03-07,81.08999633789062,65.78557586669922
2011-03-08,82.41000366210938,66.85645294189453
2011-03-09,82.08000183105469,66.5887451171875
2011-03-10,79.97000122070312,64.8769760131836
2011-03-11,80.18000030517578,65.0473403930664
2011-03-14,79.75,64.69850158691406
2011-03-15,79.04000091552734,64.12249755859375
2011-03-16,78.25,63.48159408569336
2011-03-17,78.41999816894531,63.619476318359375
2011-03-18,79.45999908447266,64.46321868896484
2011-03-21,81.30000305175781,65.95594787597656
2011-03-22,80.87000274658203,65.60710906982422
2011-03-23,81.12000274658203,65.80992126464844
2011-03-24,81.51000213623047,66.26439666748047
2011-03-25,82.22000122070312,66.84156799316406
2011-03-28,82.04000091552734,66.69523620605469
2011-03-29,82.80999755859375,67.32125854492188
2011-03-30,83.87999725341797,68.19109344482422
2011-03-31,84.16999816894531,68.42683410644531
2011-04-01,84.54000091552734,68.7276382446289
2011-04-04,84.7300033569336,68.88208770751953
2011-04-05,85.19000244140625,69.25606536865234
2011-04-06,85.37999725341797,69.41053771972656
2011-04-07,84.87000274658203,68.99593353271484
2011-04-08,83.9800033569336,68.27237701416016
2011-04-11,83.2300033569336,67.6626968383789
2011-04-12,82.13999938964844,66.77655792236328
2011-04-13,82.25,66.86597442626953
2011-04-14,82.62999725341797,67.17488861083984
2011-04-15,83.51000213623047,67.89028930664062
2011-04-18,82.12999725341797,66.76841735839844
2011-04-19,82.1500015258789,66.78466033935547
2011-04-20,83.83000183105469,68.15043640136719
2011-04-21,84.44999694824219,68.65447235107422
2011-04-25,84.33999633789062,68.5650405883789
2011-04-26,85.18000030517578,69.24793243408203
2011-04-27,85.69000244140625,69.66255187988281
2011-04-28,86.08000183105469,69.97959899902344
2011-04-29,86.38999938964844,70.23162841796875
2011-05-02,85.37999725341797,69.41053771972656
2011-05-03,84.30000305175781,68.53252410888672
2011-05-04,83.20999908447266,67.64643859863281
2011-05-05,82.83000183105469,67.33748626708984
2011-05-06,83.2699966430664,67.69513702392578
2011-05-09,84.23999786376953,68.48377227783203
2011-05-10,85.52999877929688,69.53245544433594
2011-05-11,83.94999694824219,68.24800109863281
2011-05-12,84.69000244140625,68.84957122802734
2011-05-13,83.51000213623047,67.89028930664062
2011-05-16,82.29000091552734,66.8984603881836
2011-05-17,82.02999877929688,66.68710327148438
2011-05-18,83.29000091552734,67.71144104003906
2011-05-19,83.47000122070312,67.8578109741211
2011-05-20,82.86000061035156,67.36186218261719
2011-05-23,81.37000274658203,66.15056610107422
2011-05-24,80.9800033569336,65.83353424072266
2011-05-25,82.0,66.66271209716797
2011-05-26,83.08000183105469,67.54072570800781
2011-05-27,83.6500015258789,68.00411224365234
2011-05-31,84.83999633789062,68.97154998779297
2011-06-01,82.11000061035156,66.75215148925781
2011-06-02,82.08000183105469,66.72772979736328
2011-06-03,80.87999725341797,65.7522201538086
2011-06-06,79.55000305175781,64.6709976196289
2011-06-07,79.73999786376953,64.82544708251953
2011-06-08,78.8499984741211,64.10187530517578
2011-06-09,79.2699966430664,64.443359375
2011-06-10,78.0,63.41090774536133
2011-06-13,77.77999877929688,63.23200988769531
2011-06-14,79.44999694824219,64.58966827392578
2011-06-15,78.02999877929688,63.43528366088867
2011-06-16,78.20999908447266,63.58161926269531
2011-06-17,78.2300033569336,63.59788131713867
2011-06-20,78.94999694824219,64.18321228027344
2011-06-21,80.66000366210938,65.5733642578125
2011-06-22,80.04000091552734,65.0693359375
2011-06-23,80.3499984741211,65.32135772705078
2011-06-24,79.94000244140625,64.98802947998047
2011-06-27,80.55999755859375,65.49203491210938
2011-06-28,81.80999755859375,66.50827026367188
2011-06-29,82.19999694824219,66.8253173828125
2011-06-30,82.80000305175781,67.31306457519531
2011-07-01,84.08999633789062,68.36181640625
2011-07-05,84.04000091552734,68.52650451660156
2011-07-06,84.37999725341797,68.80376434326172
2011-07-07,85.6500015258789,69.83930206298828
2011-07-08,85.12999725341797,69.415283203125
2011-07-11,83.31999969482422,67.93940734863281
2011-07-12,82.8499984741211,67.55618286132812
2011-07-13,83.58999633789062,68.15960693359375
2011-07-14,82.26000213623047,67.07511138916016
2011-07-15,82.80999755859375,67.52359008789062
2011-07-18,81.4800033569336,66.43910217285156
2011-07-19,83.31999969482422,67.93940734863281
2011-07-20,83.18000030517578,67.82526397705078
2011-07-21,83.94000244140625,68.44497680664062
2011-07-22,84.05000305175781,68.53469848632812
2011-07-25,83.05999755859375,67.7274169921875
2011-07-26,82.43000030517578,67.21370697021484
2011-07-27,79.97000122070312,65.20783233642578
2011-07-28,79.83999633789062,65.10182189941406
2011-07-29,79.73999786376953,65.02027130126953
2011-08-01,79.22000122070312,64.59628295898438
2011-08-02,76.75,62.582218170166016
2011-08-03,77.26000213623047,62.99810791015625
2011-08-04,72.5999984741211,59.19831848144531
2011-08-05,71.33000183105469,58.162742614746094
2011-08-08,65.12000274658203,53.09907913208008
2011-08-09,69.45999908447266,56.6379280090332
2011-08-10,66.05999755859375,53.86557388305664
2011-08-11,69.36000061035156,56.5563850402832
2011-08-12,69.79000091552734,56.90702438354492
2011-08-15,71.76000213623047,58.51337432861328
2011-08-16,70.44000244140625,57.437049865722656
2011-08-17,70.45999908447266,57.45336151123047
2011-08-18,66.44999694824219,54.18357467651367
2011-08-19,65.27999877929688,53.22954177856445
2011-08-22,65.05000305175781,53.04200744628906
2011-08-23,68.19000244140625,55.602386474609375
2011-08-24,69.19999694824219,56.425926208496094
2011-08-25,67.5,55.03974914550781
2011-08-26,69.11000061035156,56.352542877197266
2011-08-29,72.37999725341797,59.0189323425293
2011-08-30,72.80000305175781,59.36138153076172
2011-08-31,72.6500015258789,59.23908615112305
2011-09-01,71.08999633789062,57.96702575683594
2011-09-02,68.45999908447266,55.82252883911133
2011-09-06,68.2699966430664,55.667625427246094
2011-09-07,70.8499984741211,57.7713508605957
2011-09-08,69.55000305175781,56.711334228515625
2011-09-09,67.5,55.03974914550781
2011-09-12,68.08000183105469,55.512699127197266
2011-09-13,69.18000030517578,56.409603118896484
2011-09-14,70.41999816894531,57.42072677612305
2011-09-15,71.41000366210938,58.227970123291016
2011-09-16,71.5199966430664,58.31766891479492
2011-09-19,70.23999786376953,57.273948669433594
2011-09-20,69.1500015258789,56.38518524169922
2011-09-21,66.58999633789062,54.29771041870117
2011-09-22,64.7300033569336,52.78107452392578
2011-09-23,65.13999938964844,53.32133483886719
2011-09-26,66.37000274658203,54.32817840576172
2011-09-27,67.80000305175781,55.49872970581055
2011-09-28,65.19999694824219,53.370452880859375
2011-09-29,66.33000183105469,54.29541778564453
2011-09-30,64.30000305175781,52.63373565673828
2011-10-03,60.9900016784668,49.924293518066406
2011-10-04,64.79000091552734,53.03482437133789
2011-10-05,65.68000030517578,53.763370513916016
2011-10-06,67.13999938964844,54.95846176147461
2011-10-07,65.5,53.61601638793945
2011-10-10,68.37000274658203,55.965274810791016
2011-10-11,68.83999633789062,56.350006103515625
2011-10-12,69.81999969482422,57.15222930908203
2011-10-13,69.76000213623047,57.103111267089844
2011-10-14,71.13999938964844,58.23271942138672
2011-10-17,68.9800033569336,56.464630126953125
2011-10-18,70.80999755859375,57.96257781982422
2011-10-19,69.43000030517578,56.83297348022461
2011-10-20,69.62000274658203,56.988529205322266
2011-10-21,71.12999725341797,58.22454071044922
2011-10-24,73.41999816894531,60.099037170410156
2011-10-25,71.36000061035156,58.412811279296875
2011-10-26,72.58999633789062,59.419612884521484
2011-10-27,76.41999816894531,62.55476379394531
2011-10-28,76.02999877929688,62.235511779785156
2011-10-31,74.01000213623047,60.582008361816406
2011-11-01,71.38999938964844,58.437355041503906
2011-11-02,73.1500015258789,59.87803649902344
2011-11-03,74.97000122070312,61.367855072021484
2011-11-04,74.5999984741211,61.06498718261719
2011-11-07,74.44999694824219,60.94216537475586
2011-11-08,75.54000091552734,61.83439636230469
2011-11-09,71.94000244140625,58.8875617980957
2011-11-10,72.47000122070312,59.32138442993164
2011-11-11,74.37999725341797,60.884857177734375
2011-11-14,73.30999755859375,60.009010314941406
2011-11-15,74.23999786376953,60.77029037475586
2011-11-16,73.04000091552734,59.787994384765625
2011-11-17,72.0,58.93669509887695
2011-11-18,71.9800033569336,58.92033767700195
2011-11-21,70.26000213623047,57.51237869262695
2011-11-22,69.66999816894531,57.02942657470703
2011-11-23,67.4800033569336,55.23678970336914
2011-11-25,66.62000274658203,54.532814025878906
2011-11-28,69.79000091552734,57.12765884399414
2011-11-29,69.66000366210938,57.02122497558594
2011-11-30,73.7300033569336,60.35282897949219
2011-12-01,73.19999694824219,59.918983459472656
2011-12-02,73.5,60.164554595947266
2011-12-05,74.76000213623047,61.19591522216797
2011-12-06,74.83000183105469,61.25321960449219
2011-12-07,74.68000030517578,61.130455017089844
2011-12-08,72.36000061035156,59.23136520385742
2011-12-09,74.54000091552734,61.015838623046875
2011-12-12,73.47000122070312,60.13996887207031
2011-12-13,71.94000244140625,58.8875617980957
2011-12-14,71.04000091552734,58.15086364746094
2011-12-15,71.69999694824219,58.69112014770508
2011-12-16,72.26000213623047,59.149513244628906
2011-12-19,71.01000213623047,58.126312255859375
2011-12-20,73.86000061035156,60.45920181274414
2011-12-21,74.16000366210938,60.70479202270508
2011-12-22,74.2699966430664,61.09138488769531
2011-12-23,74.55000305175781,61.32173156738281
2011-12-27,74.7699966430664,61.50266647338867
2011-12-28,73.41000366210938,60.38398742675781
2011-12-29,74.1500015258789,60.99266815185547
2011-12-30,73.75,60.66365051269531
2012-01-03,74.97000122070312,61.66720962524414
2012-01-04,74.55999755859375,61.32994079589844
2012-01-05,74.9800033569336,61.67544174194336
2012-01-06,74.79000091552734,61.51911544799805
2012-01-09,75.16999816894531,61.83171081542969
2012-01-10,76.2699966430664,62.73652267456055
2012-01-11,76.56999969482422,62.98325729370117
2012-01-12,76.80000305175781,63.172462463378906
2012-01-13,76.38999938964844,62.83523941040039
2012-01-17,76.36000061035156,62.81052017211914
2012-01-18,77.72000122070312,63.92919158935547
2012-01-19,78.19999694824219,64.32404327392578
2012-01-20,78.25,64.36518096923828
2012-01-23,78.1500015258789,64.28294372558594
2012-01-24,78.5999984741211,64.65308380126953
2012-01-25,79.2699966430664,65.20417785644531
2012-01-26,79.18000030517578,65.1301498413086
2012-01-27,79.72000122070312,65.57430267333984
2012-01-30,79.0999984741211,65.06432342529297
2012-01-31,79.0199966430664,64.99852752685547
2012-02-01,80.72000122070312,66.39688873291016
2012-02-02,81.18000030517578,66.7752685546875
2012-02-03,82.94999694824219,68.2312240600586
2012-02-06,82.68000030517578,68.00910186767578
2012-02-07,82.62999725341797,67.96796417236328
2012-02-08,82.80999755859375,68.11604309082031
2012-02-09,82.4000015258789,67.7787857055664
2012-02-10,81.2699966430664,66.84928894042969
2012-02-13,82.31999969482422,67.71297454833984
2012-02-14,81.94999694824219,67.40863037109375
2012-02-15,81.2699966430664,66.84928894042969
2012-02-16,82.80000305175781,68.10782623291016
2012-02-17,82.79000091552734,68.09960174560547
2012-02-21,82.2300033569336,67.63897705078125
2012-02-22,81.58000183105469,67.10431671142578
2012-02-23,82.80000305175781,68.10782623291016
2012-02-24,82.63999938964844,67.97620391845703
2012-02-27,82.5,67.86103820800781
2012-02-28,82.27999877929688,67.6800765991211
2012-02-29,81.05000305175781,66.66832733154297
2012-03-01,81.47000122070312,67.0138168334961
2012-03-02,80.25,66.0102767944336
2012-03-05,80.33999633789062,66.08432006835938
2012-03-06,78.73999786376953,64.76821899414062
2012-03-07,79.4800033569336,65.3769302368164
2012-03-08,80.51000213623047,66.22416687011719
2012-03-09,81.5999984741211,67.12074279785156
2012-03-12,81.44000244140625,66.98914337158203
2012-03-13,83.05999755859375,68.32167053222656
2012-03-14,82.37999725341797,67.7623291015625
2012-03-15,83.06999969482422,68.32990264892578
2012-03-16,83.0,68.2723159790039
2012-03-19,83.69999694824219,68.84809875488281
2012-03-20,82.94999694824219,68.2312240600586
2012-03-21,82.93000030517578,68.21475219726562
2012-03-22,82.12999725341797,67.55671691894531
2012-03-23,82.68000030517578,68.21759796142578
2012-03-26,84.4000015258789,69.63672637939453
2012-03-27,83.80999755859375,69.14994812011719
2012-03-28,83.31999969482422,68.74563598632812
2012-03-29,83.08000183105469,68.54761505126953
2012-03-30,82.80999755859375,68.32485961914062
2012-04-02,83.83000183105469,69.16641998291016
2012-04-03,83.2699966430664,68.7043685913086
2012-04-04,81.94000244140625,67.60704040527344
2012-04-05,81.58000183105469,67.31001281738281
2012-04-09,80.23999786376953,66.20440673828125
2012-04-10,78.3499984741211,64.64495849609375
2012-04-11,79.45999908447266,65.56082916259766
2012-04-12,80.5999984741211,66.50140380859375
2012-04-13,79.54000091552734,65.62684631347656
2012-04-16,79.66999816894531,65.73410034179688
2012-04-17,80.81999969482422,66.68299102783203
2012-04-18,80.20999908447266,66.1796646118164
2012-04-19,79.75,65.80008697509766
2012-04-20,80.20999908447266,66.1796646118164
2012-04-23,79.0999984741211,65.26377868652344
2012-04-24,79.69999694824219,65.75882720947266
2012-04-25,80.94000244140625,66.78197479248047
2012-04-26,81.73999786376953,67.4420166015625
2012-04-27,82.37999725341797,67.97005462646484
2012-04-30,81.47000122070312,67.21923065185547
2012-05-01,81.55000305175781,67.28524780273438
2012-05-02,81.7699966430664,67.46678161621094
2012-05-03,80.62000274658203,66.51791381835938
2012-05-04,79.08999633789062,65.25554656982422
2012-05-07,79.30000305175781,65.4288101196289
2012-05-08,79.25,65.38754272460938
2012-05-09,78.80000305175781,65.01630401611328
2012-05-10,79.0999984741211,65.26377868652344
2012-05-11,78.9000015258789,65.09880065917969
2012-05-14,77.8499984741211,64.23246765136719
2012-05-15,77.70999908447266,64.11691284179688
2012-05-16,77.1500015258789,63.65492630004883
2012-05-17,75.4000015258789,62.21101760864258
2012-05-18,74.69000244140625,61.625213623046875
2012-05-21,76.44999694824219,63.07733917236328
2012-05-22,75.98999786376953,62.69780731201172
2012-05-23,76.4800033569336,63.10209655761719
2012-05-24,76.63999938964844,63.234134674072266
2012-05-25,76.58999633789062,63.19285202026367
2012-05-29,77.69999694824219,64.10869598388672
2012-05-30,76.20999908447266,62.879329681396484
2012-05-31,76.11000061035156,62.79683303833008
2012-06-01,73.81999969482422,60.9073600769043
2012-06-04,73.6500015258789,60.767127990722656
2012-06-05,74.5999984741211,61.55095291137695
2012-06-06,76.44000244140625,63.06910705566406
2012-06-07,75.94000244140625,62.656558990478516
2012-06-08,76.97000122070312,63.50638198852539
2012-06-11,75.2699966430664,62.10377883911133
2012-06-12,76.22000122070312,62.8875732421875
2012-06-13,75.33999633789062,62.1614990234375
2012-06-14,76.19999694824219,62.87103271484375
2012-06-15,77.22000122070312,63.7126579284668
2012-06-18,77.30999755859375,63.78692626953125
2012-06-19,78.6500015258789,64.89250183105469
2012-06-20,78.52999877929688,64.79349517822266
2012-06-21,76.62000274658203,63.21760559082031
2012-06-22,77.48999786376953,63.935420989990234
2012-06-25,76.27999877929688,62.93708419799805
2012-06-26,76.19999694824219,63.18330764770508
2012-06-27,77.44000244140625,64.2115249633789
2012-06-28,77.30999755859375,64.1037368774414
2012-06-29,79.55999755859375,65.9693603515625
2012-07-02,80.4800033569336,66.73226928710938
2012-07-03,81.52999877929688,67.60287475585938
2012-07-05,81.44000244140625,67.52825164794922
2012-07-06,80.52999877929688,66.77371215820312
2012-07-09,80.22000122070312,66.51664733886719
2012-07-10,79.33000183105469,65.77865600585938
2012-07-11,79.05999755859375,65.55481719970703
2012-07-12,78.79000091552734,65.3309097290039
2012-07-13,79.7699966430664,66.14350128173828
2012-07-16,79.44999694824219,65.8781509399414
2012-07-17,79.7300033569336,66.1103286743164
2012-07-18,80.22000122070312,66.51664733886719
2012-07-19,79.94999694824219,66.29275512695312
2012-07-20,78.93000030517578,65.447021484375
2012-07-23,77.66999816894531,64.40222930908203
2012-07-24,76.6500015258789,63.55644989013672
2012-07-25,76.81999969482422,63.697425842285156
2012-07-26,77.4800033569336,64.24468231201172
2012-07-27,79.31999969482422,65.77037048339844
2012-07-30,79.05000305175781,65.5465316772461
2012-07-31,78.3499984741211,64.966064453125
2012-08-01,77.05999755859375,63.896427154541016
2012-08-02,76.77999877929688,63.66426086425781
2012-08-03,78.61000061035156,65.18165588378906
2012-08-06,79.22000122070312,65.68743896484375
2012-08-07,79.94000244140625,66.2844467163086
2012-08-08,79.81999969482422,66.18497467041016
2012-08-09,80.19999694824219,66.50005340576172
2012-08-10,79.91999816894531,66.26789855957031
2012-08-13,79.79000091552734,66.16008758544922
2012-08-14,79.5999984741211,66.00254821777344
2012-08-15,80.30000305175781,66.58296966552734
2012-08-16,81.13999938964844,67.27949523925781
2012-08-17,81.70999908447266,67.75214385986328
2012-08-20,81.52999877929688,67.60287475585938
2012-08-21,81.4800033569336,67.5613784790039
2012-08-22,81.08999633789062,67.238037109375
2012-08-23,80.5199966430664,66.76541900634766
2012-08-24,80.73999786376953,66.94782257080078
2012-08-27,80.9800033569336,67.14682006835938
2012-08-28,81.3499984741211,67.45358276367188
2012-08-29,81.5999984741211,67.66089630126953
2012-08-30,80.79000091552734,66.98926544189453
2012-08-31,81.12000274658203,67.26289367675781
2012-09-04,82.11000061035156,68.08380126953125
2012-09-05,82.12999725341797,68.10037994384766
2012-09-06,83.63999938964844,69.3524169921875
2012-09-07,84.26000213623047,69.86648559570312
2012-09-10,83.87999725341797,69.5514144897461
2012-09-11,84.05999755859375,69.70063781738281
2012-09-12,84.48999786376953,70.0572280883789
2012-09-13,85.5999984741211,70.97760772705078
2012-09-14,86.4000015258789,71.64093780517578
2012-09-17,86.0,71.30926513671875
2012-09-18,85.72000122070312,71.07710266113281
2012-09-19,85.56999969482422,70.95272064208984
2012-09-20,85.19000244140625,70.63764953613281
2012-09-21,85.5,70.89469146728516
2012-09-24,84.88999938964844,70.66327667236328
2012-09-25,83.66999816894531,69.64774322509766
2012-09-26,83.13999938964844,69.20652770996094
2012-09-27,84.04000091552734,69.95574188232422
2012-09-28,83.44000244140625,69.4562759399414
2012-10-01,83.72000122070312,69.68936920166016
2012-10-02,83.87999725341797,69.82255554199219
2012-10-03,83.63999938964844,69.6227798461914
2012-10-04,84.20999908447266,70.09724426269531
2012-10-05,84.11000061035156,70.01403045654297
2012-10-08,83.58000183105469,69.57282257080078
2012-10-09,82.5999984741211,68.7570571899414
2012-10-10,82.47000122070312,68.64883422851562
2012-10-11,82.7699966430664,68.8985824584961
2012-10-12,82.0999984741211,68.34087371826172
2012-10-15,82.63999938964844,68.79035949707031
2012-10-16,83.25,69.29813385009766
2012-10-17,84.0,69.92243957519531
2012-10-18,83.54000091552734,69.53952026367188
2012-10-19,81.8499984741211,68.13276672363281
2012-10-22,81.83000183105469,68.11612701416016
2012-10-23,81.41999816894531,67.77479553222656
2012-10-24,81.19999694824219,67.59168243408203
2012-10-25,81.52999877929688,67.86638641357422
2012-10-26,81.13999938964844,67.54175567626953
2012-10-31,81.62999725341797,67.94963073730469
2012-11-01,82.48999786376953,68.66552734375
2012-11-02,81.19000244140625,67.58340454101562
2012-11-05,81.7300033569336,68.03287506103516
2012-11-06,82.33999633789062,68.5406265258789
2012-11-07,80.33999633789062,66.87581634521484
2012-11-08,79.20999908447266,65.93521881103516
2012-11-09,79.37999725341797,66.07669067382812
2012-11-12,79.1500015258789,65.8852310180664
2012-11-13,78.69999694824219,65.51065826416016
2012-11-14,77.23999786376953,64.29534149169922
2012-11-15,76.83999633789062,63.96239471435547
2012-11-16,77.4800033569336,64.49513244628906
2012-11-19,79.12000274658203,65.86029815673828
2012-11-20,79.26000213623047,65.97682189941406
2012-11-21,79.68000030517578,66.32643127441406
2012-11-23,80.47000122070312,66.98404693603516
2012-11-26,80.7300033569336,67.20046997070312
2012-11-27,80.62999725341797,67.11721801757812
2012-11-28,81.30999755859375,67.68325805664062
2012-11-29,82.23999786376953,68.4573974609375
2012-11-30,82.08000183105469,68.3241958618164
2012-12-03,81.98999786376953,68.24929809570312
2012-12-04,82.08999633789062,68.33251953125
2012-12-05,81.98999786376953,68.24929809570312
2012-12-06,82.12000274658203,68.35752868652344
2012-12-07,82.18000030517578,68.40746307373047
2012-12-10,82.54000091552734,68.70711517333984
2012-12-11,83.41000366210938,69.43131256103516
2012-12-12,82.94000244140625,69.04008483886719
2012-12-13,82.41000366210938,68.59892272949219
2012-12-14,82.36000061035156,68.55730438232422
2012-12-17,83.5199966430664,69.52288818359375
2012-12-18,84.66000366210938,70.47184753417969
2012-12-19,84.12000274658203,70.62885284423828
2012-12-20,84.54000091552734,70.9814682006836
2012-12-21,84.19000244140625,70.68763732910156
2012-12-24,83.77999877929688,70.3433837890625
2012-12-26,83.18000030517578,69.83958435058594
2012-12-27,83.12000274658203,69.78921508789062
2012-12-28,82.52999877929688,69.2938461303711
2012-12-31,84.31999969482422,70.79676818847656
2013-01-02,86.80000305175781,72.8790283203125
2013-01-03,86.5999984741211,72.71109771728516
2013-01-04,87.23999786376953,73.2484359741211
2013-01-07,86.91000366210938,72.97138977050781
2013-01-08,86.8499984741211,72.9209976196289
2013-01-09,87.2699966430664,73.27359008789062
2013-01-10,87.47000122070312,73.44157409667969
2013-01-11,87.33999633789062,73.33240509033203
2013-01-14,87.38999938964844,73.37440490722656
2013-01-15,87.7699966430664,73.69343566894531
2013-01-16,87.51000213623047,73.47512817382812
2013-01-17,88.31999969482422,74.15524291992188
2013-01-18,88.56999969482422,74.36518859863281
2013-01-22,89.20999908447266,74.9024887084961
2013-01-23,89.0,74.72618103027344
2013-01-24,89.29000091552734,74.96968841552734
2013-01-25,89.94000244140625,75.51544189453125
2013-01-28,90.0,75.56580352783203
2013-01-29,90.05000305175781,75.6077880859375
2013-01-30,88.97000122070312,74.70101165771484
2013-01-31,89.58000183105469,75.21318054199219
2013-02-01,90.37000274658203,75.87646484375
2013-02-04,89.27999877929688,74.9612808227539
2013-02-05,90.08000183105469,75.63296508789062
2013-02-06,90.45999908447266,75.95204162597656
2013-02-07,90.16000366210938,75.70014190673828
2013-02-08,90.80000305175781,76.23751068115234
2013-02-11,90.69999694824219,76.15350341796875
2013-02-12,91.0999984741211,76.4893798828125
2013-02-13,91.4800033569336,76.80843353271484
2013-02-14,91.70999908447266,77.00159454345703
2013-02-15,91.73999786376953,77.02674865722656
2013-02-19,92.55000305175781,77.70684814453125
2013-02-20,90.83000183105469,76.26271057128906
2013-02-21,89.94999694824219,75.52384948730469
2013-02-22,91.02999877929688,76.43061828613281
2013-02-25,89.0199966430664,74.74297332763672
2013-02-26,89.37000274658203,75.03684997558594
2013-02-27,90.30999755859375,75.82609558105469
2013-02-28,90.4800033569336,75.96879577636719
2013-03-01,90.88999938964844,76.31307220458984
2013-03-04,91.12999725341797,76.51457214355469
2013-03-05,92.19000244140625,77.40458679199219
2013-03-06,92.43000030517578,77.60610961914062
2013-03-07,92.87000274658203,77.9754867553711
2013-03-08,93.7300033569336,78.69760131835938
2013-03-11,93.69999694824219,78.6723861694336
2013-03-12,93.51000213623047,78.51288604736328
2013-03-13,93.86000061035156,78.80675506591797
2013-03-14,94.80000305175781,79.59597778320312
2013-03-15,94.75,79.55400085449219
2013-03-18,94.2300033569336,79.11738586425781
2013-03-19,93.83000183105469,78.78156280517578
2013-03-20,94.69999694824219,79.51200866699219
2013-03-21,93.87000274658203,78.81515502929688
2013-03-22,94.16000366210938,79.05862426757812
2013-03-25,93.94999694824219,79.10409545898438
2013-03-26,94.25,79.3566665649414
2013-03-27,94.30999755859375,79.40719604492188
2013-03-28,94.43000030517578,79.50822448730469
2013-04-01,93.16000366210938,78.43892669677734
2013-04-02,92.58000183105469,77.95057678222656
2013-04-03,91.12999725341797,76.72969055175781
2013-04-04,91.91000366210938,77.38644409179688
2013-04-05,91.7300033569336,77.23490142822266
2013-04-08,92.48999786376953,77.87480163574219
2013-04-09,92.22000122070312,77.64747619628906
2013-04-10,93.88999938964844,79.05353546142578
2013-04-11,94.0199966430664,79.16303253173828
2013-04-12,93.63999938964844,78.84307098388672
2013-04-15,90.11000061035156,75.8708724975586
2013-04-16,91.66999816894531,77.18436431884766
2013-04-17,90.08000183105469,75.84561157226562
2013-04-18,89.58000183105469,75.42465209960938
2013-04-19,90.61000061035156,76.29186248779297
2013-04-22,90.87000274658203,76.51079559326172
2013-04-23,92.30999755859375,77.72325134277344
2013-04-24,92.79000091552734,78.12741088867188
2013-04-25,93.4000015258789,78.6410140991211
2013-04-26,92.9000015258789,78.22002410888672
2013-04-29,93.56999969482422,78.78416442871094
2013-04-30,94.0999984741211,79.23041534423828
2013-05-01,91.81999969482422,77.3106918334961
2013-05-02,93.27999877929688,78.53997802734375
2013-05-03,94.76000213623047,79.78608703613281
2013-05-06,95.37000274658203,80.29973602294922
2013-05-07,96.1500015258789,80.95645141601562
2013-05-08,96.43000030517578,81.19217681884766
2013-05-09,96.0999984741211,80.91436004638672
2013-05-10,96.83000183105469,81.52899169921875
2013-05-13,96.76000213623047,81.4700698852539
2013-05-14,98.0,82.51412963867188
2013-05-15,98.19999694824219,82.68251037597656
2013-05-16,97.94999694824219,82.47199249267578
2013-05-17,99.05000305175781,83.3982162475586
2013-05-20,99.20999908447266,83.53292083740234
2013-05-21,99.2300033569336,83.54975128173828
2013-05-22,97.77999877929688,82.32891082763672
2013-05-23,97.9000015258789,82.42991638183594
2013-05-24,97.87999725341797,82.41309356689453
2013-05-28,99.1500015258789,83.4823989868164
2013-05-29,98.2300033569336,82.70777893066406
2013-05-30,98.88999938964844,83.26345825195312
2013-05-31,97.80000305175781,82.34571838378906
2013-06-03,98.7300033569336,83.12873840332031
2013-06-04,97.68000030517578,82.24468994140625
2013-06-05,96.43000030517578,81.19217681884766
2013-06-06,97.44999694824219,82.05101776123047
2013-06-07,98.19999694824219,82.68251037597656
2013-06-10,98.80000305175781,83.18769073486328
2013-06-11,97.7300033569336,82.28677368164062
2013-06-12,96.76000213623047,81.4700698852539
2013-06-13,98.47000122070312,82.90984344482422
2013-06-14,97.70999908447266,82.26995849609375
2013-06-17,98.3499984741211,82.80882263183594
2013-06-18,99.51000213623047,83.78549194335938
2013-06-19,98.29000091552734,82.75827026367188
2013-06-20,95.69000244140625,80.56916046142578
2013-06-21,95.97000122070312,80.80488586425781
2013-06-24,94.70999908447266,79.74401092529297
2013-06-25,95.62000274658203,80.51020050048828
2013-06-26,96.06999969482422,80.88909912109375
2013-06-27,97.55999755859375,82.14364624023438
2013-06-28,97.0,81.67213439941406
2013-07-01,98.58000183105469,83.0024642944336
2013-07-02,98.08000183105469,82.9432601928711
2013-07-03,98.27999877929688,83.1124038696289
2013-07-05,99.66999816894531,84.28787231445312
2013-07-08,100.06999969482422,84.62613677978516
2013-07-09,101.0,85.41261291503906
2013-07-10,101.27999877929688,85.6494140625
2013-07-11,102.47000122070312,86.65574645996094
2013-07-12,102.68000030517578,86.83330535888672
2013-07-15,103.58000183105469,87.59443664550781
2013-07-16,103.05999755859375,87.15471649169922
2013-07-17,103.45999908447266,87.49297332763672
2013-07-18,104.1500015258789,88.07646179199219
2013-07-19,104.30999755859375,88.21176147460938
2013-07-22,104.52999877929688,88.39783477783203
2013-07-23,104.45999908447266,88.33865356445312
2013-07-24,103.58999633789062,87.60289764404297
2013-07-25,104.54000091552734,88.40632629394531
2013-07-26,104.12000274658203,88.05110931396484
2013-07-29,103.38999938964844,87.43378448486328
2013-07-30,103.4800033569336,87.5098648071289
2013-07-31,103.66000366210938,87.66211700439453
2013-08-01,105.06999969482422,88.85450744628906
2013-08-02,105.16000366210938,88.93062591552734
2013-08-05,105.5199966430664,89.23505401611328
2013-08-06,104.45999908447266,88.33865356445312
2013-08-07,103.72000122070312,87.71285247802734
2013-08-08,104.1500015258789,88.07646179199219
2013-08-09,104.04000091552734,87.98347473144531
2013-08-12,104.58999633789062,88.4485855102539
2013-08-13,104.44999694824219,88.33019256591797
2013-08-14,104.04000091552734,87.98347473144531
2013-08-15,102.11000061035156,86.35134887695312
2013-08-16,101.68000030517578,85.98770141601562
2013-08-19,100.6500015258789,85.11663818359375
2013-08-20,102.0999984741211,86.34285736083984
2013-08-21,101.4800033569336,85.81854248046875
2013-08-22,102.91000366210938,87.0278549194336
2013-08-23,103.16999816894531,87.24774169921875
2013-08-26,103.18000030517578,87.2562026977539
2013-08-27,100.76000213623047,85.20964813232422
2013-08-28,100.95999908447266,85.37879943847656
2013-08-29,101.97000122070312,86.2329330444336
2013-08-30,100.37999725341797,84.8883056640625
2013-09-03,101.05999755859375,85.46337127685547
2013-09-04,101.94999694824219,86.21595764160156
2013-09-05,102.11000061035156,86.35134887695312
2013-09-06,102.38999938964844,86.58808898925781
2013-09-09,103.94000244140625,87.89888000488281
2013-09-10,104.95999908447266,88.76145935058594
2013-09-11,105.01000213623047,88.80374908447266
2013-09-12,104.23999786376953,88.15259552001953
2013-09-13,104.80999755859375,88.63461303710938
2013-09-16,105.04000091552734,88.82910919189453
2013-09-17,106.08000183105469,89.7086410522461
2013-09-18,107.08999633789062,90.56275939941406
2013-09-19,106.9800033569336,90.46973419189453
2013-09-20,106.58999633789062,90.13988494873047
2013-09-23,106.5999984741211,90.14839172363281
2013-09-24,106.66999816894531,90.44768524169922
2013-09-25,106.47000122070312,90.27810668945312
2013-09-26,107.05999755859375,90.77837371826172
2013-09-27,106.58000183105469,90.37137603759766
2013-09-30,106.61000061035156,90.39683532714844
2013-10-01,107.8499984741211,91.4482421875
2013-10-02,107.41000366210938,91.0751724243164
2013-10-03,106.30999755859375,90.14241790771484
2013-10-04,107.0199966430664,90.74446105957031
2013-10-07,105.7699966430664,89.68455505371094
2013-10-08,104.05999755859375,88.23458862304688
2013-10-09,103.63999938964844,87.87847900390625
2013-10-10,106.13999938964844,89.99827575683594
2013-10-11,107.68000030517578,91.3040771484375
2013-10-14,108.22000122070312,91.76197814941406
2013-10-15,107.16000366210938,90.86318969726562
2013-10-16,108.48999786376953,91.99089813232422
2013-10-17,109.44000244140625,92.79644012451172
2013-10-18,110.69000244140625,93.85635375976562
2013-10-21,110.47000122070312,93.66979217529297
2013-10-22,110.76000213623047,93.91568756103516
2013-10-23,110.38999938964844,93.6019287109375
2013-10-24,110.9800033569336,94.10224914550781
2013-10-25,111.08000183105469,94.1870346069336
2013-10-28,111.02999877929688,94.14459228515625
2013-10-29,111.3499984741211,94.41596221923828
2013-10-30,109.83000183105469,93.12712860107422
2013-10-31,109.19000244140625,92.58444213867188
2013-11-01,108.72000122070312,92.18590545654297
2013-11-04,109.97000122070312,93.2458267211914
2013-11-05,109.58999633789062,92.92359924316406
2013-11-06,109.12000274658203,92.52509307861328
2013-11-07,107.27999877929688,90.96492004394531
2013-11-08,109.2300033569336,92.61837768554688
2013-11-11,109.37999725341797,92.74552154541016
2013-11-12,109.47000122070312,92.82185363769531
2013-11-13,110.5199966430664,93.71217346191406
2013-11-14,110.41000366210938,93.61891174316406
2013-11-15,110.83000183105469,93.97505187988281
2013-11-18,110.05000305175781,93.31367492675781
2013-11-19,109.37000274658203,92.73706817626953
2013-11-20,109.33000183105469,92.70315551757812
2013-11-21,111.30000305175781,94.37354278564453
2013-11-22,111.8499984741211,94.83988952636719
2013-11-25,111.98999786376953,94.95862579345703
2013-11-26,112.81999969482422,95.66240692138672
2013-11-27,113.44999694824219,96.19659423828125
2013-11-29,113.51000213623047,96.24748229980469
2013-12-02,112.37000274658203,95.28084564208984
2013-12-03,111.83000183105469,94.82295989990234
2013-12-04,111.52999877929688,94.56858825683594
2013-12-05,111.61000061035156,94.63642120361328
2013-12-06,112.4800033569336,95.37413024902344
2013-12-09,112.44999694824219,95.34868621826172
2013-12-10,111.43000030517578,94.4837875366211
2013-12-11,109.5999984741211,92.93208312988281
2013-12-12,109.83999633789062,93.13557434082031
2013-12-13,110.19999694824219,93.44083404541016
2013-12-16,111.51000213623047,94.5516357421875
2013-12-17,111.3499984741211,94.41596221923828
2013-12-18,112.87999725341797,95.7132568359375
2013-12-19,112.04000091552734,95.00102996826172
2013-12-20,113.93000030517578,96.60358428955078
2013-12-23,114.77999877929688,97.69905853271484
2013-12-24,115.22000122070312,98.0736083984375
2013-12-26,115.2300033569336,98.08209228515625
2013-12-27,115.16000366210938,98.02251434326172
2013-12-30,115.08999633789062,97.96290588378906
2013-12-31,115.36000061035156,98.19273376464844
2014-01-02,114.11000061035156,97.12876892089844
2014-01-03,114.69000244140625,97.6224594116211
2014-01-06,113.76000213623047,96.83084869384766
2014-01-07,114.70999908447266,97.63948059082031
2014-01-08,114.86000061035156,97.76714324951172
2014-01-09,114.88999938964844,97.79269409179688
2014-01-10,115.5199966430664,98.3289566040039
2014-01-13,113.94000244140625,96.98407745361328
2014-01-14,115.33999633789062,98.17573547363281
2014-01-15,116.19999694824219,98.90772247314453
2014-01-16,116.33999633789062,99.02690887451172
2014-01-17,115.93000030517578,98.67791748046875
2014-01-21,116.62000274658203,99.2652587890625
2014-01-22,117.20999908447266,99.76747131347656
2014-01-23,116.41999816894531,99.09502410888672
2014-01-24,113.44999694824219,96.5669937133789
2014-01-27,111.79000091552734,95.15402221679688
2014-01-28,112.97000122070312,96.15845489501953
2014-01-29,111.33999633789062,94.7709732055664
2014-01-30,113.0,96.18397521972656
2014-01-31,112.16000366210938,95.46895599365234
2014-02-03,108.6500015258789,92.4813003540039
2014-02-04,109.47000122070312,93.17924499511719
2014-02-05,108.6500015258789,92.4813003540039
2014-02-06,109.51000213623047,93.21330261230469
2014-02-07,110.75,94.26878356933594
2014-02-10,111.04000091552734,94.5156478881836
2014-02-11,112.02999877929688,95.3582992553711
2014-02-12,112.47000122070312,95.73279571533203
2014-02-13,113.9000015258789,96.95002746582031
2014-02-14,114.05999755859375,97.0862045288086
2014-02-18,115.25,98.09912109375
2014-02-19,114.06999969482422,97.09474182128906
2014-02-20,115.30000305175781,98.14169311523438
2014-02-21,115.66000366210938,98.4481201171875
2014-02-24,116.51000213623047,99.1716079711914
2014-02-25,116.62999725341797,99.27375030517578
2014-02-26,117.3499984741211,99.88658142089844
2014-02-27,117.98999786376953,100.4313735961914
2014-02-28,117.5199966430664,100.03131866455078
2014-03-03,116.88999938964844,99.49506378173828
2014-03-04,119.83000183105469,101.99755096435547
2014-03-05,119.76000213623047,101.93798065185547
2014-03-06,119.73999786376953,101.92093658447266
2014-03-07,119.69999694824219,101.88689422607422
2014-03-10,119.30000305175781,101.54642486572266
2014-03-11,118.05999755859375,100.49095916748047
2014-03-12,118.41999816894531,100.79740142822266
2014-03-13,117.05000305175781,99.63127136230469
2014-03-14,117.54000091552734,100.04832458496094
2014-03-17,118.05999755859375,100.49095916748047
2014-03-18,119.77999877929688,101.95498657226562
2014-03-19,119.0,101.29106903076172
2014-03-20,119.16000366210938,101.42726135253906
2014-03-21,118.61000061035156,100.95912170410156
2014-03-24,117.26000213623047,99.80999755859375
2014-03-25,116.93000030517578,99.7861328125
2014-03-26,114.69000244140625,97.87451171875
2014-03-27,114.4000015258789,97.6270523071289
2014-03-28,114.29000091552734,97.53319549560547
2014-03-31,116.33999633789062,99.2826156616211
2014-04-01,117.87000274658203,100.58829498291016
2014-04-02,118.4000015258789,101.04059600830078
2014-04-03,117.19999694824219,100.01651763916016
2014-04-04,114.48999786376953,97.70384979248047
2014-04-07,112.81999969482422,96.27870178222656
2014-04-08,113.61000061035156,96.95288848876953
2014-04-09,115.25,98.3524398803711
2014-04-10,111.95999908447266,95.54480743408203
2014-04-11,110.41000366210938,94.22205352783203
2014-04-14,110.72000122070312,94.48661041259766
2014-04-15,111.1500015258789,94.85356903076172
2014-04-16,112.36000061035156,95.88614654541016
2014-04-17,112.91999816894531,96.36404418945312
2014-04-21,113.44999694824219,96.81633758544922
2014-04-22,114.62000274658203,97.8147964477539
2014-04-23,113.9000015258789,97.20037078857422
2014-04-24,113.61000061035156,96.95288848876953
2014-04-25,111.61000061035156,95.2461166381836
2014-04-28,110.95999908447266,94.69141387939453
2014-04-29,111.23999786376953,94.93035125732422
2014-04-30,111.9800033569336,95.56185150146484
2014-05-01,111.94000244140625,95.52771759033203
2014-05-02,112.02999877929688,95.60456085205078
2014-05-05,111.88999938964844,95.4850845336914
2014-05-06,110.06999969482422,93.93189239501953
2014-05-07,110.13999938964844,93.99163818359375
2014-05-08,109.02999877929688,93.04437255859375
2014-05-09,110.02999877929688,93.89775085449219
2014-05-12,112.52999877929688,96.03125
2014-05-13,111.43000030517578,95.09248352050781
2014-05-14,109.62000274658203,93.54786682128906
2014-05-15,108.87999725341797,92.9163818359375
2014-05-16,109.56999969482422,93.50521850585938
2014-05-19,110.75,94.51219177246094
2014-05-20,109.05999755859375,93.06999206542969
2014-05-21,109.62000274658203,93.54786682128906
2014-05-22,110.76000213623047,94.52073669433594
2014-05-23,111.97000122070312,95.5533218383789
2014-05-27,113.58000183105469,96.92728424072266
2014-05-28,112.98999786376953,96.42378234863281
2014-05-29,113.37000274658203,96.748046875
2014-05-30,112.86000061035156,96.31283569335938
2014-06-02,112.25,95.79228973388672
2014-06-03,111.9800033569336,95.56185150146484
2014-06-04,112.41999816894531,95.93734741210938
2014-06-05,114.77999877929688,97.95133972167969
2014-06-06,115.87999725341797,98.89004516601562
2014-06-09,116.9000015258789,99.76051330566406
2014-06-10,116.66999816894531,99.564208984375
2014-06-11,116.0999984741211,99.07781219482422
2014-06-12,115.38999938964844,98.4719009399414
2014-06-13,115.58999633789062,98.642578125
2014-06-16,116.1500015258789,99.1204605102539
2014-06-17,116.97000122070312,99.82025909423828
2014-06-18,117.76000213623047,100.49443054199219
2014-06-19,117.86000061035156,100.57974243164062
2014-06-20,118.25,100.91254425048828
2014-06-23,118.0199966430664,100.71630096435547
2014-06-24,116.76000213623047,99.64105224609375
2014-06-25,117.75,100.48590087890625
2014-06-26,117.55000305175781,100.31520080566406
2014-06-27,118.33999633789062,100.9893798828125
2014-06-30,118.80999755859375,101.39045715332031
2014-07-01,120.0199966430664,102.42306518554688
2014-07-02,119.0999984741211,102.02815246582031
2014-07-03,119.81999969482422,102.64497375488281
2014-07-07,117.7699966430664,100.88877868652344
2014-07-08,116.33999633789062,99.66374969482422
2014-07-09,116.48999786376953,99.79228210449219
2014-07-10,115.25,98.73002624511719
2014-07-11,115.0999984741211,98.60152435302734
2014-07-14,115.69000244140625,99.10694885253906
2014-07-15,114.55000305175781,98.1303482055664
2014-07-16,114.23999786376953,97.86478424072266
2014-07-17,112.4800033569336,96.3570785522461
2014-07-18,114.2300033569336,97.856201171875
2014-07-21,113.7699966430664,97.46212768554688
2014-07-22,114.7300033569336,98.28453826904297
2014-07-23,114.87000274658203,98.40447235107422
2014-07-24,114.63999938964844,98.20744323730469
2014-07-25,113.5999984741211,97.3165054321289
2014-07-28,113.02999877929688,96.8282241821289
2014-07-29,113.33999633789062,97.09378051757812
2014-07-30,113.79000091552734,97.47929382324219
2014-07-31,111.19000244140625,95.251953125
2014-08-01,110.68000030517578,94.81505584716797
2014-08-04,111.66000366210938,95.65459442138672
2014-08-05,111.37999725341797,95.41474151611328
2014-08-06,111.7300033569336,95.71458435058594
2014-08-07,111.19000244140625,95.251953125
2014-08-08,112.2699966430664,96.1771469116211
2014-08-11,113.33999633789062,97.09378051757812
2014-08-12,112.55999755859375,96.42558288574219
2014-08-13,113.44000244140625,97.1794662475586
2014-08-14,113.61000061035156,97.32508850097656
2014-08-15,113.38999938964844,97.1366195678711
2014-08-18,115.04000091552734,98.55009460449219
2014-08-19,115.44000244140625,98.89276123046875
2014-08-20,114.94999694824219,98.47300720214844
2014-08-21,115.19999694824219,98.68717193603516
2014-08-22,115.20999908447266,98.69572448730469
2014-08-25,115.75,99.15834045410156
2014-08-26,116.80000305175781,100.05782318115234
2014-08-27,116.51000213623047,99.80937957763672
2014-08-28,115.91000366210938,99.29541015625
2014-08-29,116.55999755859375,99.85222625732422
2014-09-02,117.19999694824219,100.40046691894531
2014-09-03,116.45999908447266,99.76655578613281
2014-09-04,116.01000213623047,99.38107299804688
2014-09-05,116.37999725341797,99.69801330566406
2014-09-08,116.55999755859375,99.85222625732422
2014-09-09,115.18000030517578,98.67005157470703
2014-09-10,115.86000061035156,99.25254821777344
2014-09-11,116.61000061035156,99.89508819580078
2014-09-12,115.37000274658203,98.83280944824219
2014-09-15,114.11000061035156,97.75342559814453
2014-09-16,114.43000030517578,98.02755737304688
2014-09-17,114.7300033569336,98.28453826904297
2014-09-18,115.43000030517578,98.88420104980469
2014-09-19,113.97000122070312,97.63347625732422
2014-09-22,112.37000274658203,96.26282501220703
2014-09-23,111.31999969482422,95.36332702636719
2014-09-24,112.0199966430664,96.22661590576172
2014-09-25,110.12999725341797,94.60311889648438
2014-09-26,111.12000274658203,95.45352935791016
2014-09-29,111.02999877929688,95.37621307373047
2014-09-30,109.3499984741211,93.93309020996094
2014-10-01,107.80000305175781,92.60159301757812
2014-10-02,108.83000183105469,93.48641204833984
2014-10-03,109.6500015258789,94.19076538085938
2014-10-06,108.70999908447266,93.38331604003906
2014-10-07,106.91999816894531,91.8456802368164
2014-10-08,108.97000122070312,93.60665893554688
2014-10-09,106.02999877929688,91.0811538696289
2014-10-10,104.73999786376953,89.9729995727539
2014-10-13,104.31999969482422,89.61225128173828
2014-10-14,105.54000091552734,90.66022491455078
2014-10-15,106.5999984741211,91.57080078125
2014-10-16,107.80000305175781,92.60159301757812
2014-10-17,107.4800033569336,92.32672119140625
2014-10-20,108.73999786376953,93.4090576171875
2014-10-21,110.52999877929688,94.94670104980469
2014-10-22,108.94999694824219,93.58948516845703
2014-10-23,110.87999725341797,95.24734497070312
2014-10-24,111.06999969482422,95.41059112548828
2014-10-27,111.01000213623047,95.3590316772461
2014-10-28,114.16999816894531,98.0735092163086
2014-10-29,113.9000015258789,97.84158325195312
2014-10-30,114.87000274658203,98.6748275756836
2014-10-31,116.55999755859375,100.1265640258789
2014-11-03,116.36000061035156,99.95476531982422
2014-11-04,115.81999969482422,99.49091339111328
2014-11-05,116.02999877929688,99.67127990722656
2014-11-06,116.52999877929688,100.10081481933594
2014-11-07,116.70999908447266,100.25541687011719
2014-11-10,117.29000091552734,100.75363159179688
2014-11-11,117.37000274658203,100.82234954833984
2014-11-12,117.9000015258789,101.27761840820312
2014-11-13,116.9000015258789,100.41863250732422
2014-11-14,116.69000244140625,100.23824310302734
2014-11-17,115.72000122070312,99.40496063232422
2014-11-18,116.38999938964844,99.98051452636719
2014-11-19,115.1500015258789,98.91533660888672
2014-11-20,116.44000244140625,100.02351379394531
2014-11-21,116.58000183105469,100.14374542236328
2014-11-24,117.97000122070312,101.33778381347656
2014-11-25,118.05999755859375,101.41506958007812
2014-11-26,118.44999694824219,101.75006103515625
2014-11-28,116.69000244140625,100.23824310302734
2014-12-01,114.87000274658203,98.6748275756836
2014-12-02,116.25,99.86026763916016
2014-12-03,117.37000274658203,100.82234954833984
2014-12-04,116.80999755859375,100.34130096435547
2014-12-05,117.69000244140625,101.0972671508789
2014-12-08,116.22000122070312,99.83450317382812
2014-12-09,118.16999816894531,101.50953674316406
2014-12-10,115.66000366210938,99.35344696044922
2014-12-11,116.12000274658203,99.74861907958984
2014-12-12,114.70999908447266,98.53739929199219
2014-12-15,113.55000305175781,97.54092407226562
2014-12-16,113.38999938964844,97.40349578857422
2014-12-17,116.88999938964844,100.41002655029297
2014-12-18,118.62999725341797,101.90472412109375
2014-12-19,118.9000015258789,102.13663482666016
2014-12-22,119.70999908447266,102.83245849609375
2014-12-23,119.86000061035156,102.9613037109375
2014-12-24,119.76000213623047,103.25875091552734
2014-12-26,120.54000091552734,103.93130493164062
2014-12-29,121.05000305175781,104.37100219726562
2014-12-30,120.33999633789062,103.75884246826172
2014-12-31,119.62000274658203,103.1380615234375
2015-01-02,118.93000030517578,102.54312896728516
2015-01-05,117.33999633789062,101.17222595214844
2015-01-06,115.30999755859375,99.4218978881836
2015-01-07,116.7300033569336,100.6462631225586
2015-01-08,118.70999908447266,102.35343933105469
2015-01-09,117.56999969482422,101.37052917480469
2015-01-12,117.18000030517578,101.03425598144531
2015-01-13,117.2699966430664,101.11183166503906
2015-01-14,116.80000305175781,100.70659637451172
2015-01-15,114.83000183105469,99.00804138183594
2015-01-16,116.69999694824219,100.62037658691406
2015-01-20,116.20999908447266,100.19791412353516
2015-01-21,115.83999633789062,99.87889099121094
2015-01-22,118.19999694824219,101.91370391845703
2015-01-23,118.12000274658203,101.84471893310547
2015-01-26,119.26000213623047,102.8276596069336
2015-01-27,118.69000244140625,102.33619689941406
2015-01-28,116.69000244140625,100.61178588867188
2015-01-29,118.30000305175781,101.99993133544922
2015-01-30,115.69999694824219,99.75816345214844
2015-02-02,116.76000213623047,100.6721420288086
2015-02-03,118.8499984741211,102.47417449951172
2015-02-04,118.41000366210938,102.09477233886719
2015-02-05,119.94000244140625,103.41397094726562
2015-02-06,119.80999755859375,103.3019027709961
2015-02-09,118.86000061035156,102.4827651977539
2015-02-10,119.62000274658203,103.1380615234375
2015-02-11,119.44999694824219,102.991455078125
2015-02-12,120.80999755859375,104.1640853881836
2015-02-13,121.52999877929688,104.7848892211914
2015-02-17,121.91000366210938,105.11253356933594
2015-02-18,122.04000091552734,105.22459411621094
2015-02-19,122.05000305175781,105.23323059082031
2015-02-20,122.37999725341797,105.51775360107422
2015-02-23,122.5,105.6212158203125
2015-02-24,122.66000366210938,105.75918579101562
2015-02-25,122.80000305175781,105.8798828125
2015-02-26,123.25,106.26788330078125
2015-02-27,122.58000183105469,105.690185546875
2015-03-02,123.47000122070312,106.45758056640625
2015-03-03,122.73999786376953,105.82817840576172
2015-03-04,122.36000061035156,105.50052642822266
2015-03-05,122.72000122070312,105.81089782714844
2015-03-06,121.16999816894531,104.47447967529297
2015-03-09,121.69999694824219,104.93144226074219
2015-03-10,120.30000305175781,103.72435760498047
2015-03-11,121.04000091552734,104.36241912841797
2015-03-12,123.05000305175781,106.09545135498047
2015-03-13,122.61000061035156,105.7160873413086
2015-03-16,123.33000183105469,106.33685302734375
2015-03-17,123.66000366210938,106.62136840820312
2015-03-18,124.6500015258789,107.4749984741211
2015-03-19,124.88999938964844,107.68191528320312
2015-03-20,125.98999786376953,108.63036346435547
2015-03-23,125.87999725341797,108.5354995727539
2015-03-24,125.8499984741211,108.5096206665039
2015-03-25,122.47000122070312,105.91767883300781
2015-03-26,122.31999969482422,105.78799438476562
2015-03-27,123.0999984741211,106.46256256103516
2015-03-30,124.7699966430664,107.9068374633789
2015-03-31,124.37000274658203,107.56092071533203
2015-04-01,124.41999816894531,107.60414123535156
2015-04-02,124.6500015258789,107.80307006835938
2015-04-06,125.19999694824219,108.27872467041016
2015-04-07,124.4000015258789,107.58683776855469
2015-04-08,125.47000122070312,108.5122299194336
2015-04-09,125.0199966430664,108.12308502197266
2015-04-10,125.62000274658203,108.64197540283203
2015-04-13,125.69999694824219,108.7111587524414
2015-04-14,125.66999816894531,108.68521881103516
2015-04-15,126.55000305175781,109.44629669189453
2015-04-16,126.4800033569336,109.38572692871094
2015-04-17,124.43000030517578,107.61278533935547
2015-04-20,125.6500015258789,108.66790771484375
2015-04-21,125.5199966430664,108.55548095703125
2015-04-22,125.70999908447266,108.71980285644531
2015-04-23,126.27999877929688,109.21278381347656
2015-04-24,125.86000061035156,108.84953308105469
2015-04-27,124.47000122070312,107.64740753173828
2015-04-28,125.16000366210938,108.24414825439453
2015-04-29,123.80000305175781,107.06794738769531
2015-04-30,121.18000030517578,104.80207061767578
2015-05-01,121.97000122070312,105.48528289794922
2015-05-04,122.41000366210938,105.86583709716797
2015-05-05,120.8499984741211,104.51663208007812
2015-05-06,121.2699966430664,104.87986755371094
2015-05-07,121.7300033569336,105.27771759033203
2015-05-08,122.63999938964844,106.06472778320312
2015-05-11,122.70999908447266,106.12527465820312
2015-05-12,122.48999786376953,105.93501281738281
2015-05-13,122.48999786376953,105.93501281738281
2015-05-14,123.79000091552734,107.059326171875
2015-05-15,123.6500015258789,106.938232421875
2015-05-18,125.05000305175781,108.14901733398438
2015-05-19,124.87999725341797,108.0019760131836
2015-05-20,125.11000061035156,108.20088958740234
2015-05-21,124.97000122070312,108.079833984375
2015-05-22,124.43000030517578,107.61278533935547
2015-05-26,123.23999786376953,106.5836410522461
2015-05-27,124.75,107.88954162597656
2015-05-28,124.63999938964844,107.79444122314453
2015-05-29,123.88999938964844,107.14578247070312
2015-06-01,124.27999877929688,107.48309326171875
2015-06-02,124.5199966430664,107.69063568115234
2015-06-03,125.76000213623047,108.76305389404297
2015-06-04,124.5,107.67334747314453
2015-06-05,125.4000015258789,108.45173645019531
2015-06-08,124.81999969482422,107.95005798339844
2015-06-09,124.44000244140625,107.62144470214844
2015-06-10,125.98999786376953,108.96197509765625
2015-06-11,126.30999755859375,109.23868560791016
2015-06-12,125.93000030517578,108.91006469726562
2015-06-15,125.52999877929688,108.56411743164062
2015-06-16,126.41999816894531,109.33384704589844
2015-06-17,126.2300033569336,109.16951751708984
2015-06-18,127.91999816894531,110.63113403320312
2015-06-19,127.86000061035156,110.57921600341797
2015-06-22,128.74000549316406,111.34030151367188
2015-06-23,129.00999450683594,111.57379913330078
2015-06-24,127.91999816894531,110.63113403320312
2015-06-25,127.8499984741211,110.57054901123047
2015-06-26,127.5,110.26787567138672
2015-06-29,124.27999877929688,107.48309326171875
2015-06-30,124.86000061035156,107.98470306396484
2015-07-01,125.2300033569336,108.3046875
2015-07-02,123.77999877929688,107.50479888916016
2015-07-06,123.73999786376953,107.47005462646484
2015-07-07,123.87999725341797,107.59163665771484
2015-07-08,121.98999786376953,105.95014953613281
2015-07-09,122.43000030517578,106.33228302001953
2015-07-10,124.12999725341797,107.80876159667969
2015-07-13,125.52999877929688,109.024658203125
2015-07-14,126.2300033569336,109.63262176513672
2015-07-15,125.55999755859375,109.05074310302734
2015-07-16,126.30999755859375,109.7021255493164
2015-07-17,125.76000213623047,109.22443389892578
2015-07-20,125.08000183105469,108.63386535644531
2015-07-21,124.48999786376953,108.1214370727539
2015-07-22,124.94999694824219,108.52094268798828
2015-07-23,123.56999969482422,107.3223876953125
2015-07-24,121.58000183105469,105.59405517578125
2015-07-27,120.56999969482422,104.71687316894531
2015-07-28,121.5999984741211,105.61143493652344
2015-07-29,121.94000244140625,105.90673065185547
2015-07-30,122.29000091552734,106.21070861816406
2015-07-31,122.95999908447266,106.79261016845703
2015-08-03,122.3499984741211,106.26280212402344
2015-08-04,122.05999755859375,106.01091766357422
2015-08-05,122.33999633789062,106.2541275024414
2015-08-06,120.69000244140625,104.8210678100586
2015-08-07,119.87999725341797,104.11759948730469
2015-08-10,121.26000213623047,105.31612396240234
2015-08-11,120.22000122070312,104.41287231445312
2015-08-12,119.98999786376953,104.2131118774414
2015-08-13,119.58999633789062,103.86570739746094
2015-08-14,120.36000061035156,104.53447723388672
2015-08-17,121.62999725341797,105.637451171875
2015-08-18,120.66000366210938,104.79499816894531
2015-08-19,119.41000366210938,103.70935821533203
2015-08-20,116.38999938964844,101.08646392822266
2015-08-21,115.02999877929688,99.90526580810547
2015-08-24,110.54000091552734,96.00564575195312
2015-08-25,109.69000244140625,95.26739501953125
2015-08-26,112.4800033569336,97.69056701660156
2015-08-27,114.48999786376953,99.436279296875
2015-08-28,115.62000274658203,100.4177017211914
2015-08-31,115.19999694824219,100.0528793334961
2015-09-01,111.9000015258789,97.18682098388672
2015-09-02,113.91000366210938,98.93253326416016
2015-09-03,113.7300033569336,98.77619934082031
2015-09-04,112.87000274658203,98.0292739868164
2015-09-08,115.44999694824219,100.27005767822266
2015-09-09,114.12000274658203,99.11489868164062
2015-09-10,114.63999938964844,99.56656646728516
2015-09-11,115.18000030517578,100.03556060791016
2015-09-14,114.6500015258789,99.57523345947266
2015-09-15,115.94000244140625,100.69561767578125
2015-09-16,116.94000244140625,101.56413269042969
2015-09-17,117.33999633789062,101.9115219116211
2015-09-18,115.72000122070312,100.50457000732422
2015-09-21,115.51000213623047,100.32215118408203
2015-09-22,113.76000213623047,98.8022689819336
2015-09-23,113.41999816894531,98.50697326660156
2015-09-24,113.2300033569336,98.3419418334961
2015-09-25,111.41999816894531,97.04762268066406
2015-09-28,108.30000305175781,94.33007049560547
2015-09-29,107.52999877929688,93.659423828125
2015-09-30,109.19999694824219,95.11400604248047
2015-10-01,109.01000213623047,94.94853210449219
2015-10-02,110.62999725341797,96.35954284667969
2015-10-05,113.2699966430664,98.65898132324219
2015-10-06,112.48999786376953,97.97959899902344
2015-10-07,114.4800033569336,99.7129135131836
2015-10-08,115.51000213623047,100.61004638671875
2015-10-09,115.73999786376953,100.81037139892578
2015-10-12,115.56999969482422,100.66231536865234
2015-10-13,113.98999786376953,99.28611755371094
2015-10-14,112.87000274658203,98.31059265136719
2015-10-15,115.56999969482422,100.66231536865234
2015-10-16,115.41999816894531,100.53166198730469
2015-10-19,115.63999938964844,100.72330474853516
2015-10-20,115.4800033569336,100.58391571044922
2015-10-21,113.72000122070312,99.05094146728516
2015-10-22,114.72000122070312,99.92193603515625
2015-10-23,115.8499984741211,100.90618133544922
2015-10-26,115.05999755859375,100.21808624267578
2015-10-27,113.80000305175781,99.12064361572266
2015-10-28,117.12000274658203,102.01238250732422
2015-10-29,115.87000274658203,100.92361450195312
2015-10-30,115.33999633789062,100.46197509765625
2015-11-02,117.73999786376953,102.55240631103516
2015-11-03,118.3499984741211,103.08370208740234
2015-11-04,118.29000091552734,103.0314712524414
2015-11-05,118.37999725341797,103.10982513427734
2015-11-06,119.22000122070312,103.84149169921875
2015-11-09,117.81999969482422,102.62208557128906
2015-11-10,118.16999816894531,102.92694091796875
2015-11-11,117.13999938964844,102.02979278564453
2015-11-12,114.9000015258789,100.07872009277344
2015-11-13,114.06999969482422,99.35580444335938
2015-11-16,115.05000305175781,100.20940399169922
2015-11-17,114.61000061035156,99.82615661621094
2015-11-18,116.55000305175781,101.51591491699219
2015-11-19,116.05999755859375,101.0890884399414
2015-11-20,116.80999755859375,101.74238586425781
2015-11-23,117.38999938964844,102.2475357055664
2015-11-24,118.25,102.9966049194336
2015-11-25,119.16999816894531,103.79793548583984
2015-11-27,119.62000274658203,104.18987274169922
2015-11-30,119.0999984741211,103.73695373535156
2015-12-01,119.88999938964844,104.4250717163086
2015-12-02,118.5999984741211,103.30146026611328
2015-12-03,116.5999984741211,101.55946350097656
2015-12-04,117.77999877929688,102.58722686767578
2015-12-07,116.01000213623047,101.0455551147461
2015-12-08,115.37000274658203,100.48809051513672
2015-12-09,114.08000183105469,99.3645248413086
2015-12-10,114.45999908447266,99.69548797607422
2015-12-11,111.91000366210938,97.47441864013672
2015-12-14,111.11000061035156,96.77761840820312
2015-12-15,112.70999908447266,98.17123413085938
2015-12-16,114.43000030517578,99.66936492919922
2015-12-17,113.20999908447266,98.60675811767578
2015-12-18,111.4800033569336,97.0998764038086
2015-12-21,112.31999969482422,97.83153533935547
2015-12-22,113.3499984741211,98.72868347167969
2015-12-23,114.77999877929688,99.97420501708984
2015-12-24,114.5,100.1631851196289
2015-12-28,113.97000122070312,99.69955444335938
2015-12-29,115.19999694824219,100.77550506591797
2015-12-30,114.04000091552734,99.76075744628906
2015-12-31,112.62000274658203,98.5185546875
2016-01-04,110.01000213623047,96.23538970947266
2016-01-05,110.25,96.44534301757812
2016-01-06,108.56999969482422,94.97565460205078
2016-01-07,105.66999816894531,92.43881225585938
2016-01-08,103.8499984741211,90.84666442871094
2016-01-11,103.4000015258789,90.45304107666016
2016-01-12,103.70999908447266,90.72421264648438
2016-01-13,100.37999725341797,87.8111801147461
2016-01-14,101.7699966430664,89.02713012695312
2016-01-15,100.12000274658203,87.58373260498047
2016-01-19,98.7699966430664,86.40276336669922
2016-01-20,99.18000030517578,86.76140594482422
2016-01-21,98.94999694824219,86.56021881103516
2016-01-22,101.37000274658203,88.67720031738281
2016-01-25,99.12000274658203,86.70893096923828
2016-01-26,101.0999984741211,88.4410400390625
2016-01-27,99.70999908447266,87.22508239746094
2016-01-28,99.69000244140625,87.20756530761719
2016-01-29,102.95999908447266,90.06812286376953
2016-02-01,102.48999786376953,89.65697479248047
2016-02-02,100.27999877929688,87.72367858886719
2016-02-03,100.41000366210938,87.83740997314453
2016-02-04,100.80000305175781,88.1785888671875
2016-02-05,98.04000091552734,85.76417541503906
2016-02-08,96.43000030517578,84.35574340820312
2016-02-09,95.77999877929688,83.78716278076172
2016-02-10,95.83000183105469,83.83088684082031
2016-02-11,94.79000091552734,82.92110443115234
2016-02-12,96.58999633789062,84.49574279785156
2016-02-16,98.87999725341797,86.49901580810547
2016-02-17,100.43000030517578,87.85491180419922
2016-02-18,99.94999694824219,87.43498992919922
2016-02-19,100.44999694824219,87.87239074707031
2016-02-22,101.56999969482422,88.8521728515625
2016-02-23,100.63999938964844,88.0385971069336
2016-02-24,101.61000061035156,88.8871841430664
2016-02-25,102.54000091552734,89.70069122314453
2016-02-26,103.19000244140625,90.26933288574219
2016-02-29,102.7300033569336,89.86693572998047
2016-03-01,104.94000244140625,91.80020141601562
2016-03-02,106.0199966430664,92.74495697021484
2016-03-03,107.12999725341797,93.7159652709961
2016-03-04,107.72000122070312,94.23209381103516
2016-03-07,108.88999938964844,95.255615234375
2016-03-08,106.26000213623047,92.9549331665039
2016-03-09,106.80000305175781,93.42729949951172
2016-03-10,105.93000030517578,92.66622924804688
2016-03-11,108.19999694824219,94.6520004272461
2016-03-14,107.91999816894531,94.4070816040039
2016-03-15,106.23999786376953,92.93742370605469
2016-03-16,106.98999786376953,93.59352111816406
2016-03-17,108.62999725341797,95.02815246582031
2016-03-18,109.61000061035156,95.88544464111328
2016-03-21,109.3499984741211,95.65801239013672
2016-03-22,109.22000122070312,95.54431915283203
2016-03-23,106.87999725341797,93.77803802490234
2016-03-24,107.19999694824219,94.05880737304688
2016-03-28,107.33000183105469,94.17288208007812
2016-03-29,110.30999755859375,96.78759002685547
2016-03-30,110.31999969482422,96.79635620117188
2016-03-31,110.62999725341797,97.06837463378906
2016-04-01,111.12000274658203,97.49829864501953
2016-04-04,110.19000244140625,96.68231201171875
2016-04-05,108.94000244140625,95.58550262451172
2016-04-06,110.16999816894531,96.66474151611328
2016-04-07,108.68000030517578,95.35739135742188
2016-04-08,109.11000061035156,95.73468017578125
2016-04-11,108.7699966430664,95.43634796142578
2016-04-12,109.94000244140625,96.46293640136719
2016-04-13,112.30999755859375,98.54241943359375
2016-04-14,112.16999816894531,98.41957092285156
2016-04-15,112.44999694824219,98.6652603149414
2016-04-18,113.30000305175781,99.41106414794922
2016-04-19,113.38999938964844,99.49002838134766
2016-04-20,113.55999755859375,99.63917541503906
2016-04-21,112.98999786376953,99.13905334472656
2016-04-22,114.11000061035156,100.12177276611328
2016-04-25,113.30000305175781,99.41106414794922
2016-04-26,114.41000366210938,100.385009765625
2016-04-27,114.80999755859375,100.73597717285156
2016-04-28,113.5,99.58654022216797
2016-04-29,112.4800033569336,98.69158172607422
2016-05-02,113.4800033569336,99.5689697265625
2016-05-03,111.62000274658203,97.93697357177734
2016-05-04,110.69999694824219,97.12977600097656
2016-05-05,110.26000213623047,96.74372100830078
2016-05-06,110.91000366210938,97.31401824951172
2016-05-09,111.2300033569336,97.59481048583984
2016-05-10,112.3499984741211,98.57752990722656
2016-05-11,110.95999908447266,97.35791015625
2016-05-12,110.37000274658203,96.84024810791016
2016-05-13,109.63999938964844,96.19972229003906
2016-05-16,111.02999877929688,97.41935729980469
2016-05-17,109.2699966430664,95.87507629394531
2016-05-18,109.83999633789062,96.3752212524414
2016-05-19,108.95999908447266,95.60307312011719
2016-05-20,110.79000091552734,97.20873260498047
2016-05-23,110.66000366210938,97.09468841552734
2016-05-24,112.94000244140625,99.09518432617188
2016-05-25,113.5999984741211,99.67427825927734
2016-05-26,113.47000122070312,99.56021881103516
2016-05-27,114.5999984741211,100.55169677734375
2016-05-31,115.0,100.90267181396484
2016-06-01,115.77999877929688,101.58702850341797
2016-06-02,116.66999816894531,102.36793518066406
2016-06-03,115.97000122070312,101.75373840332031
2016-06-06,117.22000122070312,102.85049438476562
2016-06-07,117.55999755859375,103.14883422851562
2016-06-08,118.43000030517578,103.91217803955078
2016-06-09,117.66999816894531,103.24534606933594
2016-06-10,116.06999969482422,101.84146118164062
2016-06-13,114.80999755859375,100.73597717285156
2016-06-14,114.4800033569336,100.44639587402344
2016-06-15,114.55999755859375,100.51660919189453
2016-06-16,114.55000305175781,100.50780487060547
2016-06-17,114.05999755859375,100.07792663574219
2016-06-20,115.30000305175781,101.1658935546875
2016-06-21,115.08000183105469,100.97286224365234
2016-06-22,114.62999725341797,100.5780258178711
2016-06-23,116.81999969482422,102.49954986572266
2016-06-24,112.37999725341797,98.60381317138672
2016-06-27,108.69000244140625,95.3661880493164
2016-06-28,110.37000274658203,96.84024810791016
2016-06-29,112.87999725341797,99.04254150390625
2016-06-30,114.9800033569336,100.8851318359375
2016-07-01,115.38999938964844,101.244873046875
2016-07-05,113.69000244140625,99.75325012207031
2016-07-06,113.88999938964844,100.47755432128906
2016-07-07,114.12999725341797,100.68930053710938
2016-07-08,116.79000091552734,103.0360336303711
2016-07-11,118.13999938964844,104.22705078125
2016-07-12,119.72000122070312,105.62097930908203
2016-07-13,119.25,105.2063217163086
2016-07-14,119.37000274658203,105.31219482421875
2016-07-15,119.69999694824219,105.60334014892578
2016-07-18,119.9000015258789,105.77977752685547
2016-07-19,119.30000305175781,105.25045013427734
2016-07-20,120.08000183105469,105.93858337402344
2016-07-21,119.51000213623047,105.43573760986328
2016-07-22,120.4000015258789,106.22089385986328
2016-07-25,120.22000122070312,106.06211853027344
2016-07-26,120.80000305175781,106.57380676269531
2016-07-27,121.13999938964844,106.87374877929688
2016-07-28,120.83000183105469,106.60028076171875
2016-07-29,121.06999969482422,106.81199645996094
2016-08-01,121.16999816894531,106.90019989013672
2016-08-02,119.4800033569336,105.40924835205078
2016-08-03,120.44999694824219,106.2649917602539
2016-08-04,120.55999755859375,106.36207580566406
2016-08-05,122.30000305175781,107.8971176147461
2016-08-08,122.23999786376953,107.8442153930664
2016-08-09,122.37000274658203,107.95890808105469
2016-08-10,121.48999786376953,107.18253326416016
2016-08-11,122.06999969482422,107.69424438476562
2016-08-12,122.19000244140625,107.80010986328125
2016-08-15,123.4000015258789,108.86762237548828
2016-08-16,122.4000015258789,107.98538970947266
2016-08-17,122.04000091552734,107.66778564453125
2016-08-18,122.94000244140625,108.4617691040039
2016-08-19,122.94000244140625,108.4617691040039
2016-08-22,123.22000122070312,108.70878601074219
2016-08-23,124.08000183105469,109.46751403808594
2016-08-24,123.06999969482422,108.57646179199219
2016-08-25,123.30999755859375,108.78820037841797
2016-08-26,123.05999755859375,108.56763458251953
2016-08-29,123.69999694824219,109.13226318359375
2016-08-30,123.93000030517578,109.33518981933594
2016-08-31,123.2300033569336,108.71763610839844
2016-09-01,123.31999969482422,108.79702758789062
2016-09-02,124.51000213623047,109.84687042236328
2016-09-06,124.62999725341797,109.9527587890625
2016-09-07,125.41000366210938,110.64090728759766
2016-09-08,125.16000366210938,110.42033386230469
2016-09-09,121.25,106.97078704833984
2016-09-12,122.94000244140625,108.4617691040039
2016-09-13,120.58000183105469,106.37970733642578
2016-09-14,120.5999984741211,106.39735412597656
2016-09-15,122.04000091552734,107.66778564453125
2016-09-16,121.86000061035156,107.50897216796875
2016-09-19,122.66999816894531,108.22356414794922
2016-09-20,122.1500015258789,107.76481628417969
2016-09-21,123.91999816894531,109.32637023925781
2016-09-22,125.69999694824219,110.89673614501953
2016-09-23,124.80999755859375,110.11152648925781
2016-09-26,123.2300033569336,109.01809692382812
2016-09-27,123.7300033569336,109.46044921875
2016-09-28,124.68000030517578,110.3008804321289
2016-09-29,122.86000061035156,108.69076538085938
2016-09-30,124.20999908447266,109.88508605957031
2016-10-03,123.81999969482422,109.5400619506836
2016-10-04,123.20999908447266,109.00041961669922
2016-10-05,123.94999694824219,109.655029296875
2016-10-06,123.81999969482422,109.5400619506836
2016-10-07,122.83000183105469,108.66423797607422
2016-10-10,124.30000305175781,109.9646987915039
2016-10-11,122.02999877929688,107.95649719238281
2016-10-12,121.93000030517578,107.86800384521484
2016-10-13,120.91999816894531,106.97450256347656
2016-10-14,120.43000030517578,106.54100799560547
2016-10-17,120.29000091552734,106.41716003417969
2016-10-18,120.9800033569336,107.02757263183594
2016-10-19,121.48999786376953,107.47876739501953
2016-10-20,121.12999725341797,107.16028594970703
2016-10-21,121.06999969482422,107.10720825195312
2016-10-24,121.83999633789062,107.78838348388672
2016-10-25,120.93000030517578,106.9833755493164
2016-10-26,119.7300033569336,105.92176818847656
2016-10-27,118.36000061035156,104.7097396850586
2016-10-28,118.02999877929688,104.41780090332031
2016-10-31,118.5,104.83362579345703
2016-11-01,117.05000305175781,103.55084991455078
2016-11-02,115.55999755859375,102.23265075683594
2016-11-03,115.0,101.73723602294922
2016-11-04,115.73999786376953,102.39189910888672
2016-11-07,118.56999969482422,104.8955078125
2016-11-08,118.87999725341797,105.16978454589844
2016-11-09,122.54000091552734,108.40766906738281
2016-11-10,124.5,110.14163970947266
2016-11-11,127.36000061035156,112.67178344726562
2016-11-14,129.14999389648438,114.25536346435547
2016-11-15,129.5500030517578,114.60921478271484
2016-11-16,129.5399932861328,114.60038757324219
2016-11-17,130.3000030517578,115.27273559570312
2016-11-18,130.99000549316406,115.88310241699219
2016-11-21,131.60000610351562,116.42279052734375
2016-11-22,132.8000030517578,117.48442077636719
2016-11-23,133.6300048828125,118.21868896484375
2016-11-25,134.07000732421875,118.60794067382812
2016-11-28,132.3300018310547,117.06858825683594
2016-11-29,132.25999450683594,117.00664520263672
2016-11-30,131.61000061035156,116.43163299560547
2016-12-01,130.97000122070312,115.86549377441406
2016-12-02,130.89999389648438,115.80353546142578
2016-12-05,133.14999389648438,117.7940444946289
2016-12-06,134.58999633789062,119.06795501708984
2016-12-07,135.89999389648438,120.22688293457031
2016-12-08,138.0399932861328,122.12005615234375
2016-12-09,138.30999755859375,122.35892486572266
2016-12-12,136.85000610351562,121.06737518310547
2016-12-13,136.86000061035156,121.07616424560547
2016-12-14,135.14999389648438,119.56336212158203
2016-12-15,136.16000366210938,120.4569091796875
2016-12-16,135.91000366210938,120.23572540283203
2016-12-19,136.8000030517578,121.02312469482422
2016-12-20,137.9600067138672,122.04933166503906
2016-12-21,137.05999755859375,121.25311279296875
2016-12-22,135.32000732421875,120.20755767822266
2016-12-23,136.0399932861328,120.84718322753906
2016-12-27,136.64999389648438,121.38904571533203
2016-12-28,135.25,120.1453628540039
2016-12-29,135.3699951171875,120.25196838378906
2016-12-30,134.85000610351562,119.79002380371094
2017-01-03,135.52000427246094,120.38523864746094
2017-01-04,137.77999877929688,122.39279174804688
2017-01-05,136.19000244140625,120.98039245605469
2017-01-06,135.69000244140625,120.5362319946289
2017-01-09,134.8000030517578,119.74564361572266
2017-01-10,136.08999633789062,120.89153289794922
2017-01-11,136.3300018310547,121.10478973388672
2017-01-12,135.27999877929688,120.1720199584961
2017-01-13,136.25999450683594,121.0425796508789
2017-01-17,134.41000366210938,119.3991470336914
2017-01-18,134.85000610351562,119.79002380371094
2017-01-19,133.75,118.8128662109375
2017-01-20,134.44000244140625,119.42587280273438
2017-01-23,133.8800048828125,118.92837524414062
2017-01-24,135.92999267578125,120.7494125366211
2017-01-25,137.2100067138672,121.88652038574219
2017-01-26,136.66000366210938,121.39788055419922
2017-01-27,136.19000244140625,120.98039245605469
2017-01-30,134.2899932861328,119.29258728027344
2017-01-31,135.22999572753906,120.12760925292969
2017-02-01,135.14999389648438,120.05653381347656
2017-02-02,134.80999755859375,119.75450897216797
2017-02-03,136.8699951171875,121.58442687988281
2017-02-06,135.83999633789062,120.66949462890625
2017-02-07,135.24000549316406,120.13648986816406
2017-02-08,135.0,119.92328643798828
2017-02-09,136.89999389648438,121.61107635498047
2017-02-10,137.94000244140625,122.53497314453125
2017-02-13,138.3000030517578,122.85477447509766
2017-02-14,138.75999450683594,123.26335906982422
2017-02-15,139.58999633789062,124.00068664550781
2017-02-16,139.1999969482422,123.65422821044922
2017-02-17,139.11000061035156,123.57429504394531
2017-02-21,140.1999969482422,124.54259490966797
2017-02-22,139.5800018310547,123.9918212890625
2017-02-23,138.75,123.25452423095703
2017-02-24,138.64999389648438,123.16565704345703
2017-02-27,140.0,124.36492156982422
2017-02-28,137.83999633789062,122.44612121582031
2017-03-01,140.36000061035156,124.68470001220703
2017-03-02,138.75,123.25452423095703
2017-03-03,138.64999389648438,123.16565704345703
2017-03-06,137.6999969482422,122.32176208496094
2017-03-07,136.8000030517578,121.52225494384766
2017-03-08,135.89999389648438,120.72277069091797
2017-03-09,135.36000061035156,120.24308776855469
2017-03-10,135.9600067138672,120.77607727050781
2017-03-13,136.27999877929688,121.06034088134766
2017-03-14,135.6300048828125,120.48296356201172
2017-03-15,137.72999572753906,122.34837341308594
2017-03-16,137.91000366210938,122.50829315185547
2017-03-17,138.4600067138672,122.99689483642578
2017-03-20,137.86000061035156,122.46391296386719
2017-03-21,133.97000122070312,119.0083236694336
2017-03-22,134.0,119.03495788574219
2017-03-23,134.77999877929688,119.72784423828125
2017-03-24,134.49000549316406,119.81425476074219
2017-03-27,134.74000549316406,120.03703308105469
2017-03-28,135.7899932861328,120.97241973876953
2017-03-29,136.22999572753906,121.36439514160156
2017-03-30,137.25999450683594,122.28204345703125
2017-03-31,137.47999572753906,122.47801971435547
2017-04-03,136.02999877929688,121.18623352050781
2017-04-04,135.8699951171875,121.04364776611328
2017-04-05,134.3300018310547,119.67176818847656
2017-04-06,135.5800018310547,120.78533172607422
2017-04-07,135.52000427246094,120.73189544677734
2017-04-10,135.82000732421875,120.9991455078125
2017-04-11,136.89999389648438,121.96126556396484
2017-04-12,135.0399932861328,120.30425262451172
2017-04-13,133.72000122070312,119.1282958984375
2017-04-17,135.2899932861328,120.52698516845703
2017-04-18,135.32000732421875,120.5537109375
2017-04-19,135.7899932861328,120.97241973876953
2017-04-20,137.52000427246094,122.51362609863281
2017-04-21,137.2100067138672,122.23750305175781
2017-04-24,138.9199981689453,123.76087188720703
2017-04-25,140.27000427246094,124.96355438232422
2017-04-26,140.99000549316406,125.60498809814453
2017-04-27,140.9499969482422,125.5693588256836
2017-04-28,139.05999755859375,123.88558197021484
2017-05-01,139.86000061035156,124.59828186035156
2017-05-02,139.14999389648438,123.96578216552734
2017-05-03,138.2899932861328,123.1996078491211
2017-05-04,138.10000610351562,123.03035736083984
2017-05-05,138.99000549316406,123.82324981689453
2017-05-08,138.41000366210938,123.3065185546875
2017-05-09,138.35000610351562,123.2530746459961
2017-05-10,139.2100067138672,124.0192642211914
2017-05-11,138.24000549316406,123.15505981445312
2017-05-12,137.50999450683594,122.50469207763672
2017-05-15,138.5800018310547,123.45797729492188
2017-05-16,138.6300048828125,123.50252532958984
2017-05-17,134.88999938964844,120.17064666748047
2017-05-18,135.3800048828125,120.607177734375
2017-05-19,136.02999877929688,121.18623352050781
2017-05-22,136.9499969482422,122.005859375
2017-05-23,137.39999389648438,122.40672302246094
2017-05-24,137.49000549316406,122.4869384765625
2017-05-25,137.5800018310547,122.56710815429688
2017-05-26,137.5399932861328,122.53143310546875
2017-05-30,136.4600067138672,121.56928253173828
2017-05-31,136.32000732421875,121.444580078125
2017-06-01,138.9499969482422,123.78762817382812
2017-06-02,139.85000610351562,124.58938598632812
2017-06-05,138.97999572753906,123.8143081665039
2017-06-06,138.85000610351562,123.69851684570312
2017-06-07,138.97999572753906,123.8143081665039
2017-06-08,140.8800048828125,125.50703430175781
2017-06-09,141.61000061035156,126.15738677978516
2017-06-12,141.3800048828125,125.95244598388672
2017-06-13,142.10000610351562,126.5938949584961
2017-06-14,141.25999450683594,125.84552001953125
2017-06-15,140.5399932861328,125.20415496826172
2017-06-16,140.19000244140625,124.89227294921875
2017-06-19,141.22999572753906,125.81880187988281
2017-06-20,139.8000030517578,124.54486083984375
2017-06-21,139.4499969482422,124.23303985595703
2017-06-22,139.97999572753906,124.70516204833984
2017-06-23,140.91000366210938,125.53368377685547
2017-06-26,141.0800018310547,125.68518829345703
2017-06-27,139.83999633789062,124.5804672241211
2017-06-28,141.97999572753906,126.48696899414062
2017-06-29,141.13999938964844,125.73863220214844
2017-06-30,140.9199981689453,125.5426254272461
2017-07-03,142.10000610351562,126.5938949584961
2017-07-05,141.58999633789062,126.13951873779297
2017-07-06,139.13999938964844,124.49235534667969
2017-07-07,140.49000549316406,125.70022583007812
2017-07-10,139.8800048828125,125.15438079833984
2017-07-11,140.2899932861328,125.52122497558594
2017-07-12,141.3699951171875,126.48756408691406
2017-07-13,141.49000549316406,126.59495544433594
2017-07-14,141.72999572753906,126.80963897705078
2017-07-17,142.05999755859375,127.10491943359375
2017-07-18,141.69000244140625,126.77388763427734
2017-07-19,143.10000610351562,128.0354461669922
2017-07-20,143.1999969482422,128.1248779296875
2017-07-21,142.5500030517578,127.5433578491211
2017-07-24,142.75,127.7222671508789
2017-07-25,144.0500030517578,128.8854217529297
2017-07-26,143.25,128.16970825195312
2017-07-27,142.33999633789062,127.35545349121094
2017-07-28,141.9600067138672,127.01543426513672
2017-07-31,141.50999450683594,126.61284637451172
2017-08-01,141.77999877929688,126.85441589355469
2017-08-02,140.22999572753906,125.46758270263672
2017-08-03,139.52999877929688,124.84132385253906
2017-08-04,140.2100067138672,125.44972229003906
2017-08-07,140.44000244140625,125.65547180175781
2017-08-08,140.0,125.26180267333984
2017-08-09,138.7899932861328,124.17916870117188
2017-08-10,136.27000427246094,121.92446899414062
2017-08-11,136.47000122070312,122.10337829589844
2017-08-14,138.5399932861328,123.95551300048828
2017-08-15,137.39999389648438,122.93547058105469
2017-08-16,137.44000244140625,122.97126770019531
2017-08-17,134.92999267578125,120.72549438476562
2017-08-18,134.9199981689453,120.71656799316406
2017-08-21,134.8300018310547,120.63605499267578
2017-08-22,136.2899932861328,121.94231414794922
2017-08-23,136.07000732421875,121.7455062866211
2017-08-24,136.49000549316406,122.12129211425781
2017-08-25,136.8800048828125,122.47023010253906
2017-08-28,137.4600067138672,122.98918151855469
2017-08-29,137.49000549316406,123.01604461669922
2017-08-30,138.3699951171875,123.80337524414062
2017-08-31,139.72999572753906,125.02019500732422
2017-09-01,140.52000427246094,125.72708129882812
2017-09-05,139.1699981689453,124.51917266845703
2017-09-06,139.4600067138672,124.77861022949219
2017-09-07,139.11000061035156,124.4654769897461
2017-09-08,139.22000122070312,124.56388854980469
2017-09-11,140.67999267578125,125.87020874023438
2017-09-12,141.5399932861328,126.63964080810547
2017-09-13,141.9600067138672,127.01543426513672
2017-09-14,141.8300018310547,126.89913940429688
2017-09-15,142.41000366210938,127.41809844970703
2017-09-18,143.3800048828125,128.2859649658203
2017-09-19,143.3800048828125,128.2859649658203
2017-09-20,143.83999633789062,128.69752502441406
2017-09-21,143.69000244140625,128.5633544921875
2017-09-22,144.3000030517578,129.10911560058594
2017-09-25,144.5,129.2880401611328
2017-09-26,144.61000061035156,129.69970703125
2017-09-27,147.44000244140625,132.2379913330078
2017-09-28,147.8300018310547,132.5877685546875
2017-09-29,148.17999267578125,132.90159606933594
2017-10-02,150.0,134.53395080566406
2017-10-03,150.3300018310547,134.82998657226562
2017-10-04,149.85000610351562,134.39944458007812
2017-10-05,150.25999450683594,134.76715087890625
2017-10-06,150.0500030517578,134.5788116455078
2017-10-09,149.42999267578125,134.02276611328125
2017-10-10,149.86000061035156,134.4084014892578
2017-10-11,149.75,134.3097686767578
2017-10-12,149.63999938964844,134.2111053466797
2017-10-13,149.3699951171875,133.9689483642578
2017-10-16,149.24000549316406,133.85235595703125
2017-10-17,148.80999755859375,133.46664428710938
2017-10-18,149.52000427246094,134.10353088378906
2017-10-19,149.2899932861328,133.89720153808594
2017-10-20,149.97999572753906,134.51608276367188
2017-10-23,148.86000061035156,133.5115203857422
2017-10-24,149.1699981689453,133.78955078125
2017-10-25,148.4499969482422,133.143798828125
2017-10-26,148.75999450683594,133.4217987060547
2017-10-27,149.7899932861328,134.3456268310547
2017-10-30,148.2100067138672,132.92857360839844
2017-10-31,149.25999450683594,133.87030029296875
2017-11-01,148.27000427246094,132.9823455810547
2017-11-02,148.7100067138672,133.37696838378906
2017-11-03,148.61000061035156,133.28726196289062
2017-11-06,148.77999877929688,133.43975830078125
2017-11-07,147.0,131.84324645996094
2017-11-08,147.1999969482422,132.02268981933594
2017-11-09,146.67999267578125,131.5563201904297
2017-11-10,146.57000732421875,131.45767211914062
2017-11-13,146.61000061035156,131.4934844970703
2017-11-14,146.2100067138672,131.13479614257812
2017-11-15,145.6300048828125,130.61456298828125
2017-11-16,147.77000427246094,132.53392028808594
2017-11-17,148.4499969482422,133.143798828125
2017-11-20,149.52999877929688,134.11248779296875
2017-11-21,151.08999633789062,135.51158142089844
2017-11-22,150.88999938964844,135.33224487304688
2017-11-24,150.9499969482422,135.3860321044922
2017-11-27,150.49000549316406,134.9734649658203
2017-11-28,152.86000061035156,137.09906005859375
2017-11-29,153.3699951171875,137.55645751953125
2017-11-30,153.64999389648438,137.80763244628906
2017-12-01,153.02000427246094,137.2425994873047
2017-12-04,152.4499969482422,136.73138427734375
2017-12-05,150.92999267578125,135.36805725097656
2017-12-06,150.22000122070312,134.73129272460938
2017-12-07,151.27000427246094,135.6730194091797
2017-12-08,151.41000366210938,135.7986297607422
2017-12-11,151.35000610351562,135.74481201171875
2017-12-12,150.8800048828125,135.32327270507812
2017-12-13,151.77999877929688,136.1304931640625
2017-12-14,150.10000610351562,134.62367248535156
2017-12-15,152.24000549316406,136.54306030273438
2017-12-18,154.3000030517578,138.390625
2017-12-19,153.0800018310547,137.29640197753906
2017-12-20,153.3800048828125,137.56544494628906
2017-12-21,153.47000122070312,138.1678466796875
2017-12-22,153.19000244140625,137.91574096679688
2017-12-26,153.27999877929688,137.9967041015625
2017-12-27,153.1300048828125,137.86167907714844
2017-12-28,153.72999572753906,138.40188598632812
2017-12-29,152.4600067138672,137.2584686279297
2018-01-02,153.89999389648438,138.55487060546875
2018-01-03,154.05999755859375,138.69895935058594
2018-01-04,154.47000122070312,139.06805419921875
2018-01-05,154.7899932861328,139.3561553955078
2018-01-08,155.02999877929688,139.5722198486328
2018-01-09,154.82000732421875,139.3831787109375
2018-01-10,154.83999633789062,139.4011688232422
2018-01-11,157.5,141.7959442138672
2018-01-12,158.16000366210938,142.39016723632812
2018-01-16,156.13999938964844,140.57156372070312
2018-01-17,157.6199951171875,141.9040069580078
2018-01-18,156.5399932861328,140.931640625
2018-01-19,158.60000610351562,142.7862548828125
2018-01-22,159.4499969482422,143.55148315429688
2018-01-23,159.9600067138672,144.0106658935547
2018-01-24,158.97000122070312,143.119384765625
2018-01-25,159.02999877929688,143.1734161376953
2018-01-26,159.60000610351562,143.68658447265625
2018-01-29,158.6999969482422,142.8762969970703
2018-01-30,157.17999267578125,141.50784301757812
2018-01-31,156.36000061035156,140.76962280273438
2018-02-01,156.85000610351562,141.2107696533203
2018-02-02,153.8300018310547,138.4918975830078
2018-02-05,147.9199981689453,133.17115783691406
2018-02-06,149.69000244140625,134.76467895507812
2018-02-07,149.83999633789062,134.89976501464844
2018-02-08,145.44000244140625,130.93844604492188
2018-02-09,146.77000427246094,132.1358184814453
2018-02-12,148.16000366210938,133.38723754882812
2018-02-13,148.47999572753906,133.67535400390625
2018-02-14,151.14999389648438,136.07911682128906
2018-02-15,152.8000030517578,137.56460571289062
2018-02-16,153.33999633789062,138.05078125
2018-02-20,152.0800018310547,136.91635131835938
2018-02-21,152.24000549316406,137.0604248046875
2018-02-22,152.0,136.84432983398438
2018-02-23,153.97999572753906,138.62692260742188
2018-02-26,154.99000549316406,139.53623962402344
2018-02-27,152.75999450683594,137.52857971191406
2018-02-28,150.35000610351562,135.3588409423828
2018-03-01,149.9499969482422,134.998779296875
2018-03-02,152.35000610351562,137.15948486328125
2018-03-05,153.7100067138672,138.38388061523438
2018-03-06,155.3699951171875,139.8783416748047
2018-03-07,156.74000549316406,141.1117401123047
2018-03-08,156.4199981689453,140.82363891601562
2018-03-09,158.9199981689453,143.0743865966797
2018-03-12,159.1999969482422,143.32643127441406
2018-03-13,158.4600067138672,142.6602325439453
2018-03-14,157.7100067138672,141.98501586914062
2018-03-15,156.9199981689453,141.27377319335938
2018-03-16,157.8000030517578,142.0660400390625
2018-03-19,156.27999877929688,140.6975860595703
2018-03-20,156.24000549316406,140.66160583496094
2018-03-21,157.14999389648438,141.48086547851562
2018-03-22,153.35000610351562,138.37855529785156
2018-03-23,150.0500030517578,135.40066528320312
2018-03-26,153.3300018310547,138.36044311523438
2018-03-27,150.36000061035156,135.68040466308594
2018-03-28,150.30999755859375,135.63531494140625
2018-03-29,151.8300018310547,137.0069122314453
2018-04-02,148.1300048828125,133.66812133789062
2018-04-03,150.25,135.58114624023438
2018-04-04,152.16000366210938,137.30470275878906
2018-04-05,153.4199981689453,138.4417266845703
2018-04-06,150.36000061035156,135.68040466308594
2018-04-09,150.5399932861328,135.8428497314453
2018-04-10,153.3800048828125,138.40554809570312
2018-04-11,153.7100067138672,138.703369140625
2018-04-12,154.75999450683594,139.65084838867188
2018-04-13,153.9499969482422,138.91995239257812
2018-04-16,155.3699951171875,140.2012481689453
2018-04-17,157.05999755859375,141.726318359375
2018-04-18,157.47999572753906,142.10528564453125
2018-04-19,156.38999938964844,141.1217498779297
2018-04-20,155.5500030517578,140.36373901367188
2018-04-23,155.32000732421875,140.15618896484375
2018-04-24,154.42999267578125,139.3530731201172
2018-04-25,154.1999969482422,139.14553833007812
2018-04-26,154.91000366210938,139.78622436523438
2018-04-27,154.69000244140625,139.5876922607422
2018-04-30,153.32000732421875,138.35147094726562
2018-05-01,154.07000732421875,139.02821350097656
2018-05-02,154.64999389648438,139.55157470703125
2018-05-03,153.80999755859375,138.79360961914062
2018-05-04,155.72999572753906,140.52613830566406
2018-05-07,157.0500030517578,141.7172393798828
2018-05-08,157.8300018310547,142.42117309570312
2018-05-09,158.67999267578125,143.18814086914062
2018-05-10,159.52999877929688,143.95521545410156
2018-05-11,159.83999633789062,144.23489379882812
2018-05-14,159.22999572753906,143.68441772460938
2018-05-15,159.25999450683594,143.71151733398438
2018-05-16,160.9199981689453,145.2093963623047
2018-05-17,161.66000366210938,145.87721252441406
2018-05-18,161.8699951171875,146.06671142578125
2018-05-21,162.94000244140625,147.0322265625
2018-05-22,161.75999450683594,145.96743774414062
2018-05-23,161.97000122070312,146.15689086914062
2018-05-24,162.02999877929688,146.21107482910156
2018-05-25,161.74000549316406,145.9494171142578
2018-05-29,161.52000427246094,145.7508544921875
2018-05-30,164.0800018310547,148.06092834472656
2018-05-31,162.77000427246094,146.8788299560547
2018-06-01,163.83999633789062,147.84434509277344
2018-06-04,164.7100067138672,148.62945556640625
2018-06-05,165.72999572753906,149.54989624023438
2018-06-06,166.92999267578125,150.63270568847656
2018-06-07,166.02000427246094,149.81155395507812
2018-06-08,166.52000427246094,150.26272583007812
2018-06-11,166.77000427246094,150.48829650878906
2018-06-12,167.52999877929688,151.1741485595703
2018-06-13,166.8699951171875,150.57855224609375
2018-06-14,167.75999450683594,151.38168334960938
2018-06-15,167.80999755859375,151.42681884765625
2018-06-18,168.60000610351562,152.13966369628906
2018-06-19,168.61000061035156,152.148681640625
2018-06-20,169.97000122070312,153.37588500976562
2018-06-21,168.3800048828125,151.94110107421875
2018-06-22,167.82000732421875,151.43580627441406
2018-06-25,165.0800018310547,148.96328735351562
2018-06-26,166.0399932861328,149.82960510253906
2018-06-27,163.3800048828125,147.42930603027344
2018-06-28,163.8800048828125,147.8804931640625
2018-06-29,163.77000427246094,147.7812042236328
2018-07-02,164.89999389648438,148.80088806152344
2018-07-03,164.9600067138672,149.39404296875
2018-07-05,166.83999633789062,151.09666442871094
2018-07-06,168.25,152.3736572265625
2018-07-09,169.30999755859375,153.33360290527344
2018-07-10,168.5399932861328,152.63626098632812
2018-07-11,167.11000061035156,151.34120178222656
2018-07-12,167.9199981689453,152.0747528076172
2018-07-13,167.4199981689453,151.62191772460938
2018-07-16,166.77000427246094,151.0332489013672
2018-07-17,167.50999450683594,151.70343017578125
2018-07-18,167.97999572753906,152.12913513183594
2018-07-19,169.1699981689453,153.20684814453125
2018-07-20,168.47999572753906,152.58189392089844
2018-07-23,168.69000244140625,152.77206420898438
2018-07-24,166.88999938964844,151.14195251464844
2018-07-25,167.5,151.69436645507812
2018-07-26,168.39999389648438,152.50949096679688
2018-07-27,165.25999450683594,149.66578674316406
2018-07-30,164.1999969482422,148.70578002929688
2018-07-31,165.8699951171875,150.21820068359375
2018-08-01,165.75999450683594,150.11859130859375
2018-08-02,166.97000122070312,151.21438598632812
2018-08-03,166.38999938964844,150.68910217285156
2018-08-06,167.32000732421875,151.53135681152344
2018-08-07,167.72000122070312,151.89364624023438
2018-08-08,167.57000732421875,151.7577667236328
2018-08-09,168.0,152.147216796875
2018-08-10,167.52999877929688,151.72157287597656
2018-08-13,166.5500030517578,150.833984375
2018-08-14,168.1999969482422,152.32830810546875
2018-08-15,166.08999633789062,150.41741943359375
2018-08-16,167.6300048828125,151.81214904785156
2018-08-17,168.35000610351562,152.46420288085938
2018-08-20,168.82000732421875,152.88990783691406
2018-08-21,170.75999450683594,154.64678955078125
2018-08-22,171.17999267578125,155.02711486816406
2018-08-23,170.66000366210938,154.55621337890625
2018-08-24,171.58999633789062,155.39842224121094
2018-08-27,171.83999633789062,155.6248779296875
2018-08-28,172.0,155.76976013183594
2018-08-29,172.5,156.22262573242188
2018-08-30,172.36000061035156,156.09580993652344
2018-08-31,173.02000427246094,156.69351196289062
2018-09-04,172.25,155.99615478515625
2018-09-05,171.7899932861328,155.57960510253906
2018-09-06,170.6300048828125,154.529052734375
2018-09-07,170.5399932861328,154.447509765625
2018-09-10,170.75,154.63771057128906
2018-09-11,171.02999877929688,154.8913116455078
2018-09-12,170.6199951171875,154.51998901367188
2018-09-13,170.66000366210938,154.55621337890625
2018-09-14,171.3800048828125,155.2082977294922
2018-09-17,169.55999755859375,153.56007385253906
2018-09-18,170.27000427246094,154.20303344726562
2018-09-19,169.64999389648438,153.64151000976562
2018-09-20,171.22000122070312,155.0633544921875
2018-09-21,170.39999389648438,154.32077026367188
2018-09-24,169.77000427246094,153.75025939941406
2018-09-25,170.02999877929688,153.9856414794922
2018-09-26,168.02999877929688,152.5782470703125
2018-09-27,168.0399932861328,152.58724975585938
2018-09-28,168.5500030517578,153.0504150390625
2018-10-01,166.3300018310547,151.03453063964844
2018-10-02,164.52999877929688,149.4000244140625
2018-10-03,165.97000122070312,150.7075958251953
2018-10-04,163.63999938964844,148.59185791015625
2018-10-05,162.16000366210938,147.2480010986328
2018-10-08,161.82000732421875,146.93927001953125
2018-10-09,161.19000244140625,146.3671875
2018-10-10,156.55999755859375,142.1629180908203
2018-10-11,153.57000732421875,139.4479522705078
2018-10-12,153.60000610351562,139.47518920898438
2018-10-15,154.1699981689453,139.99269104003906
2018-10-16,158.63999938964844,144.0517120361328
2018-10-17,157.9600067138672,143.43421936035156
2018-10-18,155.0,140.74642944335938
2018-10-19,153.36000061035156,139.2572021484375
2018-10-22,153.02999877929688,138.95753479003906
2018-10-23,151.66000366210938,137.71359252929688
2018-10-24,145.9499969482422,132.52865600585938
2018-10-25,149.11000061035156,135.3980255126953
2018-10-26,147.47999572753906,133.91795349121094
2018-10-29,146.6699981689453,133.182373046875
2018-10-30,149.72999572753906,135.9610137939453
2018-10-31,150.02999877929688,136.2333984375
2018-11-01,153.49000549316406,139.37525939941406
2018-11-02,154.0,139.83839416503906
2018-11-05,153.8800048828125,139.72943115234375
2018-11-06,154.63999938964844,140.4195556640625
2018-11-07,157.41000366210938,142.9347686767578
2018-11-08,156.99000549316406,142.55343627929688
2018-11-09,154.0800018310547,139.91102600097656
2018-11-12,151.02999877929688,137.1414794921875
2018-11-13,150.5500030517578,136.70562744140625
2018-11-14,149.4499969482422,135.70675659179688
2018-11-15,151.5800018310547,137.64093017578125
2018-11-16,151.94000244140625,137.9678192138672
2018-11-19,148.86000061035156,135.17103576660156
2018-11-20,145.99000549316406,132.5649871826172
2018-11-21,148.02999877929688,134.41737365722656
2018-11-23,147.88999938964844,134.29022216796875
2018-11-26,149.80999755859375,136.03367614746094
2018-11-27,148.57000732421875,134.90773010253906
2018-11-28,152.24000549316406,138.24021911621094
2018-11-29,151.8300018310547,137.867919921875
2018-11-30,152.6199951171875,138.58526611328125
2018-12-03,154.0800018310547,139.91102600097656
2018-12-04,147.52000427246094,133.95428466796875
2018-12-06,147.1999969482422,133.6636962890625
2018-12-07,144.02000427246094,130.77615356445312
2018-12-10,143.60000610351562,130.3946990966797
2018-12-11,143.4499969482422,130.2584991455078
2018-12-12,144.82000732421875,131.50253295898438
2018-12-13,142.77000427246094,129.64112854003906
2018-12-14,140.61000061035156,127.6796875
2018-12-17,137.02000427246094,124.83623504638672
2018-12-18,136.85000610351562,124.68133544921875
2018-12-19,134.0,122.08478546142578
2018-12-20,131.7899932861328,120.07124328613281
2018-12-21,128.3699951171875,116.95538330078125
2018-12-24,125.87999725341797,114.68677520751953
2018-12-26,131.92999267578125,120.19879913330078
2018-12-27,132.47999572753906,120.6999282836914
2018-12-28,132.86000061035156,121.0461196899414
2018-12-31,133.89999389648438,121.99363708496094
2019-01-02,134.66000366210938,122.68606567382812
2019-01-03,132.25,120.49036407470703
2019-01-04,137.19000244140625,124.99110412597656
2019-01-07,139.58999633789062,127.17770385742188
2019-01-08,141.72999572753906,129.1273956298828
2019-01-09,142.89999389648438,130.19338989257812
2019-01-10,143.63999938964844,130.86753845214844
2019-01-11,143.67999267578125,130.90399169921875
2019-01-14,142.25,129.60113525390625
2019-01-15,143.4499969482422,130.69444274902344
2019-01-16,144.52000427246094,131.66932678222656
2019-01-17,145.8300018310547,132.86282348632812
2019-01-18,147.3300018310547,134.22943115234375
2019-01-22,145.0,132.10662841796875
2019-01-23,144.60000610351562,131.7422332763672
2019-01-24,145.47000122070312,132.5348663330078
2019-01-25,147.33999633789062,134.23855590820312
2019-01-28,146.5500030517578,133.518798828125
2019-01-29,146.1999969482422,133.19992065429688
2019-01-30,147.8000030517578,134.65768432617188
2019-01-31,149.05999755859375,135.80564880371094
2019-02-01,149.17999267578125,135.9149169921875
2019-02-04,150.9600067138672,137.53665161132812
2019-02-05,151.1199951171875,137.6824493408203
2019-02-06,150.92999267578125,137.50936889648438
2019-02-07,149.69000244140625,136.37962341308594
2019-02-08,149.85000610351562,136.525390625
2019-02-11,151.10000610351562,137.66427612304688
2019-02-12,152.99000549316406,139.3861846923828
2019-02-13,153.4199981689453,139.77796936035156
2019-02-14,153.77000427246094,140.09681701660156
2019-02-15,156.22000122070312,142.32896423339844
2019-02-19,156.64999389648438,142.720703125
2019-02-20,157.38999938964844,143.3948974609375
2019-02-21,156.7899932861328,142.84823608398438
2019-02-22,158.14999389648438,144.08731079101562
2019-02-25,158.19000244140625,144.12380981445312
2019-02-26,157.10000610351562,143.13075256347656
2019-02-27,157.32000732421875,143.33116149902344
2019-02-28,156.77999877929688,142.83914184570312
2019-03-01,158.24000549316406,144.16934204101562
2019-03-04,156.80999755859375,142.86654663085938
2019-03-05,156.0800018310547,142.20143127441406
2019-03-06,153.02000427246094,139.4134979248047
2019-03-07,151.67999267578125,138.19264221191406
2019-03-08,151.63999938964844,138.15621948242188
2019-03-11,154.2899932861328,140.57057189941406
2019-03-12,154.3699951171875,140.6434326171875
2019-03-13,154.97999572753906,141.19923400878906
2019-03-14,154.35000610351562,140.62521362304688
2019-03-15,154.75999450683594,140.99879455566406
2019-03-18,155.75,141.90078735351562
2019-03-19,154.9600067138672,141.1809844970703
2019-03-20,153.25999450683594,140.00437927246094
2019-03-21,155.27000427246094,141.84054565429688
2019-03-22,149.6199951171875,136.6792449951172
2019-03-25,150.27999877929688,137.28213500976562
2019-03-26,151.86000061035156,138.7255096435547
2019-03-27,151.27000427246094,138.1865234375
2019-03-28,152.6199951171875,139.41976928710938
2019-03-29,153.08999633789062,139.84910583496094
2019-04-01,154.75999450683594,141.3746795654297
2019-04-02,154.36000061035156,141.00929260253906
2019-04-03,155.16000366210938,141.74009704589844
2019-04-04,155.9199981689453,142.43431091308594
2019-04-05,157.3800048828125,143.76805114746094
2019-04-08,157.1199951171875,143.5305633544922
2019-04-09,155.1999969482422,141.77658081054688
2019-04-10,157.30999755859375,143.7041473388672
2019-04-11,157.11000061035156,143.52142333984375
2019-04-12,157.67999267578125,144.0420684814453
2019-04-15,157.1699981689453,143.57618713378906
2019-04-16,157.5399932861328,143.91419982910156
2019-04-17,156.10000610351562,142.59877014160156
2019-04-18,155.63999938964844,142.17852783203125
2019-04-22,155.22999572753906,141.80397033691406
2019-04-23,157.57000732421875,143.94163513183594
2019-04-24,158.05999755859375,144.3892364501953
2019-04-25,156.75,143.19252014160156
2019-04-26,158.27000427246094,144.58106994628906
2019-04-29,159.02999877929688,145.2753143310547
2019-04-30,158.2899932861328,144.599365234375
2019-05-01,156.7899932861328,143.22909545898438
2019-05-02,157.52000427246094,143.89601135253906
2019-05-03,160.52999877929688,146.64561462402344
2019-05-06,160.7100067138672,146.81004333496094
2019-05-07,157.52999877929688,143.90505981445312
2019-05-08,156.75999450683594,143.20164489746094
2019-05-09,156.19000244140625,142.68096923828125
2019-05-10,156.6199951171875,143.07376098632812
2019-05-13,151.6300048828125,138.515380859375
2019-05-14,153.5399932861328,140.26011657714844
2019-05-15,154.0399932861328,140.7168731689453
2019-05-16,155.0,141.59390258789062
2019-05-17,152.83999633789062,139.62074279785156
2019-05-20,151.77999877929688,138.6524200439453
2019-05-21,153.82000732421875,140.5159912109375
2019-05-22,152.52999877929688,139.33755493164062
2019-05-23,149.38999938964844,136.46910095214844
2019-05-24,150.7899932861328,137.748046875
2019-05-28,149.58999633789062,136.65184020996094
2019-05-29,148.33999633789062,135.5099639892578
2019-05-30,147.92999267578125,135.13543701171875
2019-05-31,145.86000061035156,133.24440002441406
2019-06-03,146.3699951171875,133.71034240722656
2019-06-04,150.16000366210938,137.1725616455078
2019-06-05,150.19000244140625,137.199951171875
2019-06-06,149.8000030517578,136.84364318847656
2019-06-07,150.86000061035156,137.81199645996094
2019-06-10,151.75,138.625
2019-06-11,151.3000030517578,138.21388244628906
2019-06-12,151.47000122070312,138.3692169189453
2019-06-13,153.07000732421875,139.83079528808594
2019-06-14,151.72999572753906,138.60671997070312
2019-06-17,152.24000549316406,139.56285095214844
2019-06-18,154.00999450683594,141.1854705810547
2019-06-19,154.55999755859375,141.68968200683594
2019-06-20,155.2899932861328,142.35890197753906
2019-06-21,153.9499969482422,141.13047790527344
2019-06-24,152.0800018310547,139.41622924804688
2019-06-25,151.14999389648438,138.5636444091797
2019-06-26,150.8000030517578,138.24281311035156
2019-06-27,153.6300048828125,140.83714294433594
2019-06-28,155.5,142.55137634277344
2019-07-01,156.10000610351562,143.10147094726562
2019-07-02,155.14999389648438,142.2305450439453
2019-07-03,156.25999450683594,143.2481231689453
2019-07-05,156.67999267578125,143.6331787109375
2019-07-08,155.19000244140625,142.26719665527344
2019-07-09,155.39999389648438,142.459716796875
2019-07-10,155.6699981689453,142.70724487304688
2019-07-11,154.91000366210938,142.01055908203125
2019-07-12,156.11000061035156,143.1106414794922
2019-07-15,155.2899932861328,142.35890197753906
2019-07-16,155.24000549316406,142.3130645751953
2019-07-17,154.1300048828125,141.2955322265625
2019-07-18,154.7100067138672,141.8271942138672
2019-07-19,153.82000732421875,141.0112762451172
2019-07-22,153.67999267578125,140.88296508789062
2019-07-23,154.6999969482422,141.8180694580078
2019-07-24,157.25999450683594,144.16485595703125
2019-07-25,155.36000061035156,142.42308044433594
2019-07-26,157.1999969482422,144.10983276367188
2019-07-29,156.14999389648438,143.1473388671875
2019-07-30,157.83999633789062,144.69659423828125
2019-07-31,156.55999755859375,143.5231170654297
2019-08-01,154.2899932861328,141.4421844482422
2019-08-02,152.5800018310547,139.8745574951172
2019-08-05,148.0,135.67591857910156
2019-08-06,149.36000061035156,136.92274475097656
2019-08-07,149.32000732421875,136.88607788085938
2019-08-08,152.5399932861328,139.83790588378906
2019-08-09,150.6199951171875,138.07781982421875
2019-08-12,148.6699981689453,136.29013061523438
2019-08-13,150.27000427246094,137.75694274902344
2019-08-14,146.07000732421875,133.9066925048828
2019-08-15,145.49000549316406,133.3749237060547
2019-08-16,148.6300048828125,136.2534637451172
2019-08-19,150.1300048828125,137.62855529785156
2019-08-20,149.14999389648438,136.73019409179688
2019-08-21,150.3800048828125,137.85775756835938
2019-08-22,150.02999877929688,137.53689575195312
2019-08-23,145.42999267578125,133.3199462890625
2019-08-26,147.02999877929688,134.7866973876953
2019-08-27,144.85000610351562,132.78822326660156
2019-08-28,146.5399932861328,134.33750915527344
2019-08-29,149.11000061035156,136.6934814453125
2019-08-30,148.83999633789062,136.44598388671875
2019-09-03,146.66000366210938,134.447509765625
2019-09-04,147.83999633789062,135.52926635742188
2019-09-05,150.58999633789062,138.0502471923828
2019-09-06,149.89999389648438,137.41775512695312
2019-09-09,151.91000366210938,139.2603759765625
2019-09-10,153.85000610351562,141.038818359375
2019-09-11,157.0,143.92649841308594
2019-09-12,157.0399932861328,143.96319580078125
2019-09-13,157.30999755859375,144.210693359375
2019-09-16,157.89999389648438,144.75152587890625
2019-09-17,157.49000549316406,144.3756866455078
2019-09-18,156.52000427246094,143.48648071289062
2019-09-19,155.75999450683594,142.78973388671875
2019-09-20,155.42999267578125,142.48724365234375
2019-09-23,155.30999755859375,142.37722778320312
2019-09-24,152.42999267578125,140.2282257080078
2019-09-25,154.10000610351562,141.76455688476562
2019-09-26,152.3800048828125,140.18223571777344
2019-09-27,151.16000366210938,139.05987548828125
2019-09-30,151.33999633789062,139.22549438476562
2019-10-01,148.3699951171875,136.4932098388672
2019-10-02,147.25,135.46287536621094
2019-10-03,147.74000549316406,135.9136505126953
2019-10-04,149.13999938964844,137.20152282714844
2019-10-07,148.8800048828125,136.96240234375
2019-10-08,146.4600067138672,134.736083984375
2019-10-09,147.1300048828125,135.35244750976562
2019-10-10,147.72000122070312,135.89524841308594
2019-10-11,150.22000122070312,138.19512939453125
2019-10-14,149.6699981689453,137.68914794921875
2019-10-15,151.38999938964844,139.271484375
2019-10-16,151.5500030517578,139.41864013671875
2019-10-17,153.33999633789062,141.06536865234375
2019-10-18,152.61000061035156,140.39381408691406
2019-10-21,154.0399932861328,141.70933532714844
2019-10-22,154.2100067138672,141.86570739746094
2019-10-23,154.39999389648438,142.04052734375
2019-10-24,154.17999267578125,141.83810424804688
2019-10-25,155.0,142.592529296875
2019-10-28,156.33999633789062,143.8252410888672
2019-10-29,156.85000610351562,144.29440307617188
2019-10-30,156.3300018310547,143.81605529785156
2019-10-31,155.4499969482422,143.0064697265625
2019-11-01,158.10000610351562,145.44432067871094
2019-11-04,158.9499969482422,146.22630310058594
2019-11-05,159.14999389648438,146.4102783203125
2019-11-06,158.22999572753906,145.56393432617188
2019-11-07,158.64999389648438,145.95033264160156
2019-11-08,159.0800018310547,146.34588623046875
2019-11-11,158.77999877929688,146.06993103027344
2019-11-12,158.8300018310547,146.11590576171875
2019-11-13,158.14999389648438,145.4903564453125
2019-11-14,158.10000610351562,145.44432067871094
2019-11-15,158.9199981689453,146.19869995117188
2019-11-18,158.52000427246094,145.83071899414062
2019-11-19,159.11000061035156,146.37350463867188
2019-11-20,158.50999450683594,145.82151794433594
2019-11-21,157.72999572753906,145.10398864746094
2019-11-22,158.22000122070312,145.5546875
2019-11-25,161.5800018310547,148.64581298828125
2019-11-26,161.69000244140625,148.74703979492188
2019-11-27,162.8300018310547,149.79574584960938
2019-11-29,161.77000427246094,148.82058715820312
2019-12-02,160.19000244140625,147.36705017089844
2019-12-03,159.67999267578125,146.8978729248047
2019-12-04,160.77999877929688,147.90985107421875
2019-12-05,160.94000244140625,148.05699157714844
2019-12-06,162.82000732421875,149.7865447998047
2019-12-09,162.50999450683594,149.50132751464844
2019-12-10,162.61000061035156,149.59329223632812
2019-12-11,162.55999755859375,149.54734802246094
2019-12-12,163.9600067138672,150.83526611328125
2019-12-13,163.3300018310547,150.25570678710938
2019-12-16,163.8800048828125,151.3147735595703
2019-12-17,164.6999969482422,152.0718994140625
2019-12-18,165.02000427246094,152.3673553466797
2019-12-19,165.72999572753906,153.02285766601562
2019-12-20,165.97000122070312,153.24452209472656
2019-12-23,166.3000030517578,153.5491943359375
2019-12-24,166.67999267578125,153.9000701904297
2019-12-26,166.67999267578125,153.9000701904297
2019-12-27,165.86000061035156,153.1429443359375
2019-12-30,165.44000244140625,152.75515747070312
2019-12-31,165.6699981689453,152.96751403808594
2020-01-02,165.77999877929688,153.06907653808594
2020-01-03,165.1300048828125,152.4689178466797
2020-01-06,165.35000610351562,152.6720733642578
2020-01-07,164.8000030517578,152.16421508789062
2020-01-08,165.30999755859375,152.6351318359375
2020-01-09,165.50999450683594,152.8197479248047
2020-01-10,164.88999938964844,152.24728393554688
2020-01-13,165.9600067138672,153.2352752685547
2020-01-14,166.57000732421875,153.79852294921875
2020-01-15,167.3699951171875,154.53717041015625
2020-01-16,169.52999877929688,156.53155517578125
2020-01-17,169.07000732421875,156.10679626464844
2020-01-21,167.6699981689453,154.81417846679688
2020-01-22,167.55999755859375,154.7126007080078
2020-01-23,167.4499969482422,154.61105346679688
2020-01-24,165.38999938964844,152.708984375
2020-01-27,163.50999450683594,150.9730987548828
2020-01-28,164.8699951171875,152.2288055419922
2020-01-29,163.92999267578125,151.3609161376953
2020-01-30,163.92999267578125,151.3609161376953
2020-01-31,160.52999877929688,148.22164916992188
2020-02-03,162.32000732421875,149.87437438964844
2020-02-04,164.77000427246094,152.13650512695312
2020-02-05,167.30999755859375,154.48179626464844
2020-02-06,166.92999267578125,154.1309051513672
2020-02-07,164.8800048828125,152.23809814453125
2020-02-10,165.80999755859375,153.09677124023438
2020-02-11,166.9600067138672,154.1585693359375
2020-02-12,168.11000061035156,155.22042846679688
2020-02-13,168.5500030517578,155.62669372558594
2020-02-14,167.89999389648438,155.02650451660156
2020-02-18,167.5399932861328,154.69410705566406
2020-02-19,168.39999389648438,155.4882049560547
2020-02-20,168.80999755859375,155.86676025390625
2020-02-21,167.10000610351562,154.287841796875
2020-02-24,162.07000732421875,149.64353942871094
2020-02-25,156.30999755859375,144.3251190185547
2020-02-26,154.5,142.6539306640625
2020-02-27,149.05999755859375,137.63104248046875
2020-02-28,146.3300018310547,135.11036682128906
2020-03-02,151.02999877929688,139.4499969482422
2020-03-03,147.9499969482422,136.6061248779297
2020-03-04,152.16000366210938,140.4933624267578
2020-03-05,147.32000732421875,136.02450561523438
2020-03-06,144.39999389648438,133.32835388183594
2020-03-09,130.36000061035156,120.3648681640625
2020-03-10,134.42999267578125,124.12276458740234
2020-03-11,125.87999725341797,116.22833251953125
2020-03-12,111.97000122070312,103.3848876953125
2020-03-13,119.47000122070312,110.30982208251953
2020-03-16,103.62000274658203,95.67510986328125
2020-03-17,108.37000274658203,100.06088256835938
2020-03-18,99.97000122070312,92.30496978759766
2020-03-19,103.87000274658203,95.90592956542969
2020-03-20,101.4000015258789,93.62532806396484
2020-03-23,99.9000015258789,92.24034118652344
2020-03-24,109.04000091552734,100.67951965332031
2020-03-25,109.97000122070312,101.93083953857422
2020-03-26,116.80999755859375,108.27080535888672
2020-03-27,112.55999755859375,104.33150482177734
2020-03-30,115.04000091552734,106.63018035888672
2020-03-31,114.45999908447266,106.09260559082031
2020-04-01,106.66000366210938,98.8628158569336
2020-04-02,107.66999816894531,99.79895782470703
2020-04-03,104.62000274658203,96.97195434570312
2020-04-06,112.62999725341797,104.39640045166016
2020-04-07,112.91999816894531,104.66516876220703
2020-04-08,118.06999969482422,109.43869018554688
2020-04-09,123.72000122070312,114.67567443847656
2020-04-13,120.37000274658203,111.57056427001953
2020-04-14,122.80999755859375,113.83218383789062
2020-04-15,117.80000305175781,109.18844604492188
2020-04-16,116.91000366210938,108.36351776123047
2020-04-17,122.05999755859375,113.13700866699219
2020-04-20,120.62000274658203,111.80229187011719
2020-04-21,117.73999786376953,109.13280487060547
2020-04-22,119.16999816894531,110.45829772949219
2020-04-23,120.33999633789062,111.54277038574219
2020-04-24,122.41000366210938,113.46141815185547
2020-04-27,127.26000213623047,117.9568862915039
2020-04-28,129.11000061035156,119.67163848876953
2020-04-29,135.4600067138672,125.55744934082031
2020-04-30,130.30999755859375,120.7839126586914
2020-05-01,125.13999938964844,115.99187469482422
2020-05-04,125.68000030517578,116.49238586425781
2020-05-05,126.6500015258789,117.39147186279297
2020-05-06,125.72000122070312,116.5294418334961
2020-05-07,127.44000244140625,118.12373352050781
2020-05-08,132.36000061035156,122.68403625488281
2020-05-11,131.6999969482422,122.07231903076172
2020-05-12,126.97000122070312,117.68807220458984
2020-05-13,122.72000122070312,113.7487564086914
2020-05-14,123.12000274658203,114.1195297241211
2020-05-15,125.08000183105469,115.9362564086914
2020-05-18,132.67999267578125,122.98064422607422
2020-05-19,130.05999755859375,120.55220031738281
2020-05-20,134.0,124.20417022705078
2020-05-21,134.24000549316406,124.4266128540039
2020-05-22,134.88999938964844,125.0290756225586
2020-05-26,138.77999877929688,128.63473510742188
2020-05-27,143.08999633789062,132.62965393066406
2020-05-28,139.6999969482422,129.48745727539062
2020-05-29,138.89999389648438,128.74598693847656
2020-06-01,140.22999572753906,129.97872924804688
2020-06-02,141.38999938964844,131.05392456054688
2020-06-03,144.8000030517578,134.2146453857422
2020-06-04,144.58999633789062,134.02000427246094
2020-06-05,150.17999267578125,139.20135498046875
2020-06-08,153.08999633789062,141.89862060546875
2020-06-09,150.25999450683594,139.27549743652344
2020-06-10,146.17999267578125,135.49374389648438
2020-06-11,135.02999877929688,125.15888214111328
2020-06-12,138.27000427246094,128.16201782226562
2020-06-15,140.99000549316406,131.12510681152344
2020-06-16,144.3800048828125,134.27789306640625
2020-06-17,141.77000427246094,131.85055541992188
2020-06-18,141.72000122070312,131.8040008544922
2020-06-19,140.99000549316406,131.12510681152344
2020-06-22,142.39999389648438,132.43641662597656
2020-06-23,143.0,132.99447631835938
2020-06-24,138.36000061035156,128.6790771484375
2020-06-25,140.4499969482422,130.62286376953125
2020-06-26,136.6699981689453,127.10734558105469
2020-06-29,141.13999938964844,131.26458740234375
2020-06-30,143.17999267578125,133.161865234375
2020-07-01,141.82000732421875,131.8970184326172
2020-07-02,142.39999389648438,132.43641662597656
2020-07-06,143.42999267578125,133.3943634033203
2020-07-07,140.88999938964844,131.0321502685547
2020-07-08,141.94000244140625,132.00865173339844
2020-07-09,139.07000732421875,129.3394317626953
2020-07-10,141.30999755859375,131.42269897460938
2020-07-13,139.52000427246094,129.7579345703125
2020-07-14,141.8300018310547,131.90631103515625
2020-07-15,147.02999877929688,136.7424774169922
2020-07-16,146.16000366210938,135.93338012695312
2020-07-17,146.58999633789062,136.333251953125
2020-07-20,145.9600067138672,135.74737548828125
2020-07-21,148.02999877929688,137.67251586914062
2020-07-22,148.11000061035156,137.7469024658203
2020-07-23,148.25999450683594,137.8863983154297
2020-07-24,146.0800018310547,135.8589324951172
2020-07-27,147.60000610351562,137.27261352539062
2020-07-28,146.1300048828125,135.90548706054688
2020-07-29,149.35000610351562,138.90013122558594
2020-07-30,148.75999450683594,138.35140991210938
2020-07-31,147.36000061035156,137.0493621826172
2020-08-03,149.75999450683594,139.28146362304688
2020-08-04,150.7899932861328,140.2394256591797
2020-08-05,153.7899932861328,143.02947998046875
2020-08-06,153.72999572753906,142.97372436523438
2020-08-07,156.1699981689453,145.24298095703125
2020-08-10,157.7899932861328,146.74961853027344
2020-08-11,156.8800048828125,145.9032745361328
2020-08-12,157.52000427246094,146.4984893798828
2020-08-13,157.19000244140625,146.19158935546875
2020-08-14,157.08999633789062,146.09861755371094
2020-08-17,157.89999389648438,146.8519287109375
2020-08-18,156.38999938964844,145.44757080078125
2020-08-19,156.39999389648438,145.4568634033203
2020-08-20,155.75999450683594,144.8616485595703
2020-08-21,154.61000061035156,143.7921142578125
2020-08-24,156.22999572753906,145.2987518310547
2020-08-25,156.39999389648438,145.4568634033203
2020-08-26,155.4199981689453,144.5454559326172
2020-08-27,155.8000030517578,144.8988494873047
2020-08-28,157.1199951171875,146.12648010253906
2020-08-31,155.42999267578125,144.5546875
2020-09-01,157.2100067138672,146.21023559570312
2020-09-02,158.4600067138672,147.3727569580078
2020-09-03,153.77999877929688,143.0202178955078
2020-09-04,152.8000030517578,142.10874938964844
2020-09-08,149.86000061035156,139.3744659423828
2020-09-09,152.1300048828125,141.48561096191406
2020-09-10,150.14999389648438,139.64418029785156
2020-09-11,149.14999389648438,138.7141571044922
2020-09-14,153.0800018310547,142.3691864013672
2020-09-15,153.3699951171875,142.638916015625
2020-09-16,154.82000732421875,143.9874267578125
2020-09-17,153.69000244140625,142.93649291992188
2020-09-18,153.2899932861328,142.56446838378906
2020-09-21,147.9199981689453,137.57020568847656
2020-09-22,149.05999755859375,138.6304473876953
2020-09-23,144.07000732421875,134.5003204345703
2020-09-24,144.07000732421875,134.5003204345703
2020-09-25,146.41000366210938,136.68487548828125
2020-09-28,150.02000427246094,140.05508422851562
2020-09-29,149.33999633789062,139.4202423095703
2020-09-30,149.7899932861328,139.84034729003906
2020-10-01,152.17999267578125,142.0715789794922
2020-10-02,152.85000610351562,142.6970977783203
2020-10-05,157.07000732421875,146.6367645263672
2020-10-06,156.6199951171875,146.21665954589844
2020-10-07,160.0399932861328,149.40951538085938
2020-10-08,161.86000061035156,151.10862731933594
2020-10-09,162.6999969482422,151.89279174804688
2020-10-12,163.7899932861328,152.9104461669922
2020-10-13,162.6999969482422,151.89279174804688
2020-10-14,161.08999633789062,150.38975524902344
2020-10-15,162.75,151.9394989013672
2020-10-16,162.35000610351562,151.56607055664062
2020-10-19,160.41000366210938,149.7550048828125
2020-10-20,160.75999450683594,150.08169555664062
2020-10-21,159.3800048828125,148.79336547851562
2020-10-22,162.1300048828125,151.3606719970703
2020-10-23,163.07000732421875,152.23825073242188
2020-10-26,159.5500030517578,148.9520721435547
2020-10-27,158.17999267578125,147.67303466796875
2020-10-28,153.30999755859375,143.12657165527344
2020-10-29,155.13999938964844,144.83494567871094
2020-10-30,153.08999633789062,142.92117309570312
2020-11-02,155.82000732421875,145.46981811523438
2020-11-03,160.24000549316406,149.59622192382812
2020-11-04,160.4199981689453,149.7642822265625
2020-11-05,164.91000366210938,153.95602416992188
2020-11-06,163.6199951171875,152.7517547607422
2020-11-09,169.5500030517578,158.2877960205078
2020-11-10,172.6999969482422,161.22853088378906
2020-11-11,172.6300048828125,161.1632537841797
2020-11-12,169.97999572753906,158.6892547607422
2020-11-13,173.5,161.9754180908203
2020-11-16,177.6300048828125,165.83111572265625
2020-11-17,178.4600067138672,166.6060333251953
2020-11-18,175.9600067138672,164.27200317382812
2020-11-19,177.30999755859375,165.53237915039062
2020-11-20,177.5,165.70977783203125
2020-11-23,180.82000732421875,168.80918884277344
2020-11-24,184.22000122070312,171.98333740234375
2020-11-25,183.58999633789062,171.39524841308594
2020-11-27,184.3699951171875,172.1234130859375
2020-11-30,181.02000427246094,168.99595642089844
2020-12-01,182.6999969482422,170.56436157226562
2020-12-02,182.88999938964844,170.7417449951172
2020-12-03,183.9199981689453,171.70330810546875
2020-12-04,188.1999969482422,175.69900512695312
2020-12-07,188.3800048828125,175.86705017089844
2020-12-08,190.8000030517578,178.1262969970703
2020-12-09,189.41000366210938,176.82864379882812
2020-12-10,191.24000549316406,178.53709411621094
2020-12-11,190.3000030517578,177.65953063964844
2020-12-14,189.92999267578125,177.86740112304688
2020-12-15,194.67999267578125,182.3157501220703
2020-12-16,193.97999572753906,181.66021728515625
2020-12-17,196.2899932861328,183.82351684570312
2020-12-18,195.33999633789062,182.93385314941406
2020-12-21,195.24000549316406,182.84017944335938
2020-12-22,197.4600067138672,184.91920471191406
2020-12-23,199.13999938964844,186.49249267578125
2020-12-24,199.00999450683594,186.37075805664062
2020-12-28,198.27000427246094,185.67771911621094
2020-12-29,194.42999267578125,182.08164978027344
2020-12-30,196.41000366210938,183.93589782714844
2020-12-31,196.05999755859375,183.60806274414062
2021-01-04,193.5,181.21072387695312
2021-01-05,196.49000549316406,184.01083374023438
2021-01-06,204.52999877929688,191.5401611328125
2021-01-07,208.1699981689453,194.948974609375
2021-01-08,207.72000122070312,194.527587890625
2021-01-11,207.5399932861328,194.35902404785156
2021-01-12,211.25999450683594,197.8427276611328
2021-01-13,209.75,196.42864990234375
2021-01-14,213.94000244140625,200.35255432128906
2021-01-15,210.75,197.36514282226562
2021-01-19,213.4499969482422,199.8936309814453
2021-01-20,214.38999938964844,200.77395629882812
2021-01-21,212.52999877929688,199.03211975097656
2021-01-22,215.0,201.34521484375
2021-01-25,214.7899932861328,201.14859008789062
2021-01-26,213.3000030517578,199.75315856933594
2021-01-27,209.38999938964844,196.0915069580078
2021-01-28,208.72000122070312,195.46408081054688
2021-01-29,205.55999755859375,192.5047149658203
2021-02-01,210.61000061035156,197.2340087890625
2021-02-02,213.61000061035156,200.04348754882812
2021-02-03,214.25,200.64288330078125
2021-02-04,218.6199951171875,204.7352752685547
2021-02-05,221.64999389648438,207.57284545898438
2021-02-08,227.30999755859375,212.87344360351562
2021-02-09,228.3800048828125,213.87545776367188
2021-02-10,226.8800048828125,212.47068786621094
2021-02-11,226.6199951171875,212.22720336914062
2021-02-12,227.25999450683594,212.82656860351562
2021-02-16,225.8300018310547,211.4874267578125
2021-02-17,224.05999755859375,209.82981872558594
2021-02-18,220.58999633789062,206.5801544189453
2021-02-19,225.19000244140625,210.88804626464844
2021-02-22,223.72999572753906,209.520751953125
2021-02-23,221.75999450683594,207.6759033203125
2021-02-24,227.0,212.58306884765625
2021-02-25,218.61000061035156,204.7259521484375
2021-02-26,218.30999755859375,204.44497680664062
2021-03-01,226.07000732421875,211.71217346191406
2021-03-02,221.72000122070312,207.63844299316406
2021-03-03,219.32000732421875,205.39085388183594
2021-03-04,213.19000244140625,199.65016174316406
2021-03-05,217.7100067138672,203.8831024169922
2021-03-08,218.74000549316406,204.8477020263672
2021-03-09,223.33999633789062,209.155517578125
2021-03-10,227.22000122070312,212.78909301757812
2021-03-11,232.22000122070312,217.4715576171875
2021-03-12,233.58999633789062,218.75454711914062
2021-03-15,234.4199981689453,219.53182983398438
2021-03-16,230.5,215.86077880859375
2021-03-17,232.30999755859375,217.55584716796875
2021-03-18,225.24000549316406,210.9348907470703
2021-03-19,226.94000244140625,212.5269012451172
2021-03-22,225.22999572753906,210.9254913330078
2021-03-23,217.05999755859375,203.27438354492188
2021-03-24,212.0399932861328,198.57318115234375
2021-03-25,216.66000366210938,203.28135681152344
2021-03-26,220.61000061035156,206.9874725341797
2021-03-29,214.39999389648438,201.16087341308594
2021-03-30,218.00999450683594,204.5479736328125
2021-03-31,220.94000244140625,207.29705810546875
2021-04-01,223.74000549316406,209.92416381835938
2021-04-05,224.97000122070312,211.0782012939453
2021-04-06,224.30999755859375,210.45896911621094
2021-04-07,220.69000244140625,207.06253051757812
2021-04-08,222.55999755859375,208.8170166015625
2021-04-09,222.58999633789062,208.8451385498047
2021-04-12,221.72000122070312,208.0288848876953
2021-04-13,221.13999938964844,207.48468017578125
2021-04-14,223.32000732421875,209.53012084960938
2021-04-15,224.2899932861328,210.4402313232422
2021-04-16,224.64999389648438,210.77796936035156
2021-04-19,221.72999572753906,208.0382843017578
2021-04-20,217.19000244140625,203.7786407470703
2021-04-21,222.5,208.7607421875
2021-04-22,221.5800018310547,207.89752197265625
2021-04-23,225.75999450683594,211.8194122314453
2021-04-26,228.11000061035156,214.02435302734375
2021-04-27,228.4499969482422,214.34335327148438
2021-04-28,228.83999633789062,214.70924377441406
2021-04-29,227.99000549316406,213.9116973876953
2021-04-30,224.88999938964844,211.0031280517578
2021-05-03,225.99000549316406,212.0352325439453
2021-05-04,223.2899932861328,209.50192260742188
2021-05-05,222.39999389648438,208.66688537597656
2021-05-06,222.58999633789062,208.8451385498047
2021-05-07,225.38999938964844,211.47225952148438
2021-05-10,219.66000366210938,206.0961151123047
2021-05-11,218.9600067138672,205.43927001953125
2021-05-12,211.85000610351562,198.76837158203125
2021-05-13,215.75,202.4275665283203
2021-05-14,221.02000427246094,207.37213134765625
2021-05-17,221.32000732421875,207.65362548828125
2021-05-18,219.63999938964844,206.07733154296875
2021-05-19,217.9499969482422,204.49168395996094
2021-05-20,219.39999389648438,205.85214233398438
2021-05-21,219.97000122070312,206.386962890625
2021-05-24,221.39999389648438,207.7286376953125
2021-05-25,219.25999450683594,205.72084045410156
2021-05-26,223.35000610351562,209.55824279785156
2021-05-27,225.64999389648438,211.71620178222656
2021-05-28,225.5,211.57550048828125
2021-06-01,228.05999755859375,213.97740173339844
2021-06-02,228.3300018310547,214.23074340820312
2021-06-03,226.4199981689453,212.43865966796875
2021-06-04,227.39999389648438,213.35812377929688
2021-06-07,230.4499969482422,216.21983337402344
2021-06-08,232.88999938964844,218.50917053222656
2021-06-09,231.33999633789062,217.05487060546875
2021-06-10,229.27999877929688,215.4451904296875
2021-06-11,231.6999969482422,217.7191925048828
2021-06-14,231.02000427246094,217.0802459716797
2021-06-15,230.36000061035156,216.46005249023438
2021-06-16,229.8699951171875,215.99961853027344
2021-06-17,227.2899932861328,213.5752716064453
2021-06-18,222.1300048828125,208.72665405273438
2021-06-21,226.8800048828125,213.19000244140625
2021-06-22,227.91000366210938,214.15786743164062
2021-06-23,228.66000366210938,214.86265563964844
2021-06-24,231.88999938964844,217.8977508544922
2021-06-25,232.27999877929688,218.26417541503906
2021-06-28,230.44000244140625,216.53524780273438
2021-06-29,229.33999633789062,215.50157165527344
2021-06-30,229.3699951171875,215.52980041503906
2021-07-01,231.38999938964844,217.4279022216797
2021-07-02,229.19000244140625,215.3606414794922
2021-07-06,225.86000061035156,212.23158264160156
2021-07-07,223.75999450683594,210.25828552246094
2021-07-08,221.6999969482422,208.3225860595703
2021-07-09,226.3800048828125,212.72018432617188
2021-07-12,226.57000732421875,212.8987579345703
2021-07-13,222.3000030517578,208.88641357421875
2021-07-14,218.8699951171875,205.66334533691406
2021-07-15,217.6300048828125,204.4982452392578
2021-07-16,214.9499969482422,201.97988891601562
2021-07-19,211.72999572753906,198.95420837402344
2021-07-20,218.3000030517578,205.1277618408203
2021-07-21,222.05999755859375,208.66087341308594
2021-07-22,218.52999877929688,205.34388732910156
2021-07-23,219.5500030517578,206.30233764648438
2021-07-26,220.19000244140625,206.90370178222656
2021-07-27,217.6199951171875,204.48878479003906
2021-07-28,220.82000732421875,207.49569702148438
2021-07-29,222.52000427246094,209.09312438964844
2021-07-30,221.0500030517578,207.71180725097656
2021-08-02,219.9499969482422,206.67820739746094
2021-08-03,220.86000061035156,207.5332794189453
2021-08-04,218.11000061035156,204.94924926757812
2021-08-05,222.02999877929688,208.63270568847656
2021-08-06,223.38999938964844,209.91061401367188
2021-08-09,222.16000366210938,208.7548370361328
2021-08-10,222.60000610351562,209.1682891845703
2021-08-11,223.69000244140625,210.19253540039062
2021-08-12,223.16000366210938,209.69451904296875
2021-08-13,221.1300048828125,207.78700256347656
2021-08-16,219.07000732421875,205.851318359375
2021-08-17,216.39999389648438,203.34237670898438
2021-08-18,214.50999450683594,201.56642150878906
2021-08-19,211.94000244140625,199.15155029296875
2021-08-20,215.52000427246094,202.51548767089844
2021-08-23,219.6199951171875,206.36810302734375
2021-08-24,221.77999877929688,208.3977813720703
2021-08-25,222.55999755859375,209.13070678710938
2021-08-26,220.1999969482422,206.91311645507812
2021-08-27,226.41000366210938,212.74839782714844
2021-08-30,225.47999572753906,211.87449645996094
2021-08-31,225.9199981689453,212.28797912597656
2021-09-01,227.44000244140625,213.7162628173828
2021-09-02,229.02000427246094,215.20094299316406
2021-09-03,227.9600067138672,214.2048797607422
2021-09-07,226.38999938964844,212.7296142578125
2021-09-08,223.9199981689453,210.4086456298828
2021-09-09,223.80999755859375,210.30523681640625
2021-09-10,221.6199951171875,208.2473907470703
2021-09-13,222.8800048828125,209.431396484375
2021-09-14,220.0399932861328,206.76275634765625
2021-09-15,222.02999877929688,208.63270568847656
2021-09-16,222.19000244140625,208.7830047607422
2021-09-17,222.47999572753906,209.05555725097656
2021-09-20,217.19000244140625,204.08474731445312
2021-09-21,217.52000427246094,204.39483642578125
2021-09-22,220.89999389648438,207.57086181640625
2021-09-23,224.80999755859375,211.2449493408203
2021-09-24,223.0500030517578,210.2261199951172
2021-09-27,226.44000244140625,213.4211883544922
2021-09-28,221.2899932861328,208.56729125976562
2021-09-29,220.82000732421875,208.12429809570312
2021-09-30,218.75,206.1732940673828
2021-10-01,222.27999877929688,209.50035095214844
2021-10-04,220.25999450683594,207.5964813232422
2021-10-05,221.02000427246094,208.31280517578125
2021-10-06,219.8699951171875,207.22889709472656
2021-10-07,223.25999450683594,210.4240264892578
2021-10-08,221.5800018310547,208.84060668945312
2021-10-11,220.30999755859375,207.6436309814453
2021-10-12,221.52000427246094,208.78404235839844
2021-10-13,222.57000732421875,209.773681640625
2021-10-14,225.8699951171875,212.8839569091797
2021-10-15,225.16000366210938,212.21478271484375
2021-10-18,225.02999877929688,212.09222412109375
2021-10-19,225.8699951171875,212.8839569091797
2021-10-20,227.3699951171875,214.2977294921875
2021-10-21,227.9499969482422,214.8443603515625
2021-10-22,227.41000366210938,214.33543395996094
2021-10-25,229.57000732421875,216.3712615966797
2021-10-26,227.83999633789062,214.7406768798828
2021-10-27,223.64999389648438,210.79159545898438
2021-10-28,228.11000061035156,214.99520874023438
2021-10-29,228.0500030517578,214.93862915039062
2021-11-01,233.9600067138672,220.5088348388672
2021-11-02,234.4499969482422,220.97064208984375
2021-11-03,238.63999938964844,224.9197540283203
2021-11-04,238.5500030517578,224.83493041992188
2021-11-05,241.80999755859375,227.90753173828125
2021-11-08,242.55999755859375,228.61441040039062
2021-11-09,241.14999389648438,227.28549194335938
2021-11-10,237.35000610351562,223.70394897460938
2021-11-11,239.25999450683594,225.50408935546875
2021-11-12,239.5,225.73036193847656
2021-11-15,238.5500030517578,224.83493041992188
2021-11-16,238.99000549316406,225.24964904785156
2021-11-17,235.86000061035156,222.29962158203125
2021-11-18,234.86000061035156,221.35708618164062
2021-11-19,232.72000122070312,219.3401336669922
2021-11-22,231.72999572753906,218.40708923339844
2021-11-23,231.3300018310547,218.030029296875
2021-11-24,231.5800018310547,218.2657012939453
2021-11-26,222.85000610351562,210.03761291503906
2021-11-29,222.7100067138672,209.90562438964844
2021-11-30,218.1699981689453,205.6266632080078
2021-12-01,213.25999450683594,200.99891662597656
2021-12-02,219.2100067138672,206.60687255859375
2021-12-03,214.7100067138672,202.36561584472656
2021-12-06,219.02000427246094,206.42779541015625
2021-12-07,224.10000610351562,211.21575927734375
2021-12-08,225.6300048828125,212.6577911376953
2021-12-09,220.52000427246094,207.84158325195312
2021-12-10,219.91000366210938,207.26661682128906
2021-12-13,216.0399932861328,204.2376708984375
2021-12-14,214.17999267578125,202.47927856445312
2021-12-15,217.5800018310547,205.6935272216797
2021-12-16,213.17999267578125,201.53387451171875
2021-12-17,215.13999938964844,203.3868408203125
2021-12-20,212.1199951171875,200.5318145751953
2021-12-21,218.17999267578125,206.2607421875
2021-12-22,220.27999877929688,208.24603271484375
2021-12-23,222.0399932861328,209.90988159179688
2021-12-27,224.1199951171875,211.87628173828125
2021-12-28,222.75,210.5810546875
2021-12-29,222.99000549316406,210.80796813964844
2021-12-30,222.92999267578125,210.751220703125
2021-12-31,222.4499969482422,210.2974853515625
2022-01-03,225.32000732421875,213.0107421875
2022-01-04,224.97999572753906,212.6892547607422
2022-01-05,217.36000061035156,205.48553466796875
2022-01-06,218.60000610351562,206.65780639648438
2022-01-07,216.07000732421875,204.2660369873047
2022-01-10,215.32000732421875,203.55699157714844
2022-01-11,217.61000061035156,205.72189331054688
2022-01-12,215.99000549316406,204.19039916992188
2022-01-13,214.00999450683594,202.31858825683594
2022-01-14,214.30999755859375,202.6021270751953
2022-01-18,207.8300018310547,196.4761505126953
2022-01-19,204.4499969482422,193.2808380126953
2022-01-20,200.75,189.78298950195312
2022-01-21,196.99000549316406,186.22836303710938
2022-01-24,201.52999877929688,190.52035522460938
2022-01-25,198.83999633789062,187.97732543945312
2022-01-26,195.97000122070312,185.26409912109375
2022-01-27,191.52000427246094,181.0572052001953
2022-01-28,195.25,184.58340454101562
2022-01-31,201.24000549316406,190.2462158203125
2022-02-01,203.36000061035156,192.2504119873047
2022-02-02,201.33999633789062,190.3406982421875
2022-02-03,197.52999877929688,186.73890686035156
2022-02-04,198.3800048828125,187.54241943359375
2022-02-07,199.36000061035156,188.4689178466797
2022-02-08,202.75999450683594,191.68313598632812
2022-02-09,206.61000061035156,195.3228302001953
2022-02-10,203.44000244140625,192.32598876953125
2022-02-11,201.3800048828125,190.37850952148438
2022-02-14,200.67999267578125,189.71678161621094
2022-02-15,206.05999755859375,194.80288696289062
2022-02-16,206.49000549316406,195.20938110351562
2022-02-17,201.1999969482422,190.20834350585938
2022-02-18,199.47000122070312,188.5728759765625
2022-02-22,196.66000366210938,185.91639709472656
2022-02-23,192.97999572753906,182.43743896484375
2022-02-24,198.0399932861328,187.2209930419922
2022-02-25,202.5,191.43734741210938
2022-02-28,203.32000732421875,192.2125701904297
2022-03-01,199.49000549316406,188.59182739257812
2022-03-02,204.24000549316406,193.0823211669922
2022-03-03,201.82000732421875,190.79452514648438
2022-03-04,198.66000366210938,187.80712890625
2022-03-07,193.72000122070312,183.13702392578125
2022-03-08,194.7899932861328,184.1485595703125
2022-03-09,200.27999877929688,189.33865356445312
2022-03-10,199.9199981689453,188.99832153320312
2022-03-11,196.72999572753906,185.9825439453125
2022-03-14,192.7100067138672,182.18222045898438
2022-03-15,195.77999877929688,185.08447265625
2022-03-16,201.94000244140625,190.907958984375
2022-03-17,205.11000061035156,193.90476989746094
2022-03-18,207.27000427246094,195.94680786132812
2022-03-21,205.44000244140625,194.21673583984375
2022-03-22,207.5,196.16419982910156
2022-03-23,203.89999389648438,192.76089477539062
2022-03-24,205.83999633789062,194.97740173339844
2022-03-25,206.1199951171875,195.2426300048828
2022-03-28,206.19000244140625,195.30892944335938
2022-03-29,211.7100067138672,200.5376434326172
2022-03-30,207.4600067138672,196.5119171142578
2022-03-31,205.27000427246094,194.43748474121094
2022-04-01,207.57000732421875,196.6160888671875
2022-04-04,207.91000366210938,196.93814086914062
2022-04-05,202.99000549316406,192.2777862548828
2022-04-06,200.11000061035156,189.54977416992188
2022-04-07,199.4600067138672,188.93409729003906
2022-04-08,197.8699951171875,187.42800903320312
2022-04-11,196.5399932861328,186.16815185546875
2022-04-12,197.16000366210938,186.75546264648438
2022-04-13,200.91000366210938,190.30758666992188
2022-04-14,198.9600067138672,188.46047973632812
2022-04-18,197.6199951171875,187.19117736816406
2022-04-19,201.55999755859375,190.92323303222656
2022-04-20,202.3300018310547,191.6526336669922
2022-04-21,197.8000030517578,187.36170959472656
2022-04-22,192.67999267578125,182.51187133789062
2022-04-25,193.85000610351562,183.62013244628906
2022-04-26,187.74000549316406,177.8325653076172
2022-04-27,186.9600067138672,177.09373474121094
2022-04-28,190.4499969482422,180.3995819091797
2022-04-29,184.9499969482422,175.18978881835938
2022-05-02,186.88999938964844,177.0274200439453
2022-05-03,188.49000549316406,178.5430145263672
2022-05-04,193.52000427246094,183.3075408935547
2022-05-05,185.6699981689453,175.8717803955078
2022-05-06,182.5800018310547,172.9449005126953
2022-05-09,174.89999389648438,165.67013549804688
2022-05-10,174.9499969482422,165.71751403808594
2022-05-11,170.60000610351562,161.59707641601562
2022-05-12,172.60000610351562,163.49156188964844
2022-05-13,178.07000732421875,168.67288208007812
2022-05-16,177.22000122070312,167.8677215576172
2022-05-17,182.63999938964844,173.001708984375
2022-05-18,176.24000549316406,166.93946838378906
2022-05-19,176.52999877929688,167.2141571044922
2022-05-20,176.0800018310547,166.78785705566406
2022-05-23,178.2100067138672,168.80551147460938
2022-05-24,175.57000732421875,166.3048095703125
2022-05-25,178.72999572753906,169.29803466796875
2022-05-26,182.72000122070312,173.07748413085938
2022-05-27,187.63999938964844,177.7378387451172
2022-05-31,185.30999755859375,175.5308074951172
2022-06-01,184.25999450683594,174.53622436523438
2022-06-02,188.75999450683594,178.7987060546875
2022-06-03,187.05999755859375,177.1884307861328
2022-06-06,187.8699951171875,177.95570373535156
2022-06-07,190.89999389648438,180.82579040527344
2022-06-08,187.9499969482422,178.031494140625
2022-06-09,183.57000732421875,174.3408966064453
2022-06-10,178.58999633789062,169.6112518310547
2022-06-13,170.1999969482422,161.64303588867188
2022-06-14,169.3800048828125,160.86427307128906
2022-06-15,171.86000061035156,163.21958923339844
2022-06-16,163.89999389648438,155.65977478027344
2022-06-17,165.17999267578125,156.87542724609375
2022-06-21,168.13999938964844,159.68661499023438
2022-06-22,167.82000732421875,159.38275146484375
2022-06-23,169.8300018310547,161.29168701171875
2022-06-24,175.08999633789062,166.2871856689453
2022-06-27,175.74000549316406,166.90451049804688
2022-06-28,172.44000244140625,163.77040100097656
2022-06-29,170.69000244140625,162.10836791992188
2022-06-30,169.36000061035156,160.8452911376953
2022-07-01,171.41000366210938,162.79222106933594
2022-07-05,172.8300018310547,164.14080810546875
2022-07-06,171.5500030517578,162.9251708984375
2022-07-07,175.61000061035156,166.7810821533203
2022-07-08,175.58999633789062,166.76202392578125
2022-07-11,172.05999755859375,163.4095458984375
2022-07-12,171.47000122070312,162.8491973876953
2022-07-13,171.32000732421875,162.70675659179688
2022-07-14,169.55999755859375,161.0352325439453
2022-07-15,173.08999633789062,164.38772583007812
2022-07-18,172.60000610351562,163.92237854003906
2022-07-19,178.69000244140625,169.70619201660156
2022-07-20,181.49000549316406,172.3654022216797
2022-07-21,182.4199981689453,173.24867248535156
2022-07-22,179.50999450683594,170.48500061035156
2022-07-25,180.44000244140625,171.36825561523438
2022-07-26,179.3300018310547,170.31405639648438
2022-07-27,183.41000366210938,174.1889190673828
2022-07-28,185.92999267578125,176.58221435546875
2022-07-29,187.25,177.8358612060547
2022-08-01,187.17999267578125,177.76934814453125
2022-08-02,187.0,177.59840393066406
2022-08-03,189.75,180.21017456054688
2022-08-04,189.35000610351562,179.8302764892578
2022-08-05,190.8000030517578,181.2073516845703
2022-08-08,192.82000732421875,183.12583923339844
2022-08-09,190.19000244140625,180.6280517578125
2022-08-10,195.6199951171875,185.7850341796875
2022-08-11,196.35000610351562,186.47833251953125
2022-08-12,200.36000061035156,190.28672790527344
2022-08-15,201.07000732421875,190.96107482910156
2022-08-16,200.99000549316406,190.8850860595703
2022-08-17,197.61000061035156,187.67498779296875
2022-08-18,198.9199981689453,188.91912841796875
2022-08-19,194.64999389648438,184.86383056640625
2022-08-22,190.63999938964844,181.05538940429688
2022-08-23,190.9499969482422,181.34983825683594
2022-08-24,192.41000366210938,182.73646545410156
2022-08-25,195.39999389648438,185.57608032226562
2022-08-26,188.97999572753906,179.47886657714844
2022-08-29,187.24000549316406,177.82635498046875
2022-08-30,184.6199951171875,175.3380584716797
2022-08-31,183.5,174.27439880371094
2022-09-01,181.5,172.3749237060547
2022-09-02,180.08999633789062,171.0358428955078
2022-09-06,178.30999755859375,169.34530639648438
2022-09-07,182.19000244140625,173.03024291992188
2022-09-08,183.7100067138672,174.47384643554688
2022-09-09,187.39999389648438,177.97828674316406
2022-09-12,189.6699981689453,180.13418579101562
2022-09-13,182.25,173.08721923828125
2022-09-14,182.9600067138672,173.7615203857422
2022-09-15,181.6300048828125,172.49839782714844
2022-09-16,178.99000549316406,169.99111938476562
2022-09-19,180.52000427246094,171.4442138671875
2022-09-20,178.05999755859375,169.10784912109375
2022-09-21,175.33999633789062,166.52464294433594
2022-09-22,171.38999938964844,162.77320861816406
2022-09-23,167.30999755859375,158.89833068847656
2022-09-26,164.1699981689453,156.7227020263672
2022-09-27,164.72999572753906,157.25732421875
2022-09-28,169.94000244140625,162.23097229003906
2022-09-29,166.1300048828125,158.59381103515625
2022-09-30,164.9199981689453,157.43870544433594
2022-10-03,169.2899932861328,161.6104736328125
2022-10-04,176.0,168.01609802246094
2022-10-05,174.6999969482422,166.7750701904297
2022-10-06,173.72000122070312,165.83953857421875
2022-10-07,168.61000061035156,160.9613494873047
2022-10-10,167.6699981689453,160.06398010253906
2022-10-11,167.72000122070312,160.11170959472656
2022-10-12,167.25999450683594,159.67254638671875
2022-10-13,171.39999389648438,163.624755859375
2022-10-14,166.80999755859375,159.24298095703125
2022-10-17,172.1300048828125,164.3216094970703
2022-10-18,174.1699981689453,166.26910400390625
2022-10-19,171.2100067138672,163.44337463378906
2022-10-20,169.02999877929688,161.36228942871094
2022-10-21,172.6999969482422,164.8657684326172
2022-10-24,173.44000244140625,165.57220458984375
2022-10-25,178.1699981689453,170.08761596679688
2022-10-26,179.0500030517578,170.927734375
2022-10-27,179.08999633789062,170.96591186523438
2022-10-28,183.16000366210938,174.85130310058594
2022-10-31,183.3300018310547,175.01358032226562
2022-11-01,183.5800018310547,175.25225830078125
2022-11-02,177.49000549316406,169.43850708007812
2022-11-03,176.3000030517578,168.30250549316406
2022-11-04,178.67999267578125,170.57452392578125
2022-11-07,179.49000549316406,171.3477783203125
2022-11-08,179.55999755859375,171.41458129882812
2022-11-09,174.6300048828125,166.70823669433594
2022-11-10,185.3800048828125,176.9705810546875
2022-11-11,186.89999389648438,178.42161560058594
2022-11-14,184.80999755859375,176.42642211914062
2022-11-15,187.5500030517578,179.0421600341797
2022-11-16,184.25,175.891845703125
2022-11-17,182.5399932861328,174.25941467285156
2022-11-18,183.72000122070312,175.3858642578125
2022-11-21,182.75999450683594,174.46945190429688
2022-11-22,184.7100067138672,176.3310089111328
2022-11-23,185.19000244140625,176.7891845703125
2022-11-25,185.5800018310547,177.1614990234375
2022-11-28,181.83999633789062,173.59117126464844
2022-11-29,182.3699951171875,174.0971221923828
2022-11-30,187.3699951171875,178.87030029296875
2022-12-01,186.9600067138672,178.47889709472656
2022-12-02,188.0500030517578,179.51947021484375
2022-12-05,182.8699951171875,174.57444763183594
2022-12-06,180.07000732421875,171.90147399902344
2022-12-07,179.5399932861328,171.39549255371094
2022-12-08,180.83999633789062,172.63650512695312
2022-12-09,178.6199951171875,170.51722717285156
2022-12-12,180.72000122070312,172.52198791503906
2022-12-13,181.3800048828125,173.95094299316406
2022-12-14,180.19000244140625,172.8096923828125
2022-12-15,175.67999267578125,168.48435974121094
2022-12-16,174.3699951171875,167.22804260253906
2022-12-19,172.00999450683594,164.96470642089844
2022-12-20,172.9199981689453,165.83743286132812
2022-12-21,175.89999389648438,168.69532775878906
2022-12-22,173.60000610351562,166.4896240234375
2022-12-23,174.38999938964844,167.24722290039062
2022-12-27,173.22000122070312,166.12515258789062
2022-12-28,170.52999877929688,163.5453338623047
2022-12-29,174.85000610351562,167.6884002685547
2022-12-30,174.36000061035156,167.21847534179688
2023-01-03,173.39999389648438,166.29779052734375
2023-01-04,175.55999755859375,168.36932373046875
2023-01-05,173.67999267578125,166.56631469726562
2023-01-06,177.5800018310547,170.3065643310547
2023-01-09,177.8800048828125,170.5943145751953
2023-01-10,180.50999450683594,173.1165771484375
2023-01-11,182.75999450683594,175.27444458007812
2023-01-12,185.8300018310547,178.2186737060547
2023-01-13,187.0500030517578,179.38868713378906
2023-01-17,186.82000732421875,179.16815185546875
2023-01-18,183.8000030517578,176.27182006835938
2023-01-19,182.0399932861328,174.58389282226562
2023-01-20,185.0399932861328,177.46102905273438
2023-01-23,187.3300018310547,179.65724182128906
2023-01-24,186.92999267578125,179.2736053466797
2023-01-25,187.4499969482422,179.77230834960938
2023-01-26,188.55999755859375,180.8368682861328
2023-01-27,189.5800018310547,181.8150634765625
2023-01-30,186.94000244140625,179.283203125
2023-01-31,191.47999572753906,183.6372528076172
2023-02-01,194.49000549316406,186.5239715576172
2023-02-02,198.32000732421875,190.19711303710938
2023-02-03,196.99000549316406,188.9215850830078
2023-02-06,194.13999938964844,186.18832397460938
2023-02-07,195.5800018310547,187.56930541992188
2023-02-08,192.72000122070312,184.8264617919922
2023-02-09,189.92999267578125,182.15077209472656
2023-02-10,190.30999755859375,182.51516723632812
2023-02-13,192.60000610351562,184.71139526367188
2023-02-14,192.50999450683594,184.62506103515625
2023-02-15,194.4600067138672,186.49520874023438
2023-02-16,192.60000610351562,184.71139526367188
2023-02-17,193.1300048828125,185.21969604492188
2023-02-21,187.42999267578125,179.7530975341797
2023-02-22,187.94000244140625,180.24224853515625
2023-02-23,189.27999877929688,181.52737426757812
2023-02-24,187.50999450683594,179.82984924316406
2023-02-27,188.1699981689453,180.46282958984375
2023-02-28,188.17999267578125,180.47239685058594
2023-03-01,188.4199981689453,180.70257568359375
2023-03-02,188.8699951171875,181.13417053222656
2023-03-03,191.5,183.65643310546875
2023-03-06,188.6999969482422,180.97116088867188
2023-03-07,186.50999450683594,178.87081909179688
2023-03-08,186.60000610351562,178.9571533203125
2023-03-09,181.41000366210938,173.97970581054688
2023-03-10,176.17999267578125,168.9639129638672
2023-03-13,173.30999755859375,166.21148681640625
2023-03-14,176.52000427246094,169.28997802734375
2023-03-15,173.61000061035156,166.4991912841797
2023-03-16,175.97999572753906,168.77210998535156
2023-03-17,171.22999572753906,164.21665954589844
2023-03-20,173.4499969482422,166.3457489013672
2023-03-21,176.64999389648438,169.41465759277344
2023-03-22,171.63999938964844,164.60989379882812
2023-03-23,170.25,163.87925720214844
2023-03-24,171.7899932861328,165.3616180419922
2023-03-27,173.6999969482422,167.20016479492188
2023-03-28,173.4499969482422,166.95953369140625
2023-03-29,175.4199981689453,168.85581970214844
2023-03-30,175.17999267578125,168.62478637695312
2023-03-31,178.39999389648438,171.72430419921875
2023-04-03,178.47999572753906,171.80130004882812
2023-04-04,175.35000610351562,168.78843688964844
2023-04-05,173.6300048828125,167.13278198242188
2023-04-06,173.88999938964844,167.38307189941406
2023-04-10,175.75,169.17344665527344
2023-04-11,177.13999938964844,170.51145935058594
2023-04-12,175.83999633789062,169.2600860595703
2023-04-13,178.1699981689453,171.50289916992188
2023-04-14,176.50999450683594,169.905029296875
2023-04-17,178.77999877929688,172.09007263183594
2023-04-18,178.02000427246094,171.35850524902344
2023-04-19,178.25,171.5799102783203
2023-04-20,177.3300018310547,170.6943359375
2023-04-21,177.55999755859375,170.91575622558594
2023-04-24,177.44000244140625,170.80023193359375
2023-04-25,173.05999755859375,166.5841064453125
2023-04-26,171.38999938964844,164.9766082763672
2023-04-27,173.67999267578125,167.18092346191406
2023-04-28,175.1999969482422,168.64404296875
2023-05-01,175.3000030517578,168.7403106689453
2023-05-02,171.6999969482422,165.2750244140625
2023-05-03,172.3300018310547,165.88143920898438
2023-05-04,170.39999389648438,164.02366638183594
2023-05-05,174.4499969482422,167.92210388183594
2023-05-08,174.0500030517578,167.53707885742188
2023-05-09,173.52999877929688,167.03652954101562
2023-05-10,174.41000366210938,167.8836212158203
2023-05-11,173.07000732421875,166.59375
2023-05-12,172.72000122070312,166.25689697265625
2023-05-15,174.8300018310547,168.2878875732422
2023-05-16,172.27999877929688,165.8332977294922
2023-05-17,176.1199951171875,169.5296173095703
2023-05-18,177.19000244140625,170.55958557128906
2023-05-19,176.11000061035156,169.51998901367188
2023-05-22,178.25999450683594,171.5895538330078
2023-05-23,177.4199981689453,170.781005859375
2023-05-24,175.5399932861328,168.97129821777344
2023-05-25,174.1699981689453,167.652587890625
2023-05-26,176.14999389648438,169.55848693847656
2023-05-30,175.5,168.93284606933594
2023-05-31,173.77000427246094,167.267578125
2023-06-01,175.64999389648438,169.07720947265625
2023-06-02,182.02000427246094,175.20889282226562
2023-06-05,179.5800018310547,172.86016845703125
2023-06-06,184.30999755859375,177.41314697265625
2023-06-07,187.24000549316406,180.73263549804688
2023-06-08,186.5399932861328,180.05694580078125
2023-06-09,185.02999877929688,178.5994415283203
2023-06-12,185.8000030517578,179.34268188476562
2023-06-13,187.92999267578125,181.398681640625
2023-06-14,185.91000366210938,179.44886779785156
2023-06-15,187.44000244140625,180.9257049560547
2023-06-16,185.94000244140625,179.4778289794922
2023-06-20,185.1300048828125,178.6959686279297
2023-06-21,184.6999969482422,178.28089904785156
2023-06-22,183.3300018310547,176.9585418701172
2023-06-23,180.57000732421875,174.29441833496094
2023-06-26,180.75,174.46817016601562
2023-06-27,183.36000061035156,176.9874725341797
2023-06-28,184.25999450683594,177.85621643066406
2023-06-29,186.3800048828125,179.90252685546875
2023-06-30,187.27000427246094,180.7615966796875
2023-07-03,187.64999389648438,181.1283721923828
2023-07-05,185.77999877929688,179.32337951660156
2023-07-06,182.77999877929688,176.42764282226562
2023-07-07,184.7100067138672,178.29058837890625
2023-07-10,187.8699951171875,181.3407440185547
2023-07-11,189.8000030517578,183.2036590576172
2023-07-12,191.8699951171875,185.20172119140625
2023-07-13,193.4199981689453,186.69786071777344
2023-07-14,191.52999877929688,184.87350463867188
2023-07-17,193.5800018310547,186.852294921875
2023-07-18,195.97000122070312,189.15921020507812
2023-07-19,196.8000030517578,189.96038818359375
2023-07-20,195.0800018310547,188.30015563964844
2023-07-21,194.4600067138672,187.70172119140625
2023-07-24,194.94000244140625,188.16500854492188
2023-07-25,194.9199981689453,188.14572143554688
2023-07-26,196.4600067138672,189.63221740722656
2023-07-27,193.9199981689453,187.18048095703125
2023-07-28,196.42999267578125,189.6032257080078
2023-07-31,198.7100067138672,191.80401611328125
2023-08-01,197.8000030517578,190.92562866210938
2023-08-02,195.11000061035156,188.32911682128906
2023-08-03,194.55999755859375,187.7982635498047
2023-08-04,194.1699981689453,187.4217987060547
2023-08-07,194.3000030517578,187.54727172851562
2023-08-08,193.0800018310547,186.3696746826172
2023-08-09,191.57000732421875,184.91213989257812
2023-08-10,190.72000122070312,184.09164428710938
2023-08-11,190.99000549316406,184.35232543945312
2023-08-14,190.66000366210938,184.03379821777344
2023-08-15,188.13999938964844,181.60134887695312
2023-08-16,185.83999633789062,179.3812713623047
2023-08-17,183.64999389648438,177.2674102783203
2023-08-18,184.64999389648438,178.2326202392578
2023-08-21,184.3800048828125,177.9720458984375
2023-08-22,183.8300018310547,177.44114685058594
2023-08-23,185.7899932861328,179.3330078125
2023-08-24,183.22000122070312,176.8523712158203
2023-08-25,184.0,177.605224609375
2023-08-28,185.63999938964844,179.188232421875
2023-08-29,188.22999572753906,181.688232421875
2023-08-30,188.94000244140625,182.37356567382812
2023-08-31,188.61000061035156,182.05503845214844
2023-09-01,190.85000610351562,184.21717834472656
2023-09-05,186.8300018310547,180.33685302734375
2023-09-06,186.1300048828125,179.6612091064453
2023-09-07,184.3300018310547,177.9237823486328
2023-09-08,183.9199981689453,177.52798461914062
2023-09-11,184.36000061035156,177.9527587890625
2023-09-12,184.17999267578125,177.7789764404297
2023-09-13,182.97000122070312,176.61102294921875
2023-09-14,185.5500030517578,179.10137939453125
2023-09-15,183.61000061035156,177.22879028320312
2023-09-18,182.38999938964844,176.0511932373047
2023-09-19,181.67999267578125,175.36585998535156
2023-09-20,179.86000061035156,173.60911560058594
2023-09-21,177.07000732421875,170.9160919189453
2023-09-22,176.6699981689453,170.52996826171875
2023-09-25,177.4600067138672,171.2925262451172
2023-09-26,174.36000061035156,169.0901641845703
2023-09-27,175.99000549316406,170.67092895507812
2023-09-28,177.5800018310547,172.21286010742188
2023-09-29,176.74000549316406,171.3982391357422
2023-10-02,174.07000732421875,168.80894470214844
2023-10-03,171.13999938964844,165.96749877929688
2023-10-04,171.22000122070312,166.04505920410156
2023-10-05,171.35000610351562,166.171142578125
2023-10-06,173.0,167.77125549316406
2023-10-09,174.0,168.74105834960938
2023-10-10,175.97000122070312,170.65150451660156
2023-10-11,175.6699981689453,170.36056518554688
2023-10-12,171.6999969482422,166.5105438232422
2023-10-13,170.27000427246094,165.12376403808594
2023-10-16,173.02000427246094,167.79067993164062
2023-10-17,174.9499969482422,169.66233825683594
2023-10-18,171.35000610351562,166.171142578125
2023-10-19,168.6199951171875,163.5236358642578
2023-10-20,166.44000244140625,161.40953063964844
2023-10-23,165.02999877929688,160.0421600341797
2023-10-24,166.47000122070312,161.4386444091797
2023-10-25,163.72000122070312,158.77174377441406
2023-10-26,164.13999938964844,159.17904663085938
2023-10-27,162.2100067138672,157.30738830566406
2023-10-30,163.11000061035156,158.18019104003906
2023-10-31,164.52000427246094,159.5475616455078
2023-11-01,165.4600067138672,160.4591522216797
2023-11-02,169.8699951171875,164.73585510253906
2023-11-03,174.49000549316406,169.2162322998047
2023-11-06,172.30999755859375,167.10214233398438
2023-11-07,171.6999969482422,166.5105438232422
2023-11-08,169.8699951171875,164.73585510253906
2023-11-09,167.24000549316406,162.18536376953125
2023-11-10,169.11000061035156,163.9988555908203
2023-11-13,169.1699981689453,164.05702209472656
2023-11-14,178.4600067138672,173.06625366210938
2023-11-15,178.77000427246094,173.36688232421875
2023-11-16,175.8800048828125,170.5642547607422
2023-11-17,178.2899932861328,172.9013671875
2023-11-20,179.3300018310547,173.9099578857422
2023-11-21,177.02000427246094,171.6697540283203
2023-11-22,178.1300048828125,172.74623107910156
2023-11-24,179.3300018310547,173.9099578857422
2023-11-27,178.72999572753906,173.32809448242188
2023-11-28,178.0399932861328,172.658935546875
2023-11-29,178.97999572753906,173.57054138183594
2023-11-30,179.66000366210938,174.22998046875
2023-12-01,184.91000366210938,179.3213348388672
2023-12-04,186.88999938964844,181.24143981933594
2023-12-05,184.38999938964844,178.81703186035156
2023-12-06,184.05999755859375,178.49700927734375
2023-12-07,185.38999938964844,179.7867889404297
2023-12-08,186.8000030517578,181.15419006347656
2023-12-11,187.19000244140625,181.5323944091797
2023-12-12,187.0,181.34812927246094
2023-12-13,193.3300018310547,187.48683166503906
2023-12-14,198.7100067138672,192.7042236328125
2023-12-15,197.0399932861328,191.08468627929688
2023-12-18,197.11000061035156,191.15257263183594
2023-12-19,200.92999267578125,194.85711669921875
2023-12-20,196.27999877929688,191.04556274414062
2023-12-21,199.6199951171875,194.2964630126953
2023-12-22,201.47999572753906,196.1068572998047
2023-12-26,204.10000610351562,198.65699768066406
2023-12-27,204.82000732421875,199.35780334472656
2023-12-28,204.0399932861328,198.59860229492188
2023-12-29,200.7100067138672,195.35740661621094
2024-01-02,199.52000427246094,194.19915771484375
2024-01-03,194.1999969482422,189.02099609375
2024-01-04,193.82000732421875,188.65113830566406
2024-01-05,193.25,188.09634399414062
2024-01-08,196.72999572753906,191.48353576660156
2024-01-09,194.97000122070312,189.77049255371094
2024-01-10,195.0800018310547,189.8775634765625
2024-01-11,193.5500030517578,188.3883514404297
2024-01-12,193.22999572753906,188.076904296875
2024-01-16,190.83999633789062,185.75059509277344
2024-01-17,189.47999572753906,184.42689514160156
2024-01-18,190.60000610351562,185.51702880859375
2024-01-19,192.42999267578125,187.29820251464844
2024-01-22,196.5399932861328,191.2986297607422
2024-01-23,195.97000122070312,190.7438507080078
2024-01-24,194.36000061035156,189.17674255371094
2024-01-25,195.97000122070312,190.7438507080078
2024-01-26,195.97999572753906,190.75352478027344
2024-01-29,199.41000366210938,194.09207153320312
2024-01-30,197.7100067138672,192.43740844726562
2024-01-31,192.8800048828125,187.7362060546875
2024-02-01,195.44000244140625,190.2279510498047
2024-02-02,194.41000366210938,189.2254180908203
2024-02-05,191.94000244140625,186.8212890625
2024-02-06,193.6699981689453,188.505126953125
2024-02-07,193.22000122070312,188.06716918945312
2024-02-08,196.14999389648438,190.91900634765625
2024-02-09,199.33999633789062,194.02392578125
2024-02-12,202.9600067138672,197.5474090576172
2024-02-13,194.61000061035156,189.42007446289062
2024-02-14,199.1300048828125,193.81954956054688
2024-02-15,204.44000244140625,198.98793029785156
2024-02-16,201.66000366210938,196.2820587158203
2024-02-20,198.8800048828125,193.57618713378906
2024-02-21,197.94000244140625,192.66127014160156
2024-02-22,199.44000244140625,194.12127685546875
2024-02-23,199.88999938964844,194.5592803955078
2024-02-26,201.14999389648438,195.78565979003906
2024-02-27,204.0,198.5596466064453
2024-02-28,202.32000732421875,196.92446899414062
2024-02-29,203.72999572753906,198.29689025878906
2024-03-01,205.88999938964844,200.3992919921875
2024-03-04,205.6999969482422,200.21434020996094
2024-03-05,203.72999572753906,198.29689025878906
2024-03-06,205.25,199.7763214111328
2024-03-07,206.9600067138672,201.44073486328125
2024-03-08,206.8300018310547,201.31419372558594
2024-03-11,205.19000244140625,199.71792602539062
2024-03-12,204.91000366210938,199.44540405273438
2024-03-13,205.7100067138672,200.22406005859375
2024-03-14,202.02999877929688,196.64218139648438
2024-03-15,202.41000366210938,197.0120849609375
2024-03-18,201.25,195.8830108642578
2024-03-19,202.10000610351562,196.71034240722656
2024-03-20,206.10000610351562,200.6036834716797
2024-03-21,207.94000244140625,202.90853881835938
2024-03-22,205.07000732421875,200.1079559326172
2024-03-25,205.5399932861328,200.56658935546875
2024-03-26,205.1699981689453,200.20553588867188
2024-03-27,209.63999938964844,204.56736755371094
2024-03-28,210.3000030517578,205.21142578125
2024-04-01,208.32000732421875,203.27932739257812
2024-04-02,204.49000549316406,199.54200744628906
2024-04-03,205.8300018310547,200.84959411621094
2024-04-04,203.77000427246094,198.83941650390625
2024-04-05,204.4499969482422,199.50294494628906
2024-04-08,205.57000732421875,200.5958709716797
2024-04-09,206.3800048828125,201.3862762451172
2024-04-10,200.92999267578125,196.06813049316406
2024-04-11,202.2899932861328,197.3952178955078
2024-04-12,198.69000244140625,193.88233947753906
2024-04-15,195.77999877929688,191.04273986816406
2024-04-16,195.05999755859375,190.34019470214844
2024-04-17,193.0,188.3300323486328
2024-04-18,192.83999633789062,188.17388916015625
2024-04-19,193.13999938964844,188.46661376953125
2024-04-22,195.3000030517578,190.57437133789062
2024-04-23,198.57000732421875,193.7652587890625
2024-04-24,197.67999267578125,192.89675903320312
2024-04-25,196.47999572753906,191.72581481933594
2024-04-26,198.36000061035156,193.56031799316406
2024-04-29,199.9600067138672,195.12161254882812
2024-04-30,195.89999389648438,191.15985107421875
2024-05-01,196.30999755859375,191.5599365234375
2024-05-02,199.9199981689453,195.0825653076172
2024-05-03,201.89999389648438,197.01466369628906
2024-05-06,204.50999450683594,199.56150817871094
2024-05-07,204.97000122070312,200.01034545898438
2024-05-08,203.77999877929688,198.8491668701172
2024-05-09,205.86000061035156,200.87884521484375
2024-05-10,204.30999755859375,199.3663787841797
2024-05-13,204.74000549316406,199.78594970703125
2024-05-14,206.86000061035156,201.8546600341797
2024-05-15,209.44000244140625,204.3722381591797
2024-05-16,207.92999267578125,202.89874267578125
2024-05-17,208.0800018310547,203.04513549804688
2024-05-20,208.5399932861328,203.4939727783203
2024-05-21,208.33999633789062,203.29884338378906
2024-05-22,206.5800018310547,201.5814208984375
2024-05-23,203.19000244140625,198.2734375
2024-05-24,205.44000244140625,200.46902465820312
2024-05-28,205.16000366210938,200.19580078125
2024-05-29,202.1300048828125,197.2390899658203
2024-05-30,204.0500030517578,199.11265563964844
2024-05-31,205.77000427246094,200.79103088378906
2024-06-03,204.61000061035156,199.65908813476562
2024-06-04,201.97000122070312,197.08297729492188
2024-06-05,205.05999755859375,200.0982208251953
2024-06-06,203.58999633789062,198.6637725830078
2024-06-07,201.1999969482422,196.3316192626953
2024-06-10,201.88999938964844,197.0049285888672
2024-06-11,200.63999938964844,196.33169555664062
2024-06-12,203.72000122070312,199.34555053710938
2024-06-13,201.94000244140625,197.603759765625
2024-06-14,198.72999572753906,194.46267700195312
2024-06-17,200.39999389648438,196.09683227539062
2024-06-18,200.75,196.43934631347656
2024-06-20,199.89999389648438,195.60757446289062
2024-06-21,200.35000610351562,196.04791259765625
2024-06-24,201.22000122070312,196.89923095703125
2024-06-25,200.55999755859375,196.25340270996094
2024-06-26,200.02999877929688,195.73477172851562
2024-06-27,202.05999755859375,197.72119140625
2024-06-28,202.88999938964844,198.53338623046875
2024-07-01,201.19000244140625,196.869873046875
2024-07-02,201.8800048828125,197.54505920410156
2024-07-03,201.8300018310547,197.4961395263672
2024-07-05,200.8699951171875,196.55674743652344
2024-07-08,202.27999877929688,197.93649291992188
2024-07-09,201.39999389648438,197.07534790039062
2024-07-10,203.3699951171875,199.00306701660156
2024-07-11,210.67999267578125,206.15611267089844
2024-07-12,213.13999938964844,208.5632781982422
2024-07-15,217.19000244140625,212.5262908935547
2024-07-16,224.60000610351562,219.7772216796875
2024-07-17,222.25,217.4776611328125
2024-07-18,217.9499969482422,213.2699737548828
2024-07-19,216.83999633789062,212.18380737304688
2024-07-22,220.2899932861328,215.55972290039062
2024-07-23,222.6300048828125,217.84950256347656
2024-07-24,217.85000610351562,213.17214965820312
2024-07-25,220.57000732421875,215.83372497558594
2024-07-26,224.22000122070312,219.40536499023438
2024-07-29,221.72999572753906,216.96881103515625
2024-07-30,222.57000732421875,217.790771484375
2024-07-31,223.86000061035156,219.0531005859375
2024-08-01,216.5800018310547,211.92941284179688
2024-08-02,208.9199981689453,204.43389892578125
2024-08-05,202.1999969482422,197.85818481445312
2024-08-06,204.39999389648438,200.01092529296875
2024-08-07,201.97999572753906,197.6428985595703
2024-08-08,206.88999938964844,202.44749450683594
2024-08-09,206.4600067138672,202.02671813964844
2024-08-12,204.60000610351562,200.20664978027344
2024-08-13,207.97000122070312,203.50428771972656
2024-08-14,206.67999267578125,202.24197387695312
2024-08-15,212.0399932861328,207.48687744140625
2024-08-16,212.60000610351562,208.03488159179688
2024-08-19,215.1999969482422,210.5790252685547
2024-08-20,212.69000244140625,208.1229248046875
2024-08-21,215.4600067138672,210.83346557617188
2024-08-22,213.55999755859375,208.9742431640625
2024-08-23,220.3800048828125,215.64781188964844
2024-08-26,220.4499969482422,215.71632385253906
2024-08-27,218.74000549316406,214.0430145263672
2024-08-28,217.25999450683594,212.5948028564453
2024-08-29,218.80999755859375,214.1115264892578
2024-08-30,220.0800018310547,215.35427856445312
2024-09-03,213.35000610351562,208.76878356933594
2024-09-04,212.99000549316406,208.41648864746094
2024-09-05,211.92999267578125,207.37925720214844
2024-09-06,207.89999389648438,203.43577575683594
2024-09-09,208.47999572753906,204.0033416748047
2024-09-10,208.30999755859375,203.8369903564453
2024-09-11,208.9199981689453,204.43389892578125
2024-09-12,211.61000061035156,207.0661163330078
2024-09-13,216.8300018310547,212.17405700683594
2024-09-16,217.61000061035156,212.93731689453125
2024-09-17,219.41000366210938,214.69863891601562
2024-09-18,219.4499969482422,214.73779296875
2024-09-19,223.97000122070312,219.16073608398438
2024-09-20,221.57000732421875,216.812255859375
2024-09-23,220.75999450683594,216.01963806152344
2024-09-24,221.1300048828125,216.3817138671875
2024-09-25,217.69000244140625,213.74244689941406
2024-09-26,218.85000610351562,214.88143920898438
2024-09-27,220.3300018310547,216.3345947265625
2024-09-30,220.88999938964844,216.88442993164062
2024-10-01,217.88999938964844,213.93882751464844
2024-10-02,217.58999633789062,213.64425659179688
2024-10-03,216.1300048828125,212.21075439453125
2024-10-04,219.14999389648438,215.1759796142578
2024-10-07,217.42999267578125,213.48715209960938
2024-10-08,217.5800018310547,213.63442993164062
2024-10-09,218.05999755859375,214.10574340820312
2024-10-10,216.85000610351562,212.91769409179688
2024-10-11,221.25999450683594,217.24769592285156
2024-10-14,222.88999938964844,218.84815979003906
2024-10-15,223.07000732421875,219.02491760253906
2024-10-16,226.74000549316406,222.6283416748047
2024-10-17,226.1199951171875,222.01959228515625
2024-10-18,225.64999389648438,221.55810546875
2024-10-21,222.10000610351562,218.07249450683594
2024-10-22,221.25999450683594,217.24769592285156
2024-10-23,219.24000549316406,215.2643585205078
2024-10-24,219.72000122070312,215.73565673828125
2024-10-25,218.88999938964844,214.92071533203125
2024-10-28,222.4600067138672,218.42596435546875
2024-10-29,221.74000549316406,217.71902465820312
2024-10-30,221.44000244140625,217.42445373535156
2024-10-31,217.75999450683594,213.81117248535156
2024-11-01,218.97999572753906,215.00904846191406
2024-11-04,220.08999633789062,216.09893798828125
2024-11-05,224.22999572753906,220.16387939453125
2024-11-06,237.22000122070312,232.9182891845703
2024-11-07,236.3800048828125,232.09353637695312
2024-11-08,238.1199951171875,233.80197143554688
2024-11-11,241.6999969482422,237.3170623779297
2024-11-12,237.4600067138672,233.15396118164062
2024-11-13,235.11000061035156,230.84657287597656
2024-11-14,231.94000244140625,227.7340545654297
2024-11-15,228.47999572753906,224.3367919921875
2024-11-18,228.92999267578125,224.77862548828125
2024-11-19,230.6300048828125,226.4478302001953
2024-11-20,230.92999267578125,226.74237060546875
2024-11-21,234.44000244140625,230.18870544433594
2024-11-22,238.77000427246094,234.440185546875
2024-11-25,242.39999389648438,238.00436401367188
2024-11-26,240.6199951171875,236.2566375732422
2024-11-27,240.9499969482422,236.58067321777344
2024-11-29,241.8699951171875,237.4839630126953
2024-12-02,241.75,237.36614990234375
2024-12-03,240.02999877929688,235.67735290527344
2024-12-04,240.88999938964844,236.52175903320312
2024-12-05,238.0800018310547,233.7626953125
2024-12-06,238.92999267578125,234.59730529785156
2024-12-09,237.72999572753906,233.41905212402344
2024-12-10,236.6999969482422,232.40773010253906
2024-12-11,237.77000427246094,233.45834350585938
2024-12-12,234.67999267578125,230.42433166503906
2024-12-13,233.07000732421875,228.8435821533203
2024-12-16,234.44000244140625,230.18870544433594
2024-12-17,231.07000732421875,227.553466796875
2024-12-18,220.83999633789062,217.4791259765625
2024-12-19,219.86000061035156,216.5140380859375
2024-12-20,221.9199981689453,218.54270935058594
2024-12-23,221.41000366210938,218.04043579101562
2024-12-24,223.38999938964844,219.99032592773438
2024-12-26,225.67999267578125,222.24546813964844
2024-12-27,222.38999938964844,219.00555419921875
2024-12-30,220.67999267578125,217.321533203125
2024-12-31,220.9600067138672,217.59730529785156
2025-01-02,221.13999938964844,217.7745819091797
2025-01-03,224.42999267578125,221.0144805908203
2025-01-06,224.52000427246094,221.10313415527344
2025-01-07,222.72000122070312,219.33050537109375
2025-01-08,221.7100067138672,218.3358917236328
2025-01-10,216.8300018310547,213.53016662597656
2025-01-13,217.25,213.9437713623047
2025-01-14,219.72000122070312,216.37619018554688
2025-01-15,224.0399932861328,220.6304473876953
2025-01-16,224.49000549316406,221.07359313964844
2025-01-17,225.4600067138672,222.02882385253906
2025-01-21,229.7899932861328,226.2929229736328
2025-01-22,228.2899932861328,224.81573486328125
2025-01-23,229.3300018310547,225.83993530273438
2025-01-24,228.69000244140625,225.2096710205078
2025-01-27,226.5,223.05299377441406
2025-01-28,226.75,223.29920959472656
2025-01-29,226.22999572753906,222.787109375
2025-01-30,228.52999877929688,225.05210876464844
2025-01-31,226.47999572753906,223.03329467773438
2025-02-03,223.8300018310547,220.42361450195312
2025-02-04,226.92999267578125,223.4764404296875
2025-02-05,229.39999389648438,225.90884399414062
2025-02-06,228.64999389648438,225.17027282714844
2025-02-07,226.0,222.56060791015625
2025-02-10,227.02000427246094,223.56509399414062
2025-02-11,225.6999969482422,222.26516723632812
2025-02-12,223.6199951171875,220.21681213378906
2025-02-13,226.13999938964844,222.69845581054688
2025-02-14,225.97000122070312,222.5310516357422
2025-02-18,227.2100067138672,223.752197265625
2025-02-19,226.42999267578125,222.9840545654297
2025-02-20,224.25999450683594,220.84706115722656
2025-02-21,217.8000030517578,214.4853973388672
2025-02-24,216.22999572753906,212.9392852783203
2025-02-25,215.41000366210938,212.13177490234375
2025-02-26,215.67999267578125,212.39764404296875
2025-02-27,212.38999938964844,209.15774536132812
2025-02-28,214.64999389648438,211.38333129882812
2025-03-03,208.77999877929688,205.6026611328125
2025-03-04,206.4199981689453,203.27857971191406
2025-03-05,208.47000122070312,205.29739379882812
2025-03-06,205.27999877929688,202.15591430664062
2025-03-07,205.9499969482422,202.81573486328125
2025-03-10,200.77000427246094,197.71456909179688
2025-03-11,200.75,197.6949005126953
2025-03-12,201.10000610351562,198.03953552246094
2025-03-13,198.10000610351562,195.085205078125
2025-03-14,202.88999938964844,199.8023223876953
2025-03-17,205.4499969482422,202.32333374023438
2025-03-18,203.2100067138672,200.56649780273438
2025-03-19,206.3699951171875,203.68539428710938
2025-03-20,205.05999755859375,202.39244079589844
2025-03-21,203.7899932861328,201.13894653320312
2025-03-24,208.86000061035156,206.14300537109375
2025-03-25,207.6999969482422,204.9980926513672
2025-03-26,205.58999633789062,202.91555786132812
2025-03-27,204.61000061035156,201.9482879638672
2025-03-28,200.4499969482422,197.84239196777344
2025-03-31,199.49000549316406,196.89491271972656
2025-04-01,199.50999450683594,196.9146270751953
2025-04-02,202.66000366210938,200.02365112304688
2025-04-03,189.64999389648438,187.18289184570312
2025-04-04,181.19000244140625,178.83294677734375
2025-04-07,179.5500030517578,177.2142791748047
2025-04-08,174.82000732421875,172.54583740234375
2025-04-09,189.67999267578125,187.21250915527344
2025-04-10,181.7100067138672,179.34620666503906
2025-04-11,184.36000061035156,181.9617156982422
2025-04-14,186.52999877929688,184.1034698486328
2025-04-15,186.75999450683594,184.3304901123047
2025-04-16,184.97000122070312,182.56378173828125
2025-04-17,186.47999572753906,184.0541229248047
2025-04-21,182.74000549316406,180.36279296875
2025-04-22,187.47000122070312,185.03125
2025-04-23,190.25,187.77508544921875
2025-04-24,194.05999755859375,191.53553771972656
2025-04-25,194.1199951171875,191.59475708007812
2025-04-28,194.94000244140625,192.40406799316406
2025-04-29,196.08999633789062,193.53912353515625
2025-04-30,194.86000061035156,192.32513427734375
2025-05-01,196.07000732421875,193.51939392089844
2025-05-02,200.47999572753906,197.8720245361328
2025-05-05,198.94000244140625,196.35205078125
2025-05-06,196.77000427246094,194.21026611328125
2025-05-07,197.4199981689453,194.851806640625
2025-05-08,201.17999267578125,198.5629119873047
2025-05-09,200.80999755859375,198.19773864746094
2025-05-12,207.8699951171875,205.16587829589844
2025-05-13,208.6300048828125,205.916015625
2025-05-14,206.77999877929688,204.09007263183594
2025-05-15,208.1300048828125,205.42251586914062
2025-05-16,209.85000610351562,207.1201171875
2025-05-19,208.97000122070312,206.25157165527344
2025-05-20,209.0800018310547,206.36013793945312
2025-05-21,203.2100067138672,200.56649780273438
2025-05-22,203.1999969482422,200.55661010742188
2025-05-23,202.55999755859375,199.92495727539062
2025-05-27,207.6999969482422,204.9980926513672
2025-05-28,205.50999450683594,202.83657836914062
2025-05-29,206.1199951171875,203.43862915039062
2025-05-30,205.07000732421875,202.40231323242188
2025-06-02,205.7100067138672,203.0339813232422
2025-06-03,209.02999877929688,206.31077575683594
2025-06-04,208.44000244140625,205.7284698486328
2025-06-05,208.52999877929688,205.81729125976562
2025-06-06,211.89999389648438,209.1434326171875
2025-06-09,213.36000061035156,210.58447265625
2025-06-10,214.50999450683594,211.71949768066406
2025-06-11,213.6300048828125,210.85096740722656
2025-06-12,212.77999877929688,210.0120086669922
2025-06-13,208.88999938964844,206.172607421875
2025-06-16,210.77000427246094,208.60336303710938
2025-06-17,208.5500030517578,206.40618896484375
2025-06-18,209.64999389648438,207.49485778808594
2025-06-20,209.2100067138672,207.05941772460938
2025-06-23,211.77000427246094,209.59307861328125
2025-06-24,214.47000122070312,212.2653350830078
2025-06-25,211.97000122070312,209.79103088378906
2025-06-26,215.41000366210938,213.19566345214844
2025-06-27,215.47999572753906,213.2649383544922
2025-06-30,215.7899932861328,213.57174682617188
2025-07-01,218.00999450683594,215.76893615722656
2025-07-02,221.02999877929688,218.75790405273438
2025-07-03,223.0800018310547,220.78683471679688
2025-07-07,219.72999572753906,217.4712371826172
2025-07-08,221.25,218.9756317138672
2025-07-09,223.64999389648438,221.35096740722656
2025-07-10,224.8000030517578,222.4891357421875
2025-07-11,221.6999969482422,219.42100524902344
2025-07-14,223.19000244140625,220.89569091796875
2025-07-15,218.82000732421875,216.57061767578125
2025-07-16,221.02000427246094,218.74801635742188
2025-07-17,223.9199981689453,221.61819458007812
2025-07-18,222.3300018310547,220.04454040527344
2025-07-21,221.42999267578125,219.15377807617188
2025-07-22,223.27000427246094,220.97488403320312
2025-07-23,226.67999267578125,224.3498077392578
2025-07-24,223.5500030517578,221.2519989013672
2025-07-25,224.3800048828125,222.07347106933594
2025-07-28,224.1199951171875,221.81613159179688
2025-07-29,222.69000244140625,220.4008331298828
2025-07-30,221.55999755859375,219.28245544433594
2025-07-31,219.38999938964844,217.134765625
2025-08-01,214.9199981689453,212.71070861816406
2025-08-04,219.72999572753906,217.4712371826172
2025-08-05,220.85000610351562,218.57974243164062
2025-08-06,220.55999755859375,218.292724609375
2025-08-07,219.83999633789062,217.58010864257812
2025-08-08,220.32000732421875,218.05520629882812
2025-08-11,220.27000427246094,218.00572204589844
2025-08-12,226.80999755859375,224.47848510742188
2025-08-13,231.22000122070312,228.84315490722656
2025-08-14,228.24000549316406,225.89376831054688
2025-08-15,227.1300048828125,224.7952117919922
2025-08-18,227.9600067138672,225.61668395996094
2025-08-19,226.2100067138672,223.88465881347656
2025-08-20,225.41000366210938,223.09286499023438
2025-08-21,225.97000122070312,223.6471405029297
2025-08-22,234.8300018310547,232.41604614257812
2025-08-25,232.36000061035156,229.97142028808594
2025-08-26,234.27999877929688,231.87168884277344
2025-08-27,235.94000244140625,233.51463317871094
2025-08-28,236.22000122070312,233.79176330566406
2025-08-29,235.1699981689453,232.75253295898438
2025-09-02,233.89999389648438,231.49559020996094
2025-09-03,233.6699981689453,231.26795959472656
2025-09-04,236.58999633789062,234.15792846679688
2025-09-05,237.77000427246094,235.32582092285156
2025-09-08,238.25,235.80087280273438
2025-09-09,236.85000610351562,234.415283203125
2025-09-10,236.42999267578125,233.9995880126953
2025-09-11,240.8000030517578,238.3246612548828
2025-09-12,238.33999633789062,235.88995361328125
2025-09-15,239.35000610351562,236.88958740234375
2025-09-16,238.27999877929688,236.49951171875
2025-09-17,238.88999938964844,237.10494995117188
2025-09-18,244.83999633789062,243.01048278808594
2025-09-19,242.97999572753906,241.1643829345703
2025-09-22,244.38999938964844,242.5638427734375
2025-09-23,243.83999633789062,242.0179443359375
2025-09-24,241.60000610351562,239.79470825195312
2025-09-25,239.2899932861328,237.501953125
2025-09-26,241.33999633789062,239.53663635253906
2025-09-29,241.6199951171875,239.81454467773438
2025-09-30,241.9600067138672,240.15200805664062
2025-10-01,242.49000549316406,240.67803955078125
2025-10-02,244.02000427246094,242.19662475585938
2025-10-03,245.8300018310547,243.99310302734375
2025-10-06,246.80999755859375,244.96575927734375
2025-10-07,244.16000366210938,242.3355712890625
2025-10-08,246.72000122070312,244.87644958496094
2025-10-09,245.1300048828125,243.29832458496094
2025-10-10,237.7899932861328,236.01316833496094
2025-10-13,244.41000366210938,242.58370971679688
2025-10-14,247.89999389648438,246.047607421875
2025-10-15,250.3300018310547,248.45947265625
2025-10-16,245.05999755859375,243.2288360595703
2025-10-17,243.41000366210938,241.5911865234375
2025-10-20,248.16000366210938,246.30567932128906
2025-10-21,246.99000549316406,245.14443969726562
2025-10-22,243.33999633789062,241.52169799804688
2025-10-23,246.4199981689453,244.57867431640625
2025-10-24,249.42999267578125,247.56619262695312
2025-10-27,250.3000030517578,248.4296875
2025-10-28,248.9600067138672,247.09970092773438
2025-10-29,246.83999633789062,244.9955291748047
2025-10-30,244.85000610351562,243.02041625976562
2025-10-31,246.22999572753906,244.39010620117188
2025-11-03,245.44000244140625,243.6060028076172
2025-11-04,241.1999969482422,239.39768981933594
2025-11-05,244.67999267578125,242.85166931152344
2025-11-06,240.35000610351562,238.55404663085938
2025-11-07,241.61000061035156,239.80462646484375
2025-11-10,244.02999877929688,242.20654296875
2025-11-11,244.24000549316406,242.4149932861328
2025-11-12,243.63999938964844,241.81944274902344
2025-11-13,236.7899932861328,235.02064514160156
2025-11-14,237.47999572753906,235.7054901123047
2025-11-17,232.75999450683594,231.02073669433594
2025-11-18,233.47000122070312,231.7254638671875
2025-11-19,233.42999267578125,231.6857452392578
2025-11-20,229.11000061035156,227.3980255126953
2025-11-21,235.60000610351562,233.83953857421875
2025-11-24,239.89999389648438,238.10739135742188
2025-11-25,245.1300048828125,243.29832458496094
2025-11-26,247.3000030517578,245.45211791992188
2025-11-28,248.75,246.89126586914062
2025-12-01,245.6199951171875,243.78465270996094
2025-12-02,245.1699981689453,243.33802795410156
2025-12-03,249.6300048828125,247.7646942138672
2025-12-04,251.82000732421875,249.93833923339844
2025-12-05,250.77000427246094,248.89617919921875
2025-12-08,250.8699951171875,248.9954376220703
2025-12-09,251.38999938964844,249.5115509033203
2025-12-10,254.80999755859375,252.906005859375
2025-12-11,257.79998779296875,255.87362670898438
2025-12-12,253.85000610351562,251.9531707763672
2025-12-15,251.92999267578125,250.04750061035156
2025-12-16,249.89999389648438,248.8644256591797
2025-12-17,247.24000549316406,246.2154541015625
2025-12-18,248.7100067138672,247.6793670654297
2025-12-19,250.7899932861328,249.750732421875
2025-12-22,253.5800018310547,252.52919006347656
2025-12-23,252.0800018310547,251.035400390625
2025-12-24,252.7100067138672,251.6627960205078
2025-12-26,251.4199981689453,250.37814331054688
2025-12-29,249.8800048828125,248.8445281982422
2025-12-30,248.02999877929688,247.00218200683594
2025-12-31,246.16000366210938,245.1399383544922
2026-01-02,248.77999877929688,247.7490692138672
2026-01-05,252.72999572753906,251.68270874023438
2026-01-06,256.0799865722656,255.01881408691406
2026-01-07,255.47999572753906,254.4213104248047
2026-01-08,258.2699890136719,257.1997375488281
2026-01-09,260.2300109863281,259.1516418457031
2026-01-12,261.5,260.4163513183594
2026-01-13,261.3500061035156,260.2669982910156
2026-01-14,263.19000244140625,262.099365234375
2026-01-15,265.510009765625,264.4097595214844
2026-01-16,265.760009765625,264.6587219238281
2026-01-20,262.5799865722656,261.49188232421875
2026-01-21,267.7900085449219,266.6802978515625
2026-01-22,269.7900085449219,268.6720275878906
2026-01-23,264.80999755859375,263.712646484375
2026-01-26,263.9800109863281,262.8861083984375
2026-01-27,264.7300109863281,263.63299560546875
2026-01-28,263.29998779296875,262.2088928222656
2026-01-29,263.3699951171875,262.27862548828125
2026-01-30,259.6499938964844,258.57403564453125
2026-02-02,262.17999267578125,261.0935363769531
2026-02-03,262.7799987792969,261.6910705566406
2026-02-04,260.5199890136719,259.4404296875
2026-02-05,255.8300018310547,254.76986694335938
2026-02-06,265.0199890136719,263.9217834472656
2026-02-09,266.8800048828125,265.7740783691406
2026-02-10,266.1600036621094,265.0570373535156
2026-02-11,264.95001220703125,263.8520812988281
2026-02-12,259.5400085449219,258.4645080566406
2026-02-13,262.9599914550781,261.8703308105469
2026-02-17,263.0400085449219,261.95001220703125
2026-02-18,263.989990234375,262.89605712890625
2026-02-19,264.6000061035156,263.5035095214844
2026-02-20,264.6099853515625,263.51348876953125
2026-02-23,260.489990234375,259.4105224609375
2026-02-24,263.3299865722656,262.23876953125
2026-02-25,264.5799865722656,263.48358154296875
2026-02-26,265.989990234375,264.88775634765625
2026-02-27,261.4100036621094,260.3267517089844
2026-03-02,263.80999755859375,262.716796875
2026-03-03,259.239990234375,258.16571044921875
2026-03-04,261.760009765625,260.67529296875
2026-03-05,256.760009765625,255.69601440429688
2026-03-06,250.88999938964844,249.850341796875
2026-03-09,253.6199951171875,252.5690155029297
2026-03-10,253.36000061035156,252.31008911132812
2026-03-11,252.85000610351562,251.80223083496094
2026-03-12,247.41000366210938,246.384765625
2026-03-13,246.58999633789062,245.56814575195312
2026-03-16,248.9199981689453,247.8885040283203
2026-03-17,250.0500030517578,249.45677185058594
2026-03-18,246.02000427246094,245.43634033203125
2026-03-19,247.6300048828125,247.04251098632812
2026-03-20,242.22000122070312,241.64535522460938
2026-03-23,247.4499969482422,246.86293029785156
2026-03-24,248.77999877929688,248.18978881835938
2026-03-25,251.82000732421875,251.2225799560547
2026-03-26,247.44000244140625,246.85296630859375
2026-03-27,243.10000610351562,242.5232696533203
2026-03-30,239.61000061035156,239.04153442382812
2026-03-31,248.0,247.41163635253906
2026-04-01,249.55999755859375,248.96792602539062
2026-04-02,251.2899932861328,250.69381713867188
2026-04-06,252.36000061035156,251.76129150390625
2026-04-07,252.91000366210938,252.3099822998047
2026-04-08,260.4700012207031,259.85205078125
2026-04-09,261.9599914550781,261.3385009765625
2026-04-10,261.29998779296875,260.6800537109375
2026-04-13,265.07000732421875,264.4411315917969
2026-04-14,268.7200012207031,268.0824890136719
2026-04-15,269.3900146484375,268.75091552734375
2026-04-16,269.95001220703125,269.3095703125
2026-04-17,275.7799987792969,275.125732421875
2026-04-20,277.3500061035156,276.6920166015625
2026-04-21,274.510009765625,273.8587646484375
2026-04-22,276.4800109863281,275.8240661621094
2026-04-23,275.5199890136719,274.8663330078125
2026-04-24,276.6499938964844,275.99365234375
2026-04-27,277.1400146484375,276.4825134277344
2026-04-28,273.9100036621094,273.2601623535156
2026-04-29,272.0799865722656,271.4344787597656
2026-04-30,277.9700012207031,277.310546875
2026-05-01,279.2799987792969,278.617431640625
2026-05-04,277.8800048828125,277.22076416015625
2026-05-05,282.55999755859375,281.8896484375
2026-05-06,286.79998779296875,286.11956787109375
2026-05-07,282.260009765625,281.5903625488281
2026-05-08,284.1700134277344,283.495849609375
2026-05-11,285.3299865722656,284.6530456542969
2026-05-12,282.57000732421875,281.8996276855469
2026-05-13,282.6700134277344,281.9993896484375
2026-05-14,284.45001220703125,283.7751770019531
2026-05-15,277.6000061035156,276.94140625
2026-05-18,275.9700012207031,275.3152770996094
2026-05-19,273.0,272.3523254394531
2026-05-20,279.8699951171875,279.2060241699219
2026-05-21,282.489990234375,281.8197937011719
2026-05-22,285.1199951171875,284.4435729980469
2026-05-26,290.510009765625,289.82080078125
2026-05-27,290.3699951171875,289.6811218261719
2026-05-28,292.0299987792969,291.3371887207031
2026-05-29,290.42999267578125,289.740966796875
2026-06-01,288.9800109863281,288.29443359375
2026-06-02,291.6600036621094,290.9680480957031
2026-06-03,287.6700134277344,286.9875183105469
2026-06-04,292.010009765625,291.3172302246094
2026-06-05,281.6499938964844,280.9817810058594
2026-06-08,284.1099853515625,283.4359436035156
2026-06-09,285.0199890136719,284.3437805175781
2026-06-10,282.04998779296875,281.3808288574219
2026-06-11,290.4100036621094,289.72100830078125
2026-06-12,292.95001220703125,292.2550048828125
2026-06-15,294.6400146484375,294.6400146484375
2026-06-16,292.0799865722656,292.0799865722656
2026-06-17,289.8800048828125,289.8800048828125
2026-06-18,295.5899963378906,295.5899963378906
2026-06-22,298.17999267578125,298.17999267578125
2026-06-23,295.32000732421875,295.32000732421875
2026-06-24,296.69000244140625,296.69000244140625
2026-06-25,298.9100036621094,298.9100036621094
2026-06-26,299.8299865722656,299.8299865722656
2026-06-29,298.9700012207031,298.9700012207031
2026-06-30,300.45001220703125,300.45001220703125
2026-07-01,299.32000732421875,299.32000732421875
2026-07-02,297.5799865722656,297.5799865722656
2026-07-06,298.8999938964844,298.8999938964844
2026-07-07,296.19000244140625,296.19000244140625
2026-07-08,293.4800109863281,293.4800109863281
2026-07-09,297.239990234375,297.239990234375
2026-07-10,295.989990234375,295.989990234375
2026-07-13,293.4800109863281,293.4800109863281
2026-07-14,294.510009765625,294.510009765625
2026-07-15,295.7699890136719,295.7699890136719
2026-07-16,295.5899963378906,295.5899963378906
2026-07-17,294.0400085449219,294.0400085449219
2026-07-20,292.30999755859375,292.30999755859375
2026-07-21,296.5400085449219,296.5400085449219
2026-07-22,293.7900085449219,293.7900085449219
2026-07-23,292.0899963378906,292.0899963378906
2026-07-24,291.1700134277344,291.1700134277344
2026-07-27,292.9100036621094,292.9100036621094
2026-07-28,293.3699951171875,293.3699951171875
2026-07-29,288.57000732421875,288.57000732421875
2026-07-30,292.5899963378906,292.5899963378906
2026-07-31,291.20001220703125,291.20001220703125
2026-08-03,296.2200012207031,296.2200012207031
2026-08-04,301.7099914550781,301.7099914550781
2026-08-05,299.7699890136719,299.7699890136719
2026-08-06,298.25,298.25
2026-08-07,301.55999755859375,301.55999755859375
2026-08-10,299.9800109863281,299.9800109863281
2026-08-11,300.989990234375,300.989990234375
2026-08-12,302.7099914550781,302.7099914550781
2026-08-13,303.5,303.5
2026-08-14,305.0899963378906,305.0899963378906
2026-08-17,304.05999755859375,304.05999755859375
2026-08-18,300.2300109863281,300.2300109863281
2026-08-19,301.7200012207031,301.7200012207031
2026-08-20,297.6700134277344,297.6700134277344
2026-08-21,299.9599914550781,299.9599914550781
2026-08-24,297.9700012207031,297.9700012207031
2026-08-25,299.2300109863281,299.2300109863281
2026-08-26,298.92999267578125,298.92999267578125
2026-08-27,299.80999755859375,299.80999755859375
2026-08-28,295.75,295.75
2026-08-31,293.92999267578125,293.92999267578125
