date,close,adjusted_close
2011-01-03,108.86000061035156,61.945884704589844
2011-01-04,109.0,62.025577545166016
2011-01-05,108.19999694824219,61.5703125
2011-01-06,108.36000061035156,61.66136932373047
2011-01-07,108.91000366210938,61.97438049316406
2011-01-10,109.0999984741211,62.082489013671875
2011-01-11,109.05000305175781,62.05402374267578
2011-01-12,108.9800033569336,62.01420593261719
2011-01-13,109.44999694824219,62.281646728515625
2011-01-14,108.93000030517578,61.985721588134766
2011-01-18,108.87000274658203,61.95161437988281
2011-01-19,108.79000091552734,61.90608215332031
2011-01-20,108.31999969482422,61.638633728027344
2011-01-21,108.4800033569336,61.72971725463867
2011-01-24,108.52999877929688,61.758140563964844
2011-01-25,109.06999969482422,62.06541061401367
2011-01-26,108.45999908447266,61.71832275390625
2011-01-27,108.63999938964844,61.820709228515625
2011-01-28,108.77999877929688,61.900394439697266
2011-01-31,108.4800033569336,61.72971725463867
2011-02-01,107.91000366210938,61.647953033447266
2011-02-02,107.69999694824219,61.52798080444336
2011-02-03,107.44000244140625,61.37946319580078
2011-02-04,107.11000061035156,61.190940856933594
2011-02-07,107.2300033569336,61.259525299072266
2011-02-08,106.83999633789062,61.036712646484375
2011-02-09,107.52999877929688,61.43091583251953
2011-02-10,107.0,61.12814712524414
2011-02-11,107.58999633789062,61.46517562866211
2011-02-14,107.66000366210938,61.50514602661133
2011-02-15,107.9000015258789,61.64226150512695
2011-02-16,107.7699966430664,61.567989349365234
2011-02-17,107.97000122070312,61.68225860595703
2011-02-18,108.12999725341797,61.773681640625
2011-02-22,108.43000030517578,61.94501876831055
2011-02-23,108.30000305175781,61.87083435058594
2011-02-24,108.41999816894531,61.939369201660156
2011-02-25,108.93000030517578,62.230716705322266
2011-02-28,109.22000122070312,62.396392822265625
2011-03-01,108.79000091552734,62.39754867553711
2011-03-02,108.20999908447266,62.06485366821289
2011-03-03,107.75,61.80101013183594
2011-03-04,108.16000366210938,62.03616714477539
2011-03-07,107.88999938964844,61.881309509277344
2011-03-08,107.75,61.80101013183594
2011-03-09,108.30999755859375,62.12224578857422
2011-03-10,108.75,62.37459945678711
2011-03-11,108.6500015258789,62.31720733642578
2011-03-14,108.7699966430664,62.38604736328125
2011-03-15,108.76000213623047,62.38032150268555
2011-03-16,109.41000366210938,62.75313186645508
2011-03-17,109.33999633789062,62.71297836303711
2011-03-18,109.41000366210938,62.75313186645508
2011-03-21,109.05999755859375,62.552371978759766
2011-03-22,109.26000213623047,62.6671028137207
2011-03-23,109.19000244140625,62.6269645690918
2011-03-24,108.83000183105469,62.42045974731445
2011-03-25,108.66999816894531,62.32870864868164
2011-03-28,108.70999908447266,62.35161209106445
2011-03-29,108.18000030517578,62.04763412475586
2011-03-30,108.55000305175781,62.2598762512207
2011-03-31,108.19999694824219,62.05910873413086
2011-04-01,108.27999877929688,62.35221481323242
2011-04-04,108.52999877929688,62.49618148803711
2011-04-05,108.58999633789062,62.530738830566406
2011-04-06,108.23999786376953,62.329200744628906
2011-04-07,108.08000183105469,62.237056732177734
2011-04-08,108.0199966430664,62.202449798583984
2011-04-11,108.02999877929688,62.208251953125
2011-04-12,108.41000366210938,62.42709732055664
2011-04-13,108.5999984741211,62.53647232055664
2011-04-14,108.33000183105469,62.38103485107422
2011-04-15,108.9000015258789,62.70926284790039
2011-04-18,109.05000305175781,62.79560470581055
2011-04-19,109.27999877929688,62.92805862426758
2011-04-20,109.33000183105469,62.95684814453125
2011-04-21,109.43000030517578,63.01446533203125
2011-04-25,109.54000091552734,63.07782745361328
2011-04-26,110.05000305175781,63.37146759033203
2011-04-27,109.91000366210938,63.29083251953125
2011-04-28,110.26000213623047,63.492393493652344
2011-04-29,110.47000122070312,63.61335754394531
2011-05-02,110.30000305175781,63.76189422607422
2011-05-03,110.25,63.733001708984375
2011-05-04,110.41000366210938,63.82547378540039
2011-05-05,110.79000091552734,64.04515075683594
2011-05-06,110.79000091552734,64.04515075683594
2011-05-09,110.9000015258789,64.1087417602539
2011-05-10,110.44999694824219,63.84860610961914
2011-05-11,110.62999725341797,63.95268249511719
2011-05-12,110.37000274658203,63.80237579345703
2011-05-13,110.69999694824219,63.993099212646484
2011-05-16,111.0199966430664,64.17810821533203
2011-05-17,111.16999816894531,64.26480865478516
2011-05-18,110.88999938964844,64.1030044555664
2011-05-19,111.08000183105469,64.21275329589844
2011-05-20,111.0,64.16650390625
2011-05-23,110.93000030517578,64.12609100341797
2011-05-24,111.06999969482422,64.20703887939453
2011-05-25,110.8499984741211,64.07978820800781
2011-05-26,111.33000183105469,64.35733032226562
2011-05-27,111.44999694824219,64.4266586303711
2011-05-31,111.44000244140625,64.4208984375
2011-06-01,111.56999969482422,64.7429428100586
2011-06-02,110.55999755859375,64.15686798095703
2011-06-03,110.80000305175781,64.29610443115234
2011-06-06,110.61000061035156,64.18586730957031
2011-06-07,110.98999786376953,64.40640258789062
2011-06-08,111.05999755859375,64.44697570800781
2011-06-09,110.76000213623047,64.27288055419922
2011-06-10,110.62999725341797,64.19751739501953
2011-06-13,110.75,64.26710510253906
2011-06-14,110.41999816894531,64.07559967041016
2011-06-15,111.02999877929688,64.42957305908203
2011-06-16,110.81999969482422,64.30774688720703
2011-06-17,110.86000061035156,64.3309555053711
2011-06-20,110.87999725341797,64.34258270263672
2011-06-21,110.8499984741211,64.32508087158203
2011-06-22,111.0,64.41215515136719
2011-06-23,111.29000091552734,64.58049011230469
2011-06-24,111.3499984741211,64.61532592773438
2011-06-27,110.98999786376953,64.40640258789062
2011-06-28,110.22000122070312,63.9595947265625
2011-06-29,109.97000122070312,63.814483642578125
2011-06-30,110.12999725341797,63.907352447509766
2011-07-01,109.70999908447266,63.91082763671875
2011-07-05,110.0999984741211,64.13800811767578
2011-07-06,110.33000183105469,64.27202606201172
2011-07-07,110.36000061035156,64.28950500488281
2011-07-08,111.06999969482422,64.70308685302734
2011-07-11,111.44000244140625,64.91862487792969
2011-07-12,111.52999877929688,64.97105407714844
2011-07-13,111.80999755859375,65.13414001464844
2011-07-14,111.12000274658203,64.73226165771484
2011-07-15,111.37000274658203,64.87788391113281
2011-07-18,110.94000244140625,64.6273422241211
2011-07-19,111.4800033569336,64.94192504882812
2011-07-20,111.22000122070312,64.79046630859375
2011-07-21,111.05000305175781,64.6915054321289
2011-07-22,111.5,64.95353698730469
2011-07-25,110.97000122070312,64.64485168457031
2011-07-26,111.45999908447266,64.9303207397461
2011-07-27,111.12999725341797,64.73802947998047
2011-07-28,111.37000274658203,64.87788391113281
2011-07-29,112.37000274658203,65.46039581298828
2011-08-01,112.27999877929688,65.65394592285156
2011-08-02,113.22000122070312,66.20359802246094
2011-08-03,113.18000030517578,66.18019104003906
2011-08-04,114.0,66.65970611572266
2011-08-05,112.58999633789062,65.83525085449219
2011-08-08,111.5199966430664,65.20954132080078
2011-08-09,112.5199966430664,65.79427337646484
2011-08-10,113.52999877929688,66.38485717773438
2011-08-11,111.19999694824219,65.02242279052734
2011-08-12,112.47000122070312,65.76504516601562
2011-08-15,112.68000030517578,65.8878402709961
2011-08-16,113.08999633789062,66.1275634765625
2011-08-17,113.4000015258789,66.30885314941406
2011-08-18,113.55000305175781,66.39655303955078
2011-08-19,113.41000366210938,66.31468963623047
2011-08-22,112.98999786376953,66.06912231445312
2011-08-23,111.69999694824219,65.31478881835938
2011-08-24,110.37999725341797,64.54296112060547
2011-08-25,110.98999786376953,64.89967346191406
2011-08-26,111.04000091552734,64.92887878417969
2011-08-29,111.4000015258789,65.13935089111328
2011-08-30,111.98999786376953,65.48436737060547
2011-08-31,112.33000183105469,65.68315887451172
2011-09-01,112.0,65.73189544677734
2011-09-02,112.69000244140625,66.13685607910156
2011-09-06,113.3499984741211,66.52421569824219
2011-09-07,113.56999969482422,66.65325164794922
2011-09-08,113.47000122070312,66.5946273803711
2011-09-09,113.58999633789062,66.6650390625
2011-09-12,112.9000015258789,66.26010131835938
2011-09-13,112.87999725341797,66.24835968017578
2011-09-14,112.83000183105469,66.21903228759766
2011-09-15,112.44000244140625,65.99014282226562
2011-09-16,112.44000244140625,65.99014282226562
2011-09-19,113.05999755859375,66.35401153564453
2011-09-20,113.11000061035156,66.38336944580078
2011-09-21,113.37000274658203,66.5359115600586
2011-09-22,113.58999633789062,66.6650390625
2011-09-23,112.88999938964844,66.2542724609375
2011-09-26,112.68000030517578,66.13098907470703
2011-09-27,112.31999969482422,65.91967010498047
2011-09-28,111.87000274658203,65.65557098388672
2011-09-29,111.75,65.58513641357422
2011-09-30,112.30999755859375,65.91386413574219
2011-10-03,112.0999984741211,66.0363540649414
2011-10-04,111.12000274658203,65.4590835571289
2011-10-05,111.58000183105469,65.73002624511719
2011-10-06,111.12999725341797,65.4649429321289
2011-10-07,111.02999877929688,65.40602111816406
2011-10-10,111.23999786376953,65.52976989746094
2011-10-11,111.54000091552734,65.70649719238281
2011-10-12,111.70999908447266,65.80659484863281
2011-10-13,111.80999755859375,65.86554718017578
2011-10-14,111.73999786376953,65.82425689697266
2011-10-17,111.66000366210938,65.77716827392578
2011-10-18,112.05000305175781,66.00691223144531
2011-10-19,112.33999633789062,66.17774963378906
2011-10-20,112.58999633789062,66.3250732421875
2011-10-21,112.95999908447266,66.54300689697266
2011-10-24,113.54000091552734,66.88471221923828
2011-10-25,114.0999984741211,67.21453094482422
2011-10-26,114.0199966430664,67.16737365722656
2011-10-27,114.0,67.1556396484375
2011-10-28,114.44000244140625,67.4148178100586
2011-10-31,114.69999694824219,67.56800842285156
2011-11-01,114.87000274658203,67.9061279296875
2011-11-02,115.29000091552734,68.1543960571289
2011-11-03,115.3499984741211,68.18985748291016
2011-11-04,115.58000183105469,68.32583618164062
2011-11-07,115.12000274658203,68.05392456054688
2011-11-08,114.41000366210938,67.63419342041016
2011-11-09,114.11000061035156,67.45684814453125
2011-11-10,113.54000091552734,67.11988067626953
2011-11-11,113.33999633789062,67.0016860961914
2011-11-14,113.33000183105469,66.99574279785156
2011-11-15,113.22000122070312,66.93070983886719
2011-11-16,112.86000061035156,66.71790313720703
2011-11-17,111.97000122070312,66.19175720214844
2011-11-18,112.1500015258789,66.29817199707031
2011-11-21,111.69000244140625,66.02622985839844
2011-11-22,111.4000015258789,65.85478973388672
2011-11-23,110.83000183105469,65.51783752441406
2011-11-25,110.38999938964844,65.25773620605469
2011-11-28,110.44000244140625,65.2873306274414
2011-11-29,110.19000244140625,65.13951873779297
2011-11-30,110.69000244140625,65.43512725830078
2011-12-01,110.55999755859375,65.58692169189453
2011-12-02,111.5,66.14453125
2011-12-05,112.33000183105469,66.63694763183594
2011-12-06,111.7300033569336,66.28103637695312
2011-12-07,112.43000030517578,66.69627380371094
2011-12-08,112.05000305175781,66.47086334228516
2011-12-09,111.62000274658203,66.21577453613281
2011-12-12,111.62999725341797,66.22171783447266
2011-12-13,112.01000213623047,66.4471435546875
2011-12-14,112.19999694824219,66.55988311767578
2011-12-15,112.37999725341797,66.6666259765625
2011-12-16,113.01000213623047,67.04039001464844
2011-12-19,113.41000366210938,67.27767181396484
2011-12-20,113.33000183105469,67.23014068603516
2011-12-21,112.8499984741211,66.94544219970703
2011-12-22,113.44000244140625,67.29547119140625
2011-12-23,113.08999633789062,67.08780670166016
2011-12-27,113.12999725341797,67.34256744384766
2011-12-28,113.33999633789062,67.46761322021484
2011-12-29,113.27999877929688,67.43191528320312
2011-12-30,113.76000213623047,67.71759033203125
2012-01-03,113.66999816894531,67.6640396118164
2012-01-04,113.76000213623047,67.71759033203125
2012-01-05,113.2699966430664,67.42594146728516
2012-01-06,113.70999908447266,67.6878433227539
2012-01-09,113.54000091552734,67.5866470336914
2012-01-10,113.86000061035156,67.77711486816406
2012-01-11,113.83999633789062,67.76522827148438
2012-01-12,114.0999984741211,67.91999816894531
2012-01-13,114.51000213623047,68.16405487060547
2012-01-17,114.86000061035156,68.3724365234375
2012-01-18,114.62999725341797,68.23551177978516
2012-01-19,114.5999984741211,68.21759796142578
2012-01-20,114.30999755859375,68.04499816894531
2012-01-23,114.13999938964844,67.9438247680664
2012-01-24,114.55000305175781,68.18785095214844
2012-01-25,114.94000244140625,68.4200210571289
2012-01-26,115.83999633789062,68.95577239990234
2012-01-27,116.01000213623047,69.05697631835938
2012-01-30,115.86000061035156,68.9676742553711
2012-01-31,116.19999694824219,69.17005157470703
2012-02-01,116.2699966430664,69.44536590576172
2012-02-02,116.51000213623047,69.58873748779297
2012-02-03,116.33999633789062,69.48719024658203
2012-02-06,116.63999938964844,69.66642761230469
2012-02-07,116.41999816894531,69.53498077392578
2012-02-08,116.54000091552734,69.60671997070312
2012-02-09,116.16999816894531,69.38567352294922
2012-02-10,116.05999755859375,69.31999206542969
2012-02-13,116.45999908447266,69.55887603759766
2012-02-14,116.55000305175781,69.61265563964844
2012-02-15,116.38999938964844,69.51704406738281
2012-02-16,116.19000244140625,69.39765167236328
2012-02-17,116.01000213623047,69.29010009765625
2012-02-21,115.81999969482422,69.17659759521484
2012-02-22,116.54000091552734,69.60671997070312
2012-02-23,116.69999694824219,69.70220947265625
2012-02-24,116.79000091552734,69.75599670410156
2012-02-27,117.22000122070312,70.0128173828125
2012-02-28,117.58999633789062,70.23379516601562
2012-02-29,117.69999694824219,70.29949188232422
2012-03-01,117.0199966430664,70.1335220336914
2012-03-02,117.05999755859375,70.15743255615234
2012-03-05,116.8499984741211,70.0316390991211
2012-03-06,116.66999816894531,69.92375946044922
2012-03-07,116.62000274658203,69.8937759399414
2012-03-08,116.63999938964844,69.90574645996094
2012-03-09,116.58000183105469,69.86980438232422
2012-03-12,116.3499984741211,69.73193359375
2012-03-13,116.02999877929688,69.5401611328125
2012-03-14,114.6500015258789,68.71311950683594
2012-03-15,114.4000015258789,68.56321716308594
2012-03-16,114.56999969482422,68.66516876220703
2012-03-19,114.41000366210938,68.5692367553711
2012-03-20,114.33999633789062,68.52732849121094
2012-03-21,114.86000061035156,68.83891296386719
2012-03-22,114.66999816894531,68.72512817382812
2012-03-23,114.76000213623047,68.77903747558594
2012-03-26,115.01000213623047,68.92887115478516
2012-03-27,115.9000015258789,69.46224975585938
2012-03-28,115.68000030517578,69.33037567138672
2012-03-29,115.91000366210938,69.46824645996094
2012-03-30,115.62999725341797,69.30039978027344
2012-04-02,115.52999877929688,69.47906494140625
2012-04-03,114.43000030517578,68.8175277709961
2012-04-04,114.6500015258789,68.94982147216797
2012-04-05,114.83999633789062,69.06405639648438
2012-04-09,115.58999633789062,69.51510620117188
2012-04-10,115.5199966430664,69.47303771972656
2012-04-11,115.4000015258789,69.40091705322266
2012-04-12,115.44999694824219,69.43091583251953
2012-04-13,116.0,69.76165771484375
2012-04-16,116.0,69.76165771484375
2012-04-17,116.1500015258789,69.85187530517578
2012-04-18,116.12999725341797,69.83987426757812
2012-04-19,116.20999908447266,69.8879623413086
2012-04-20,116.18000030517578,69.86993408203125
2012-04-23,116.19999694824219,69.88199615478516
2012-04-24,115.98999786376953,69.75568389892578
2012-04-25,116.19000244140625,69.8759994506836
2012-04-26,116.37999725341797,69.990234375
2012-04-27,116.55000305175781,70.09248352050781
2012-04-30,116.4800033569336,70.05038452148438
2012-05-01,115.87000274658203,69.91703796386719
2012-05-02,116.25,70.14627075195312
2012-05-03,116.31999969482422,70.18855285644531
2012-05-04,116.44999694824219,70.2669677734375
2012-05-07,116.6500015258789,70.38765716552734
2012-05-08,116.94000244140625,70.56260681152344
2012-05-09,116.73999786376953,70.44197082519531
2012-05-10,116.5,70.29714965820312
2012-05-11,116.8499984741211,70.50836181640625
2012-05-14,116.87999725341797,70.52643585205078
2012-05-15,116.7300033569336,70.43598175048828
2012-05-16,116.79000091552734,70.47212982177734
2012-05-17,115.91999816894531,69.9471664428711
2012-05-18,115.47000122070312,69.67564392089844
2012-05-21,115.5999984741211,69.75406646728516
2012-05-22,115.29000091552734,69.56705474853516
2012-05-23,115.56999969482422,69.73602294921875
2012-05-24,115.58999633789062,69.74803924560547
2012-05-25,115.87999725341797,69.92301177978516
2012-05-29,116.05000305175781,70.02558898925781
2012-05-30,116.1500015258789,70.08594512939453
2012-05-31,116.97000122070312,70.58073425292969
2012-06-01,117.29000091552734,71.01425170898438
2012-06-04,116.4000015258789,70.47542572021484
2012-06-05,116.1500015258789,70.32402801513672
2012-06-06,115.80999755859375,70.11820983886719
2012-06-07,116.05000305175781,70.26350402832031
2012-06-08,116.4800033569336,70.52386474609375
2012-06-11,116.45999908447266,70.51173400878906
2012-06-12,116.12000274658203,70.30587768554688
2012-06-13,116.54000091552734,70.5602035522461
2012-06-14,116.4000015258789,70.47542572021484
2012-06-15,116.87999725341797,70.76603698730469
2012-06-18,116.83000183105469,70.73576354980469
2012-06-19,116.72000122070312,70.66917419433594
2012-06-20,116.7699966430664,70.6994400024414
2012-06-21,116.94999694824219,70.8084487915039
2012-06-22,116.86000061035156,70.7539291381836
2012-06-25,117.16000366210938,70.93558502197266
2012-06-26,117.27999877929688,71.00822448730469
2012-06-27,117.44000244140625,71.1051025390625
2012-06-28,117.62000274658203,71.21405029296875
2012-06-29,117.58999633789062,71.19587707519531
2012-07-02,117.81999969482422,71.57376861572266
2012-07-03,117.91999816894531,71.634521484375
2012-07-05,118.22000122070312,71.81674194335938
2012-07-06,118.5199966430664,71.99894714355469
2012-07-09,118.5999984741211,72.0475845336914
2012-07-10,118.56999969482422,72.0293960571289
2012-07-11,118.7699966430664,72.15086364746094
2012-07-12,119.37000274658203,72.5153579711914
2012-07-13,119.41000366210938,72.53968048095703
2012-07-16,119.73999786376953,72.7401351928711
2012-07-17,119.73999786376953,72.7401351928711
2012-07-18,120.4000015258789,73.1410903930664
2012-07-19,120.61000061035156,73.26864624023438
2012-07-20,120.69999694824219,73.32331085205078
2012-07-23,120.30999755859375,73.08638763427734
2012-07-24,120.5,73.20182037353516
2012-07-25,120.7300033569336,73.3415756225586
2012-07-26,120.91999816894531,73.45695495605469
2012-07-27,120.3499984741211,73.11068725585938
2012-07-30,120.66000366210938,73.29899597167969
2012-07-31,121.27999877929688,73.6756820678711
2012-08-01,120.76000213623047,73.59339904785156
2012-08-02,120.83999633789062,73.64213562011719
2012-08-03,120.55000305175781,73.4654312133789
2012-08-06,120.70999908447266,73.56291198730469
2012-08-07,120.08000183105469,73.17897033691406
2012-08-08,119.73999786376953,72.9718017578125
2012-08-09,119.66000366210938,72.92304992675781
2012-08-10,120.0,73.13024139404297
2012-08-13,119.75,72.97785949707031
2012-08-14,119.20999908447266,72.6488037109375
2012-08-15,118.6500015258789,72.30754852294922
2012-08-16,118.30000305175781,72.09422302246094
2012-08-17,118.45999908447266,72.19172668457031
2012-08-20,118.79000091552734,72.39283752441406
2012-08-21,118.98999786376953,72.51468658447266
2012-08-22,119.66999816894531,72.92916870117188
2012-08-23,119.76000213623047,72.98395538330078
2012-08-24,119.88999938964844,73.06322479248047
2012-08-27,120.04000091552734,73.15459442138672
2012-08-28,120.20999908447266,73.25820922851562
2012-08-29,119.95999908447266,73.10587310791016
2012-08-30,120.0,73.13024139404297
2012-08-31,120.83000183105469,73.63604736328125
2012-09-04,120.16000366210938,73.46180725097656
2012-09-05,120.20999908447266,73.49238586425781
2012-09-06,119.68000030517578,73.16838836669922
2012-09-07,119.93000030517578,73.32120513916016
2012-09-10,119.91999816894531,73.31509399414062
2012-09-11,120.0199966430664,73.37619018554688
2012-09-12,119.77999877929688,73.2294921875
2012-09-13,120.41999816894531,73.6207504272461
2012-09-14,119.69999694824219,73.18058013916016
2012-09-17,120.11000061035156,73.4312515258789
2012-09-18,120.4800033569336,73.65742492675781
2012-09-19,120.68000030517578,73.77971649169922
2012-09-20,120.58000183105469,73.71862030029297
2012-09-21,120.80000305175781,73.85304260253906
2012-09-24,120.9800033569336,73.963134765625
2012-09-25,121.22000122070312,74.10984802246094
2012-09-26,121.55999755859375,74.31771850585938
2012-09-27,121.5,74.28106689453125
2012-09-28,121.7699966430664,74.44613647460938
2012-10-01,121.70999908447266,74.64482879638672
2012-10-02,121.75,74.66935729980469
2012-10-03,121.83000183105469,74.71845245361328
2012-10-04,121.7300033569336,74.65704345703125
2012-10-05,121.54000091552734,74.54053497314453
2012-10-08,121.86000061035156,74.7367935180664
2012-10-09,121.98999786376953,74.81659698486328
2012-10-10,122.20999908447266,74.95148468017578
2012-10-11,122.61000061035156,75.19677734375
2012-10-12,122.75,75.28267669677734
2012-10-15,123.12999725341797,75.51571655273438
2012-10-16,123.05000305175781,75.46666717529297
2012-10-17,122.80999755859375,75.31939697265625
2012-10-18,122.58000183105469,75.17837524414062
2012-10-19,122.80000305175781,75.31334686279297
2012-10-22,122.51000213623047,75.13546752929688
2012-10-23,122.72000122070312,75.26427459716797
2012-10-24,122.38999938964844,75.06184387207031
2012-10-25,122.04000091552734,74.84719848632812
2012-10-26,122.63999938964844,75.21522521972656
2012-10-31,123.0199966430664,75.4482421875
2012-11-01,122.4800033569336,75.11708068847656
2012-11-02,122.23999786376953,74.9698486328125
2012-11-05,122.30000305175781,75.00666046142578
2012-11-06,121.70999908447266,74.64482879638672
2012-11-07,121.95999908447266,74.7981185913086
2012-11-08,121.83999633789062,74.72453308105469
2012-11-09,121.54000091552734,74.54053497314453
2012-11-12,121.55999755859375,74.55284118652344
2012-11-13,121.61000061035156,74.58348083496094
2012-11-14,121.86000061035156,74.7367935180664
2012-11-15,121.62000274658203,74.58964538574219
2012-11-16,121.66000366210938,74.61417388916016
2012-11-19,122.04000091552734,74.84719848632812
2012-11-20,121.66000366210938,74.61417388916016
2012-11-21,121.75,74.66935729980469
2012-11-23,121.80000305175781,74.70001220703125
2012-11-26,122.0,74.8226547241211
2012-11-27,122.06999969482422,74.86561584472656
2012-11-28,122.05000305175781,74.85336303710938
2012-11-29,122.13999938964844,74.90858459472656
2012-11-30,122.12999725341797,74.90238952636719
2012-12-03,121.88999938964844,74.98544311523438
2012-12-04,122.0,75.05311584472656
2012-12-05,122.25,75.20694732666016
2012-12-06,122.2300033569336,75.19461822509766
2012-12-07,121.94000244140625,75.0162582397461
2012-12-10,122.05000305175781,75.0838851928711
2012-12-11,121.5999984741211,74.80705261230469
2012-12-12,121.2300033569336,74.5794448852539
2012-12-13,121.04000091552734,74.46256256103516
2012-12-14,121.12999725341797,74.51792907714844
2012-12-17,120.73999786376953,74.27799987792969
2012-12-18,120.44000244140625,74.09346008300781
2012-12-19,120.91000366210938,74.382568359375
2012-12-20,121.02999877929688,74.45635986328125
2012-12-21,121.23999786376953,74.58560943603516
2012-12-24,121.16000366210938,74.53631591796875
2012-12-26,120.97000122070312,74.64251708984375
2012-12-27,121.36000061035156,74.8831558227539
2012-12-28,121.62999725341797,75.04974365234375
2012-12-31,120.98999786376953,74.65481567382812
2013-01-02,121.2699966430664,74.82760620117188
2013-01-03,120.61000061035156,74.42033386230469
2013-01-04,120.55000305175781,74.38334655761719
2013-01-07,120.75,74.50670623779297
2013-01-08,120.86000061035156,74.57461547851562
2013-01-09,120.81999969482422,74.54998779296875
2013-01-10,120.87999725341797,74.5869369506836
2013-01-11,121.0999984741211,74.72274017333984
2013-01-14,120.86000061035156,74.57461547851562
2013-01-15,120.76000213623047,74.51293182373047
2013-01-16,120.76000213623047,74.51293182373047
2013-01-17,120.55000305175781,74.38334655761719
2013-01-18,120.66999816894531,74.45738983154297
2013-01-22,120.66999816894531,74.45738983154297
2013-01-23,120.81999969482422,74.54998779296875
2013-01-24,120.6500015258789,74.44503021240234
2013-01-25,120.0999984741211,74.10563659667969
2013-01-28,120.0,74.04399108886719
2013-01-29,119.7300033569336,73.87738800048828
2013-01-30,119.33000183105469,73.63058471679688
2013-01-31,119.41999816894531,73.68610382080078
2013-02-01,118.73999786376953,73.49485778808594
2013-02-04,119.13999938964844,73.74238586425781
2013-02-05,118.9000015258789,73.5938720703125
2013-02-06,119.20999908447266,73.78571319580078
2013-02-07,119.25,73.81049346923828
2013-02-08,119.51000213623047,73.9714126586914
2013-02-11,119.44999694824219,73.93429565429688
2013-02-12,119.33000183105469,73.86003875732422
2013-02-13,119.05000305175781,73.68669891357422
2013-02-14,119.37999725341797,73.89099884033203
2013-02-15,119.33000183105469,73.86003875732422
2013-02-19,119.30000305175781,73.8414535522461
2013-02-20,119.5,73.96525573730469
2013-02-21,119.69000244140625,74.0828628540039
2013-02-22,119.7699966430664,74.13238525390625
2013-02-25,120.4800033569336,74.57182312011719
2013-02-26,120.33000183105469,74.4789810180664
2013-02-27,120.29000091552734,74.4542465209961
2013-02-28,120.33000183105469,74.4789810180664
2013-03-01,120.2300033569336,74.64910888671875
2013-03-04,120.13999938964844,74.59321594238281
2013-03-05,119.94000244140625,74.46905517578125
2013-03-06,119.58999633789062,74.25174713134766
2013-03-07,119.19999694824219,74.00962829589844
2013-03-08,118.77999877929688,73.7488021850586
2013-03-11,118.86000061035156,73.79847717285156
2013-03-12,119.0999984741211,73.94747161865234
2013-03-13,118.98999786376953,73.87920379638672
2013-03-14,119.04000091552734,73.91023254394531
2013-03-15,119.19999694824219,74.00962829589844
2013-03-18,119.48999786376953,74.1896743774414
2013-03-19,119.69000244140625,74.31382751464844
2013-03-20,119.33999633789062,74.09651184082031
2013-03-21,119.45999908447266,74.17103576660156
2013-03-22,119.47000122070312,74.17720794677734
2013-03-25,119.47000122070312,74.17720794677734
2013-03-26,119.55000305175781,74.22691345214844
2013-03-27,119.97000122070312,74.48764038085938
2013-03-28,119.9000015258789,74.44422912597656
2013-04-01,119.36000061035156,74.33708953857422
2013-04-02,119.3499984741211,74.33090209960938
2013-04-03,119.83000183105469,74.62980651855469
2013-04-04,120.47000122070312,75.02838897705078
2013-04-05,120.83999633789062,75.25882720947266
2013-04-08,120.94999694824219,75.3272933959961
2013-04-09,121.06999969482422,75.40210723876953
2013-04-10,120.75,75.20276641845703
2013-04-11,120.83000183105469,75.25257873535156
2013-04-12,121.43000030517578,75.62628173828125
2013-04-15,121.47000122070312,75.65117645263672
2013-04-16,121.25,75.51415252685547
2013-04-17,121.41999816894531,75.62002563476562
2013-04-18,121.52999877929688,75.6885986328125
2013-04-19,121.70999908447266,75.80064392089844
2013-04-22,121.75,75.8255844116211
2013-04-23,121.91000366210938,75.92522430419922
2013-04-24,121.95999908447266,75.95637512207031
2013-04-25,121.88999938964844,75.9127426147461
2013-04-26,122.33000183105469,76.186767578125
2013-04-29,122.33999633789062,76.19303131103516
2013-04-30,122.12999725341797,76.06224822998047
2013-05-01,122.30999755859375,76.40080261230469
2013-05-02,122.30999755859375,76.40080261230469
2013-05-03,121.16000366210938,75.68244171142578
2013-05-06,121.13999938964844,75.66995239257812
2013-05-07,121.05000305175781,75.61373901367188
2013-05-08,121.16000366210938,75.68244171142578
2013-05-09,120.9000015258789,75.52008056640625
2013-05-10,120.2699966430664,75.12650299072266
2013-05-13,119.95999908447266,74.93287658691406
2013-05-14,119.63999938964844,74.73297119140625
2013-05-15,120.05999755859375,74.99532318115234
2013-05-16,120.61000061035156,75.3388900756836
2013-05-17,120.08999633789062,75.01410675048828
2013-05-20,119.94999694824219,74.92662811279297
2013-05-21,120.4000015258789,75.20772552490234
2013-05-22,119.44999694824219,74.6142807006836
2013-05-23,119.56999969482422,74.68927764892578
2013-05-24,119.48999786376953,74.63926696777344
2013-05-28,118.33999633789062,73.92093658447266
2013-05-29,118.29000091552734,73.8896713256836
2013-05-30,118.44000244140625,73.98342895507812
2013-05-31,117.8499984741211,73.6148452758789
2013-06-03,117.18000030517578,73.42127227783203
2013-06-04,116.72000122070312,73.13304901123047
2013-06-05,116.55000305175781,73.02653503417969
2013-06-06,117.05000305175781,73.33982849121094
2013-06-07,116.58999633789062,73.05157470703125
2013-06-10,116.2300033569336,72.8260269165039
2013-06-11,116.01000213623047,72.68817901611328
2013-06-12,115.61000061035156,72.43750762939453
2013-06-13,116.8499984741211,73.2144546508789
2013-06-14,116.7699966430664,73.16437530517578
2013-06-17,116.5999984741211,73.05784606933594
2013-06-18,116.37000274658203,72.91377258300781
2013-06-19,114.72000122070312,71.87993621826172
2013-06-20,113.13999938964844,70.88995361328125
2013-06-21,112.20999908447266,70.30720520019531
2013-06-24,111.4800033569336,69.84984588623047
2013-06-25,111.8499984741211,70.08163452148438
2013-06-26,112.69999694824219,70.61424255371094
2013-06-27,113.72000122070312,71.25334930419922
2013-06-28,113.6500015258789,71.20948028564453
2013-07-01,113.58000183105469,71.39363861083984
2013-07-02,113.94000244140625,71.61992645263672
2013-07-03,113.61000061035156,71.4124755859375
2013-07-05,112.16999816894531,70.5073471069336
2013-07-08,113.08999633789062,71.08562469482422
2013-07-09,113.19000244140625,71.14849853515625
2013-07-10,112.86000061035156,70.94107818603516
2013-07-11,114.19000244140625,71.77709197998047
2013-07-12,113.87000274658203,71.57597351074219
2013-07-15,114.5999984741211,72.0347671508789
2013-07-16,114.43000030517578,71.92792510986328
2013-07-17,114.86000061035156,72.1982421875
2013-07-18,114.55999755859375,72.0096435546875
2013-07-19,115.19000244140625,72.40564727783203
2013-07-22,115.44999694824219,72.569091796875
2013-07-23,115.2699966430664,72.4559097290039
2013-07-24,114.70999908447266,72.10393524169922
2013-07-25,114.56999969482422,72.01590728759766
2013-07-26,114.69000244140625,72.09133911132812
2013-07-29,114.5,71.9719467163086
2013-07-30,114.52999877929688,71.99076080322266
2013-07-31,114.54000091552734,71.99711608886719
2013-08-01,113.27999877929688,71.42333221435547
2013-08-02,113.83999633789062,71.77637481689453
2013-08-05,113.41000366210938,71.50533294677734
2013-08-06,113.4800033569336,71.5494384765625
2013-08-07,113.7300033569336,71.70707702636719
2013-08-08,113.97000122070312,71.85838317871094
2013-08-09,113.97000122070312,71.85838317871094
2013-08-12,113.91000366210938,71.82052612304688
2013-08-13,113.0999984741211,71.30980682373047
2013-08-14,112.91000366210938,71.1900405883789
2013-08-15,112.11000061035156,70.68562316894531
2013-08-16,111.55000305175781,70.33250427246094
2013-08-19,110.94000244140625,69.94790649414062
2013-08-20,111.62000274658203,70.37665557861328
2013-08-21,110.94999694824219,69.9542236328125
2013-08-22,111.45999908447266,70.27581024169922
2013-08-23,112.20999908447266,70.7486801147461
2013-08-26,112.44000244140625,70.89369201660156
2013-08-27,112.91999816894531,71.19632720947266
2013-08-28,112.94000244140625,71.20893859863281
2013-08-29,113.05000305175781,71.2782974243164
2013-08-30,113.05000305175781,71.2782974243164
2013-09-03,112.23999786376953,70.99746704101562
2013-09-04,111.83000183105469,70.73810577392578
2013-09-05,110.91000366210938,70.1561508178711
2013-09-06,111.06999969482422,70.25738525390625
2013-09-09,111.36000061035156,70.4407730102539
2013-09-10,110.87000274658203,70.13086700439453
2013-09-11,111.38999938964844,70.45977783203125
2013-09-12,111.30999755859375,70.4091567993164
2013-09-13,111.37999725341797,70.45346069335938
2013-09-16,111.51000213623047,70.53570556640625
2013-09-17,111.80999755859375,70.7254409790039
2013-09-18,113.44999694824219,71.76280975341797
2013-09-19,112.7300033569336,71.30738830566406
2013-09-20,112.83000183105469,71.37064361572266
2013-09-23,113.5,71.79447937011719
2013-09-24,113.79000091552734,71.97793579101562
2013-09-25,114.13999938964844,72.1992416381836
2013-09-26,113.86000061035156,72.02217864990234
2013-09-27,113.7699966430664,71.96525573730469
2013-09-30,113.5199966430664,71.80711364746094
2013-10-01,113.04000091552734,71.73477935791016
2013-10-02,113.37999725341797,71.95052337646484
2013-10-03,113.44000244140625,71.98858642578125
2013-10-04,113.33000183105469,71.9188232421875
2013-10-07,113.52999877929688,72.04573822021484
2013-10-08,113.51000213623047,72.03302001953125
2013-10-09,113.2699966430664,71.8807373046875
2013-10-10,113.43000030517578,71.98223114013672
2013-10-11,113.58000183105469,72.07745361328125
2013-10-14,113.2300033569336,71.85536193847656
2013-10-15,113.25,71.86805725097656
2013-10-16,114.08999633789062,72.40108489990234
2013-10-17,114.93000030517578,72.93416595458984
2013-10-18,115.08000183105469,73.02931213378906
2013-10-21,114.77999877929688,72.83898162841797
2013-10-22,115.4800033569336,73.28319549560547
2013-10-23,115.44999694824219,73.2641830444336
2013-10-24,115.33000183105469,73.18798828125
2013-10-25,115.31999969482422,73.18163299560547
2013-10-28,115.43000030517578,73.25143432617188
2013-10-29,115.58999633789062,73.35301971435547
2013-10-30,115.36000061035156,73.20707702636719
2013-10-31,115.19999694824219,73.10546875
2013-11-01,114.51000213623047,72.90814208984375
2013-11-04,114.54000091552734,72.92725372314453
2013-11-05,114.05000305175781,72.61524963378906
2013-11-06,114.18000030517578,72.69801330566406
2013-11-07,114.41000366210938,72.84437561035156
2013-11-08,113.29000091552734,72.13135528564453
2013-11-11,113.0999984741211,72.01033782958984
2013-11-12,113.18000030517578,72.06131744384766
2013-11-13,113.44000244140625,72.22686004638672
2013-11-14,114.05999755859375,72.62161254882812
2013-11-15,114.05999755859375,72.62161254882812
2013-11-18,114.56999969482422,72.9462890625
2013-11-19,114.16999816894531,72.69165802001953
2013-11-20,113.68000030517578,72.37968444824219
2013-11-21,113.9000015258789,72.51969146728516
2013-11-22,114.30000305175781,72.7744140625
2013-11-25,114.5,72.9017333984375
2013-11-26,114.7300033569336,73.0482177734375
2013-11-27,114.75,73.06095886230469
2013-11-29,114.66000366210938,73.00364685058594
2013-12-02,113.75,72.65738677978516
2013-12-03,114.04000091552734,72.84265899658203
2013-12-04,113.66999816894531,72.6063232421875
2013-12-05,113.41999816894531,72.44664764404297
2013-12-06,113.66000366210938,72.59989929199219
2013-12-09,113.83000183105469,72.70853424072266
2013-12-10,114.29000091552734,73.0023422241211
2013-12-11,113.97000122070312,72.79795837402344
2013-12-12,113.77999877929688,72.67655944824219
2013-12-13,114.08999633789062,72.87458801269531
2013-12-16,114.18000030517578,72.93211364746094
2013-12-17,114.5199966430664,73.14927673339844
2013-12-18,114.5199966430664,73.14927673339844
2013-12-19,114.3499984741211,73.0406494140625
2013-12-20,114.87999725341797,73.37919616699219
2013-12-23,114.69999694824219,73.26424407958984
2013-12-24,114.66999816894531,73.24504089355469
2013-12-26,114.23999786376953,73.19253540039062
2013-12-27,114.13999938964844,73.12847137451172
2013-12-30,114.4800033569336,73.34629821777344
2013-12-31,114.19000244140625,73.16046905517578
2014-01-02,114.41000366210938,73.30146026611328
2014-01-03,114.58000183105469,73.41039276123047
2014-01-06,114.83000183105469,73.57054138183594
2014-01-07,114.73999786376953,73.51283264160156
2014-01-08,114.25,73.19893646240234
2014-01-09,114.51000213623047,73.3655776977539
2014-01-10,115.12999725341797,73.76274871826172
2014-01-13,115.3499984741211,73.90367889404297
2014-01-14,115.01000213623047,73.68587493896484
2014-01-15,115.04000091552734,73.70504760742188
2014-01-16,115.30999755859375,73.87804412841797
2014-01-17,115.44000244140625,73.96135711669922
2014-01-21,115.27999877929688,73.85882568359375
2014-01-22,115.0,73.67948913574219
2014-01-23,115.44000244140625,73.96135711669922
2014-01-24,115.36000061035156,73.91011047363281
2014-01-27,115.13999938964844,73.76915740966797
2014-01-28,115.69999694824219,74.12793731689453
2014-01-29,115.93000030517578,74.27531433105469
2014-01-30,115.98999786376953,74.31373596191406
2014-01-31,116.33999633789062,74.53799438476562
2014-02-03,116.73999786376953,75.0186538696289
2014-02-04,116.18000030517578,74.65879821777344
2014-02-05,115.80999755859375,74.42105865478516
2014-02-06,115.69999694824219,74.35033416748047
2014-02-07,116.05999755859375,74.58167266845703
2014-02-10,116.11000061035156,74.61382293701172
2014-02-11,115.87000274658203,74.4595947265625
2014-02-12,115.5199966430664,74.2346420288086
2014-02-13,116.0,74.54308319091797
2014-02-14,116.22000122070312,74.6844482421875
2014-02-18,116.45999908447266,74.83870697021484
2014-02-19,116.33000183105469,74.75520324707031
2014-02-20,116.18000030517578,74.65879821777344
2014-02-21,116.30000305175781,74.73591613769531
2014-02-24,116.36000061035156,74.77449798583984
2014-02-25,116.80999755859375,75.06363677978516
2014-02-26,117.19000244140625,75.307861328125
2014-02-27,117.38999938964844,75.43633270263672
2014-02-28,117.31999969482422,75.39137268066406
2014-03-03,117.27999877929688,75.588623046875
2014-03-04,116.6500015258789,75.18252563476562
2014-03-05,116.58999633789062,75.14389038085938
2014-03-06,116.23999786376953,74.91825866699219
2014-03-07,115.81999969482422,74.64762878417969
2014-03-10,115.63999938964844,74.53164672851562
2014-03-11,115.68000030517578,74.55738067626953
2014-03-12,116.08999633789062,74.82161712646484
2014-03-13,116.5,75.08589172363281
2014-03-14,116.37000274658203,75.00210571289062
2014-03-17,116.22000122070312,74.90542602539062
2014-03-18,116.58000183105469,75.13739013671875
2014-03-19,115.73999786376953,74.59603881835938
2014-03-20,115.9000015258789,74.69915771484375
2014-03-21,116.30000305175781,74.95700073242188
2014-03-24,116.5199966430664,75.09871673583984
2014-03-25,116.55999755859375,75.12454986572266
2014-03-26,117.01000213623047,75.41458892822266
2014-03-27,117.04000091552734,75.43391418457031
2014-03-28,116.94999694824219,75.37589263916016
2014-03-31,116.94000244140625,75.36947631835938
2014-04-01,116.30999755859375,75.18199920654297
2014-04-02,116.1500015258789,75.07861328125
2014-04-03,116.37000274658203,75.2208023071289
2014-04-04,116.83000183105469,75.51814270019531
2014-04-07,117.11000061035156,75.69911193847656
2014-04-08,117.41999816894531,75.8995132446289
2014-04-09,117.5199966430664,75.96415710449219
2014-04-10,117.68000030517578,76.06755828857422
2014-04-11,117.76000213623047,76.11927795410156
2014-04-14,117.83999633789062,76.1709976196289
2014-04-15,118.08999633789062,76.33255004882812
2014-04-16,118.13999938964844,76.36490631103516
2014-04-17,117.45999908447266,75.92534637451172
2014-04-21,117.62000274658203,76.02880096435547
2014-04-22,117.68000030517578,76.06755828857422
2014-04-23,117.94000244140625,76.23563385009766
2014-04-24,117.95999908447266,76.24851989746094
2014-04-25,117.94000244140625,76.23563385009766
2014-04-28,117.80000305175781,76.1451416015625
2014-04-29,117.81999969482422,76.15804290771484
2014-04-30,118.1500015258789,76.37132263183594
2014-05-01,118.30000305175781,76.6916275024414
2014-05-02,118.55000305175781,76.85369873046875
2014-05-05,118.25,76.65919494628906
2014-05-06,118.44999694824219,76.78885650634766
2014-05-07,118.47000122070312,76.80180358886719
2014-05-08,118.5,76.8212661743164
2014-05-09,118.37000274658203,76.7370376586914
2014-05-12,118.06999969482422,76.54251861572266
2014-05-13,118.51000213623047,76.82774353027344
2014-05-14,119.0999984741211,77.21024322509766
2014-05-15,119.30999755859375,77.34637451171875
2014-05-16,119.16999816894531,77.25563049316406
2014-05-19,119.05999755859375,77.18429565429688
2014-05-20,119.05999755859375,77.18429565429688
2014-05-21,118.83999633789062,77.0417251586914
2014-05-22,118.80000305175781,77.01573181152344
2014-05-23,118.93000030517578,77.10005187988281
2014-05-27,119.3499984741211,77.37226104736328
2014-05-28,119.91999816894531,77.74185180664062
2014-05-29,119.56999969482422,77.51492309570312
2014-05-30,119.58999633789062,77.52789306640625
2014-06-02,118.58999633789062,77.09752655029297
2014-06-03,118.05000305175781,76.74645233154297
2014-06-04,117.98999786376953,76.70740509033203
2014-06-05,118.23999786376953,76.86997985839844
2014-06-06,118.48999786376953,77.0324935913086
2014-06-09,118.25,76.87643432617188
2014-06-10,118.02999877929688,76.73343658447266
2014-06-11,118.12000274658203,76.79196166992188
2014-06-12,118.5,77.03902435302734
2014-06-13,118.4800033569336,77.02598571777344
2014-06-16,118.47000122070312,77.01949310302734
2014-06-17,118.06999969482422,76.75948333740234
2014-06-18,118.75,77.20159912109375
2014-06-19,118.33000183105469,76.92850494384766
2014-06-20,118.55999755859375,77.0780258178711
2014-06-23,118.55000305175781,77.07154083251953
2014-06-24,119.05000305175781,77.39659118652344
2014-06-25,119.16999816894531,77.4745864868164
2014-06-26,119.38999938964844,77.61762237548828
2014-06-27,119.37000274658203,77.60466003417969
2014-06-30,119.26000213623047,77.5331039428711
2014-07-01,118.47000122070312,77.23319244384766
2014-07-02,118.05000305175781,76.9593734741211
2014-07-03,117.93000030517578,76.88117980957031
2014-07-07,118.13999938964844,77.01808166503906
2014-07-08,118.58000183105469,77.30496215820312
2014-07-09,118.7699966430664,77.42884826660156
2014-07-10,118.68000030517578,77.37013244628906
2014-07-11,119.05000305175781,77.61134338378906
2014-07-14,118.80000305175781,77.44835662841797
2014-07-15,118.66999816894531,77.36360168457031
2014-07-16,118.94999694824219,77.5461196899414
2014-07-17,119.4000015258789,77.83953094482422
2014-07-18,119.23999786376953,77.73522186279297
2014-07-21,119.23999786376953,77.73522186279297
2014-07-22,119.33000183105469,77.79388427734375
2014-07-23,119.47000122070312,77.8851547241211
2014-07-24,119.0,77.57875061035156
2014-07-25,119.45999908447266,77.87862396240234
2014-07-28,119.31999969482422,77.78736114501953
2014-07-29,119.43000030517578,77.85904693603516
2014-07-30,118.87999725341797,77.50051879882812
2014-07-31,118.55000305175781,77.28540802001953
2014-08-01,118.81999969482422,77.68353271484375
2014-08-04,118.8499984741211,77.70317840576172
2014-08-05,118.97000122070312,77.78160858154297
2014-08-06,118.76000213623047,77.64431762695312
2014-08-07,119.06999969482422,77.84699249267578
2014-08-08,119.04000091552734,77.82740020751953
2014-08-11,119.08999633789062,77.86006927490234
2014-08-12,119.02999877929688,77.82083892822266
2014-08-13,119.2699966430664,77.97773742675781
2014-08-14,119.4000015258789,78.06275939941406
2014-08-15,119.81999969482422,78.33733367919922
2014-08-18,119.55000305175781,78.16079711914062
2014-08-19,119.47000122070312,78.10853576660156
2014-08-20,119.19999694824219,77.93196105957031
2014-08-21,119.61000061035156,78.20002746582031
2014-08-22,119.76000213623047,78.2980728149414
2014-08-25,119.94999694824219,78.42232513427734
2014-08-26,120.02999877929688,78.47457885742188
2014-08-27,120.2300033569336,78.60533905029297
2014-08-28,120.48999786376953,78.77536010742188
2014-08-29,120.58000183105469,78.83421325683594
2014-09-02,119.66999816894531,78.459228515625
2014-09-03,119.83000183105469,78.5640640258789
2014-09-04,118.9800033569336,78.00679779052734
2014-09-05,119.0,78.01990509033203
2014-09-08,118.80000305175781,77.88878631591797
2014-09-09,118.4800033569336,77.67896270751953
2014-09-10,118.29000091552734,77.5544204711914
2014-09-11,118.19999694824219,77.49540710449219
2014-09-12,117.62999725341797,77.12168884277344
2014-09-15,117.66000366210938,77.14137268066406
2014-09-16,117.63999938964844,77.12825012207031
2014-09-17,117.31999969482422,76.91845703125
2014-09-18,117.52999877929688,77.05612182617188
2014-09-19,117.98999786376953,77.35772705078125
2014-09-22,118.0999984741211,77.42984008789062
2014-09-23,118.29000091552734,77.5544204711914
2014-09-24,118.01000213623047,77.37084197998047
2014-09-25,118.36000061035156,77.60029602050781
2014-09-26,118.0999984741211,77.42984008789062
2014-09-29,118.05000305175781,77.39705657958984
2014-09-30,118.22000122070312,77.50850677490234
2014-10-01,118.5999984741211,77.97859954833984
2014-10-02,118.58999633789062,77.97209167480469
2014-10-03,118.93000030517578,78.19560241699219
2014-10-06,118.98999786376953,78.2350845336914
2014-10-07,119.41999816894531,78.51777648925781
2014-10-08,120.02999877929688,78.91887664794922
2014-10-09,119.52999877929688,78.59010314941406
2014-10-10,119.62999725341797,78.65585327148438
2014-10-13,119.94000244140625,78.85963439941406
2014-10-14,120.20999908447266,79.03718566894531
2014-10-15,120.30000305175781,79.09636688232422
2014-10-16,120.02999877929688,78.91887664794922
2014-10-17,119.9800033569336,78.885986328125
2014-10-20,120.19999694824219,79.03060150146484
2014-10-21,120.12999725341797,78.98458099365234
2014-10-22,119.93000030517578,78.85311126708984
2014-10-23,119.69999694824219,78.70184326171875
2014-10-24,119.75,78.73475646972656
2014-10-27,119.9000015258789,78.83338928222656
2014-10-28,119.5,78.57038879394531
2014-10-29,119.27999877929688,78.42573547363281
2014-10-30,119.36000061035156,78.47834014892578
2014-10-31,119.33999633789062,78.46513366699219
2014-11-03,118.7699966430664,78.31021881103516
2014-11-04,118.94000244140625,78.42234802246094
2014-11-05,118.72000122070312,78.27729034423828
2014-11-06,118.36000061035156,78.03988647460938
2014-11-07,119.11000061035156,78.5344009399414
2014-11-10,118.51000213623047,78.13880157470703
2014-11-11,118.5,78.13218688964844
2014-11-12,118.48999786376953,78.12564849853516
2014-11-13,118.36000061035156,78.03988647460938
2014-11-14,118.51000213623047,78.13880157470703
2014-11-17,118.2300033569336,77.95418548583984
2014-11-18,118.33000183105469,78.0201416015625
2014-11-19,117.69999694824219,77.6047592163086
2014-11-20,118.1500015258789,77.90145111083984
2014-11-21,118.66000366210938,78.23770141601562
2014-11-24,118.8499984741211,78.36299133300781
2014-11-25,119.36000061035156,78.69925689697266
2014-11-26,119.7699966430664,78.96958923339844
2014-11-28,120.08999633789062,79.18050384521484
2014-12-01,119.33999633789062,78.9061279296875
2014-12-02,118.54000091552734,78.37723541259766
2014-12-03,118.66000366210938,78.45654296875
2014-12-04,118.8499984741211,78.58219909667969
2014-12-05,118.36000061035156,78.25820922851562
2014-12-08,118.91999816894531,78.6285171508789
2014-12-09,119.0199966430664,78.69456481933594
2014-12-10,118.9800033569336,78.66815948486328
2014-12-11,118.86000061035156,78.58879852294922
2014-12-12,119.05000305175781,78.71442413330078
2014-12-15,119.33000183105469,78.89957427978516
2014-12-16,119.29000091552734,78.87313079833984
2014-12-17,119.31999969482422,78.89292907714844
2014-12-18,119.44000244140625,78.97232818603516
2014-12-19,119.37999725341797,78.93260955810547
2014-12-22,119.76000213623047,79.18384552001953
2014-12-23,118.8499984741211,78.58219909667969
2014-12-24,118.91000366210938,78.83544158935547
2014-12-26,119.0,78.8951416015625
2014-12-29,119.2300033569336,79.047607421875
2014-12-30,119.33000183105469,79.1138916015625
2014-12-31,119.41000366210938,79.16697692871094
2015-01-02,119.83000183105469,79.44538116455078
2015-01-05,120.31999969482422,79.7702407836914
2015-01-06,120.80999755859375,80.09515380859375
2015-01-07,120.97000122070312,80.20121002197266
2015-01-08,120.58000183105469,79.9426040649414
2015-01-09,120.9000015258789,80.1548080444336
2015-01-12,121.12999725341797,80.30726623535156
2015-01-13,121.23999786376953,80.38018798828125
2015-01-14,121.44999694824219,80.51940155029297
2015-01-15,122.08000183105469,80.93714141845703
2015-01-16,121.4000015258789,80.48629760742188
2015-01-20,121.68000030517578,80.67189025878906
2015-01-21,121.62999725341797,80.63878631591797
2015-01-22,121.56999969482422,80.59896850585938
2015-01-23,122.27999877929688,81.06970977783203
2015-01-26,122.25,81.04981231689453
2015-01-27,122.33999633789062,81.10946655273438
2015-01-28,123.16999816894531,81.65973663330078
2015-01-29,122.87999725341797,81.4675064086914
2015-01-30,123.88999938964844,82.13710021972656
2015-02-02,123.66999816894531,82.21357727050781
2015-02-03,122.66999816894531,81.54878997802734
2015-02-04,122.83999633789062,81.66178894042969
2015-02-05,122.44999694824219,81.40255737304688
2015-02-06,121.16999816894531,80.55159759521484
2015-02-09,121.25,80.60478973388672
2015-02-10,120.91999816894531,80.38536834716797
2015-02-11,121.0,80.43856811523438
2015-02-12,121.30999755859375,80.64464569091797
2015-02-13,120.83000183105469,80.3255615234375
2015-02-17,120.2699966430664,79.95331573486328
2015-02-18,120.69999694824219,80.23918151855469
2015-02-19,120.68000030517578,80.22584533691406
2015-02-20,120.86000061035156,80.34552764892578
2015-02-23,121.2699966430664,80.61808776855469
2015-02-24,122.05999755859375,81.14325714111328
2015-02-25,122.16999816894531,81.2164077758789
2015-02-26,121.51000213623047,80.77763366699219
2015-02-27,121.80000305175781,80.97041320800781
2015-03-02,120.41999816894531,80.26854705810547
2015-03-03,120.3499984741211,80.22186279296875
2015-03-04,120.2699966430664,80.16858673095703
2015-03-05,120.43000030517578,80.27518463134766
2015-03-06,119.1500015258789,79.42203521728516
2015-03-09,119.62999725341797,79.74192810058594
2015-03-10,119.81999969482422,79.86859130859375
2015-03-11,120.43000030517578,80.27518463134766
2015-03-12,120.30999755859375,80.1951675415039
2015-03-13,119.97000122070312,79.96857452392578
2015-03-16,120.08999633789062,80.04859924316406
2015-03-17,120.29000091552734,80.18181610107422
2015-03-18,121.7699966430664,81.16836547851562
2015-03-19,121.1500015258789,80.75511169433594
2015-03-20,121.48999786376953,80.98175048828125
2015-03-23,121.7699966430664,81.16836547851562
2015-03-24,121.94999694824219,81.2883529663086
2015-03-25,121.55000305175781,81.02174377441406
2015-03-26,120.80000305175781,80.5218276977539
2015-03-27,121.27999877929688,80.84178924560547
2015-03-30,121.48999786376953,80.98175048828125
2015-03-31,121.70999908447266,81.12837219238281
2015-04-01,121.7300033569336,81.36165618896484
2015-04-02,121.52999877929688,81.22798156738281
2015-04-06,121.69000244140625,81.33489990234375
2015-04-07,122.12999725341797,81.6290283203125
2015-04-08,122.08999633789062,81.60227966308594
2015-04-09,121.47000122070312,81.18788146972656
2015-04-10,121.63999938964844,81.30146026611328
2015-04-13,121.5999984741211,81.27478790283203
2015-04-14,121.87999725341797,81.4619140625
2015-04-15,121.95999908447266,81.51537322998047
2015-04-16,121.88999938964844,81.46862030029297
2015-04-17,122.22000122070312,81.68916320800781
2015-04-20,121.93000030517578,81.495361328125
2015-04-21,121.9000015258789,81.47528839111328
2015-04-22,121.11000061035156,80.94725036621094
2015-04-23,121.41999816894531,81.15445709228516
2015-04-24,121.6500015258789,81.30818939208984
2015-04-27,121.55999755859375,81.2480239868164
2015-04-28,120.83999633789062,80.76678466796875
2015-04-29,119.83999633789062,80.0984115600586
2015-04-30,119.94000244140625,80.165283203125
2015-05-01,118.94999694824219,79.72288513183594
2015-05-04,118.56999969482422,79.46824645996094
2015-05-05,118.37000274658203,79.3342056274414
2015-05-06,117.86000061035156,78.99239349365234
2015-05-07,118.33000183105469,79.30738067626953
2015-05-08,119.01000213623047,79.76313781738281
2015-05-11,117.80999755859375,78.95887756347656
2015-05-12,117.63999938964844,78.84492492675781
2015-05-13,117.52999877929688,78.77119445800781
2015-05-14,117.93000030517578,79.03929138183594
2015-05-15,118.75,79.58885955810547
2015-05-18,117.83999633789062,78.97900390625
2015-05-19,117.20999908447266,78.55670166015625
2015-05-20,117.3499984741211,78.65058135986328
2015-05-21,117.91000366210938,79.02586364746094
2015-05-22,117.83000183105469,78.9722671508789
2015-05-26,118.3499984741211,79.32075500488281
2015-05-27,118.47000122070312,79.40120697021484
2015-05-28,118.22000122070312,79.23365020751953
2015-05-29,118.2699966430664,79.26717376708984
2015-06-01,117.27999877929688,78.82292938232422
2015-06-02,116.68000030517578,78.41966247558594
2015-06-03,115.93000030517578,77.91559600830078
2015-06-04,116.52999877929688,78.31884002685547
2015-06-05,115.94000244140625,77.92229461669922
2015-06-08,115.86000061035156,77.86854553222656
2015-06-09,115.33999633789062,77.51902770996094
2015-06-10,115.02999877929688,77.31069946289062
2015-06-11,116.05000305175781,77.99622344970703
2015-06-12,115.8499984741211,77.86185455322266
2015-06-15,115.83000183105469,77.8483657836914
2015-06-16,116.12000274658203,78.04330444335938
2015-06-17,116.11000061035156,78.03653717041016
2015-06-18,115.9000015258789,77.89540100097656
2015-06-19,116.5199966430664,78.31212615966797
2015-06-22,115.5999984741211,77.69375610351562
2015-06-23,115.33999633789062,77.51902770996094
2015-06-24,115.66000366210938,77.73410034179688
2015-06-25,115.47000122070312,77.60639190673828
2015-06-26,114.94000244140625,77.25021362304688
2015-06-29,115.94000244140625,77.92229461669922
2015-06-30,115.72000122070312,77.77447509765625
2015-07-01,115.0199966430664,77.52509307861328
2015-07-02,115.45999908447266,77.82161712646484
2015-07-06,115.91999816894531,78.13167572021484
2015-07-07,116.4000015258789,78.45516967773438
2015-07-08,116.55999755859375,78.56304168701172
2015-07-09,115.79000091552734,78.04401397705078
2015-07-10,115.05000305175781,77.54529571533203
2015-07-13,114.80000305175781,77.37674713134766
2015-07-14,114.9000015258789,77.4441909790039
2015-07-15,115.19999694824219,77.6463851928711
2015-07-16,115.37999725341797,77.76771545410156
2015-07-17,115.45999908447266,77.82161712646484
2015-07-20,115.19000244140625,77.63963317871094
2015-07-21,115.43000030517578,77.80142974853516
2015-07-22,115.58000183105469,77.9024887084961
2015-07-23,115.91999816894531,78.13167572021484
2015-07-24,115.87000274658203,78.09793853759766
2015-07-27,115.87999725341797,78.1047134399414
2015-07-28,115.79000091552734,78.04401397705078
2015-07-29,115.69000244140625,77.97665405273438
2015-07-30,115.75,78.0170669555664
2015-07-31,116.3499984741211,78.42150115966797
2015-08-03,116.29000091552734,78.6040267944336
2015-08-04,115.69999694824219,78.20512390136719
2015-08-05,115.25,77.90104675292969
2015-08-06,115.47000122070312,78.0497055053711
2015-08-07,115.87000274658203,78.320068359375
2015-08-10,115.41000366210938,78.0091552734375
2015-08-11,115.88999938964844,78.33362579345703
2015-08-12,115.70999908447266,78.21199035644531
2015-08-13,115.30999755859375,77.94159698486328
2015-08-14,115.41999816894531,78.0159683227539
2015-08-17,115.79000091552734,78.26600646972656
2015-08-18,115.3499984741211,77.96862030029297
2015-08-19,115.91000366210938,78.34716796875
2015-08-20,115.9800033569336,78.39443969726562
2015-08-21,116.01000213623047,78.41473388671875
2015-08-24,115.69000244140625,78.1984634399414
2015-08-25,115.0999984741211,77.79965209960938
2015-08-26,115.02999877929688,77.75230407714844
2015-08-27,115.13999938964844,77.82665252685547
2015-08-28,115.3499984741211,77.96862030029297
2015-08-31,115.05999755859375,77.77266693115234
2015-09-01,115.41999816894531,78.2437744140625
2015-09-02,115.25,78.12848663330078
2015-09-03,115.80000305175781,78.5013198852539
2015-09-04,116.05999755859375,78.67761993408203
2015-09-08,115.5199966430664,78.31156158447266
2015-09-09,115.7699966430664,78.48100280761719
2015-09-10,115.54000091552734,78.3250961303711
2015-09-11,115.62000274658203,78.37931060791016
2015-09-14,115.61000061035156,78.37255096435547
2015-09-15,114.73999786376953,77.78279113769531
2015-09-16,114.94999694824219,77.92510223388672
2015-09-17,115.9000015258789,78.56912231445312
2015-09-18,116.25,78.80640411376953
2015-09-21,115.66000366210938,78.40641021728516
2015-09-22,116.16000366210938,78.74540710449219
2015-09-23,116.08999633789062,78.69788360595703
2015-09-24,116.11000061035156,78.71147155761719
2015-09-25,115.76000213623047,78.4742202758789
2015-09-28,115.95999908447266,78.60981750488281
2015-09-29,116.11000061035156,78.71147155761719
2015-09-30,116.08999633789062,78.69788360595703
2015-10-01,115.7300033569336,78.68023681640625
2015-10-02,116.23999786376953,79.02700805664062
2015-10-05,115.93000030517578,78.81625366210938
2015-10-06,116.16000366210938,78.97261810302734
2015-10-07,116.56999969482422,79.25135040283203
2015-10-08,116.11000061035156,78.93858337402344
2015-10-09,116.16000366210938,78.97261810302734
2015-10-12,116.62999725341797,79.29212951660156
2015-10-13,116.54000091552734,79.23092651367188
2015-10-14,117.0,79.54365539550781
2015-10-15,116.94999694824219,79.50971984863281
2015-10-16,116.98999786376953,79.53687286376953
2015-10-19,116.9800033569336,79.53012084960938
2015-10-20,116.76000213623047,79.38050842285156
2015-10-21,117.33999633789062,79.77484130859375
2015-10-22,117.58999633789062,79.94482421875
2015-10-23,117.16000366210938,79.65247344970703
2015-10-26,117.37000274658203,79.79527282714844
2015-10-27,117.4000015258789,79.81564331054688
2015-10-28,116.94000244140625,79.50289154052734
2015-10-29,116.12000274658203,78.94540405273438
2015-10-30,116.41999816894531,79.14936828613281
2015-11-02,115.58999633789062,78.80916595458984
2015-11-03,115.5999984741211,78.81598663330078
2015-11-04,115.47000122070312,78.72734832763672
2015-11-05,115.5,78.7477798461914
2015-11-06,114.75,78.23643493652344
2015-11-09,114.55999755859375,78.1069107055664
2015-11-10,114.8499984741211,78.30459594726562
2015-11-11,114.83999633789062,78.29781341552734
2015-11-12,114.80000305175781,78.27056121826172
2015-11-13,115.13999938964844,78.50237274169922
2015-11-16,115.16000366210938,78.5159683227539
2015-11-17,115.27999877929688,78.59780883789062
2015-11-18,115.30999755859375,78.61824798583984
2015-11-19,115.6500015258789,78.85002899169922
2015-11-20,115.62999725341797,78.83646392822266
2015-11-23,115.66999816894531,78.86370086669922
2015-11-24,115.70999908447266,78.8909683227539
2015-11-25,115.81999969482422,78.96595001220703
2015-11-27,115.86000061035156,78.99321746826172
2015-11-30,115.91000366210938,79.0273208618164
2015-12-01,116.44999694824219,79.62149047851562
2015-12-02,116.16999816894531,79.43006896972656
2015-12-03,114.62999725341797,78.37711334228516
2015-12-04,115.25,78.80098724365234
2015-12-07,115.44999694824219,78.9377670288086
2015-12-08,115.30000305175781,78.8351821899414
2015-12-09,115.2699966430664,78.81468200683594
2015-12-10,115.0,78.63011169433594
2015-12-11,115.19999694824219,78.76683044433594
2015-12-14,114.3499984741211,78.1856689453125
2015-12-15,114.36000061035156,78.19248962402344
2015-12-16,114.33999633789062,78.17879486083984
2015-12-17,114.47000122070312,78.26769256591797
2015-12-18,114.47000122070312,78.26769256591797
2015-12-21,114.55000305175781,78.3223876953125
2015-12-22,114.4000015258789,78.21981048583984
2015-12-23,114.5,78.28819274902344
2015-12-24,114.55000305175781,78.54325866699219
2015-12-28,114.41000366210938,78.44729614257812
2015-12-29,113.81999969482422,78.04276275634766
2015-12-30,113.81999969482422,78.04276275634766
2015-12-31,114.01000213623047,78.17296600341797
2016-01-04,113.94999694824219,78.13184356689453
2016-01-05,114.01000213623047,78.17296600341797
2016-01-06,114.45999908447266,78.4815444946289
2016-01-07,114.55000305175781,78.54325866699219
2016-01-08,114.63999938964844,78.60496520996094
2016-01-11,114.2699966430664,78.35128784179688
2016-01-12,114.52999877929688,78.529541015625
2016-01-13,114.87999725341797,78.76954650878906
2016-01-14,114.30999755859375,78.37871551513672
2016-01-15,114.13999938964844,78.26212310791016
2016-01-19,113.62999725341797,77.9124755859375
2016-01-20,113.80000305175781,78.02904510498047
2016-01-21,113.47000122070312,77.80271911621094
2016-01-22,113.54000091552734,77.85075378417969
2016-01-25,113.41999816894531,77.76848602294922
2016-01-26,113.73999786376953,77.98787689208984
2016-01-27,113.43000030517578,77.77530670166016
2016-01-28,113.55999755859375,77.8644790649414
2016-01-29,114.1500015258789,78.26900482177734
2016-02-01,113.44999694824219,78.0193862915039
2016-02-02,113.66000366210938,78.16378784179688
2016-02-03,113.37999725341797,77.97124481201172
2016-02-04,113.43000030517578,78.00562286376953
2016-02-05,113.41000366210938,77.99185943603516
2016-02-08,114.0,78.3975830078125
2016-02-09,113.61000061035156,78.12940216064453
2016-02-10,113.75,78.22566986083984
2016-02-11,114.12999725341797,78.48699951171875
2016-02-12,113.48999786376953,78.04686737060547
2016-02-16,112.94999694824219,77.67549133300781
2016-02-17,112.91999816894531,77.65487670898438
2016-02-18,113.83999633789062,78.28759002685547
2016-02-19,113.76000213623047,78.2325668334961
2016-02-22,113.98999786376953,78.39070129394531
2016-02-23,114.22000122070312,78.54890441894531
2016-02-24,114.33000183105469,78.62454223632812
2016-02-25,114.97000122070312,79.06466674804688
2016-02-26,114.93000030517578,79.03715515136719
2016-02-29,115.01000213623047,79.0921630859375
2016-03-01,114.05000305175781,78.66110229492188
2016-03-02,114.27999877929688,78.81978607177734
2016-03-03,114.81999969482422,79.19222259521484
2016-03-04,114.80000305175781,79.17841339111328
2016-03-07,114.93000030517578,79.26806640625
2016-03-08,115.54000091552734,79.68875885009766
2016-03-09,115.41000366210938,79.59915161132812
2016-03-10,115.88999938964844,79.93020629882812
2016-03-11,116.22000122070312,80.1578140258789
2016-03-14,116.55999755859375,80.39228820800781
2016-03-15,116.5199966430664,80.36467742919922
2016-03-16,117.08000183105469,80.75092315673828
2016-03-17,117.44000244140625,80.99920654296875
2016-03-18,117.70999908447266,81.18545532226562
2016-03-21,117.56999969482422,81.08888244628906
2016-03-22,117.3499984741211,80.93716430664062
2016-03-23,117.94000244140625,81.34405517578125
2016-03-24,117.88999938964844,81.30962371826172
2016-03-28,117.95999908447266,81.3578872680664
2016-03-29,118.48999786376953,81.72341918945312
2016-03-30,118.3499984741211,81.62684631347656
2016-03-31,118.81999969482422,81.95095825195312
2016-04-01,118.87000274658203,82.21527862548828
2016-04-04,118.87999725341797,82.22209930419922
2016-04-05,119.26000213623047,82.48495483398438
2016-04-06,119.16000366210938,82.4157943725586
2016-04-07,119.4800033569336,82.63713836669922
2016-04-08,119.20999908447266,82.45040130615234
2016-04-11,119.19999694824219,82.44347381591797
2016-04-12,118.7300033569336,82.11841583251953
2016-04-13,119.13999938964844,82.4019775390625
2016-04-14,119.05999755859375,82.34667205810547
2016-04-15,119.55999755859375,82.69243621826172
2016-04-18,119.69000244140625,82.78236389160156
2016-04-19,119.91000366210938,82.93453979492188
2016-04-20,119.58000183105469,82.7062759399414
2016-04-21,119.52999877929688,82.67171478271484
2016-04-22,119.66000366210938,82.76165771484375
2016-04-25,119.37999725341797,82.56798553466797
2016-04-26,119.33000183105469,82.53336334228516
2016-04-27,120.08999633789062,83.05902862548828
2016-04-28,120.19999694824219,83.13511657714844
2016-04-29,120.33000183105469,83.22501373291016
2016-05-02,119.8499984741211,83.11754608154297
2016-05-03,120.05999755859375,83.2631607055664
2016-05-04,119.86000061035156,83.12446594238281
2016-05-05,120.0999984741211,83.29090118408203
2016-05-06,119.83999633789062,83.1105728149414
2016-05-09,119.72000122070312,83.02734375
2016-05-10,119.91999816894531,83.16606903076172
2016-05-11,120.05000305175781,83.25621032714844
2016-05-12,119.80000305175781,83.0828628540039
2016-05-13,120.0199966430664,83.23540496826172
2016-05-16,119.62000274658203,82.95803833007812
2016-05-17,119.58000183105469,82.93029022216797
2016-05-18,118.55999755859375,82.22288513183594
2016-05-19,118.83999633789062,82.4170913696289
2016-05-20,118.91999816894531,82.47257995605469
2016-05-23,118.91999816894531,82.47257995605469
2016-05-24,118.72000122070312,82.33382415771484
2016-05-25,118.93000030517578,82.47946166992188
2016-05-26,119.2699966430664,82.71527099609375
2016-05-27,119.18000030517578,82.6528549194336
2016-05-31,119.38999938964844,82.79852294921875
2016-06-01,119.13999938964844,82.85690307617188
2016-06-02,119.37999725341797,83.02384185791016
2016-06-03,120.33999633789062,83.69147491455078
2016-06-06,120.05000305175781,83.48978424072266
2016-06-07,120.2300033569336,83.61495971679688
2016-06-08,120.62999725341797,83.89314270019531
2016-06-09,120.80000305175781,84.01139831542969
2016-06-10,120.94000244140625,84.10872650146484
2016-06-13,120.76000213623047,83.98358917236328
2016-06-14,120.48999786376953,83.79576873779297
2016-06-15,120.94000244140625,84.10872650146484
2016-06-16,121.12000274658203,84.23391723632812
2016-06-17,120.76000213623047,83.98358917236328
2016-06-20,120.61000061035156,83.87924194335938
2016-06-21,120.5,83.80276489257812
2016-06-22,120.72000122070312,83.95571899414062
2016-06-23,120.5999984741211,83.87229919433594
2016-06-24,121.16999816894531,84.26873016357422
2016-06-27,121.68000030517578,84.62335968017578
2016-06-28,122.3499984741211,85.08937072753906
2016-06-29,122.30999755859375,85.06156921386719
2016-06-30,122.73999786376953,85.3605728149414
2016-07-01,123.05000305175781,85.80756378173828
2016-07-05,123.47000122070312,86.10044860839844
2016-07-06,123.69000244140625,86.25385284423828
2016-07-07,123.70999908447266,86.26781463623047
2016-07-08,124.4000015258789,86.74899291992188
2016-07-11,124.08000183105469,86.52587127685547
2016-07-12,123.37999725341797,86.03765869140625
2016-07-13,123.86000061035156,86.37242889404297
2016-07-14,123.55999755859375,86.1632080078125
2016-07-15,123.08999633789062,85.83541870117188
2016-07-18,123.08999633789062,85.83541870117188
2016-07-19,123.30999755859375,85.9888687133789
2016-07-20,123.2699966430664,85.96096801757812
2016-07-21,123.41000366210938,86.05860900878906
2016-07-22,123.33999633789062,86.00977325439453
2016-07-25,123.2699966430664,85.96096801757812
2016-07-26,123.1500015258789,85.87728881835938
2016-07-27,123.66000366210938,86.23296356201172
2016-07-28,123.54000091552734,86.14925384521484
2016-07-29,123.98999786376953,86.46308135986328
2016-08-01,122.97000122070312,85.9757308959961
2016-08-02,122.27999877929688,85.49332427978516
2016-08-03,122.44000244140625,85.60517120361328
2016-08-04,122.95999908447266,85.9687728881836
2016-08-05,122.45999908447266,85.61917114257812
2016-08-08,122.54000091552734,85.67511749267578
2016-08-09,123.26000213623047,86.17850494384766
2016-08-10,123.61000061035156,86.42323303222656
2016-08-11,123.19999694824219,86.1365737915039
2016-08-12,123.76000213623047,86.528076171875
2016-08-15,123.37999725341797,86.26243591308594
2016-08-16,123.16000366210938,86.10857391357422
2016-08-17,123.5,86.34632110595703
2016-08-18,123.80000305175781,86.55606079101562
2016-08-19,123.43000030517578,86.29737091064453
2016-08-22,123.8499984741211,86.59098815917969
2016-08-23,123.98999786376953,86.68885803222656
2016-08-24,123.91000366210938,86.63302612304688
2016-08-25,123.79000091552734,86.549072265625
2016-08-26,123.4000015258789,86.27641296386719
2016-08-29,124.0999984741211,86.76580810546875
2016-08-30,123.94000244140625,86.65390014648438
2016-08-31,123.88999938964844,86.61896514892578
2016-09-01,123.56999969482422,86.61895751953125
2016-09-02,123.3499984741211,86.46473693847656
2016-09-06,123.77999877929688,86.76619720458984
2016-09-07,123.61000061035156,86.64702606201172
2016-09-08,122.73999786376953,86.03714752197266
2016-09-09,121.81999969482422,85.39225006103516
2016-09-12,121.83000183105469,85.39928436279297
2016-09-13,121.43000030517578,85.1189193725586
2016-09-14,121.51000213623047,85.17500305175781
2016-09-15,121.58999633789062,85.2310791015625
2016-09-16,121.7300033569336,85.3292007446289
2016-09-19,121.69000244140625,85.3011703491211
2016-09-20,121.8499984741211,85.41329193115234
2016-09-21,122.47000122070312,85.84790802001953
2016-09-22,122.97000122070312,86.19837951660156
2016-09-23,122.87999725341797,86.13529205322266
2016-09-26,123.06999969482422,86.26848602294922
2016-09-27,123.37000274658203,86.47880554199219
2016-09-28,123.44999694824219,86.53482055664062
2016-09-29,123.4000015258789,86.49982452392578
2016-09-30,123.18000030517578,86.34558868408203
2016-10-03,122.51000213623047,86.10103607177734
2016-10-04,121.94000244140625,85.70038604736328
2016-10-05,121.80999755859375,85.60903930664062
2016-10-06,121.81999969482422,85.61609649658203
2016-10-07,122.11000061035156,85.81991577148438
2016-10-10,122.11000061035156,85.81991577148438
2016-10-11,121.7300033569336,85.55281829833984
2016-10-12,121.88999938964844,85.66527557373047
2016-10-13,122.19000244140625,85.87616729736328
2016-10-14,121.62000274658203,85.47553253173828
2016-10-17,122.0199966430664,85.75662994384766
2016-10-18,122.31999969482422,85.96749877929688
2016-10-19,122.4800033569336,86.07992553710938
2016-10-20,122.44000244140625,86.05184173583984
2016-10-21,122.51000213623047,86.10103607177734
2016-10-24,122.16000366210938,85.85503387451172
2016-10-25,122.06999969482422,85.79178619384766
2016-10-26,121.55999755859375,85.43335723876953
2016-10-27,121.01000213623047,85.04681396484375
2016-10-28,120.87000274658203,84.94844055175781
2016-10-31,120.9800033569336,85.02571105957031
2016-11-01,120.51000213623047,84.91862487792969
2016-11-02,120.69000244140625,85.04547119140625
2016-11-03,120.44999694824219,84.87635040283203
2016-11-04,120.80999755859375,85.13002014160156
2016-11-07,120.7300033569336,85.0736312866211
2016-11-08,120.45999908447266,84.88338470458984
2016-11-09,118.69000244140625,83.63612365722656
2016-11-10,118.58999633789062,83.565673828125
2016-11-11,118.08000183105469,83.20629119873047
2016-11-14,117.47000122070312,82.77644348144531
2016-11-15,117.83000183105469,83.03011322021484
2016-11-16,118.0,83.14995574951172
2016-11-17,117.25,82.6214370727539
2016-11-18,116.58999633789062,82.15634155273438
2016-11-21,116.70999908447266,82.24091339111328
2016-11-22,117.01000213623047,82.45231628417969
2016-11-23,116.58000183105469,82.1493148803711
2016-11-25,116.58999633789062,82.15634155273438
2016-11-28,117.12000274658203,82.52982330322266
2016-11-29,117.27999877929688,82.64251708984375
2016-11-30,116.83999633789062,82.33251190185547
2016-12-01,115.87000274658203,81.87113952636719
2016-12-02,116.4000015258789,82.24559783935547
2016-12-05,116.6500015258789,82.4222640991211
2016-12-06,116.63999938964844,82.41516876220703
2016-12-07,117.12999725341797,82.76140594482422
2016-12-08,116.6500015258789,82.4222640991211
2016-12-09,116.19999694824219,82.10429382324219
2016-12-12,116.08999633789062,82.02655792236328
2016-12-13,116.3499984741211,82.21025848388672
2016-12-14,115.61000061035156,81.6873779296875
2016-12-15,115.69000244140625,81.74394989013672
2016-12-16,115.5999984741211,81.68034362792969
2016-12-19,116.16000366210938,82.07603454589844
2016-12-20,116.08999633789062,82.02655792236328
2016-12-21,116.45999908447266,82.28800201416016
2016-12-22,116.1500015258789,82.29364013671875
2016-12-23,116.33000183105469,82.42120361328125
2016-12-27,116.12000274658203,82.27243041992188
2016-12-28,116.55000305175781,82.57707214355469
2016-12-29,117.0,82.89591217041016
2016-12-30,117.18000030517578,83.02342224121094
2017-01-03,117.27999877929688,83.09424591064453
2017-01-04,117.68000030517578,83.3777084350586
2017-01-05,118.30999755859375,83.82405853271484
2017-01-06,117.69000244140625,83.38478088378906
2017-01-09,117.91999816894531,83.54772186279297
2017-01-10,117.8499984741211,83.49812316894531
2017-01-11,118.02999877929688,83.62565612792969
2017-01-12,118.0199966430664,83.61859893798828
2017-01-13,117.77999877929688,83.44851684570312
2017-01-17,118.29000091552734,83.80990600585938
2017-01-18,117.51000213623047,83.2572250366211
2017-01-19,117.11000061035156,82.9738540649414
2017-01-20,117.31999969482422,83.12261962890625
2017-01-23,117.86000061035156,83.50521850585938
2017-01-24,117.51000213623047,83.2572250366211
2017-01-25,117.05999755859375,82.93840789794922
2017-01-26,117.19999694824219,83.03758239746094
2017-01-27,117.33999633789062,83.13677978515625
2017-01-30,117.13999938964844,82.9951400756836
2017-01-31,117.3499984741211,83.14383697509766
2017-02-01,116.88999938964844,83.04158782958984
2017-02-02,116.91999816894531,83.06287384033203
2017-02-03,117.05000305175781,83.15524291992188
2017-02-06,117.41999816894531,83.41812133789062
2017-02-07,117.62000274658203,83.5601806640625
2017-02-08,118.02999877929688,83.85145568847656
2017-02-09,117.55999755859375,83.5175552368164
2017-02-10,117.52999877929688,83.4962387084961
2017-02-13,117.4800033569336,83.46072387695312
2017-02-14,117.19999694824219,83.26179504394531
2017-02-15,117.11000061035156,83.1978530883789
2017-02-16,117.44000244140625,83.43234252929688
2017-02-17,117.73999786376953,83.64544677734375
2017-02-21,117.79000091552734,83.68095397949219
2017-02-22,117.87999725341797,83.74490356445312
2017-02-23,118.18000030517578,83.95803833007812
2017-02-24,118.77999877929688,84.3843002319336
2017-02-27,118.5,84.18535614013672
2017-02-28,118.58000183105469,84.24223327636719
2017-03-01,117.55999755859375,83.7442398071289
2017-03-02,117.37999725341797,83.61602783203125
2017-03-03,117.5,83.70152282714844
2017-03-06,117.29000091552734,83.55192565917969
2017-03-07,116.70999908447266,83.13878631591797
2017-03-08,116.3499984741211,82.88231658935547
2017-03-09,115.72000122070312,82.43353271484375
2017-03-10,116.01000213623047,82.64012145996094
2017-03-13,115.62000274658203,82.3623046875
2017-03-14,115.72000122070312,82.43353271484375
2017-03-15,116.72000122070312,83.1458969116211
2017-03-16,116.55000305175781,83.02481079101562
2017-03-17,116.81999969482422,83.21710205078125
2017-03-20,117.08999633789062,83.4094467163086
2017-03-21,117.37999725341797,83.61602783203125
2017-03-22,117.68000030517578,83.82975769042969
2017-03-23,117.5999984741211,83.77276611328125
2017-03-24,117.72000122070312,83.85822296142578
2017-03-27,117.97000122070312,84.0363540649414
2017-03-28,117.72000122070312,83.85822296142578
2017-03-29,118.0999984741211,84.12892150878906
2017-03-30,117.79000091552734,83.90806579589844
2017-03-31,117.91000366210938,83.99362182617188
2017-04-03,118.12000274658203,84.37071228027344
2017-04-04,117.80999755859375,84.14927673339844
2017-04-05,117.95999908447266,84.25643157958984
2017-04-06,118.06999969482422,84.33503723144531
2017-04-07,117.77999877929688,84.12786102294922
2017-04-10,118.0,84.28504180908203
2017-04-11,118.55000305175781,84.67787170410156
2017-04-12,118.94000244140625,84.95645141601562
2017-04-13,119.13999938964844,85.09930419921875
2017-04-17,118.91000366210938,84.93500518798828
2017-04-18,119.61000061035156,85.43502044677734
2017-04-19,119.25,85.17786407470703
2017-04-20,119.08000183105469,85.05641174316406
2017-04-21,119.08000183105469,85.05641174316406
2017-04-24,118.91999816894531,84.94215393066406
2017-04-25,118.44999694824219,84.60645294189453
2017-04-26,118.73999786376953,84.81354522705078
2017-04-27,118.8499984741211,84.89213562011719
2017-04-28,118.98999786376953,84.99212646484375
2017-05-01,118.30000305175781,84.72860717773438
2017-05-02,118.6500015258789,84.97925567626953
2017-05-03,118.58999633789062,84.93629455566406
2017-05-04,118.36000061035156,84.77154541015625
2017-05-05,118.4000015258789,84.80023193359375
2017-05-08,118.19000244140625,84.64981842041016
2017-05-09,118.20999908447266,84.66409301757812
2017-05-10,118.37000274658203,84.77871704101562
2017-05-11,118.43000030517578,84.82169342041016
2017-05-12,119.02999877929688,85.25140380859375
2017-05-15,119.0199966430664,85.24423217773438
2017-05-16,119.19000244140625,85.36602783203125
2017-05-17,119.91999816894531,85.88885498046875
2017-05-18,119.9000015258789,85.87451171875
2017-05-19,119.97000122070312,85.92466735839844
2017-05-22,119.87000274658203,85.85304260253906
2017-05-23,119.5,85.58805084228516
2017-05-24,119.69000244140625,85.72415161132812
2017-05-25,119.73999786376953,85.75991821289062
2017-05-26,119.83000183105469,85.82440185546875
2017-05-30,120.11000061035156,86.02494812011719
2017-05-31,120.25,86.12520599365234
2017-06-01,119.95999908447266,86.14390563964844
2017-06-02,120.5199966430664,86.54603576660156
2017-06-05,120.18000030517578,86.30186462402344
2017-06-06,120.52999877929688,86.55321502685547
2017-06-07,120.37999725341797,86.44548797607422
2017-06-08,120.16999816894531,86.2947006225586
2017-06-09,120.05000305175781,86.20850372314453
2017-06-12,120.08000183105469,86.23003387451172
2017-06-13,120.20999908447266,86.32339477539062
2017-06-14,121.02999877929688,86.91226959228516
2017-06-15,120.73999786376953,86.7040023803711
2017-06-16,120.83999633789062,86.77581024169922
2017-06-19,120.69000244140625,86.66809844970703
2017-06-20,120.95999908447266,86.86197662353516
2017-06-21,121.0199966430664,86.90510559082031
2017-06-22,121.12000274658203,86.97688293457031
2017-06-23,121.18000030517578,87.01997375488281
2017-06-26,121.4000015258789,87.17794036865234
2017-06-27,120.8499984741211,86.78302764892578
2017-06-28,120.9800033569336,86.87638854980469
2017-06-29,120.61000061035156,86.61061096191406
2017-06-30,120.51000213623047,86.53885650634766
2017-07-03,119.93000030517578,86.35164642333984
2017-07-05,120.12999725341797,86.4956283569336
2017-07-06,119.81999969482422,86.27239990234375
2017-07-07,119.72000122070312,86.20045471191406
2017-07-10,119.91999816894531,86.34443664550781
2017-07-11,119.97000122070312,86.38043212890625
2017-07-12,120.5,86.76203918457031
2017-07-13,120.29000091552734,86.61083221435547
2017-07-14,120.56999969482422,86.8124771118164
2017-07-17,120.68000030517578,86.89164733886719
2017-07-18,121.19999694824219,87.26605987548828
2017-07-19,121.16000366210938,87.23725128173828
2017-07-20,121.2699966430664,87.31648254394531
2017-07-21,121.55000305175781,87.51806640625
2017-07-24,121.41000366210938,87.41727447509766
2017-07-25,120.69000244140625,86.89881896972656
2017-07-26,121.08999633789062,87.18687438964844
2017-07-27,120.79000091552734,86.9708251953125
2017-07-28,121.11000061035156,87.20124816894531
2017-07-31,121.11000061035156,87.20124816894531
2017-08-01,121.2300033569336,87.51746368408203
2017-08-02,121.04000091552734,87.38032531738281
2017-08-03,121.20999908447266,87.50300598144531
2017-08-04,120.73999786376953,87.16373443603516
2017-08-07,120.7699966430664,87.18534851074219
2017-08-08,120.19000244140625,86.76665496826172
2017-08-09,120.30999755859375,86.85330963134766
2017-08-10,120.2699966430664,86.82439422607422
2017-08-11,120.48999786376953,86.98324584960938
2017-08-14,120.41000366210938,86.92548370361328
2017-08-15,120.2699966430664,86.82439422607422
2017-08-16,120.61000061035156,87.06985473632812
2017-08-17,120.7300033569336,87.156494140625
2017-08-18,120.6500015258789,87.09878540039062
2017-08-21,120.81999969482422,87.22144317626953
2017-08-22,120.69999694824219,87.13481903076172
2017-08-23,121.16000366210938,87.46691131591797
2017-08-24,120.93000030517578,87.3008804321289
2017-08-25,121.20999908447266,87.50300598144531
2017-08-28,121.20999908447266,87.50300598144531
2017-08-29,121.30000305175781,87.56795501708984
2017-08-30,121.4000015258789,87.64019012451172
2017-08-31,121.61000061035156,87.79178619384766
2017-09-01,120.80999755859375,87.44434356689453
2017-09-05,121.55999755859375,87.9872055053711
2017-09-06,121.12999725341797,87.67595672607422
2017-09-07,121.5999984741211,88.01615142822266
2017-09-08,121.23999786376953,87.75553131103516
2017-09-11,120.87000274658203,87.48780822753906
2017-09-12,120.73999786376953,87.39369201660156
2017-09-13,120.62000274658203,87.30685424804688
2017-09-14,120.91999816894531,87.5239486694336
2017-09-15,121.0199966430664,87.59635925292969
2017-09-18,120.9000015258789,87.50946807861328
2017-09-19,120.97000122070312,87.56016540527344
2017-09-20,120.81999969482422,87.45152282714844
2017-09-21,120.81999969482422,87.45152282714844
2017-09-22,120.9800033569336,87.5674057006836
2017-09-25,121.43000030517578,87.89312744140625
2017-09-26,121.41000366210938,87.87863159179688
2017-09-27,120.94000244140625,87.5384292602539
2017-09-28,121.12000274658203,87.668701171875
2017-09-29,121.2300033569336,87.74837493896484
2017-10-02,121.0199966430664,87.83039855957031
2017-10-03,121.29000091552734,88.02628326416016
2017-10-04,121.22000122070312,87.9754867553711
2017-10-05,121.05000305175781,87.85213470458984
2017-10-06,120.94999694824219,87.7795181274414
2017-10-09,121.05000305175781,87.85213470458984
2017-10-10,121.12999725341797,87.9101791381836
2017-10-11,121.06999969482422,87.86663818359375
2017-10-12,121.0999984741211,87.88844299316406
2017-10-13,121.58000183105469,88.23680114746094
2017-10-16,121.41000366210938,88.11341857910156
2017-10-17,121.38999938964844,88.09886169433594
2017-10-18,121.20999908447266,87.96826171875
2017-10-19,121.38999938964844,88.09886169433594
2017-10-20,121.05999755859375,87.859375
2017-10-23,121.18000030517578,87.94645690917969
2017-10-24,120.87999725341797,87.7287368774414
2017-10-25,120.55999755859375,87.49651336669922
2017-10-26,120.55000305175781,87.48924255371094
2017-10-27,120.91000366210938,87.75051879882812
2017-10-30,121.30999755859375,88.04082489013672
2017-10-31,121.13999938964844,87.91744995117188
2017-11-01,121.01000213623047,88.05642700195312
2017-11-02,120.98999786376953,88.0418701171875
2017-11-03,121.12999725341797,88.14374542236328
2017-11-06,121.16000366210938,88.16555786132812
2017-11-07,121.05999755859375,88.09281158447266
2017-11-08,120.9000015258789,87.9764175415039
2017-11-09,120.58000183105469,87.7435302734375
2017-11-10,119.88999938964844,87.24142456054688
2017-11-13,119.91000366210938,87.2560043334961
2017-11-14,119.94000244140625,87.27781677246094
2017-11-15,120.44999694824219,87.64891052246094
2017-11-16,120.30999755859375,87.54703521728516
2017-11-17,120.45999908447266,87.65625
2017-11-20,120.45999908447266,87.65625
2017-11-21,120.86000061035156,87.9472885131836
2017-11-22,121.33000183105469,88.28929138183594
2017-11-24,121.19000244140625,88.1874008178711
2017-11-27,121.12000274658203,88.1364974975586
2017-11-28,121.29000091552734,88.26016235351562
2017-11-29,120.80999755859375,87.91089630126953
2017-11-30,120.66999816894531,87.80899047851562
2017-12-01,120.72000122070312,88.08045959472656
2017-12-04,120.91000366210938,88.21907043457031
2017-12-05,121.13999938964844,88.38689422607422
2017-12-06,121.37000274658203,88.55467224121094
2017-12-07,121.12999725341797,88.37958526611328
2017-12-08,120.9800033569336,88.27012634277344
2017-12-11,121.06999969482422,88.33580780029297
2017-12-12,120.9800033569336,88.27012634277344
2017-12-13,121.4000015258789,88.57656860351562
2017-12-14,121.62000274658203,88.73711395263672
2017-12-15,121.79000091552734,88.86115264892578
2017-12-18,121.43000030517578,88.59850311279297
2017-12-19,120.80999755859375,88.14611053466797
2017-12-20,120.48999786376953,87.91265106201172
2017-12-21,120.55999755859375,88.14952087402344
2017-12-22,120.6500015258789,88.21532440185547
2017-12-26,120.80999755859375,88.33230590820312
2017-12-27,121.4800033569336,88.82220458984375
2017-12-28,121.4000015258789,88.76370239257812
2017-12-29,121.55999755859375,88.8807144165039
2018-01-02,120.75,88.28846740722656
2018-01-03,120.97000122070312,88.44933319091797
2018-01-04,120.93000030517578,88.4200668334961
2018-01-05,120.88999938964844,88.39079284667969
2018-01-08,120.87999725341797,88.38347625732422
2018-01-09,120.44000244140625,88.061767578125
2018-01-10,120.5199966430664,88.12029266357422
2018-01-11,120.80999755859375,88.33230590820312
2018-01-12,120.83000183105469,88.34698486328125
2018-01-16,120.94000244140625,88.42736053466797
2018-01-17,120.61000061035156,88.18608856201172
2018-01-18,120.13999938964844,87.8424301147461
2018-01-19,119.7699966430664,87.57192993164062
2018-01-22,119.66000366210938,87.49147033691406
2018-01-23,120.18000030517578,87.87171173095703
2018-01-24,120.0999984741211,87.81316375732422
2018-01-25,120.70999908447266,88.25919342041016
2018-01-26,120.55000305175781,88.1422119140625
2018-01-29,120.2300033569336,87.90826416015625
2018-01-30,119.81999969482422,87.60843658447266
2018-01-31,120.06999969482422,87.79126739501953
2018-02-01,119.22000122070312,87.40343475341797
2018-02-02,118.61000061035156,86.95621490478516
2018-02-05,118.68000030517578,87.00749206542969
2018-02-06,118.44000244140625,86.83158874511719
2018-02-07,118.11000061035156,86.58965301513672
2018-02-08,117.5999984741211,86.21577453613281
2018-02-09,117.22000122070312,85.9371566772461
2018-02-12,117.22000122070312,85.9371566772461
2018-02-13,117.18000030517578,85.90787506103516
2018-02-14,116.75,85.59260559082031
2018-02-15,117.30000305175781,85.99585723876953
2018-02-16,117.6500015258789,86.2524185180664
2018-02-20,117.1500015258789,85.88583374023438
2018-02-21,116.51000213623047,85.41670227050781
2018-02-22,116.66999816894531,85.53394317626953
2018-02-23,117.20999908447266,85.92986297607422
2018-02-26,117.36000061035156,86.03977966308594
2018-02-27,116.8499984741211,85.66588592529297
2018-02-28,117.06999969482422,85.82721710205078
2018-03-01,116.62000274658203,85.73898315429688
2018-03-02,116.25,85.46697998046875
2018-03-05,116.20999908447266,85.4375228881836
2018-03-06,116.30999755859375,85.51107788085938
2018-03-07,116.2699966430664,85.48165130615234
2018-03-08,116.5,85.65074157714844
2018-03-09,116.08999633789062,85.34929656982422
2018-03-12,116.23999786376953,85.45958709716797
2018-03-13,116.25,85.46697998046875
2018-03-14,116.51000213623047,85.65814971923828
2018-03-15,116.62999725341797,85.74628448486328
2018-03-16,116.76000213623047,85.84193420410156
2018-03-19,116.37000274658203,85.55517578125
2018-03-20,115.95999908447266,85.2537612915039
2018-03-21,115.88999938964844,85.2022476196289
2018-03-22,116.08999633789062,85.34929656982422
2018-03-23,115.72000122070312,85.07730102539062
2018-03-26,116.12999725341797,85.37873077392578
2018-03-27,116.55000305175781,85.68753814697266
2018-03-28,116.86000061035156,85.91545104980469
2018-03-29,117.38999938964844,86.30513000488281
2018-04-02,116.98999786376953,86.25863647460938
2018-04-03,116.68000030517578,86.03009033203125
2018-04-04,116.68000030517578,86.03009033203125
2018-04-05,116.72000122070312,86.0595703125
2018-04-06,117.06999969482422,86.31761932373047
2018-04-09,117.12999725341797,86.36188507080078
2018-04-10,117.16000366210938,86.38397216796875
2018-04-11,117.23999786376953,86.44296264648438
2018-04-12,116.91999816894531,86.20706939697266
2018-04-13,116.95999908447266,86.23651885986328
2018-04-16,116.97000122070312,86.24390411376953
2018-04-17,116.9800033569336,86.25127410888672
2018-04-18,116.37999725341797,85.80886840820312
2018-04-19,115.94000244140625,85.48444366455078
2018-04-20,115.47000122070312,85.13790893554688
2018-04-23,115.41999816894531,85.1010513305664
2018-04-24,115.08000183105469,84.85035705566406
2018-04-25,114.72000122070312,84.5849609375
2018-04-26,115.05999755859375,84.8355941772461
2018-04-27,115.31999969482422,85.02731323242188
2018-04-30,115.22000122070312,84.95357513427734
2018-05-01,114.58000183105469,84.7236328125
2018-05-02,114.48999786376953,84.65705108642578
2018-05-03,114.51000213623047,84.67185974121094
2018-05-04,114.66999816894531,84.79021453857422
2018-05-07,114.54000091552734,84.69407653808594
2018-05-08,114.5,84.66448974609375
2018-05-09,114.4800033569336,84.64968872070312
2018-05-10,115.05999755859375,85.07853698730469
2018-05-11,115.26000213623047,85.22644805908203
2018-05-14,115.05000305175781,85.0711669921875
2018-05-15,114.18000030517578,84.4278335571289
2018-05-16,114.02999877929688,84.31694030761719
2018-05-17,113.80999755859375,84.1542739868164
2018-05-18,114.27999877929688,84.5018081665039
2018-05-21,114.3499984741211,84.55354309082031
2018-05-22,114.2300033569336,84.4648208618164
2018-05-23,114.72000122070312,84.82715606689453
2018-05-24,115.04000091552734,85.06373596191406
2018-05-25,115.37999725341797,85.31517028808594
2018-05-29,115.98999786376953,85.76619720458984
2018-05-30,115.54000091552734,85.43347930908203
2018-05-31,115.48999786376953,85.39649963378906
2018-06-01,114.91000366210938,85.23258209228516
2018-06-04,114.6500015258789,85.03973388671875
2018-06-05,114.7300033569336,85.09910583496094
2018-06-06,114.30999755859375,84.78752136230469
2018-06-07,114.69000244140625,85.06940460205078
2018-06-08,114.5,84.92851257324219
2018-06-11,114.38999938964844,84.84688568115234
2018-06-12,114.4000015258789,84.8542709350586
2018-06-13,114.29000091552734,84.772705078125
2018-06-14,114.80999755859375,85.15843963623047
2018-06-15,114.6500015258789,85.03973388671875
2018-06-18,114.52999877929688,84.95072174072266
2018-06-19,114.58999633789062,84.9952621459961
2018-06-20,113.94999694824219,84.52054595947266
2018-06-21,113.86000061035156,84.45375061035156
2018-06-22,114.0,84.5575942993164
2018-06-25,113.88999938964844,84.47599029541016
2018-06-26,114.2699966430664,84.7578353881836
2018-06-27,114.66000366210938,85.04715728759766
2018-06-28,114.51000213623047,84.93588256835938
2018-06-29,114.56999969482422,84.98038482666016
2018-07-02,114.23999786376953,84.99158477783203
2018-07-03,114.66000366210938,85.30403900146484
2018-07-05,115.0199966430664,85.57183074951172
2018-07-06,115.18000030517578,85.69087982177734
2018-07-09,115.26000213623047,85.75040435791016
2018-07-10,115.12999725341797,85.6537094116211
2018-07-11,115.36000061035156,85.82482147216797
2018-07-12,115.61000061035156,86.01075744628906
2018-07-13,115.69999694824219,86.0777816772461
2018-07-16,115.51000213623047,85.93637084960938
2018-07-17,115.43000030517578,85.87686157226562
2018-07-18,115.41000366210938,85.86202239990234
2018-07-19,115.58999633789062,85.99595642089844
2018-07-20,115.25,85.74295806884766
2018-07-23,114.79000091552734,85.40076446533203
2018-07-24,115.1500015258789,85.66854858398438
2018-07-25,115.30000305175781,85.78015899658203
2018-07-26,115.41000366210938,85.86202239990234
2018-07-27,115.55999755859375,85.97357940673828
2018-07-30,115.4000015258789,85.85456085205078
2018-07-31,115.76000213623047,86.12239837646484
2018-08-01,115.01000213623047,85.81871032714844
2018-08-02,115.1500015258789,85.92314910888672
2018-08-03,115.51000213623047,86.1917953491211
2018-08-06,115.62000274658203,86.27389526367188
2018-08-07,115.26000213623047,86.0052490234375
2018-08-08,115.08000183105469,85.87091827392578
2018-08-09,115.16999816894531,85.9380874633789
2018-08-10,115.36000061035156,86.07991027832031
2018-08-13,115.33000183105469,86.05751037597656
2018-08-14,115.4800033569336,86.16944122314453
2018-08-15,115.72000122070312,86.34847259521484
2018-08-16,115.87000274658203,86.46039581298828
2018-08-17,115.97000122070312,86.53504180908203
2018-08-20,116.2699966430664,86.7589111328125
2018-08-21,115.9800033569336,86.54248046875
2018-08-22,115.97000122070312,86.53504180908203
2018-08-23,116.01000213623047,86.56488800048828
2018-08-24,116.23999786376953,86.73646545410156
2018-08-27,116.05999755859375,86.60220336914062
2018-08-28,115.62000274658203,86.27389526367188
2018-08-29,115.5,86.184326171875
2018-08-30,115.61000061035156,86.266357421875
2018-08-31,115.44000244140625,86.13957214355469
2018-09-04,114.87999725341797,85.98086547851562
2018-09-05,114.80999755859375,85.92850494384766
2018-09-06,115.12999725341797,86.16803741455078
2018-09-07,114.6500015258789,85.80873107910156
2018-09-10,115.02999877929688,86.09317016601562
2018-09-11,114.7699966430664,85.89855194091797
2018-09-12,115.0,86.0706787109375
2018-09-13,115.23999786376953,86.25029754638672
2018-09-14,115.0999984741211,86.14553833007812
2018-09-17,115.02999877929688,86.09317016601562
2018-09-18,114.55999755859375,85.74139404296875
2018-09-19,114.38999938964844,85.61416625976562
2018-09-20,114.69000244140625,85.83867645263672
2018-09-21,114.70999908447266,85.85363006591797
2018-09-24,114.44999694824219,85.65906524658203
2018-09-25,114.44999694824219,85.65906524658203
2018-09-26,114.86000061035156,85.96593475341797
2018-09-27,115.01000213623047,86.07818603515625
2018-09-28,114.93000030517578,86.0183334350586
2018-10-01,114.41999816894531,85.89971923828125
2018-10-02,114.5199966430664,85.97478485107422
2018-10-03,113.8499984741211,85.47176361083984
2018-10-04,113.37999725341797,85.11891174316406
2018-10-05,112.94000244140625,84.78857421875
2018-10-08,112.81999969482422,84.69853210449219
2018-10-09,113.13999938964844,84.93872833251953
2018-10-10,112.83000183105469,84.70600128173828
2018-10-11,113.30000305175781,85.05884552001953
2018-10-12,113.31999969482422,85.07386016845703
2018-10-15,113.11000061035156,84.91622161865234
2018-10-16,113.4000015258789,85.1339340209961
2018-10-17,112.83999633789062,84.7135238647461
2018-10-18,112.83999633789062,84.7135238647461
2018-10-19,112.69999694824219,84.60843658447266
2018-10-22,112.55999755859375,84.50332641601562
2018-10-23,112.72000122070312,84.6234359741211
2018-10-24,112.87999725341797,84.7435302734375
2018-10-25,112.73999786376953,84.63842010498047
2018-10-26,112.93000030517578,84.78107452392578
2018-10-29,112.80000305175781,84.68347930908203
2018-10-30,112.55000305175781,84.49581909179688
2018-10-31,112.2300033569336,84.25556945800781
2018-11-01,112.19999694824219,84.51092529296875
2018-11-02,111.75,84.17194366455078
2018-11-05,111.94999694824219,84.3226089477539
2018-11-06,112.13999938964844,84.46570587158203
2018-11-07,112.43000030517578,84.68416595458984
2018-11-08,112.0999984741211,84.43561553955078
2018-11-09,112.18000030517578,84.49584197998047
2018-11-12,112.16999816894531,84.48828887939453
2018-11-13,112.0199966430664,84.37531280517578
2018-11-14,111.72000122070312,84.14937591552734
2018-11-15,111.51000213623047,83.9912109375
2018-11-16,111.7300033569336,84.15690612792969
2018-11-19,111.62000274658203,84.07402038574219
2018-11-20,111.3499984741211,83.87067413330078
2018-11-21,111.58999633789062,84.05142211914062
2018-11-23,111.63999938964844,84.08908081054688
2018-11-26,111.69000244140625,84.12676239013672
2018-11-27,111.55000305175781,84.0213394165039
2018-11-28,111.8499984741211,84.24726867675781
2018-11-29,111.52999877929688,84.00623321533203
2018-11-30,111.45999908447266,83.9535140991211
2018-12-03,111.5199966430664,84.26558685302734
2018-12-04,111.54000091552734,84.28071594238281
2018-12-06,111.87999725341797,84.53760528564453
2018-12-07,111.88999938964844,84.545166015625
2018-12-10,112.2300033569336,84.80209350585938
2018-12-11,112.43000030517578,84.95320129394531
2018-12-12,112.55000305175781,85.04388427734375
2018-12-13,112.8499984741211,85.2705307006836
2018-12-14,112.7300033569336,85.1799087524414
2018-12-17,112.8499984741211,85.2705307006836
2018-12-18,112.9000015258789,85.57527160644531
2018-12-19,112.80999755859375,85.50704193115234
2018-12-20,112.44000244140625,85.22657775878906
2018-12-21,112.33000183105469,85.14326477050781
2018-12-24,112.06999969482422,84.94613647460938
2018-12-26,111.9800033569336,84.8779296875
2018-12-27,111.9800033569336,84.8779296875
2018-12-28,112.51000213623047,85.2796401977539
2018-12-31,112.81999969482422,85.51461029052734
2019-01-02,113.16999816894531,85.77993774414062
2019-01-03,113.22000122070312,85.81782531738281
2019-01-04,113.1500015258789,85.76475524902344
2019-01-07,113.16000366210938,85.77234649658203
2019-01-08,113.41000366210938,85.96186828613281
2019-01-09,113.83999633789062,86.28778076171875
2019-01-10,113.54000091552734,86.06037139892578
2019-01-11,113.75,86.21953582763672
2019-01-14,113.44999694824219,85.99214935302734
2019-01-15,113.5199966430664,86.04518127441406
2019-01-16,113.73999786376953,86.21195220947266
2019-01-17,113.97000122070312,86.38630676269531
2019-01-18,114.16999816894531,86.53785705566406
2019-01-22,114.36000061035156,86.68189239501953
2019-01-23,114.6500015258789,86.90172576904297
2019-01-24,114.94999694824219,87.12909698486328
2019-01-25,115.05000305175781,87.2049331665039
2019-01-28,115.02999877929688,87.18976593017578
2019-01-29,115.27999877929688,87.3792495727539
2019-01-30,115.80999755859375,87.78095245361328
2019-01-31,116.62000274658203,88.39493560791016
2019-02-01,115.98999786376953,88.18428802490234
2019-02-04,115.83000183105469,88.06270599365234
2019-02-05,116.30000305175781,88.4200210571289
2019-02-06,116.08000183105469,88.25276184082031
2019-02-07,116.05999755859375,88.23753356933594
2019-02-08,116.3499984741211,88.4580307006836
2019-02-11,116.08999633789062,88.26030731201172
2019-02-12,116.25,88.38198852539062
2019-02-13,115.94999694824219,88.15390014648438
2019-02-14,116.08000183105469,88.25276184082031
2019-02-15,116.22000122070312,88.35921478271484
2019-02-19,116.29000091552734,88.41240692138672
2019-02-20,116.19000244140625,88.33637237548828
2019-02-21,115.86000061035156,88.08551025390625
2019-02-22,116.37999725341797,88.48081970214844
2019-02-25,116.33999633789062,88.4504165649414
2019-02-26,116.5199966430664,88.58727264404297
2019-02-27,116.19000244140625,88.33637237548828
2019-02-28,116.02999877929688,88.2147445678711
2019-03-01,115.47000122070312,88.06072235107422
2019-03-04,115.7300033569336,88.25898742675781
2019-03-05,115.7699966430664,88.28948974609375
2019-03-06,115.87999725341797,88.37336730957031
2019-03-07,116.26000213623047,88.66316986083984
2019-03-08,116.41000366210938,88.77754974365234
2019-03-11,116.54000091552734,88.876708984375
2019-03-12,116.86000061035156,89.1207275390625
2019-03-13,116.66999816894531,88.9758529663086
2019-03-14,116.44000244140625,88.80045318603516
2019-03-15,116.86000061035156,89.1207275390625
2019-03-18,116.80000305175781,89.0749740600586
2019-03-19,116.81999969482422,89.09024047851562
2019-03-20,117.61000061035156,89.69270324707031
2019-03-21,117.83000183105469,89.8604965209961
2019-03-22,118.55000305175781,90.4095687866211
2019-03-25,118.79000091552734,90.59260559082031
2019-03-26,118.83999633789062,90.63075256347656
2019-03-27,119.0,90.75273895263672
2019-03-28,119.1500015258789,90.86714935302734
2019-03-29,119.05999755859375,90.79853820800781
2019-04-01,118.26000213623047,90.46044921875
2019-04-02,118.41999816894531,90.58283233642578
2019-04-03,118.16999816894531,90.39159393310547
2019-04-04,118.36000061035156,90.53691864013672
2019-04-05,118.55000305175781,90.68228912353516
2019-04-08,118.37999725341797,90.55220794677734
2019-04-09,118.62999725341797,90.74345397949219
2019-04-10,119.20999908447266,91.18707275390625
2019-04-11,119.08999633789062,91.09530639648438
2019-04-12,119.0199966430664,91.04179382324219
2019-04-15,118.83000183105469,90.89642333984375
2019-04-16,118.5,90.6440200805664
2019-04-17,118.4800033569336,90.62869262695312
2019-04-18,118.58000183105469,90.7052001953125
2019-04-22,118.38999938964844,90.55988311767578
2019-04-23,118.87999725341797,90.93472290039062
2019-04-24,119.27999877929688,91.24067687988281
2019-04-25,119.22000122070312,91.19476318359375
2019-04-26,119.63999938964844,91.51604461669922
2019-04-29,119.16999816894531,91.15648651123047
2019-04-30,119.22000122070312,91.19476318359375
2019-05-01,118.83000183105469,91.16561889648438
2019-05-02,118.4000015258789,90.835693359375
2019-05-03,118.93000030517578,91.24230194091797
2019-05-06,119.08999633789062,91.36505889892578
2019-05-07,119.08000183105469,91.3573989868164
2019-05-08,118.68000030517578,91.05052185058594
2019-05-09,118.79000091552734,91.1349105834961
2019-05-10,118.86000061035156,91.1886215209961
2019-05-13,118.93000030517578,91.24230194091797
2019-05-14,119.0999984741211,91.37274932861328
2019-05-15,119.43000030517578,91.62593078613281
2019-05-16,119.23999786376953,91.48013305664062
2019-05-17,119.25,91.48778533935547
2019-05-20,118.97000122070312,91.27300262451172
2019-05-21,119.06999969482422,91.34976196289062
2019-05-22,119.22000122070312,91.46483612060547
2019-05-23,119.4800033569336,91.66426849365234
2019-05-24,119.7300033569336,91.8560791015625
2019-05-28,119.80999755859375,91.9174575805664
2019-05-29,119.86000061035156,91.95581817626953
2019-05-30,120.55000305175781,92.48519134521484
2019-05-31,120.83000183105469,92.70001983642578
2019-06-03,120.83000183105469,92.98551940917969
2019-06-04,120.87000274658203,93.01626586914062
2019-06-05,120.79000091552734,92.95472717285156
2019-06-06,121.0199966430664,93.13172149658203
2019-06-07,121.55999755859375,93.5472412109375
2019-06-10,121.12000274658203,93.20865631103516
2019-06-11,121.2300033569336,93.29331970214844
2019-06-12,121.41000366210938,93.43181610107422
2019-06-13,121.72000122070312,93.67037200927734
2019-06-14,121.7699966430664,93.7088623046875
2019-06-17,121.83000183105469,93.75504302978516
2019-06-18,122.63999938964844,94.37837219238281
2019-06-19,123.41999816894531,94.97864532470703
2019-06-20,124.08999633789062,95.49425506591797
2019-06-21,123.63999938964844,95.14794158935547
2019-06-24,123.94999694824219,95.38648986816406
2019-06-25,123.58000183105469,95.10175323486328
2019-06-26,123.33000183105469,94.90941619873047
2019-06-27,124.05000305175781,95.46347045898438
2019-06-28,124.37000274658203,95.70972442626953
2019-07-01,124.25,95.89108276367188
2019-07-02,124.58999633789062,96.15349578857422
2019-07-03,124.93000030517578,96.41587829589844
2019-07-05,123.83000183105469,95.56694793701172
2019-07-08,123.66000366210938,95.43575286865234
2019-07-09,123.4000015258789,95.23509979248047
2019-07-10,123.68000030517578,95.45121002197266
2019-07-11,122.94999694824219,94.88780212402344
2019-07-12,123.06999969482422,94.98038482666016
2019-07-15,123.27999877929688,95.14246368408203
2019-07-16,123.0199966430664,94.94181060791016
2019-07-17,123.66999816894531,95.44346618652344
2019-07-18,123.95999908447266,95.66725158691406
2019-07-19,123.7699966430664,95.5206069946289
2019-07-22,124.1500015258789,95.81392669677734
2019-07-23,124.22000122070312,95.86793518066406
2019-07-24,124.56999969482422,96.13802337646484
2019-07-25,124.16999816894531,95.829345703125
2019-07-26,124.33999633789062,95.96051025390625
2019-07-29,124.26000213623047,95.89881896972656
2019-07-30,124.22000122070312,95.86793518066406
2019-07-31,124.33000183105469,95.95280456542969
2019-08-01,124.98999786376953,96.73291015625
2019-08-02,125.12000274658203,96.83354949951172
2019-08-05,125.20999908447266,96.90321350097656
2019-08-06,125.98999786376953,97.5068588256836
2019-08-07,125.97000122070312,97.49138641357422
2019-08-08,126.30999755859375,97.75450897216797
2019-08-09,125.94000244140625,97.46817016601562
2019-08-12,126.7300033569336,98.07960510253906
2019-08-13,126.62999725341797,98.00216674804688
2019-08-14,127.0,98.2885513305664
2019-08-15,127.62000274658203,98.76838684082031
2019-08-16,127.8499984741211,98.94637298583984
2019-08-19,127.43000030517578,98.62132263183594
2019-08-20,128.1699981689453,99.19402313232422
2019-08-21,128.39999389648438,99.3720474243164
2019-08-22,127.93000030517578,99.0082778930664
2019-08-23,128.39999389648438,99.3720474243164
2019-08-26,128.41000366210938,99.3797607421875
2019-08-27,129.10000610351562,99.91377258300781
2019-08-28,129.10000610351562,99.91377258300781
2019-08-29,128.82000732421875,99.69708251953125
2019-08-30,128.8000030517578,99.68158721923828
2019-09-03,128.3300018310547,99.58769989013672
2019-09-04,128.57000732421875,99.77395629882812
2019-09-05,127.62999725341797,99.04447174072266
2019-09-06,128.08999633789062,99.40145874023438
2019-09-09,127.1500015258789,98.6719741821289
2019-09-10,126.08000183105469,97.84163665771484
2019-09-11,125.9800033569336,97.76405334472656
2019-09-12,125.80999755859375,97.63208770751953
2019-09-13,124.68000030517578,96.75521087646484
2019-09-16,125.30999755859375,97.24409484863281
2019-09-17,125.62999725341797,97.49240112304688
2019-09-18,125.94000244140625,97.73296356201172
2019-09-19,126.30000305175781,98.0123519897461
2019-09-20,127.16999816894531,98.6875
2019-09-23,127.08000183105469,98.61762237548828
2019-09-24,127.4800033569336,98.92808532714844
2019-09-25,126.76000213623047,98.36934661865234
2019-09-26,127.02999877929688,98.57886505126953
2019-09-27,127.05999755859375,98.60211944580078
2019-09-30,127.4800033569336,98.92808532714844
2019-10-01,127.29000091552734,99.04167175292969
2019-10-02,127.23999786376953,99.00277709960938
2019-10-03,127.73999786376953,99.39183807373047
2019-10-04,128.27000427246094,99.80419921875
2019-10-07,127.62000274658203,99.29846954345703
2019-10-08,127.51000213623047,99.21284484863281
2019-10-09,127.55999755859375,99.25176239013672
2019-10-10,126.80999755859375,98.66819763183594
2019-10-11,126.58000183105469,98.48924255371094
2019-10-14,127.0,98.8160400390625
2019-10-15,126.66000366210938,98.551513671875
2019-10-16,126.80000305175781,98.66045379638672
2019-10-17,126.9800033569336,98.80047607421875
2019-10-18,127.13999938964844,98.92499542236328
2019-10-21,126.8499984741211,98.6993179321289
2019-10-22,127.06999969482422,98.87049865722656
2019-10-23,127.13999938964844,98.92499542236328
2019-10-24,127.41999816894531,99.14282989501953
2019-10-25,127.19999694824219,98.9716567993164
2019-10-28,126.81999969482422,98.67597961425781
2019-10-29,126.48999786376953,98.41924285888672
2019-10-30,126.94000244140625,98.76934051513672
2019-10-31,127.70999908447266,99.36848449707031
2019-11-01,127.48999786376953,99.46600341796875
2019-11-04,126.88999938964844,98.99789428710938
2019-11-05,126.16000366210938,98.4283447265625
2019-11-06,126.87000274658203,98.98229217529297
2019-11-07,125.87999725341797,98.20989990234375
2019-11-08,125.70999908447266,98.0772705078125
2019-11-11,125.75,98.10848236083984
2019-11-12,125.87000274658203,98.20210266113281
2019-11-13,126.16999816894531,98.43612670898438
2019-11-14,126.83000183105469,98.95106506347656
2019-11-15,126.8499984741211,98.96670532226562
2019-11-18,126.98999786376953,99.0759048461914
2019-11-19,127.23999786376953,99.27094268798828
2019-11-20,127.41999816894531,99.41138458251953
2019-11-21,127.12000274658203,99.17732238769531
2019-11-22,127.47000122070312,99.45039367675781
2019-11-25,127.91000366210938,99.79366302490234
2019-11-26,128.24000549316406,100.05113983154297
2019-11-27,128.22999572753906,100.0433349609375
2019-11-29,127.97000122070312,99.84049224853516
2019-12-02,127.06999969482422,99.40707397460938
2019-12-03,128.0500030517578,100.17374420166016
2019-12-04,127.87999725341797,100.04076385498047
2019-12-05,127.73999786376953,99.93119812011719
2019-12-06,127.66999816894531,99.8764877319336
2019-12-09,127.6500015258789,99.86080169677734
2019-12-10,127.6500015258789,99.86080169677734
2019-12-11,128.14999389648438,100.25199127197266
2019-12-12,127.55999755859375,99.79042053222656
2019-12-13,128.38999938964844,100.43970489501953
2019-12-16,128.10000610351562,100.2128677368164
2019-12-17,128.0,100.13467407226562
2019-12-18,127.91000366210938,100.06419372558594
2019-12-19,127.69999694824219,100.1630630493164
2019-12-20,127.66000366210938,100.1316909790039
2019-12-23,127.72000122070312,100.17875671386719
2019-12-24,127.8499984741211,100.28070068359375
2019-12-26,128.0800018310547,100.46106719970703
2019-12-27,128.25999450683594,100.60228729248047
2019-12-30,128.49000549316406,100.78271484375
2019-12-31,127.95999908447266,100.36700439453125
2020-01-02,128.22999572753906,100.5787582397461
2020-01-03,128.6699981689453,100.92386627197266
2020-01-06,128.24000549316406,100.58663940429688
2020-01-07,127.91000366210938,100.32779693603516
2020-01-08,127.7300033569336,100.18659973144531
2020-01-09,128.33999633789062,100.6650619506836
2020-01-10,128.6999969482422,100.94739532470703
2020-01-13,128.38999938964844,100.70423126220703
2020-01-14,128.5500030517578,100.82975006103516
2020-01-15,128.8300018310547,101.04939270019531
2020-01-16,129.00999450683594,101.19055938720703
2020-01-17,128.99000549316406,101.17491149902344
2020-01-21,129.61000061035156,101.66118621826172
2020-01-22,129.67999267578125,101.716064453125
2020-01-23,129.85000610351562,101.84941864013672
2020-01-24,130.07000732421875,102.02200317382812
2020-01-27,130.32000732421875,102.2181167602539
2020-01-28,130.25,102.16316223144531
2020-01-29,130.6699981689453,102.49259948730469
2020-01-30,130.75,102.55536651611328
2020-01-31,131.08999633789062,102.82207489013672
2020-02-03,130.64999389648438,102.74110412597656
2020-02-04,130.3300018310547,102.4893798828125
2020-02-05,130.25,102.42649841308594
2020-02-06,130.19000244140625,102.3792953491211
2020-02-07,130.69000244140625,102.77251434326172
2020-02-10,131.0,103.01627349853516
2020-02-11,130.80999755859375,102.86685943603516
2020-02-12,130.75,102.81966400146484
2020-02-13,130.66000366210938,102.74888610839844
2020-02-14,130.97999572753906,103.00053405761719
2020-02-18,131.22999572753906,103.19713592529297
2020-02-19,131.0500030517578,103.05557250976562
2020-02-20,131.49000549316406,103.40161895751953
2020-02-21,131.75,103.60608673095703
2020-02-24,131.77000427246094,103.621826171875
2020-02-25,131.89999389648438,103.72403717041016
2020-02-26,131.41000366210938,103.33871459960938
2020-02-27,130.7100067138672,102.78820037841797
2020-02-28,132.17999267578125,103.9442138671875
2020-03-02,131.6999969482422,103.84092712402344
2020-03-03,133.1999969482422,105.02362060546875
2020-03-04,133.38999938964844,105.17344665527344
2020-03-05,133.33999633789062,105.13399505615234
2020-03-06,134.27000427246094,105.8673095703125
2020-03-09,131.00999450683594,103.29690551757812
2020-03-10,128.05999755859375,100.97088623046875
2020-03-11,123.8499984741211,97.65149688720703
2020-03-12,117.94000244140625,92.99164581298828
2020-03-13,123.05000305175781,97.02069091796875
2020-03-16,121.30000305175781,95.64085388183594
2020-03-17,116.33000183105469,91.72219848632812
2020-03-18,110.51000213623047,87.13334655761719
2020-03-19,105.05000305175781,82.82832336425781
2020-03-20,106.73999786376953,84.16085052490234
2020-03-23,114.62999725341797,90.38182067871094
2020-03-24,116.9800033569336,92.23469543457031
2020-03-25,122.58000183105469,96.6501235961914
2020-03-26,122.68000030517578,96.72893524169922
2020-03-27,122.43000030517578,96.5318374633789
2020-03-30,123.91999816894531,97.70668029785156
2020-03-31,123.51000213623047,97.3834228515625
2020-04-01,121.41000366210938,95.96846008300781
2020-04-02,121.7300033569336,96.22142028808594
2020-04-03,121.0999984741211,95.72343444824219
2020-04-06,123.48999786376953,97.61262512207031
2020-04-07,123.68000030517578,97.7627944946289
2020-04-08,125.91000366210938,99.5255126953125
2020-04-09,131.8300018310547,104.20500946044922
2020-04-13,130.5500030517578,103.19319152832031
2020-04-14,129.91000366210938,102.68730926513672
2020-04-15,130.77999877929688,103.3749771118164
2020-04-16,130.1300048828125,102.86123657226562
2020-04-17,130.55999755859375,103.20110321044922
2020-04-20,129.82000732421875,102.61618041992188
2020-04-21,129.36000061035156,102.25257110595703
2020-04-22,129.44000244140625,102.31578063964844
2020-04-23,129.99000549316406,102.75057220458984
2020-04-24,129.89999389648438,102.67939758300781
2020-04-27,128.85000610351562,101.84940338134766
2020-04-28,129.1999969482422,102.12608337402344
2020-04-29,130.0500030517578,102.79798126220703
2020-04-30,129.1699981689453,102.10238647460938
2020-05-01,128.33999633789062,101.69824981689453
2020-05-04,128.5399932861328,101.8567123413086
2020-05-05,128.3699951171875,101.72200775146484
2020-05-06,126.93000030517578,100.58092498779297
2020-05-07,127.2699966430664,100.85037231445312
2020-05-08,126.66000366210938,100.36700439453125
2020-05-11,125.55000305175781,99.4874267578125
2020-05-12,126.76000213623047,100.4462661743164
2020-05-13,127.05000305175781,100.67601013183594
2020-05-14,128.10000610351562,101.50807189941406
2020-05-15,128.5500030517578,101.86465454101562
2020-05-18,129.27999877929688,102.44309997558594
2020-05-19,129.3800048828125,102.52234649658203
2020-05-20,130.8000030517578,103.6475601196289
2020-05-21,130.6999969482422,103.56835174560547
2020-05-22,130.6999969482422,103.56835174560547
2020-05-26,130.52000427246094,103.4256591796875
2020-05-27,131.05999755859375,103.85362243652344
2020-05-28,131.1699981689453,103.94075775146484
2020-05-29,132.02000427246094,104.61431121826172
2020-06-01,131.63999938964844,104.5682373046875
2020-06-02,132.05999755859375,104.90186309814453
2020-06-03,131.97999572753906,104.83834075927734
2020-06-04,131.5800018310547,104.52058410644531
2020-06-05,132.25999450683594,105.06074523925781
2020-06-08,132.6999969482422,105.4102554321289
2020-06-09,132.4199981689453,105.18785095214844
2020-06-10,133.2899932861328,105.87889862060547
2020-06-11,131.6999969482422,104.61590576171875
2020-06-12,132.33999633789062,105.12428283691406
2020-06-15,134.22000122070312,106.61766815185547
2020-06-16,133.85000610351562,106.32373809814453
2020-06-17,133.58999633789062,106.11719512939453
2020-06-18,133.88999938964844,106.35556030273438
2020-06-19,133.99000549316406,106.43501281738281
2020-06-22,133.86000061035156,106.33171844482422
2020-06-23,133.61000061035156,106.13312530517578
2020-06-24,133.24000549316406,105.83919525146484
2020-06-25,133.3800048828125,105.95048522949219
2020-06-26,133.5,106.0457534790039
2020-06-29,134.1199951171875,106.5382308959961
2020-06-30,134.5,106.84009552001953
2020-07-01,134.72000122070312,107.26207733154297
2020-07-02,135.0500030517578,107.52481079101562
2020-07-06,135.39999389648438,107.80347442626953
2020-07-07,135.5800018310547,107.94676208496094
2020-07-08,135.36000061035156,107.7716064453125
2020-07-09,136.1199951171875,108.37674713134766
2020-07-10,135.8699951171875,108.17765808105469
2020-07-13,135.50999450683594,107.8910140991211
2020-07-14,136.3000030517578,108.52007293701172
2020-07-15,136.57000732421875,108.73502349853516
2020-07-16,136.9499969482422,109.03756713867188
2020-07-17,137.32000732421875,109.33219909667969
2020-07-20,137.6999969482422,109.63469696044922
2020-07-21,137.8800048828125,109.77800750732422
2020-07-22,138.3300018310547,110.13631439208984
2020-07-23,138.42999267578125,110.21597290039062
2020-07-24,138.1199951171875,109.9691390991211
2020-07-27,137.6999969482422,109.63469696044922
2020-07-28,137.55999755859375,109.52320861816406
2020-07-29,138.30999755859375,110.12035369873047
2020-07-30,138.16000366210938,110.0009536743164
2020-07-31,138.35000610351562,110.15222930908203
2020-08-03,138.24000549316406,110.29981994628906
2020-08-04,138.75,110.70675659179688
2020-08-05,138.55999755859375,110.55518341064453
2020-08-06,139.14999389648438,111.02589416503906
2020-08-07,138.75999450683594,110.71469116210938
2020-08-10,138.4600067138672,110.475341796875
2020-08-11,137.58999633789062,109.7812271118164
2020-08-12,137.25,109.50994873046875
2020-08-13,136.00999450683594,108.5205307006836
2020-08-14,135.41000366210938,108.04183197021484
2020-08-17,135.69000244140625,108.26519775390625
2020-08-18,136.0800018310547,108.57644653320312
2020-08-19,135.72000122070312,108.2891845703125
2020-08-20,136.1999969482422,108.67216491699219
2020-08-21,136.4499969482422,108.87161254882812
2020-08-24,136.2100067138672,108.68013000488281
2020-08-25,135.6199951171875,108.20938873291016
2020-08-26,135.6699981689453,108.249267578125
2020-08-27,134.58999633789062,107.38755798339844
2020-08-28,135.0,107.7146987915039
2020-08-31,135.60000610351562,108.19347381591797
2020-09-01,136.16000366210938,108.87704467773438
2020-09-02,136.6999969482422,109.30889129638672
2020-09-03,136.39999389648438,109.06900024414062
2020-09-04,134.9499969482422,107.90951538085938
2020-09-08,135.0800018310547,108.01349639892578
2020-09-09,135.1699981689453,108.08541107177734
2020-09-10,135.27000427246094,108.1654052734375
2020-09-11,135.3699951171875,108.24537658691406
2020-09-14,135.7100067138672,108.51729583740234
2020-09-15,135.86000061035156,108.63719177246094
2020-09-16,135.9499969482422,108.70912170410156
2020-09-17,135.97999572753906,108.73321533203125
2020-09-18,135.72999572753906,108.53325653076172
2020-09-21,135.60000610351562,108.42931365966797
2020-09-22,135.67999267578125,108.49324798583984
2020-09-23,134.6999969482422,107.70966339111328
2020-09-24,134.36000061035156,107.43779754638672
2020-09-25,134.22000122070312,107.3258285522461
2020-09-28,134.89999389648438,107.86956024169922
2020-09-29,134.72999572753906,107.73358917236328
2020-09-30,134.7100067138672,107.71761322021484
2020-10-01,134.7899932861328,108.01737213134766
2020-10-02,134.80999755859375,108.03337860107422
2020-10-05,134.36000061035156,107.67279052734375
2020-10-06,134.25,107.5845947265625
2020-10-07,134.2899932861328,107.61663818359375
2020-10-08,134.6199951171875,107.88111877441406
2020-10-09,134.92999267578125,108.12954711914062
2020-10-12,135.7100067138672,108.754638671875
2020-10-13,135.5800018310547,108.650390625
2020-10-14,135.7100067138672,108.754638671875
2020-10-15,135.57000732421875,108.64241790771484
2020-10-16,135.33999633789062,108.45807647705078
2020-10-19,135.0800018310547,108.24980163574219
2020-10-20,134.8000030517578,108.02538299560547
2020-10-21,134.5800018310547,107.84905242919922
2020-10-22,134.27999877929688,107.60865020751953
2020-10-23,134.6199951171875,107.88111877441406
2020-10-26,134.89999389648438,108.1054916381836
2020-10-27,135.4499969482422,108.5462646484375
2020-10-28,134.77999877929688,108.00931549072266
2020-10-29,134.42999267578125,107.72883605957031
2020-10-30,133.72999572753906,107.1678695678711
2020-11-02,133.97000122070312,107.5879135131836
2020-11-03,134.10000610351562,107.69236755371094
2020-11-04,136.11000061035156,109.30648040771484
2020-11-05,136.6199951171875,109.71603393554688
2020-11-06,136.19000244140625,109.37071228027344
2020-11-09,135.16000366210938,108.5435562133789
2020-11-10,134.80999755859375,108.26248168945312
2020-11-11,135.05999755859375,108.4632339477539
2020-11-12,135.60000610351562,108.89688873291016
2020-11-13,135.75999450683594,109.02540588378906
2020-11-16,136.1999969482422,109.37876892089844
2020-11-17,136.63999938964844,109.73208618164062
2020-11-18,136.92999267578125,109.96497344970703
2020-11-19,137.69000244140625,110.57534790039062
2020-11-20,137.57000732421875,110.47893524169922
2020-11-23,137.74000549316406,110.61552429199219
2020-11-24,137.42999267578125,110.36649322509766
2020-11-25,137.50999450683594,110.43074798583984
2020-11-27,138.0,110.82429504394531
2020-11-30,138.47999572753906,111.20973205566406
2020-12-01,137.67999267578125,110.78814697265625
2020-12-02,137.22000122070312,110.41795349121094
2020-12-03,137.75999450683594,110.85248565673828
2020-12-04,137.0,110.2409439086914
2020-12-07,137.1199951171875,110.33756256103516
2020-12-08,136.9600067138672,110.20873260498047
2020-12-09,136.4600067138672,109.80640411376953
2020-12-10,137.13999938964844,110.35359954833984
2020-12-11,137.27999877929688,110.46621704101562
2020-12-14,137.17999267578125,110.38574981689453
2020-12-15,137.4499969482422,110.60305786132812
2020-12-16,137.33999633789062,110.51455688476562
2020-12-17,137.25999450683594,110.67577362060547
2020-12-18,137.16000366210938,110.59513854980469
2020-12-21,136.88999938964844,110.37744140625
2020-12-22,137.27000427246094,110.683837890625
2020-12-23,137.3000030517578,110.70801544189453
2020-12-24,137.77000427246094,111.08700561523438
2020-12-28,137.86000061035156,111.15956115722656
2020-12-29,137.9199981689453,111.20797729492188
2020-12-30,138.10000610351562,111.35308074951172
2020-12-31,138.1300048828125,111.37730407714844
2021-01-04,137.42999267578125,110.8128662109375
2021-01-05,136.99000549316406,110.4581069946289
2021-01-06,135.8800048828125,109.56307220458984
2021-01-07,135.86000061035156,109.54695892333984
2021-01-08,135.75999450683594,109.4663314819336
2021-01-11,135.17999267578125,108.9986343383789
2021-01-12,135.47000122070312,109.23246002197266
2021-01-13,136.52000427246094,110.0791244506836
2021-01-14,135.92999267578125,109.60338592529297
2021-01-15,136.13999938964844,109.77269744873047
2021-01-19,136.3800048828125,109.96627044677734
2021-01-20,136.33999633789062,109.93399810791016
2021-01-21,135.8000030517578,109.49854278564453
2021-01-22,135.6999969482422,109.41792297363281
2021-01-25,136.27999877929688,109.88560485839844
2021-01-26,136.27000427246094,109.87751770019531
2021-01-27,136.02999877929688,109.68404388427734
2021-01-28,135.80999755859375,109.50662231445312
2021-01-29,135.60000610351562,109.3372802734375
2021-02-01,135.60000610351562,109.55302429199219
2021-02-02,135.24000549316406,109.26214599609375
2021-02-03,134.9199981689453,109.00361633300781
2021-02-04,135.14999389648438,109.18940734863281
2021-02-05,134.7899932861328,108.89857482910156
2021-02-08,135.3699951171875,109.36714172363281
2021-02-09,135.16000366210938,109.19750213623047
2021-02-10,135.47999572753906,109.45606231689453
2021-02-11,135.1199951171875,109.16521453857422
2021-02-12,134.67999267578125,108.80970764160156
2021-02-16,133.72999572753906,108.04222869873047
2021-02-17,134.39999389648438,108.58354949951172
2021-02-18,134.13999938964844,108.37345886230469
2021-02-19,133.1699981689453,107.58977508544922
2021-02-22,132.33999633789062,106.91918182373047
2021-02-23,132.44000244140625,106.99999237060547
2021-02-24,132.63999938964844,107.1615982055664
2021-02-25,130.5399932861328,105.46498107910156
2021-02-26,132.27000427246094,106.86266326904297
2021-03-01,132.1300048828125,106.96709442138672
2021-03-02,131.97999572753906,106.84565734863281
2021-03-03,131.0,106.0522689819336
2021-03-04,129.92999267578125,105.18604278564453
2021-03-05,129.75999450683594,105.04844665527344
2021-03-08,128.5500030517578,104.06887817382812
2021-03-09,129.52000427246094,104.85414123535156
2021-03-10,130.1300048828125,105.34797668457031
2021-03-11,130.2100067138672,105.41273498535156
2021-03-12,128.7100067138672,104.19841003417969
2021-03-15,129.14999389648438,104.55459594726562
2021-03-16,129.05999755859375,104.48174285888672
2021-03-17,129.17999267578125,104.578857421875
2021-03-18,128.44000244140625,103.97982025146484
2021-03-19,128.6300048828125,104.13362121582031
2021-03-22,129.08999633789062,104.5060043334961
2021-03-23,129.47000122070312,104.81365203857422
2021-03-24,129.86000061035156,105.1294174194336
2021-03-25,129.7100067138672,105.00800323486328
2021-03-26,129.6199951171875,104.93510437011719
2021-03-29,129.30999755859375,104.68414306640625
2021-03-30,129.7100067138672,105.00800323486328
2021-03-31,130.0500030517578,105.2832260131836
2021-04-01,130.61000061035156,105.94347381591797
2021-04-05,129.97000122070312,105.42433166503906
2021-04-06,130.83999633789062,106.12998962402344
2021-04-07,130.5800018310547,105.91915130615234
2021-04-08,131.05999755859375,106.3084716796875
2021-04-09,130.7899932861328,106.0895004272461
2021-04-12,130.75999450683594,106.06514739990234
2021-04-13,131.33999633789062,106.53560638427734
2021-04-14,131.16000366210938,106.3896255493164
2021-04-15,131.97000122070312,107.04662322998047
2021-04-16,131.07000732421875,106.31659698486328
2021-04-19,130.72999572753906,106.04077911376953
2021-04-20,130.97999572753906,106.24360656738281
2021-04-21,131.42999267578125,106.60857391357422
2021-04-22,131.55999755859375,106.71407318115234
2021-04-23,131.6699981689453,106.80329132080078
2021-04-26,131.61000061035156,106.754638671875
2021-04-27,131.02000427246094,106.27603149414062
2021-04-28,131.0399932861328,106.29222869873047
2021-04-29,130.8800048828125,106.16246795654297
2021-04-30,131.14999389648438,106.38147735595703
2021-05-03,131.2100067138672,106.63753509521484
2021-05-04,131.2899932861328,106.7024917602539
2021-05-05,131.4499969482422,106.83255767822266
2021-05-06,131.6999969482422,107.03573608398438
2021-05-07,131.75,107.07633972167969
2021-05-10,131.0399932861328,106.49930572509766
2021-05-11,130.55999755859375,106.10920715332031
2021-05-12,129.85000610351562,105.53221130371094
2021-05-13,130.33999633789062,105.93043518066406
2021-05-14,131.0500030517578,106.5074462890625
2021-05-17,130.89999389648438,106.3855209350586
2021-05-18,130.47000122070312,106.03610229492188
2021-05-19,130.24000549316406,105.84915924072266
2021-05-20,131.1300048828125,106.57246398925781
2021-05-21,131.22000122070312,106.6456069946289
2021-05-24,131.5800018310547,106.938232421875
2021-05-25,132.07000732421875,107.33648681640625
2021-05-26,132.0,107.27957153320312
2021-05-27,131.60000610351562,106.95445251464844
2021-05-28,131.7100067138672,107.04386138916016
2021-06-01,131.47000122070312,107.05769348144531
2021-06-02,131.67999267578125,107.22866821289062
2021-06-03,131.16000366210938,106.80529022216797
2021-06-04,132.08999633789062,107.56256866455078
2021-06-07,131.97999572753906,107.4729995727539
2021-06-08,132.47999572753906,107.88014221191406
2021-06-09,132.9600067138672,108.27104187011719
2021-06-10,133.55999755859375,108.7596206665039
2021-06-11,133.6699981689453,108.84917449951172
2021-06-14,133.17999267578125,108.45015716552734
2021-06-15,133.27999877929688,108.53162384033203
2021-06-16,132.89999389648438,108.22216796875
2021-06-17,133.63999938964844,108.82476043701172
2021-06-18,134.33999633789062,109.3947525024414
2021-06-21,133.55999755859375,108.7596206665039
2021-06-22,133.77999877929688,108.93875122070312
2021-06-23,133.57000732421875,108.76779174804688
2021-06-24,133.8300018310547,108.97950744628906
2021-06-25,133.47999572753906,108.69446563720703
2021-06-28,134.0500030517578,109.15863800048828
2021-06-29,134.2100067138672,109.2889404296875
2021-06-30,134.36000061035156,109.41105651855469
2021-07-01,133.99000549316406,109.31560516357422
2021-07-02,134.3699951171875,109.62565612792969
2021-07-06,134.86000061035156,110.02538299560547
2021-07-07,135.32000732421875,110.40071868896484
2021-07-08,135.38999938964844,110.45782470703125
2021-07-09,134.82000732421875,109.99278259277344
2021-07-12,134.75,109.9356689453125
2021-07-13,134.25,109.52774047851562
2021-07-14,134.8699951171875,110.0335464477539
2021-07-15,135.16000366210938,110.27013397216797
2021-07-16,134.97000122070312,110.11516571044922
2021-07-19,135.94000244140625,110.90650177001953
2021-07-20,135.75,110.75153350830078
2021-07-21,135.27000427246094,110.35992431640625
2021-07-22,135.8300018310547,110.81678771972656
2021-07-23,135.77000427246094,110.76787567138672
2021-07-26,135.47000122070312,110.5230712890625
2021-07-27,136.0500030517578,110.99629974365234
2021-07-28,136.2899932861328,111.19205474853516
2021-07-29,135.89999389648438,110.87390899658203
2021-07-30,136.00999450683594,110.96365356445312
2021-08-02,136.16000366210938,111.28485107421875
2021-08-03,136.3000030517578,111.3992919921875
2021-08-04,136.3300018310547,111.42378997802734
2021-08-05,135.77000427246094,110.96613311767578
2021-08-06,134.66000366210938,110.05887603759766
2021-08-09,134.0800018310547,109.58482360839844
2021-08-10,133.77999877929688,109.3396224975586
2021-08-11,133.99000549316406,109.51126861572266
2021-08-12,134.17999267578125,109.66655731201172
2021-08-13,135.0800018310547,110.40211486816406
2021-08-16,135.16000366210938,110.46749877929688
2021-08-17,134.9199981689453,110.27137756347656
2021-08-18,134.8300018310547,110.19780731201172
2021-08-19,135.13999938964844,110.45121765136719
2021-08-20,135.22999572753906,110.52474212646484
2021-08-23,135.3300018310547,110.60647583007812
2021-08-24,135.02000427246094,110.3531265258789
2021-08-25,134.6699981689453,110.06704711914062
2021-08-26,134.6300048828125,110.03436279296875
2021-08-27,135.3800048828125,110.6473617553711
2021-08-30,135.61000061035156,110.83531951904297
2021-08-31,135.3000030517578,110.58198547363281
2021-09-01,135.24000549316406,110.72444152832031
2021-09-02,135.47999572753906,110.92090606689453
2021-09-03,134.99000549316406,110.5197525024414
2021-09-07,134.35000610351562,109.99574279785156
2021-09-08,134.77999877929688,110.3477783203125
2021-09-09,135.66000366210938,111.06822967529297
2021-09-10,135.27000427246094,110.74899291992188
2021-09-13,135.60000610351562,111.01917266845703
2021-09-14,136.00999450683594,111.35485076904297
2021-09-15,135.85000610351562,111.2238540649414
2021-09-16,135.66000366210938,111.06822967529297
2021-09-17,135.36000061035156,110.82268524169922
2021-09-20,135.77999877929688,111.16653442382812
2021-09-21,135.77000427246094,111.15837097167969
2021-09-22,136.14999389648438,111.46943664550781
2021-09-23,135.2100067138672,110.6998519897461
2021-09-24,134.9199981689453,110.46243286132812
2021-09-27,134.85000610351562,110.4051284790039
2021-09-28,133.41000366210938,109.22615051269531
2021-09-29,133.3800048828125,109.20159912109375
2021-09-30,133.02999877929688,108.91503143310547
2021-10-01,133.74000549316406,109.70661926269531
2021-10-04,133.52000427246094,109.52616119384766
2021-10-05,132.97000122070312,109.07498168945312
2021-10-06,133.00999450683594,109.10781860351562
2021-10-07,132.4199981689453,108.62381744384766
2021-10-08,131.80999755859375,108.1234359741211
2021-10-11,131.55999755859375,107.91840362548828
2021-10-12,132.39999389648438,108.60740661621094
2021-10-13,133.07000732421875,109.15704345703125
2021-10-14,133.6999969482422,109.67381286621094
2021-10-15,133.22000122070312,109.28005981445312
2021-10-18,133.11000061035156,109.18983459472656
2021-10-19,132.3800048828125,108.59104919433594
2021-10-20,132.05999755859375,108.3285140991211
2021-10-21,131.77999877929688,108.09881591796875
2021-10-22,132.30999755859375,108.5335693359375
2021-10-25,132.3699951171875,108.58280944824219
2021-10-26,132.94000244140625,109.05039978027344
2021-10-27,133.75,109.71478271484375
2021-10-28,133.5500030517578,109.55074310302734
2021-10-29,133.47999572753906,109.49336242675781
2021-11-01,132.97999572753906,109.29769897460938
2021-11-02,133.49000549316406,109.71691131591797
2021-11-03,133.14999389648438,109.43743133544922
2021-11-04,133.85000610351562,110.01277160644531
2021-11-05,134.8300018310547,110.8182601928711
2021-11-08,134.52000427246094,110.5634765625
2021-11-09,134.8800048828125,110.85934448242188
2021-11-10,133.5,109.7251205444336
2021-11-11,133.1199951171875,109.4128189086914
2021-11-12,132.97999572753906,109.29769897460938
2021-11-15,131.97000122070312,108.46759796142578
2021-11-16,131.75,108.28677368164062
2021-11-17,132.27999877929688,108.72240447998047
2021-11-18,132.5800018310547,108.96894073486328
2021-11-19,133.0800018310547,109.3799057006836
2021-11-22,131.9199981689453,108.42650604248047
2021-11-23,130.97999572753906,107.65388488769531
2021-11-24,131.61000061035156,108.17170715332031
2021-11-26,132.67999267578125,109.0511245727539
2021-11-29,132.77000427246094,109.12515258789062
2021-11-30,133.05999755859375,109.36349487304688
2021-12-01,132.83999633789062,109.37911224365234
2021-12-02,133.14999389648438,109.63434600830078
2021-12-03,134.25999450683594,110.5483169555664
2021-12-06,133.5800018310547,109.98845672607422
2021-12-07,133.63999938964844,110.03783416748047
2021-12-08,132.75,109.30503845214844
2021-12-09,132.63999938964844,109.21443939208984
2021-12-10,132.7899932861328,109.33794403076172
2021-12-13,133.38999938964844,109.83197021484375
2021-12-14,132.7899932861328,109.33794403076172
2021-12-15,132.9600067138672,109.4779281616211
2021-12-16,132.6999969482422,109.47464752197266
2021-12-17,133.00999450683594,109.73033142089844
2021-12-20,132.42999267578125,109.25186157226562
2021-12-21,132.69000244140625,109.46638488769531
2021-12-22,132.89999389648438,109.63964080810547
2021-12-23,132.6999969482422,109.47464752197266
2021-12-27,133.08999633789062,109.79637908935547
2021-12-28,132.9199981689453,109.65614318847656
2021-12-29,132.19000244140625,109.05390167236328
2021-12-30,132.72000122070312,109.49115753173828
2021-12-31,132.52000427246094,109.32613372802734
2022-01-03,131.11000061035156,108.16292572021484
2022-01-04,131.22000122070312,108.25364685058594
2022-01-05,130.4499969482422,107.61844635009766
2022-01-06,130.27999877929688,107.47818756103516
2022-01-07,129.72000122070312,107.01618957519531
2022-01-10,129.60000610351562,106.91722106933594
2022-01-11,129.99000549316406,107.23894500732422
2022-01-12,129.89999389648438,107.16468811035156
2022-01-13,130.30999755859375,107.50293731689453
2022-01-14,129.16000366210938,106.55426025390625
2022-01-18,127.93000030517578,105.53945922851562
2022-01-19,128.1300048828125,105.7044906616211
2022-01-20,128.05999755859375,105.64673614501953
2022-01-21,128.89999389648438,106.3397216796875
2022-01-24,128.5,106.00973510742188
2022-01-25,128.13999938964844,105.71273040771484
2022-01-26,127.2699966430664,104.9949951171875
2022-01-27,127.55999755859375,105.23423767089844
2022-01-28,127.69999694824219,105.34972381591797
2022-01-31,127.76000213623047,105.39923095703125
2022-02-01,127.7300033569336,105.57449340820312
2022-02-02,127.73999786376953,105.58272552490234
2022-02-03,126.70999908447266,104.73137664794922
2022-02-04,125.44999694824219,103.68993377685547
2022-02-07,125.68000030517578,103.88004302978516
2022-02-08,125.20999908447266,103.49156951904297
2022-02-09,125.62999725341797,103.8387222290039
2022-02-10,123.91999816894531,102.42533111572266
2022-02-11,124.83999633789062,103.1857681274414
2022-02-14,123.7300033569336,102.268310546875
2022-02-15,123.11000061035156,101.75582885742188
2022-02-16,123.29000091552734,101.90462493896484
2022-02-17,123.37999725341797,101.97901916503906
2022-02-18,123.68000030517578,102.22696685791016
2022-02-22,123.5199966430664,102.09471893310547
2022-02-23,122.4000015258789,101.16899108886719
2022-02-24,122.9800033569336,101.64838409423828
2022-02-25,123.4800033569336,102.06166076660156
2022-02-28,124.80000305175781,103.15271759033203
2022-03-01,124.97000122070312,103.50555419921875
2022-03-02,123.06999969482422,101.93189239501953
2022-03-03,123.5199966430664,102.3045654296875
2022-03-04,123.63999938964844,102.40397644042969
2022-03-07,122.13999938964844,101.16158294677734
2022-03-08,121.41000366210938,100.5570068359375
2022-03-09,121.62000274658203,100.73091888427734
2022-03-10,120.2300033569336,99.57965087890625
2022-03-11,120.18000030517578,99.53823852539062
2022-03-14,118.44000244140625,98.09709930419922
2022-03-15,119.37000274658203,98.86736297607422
2022-03-16,120.38999938964844,99.712158203125
2022-03-17,121.56999969482422,100.68949127197266
2022-03-18,121.80999755859375,100.88829040527344
2022-03-21,120.12000274658203,99.4885482788086
2022-03-22,119.83000183105469,99.24835968017578
2022-03-23,120.16999816894531,99.52995300292969
2022-03-24,120.22000122070312,99.57136535644531
2022-03-25,119.2699966430664,98.7845687866211
2022-03-28,119.93000030517578,99.33119201660156
2022-03-29,120.94000244140625,100.16773223876953
2022-03-30,121.22000122070312,100.39960479736328
2022-03-31,120.94000244140625,100.16773223876953
2022-04-01,121.08999633789062,100.50386810302734
2022-04-04,121.51000213623047,100.85247039794922
2022-04-05,119.37999725341797,99.08454132080078
2022-04-06,118.68000030517578,98.50357818603516
2022-04-07,118.12999725341797,98.04707336425781
2022-04-08,117.19999694824219,97.27515411376953
2022-04-11,116.05999755859375,96.3289794921875
2022-04-12,116.13999938964844,96.3953857421875
2022-04-13,116.73999786376953,96.8934097290039
2022-04-14,115.37999725341797,95.76458740234375
2022-04-18,114.5,95.03419494628906
2022-04-19,113.58999633789062,94.27890014648438
2022-04-20,114.7699966430664,95.25828552246094
2022-04-21,113.55000305175781,94.2457046508789
2022-04-22,113.41999816894531,94.13780975341797
2022-04-25,114.68000030517578,95.18360137939453
2022-04-26,114.62000274658203,95.13380432128906
2022-04-27,113.5199966430664,94.22079467773438
2022-04-28,113.86000061035156,94.50299072265625
2022-04-29,112.5999984741211,93.45722198486328
2022-05-02,111.68000030517578,92.90320587158203
2022-05-03,112.4000015258789,93.50212860107422
2022-05-04,113.5,94.41716766357422
2022-05-05,111.76000213623047,92.96975708007812
2022-05-06,110.80999755859375,92.17945098876953
2022-05-09,111.19999694824219,92.50390625
2022-05-10,111.66999816894531,92.89484405517578
2022-05-11,112.19000244140625,93.32744598388672
2022-05-12,112.23999786376953,93.3690414428711
2022-05-13,111.6500015258789,92.87824249267578
2022-05-16,111.80000305175781,93.00300598144531
2022-05-17,111.16000366210938,92.4706039428711
2022-05-18,111.56999969482422,92.81168365478516
2022-05-19,111.87000274658203,93.0612564086914
2022-05-20,112.41999816894531,93.51878356933594
2022-05-23,112.0199966430664,93.1860122680664
2022-05-24,113.48999786376953,94.40885925292969
2022-05-25,114.66000366210938,95.38214874267578
2022-05-26,114.69000244140625,95.40711975097656
2022-05-27,115.29000091552734,95.90625
2022-05-31,114.44000244140625,95.19915008544922
2022-06-01,113.5,94.64378356933594
2022-06-02,113.55000305175781,94.68549346923828
2022-06-03,113.19000244140625,94.38529968261719
2022-06-06,112.38999938964844,93.71819305419922
2022-06-07,112.98999786376953,94.21851348876953
2022-06-08,112.33999633789062,93.676513671875
2022-06-09,111.5999984741211,93.05945587158203
2022-06-10,110.5199966430664,92.15886688232422
2022-06-13,107.97000122070312,90.03250885009766
2022-06-14,107.41000366210938,89.56554412841797
2022-06-15,109.08999633789062,90.96644592285156
2022-06-16,109.20999908447266,91.06653594970703
2022-06-17,109.43000030517578,91.24998474121094
2022-06-21,108.33000183105469,90.33272552490234
2022-06-22,109.12000274658203,90.99144744873047
2022-06-23,109.95999908447266,91.69188690185547
2022-06-24,110.08999633789062,91.8003158569336
2022-06-27,109.08000183105469,90.95809936523438
2022-06-28,109.05000305175781,90.93306732177734
2022-06-29,109.69999694824219,91.4750747680664
2022-06-30,110.02999877929688,91.75027465820312
2022-07-01,111.12000274658203,92.90997314453125
2022-07-05,111.08999633789062,92.88489532470703
2022-07-06,110.54000091552734,92.42503356933594
2022-07-07,110.52999877929688,92.41665649414062
2022-07-08,110.3499984741211,92.26614379882812
2022-07-11,110.66000366210938,92.52538299560547
2022-07-12,110.81999969482422,92.65914916992188
2022-07-13,111.6500015258789,93.35313415527344
2022-07-14,110.94000244140625,92.75949096679688
2022-07-15,111.83000183105469,93.50364685058594
2022-07-18,111.05000305175781,92.85147857666016
2022-07-19,111.36000061035156,93.11065673828125
2022-07-20,111.23999786376953,93.01028442382812
2022-07-21,112.76000213623047,94.28125
2022-07-22,113.62999725341797,95.0086669921875
2022-07-25,112.66999816894531,94.20592498779297
2022-07-26,112.6500015258789,94.18926239013672
2022-07-27,113.4000015258789,94.81632995605469
2022-07-28,114.33999633789062,95.60228729248047
2022-07-29,114.61000061035156,95.82803344726562
2022-08-01,114.55999755859375,96.01748657226562
2022-08-02,113.16000366210938,94.84407806396484
2022-08-03,114.38999938964844,95.875
2022-08-04,114.56999969482422,96.02587127685547
2022-08-05,113.0199966430664,94.72669982910156
2022-08-08,113.47000122070312,95.10391235351562
2022-08-09,112.95999908447266,94.67645263671875
2022-08-10,114.02999877929688,95.57324981689453
2022-08-11,112.93000030517578,94.65129089355469
2022-08-12,114.23999786376953,95.749267578125
2022-08-15,114.16000366210938,95.68222045898438
2022-08-16,113.72000122070312,95.31343841552734
2022-08-17,112.6500015258789,94.41663360595703
2022-08-18,112.94000244140625,94.65966796875
2022-08-19,111.5999984741211,93.53658294677734
2022-08-22,110.8499984741211,92.90796661376953
2022-08-23,110.97000122070312,93.00856018066406
2022-08-24,110.63999938964844,92.73197174072266
2022-08-25,111.77999877929688,93.68742370605469
2022-08-26,111.11000061035156,93.12589263916016
2022-08-29,110.29000091552734,92.4385986328125
2022-08-30,110.43000030517578,92.5559310913086
2022-08-31,109.2699966430664,91.58367156982422
2022-09-01,108.30999755859375,91.0323486328125
2022-09-02,108.38999938964844,91.09956359863281
2022-09-06,106.91999816894531,89.86407470703125
2022-09-07,108.37999725341797,91.0911865234375
2022-09-08,108.12999725341797,90.88105010986328
2022-09-09,108.37999725341797,91.0911865234375
2022-09-12,108.13999938964844,90.88945770263672
2022-09-13,107.36000061035156,90.23387908935547
2022-09-14,107.87000274658203,90.66256713867188
2022-09-15,107.3499984741211,90.22545623779297
2022-09-16,107.0999984741211,90.01537322998047
2022-09-19,107.27999877929688,90.16664123535156
2022-09-20,106.20999908447266,89.26734924316406
2022-09-21,106.61000061035156,89.6035385131836
2022-09-22,105.11000061035156,88.34283447265625
2022-09-23,104.80999755859375,88.0906753540039
2022-09-26,102.98999786376953,86.56097412109375
2022-09-27,101.44000244140625,85.25824737548828
2022-09-28,103.4800033569336,86.97281646728516
2022-09-29,102.70999908447266,86.3256607055664
2022-09-30,102.44999694824219,86.10712432861328
2022-10-03,104.0,87.70004272460938
2022-10-04,104.4800033569336,88.10482788085938
2022-10-05,103.69000244140625,87.43868255615234
2022-10-06,103.44999694824219,87.23628997802734
2022-10-07,102.41999816894531,86.36770629882812
2022-10-10,101.5,85.59192657470703
2022-10-11,101.29000091552734,85.41481018066406
2022-10-12,101.16999816894531,85.31361389160156
2022-10-13,101.3499984741211,85.46540832519531
2022-10-14,100.37999725341797,84.64743041992188
2022-10-17,100.86000061035156,85.05220031738281
2022-10-18,101.45999908447266,85.55816650390625
2022-10-19,100.06999969482422,84.38601684570312
2022-10-20,99.19999694824219,83.65239715576172
2022-10-21,99.4800033569336,83.88848114013672
2022-10-24,99.43000030517578,83.84632873535156
2022-10-25,100.76000213623047,84.9678726196289
2022-10-26,101.22000122070312,85.35576629638672
2022-10-27,101.69000244140625,85.75212097167969
2022-10-28,101.9000015258789,85.92920684814453
2022-10-31,101.3499984741211,85.46540832519531
2022-11-01,101.7699966430664,86.08032989501953
2022-11-02,101.27999877929688,85.66587829589844
2022-11-03,100.91999816894531,85.36137390136719
2022-11-04,101.12000274658203,85.5305404663086
2022-11-07,100.75,85.21756744384766
2022-11-08,101.16999816894531,85.57282257080078
2022-11-09,100.91000366210938,85.3529052734375
2022-11-10,104.29000091552734,88.21183776855469
2022-11-11,104.56999969482422,88.44866943359375
2022-11-14,104.04000091552734,88.00035858154297
2022-11-15,105.48999786376953,89.22682189941406
2022-11-16,106.38999938964844,89.98808288574219
2022-11-17,105.81999969482422,89.50593566894531
2022-11-18,105.80999755859375,89.49749755859375
2022-11-21,105.6500015258789,89.36214447021484
2022-11-22,106.58999633789062,90.15725708007812
2022-11-23,107.66000366210938,91.06230926513672
2022-11-25,107.7699966430664,91.15531921386719
2022-11-28,106.98999786376953,90.49559783935547
2022-11-29,106.45999908447266,90.04727935791016
2022-11-30,107.76000213623047,91.14688110351562
2022-12-01,108.76000213623047,92.28729248046875
2022-12-02,109.41999816894531,92.84734344482422
2022-12-05,108.48999786376953,92.05818939208984
2022-12-06,108.81999969482422,92.33820343017578
2022-12-07,110.02999877929688,93.3649673461914
2022-12-08,109.68000030517578,93.06797790527344
2022-12-09,108.86000061035156,92.37216186523438
2022-12-12,108.72000122070312,92.25334930419922
2022-12-13,109.66999816894531,93.05946350097656
2022-12-14,109.7699966430664,93.1443099975586
2022-12-15,109.52999877929688,93.22262573242188
2022-12-16,109.05999755859375,92.82260131835938
2022-12-19,107.95999908447266,91.88634490966797
2022-12-20,106.69000244140625,90.80547332763672
2022-12-21,107.41999816894531,91.42676544189453
2022-12-22,107.38999938964844,91.4012451171875
2022-12-23,107.05999755859375,91.12039947509766
2022-12-27,105.68000030517578,89.94583892822266
2022-12-28,105.3499984741211,89.66498565673828
2022-12-29,106.0999984741211,90.30335235595703
2022-12-30,105.43000030517578,89.73304748535156
2023-01-03,106.16000366210938,90.3543701171875
2023-01-04,106.93000030517578,91.00973510742188
2023-01-05,106.8499984741211,90.94164276123047
2023-01-06,108.5999984741211,92.43109130859375
2023-01-09,109.02999877929688,92.79707336425781
2023-01-10,108.66000366210938,92.48218536376953
2023-01-11,109.58999633789062,93.27369689941406
2023-01-12,110.83000183105469,94.3290786743164
2023-01-13,110.47000122070312,94.02267456054688
2023-01-17,110.06999969482422,93.68224334716797
2023-01-18,111.36000061035156,94.78018188476562
2023-01-19,111.12999725341797,94.58442687988281
2023-01-20,110.55000305175781,94.09078216552734
2023-01-23,110.2300033569336,93.81842803955078
2023-01-24,110.80999755859375,94.31207275390625
2023-01-25,110.86000061035156,94.35462951660156
2023-01-26,110.81999969482422,94.3205795288086
2023-01-27,110.5,94.0482177734375
2023-01-30,110.08000183105469,93.6907730102539
2023-01-31,110.87000274658203,94.36312103271484
2023-02-01,111.6500015258789,95.32101440429688
2023-02-02,111.80999755859375,95.45761108398438
2023-02-03,110.54000091552734,94.3733901977539
2023-02-06,109.69000244140625,93.64771270751953
2023-02-07,109.33000183105469,93.34033203125
2023-02-08,109.44000244140625,93.43423461914062
2023-02-09,108.5199966430664,92.6488265991211
2023-02-10,107.76000213623047,91.99994659423828
2023-02-13,108.16000366210938,92.34144592285156
2023-02-14,107.88999938964844,92.11093139648438
2023-02-15,107.4800033569336,91.76091766357422
2023-02-16,106.62000274658203,91.02668762207031
2023-02-17,107.04000091552734,91.38526916503906
2023-02-21,105.5199966430664,90.08755493164062
2023-02-22,105.81999969482422,90.34367370605469
2023-02-23,106.6500015258789,91.05229187011719
2023-02-24,105.8499984741211,90.36930084228516
2023-02-27,105.87999725341797,90.3948974609375
2023-02-28,105.91999816894531,90.42903137207031
2023-03-01,104.88999938964844,89.86530303955078
2023-03-02,104.9800033569336,89.94239807128906
2023-03-03,106.16999816894531,90.96195983886719
2023-03-06,105.87999725341797,90.71348571777344
2023-03-07,105.58000183105469,90.45648193359375
2023-03-08,105.41000366210938,90.31082153320312
2023-03-09,105.30999755859375,90.22512817382812
2023-03-10,106.81999969482422,91.51885986328125
2023-03-13,106.91000366210938,91.59596252441406
2023-03-14,106.58999633789062,91.32179260253906
2023-03-15,107.61000061035156,92.19568634033203
2023-03-16,107.44999694824219,92.05860137939453
2023-03-17,107.98999786376953,92.52125549316406
2023-03-20,107.66999816894531,92.24707794189453
2023-03-21,108.19000244140625,92.69261932373047
2023-03-22,108.81999969482422,93.23238372802734
2023-03-23,109.12999725341797,93.49793243408203
2023-03-24,109.47000122070312,93.78922271728516
2023-03-27,108.16000366210938,92.66688537597656
2023-03-28,107.9800033569336,92.51270294189453
2023-03-29,108.4800033569336,92.94107055664062
2023-03-30,108.62999725341797,93.06958770751953
2023-03-31,109.61000061035156,93.90919494628906
2023-04-03,109.93000030517578,94.47640228271484
2023-04-04,110.06999969482422,94.59674835205078
2023-04-05,110.43000030517578,94.90613555908203
2023-04-06,110.33000183105469,94.82018280029297
2023-04-10,109.81999969482422,94.38189697265625
2023-04-11,109.79000091552734,94.35610961914062
2023-04-12,109.55999755859375,94.1584243774414
2023-04-13,109.75,94.32173156738281
2023-04-14,109.38999938964844,94.01234436035156
2023-04-17,108.69999694824219,93.41935729980469
2023-04-18,109.05999755859375,93.72874450683594
2023-04-19,108.5199966430664,93.26465606689453
2023-04-20,108.93000030517578,93.61698913574219
2023-04-21,109.0,93.67715454101562
2023-04-24,109.4800033569336,94.08967590332031
2023-04-25,109.95999908447266,94.50220489501953
2023-04-26,109.4800033569336,94.08967590332031
2023-04-27,109.08000183105469,93.74591827392578
2023-04-28,109.93000030517578,94.47640228271484
2023-05-01,107.79000091552734,92.95181274414062
2023-05-02,109.08999633789062,94.0728530883789
2023-05-03,109.2699966430664,94.22805786132812
2023-05-04,108.97000122070312,93.96939086914062
2023-05-05,108.54000091552734,93.59856414794922
2023-05-08,107.76000213623047,92.9259262084961
2023-05-09,107.72000122070312,92.89143371582031
2023-05-10,108.56999969482422,93.62440490722656
2023-05-11,108.98999786376953,93.98661041259766
2023-05-12,108.31999969482422,93.40885925292969
2023-05-15,107.73999786376953,92.90868377685547
2023-05-16,107.19999694824219,92.44300079345703
2023-05-17,107.19000244140625,92.43441009521484
2023-05-18,106.73999786376953,92.04631805419922
2023-05-19,106.61000061035156,91.93425750732422
2023-05-22,106.56999969482422,91.89974975585938
2023-05-23,106.79000091552734,92.0894775390625
2023-05-24,106.37000274658203,91.72728729248047
2023-05-25,106.0199966430664,91.42544555664062
2023-05-26,106.47000122070312,91.81352233886719
2023-05-30,107.2699966430664,92.5033950805664
2023-05-31,107.62000274658203,92.80521392822266
2023-06-01,107.5999984741211,93.08983612060547
2023-06-02,107.30999755859375,92.8389663696289
2023-06-05,107.08000183105469,92.63993835449219
2023-06-06,107.29000091552734,92.82164001464844
2023-06-07,106.33000183105469,91.99112701416016
2023-06-08,107.04000091552734,92.60537719726562
2023-06-09,106.76000213623047,92.36314392089844
2023-06-12,107.0999984741211,92.65727996826172
2023-06-13,106.62000274658203,92.24199676513672
2023-06-14,106.94999694824219,92.52747344970703
2023-06-15,107.87999725341797,93.33206939697266
2023-06-16,107.69000244140625,93.16771697998047
2023-06-20,108.08000183105469,93.50513458251953
2023-06-21,107.95999908447266,93.40128326416016
2023-06-22,107.4000015258789,92.91681671142578
2023-06-23,107.69999694824219,93.17637634277344
2023-06-26,107.81999969482422,93.28018188476562
2023-06-27,107.69999694824219,93.17637634277344
2023-06-28,108.16999816894531,93.58297729492188
2023-06-29,107.3499984741211,92.87355041503906
2023-06-30,108.13999938964844,93.5570068359375
2023-07-03,107.48999786376953,93.294921875
2023-07-05,106.72000122070312,92.6266098022461
2023-07-06,105.63999938964844,91.68920135498047
2023-07-07,105.54000091552734,91.60243225097656
2023-07-10,106.08999633789062,92.0798110961914
2023-07-11,106.58999633789062,92.5137710571289
2023-07-12,107.52999877929688,93.32964324951172
2023-07-13,108.29000091552734,93.9892349243164
2023-07-14,107.44999694824219,93.26017761230469
2023-07-17,107.62999725341797,93.41641998291016
2023-07-18,107.9000015258789,93.65074920654297
2023-07-19,108.51000213623047,94.18019104003906
2023-07-20,107.77999877929688,93.54663848876953
2023-07-21,107.97000122070312,93.71150207519531
2023-07-24,107.83999633789062,93.59867858886719
2023-07-25,107.66999816894531,93.45112609863281
2023-07-26,108.16999816894531,93.88511657714844
2023-07-27,106.8499984741211,92.73941040039062
2023-07-28,107.55000305175781,93.34697723388672
2023-07-31,107.8499984741211,93.60736083984375
2023-08-01,106.41000366210938,92.67459869384766
2023-08-02,105.76000213623047,92.1084976196289
2023-08-03,104.80999755859375,91.28112030029297
2023-08-04,105.9000015258789,92.2304458618164
2023-08-07,105.63999938964844,92.00399017333984
2023-08-08,106.05999755859375,92.36975860595703
2023-08-09,106.16000366210938,92.4568862915039
2023-08-10,105.41000366210938,91.80369567871094
2023-08-11,105.05000305175781,91.49019622802734
2023-08-14,105.01000213623047,91.455322265625
2023-08-15,104.45999908447266,90.97632598876953
2023-08-16,103.98999786376953,90.56696319580078
2023-08-17,103.70999908447266,90.32312774658203
2023-08-18,104.0999984741211,90.66278076171875
2023-08-21,103.4800033569336,90.12281036376953
2023-08-22,103.80000305175781,90.4015121459961
2023-08-23,105.26000213623047,91.67305755615234
2023-08-24,104.9000015258789,91.35953521728516
2023-08-25,104.95999908447266,91.41178131103516
2023-08-28,105.29000091552734,91.69918060302734
2023-08-29,106.12999725341797,92.43074035644531
2023-08-30,105.9800033569336,92.30013275146484
2023-08-31,106.16000366210938,92.4568862915039
2023-09-01,105.02999877929688,91.79872131347656
2023-09-05,104.27999877929688,91.1432113647461
2023-09-06,104.18000030517578,91.05581665039062
2023-09-07,104.63999938964844,91.4578628540039
2023-09-08,104.72000122070312,91.52777862548828
2023-09-11,104.5199966430664,91.35296630859375
2023-09-12,104.48999786376953,91.3267822265625
2023-09-13,104.72000122070312,91.52777862548828
2023-09-14,104.52999877929688,91.36172485351562
2023-09-15,104.37000274658203,91.22187805175781
2023-09-18,104.56999969482422,91.3967056274414
2023-09-19,104.22000122070312,91.09076690673828
2023-09-20,104.26000213623047,91.12571716308594
2023-09-21,103.20999908447266,90.20801544189453
2023-09-22,103.83999633789062,90.7586669921875
2023-09-25,102.83000183105469,89.87586975097656
2023-09-26,102.54000091552734,89.62244415283203
2023-09-27,102.05999755859375,89.2028579711914
2023-09-28,102.23999786376953,89.36021423339844
2023-09-29,102.0199966430664,89.16790771484375
2023-10-02,100.69000244140625,88.35100555419922
2023-10-03,99.52999877929688,87.3331527709961
2023-10-04,100.4000015258789,88.09657287597656
2023-10-05,100.27999877929688,87.99127197265625
2023-10-06,99.9800033569336,87.72801971435547
2023-10-09,101.22000122070312,88.81607818603516
2023-10-10,101.26000213623047,88.85118103027344
2023-10-11,101.87999725341797,89.39519500732422
2023-10-12,100.81999969482422,88.46508026123047
2023-10-13,101.37999725341797,88.95647430419922
2023-10-16,100.68000030517578,88.34222412109375
2023-10-17,99.87999725341797,87.64027404785156
2023-10-18,99.08000183105469,86.9383316040039
2023-10-19,98.27999877929688,86.2363510131836
2023-10-20,98.66999816894531,86.57855224609375
2023-10-23,99.44000244140625,87.25420379638672
2023-10-24,100.0,87.74557495117188
2023-10-25,99.08999633789062,86.94707489013672
2023-10-26,99.80999755859375,87.578857421875
2023-10-27,99.61000061035156,87.40336608886719
2023-10-30,99.30999755859375,87.14010620117188
2023-10-31,99.16999816894531,87.01728820800781
2023-11-01,100.22000122070312,88.26258850097656
2023-11-02,101.41000366210938,89.31060028076172
2023-11-03,101.91000366210938,89.75096130371094
2023-11-06,101.37000274658203,89.2753677368164
2023-11-07,102.18000030517578,89.9887466430664
2023-11-08,102.69999694824219,90.44668579101562
2023-11-09,101.66000366210938,89.53076171875
2023-11-10,102.16999816894531,89.97991180419922
2023-11-13,102.18000030517578,89.9887466430664
2023-11-14,103.77999877929688,91.39783477783203
2023-11-15,103.23999786376953,90.92227172851562
2023-11-16,104.08999633789062,91.67082977294922
2023-11-17,104.38999938964844,91.93505859375
2023-11-20,104.80999755859375,92.304931640625
2023-11-21,104.83999633789062,92.33134460449219
2023-11-22,105.26000213623047,92.70124816894531
2023-11-24,104.72000122070312,92.22569274902344
2023-11-27,105.56999969482422,92.97425079345703
2023-11-28,105.98999786376953,93.34415435791016
2023-11-29,106.8499984741211,94.10153198242188
2023-11-30,106.29000091552734,93.60834503173828
2023-12-01,107.16999816894531,94.73541259765625
2023-12-04,106.68000030517578,94.30228424072266
2023-12-05,107.52999877929688,95.05364990234375
2023-12-06,107.93000030517578,95.4072494506836
2023-12-07,107.94000244140625,95.41607666015625
2023-12-08,107.36000061035156,94.90337371826172
2023-12-11,107.33000183105469,94.87686157226562
2023-12-12,107.94000244140625,95.41607666015625
2023-12-13,109.75,97.0160903930664
2023-12-14,110.5199966430664,98.04782104492188
2023-12-15,110.36000061035156,97.90589904785156
2023-12-18,109.9000015258789,97.4977798461914
2023-12-19,110.04000091552734,97.62198638916016
2023-12-20,110.33000183105469,97.8792495727539
2023-12-21,110.29000091552734,97.84378051757812
2023-12-22,110.0999984741211,97.67523193359375
2023-12-26,110.33000183105469,97.8792495727539
2023-12-27,111.36000061035156,98.79302215576172
2023-12-28,111.06999969482422,98.5357666015625
2023-12-29,110.66000366210938,98.1720199584961
2024-01-02,109.91000366210938,97.50666046142578
2024-01-03,109.66000366210938,97.28488159179688
2024-01-04,109.05000305175781,96.74371337890625
2024-01-05,108.66000366210938,96.39773559570312
2024-01-08,109.48999786376953,97.13404846191406
2024-01-09,109.68000030517578,97.3026351928711
2024-01-10,109.54000091552734,97.17842102050781
2024-01-11,110.19999694824219,97.76393127441406
2024-01-12,110.44000244140625,97.97686767578125
2024-01-16,109.31999969482422,96.9832534790039
2024-01-17,109.08999633789062,96.77920532226562
2024-01-18,108.87999725341797,96.59288787841797
2024-01-19,108.98999786376953,96.69048309326172
2024-01-22,109.29000091552734,96.95662689208984
2024-01-23,108.88999938964844,96.60177612304688
2024-01-24,108.68000030517578,96.41547393798828
2024-01-25,109.4000015258789,97.05423736572266
2024-01-26,109.08999633789062,96.77920532226562
2024-01-29,109.54000091552734,97.17842102050781
2024-01-30,109.88999938964844,97.48890686035156
2024-01-31,110.16999816894531,97.73734283447266
2024-02-01,110.62999725341797,98.49317932128906
2024-02-02,109.62000274658203,97.59400177001953
2024-02-05,108.56999969482422,96.65916442871094
2024-02-06,109.18000030517578,97.2022705078125
2024-02-07,108.86000061035156,96.91734313964844
2024-02-08,108.30000305175781,96.41880798339844
2024-02-09,108.16000366210938,96.29415893554688
2024-02-12,108.16999816894531,96.30303955078125
2024-02-13,106.9800033569336,95.24359893798828
2024-02-14,107.4800033569336,95.6887435913086
2024-02-15,107.87000274658203,96.0359878540039
2024-02-16,107.4800033569336,95.6887435913086
2024-02-20,107.83999633789062,96.0092544555664
2024-02-21,107.56999969482422,95.76889038085938
2024-02-22,107.73999786376953,95.92023468017578
2024-02-23,108.05999755859375,96.20511627197266
2024-02-26,107.72000122070312,95.90242004394531
2024-02-27,107.56999969482422,95.76889038085938
2024-02-28,107.55999755859375,95.75997924804688
2024-02-29,107.66000366210938,95.8489990234375
2024-03-01,107.91999816894531,96.43250274658203
2024-03-04,107.72000122070312,96.25379943847656
2024-03-05,108.30999755859375,96.7809829711914
2024-03-06,108.5999984741211,97.04013061523438
2024-03-07,108.87000274658203,97.28137969970703
2024-03-08,109.0199966430664,97.4154052734375
2024-03-11,109.04000091552734,97.43328857421875
2024-03-12,108.69000244140625,97.12055969238281
2024-03-13,108.58000183105469,97.02223205566406
2024-03-14,107.77999877929688,96.30738830566406
2024-03-15,107.80999755859375,96.3342056274414
2024-03-18,107.62999725341797,96.17335510253906
2024-03-19,107.94000244140625,96.45040130615234
2024-03-20,108.13999938964844,96.62908935546875
2024-03-21,108.30000305175781,96.77206420898438
2024-03-22,108.66999816894531,97.10265350341797
2024-03-25,108.30000305175781,96.77206420898438
2024-03-26,108.2699966430664,96.74524688720703
2024-03-27,109.0199966430664,97.4154052734375
2024-03-28,108.91999816894531,97.3260498046875
2024-04-01,107.47000122070312,96.39413452148438
2024-04-02,107.30999755859375,96.25061798095703
2024-04-03,107.37999725341797,96.31339263916016
2024-04-04,107.5,96.42105102539062
2024-04-05,107.02999877929688,95.99947357177734
2024-04-08,107.0199966430664,95.99052429199219
2024-04-09,107.56999969482422,96.48382568359375
2024-04-10,106.04000091552734,95.11151123046875
2024-04-11,105.81999969482422,94.91416931152344
2024-04-12,106.05999755859375,95.12945556640625
2024-04-15,104.88999938964844,94.08003997802734
2024-04-16,104.54000091552734,93.76611328125
2024-04-17,105.11000061035156,94.27735900878906
2024-04-18,104.9000015258789,94.08898162841797
2024-04-19,105.01000213623047,94.18767547607422
2024-04-22,105.2699966430664,94.42089080810547
2024-04-23,105.44999694824219,94.58230590820312
2024-04-24,105.04000091552734,94.21456909179688
2024-04-25,104.7300033569336,93.93653869628906
2024-04-26,105.12999725341797,94.29530334472656
2024-04-29,105.56999969482422,94.68995666503906
2024-04-30,104.98999786376953,94.16974639892578
2024-05-01,105.01000213623047,94.56143951416016
2024-05-02,105.66000366210938,95.14678192138672
2024-05-03,106.4000015258789,95.81312561035156
2024-05-06,106.69999694824219,96.08328247070312
2024-05-07,106.75,96.12832641601562
2024-05-08,106.4800033569336,95.88518524169922
2024-05-09,106.6500015258789,96.03825378417969
2024-05-10,106.30999755859375,95.73208618164062
2024-05-13,106.3499984741211,95.76811218261719
2024-05-14,106.66000366210938,96.04727172851562
2024-05-15,107.61000061035156,96.9027328491211
2024-05-16,107.44000244140625,96.74964904785156
2024-05-17,107.19000244140625,96.5245361328125
2024-05-20,107.13999938964844,96.47949981689453
2024-05-21,107.31999969482422,96.6416015625
2024-05-22,107.16000366210938,96.49750518798828
2024-05-23,106.69000244140625,96.07427215576172
2024-05-24,106.9800033569336,96.3354263305664
2024-05-28,106.33999633789062,95.75910186767578
2024-05-29,105.7699966430664,95.24581146240234
2024-05-30,106.41999816894531,95.83112335205078
2024-05-31,106.88999938964844,96.25435638427734
2024-06-03,107.22000122070312,96.91874694824219
2024-06-04,107.63999938964844,97.29840850830078
2024-06-05,108.0,97.62382507324219
2024-06-06,107.93000030517578,97.560546875
2024-06-07,106.95999908447266,96.68373107910156
2024-06-10,106.73999786376953,96.48486328125
2024-06-11,107.19999694824219,96.90070343017578
2024-06-12,107.86000061035156,97.49728393554688
2024-06-13,108.37000274658203,97.95829010009766
2024-06-14,108.45999908447266,98.03961944580078
2024-06-17,107.94999694824219,97.57864379882812
2024-06-18,108.44999694824219,98.03060150146484
2024-06-20,108.08999633789062,97.7051773071289
2024-06-21,108.12000274658203,97.73229217529297
2024-06-24,108.2300033569336,97.83172607421875
2024-06-25,108.19000244140625,97.79557800292969
2024-06-26,107.5999984741211,97.26226043701172
2024-06-27,107.80999755859375,97.45207214355469
2024-06-28,107.12000274658203,96.82837677001953
2024-07-01,106.11000061035156,96.25325012207031
2024-07-02,106.79000091552734,96.8700942993164
2024-07-03,107.58000183105469,97.58670806884766
2024-07-05,108.13999938964844,98.09468078613281
2024-07-08,108.12999725341797,98.08562469482422
2024-07-09,107.93000030517578,97.9041976928711
2024-07-10,108.19000244140625,98.14005279541016
2024-07-11,108.7699966430664,98.66616821289062
2024-07-12,109.16999816894531,99.02902221679688
2024-07-15,108.56999969482422,98.48475646972656
2024-07-16,109.19999694824219,99.05624389648438
2024-07-17,109.25,99.1015625
2024-07-18,108.77999877929688,98.67523956298828
2024-07-19,108.37999725341797,98.31239318847656
2024-07-22,108.31999969482422,98.25796508789062
2024-07-23,108.23999786376953,98.18539428710938
2024-07-24,107.58000183105469,97.58670806884766
2024-07-25,108.01000213623047,97.97675323486328
2024-07-26,108.61000061035156,98.52102661132812
2024-07-29,108.83999633789062,98.72965240478516
2024-07-30,108.93000030517578,98.8113021850586
2024-07-31,109.55999755859375,99.3827896118164
2024-08-01,109.52999877929688,99.71234893798828
2024-08-02,110.5999984741211,100.68640899658203
2024-08-05,110.31999969482422,100.4315185546875
2024-08-06,109.5999984741211,99.77606964111328
2024-08-07,109.0999984741211,99.32088470458984
2024-08-08,109.1500015258789,99.36638641357422
2024-08-09,109.70999908447266,99.87620544433594
2024-08-12,109.94000244140625,100.08557891845703
2024-08-13,110.70999908447266,100.78656768798828
2024-08-14,111.19999694824219,101.2326431274414
2024-08-15,110.86000061035156,100.9231185913086
2024-08-16,111.19000244140625,101.2235336303711
2024-08-19,111.44999694824219,101.4602279663086
2024-08-20,111.73999786376953,101.72425079345703
2024-08-21,111.98999786376953,101.95184326171875
2024-08-22,111.52999877929688,101.5330581665039
2024-08-23,112.16999816894531,102.1156997680664
2024-08-26,112.02999877929688,101.98825073242188
2024-08-27,111.94000244140625,101.90631103515625
2024-08-28,111.70999908447266,101.69695281982422
2024-08-29,111.5199966430664,101.52396392822266
2024-08-30,111.20999908447266,101.24172973632812
2024-09-03,111.13999938964844,101.5478286743164
2024-09-04,111.83000183105469,102.17828369140625
2024-09-05,112.37999725341797,102.68082427978516
2024-09-06,112.33000183105469,102.63514709472656
2024-09-09,112.58000183105469,102.86356353759766
2024-09-10,112.88999938964844,103.14679718017578
2024-09-11,112.94000244140625,103.1924819946289
2024-09-12,112.86000061035156,103.11939239501953
2024-09-13,113.20999908447266,103.43919372558594
2024-09-16,113.70999908447266,103.89601135253906
2024-09-17,113.72000122070312,103.90515899658203
2024-09-18,113.25,103.47573852539062
2024-09-19,113.3499984741211,103.56710052490234
2024-09-20,113.44999694824219,103.65847778320312
2024-09-23,113.29000091552734,103.51227569580078
2024-09-24,113.4800033569336,103.68588256835938
2024-09-25,112.80999755859375,103.0737075805664
2024-09-26,112.80999755859375,103.0737075805664
2024-09-27,113.26000213623047,103.48487091064453
2024-09-30,112.9800033569336,103.22904968261719
2024-10-01,113.11000061035156,103.72514343261719
2024-10-02,112.86000061035156,103.49589538574219
2024-10-03,112.12999725341797,102.82646942138672
2024-10-04,111.5199966430664,102.26708221435547
2024-10-07,110.94999694824219,101.74434661865234
2024-10-08,111.16999816894531,101.94610595703125
2024-10-09,110.94999694824219,101.74434661865234
2024-10-10,110.83000183105469,101.63432312011719
2024-10-11,110.80999755859375,101.61598205566406
2024-10-14,110.81999969482422,101.6251449584961
2024-10-15,111.36000061035156,102.12035369873047
2024-10-16,111.70999908447266,102.44131469726562
2024-10-17,110.87999725341797,101.68017578125
2024-10-18,110.75,101.56095886230469
2024-10-21,109.62000274658203,100.52469635009766
2024-10-22,109.61000061035156,100.51556396484375
2024-10-23,109.23999786376953,100.1762466430664
2024-10-24,109.56999969482422,100.47886657714844
2024-10-25,109.30999755859375,100.24043273925781
2024-10-28,109.22000122070312,100.15790557861328
2024-10-29,109.3499984741211,100.277099609375
2024-10-30,109.20999908447266,100.14875030517578
2024-10-31,108.98999786376953,99.94698333740234
2024-11-01,108.01000213623047,99.3994140625
2024-11-04,108.80999755859375,100.1356201171875
2024-11-05,109.33000183105469,100.61418151855469
2024-11-06,108.19000244140625,99.5650863647461
2024-11-07,109.47000122070312,100.74301147460938
2024-11-08,109.8499984741211,101.09273529052734
2024-11-11,109.63999938964844,100.89946746826172
2024-11-12,108.6500015258789,99.9884033203125
2024-11-13,108.23999786376953,99.61106872558594
2024-11-14,108.20999908447266,99.5834732055664
2024-11-15,108.26000213623047,99.62950134277344
2024-11-18,108.45999908447266,99.81354522705078
2024-11-19,108.69000244140625,100.02522277832031
2024-11-20,108.43000030517578,99.78594207763672
2024-11-21,108.30000305175781,99.66629791259766
2024-11-22,108.4000015258789,99.7583236694336
2024-11-25,109.75,101.0007095336914
2024-11-26,109.47000122070312,100.74301147460938
2024-11-27,109.87000274658203,101.11115264892578
2024-11-29,110.55000305175781,101.73692321777344
2024-12-02,110.33999633789062,101.89667510986328
2024-12-03,109.94999694824219,101.53655242919922
2024-12-04,110.4800033569336,102.02599334716797
2024-12-05,110.44999694824219,101.9982681274414
2024-12-06,110.69999694824219,102.22914123535156
2024-12-09,110.41999816894531,101.9705581665039
2024-12-10,110.25,101.8135757446289
2024-12-11,109.94999694824219,101.53655242919922
2024-12-12,109.33000183105469,100.96397399902344
2024-12-13,108.72000122070312,100.4006576538086
2024-12-16,108.86000061035156,100.52995300292969
2024-12-17,108.87000274658203,100.53917694091797
2024-12-18,107.13999938964844,99.29267883300781
2024-12-19,106.55999755859375,98.75518035888672
2024-12-20,106.9800033569336,99.14441680908203
2024-12-23,106.66999816894531,98.85711669921875
2024-12-24,107.0,99.16295623779297
2024-12-26,107.0999984741211,99.25563049316406
2024-12-27,106.6500015258789,98.83856201171875
2024-12-30,107.11000061035156,99.26488494873047
2024-12-31,106.83999633789062,99.01465606689453
2025-01-02,106.8499984741211,99.0239486694336
2025-01-03,106.5999984741211,98.79222869873047
2025-01-06,106.33000183105469,98.5420150756836
2025-01-07,105.83999633789062,98.08790588378906
2025-01-08,106.01000213623047,98.24544525146484
2025-01-10,105.4000015258789,97.68013000488281
2025-01-13,105.0999984741211,97.4021224975586
2025-01-14,105.22000122070312,97.51332092285156
2025-01-15,106.4800033569336,98.68102264404297
2025-01-16,106.69000244140625,98.87565612792969
2025-01-17,106.77999877929688,98.95906066894531
2025-01-21,107.4000015258789,99.53365325927734
2025-01-22,107.05999755859375,99.21856689453125
2025-01-23,106.91000366210938,99.07954406738281
2025-01-24,107.12000274658203,99.274169921875
2025-01-27,107.86000061035156,99.9599609375
2025-01-28,107.70999908447266,99.82093811035156
2025-01-29,107.56999969482422,99.69120788574219
2025-01-30,107.80999755859375,99.91362762451172
2025-01-31,107.45999908447266,99.5892562866211
2025-02-03,107.23999786376953,99.74644470214844
2025-02-04,107.44999694824219,99.94176483154297
2025-02-05,108.19999694824219,100.63935089111328
2025-02-06,108.0,100.45333099365234
2025-02-07,107.52999877929688,100.01618194580078
2025-02-10,107.55999755859375,100.04407501220703
2025-02-11,107.31999969482422,99.82085418701172
2025-02-12,106.73999786376953,99.28138732910156
2025-02-13,107.56999969482422,100.05339050292969
2025-02-14,107.98999786376953,100.44402313232422
2025-02-18,107.55000305175781,100.03478240966797
2025-02-19,107.61000061035156,100.09060668945312
2025-02-20,107.87000274658203,100.3324203491211
2025-02-21,108.25,100.68585968017578
2025-02-24,108.52999877929688,100.9463119506836
2025-02-25,109.36000061035156,101.71831512451172
2025-02-26,109.58999633789062,101.93223571777344
2025-02-27,109.12999725341797,101.50436401367188
2025-02-28,109.61000061035156,101.95085144042969
2025-03-03,109.54000091552734,102.27295684814453
2025-03-04,109.18000030517578,101.93684387207031
2025-03-05,108.83000183105469,101.61006164550781
2025-03-06,108.48999786376953,101.29261779785156
2025-03-07,108.31999969482422,101.1338882446289
2025-03-10,108.69000244140625,101.47933959960938
2025-03-11,107.9800033569336,100.81645965576172
2025-03-12,107.66000366210938,100.51769256591797
2025-03-13,108.0,100.83512115478516
2025-03-14,107.94999694824219,100.7884292602539
2025-03-17,108.16999816894531,100.99384307861328
2025-03-18,108.43000030517578,101.236572265625
2025-03-19,109.06999969482422,101.83413696289062
2025-03-20,108.91000366210938,101.68474578857422
2025-03-21,108.76000213623047,101.54469299316406
2025-03-24,108.29000091552734,101.10588073730469
2025-03-25,108.4000015258789,101.20858001708984
2025-03-26,107.95999908447266,100.79776763916016
2025-03-27,107.83000183105469,100.67640686035156
2025-03-28,108.4800033569336,101.28328704833984
2025-03-31,108.69000244140625,101.47933959960938
2025-04-01,108.66000366210938,101.84205627441406
2025-04-02,108.91000366210938,102.07637023925781
2025-04-03,108.9000015258789,102.06700134277344
2025-04-04,108.77999877929688,101.95453643798828
2025-04-07,106.66000366210938,99.96756744384766
2025-04-08,105.30999755859375,98.70226287841797
2025-04-09,107.06999969482422,100.3518295288086
2025-04-10,105.25,98.64600372314453
2025-04-11,105.2300033569336,98.62725830078125
2025-04-14,105.87999725341797,99.23646545410156
2025-04-15,106.44999694824219,99.77071380615234
2025-04-16,106.9000015258789,100.1924819946289
2025-04-17,106.75,100.05189514160156
2025-04-21,105.5999984741211,98.97406005859375
2025-04-22,105.86000061035156,99.21774291992188
2025-04-23,106.33000183105469,99.65826416015625
2025-04-24,107.41999816894531,100.67985534667969
2025-04-25,107.98999786376953,101.21409606933594
2025-04-28,108.23999786376953,101.44841766357422
2025-04-29,108.48999786376953,101.68272399902344
2025-04-30,107.9800033569336,101.20474243164062
2025-05-01,107.16999816894531,100.8490219116211
2025-05-02,106.91000366210938,100.60436248779297
2025-05-05,106.76000213623047,100.46319580078125
2025-05-06,106.97000122070312,100.66081237792969
2025-05-07,107.19000244140625,100.86784362792969
2025-05-08,106.6500015258789,100.35968780517578
2025-05-09,106.61000061035156,100.32205963134766
2025-05-12,106.58999633789062,100.30320739746094
2025-05-13,106.68000030517578,100.3879165649414
2025-05-14,106.13999938964844,99.87977600097656
2025-05-15,106.9000015258789,100.59493255615234
2025-05-16,107.0999984741211,100.78314971923828
2025-05-19,107.11000061035156,100.79255676269531
2025-05-20,106.8499984741211,100.54788208007812
2025-05-21,105.66000366210938,99.4280776977539
2025-05-22,106.19999694824219,99.93623352050781
2025-05-23,106.27999877929688,100.01150512695312
2025-05-27,107.23999786376953,100.91490936279297
2025-05-28,106.9800033569336,100.67022705078125
2025-05-29,107.45999908447266,101.12191009521484
2025-05-30,107.7699966430664,101.41361999511719
2025-06-02,107.06999969482422,101.12651062011719
2025-06-03,107.12000274658203,101.17374420166016
2025-06-04,107.9000015258789,101.9104232788086
2025-06-05,107.56999969482422,101.5987548828125
2025-06-06,106.91999816894531,100.9848403930664
2025-06-09,107.23999786376953,101.2870864868164
2025-06-10,107.5,101.53264617919922
2025-06-11,107.83999633789062,101.85376739501953
2025-06-12,108.44000244140625,102.42046356201172
2025-06-13,107.79000091552734,101.80653381347656
2025-06-16,107.5999984741211,101.62708282470703
2025-06-17,107.97000122070312,101.97655487060547
2025-06-18,108.05000305175781,102.0521011352539
2025-06-20,108.13999938964844,102.13712310791016
2025-06-23,108.41000366210938,102.39214324951172
2025-06-24,108.91999816894531,102.87380981445312
2025-06-25,108.79000091552734,102.75104522705078
2025-06-26,109.19000244140625,103.12882232666016
2025-06-27,109.01000213623047,102.95881652832031
2025-06-30,109.61000061035156,103.52549743652344
2025-07-01,109.33999633789062,103.65065002441406
2025-07-02,109.31999969482422,103.63167572021484
2025-07-03,109.05999755859375,103.38520812988281
2025-07-07,108.41000366210938,102.76903533935547
2025-07-08,108.0999984741211,102.47515869140625
2025-07-09,108.72000122070312,103.06291198730469
2025-07-10,108.73999786376953,103.08185577392578
2025-07-11,108.08000183105469,102.4561996459961
2025-07-14,108.05000305175781,102.4277572631836
2025-07-15,107.66000366210938,102.05806732177734
2025-07-16,107.83000183105469,102.2192153930664
2025-07-17,108.08999633789062,102.46568298339844
2025-07-18,108.29000091552734,102.65528106689453
2025-07-21,108.70999908447266,103.05342102050781
2025-07-22,108.97000122070312,103.29988098144531
2025-07-23,108.80000305175781,103.13874053955078
2025-07-24,108.63999938964844,102.98707580566406
2025-07-25,108.98999786376953,103.31885528564453
2025-07-28,108.7699966430664,103.11029815673828
2025-07-29,109.48999786376953,103.7928237915039
2025-07-30,109.08000183105469,103.4041748046875
2025-07-31,109.11000061035156,103.43260955810547
2025-08-01,109.62999725341797,104.35018157958984
2025-08-04,109.81999969482422,104.5310287475586
2025-08-05,109.9000015258789,104.607177734375
2025-08-06,109.87000274658203,104.57861328125
2025-08-07,109.76000213623047,104.47391510009766
2025-08-08,109.41000366210938,104.14077758789062
2025-08-11,109.58000183105469,104.3025894165039
2025-08-12,109.68000030517578,104.39776611328125
2025-08-13,110.26000213623047,104.94983673095703
2025-08-14,109.87999725341797,104.58815002441406
2025-08-15,109.73999786376953,104.45487976074219
2025-08-18,109.54000091552734,104.2645034790039
2025-08-19,109.70999908447266,104.42633056640625
2025-08-20,109.76000213623047,104.47391510009766
2025-08-21,109.33999633789062,104.07415008544922
2025-08-22,110.19999694824219,104.8927230834961
2025-08-25,109.91000366210938,104.61669158935547
2025-08-26,109.98999786376953,104.69283294677734
2025-08-27,110.02999877929688,104.73090362548828
2025-08-28,110.19999694824219,104.8927230834961
2025-08-29,109.80000305175781,104.51199340820312
2025-09-02,109.05000305175781,104.16239166259766
2025-09-03,109.69999694824219,104.78327178955078
2025-09-04,110.44999694824219,105.49964904785156
2025-09-05,111.16999816894531,106.1873779296875
2025-09-08,111.55999755859375,106.55990600585938
2025-09-09,111.36000061035156,106.36885070800781
2025-09-10,111.69000244140625,106.6840591430664
2025-09-11,112.20999908447266,107.1807632446289
2025-09-12,112.01000213623047,106.98973083496094
2025-09-15,112.36000061035156,107.32403564453125
2025-09-16,112.26000213623047,107.22852325439453
2025-09-17,112.05999755859375,107.0374755859375
2025-09-18,111.83000183105469,106.81778717041016
2025-09-19,111.73999786376953,106.73181915283203
2025-09-22,111.48999786376953,106.49303436279297
2025-09-23,111.70999908447266,106.70317077636719
2025-09-24,111.26000213623047,106.2733383178711
2025-09-25,111.05999755859375,106.08230590820312
2025-09-26,111.20999908447266,106.2255630493164
2025-09-29,111.58000183105469,106.57898712158203
2025-09-30,111.47000122070312,106.47393798828125
2025-10-01,111.51000213623047,106.90149688720703
2025-10-02,111.69000244140625,107.07405090332031
2025-10-03,111.55000305175781,106.9398422241211
2025-10-06,111.19000244140625,106.5947265625
2025-10-07,111.4000015258789,106.7960433959961
2025-10-08,111.26000213623047,106.66182708740234
2025-10-09,111.04000091552734,106.45091247558594
2025-10-10,111.3499984741211,106.74810791015625
2025-10-13,111.7300033569336,107.11241149902344
2025-10-14,112.0999984741211,107.46710968017578
2025-10-15,112.0999984741211,107.46710968017578
2025-10-16,112.41999816894531,107.77388763427734
2025-10-17,112.19999694824219,107.56298828125
2025-10-20,112.54000091552734,107.88893127441406
2025-10-21,112.55999755859375,107.90809631347656
2025-10-22,112.66999816894531,108.01356506347656
2025-10-23,112.52999877929688,107.87934112548828
2025-10-24,112.72000122070312,108.06149291992188
2025-10-27,112.91000366210938,108.24365234375
2025-10-28,112.91999816894531,108.25321960449219
2025-10-29,112.27999877929688,107.63967895507812
2025-10-30,111.68000030517578,107.0644760131836
2025-10-31,111.2300033569336,106.6330795288086
2025-11-03,110.52999877929688,106.34635162353516
2025-11-04,110.68000030517578,106.49067687988281
2025-11-05,110.3499984741211,106.17314910888672
2025-11-06,110.93000030517578,106.731201171875
2025-11-07,110.70999908447266,106.51953125
2025-11-10,110.7699966430664,106.57725524902344
2025-11-11,111.20999908447266,107.00060272216797
2025-11-12,111.0999984741211,106.894775390625
2025-11-13,110.55000305175781,106.3656005859375
2025-11-14,110.25,106.07695007324219
2025-11-17,110.31999969482422,106.14430236816406
2025-11-18,110.37000274658203,106.19241333007812
2025-11-19,110.37999725341797,106.20203399658203
2025-11-20,110.52999877929688,106.34635162353516
2025-11-21,110.91999816894531,106.72158813476562
2025-11-24,111.36000061035156,107.14493560791016
2025-11-25,111.66999816894531,107.44319915771484
2025-11-26,112.05000305175781,107.80883026123047
2025-11-28,111.86000061035156,107.62600708007812
2025-12-01,110.8499984741211,107.04947662353516
2025-12-02,110.91999816894531,107.11707305908203
2025-12-03,111.16999816894531,107.35848999023438
2025-12-04,110.97000122070312,107.16535949707031
2025-12-05,110.86000061035156,107.05913543701172
2025-12-08,110.62999725341797,106.83700561523438
2025-12-09,110.48999786376953,106.70182800292969
2025-12-10,111.0,107.1943359375
2025-12-11,110.83999633789062,107.03980255126953
2025-12-12,110.16999816894531,106.39278411865234
2025-12-15,110.30000305175781,106.5183334350586
2025-12-16,110.55000305175781,106.759765625
2025-12-17,110.43000030517578,106.64387512207031
2025-12-18,110.8499984741211,107.04947662353516
2025-12-19,110.12999725341797,106.77413940429688
2025-12-22,110.11000061035156,106.75473022460938
2025-12-23,110.22000122070312,106.86138153076172
2025-12-24,110.6500015258789,107.27828216552734
2025-12-26,110.63999938964844,107.2685775756836
2025-12-29,110.79000091552734,107.41401672363281
2025-12-30,110.66000366210938,107.2879867553711
2025-12-31,110.19000244140625,106.83231353759766
2026-01-02,110.16000366210938,106.80320739746094
2026-01-05,110.47000122070312,107.10377502441406
2026-01-06,110.47000122070312,107.10377502441406
2026-01-07,110.55000305175781,107.18134307861328
2026-01-08,110.23999786376953,106.88078308105469
2026-01-09,110.63999938964844,107.2685775756836
2026-01-12,110.51000213623047,107.1425552368164
2026-01-13,110.75,107.37523651123047
2026-01-14,111.02999877929688,107.64671325683594
2026-01-15,110.88999938964844,107.5109634399414
2026-01-16,110.56999969482422,107.20071411132812
2026-01-20,109.9000015258789,106.55113220214844
2026-01-21,110.55999755859375,107.19103240966797
2026-01-22,110.7699966430664,107.39461517333984
2026-01-23,110.83999633789062,107.46247863769531
2026-01-26,110.93000030517578,107.54975128173828
2026-01-27,110.80999755859375,107.43341827392578
2026-01-28,110.6500015258789,107.27828216552734
2026-01-29,110.68000030517578,107.307373046875
2026-01-30,110.56999969482422,107.20071411132812
2026-02-02,110.05999755859375,107.1014633178711
2026-02-03,110.11000061035156,107.15010833740234
2026-02-04,109.97000122070312,107.01387786865234
2026-02-05,110.5,107.52963256835938
2026-02-06,110.55999755859375,107.58802032470703
2026-02-09,110.55999755859375,107.58802032470703
2026-02-10,110.81999969482422,107.84103393554688
2026-02-11,110.69999694824219,107.72425842285156
2026-02-12,111.22000122070312,108.23027801513672
2026-02-13,111.58999633789062,108.59033203125
2026-02-17,111.69999694824219,108.69737243652344
2026-02-18,111.58999633789062,108.59033203125
2026-02-19,111.68000030517578,108.67791748046875
2026-02-20,111.58999633789062,108.59033203125
2026-02-23,111.70999908447266,108.70710754394531
2026-02-24,111.68000030517578,108.67791748046875
2026-02-25,111.6500015258789,108.64871978759766
2026-02-26,111.72000122070312,108.71685028076172
2026-02-27,111.68000030517578,108.67791748046875
2026-03-02,110.91999816894531,108.30977630615234
2026-03-03,110.87000274658203,108.2609634399414
2026-03-04,110.97000122070312,108.35861206054688
2026-03-05,110.52999877929688,107.92896270751953
2026-03-06,110.16000366210938,107.56767272949219
2026-03-09,110.81999969482422,108.21212768554688
2026-03-10,110.05999755859375,107.47001647949219
2026-03-11,109.16000366210938,106.59120178222656
2026-03-12,108.56999969482422,106.01507568359375
2026-03-13,108.16999816894531,105.6244888305664
2026-03-16,108.69000244140625,106.13226318359375
2026-03-17,109.30000305175781,106.72791290283203
2026-03-18,108.70999908447266,106.15178680419922
2026-03-19,109.19000244140625,106.62049102783203
2026-03-20,107.8499984741211,105.31202697753906
2026-03-23,108.55999755859375,106.00531768798828
2026-03-24,108.33999633789062,105.79048919677734
2026-03-25,108.7300033569336,106.17131805419922
2026-03-26,107.87999725341797,105.34132385253906
2026-03-27,107.62000274658203,105.08744812011719
2026-03-30,108.30999755859375,105.76119995117188
2026-03-31,108.98999786376953,106.42520141601562
2026-04-01,108.66000366210938,106.5389404296875
2026-04-02,109.12000274658203,106.98995208740234
2026-04-06,108.94999694824219,106.8232650756836
2026-04-07,109.06999969482422,106.94093322753906
2026-04-08,109.48999786376953,107.35272979736328
2026-04-09,109.48999786376953,107.35272979736328
2026-04-10,109.19999694824219,107.06838989257812
2026-04-13,109.62000274658203,107.48019409179688
2026-04-14,109.9800033569336,107.83317565917969
2026-04-15,109.94000244140625,107.79393768310547
2026-04-16,109.43000030517578,107.29389953613281
2026-04-17,110.04000091552734,107.8919906616211
2026-04-20,110.02999877929688,107.88218688964844
2026-04-21,109.61000061035156,107.47039031982422
2026-04-22,109.81999969482422,107.6762924194336
2026-04-23,109.5199966430664,107.38214111328125
2026-04-24,109.5999984741211,107.46057891845703
2026-04-27,109.29000091552734,107.15663146972656
2026-04-28,109.33999633789062,107.2056655883789
2026-04-29,108.7300033569336,106.6075668334961
2026-04-30,108.8499984741211,106.7252197265625
2026-05-01,108.5999984741211,106.89747619628906
2026-05-04,108.25,106.55296325683594
2026-05-05,108.6500015258789,106.94670104980469
2026-05-06,109.19000244140625,107.47823333740234
2026-05-07,108.73999786376953,107.03528594970703
2026-05-08,109.19999694824219,107.48807525634766
2026-05-11,108.93000030517578,107.22230529785156
2026-05-12,108.55999755859375,106.85810852050781
2026-05-13,108.62000274658203,106.91717529296875
2026-05-14,108.55000305175781,106.8482666015625
2026-05-15,107.86000061035156,106.16908264160156
2026-05-18,107.66000366210938,105.97222137451172
2026-05-19,107.12000274658203,105.44068908691406
2026-05-20,107.94999694824219,106.25765991210938
2026-05-21,108.16999816894531,106.4742202758789
2026-05-22,108.37000274658203,106.67108917236328
2026-05-26,108.77999877929688,107.07465362548828
2026-05-27,108.93000030517578,107.22230529785156
2026-05-28,109.26000213623047,107.54712677001953
2026-05-29,109.36000061035156,107.64556884765625
2026-06-01,108.93000030517578,107.62876892089844
2026-06-02,108.91999816894531,107.61888122558594
2026-06-03,108.62000274658203,107.32247161865234
2026-06-04,108.8499984741211,107.54972076416016
2026-06-05,108.16999816894531,106.87784576416016
2026-06-08,108.05999755859375,106.76915740966797
2026-06-09,108.41000366210938,107.11498260498047
2026-06-10,108.16000366210938,106.86796569824219
2026-06-11,109.08000183105469,107.7769775390625
2026-06-12,109.01000213623047,107.70780944824219
2026-06-15,108.98999786376953,107.68805694580078
2026-06-16,109.12000274658203,107.81649780273438
2026-06-17,108.7699966430664,107.4706802368164
2026-06-18,109.06999969482422,107.76708984375
2026-06-22,108.77999877929688,107.48055267333984
2026-06-23,108.91000366210938,107.6090087890625
2026-06-24,109.41000366210938,108.10302734375
2026-06-25,109.5,108.19194793701172
2026-06-26,109.5,108.19194793701172
2026-06-29,109.69999694824219,108.38956451416016
2026-06-30,109.06999969482422,107.76708984375
2026-07-01,108.45999908447266,107.54102325439453
2026-07-02,108.63999938964844,107.71949768066406
2026-07-06,108.66999816894531,107.74923706054688
2026-07-07,107.87999725341797,106.96593475341797
2026-07-08,107.66999816894531,106.7577133178711
2026-07-09,107.70999908447266,106.79737854003906
2026-07-10,107.45999908447266,106.54949188232422
2026-07-13,106.95999908447266,106.0537338256836
2026-07-14,107.20999908447266,106.3016128540039
2026-07-15,107.58000183105469,106.6684799194336
2026-07-16,107.5,106.58914947509766
2026-07-17,107.55999755859375,106.64865112304688
2026-07-20,107.1500015258789,106.24211883544922
2026-07-21,106.8499984741211,105.94466400146484
2026-07-22,106.66999816894531,105.76618194580078
2026-07-23,106.26000213623047,105.35966491699219
2026-07-24,106.2300033569336,105.32991790771484
2026-07-27,106.51000213623047,105.60755157470703
2026-07-28,106.83000183105469,105.92483520507812
2026-07-29,106.22000122070312,105.32000732421875
2026-07-30,106.41000366210938,105.50839233398438
2026-07-31,106.25,105.34974670410156
2026-08-03,106.11000061035156,105.66641998291016
2026-08-04,106.76000213623047,106.31370544433594
2026-08-05,106.73999786376953,106.29378509521484
2026-08-06,106.36000061035156,105.91537475585938
2026-08-07,106.55000305175781,106.10458374023438
2026-08-10,105.95999908447266,105.51704406738281
2026-08-11,105.98999786376953,105.54692077636719
2026-08-12,106.12000274658203,105.67638397216797
2026-08-13,106.55000305175781,106.10458374023438
2026-08-14,106.12000274658203,105.67638397216797
2026-08-17,105.69999694824219,105.25813293457031
2026-08-18,105.83999633789062,105.39754486083984
2026-08-19,106.56999969482422,106.12449645996094
2026-08-20,106.05999755859375,105.61663055419922
2026-08-21,105.91999816894531,105.47721099853516
2026-08-24,106.18000030517578,105.73612976074219
2026-08-25,106.86000061035156,106.41328430175781
2026-08-26,106.77999877929688,106.3336181640625
2026-08-27,106.7300033569336,106.28382873535156
2026-08-28,106.3499984741211,105.9054183959961
2026-08-31,106.20999908447266,105.76599884033203
