date,close,adjusted_close
2011-01-03,55.310001373291016,48.39963150024414
2011-01-04,55.27000045776367,48.36464309692383
2011-01-05,55.7400016784668,48.775917053222656
2011-01-06,55.91999816894531,48.93342208862305
2011-01-07,55.869998931884766,48.88966751098633
2011-01-10,56.08000183105469,49.07344055175781
2011-01-11,56.15999984741211,49.14344024658203
2011-01-12,56.560001373291016,49.49344253540039
2011-01-13,56.58000183105469,49.51097106933594
2011-01-14,57.0,49.87848663330078
2011-01-18,57.15999984741211,50.018497467041016
2011-01-19,56.5099983215332,49.44970703125
2011-01-20,56.11000061035156,49.09968566894531
2011-01-21,55.68000030517578,48.723411560058594
2011-01-24,56.45000076293945,49.39720916748047
2011-01-25,56.529998779296875,49.46721267700195
2011-01-26,56.83000183105469,49.729732513427734
2011-01-27,57.18000030517578,50.0359992980957
2011-01-28,55.72999954223633,48.76715850830078
2011-01-31,56.0,49.00343322753906
2011-02-01,57.04999923706055,49.9222297668457
2011-02-02,56.959999084472656,49.84349060058594
2011-02-03,57.060001373291016,49.931007385253906
2011-02-04,57.380001068115234,50.21102523803711
2011-02-07,57.650001525878906,50.44727325439453
2011-02-08,58.029998779296875,50.779808044433594
2011-02-09,57.93000030517578,50.69229507446289
2011-02-10,58.02000045776367,50.77104949951172
2011-02-11,58.439998626708984,51.13857650756836
2011-02-14,58.58000183105469,51.26108932495117
2011-02-15,58.5,51.191078186035156
2011-02-16,58.880001068115234,51.52360534667969
2011-02-17,58.86000061035156,51.506107330322266
2011-02-18,58.72999954223633,51.392337799072266
2011-02-22,57.029998779296875,49.90473556518555
2011-02-23,56.560001373291016,49.49344253540039
2011-02-24,56.86000061035156,49.7559700012207
2011-02-25,57.650001525878906,50.44727325439453
2011-02-28,57.77000045776367,50.55229187011719
2011-03-01,56.84000015258789,49.738468170166016
2011-03-02,57.13999938964844,50.00101852416992
2011-03-03,58.27000045776367,50.98981475830078
2011-03-04,57.970001220703125,50.727294921875
2011-03-07,57.189998626708984,50.04474639892578
2011-03-08,57.41999816894531,50.24601364135742
2011-03-09,57.029998779296875,49.90473556518555
2011-03-10,56.13999938964844,49.12594223022461
2011-03-11,56.4900016784668,49.43220520019531
2011-03-14,56.290000915527344,49.25719451904297
2011-03-15,55.4900016784668,48.5571403503418
2011-03-16,54.150001525878906,47.384559631347656
2011-03-17,54.650001525878906,47.82210159301758
2011-03-18,54.45000076293945,47.71430206298828
2011-03-21,55.5,48.634429931640625
2011-03-22,55.400001525878906,48.54679870605469
2011-03-23,55.709999084472656,48.818450927734375
2011-03-24,56.70000076293945,49.68598556518555
2011-03-25,56.84000015258789,49.808658599853516
2011-03-28,56.529998779296875,49.536991119384766
2011-03-29,57.08000183105469,50.01896667480469
2011-03-30,57.349998474121094,50.25557327270508
2011-03-31,57.43000030517578,50.32567596435547
2011-04-01,57.459999084472656,50.351966857910156
2011-04-04,57.27000045776367,50.18547058105469
2011-04-05,57.119998931884766,50.054012298583984
2011-04-06,57.2599983215332,50.176692962646484
2011-04-07,57.220001220703125,50.14165496826172
2011-04-08,56.95000076293945,49.90504837036133
2011-04-11,56.7599983215332,49.73854064941406
2011-04-12,56.369998931884766,49.396793365478516
2011-04-13,56.849998474121094,49.817420959472656
2011-04-14,56.75,49.729801177978516
2011-04-15,56.650001525878906,49.64215850830078
2011-04-18,56.25,49.29163360595703
2011-04-19,56.599998474121094,49.598358154296875
2011-04-20,57.880001068115234,50.719993591308594
2011-04-21,58.34000015258789,51.12310028076172
2011-04-25,58.4900016784668,51.254554748535156
2011-04-26,58.81999969482422,51.54374313354492
2011-04-27,59.220001220703125,51.89423751831055
2011-04-28,59.130001068115234,51.815372467041016
2011-04-29,59.08000183105469,51.77156448364258
2011-05-02,58.970001220703125,51.675174713134766
2011-05-03,58.689998626708984,51.4297981262207
2011-05-04,58.599998474121094,51.350929260253906
2011-05-05,58.279998779296875,51.070533752441406
2011-05-06,58.470001220703125,51.23702621459961
2011-05-09,58.689998626708984,51.4297981262207
2011-05-10,59.189998626708984,51.86794662475586
2011-05-11,58.7599983215332,51.49113464355469
2011-05-12,59.11000061035156,51.7978630065918
2011-05-13,58.40999984741211,51.18446350097656
2011-05-16,57.400001525878906,50.29937744140625
2011-05-17,57.560001373291016,50.43959045410156
2011-05-18,58.040000915527344,50.860206604003906
2011-05-19,58.209999084472656,51.00919723510742
2011-05-20,57.77000045776367,50.623619079589844
2011-05-23,56.91999816894531,49.878753662109375
2011-05-24,56.56999969482422,49.57206344604492
2011-05-25,56.790000915527344,49.76484298706055
2011-05-26,57.13999938964844,50.07154083251953
2011-05-27,57.43000030517578,50.32567596435547
2011-05-31,58.36000061035156,51.14063262939453
2011-06-01,57.09000015258789,50.02773666381836
2011-06-02,57.209999084472656,50.132896423339844
2011-06-03,56.349998474121094,49.37926483154297
2011-06-06,55.88999938964844,48.97618103027344
2011-06-07,55.790000915527344,48.888545989990234
2011-06-08,55.38999938964844,48.53803253173828
2011-06-09,55.4900016784668,48.625648498535156
2011-06-10,54.63999938964844,47.88080978393555
2011-06-13,54.63999938964844,47.88080978393555
2011-06-14,55.34000015258789,48.49420928955078
2011-06-15,54.290000915527344,47.57412338256836
2011-06-16,54.08000183105469,47.390079498291016
2011-06-17,53.790000915527344,47.24167251586914
2011-06-20,54.06999969482422,47.48757553100586
2011-06-21,55.22999954223633,48.50634002685547
2011-06-22,54.83000183105469,48.155059814453125
2011-06-23,55.34000015258789,48.60297393798828
2011-06-24,54.380001068115234,47.75983428955078
2011-06-27,55.25,48.5239143371582
2011-06-28,56.06999969482422,49.24409484863281
2011-06-29,56.29999923706055,49.44609832763672
2011-06-30,57.04999923706055,50.10479736328125
2011-07-01,57.90999984741211,50.860076904296875
2011-07-05,58.20000076293945,51.114784240722656
2011-07-06,58.38999938964844,51.28165054321289
2011-07-07,59.189998626708984,51.98426055908203
2011-07-08,59.029998779296875,51.843746185302734
2011-07-11,57.959999084472656,50.903995513916016
2011-07-12,57.52000045776367,50.51757049560547
2011-07-13,57.7599983215332,50.72834777832031
2011-07-14,57.09000015258789,50.13991928100586
2011-07-15,57.849998474121094,50.807411193847656
2011-07-18,57.540000915527344,50.53512191772461
2011-07-19,58.849998474121094,51.68565368652344
2011-07-20,58.599998474121094,51.466094970703125
2011-07-21,58.9900016784668,51.80861282348633
2011-07-22,59.599998474121094,52.344356536865234
2011-07-25,59.47999954223633,52.238975524902344
2011-07-26,59.630001068115234,52.370704650878906
2011-07-27,58.09000015258789,51.01817321777344
2011-07-28,58.189998626708984,51.10601043701172
2011-07-29,58.0,50.93913650512695
2011-08-01,57.72999954223633,50.702022552490234
2011-08-02,56.27000045776367,49.419734954833984
2011-08-03,56.810001373291016,49.894012451171875
2011-08-04,54.16999816894531,47.57539749145508
2011-08-05,53.83000183105469,47.27678298950195
2011-08-08,50.59000015258789,44.43122100830078
2011-08-09,53.029998779296875,46.574180603027344
2011-08-10,50.86000061035156,44.6683464050293
2011-08-11,53.099998474121094,46.63566207885742
2011-08-12,53.56999969482422,47.04844665527344
2011-08-15,54.36000061035156,47.742252349853516
2011-08-16,53.900001525878906,47.33827590942383
2011-08-17,53.58000183105469,47.05722427368164
2011-08-18,50.95000076293945,44.74739074707031
2011-08-19,50.029998779296875,43.939395904541016
2011-08-22,50.209999084472656,44.09748458862305
2011-08-23,52.279998779296875,45.91548156738281
2011-08-24,52.689998626708984,46.27556610107422
2011-08-25,51.83000183105469,45.5202751159668
2011-08-26,53.130001068115234,46.66200637817383
2011-08-29,54.61000061035156,47.96182632446289
2011-08-30,54.970001220703125,48.278011322021484
2011-08-31,55.060001373291016,48.35707092285156
2011-09-01,54.560001373291016,47.91791915893555
2011-09-02,53.279998779296875,46.79374313354492
2011-09-06,53.290000915527344,46.80253219604492
2011-09-07,54.63999938964844,47.98818588256836
2011-09-08,54.38999938964844,47.76861572265625
2011-09-09,53.18000030517578,46.70590591430664
2011-09-12,53.86000061035156,47.30314254760742
2011-09-13,54.58000183105469,47.93548583984375
2011-09-14,55.36000061035156,48.62052917480469
2011-09-15,56.18000030517578,49.34069061279297
2011-09-16,56.59000015258789,49.792972564697266
2011-09-19,56.61000061035156,49.810569763183594
2011-09-20,56.36000061035156,49.59059524536133
2011-09-21,55.380001068115234,48.72831344604492
2011-09-22,53.58000183105469,47.14449691772461
2011-09-23,54.150001525878906,47.64603042602539
2011-09-26,54.779998779296875,48.200347900390625
2011-09-27,55.349998474121094,48.7018928527832
2011-09-28,54.529998779296875,47.98039245605469
2011-09-29,53.880001068115234,47.40846252441406
2011-09-30,52.4900016784668,46.185420989990234
2011-10-03,51.13999938964844,44.99756622314453
2011-10-04,52.189998626708984,45.92145919799805
2011-10-05,53.529998779296875,47.10049819946289
2011-10-06,54.43000030517578,47.89240646362305
2011-10-07,54.06999969482422,47.575645446777344
2011-10-10,55.939998626708984,49.221046447753906
2011-10-11,56.31999969482422,49.555397033691406
2011-10-12,56.599998474121094,49.80176544189453
2011-10-13,57.119998931884766,50.2592887878418
2011-10-14,58.18000030517578,51.19198989868164
2011-10-17,57.279998779296875,50.40007781982422
2011-10-18,57.9900016784668,51.02479553222656
2011-10-19,56.869998931884766,50.03932571411133
2011-10-20,56.59000015258789,49.792972564697266
2011-10-21,57.29999923706055,50.41769027709961
2011-10-24,58.4900016784668,51.46476364135742
2011-10-25,57.34000015258789,50.45289611816406
2011-10-26,57.27000045776367,50.39128494262695
2011-10-27,58.849998474121094,51.781517028808594
2011-10-28,58.939998626708984,51.8607063293457
2011-10-31,57.95000076293945,50.9896240234375
2011-11-01,56.439998626708984,49.660987854003906
2011-11-02,56.91999816894531,50.08332443237305
2011-11-03,58.099998474121094,51.1215934753418
2011-11-04,57.79999923706055,50.857627868652344
2011-11-07,58.209999084472656,51.218379974365234
2011-11-08,58.880001068115234,51.807918548583984
2011-11-09,56.810001373291016,49.986549377441406
2011-11-10,56.779998779296875,49.960140228271484
2011-11-11,57.849998474121094,50.901641845703125
2011-11-14,57.4900016784668,50.584861755371094
2011-11-15,58.130001068115234,51.14799880981445
2011-11-16,57.16999816894531,50.30329132080078
2011-11-17,55.83000183105469,49.1242561340332
2011-11-18,55.400001525878906,48.74589920043945
2011-11-21,54.34000015258789,47.813209533691406
2011-11-22,54.52000045776367,47.971580505371094
2011-11-23,53.290000915527344,46.88933563232422
2011-11-25,52.880001068115234,46.52857971191406
2011-11-28,54.720001220703125,48.1475830078125
2011-11-29,54.380001068115234,47.848411560058594
2011-11-30,56.38999938964844,49.61697769165039
2011-12-01,56.779998779296875,49.960140228271484
2011-12-02,56.619998931884766,49.81937026977539
2011-12-05,57.2400016784668,50.364898681640625
2011-12-06,57.08000183105469,50.22411346435547
2011-12-07,57.08000183105469,50.22411346435547
2011-12-08,56.119998931884766,49.37942123413086
2011-12-09,57.02000045776367,50.17132568359375
2011-12-12,56.380001068115234,49.60818099975586
2011-12-13,55.7599983215332,49.06265640258789
2011-12-14,54.88999938964844,48.297149658203125
2011-12-15,54.7400016784668,48.16516876220703
2011-12-16,54.86000061035156,48.413143157958984
2011-12-19,54.31999969482422,47.93659591674805
2011-12-20,55.93000030517578,49.35740280151367
2011-12-21,55.130001068115234,48.65141296386719
2011-12-22,55.599998474121094,49.06618118286133
2011-12-23,56.08000183105469,49.48979187011719
2011-12-27,56.2400016784668,49.67439270019531
2011-12-28,55.59000015258789,49.100257873535156
2011-12-29,55.9900016784668,49.453575134277344
2011-12-30,55.83000183105469,49.31224060058594
2012-01-03,56.900001525878906,50.2573127746582
2012-01-04,57.13999938964844,50.46932601928711
2012-01-05,57.61000061035156,50.88444900512695
2012-01-06,57.810001373291016,51.06108856201172
2012-01-09,57.619998931884766,50.89328384399414
2012-01-10,58.040000915527344,51.264244079589844
2012-01-11,58.15999984741211,51.370216369628906
2012-01-12,58.38999938964844,51.5733757019043
2012-01-13,58.18000030517578,51.38788986206055
2012-01-17,58.709999084472656,51.85602951049805
2012-01-18,59.4900016784668,52.54496765136719
2012-01-19,59.86000061035156,52.87177658081055
2012-01-20,59.77000045776367,52.79228210449219
2012-01-23,59.790000915527344,52.80994415283203
2012-01-24,59.68000030517578,52.71279525756836
2012-01-25,60.43000030517578,53.37522888183594
2012-01-26,60.220001220703125,53.18974685668945
2012-01-27,60.400001525878906,53.34873580932617
2012-01-30,60.45000076293945,53.39289855957031
2012-01-31,60.529998779296875,53.46354293823242
2012-02-01,61.02000045776367,53.896366119384766
2012-02-02,61.209999084472656,54.06417465209961
2012-02-03,62.04999923706055,54.80610656738281
2012-02-06,62.0,54.761940002441406
2012-02-07,62.130001068115234,54.87677001953125
2012-02-08,62.459999084472656,55.16823959350586
2012-02-09,62.90999984741211,55.56570816040039
2012-02-10,62.470001220703125,55.17707443237305
2012-02-13,63.04999923706055,55.689369201660156
2012-02-14,63.209999084472656,55.8306770324707
2012-02-15,62.77000045776367,55.442054748535156
2012-02-16,63.630001068115234,56.20164489746094
2012-02-17,63.43000030517578,56.025001525878906
2012-02-21,63.61000061035156,56.18398666381836
2012-02-22,63.31999969482422,55.927852630615234
2012-02-23,63.7400016784668,56.29881286621094
2012-02-24,63.959999084472656,56.49312210083008
2012-02-27,64.05000305175781,56.572628021240234
2012-02-28,64.69999694824219,57.1467399597168
2012-02-29,64.41000366210938,56.89059829711914
2012-03-01,64.91999816894531,57.34104919433594
2012-03-02,64.87000274658203,57.296897888183594
2012-03-05,64.19999694824219,56.70510482788086
2012-03-06,63.56999969482422,56.148651123046875
2012-03-07,64.05999755859375,56.581459045410156
2012-03-08,64.75,57.19089889526367
2012-03-09,65.0199966430664,57.42937469482422
2012-03-12,65.05000305175781,57.45587921142578
2012-03-13,66.26000213623047,58.524620056152344
2012-03-14,66.48999786376953,58.72775650024414
2012-03-15,66.68000030517578,58.895591735839844
2012-03-16,66.5199966430664,58.85401153564453
2012-03-19,66.98999786376953,59.26984405517578
2012-03-20,67.11000061035156,59.376007080078125
2012-03-21,67.12000274658203,59.38487243652344
2012-03-22,66.9800033569336,59.26097869873047
2012-03-23,66.94000244140625,59.22560119628906
2012-03-26,68.11000061035156,60.26077651977539
2012-03-27,68.20999908447266,60.34922409057617
2012-03-28,67.94000244140625,60.11034393310547
2012-03-29,67.68000030517578,59.880313873291016
2012-03-30,67.55000305175781,59.76530456542969
2012-04-02,68.25,60.38463592529297
2012-04-03,68.2300033569336,60.366943359375
2012-04-04,67.30000305175781,59.54409408569336
2012-04-05,67.72000122070312,59.91569900512695
2012-04-09,67.20999908447266,59.46448516845703
2012-04-10,66.12999725341797,58.508934020996094
2012-04-11,66.44999694824219,58.79206466674805
2012-04-12,67.20999908447266,59.46448516845703
2012-04-13,66.19000244140625,58.56204605102539
2012-04-16,65.44999694824219,57.90733337402344
2012-04-17,66.77999877929688,59.08403015136719
2012-04-18,66.61000061035156,58.93363952636719
2012-04-19,65.86000061035156,58.27008056640625
2012-04-20,65.68000030517578,58.110809326171875
2012-04-23,65.08000183105469,57.57994079589844
2012-04-24,64.7300033569336,57.27030944824219
2012-04-25,66.44999694824219,58.79206466674805
2012-04-26,66.83999633789062,59.13710021972656
2012-04-27,67.23999786376953,59.49102783203125
2012-04-30,66.76000213623047,59.06635284423828
2012-05-01,66.87000274658203,59.16365432739258
2012-05-02,67.05999755859375,59.33176040649414
2012-05-03,66.3499984741211,58.70358657836914
2012-05-04,64.69999694824219,57.243743896484375
2012-05-07,64.76000213623047,57.29684066772461
2012-05-08,64.5199966430664,57.08448028564453
2012-05-09,64.31999969482422,56.90754699707031
2012-05-10,64.19000244140625,56.79252624511719
2012-05-11,64.18000030517578,56.783668518066406
2012-05-14,63.58000183105469,56.25281524658203
2012-05-15,63.369998931884766,56.06703567504883
2012-05-16,62.939998626708984,55.68656539916992
2012-05-17,61.61000061035156,54.50984191894531
2012-05-18,60.810001373291016,53.802040100097656
2012-05-21,62.5099983215332,55.306121826171875
2012-05-22,62.439998626708984,55.244197845458984
2012-05-23,62.560001373291016,55.35035705566406
2012-05-24,62.150001525878906,54.98762130737305
2012-05-25,62.06999969482422,54.916839599609375
2012-05-29,62.86000061035156,55.61579895019531
2012-05-30,62.33000183105469,55.14688491821289
2012-05-31,62.060001373291016,54.90800094604492
2012-06-01,60.40999984741211,53.44813919067383
2012-06-04,60.869998931884766,53.85512924194336
2012-06-05,61.119998931884766,54.07630920410156
2012-06-06,62.52000045776367,55.314964294433594
2012-06-07,62.27000045776367,55.09379196166992
2012-06-08,62.869998931884766,55.624637603759766
2012-06-11,61.810001373291016,54.68680191040039
2012-06-12,62.560001373291016,55.35035705566406
2012-06-13,62.130001068115234,54.96991729736328
2012-06-14,62.36000061035156,55.17342758178711
2012-06-15,62.9900016784668,55.858909606933594
2012-06-18,63.58000183105469,56.382110595703125
2012-06-19,64.23999786376953,56.96739959716797
2012-06-20,64.29000091552734,57.01173782348633
2012-06-21,62.689998626708984,55.59286880493164
2012-06-22,63.349998474121094,56.17815017700195
2012-06-25,62.130001068115234,55.09626770019531
2012-06-26,62.52000045776367,55.44210433959961
2012-06-27,62.900001525878906,55.779109954833984
2012-06-28,62.20000076293945,55.15834045410156
2012-06-29,64.16000366210938,56.896453857421875
2012-07-02,64.3499984741211,57.06492233276367
2012-07-03,64.88999938964844,57.54379653930664
2012-07-05,64.93000030517578,57.57927703857422
2012-07-06,64.12000274658203,56.86098098754883
2012-07-09,64.0,56.75456619262695
2012-07-10,63.369998931884766,56.195892333984375
2012-07-11,63.02000045776367,55.885501861572266
2012-07-12,62.43000030517578,55.362308502197266
2012-07-13,63.380001068115234,56.20473861694336
2012-07-16,63.20000076293945,56.04512405395508
2012-07-17,63.529998779296875,56.337772369384766
2012-07-18,64.38999938964844,57.100406646728516
2012-07-19,65.0999984741211,57.730010986328125
2012-07-20,64.23999786376953,56.96739959716797
2012-07-23,63.459999084472656,56.275699615478516
2012-07-24,62.959999084472656,55.83229064941406
2012-07-25,62.540000915527344,55.4598388671875
2012-07-26,63.369998931884766,56.195892333984375
2012-07-27,64.87000274658203,57.52607345581055
2012-07-30,64.81999969482422,57.48173141479492
2012-07-31,64.80000305175781,57.464012145996094
2012-08-01,64.61000061035156,57.295501708984375
2012-08-02,64.37999725341797,57.09154510498047
2012-08-03,65.5999984741211,58.17342758178711
2012-08-06,66.0999984741211,58.616825103759766
2012-08-07,66.6500015258789,59.104549407958984
2012-08-08,66.62000274658203,59.077964782714844
2012-08-09,66.81999969482422,59.25532531738281
2012-08-10,66.86000061035156,59.29077911376953
2012-08-13,67.0199966430664,59.43265914916992
2012-08-14,67.05000305175781,59.45930099487305
2012-08-15,67.22000122070312,59.610015869140625
2012-08-16,68.0199966430664,60.3194694519043
2012-08-17,68.31999969482422,60.585487365722656
2012-08-20,68.41999816894531,60.674163818359375
2012-08-21,68.1500015258789,60.43474578857422
2012-08-22,68.43000030517578,60.68302917480469
2012-08-23,67.87000274658203,60.186431884765625
2012-08-24,68.29000091552734,60.558895111083984
2012-08-27,68.4000015258789,60.656455993652344
2012-08-28,68.4000015258789,60.656455993652344
2012-08-29,68.4000015258789,60.656455993652344
2012-08-30,67.70999908447266,60.0445442199707
2012-08-31,68.16000366210938,60.44361877441406
2012-09-04,68.08999633789062,60.38151168823242
2012-09-05,68.0199966430664,60.3194694519043
2012-09-06,69.52999877929688,61.65850067138672
2012-09-07,69.43000030517578,61.56984329223633
2012-09-10,68.54000091552734,60.78059387207031
2012-09-11,68.43000030517578,60.68302917480469
2012-09-12,68.62999725341797,60.86039733886719
2012-09-13,69.55999755859375,61.68510055541992
2012-09-14,70.18000030517578,62.23493576049805
2012-09-17,70.20999908447266,62.26152420043945
2012-09-18,70.2699966430664,62.314735412597656
2012-09-19,70.4000015258789,62.43000793457031
2012-09-20,70.33000183105469,62.36794662475586
2012-09-21,70.1500015258789,62.3857307434082
2012-09-24,69.73999786376953,62.0211067199707
2012-09-25,68.76000213623047,61.14958572387695
2012-09-26,68.19999694824219,60.65156173706055
2012-09-27,69.13999938964844,61.487518310546875
2012-09-28,68.56999969482422,60.9805908203125
2012-10-01,68.47000122070312,60.89165115356445
2012-10-02,68.66999816894531,61.06953811645508
2012-10-03,69.11000061035156,61.46084976196289
2012-10-04,69.3499984741211,61.67426681518555
2012-10-05,68.9800033569336,61.3452262878418
2012-10-08,68.3499984741211,60.78495788574219
2012-10-09,67.26000213623047,59.81560516357422
2012-10-10,66.91999816894531,59.51321792602539
2012-10-11,66.70999908447266,59.32646942138672
2012-10-12,66.68000030517578,59.29977035522461
2012-10-15,67.16999816894531,59.73556137084961
2012-10-16,68.12000274658203,60.58041763305664
2012-10-17,68.08000183105469,60.544822692871094
2012-10-18,67.29000091552734,59.84226608276367
2012-10-19,65.68000030517578,58.410484313964844
2012-10-22,66.0199966430664,58.71282196044922
2012-10-23,65.38999938964844,58.152584075927734
2012-10-24,65.16000366210938,57.94803237915039
2012-10-25,65.16000366210938,57.94803237915039
2012-10-26,65.3499984741211,58.11701202392578
2012-10-31,64.94999694824219,57.76127624511719
2012-11-01,65.87000274658203,58.57943344116211
2012-11-02,65.16999816894531,57.95692825317383
2012-11-05,65.5999984741211,58.33932876586914
2012-11-06,65.72000122070312,58.446048736572266
2012-11-07,64.16999816894531,57.06760787963867
2012-11-08,63.15999984741211,56.16938400268555
2012-11-09,63.43000030517578,56.409507751464844
2012-11-12,63.41999816894531,56.40060806274414
2012-11-13,62.97999954223633,56.009307861328125
2012-11-14,62.2400016784668,55.351226806640625
2012-11-15,62.029998779296875,55.164451599121094
2012-11-16,62.29999923706055,55.40457534790039
2012-11-19,63.779998779296875,56.72074890136719
2012-11-20,63.79999923706055,56.73854446411133
2012-11-21,63.93000030517578,56.85415267944336
2012-11-23,64.9000015258789,57.716793060302734
2012-11-26,65.18000030517578,57.96579360961914
2012-11-27,64.95999908447266,57.7701530456543
2012-11-28,65.5199966430664,58.268184661865234
2012-11-29,65.91000366210938,58.61502456665039
2012-11-30,65.80000305175781,58.51719665527344
2012-12-03,65.66999816894531,58.40156936645508
2012-12-04,65.62999725341797,58.36602020263672
2012-12-05,64.9000015258789,57.716793060302734
2012-12-06,65.31999969482422,58.09030532836914
2012-12-07,64.93000030517578,57.74348068237305
2012-12-10,65.12000274658203,57.912471771240234
2012-12-11,65.97000122070312,58.66838836669922
2012-12-12,65.83000183105469,58.54386520385742
2012-12-13,65.30999755859375,58.081417083740234
2012-12-14,64.69000244140625,57.530052185058594
2012-12-17,65.55000305175781,58.29487228393555
2012-12-18,66.55000305175781,59.18415451049805
2012-12-19,66.26000213623047,58.9262809753418
2012-12-20,66.26000213623047,58.9262809753418
2012-12-21,65.19999694824219,58.306541442871094
2012-12-24,65.06999969482422,58.19029998779297
2012-12-26,64.5,57.680545806884766
2012-12-27,64.4000015258789,57.591121673583984
2012-12-28,63.779998779296875,57.03666305541992
2012-12-31,65.12999725341797,58.24394226074219
2013-01-02,67.19999694824219,60.09507369995117
2013-01-03,66.8499984741211,59.782100677490234
2013-01-04,66.62999725341797,59.58536148071289
2013-01-07,66.6500015258789,59.60323715209961
2013-01-08,66.5199966430664,59.48698425292969
2013-01-09,66.7699966430664,59.710567474365234
2013-01-10,67.16999816894531,60.068275451660156
2013-01-11,67.26000213623047,60.148738861083984
2013-01-14,66.95999908447266,59.880470275878906
2013-01-15,66.62999725341797,59.58536148071289
2013-01-16,66.9000015258789,59.82680130004883
2013-01-17,67.22000122070312,60.11296844482422
2013-01-18,67.06999969482422,59.978824615478516
2013-01-22,67.18000030517578,60.077205657958984
2013-01-23,67.58999633789062,60.44387435913086
2013-01-24,66.66000366210938,59.612205505371094
2013-01-25,67.0,59.91625213623047
2013-01-28,67.1500015258789,60.05037307739258
2013-01-29,67.16000366210938,60.059326171875
2013-01-30,67.0199966430664,59.93410873413086
2013-01-31,66.87000274658203,59.79998016357422
2013-02-01,67.66000366210938,60.50645446777344
2013-02-04,66.4800033569336,59.451236724853516
2013-02-05,67.45999908447266,60.32761001586914
2013-02-06,67.23999786376953,60.13085174560547
2013-02-07,67.30000305175781,60.18452072143555
2013-02-08,67.98999786376953,60.80157470703125
2013-02-11,68.01000213623047,60.819454193115234
2013-02-12,67.7300033569336,60.56904220581055
2013-02-13,67.97000122070312,60.78368377685547
2013-02-14,67.94999694824219,60.76578903198242
2013-02-15,67.75,60.586936950683594
2013-02-19,68.23999786376953,61.025115966796875
2013-02-20,67.19000244140625,60.08615493774414
2013-02-21,66.47000122070312,59.442291259765625
2013-02-22,67.13999938964844,60.041439056396484
2013-02-25,66.30999755859375,59.29917907714844
2013-02-26,66.55999755859375,59.522743225097656
2013-02-27,67.23999786376953,60.13085174560547
2013-02-28,67.0999984741211,60.00565719604492
2013-03-01,67.37999725341797,60.256065368652344
2013-03-04,67.68000030517578,60.5243034362793
2013-03-05,68.68000030517578,61.41859817504883
2013-03-06,68.51000213623047,61.266597747802734
2013-03-07,68.69000244140625,61.42756652832031
2013-03-08,68.7699966430664,61.49908447265625
2013-03-11,68.97000122070312,61.67793655395508
2013-03-12,68.72000122070312,61.45439147949219
2013-03-13,68.62999725341797,61.37388610839844
2013-03-14,68.86000061035156,61.579566955566406
2013-03-15,68.51000213623047,61.40836715698242
2013-03-18,68.36000061035156,61.27392578125
2013-03-19,68.2300033569336,61.15742111206055
2013-03-20,68.70999908447266,61.58763885498047
2013-03-21,67.93000030517578,60.888492584228516
2013-03-22,68.58999633789062,61.48008728027344
2013-03-25,68.33999633789062,61.256004333496094
2013-03-26,68.70999908447266,61.58763885498047
2013-03-27,68.80000305175781,61.66831970214844
2013-03-28,68.97000122070312,61.82071304321289
2013-04-01,68.5,61.39940643310547
2013-04-02,69.04000091552734,61.8834342956543
2013-04-03,68.41000366210938,61.31874084472656
2013-04-04,68.43000030517578,61.336700439453125
2013-04-05,67.86000061035156,60.82574462890625
2013-04-08,68.22000122070312,61.148433685302734
2013-04-09,68.68000030517578,61.56076431274414
2013-04-10,70.0199966430664,62.76185607910156
2013-04-11,69.98999786376953,62.73497009277344
2013-04-12,69.94000244140625,62.690147399902344
2013-04-15,68.55999755859375,61.45318603515625
2013-04-16,69.47000122070312,62.26887130737305
2013-04-17,68.11000061035156,61.04983901977539
2013-04-18,67.16999816894531,60.2072639465332
2013-04-19,68.08999633789062,61.031917572021484
2013-04-22,68.79000091552734,61.65934371948242
2013-04-23,69.44999694824219,62.25093078613281
2013-04-24,69.41999816894531,62.22407913208008
2013-04-25,69.79000091552734,62.555694580078125
2013-04-26,69.56999969482422,62.3585090637207
2013-04-29,70.20999908447266,62.932159423828125
2013-04-30,70.72000122070312,63.38929748535156
2013-05-01,70.38999938964844,63.09351348876953
2013-05-02,71.27999877929688,63.8912353515625
2013-05-03,72.12000274658203,64.64419555664062
2013-05-06,72.4000015258789,64.89515686035156
2013-05-07,72.36000061035156,64.85929870605469
2013-05-08,72.70999908447266,65.17300415039062
2013-05-09,72.61000061035156,65.08335876464844
2013-05-10,73.05000305175781,65.47775268554688
2013-05-13,73.13999938964844,65.5584487915039
2013-05-14,73.5199966430664,65.89903259277344
2013-05-15,73.66999816894531,66.03349304199219
2013-05-16,73.58999633789062,65.96180725097656
2013-05-17,74.30000305175781,66.59819793701172
2013-05-20,74.19000244140625,66.49958801269531
2013-05-21,74.2699966430664,66.57127380371094
2013-05-22,73.62000274658203,65.98869323730469
2013-05-23,73.44999694824219,65.83631134033203
2013-05-24,73.41000366210938,65.80044555664062
2013-05-28,73.88999938964844,66.23072052001953
2013-05-29,73.54000091552734,65.91698455810547
2013-05-30,73.93000030517578,66.26654052734375
2013-05-31,73.25,65.65701293945312
2013-06-03,73.37999725341797,65.77356719970703
2013-06-04,73.0,65.4329605102539
2013-06-05,72.05000305175781,64.58143615722656
2013-06-06,72.4000015258789,64.89515686035156
2013-06-07,73.38999938964844,65.78255462646484
2013-06-10,73.41999816894531,65.8094253540039
2013-06-11,72.69000244140625,65.15509796142578
2013-06-12,71.8499984741211,64.40214538574219
2013-06-13,72.76000213623047,65.21783447265625
2013-06-14,72.27999877929688,64.78758239746094
2013-06-17,72.9800033569336,65.41505432128906
2013-06-18,73.58000183105469,65.95281219482422
2013-06-19,72.76000213623047,65.21783447265625
2013-06-20,71.02999877929688,63.667171478271484
2013-06-21,70.43000030517578,63.329071044921875
2013-06-24,69.7300033569336,62.69967269897461
2013-06-25,70.23999786376953,63.15822982788086
2013-06-26,70.87000274658203,63.724735260009766
2013-06-27,71.16999816894531,63.99446105957031
2013-06-28,71.2699966430664,64.08438873291016
2013-07-01,71.70999908447266,64.48002624511719
2013-07-02,71.73999786376953,64.50697326660156
2013-07-03,72.02999877929688,64.76775360107422
2013-07-05,72.58000183105469,65.26228332519531
2013-07-08,72.6500015258789,65.32527160644531
2013-07-09,73.08999633789062,65.72090148925781
2013-07-10,73.51000213623047,66.09854125976562
2013-07-11,74.97000122070312,67.41133880615234
2013-07-12,75.30000305175781,67.70807647705078
2013-07-15,75.47000122070312,67.8609390258789
2013-07-16,75.37000274658203,67.77100372314453
2013-07-17,75.55999755859375,67.94184875488281
2013-07-18,75.37000274658203,67.77100372314453
2013-07-19,74.58999633789062,67.0696029663086
2013-07-22,74.80999755859375,67.26746368408203
2013-07-23,74.26000213623047,66.77290344238281
2013-07-24,74.5,66.98872375488281
2013-07-25,74.97000122070312,67.41133880615234
2013-07-26,75.37000274658203,67.77100372314453
2013-07-29,75.2300033569336,67.64512634277344
2013-07-30,75.62999725341797,68.00482177734375
2013-07-31,75.7699966430664,68.13067626953125
2013-08-01,76.54000091552734,68.82304382324219
2013-08-02,76.97000122070312,69.20970153808594
2013-08-05,77.0199966430664,69.254638671875
2013-08-06,76.55999755859375,68.84102630615234
2013-08-07,76.41999816894531,68.71514892578125
2013-08-08,76.80000305175781,69.0568618774414
2013-08-09,76.48999786376953,68.77808380126953
2013-08-12,76.66999816894531,68.93992614746094
2013-08-13,77.0999984741211,69.32661437988281
2013-08-14,76.80999755859375,69.06580352783203
2013-08-15,75.51000213623047,67.89688873291016
2013-08-16,75.4800033569336,67.86992645263672
2013-08-19,75.3499984741211,67.75302124023438
2013-08-20,75.68000030517578,68.04975128173828
2013-08-21,75.41999816894531,67.81597900390625
2013-08-22,76.16000366210938,68.48136901855469
2013-08-23,76.66999816894531,68.93992614746094
2013-08-26,76.70999908447266,68.97592163085938
2013-08-27,75.13999938964844,67.56420135498047
2013-08-28,75.43000030517578,67.82493591308594
2013-08-29,75.95999908447266,68.30152893066406
2013-08-30,75.47000122070312,67.8609390258789
2013-09-03,75.9000015258789,68.24756622314453
2013-09-04,76.70999908447266,68.97592163085938
2013-09-05,76.83999633789062,69.09278869628906
2013-09-06,76.93000030517578,69.17375946044922
2013-09-09,77.83000183105469,69.98298645019531
2013-09-10,78.20999908447266,70.32469177246094
2013-09-11,78.05999755859375,70.1897964477539
2013-09-12,78.01000213623047,70.14485168457031
2013-09-13,78.05999755859375,70.1897964477539
2013-09-16,77.8499984741211,70.00094604492188
2013-09-17,78.37000274658203,70.46856689453125
2013-09-18,79.30999755859375,71.31375885009766
2013-09-19,79.5,71.48458862304688
2013-09-20,78.98999786376953,71.23931884765625
2013-09-23,78.83000183105469,71.09502410888672
2013-09-24,78.83000183105469,71.09502410888672
2013-09-25,78.55999755859375,70.85147857666016
2013-09-26,79.16999816894531,71.40161895751953
2013-09-27,79.06999969482422,71.31145477294922
2013-09-30,78.87999725341797,71.14009857177734
2013-10-01,79.68000030517578,71.86158752441406
2013-10-02,79.6500015258789,71.83452606201172
2013-10-03,78.72000122070312,70.99576568603516
2013-10-04,79.4000015258789,71.60906219482422
2013-10-07,78.73999786376953,71.01383972167969
2013-10-08,77.22000122070312,69.64295959472656
2013-10-09,76.9800033569336,69.426513671875
2013-10-10,78.61000061035156,70.8965835571289
2013-10-11,79.2300033569336,71.45574188232422
2013-10-14,79.79000091552734,71.96082305908203
2013-10-15,79.4800033569336,71.68122863769531
2013-10-16,80.37999725341797,72.4928970336914
2013-10-17,80.83999633789062,72.90779876708984
2013-10-18,82.1500015258789,74.08922576904297
2013-10-21,82.33000183105469,74.25157165527344
2013-10-22,82.44999694824219,74.35977172851562
2013-10-23,81.94999694824219,73.90885925292969
2013-10-24,82.30999755859375,74.23355865478516
2013-10-25,82.9000015258789,74.76561737060547
2013-10-28,82.91999816894531,74.7836685180664
2013-10-29,83.05999755859375,74.9099349975586
2013-10-30,82.9800033569336,74.83780670166016
2013-10-31,82.79000091552734,74.66645050048828
2013-11-01,82.80999755859375,74.6844711303711
2013-11-04,82.93000030517578,74.79269409179688
2013-11-05,83.0199966430664,74.87386322021484
2013-11-06,83.0,74.8558349609375
2013-11-07,81.44000244140625,73.44891357421875
2013-11-08,82.54000091552734,74.44095611572266
2013-11-11,82.41000366210938,74.32373809814453
2013-11-12,82.54000091552734,74.44095611572266
2013-11-13,83.54000091552734,75.34285736083984
2013-11-14,83.80000305175781,75.57733154296875
2013-11-15,83.95999908447266,75.72166442871094
2013-11-18,83.13999938964844,74.98210906982422
2013-11-19,82.9000015258789,74.76561737060547
2013-11-20,82.69999694824219,74.58528137207031
2013-11-21,83.54000091552734,75.34285736083984
2013-11-22,83.98999786376953,75.7486801147461
2013-11-25,84.19000244140625,75.92908477783203
2013-11-26,84.62999725341797,76.32588958740234
2013-11-27,85.22000122070312,76.85798645019531
2013-11-29,85.7300033569336,77.3179702758789
2013-12-02,85.4800033569336,77.09249877929688
2013-12-03,85.41000366210938,77.02934265136719
2013-12-04,85.48999786376953,77.10150909423828
2013-12-05,85.37999725341797,77.00230407714844
2013-12-06,86.0,77.56147766113281
2013-12-09,86.3499984741211,77.87711334228516
2013-12-10,86.29000091552734,77.8230209350586
2013-12-11,85.18000030517578,76.82192993164062
2013-12-12,84.95999908447266,76.6235122680664
2013-12-13,84.8499984741211,76.52432250976562
2013-12-16,85.31999969482422,76.94818878173828
2013-12-17,85.1500015258789,76.79486846923828
2013-12-18,86.13999938964844,77.68773651123047
2013-12-19,85.9000015258789,77.47127532958984
2013-12-20,86.5,78.26019287109375
2013-12-23,87.41000366210938,79.08351135253906
2013-12-24,87.44999694824219,79.11970520019531
2013-12-26,87.73999786376953,79.38211059570312
2013-12-27,87.5199966430664,79.18302917480469
2013-12-30,87.38999938964844,79.0654525756836
2013-12-31,87.95999908447266,79.58113861083984
2014-01-02,87.2699966430664,78.95687103271484
2014-01-03,86.63999938964844,78.38687896728516
2014-01-06,86.31999969482422,78.09733581542969
2014-01-07,87.12000274658203,78.8211441040039
2014-01-08,87.30999755859375,78.99305725097656
2014-01-09,87.0199966430664,78.7306900024414
2014-01-10,87.30000305175781,78.9840087890625
2014-01-13,86.01000213623047,77.81689453125
2014-01-14,87.6500015258789,79.30066680908203
2014-01-15,88.37000274658203,79.95207214355469
2014-01-16,88.37999725341797,79.96110534667969
2014-01-17,87.87999725341797,79.50875854492188
2014-01-21,88.55000305175781,80.11494445800781
2014-01-22,88.77999877929688,80.32304382324219
2014-01-23,88.4800033569336,80.0516128540039
2014-01-24,86.73999786376953,78.47736358642578
2014-01-27,85.9000015258789,77.71737670898438
2014-01-28,85.8499984741211,77.67213439941406
2014-01-29,84.93000030517578,76.83975982666016
2014-01-30,86.5,78.26019287109375
2014-01-31,86.2699966430664,78.0521240234375
2014-02-03,84.29000091552734,76.26074981689453
2014-02-04,84.91000366210938,76.82167053222656
2014-02-05,84.69000244140625,76.62265014648438
2014-02-06,85.7699966430664,77.59974670410156
2014-02-07,87.30000305175781,78.9840087890625
2014-02-10,87.80000305175781,79.4363784790039
2014-02-11,88.80000305175781,80.34111022949219
2014-02-12,88.97000122070312,80.49493408203125
2014-02-13,89.62999725341797,81.09204864501953
2014-02-14,89.80999755859375,81.25491333007812
2014-02-18,90.25,81.65299987792969
2014-02-19,89.62999725341797,81.09204864501953
2014-02-20,90.05000305175781,81.4720458984375
2014-02-21,89.93000030517578,81.36347198486328
2014-02-24,90.41000366210938,81.7977523803711
2014-02-25,90.30999755859375,81.70729064941406
2014-02-26,90.2300033569336,81.63489532470703
2014-02-27,90.44000244140625,82.16455078125
2014-02-28,90.33999633789062,82.07367706298828
2014-03-03,89.66999816894531,81.46501159667969
2014-03-04,90.80999755859375,82.50069427490234
2014-03-05,91.05999755859375,82.72784423828125
2014-03-06,90.9800033569336,82.6551513671875
2014-03-07,90.52999877929688,82.246337890625
2014-03-10,90.61000061035156,82.31900024414062
2014-03-11,90.22000122070312,81.96470642089844
2014-03-12,90.55999755859375,82.27356719970703
2014-03-13,89.27999877929688,81.11071014404297
2014-03-14,88.66999816894531,80.5564956665039
2014-03-17,89.44999694824219,81.26513671875
2014-03-18,90.52999877929688,82.246337890625
2014-03-19,90.04000091552734,81.80115509033203
2014-03-20,90.29000091552734,82.02831268310547
2014-03-21,89.0,81.04119873046875
2014-03-24,88.22000122070312,80.33094024658203
2014-03-25,88.51000213623047,80.59503936767578
2014-03-26,87.37000274658203,79.55696868896484
2014-03-27,86.87999725341797,79.11079406738281
2014-03-28,87.05000305175781,79.26561737060547
2014-03-31,87.66999816894531,79.83016967773438
2014-04-01,89.20999908447266,81.232421875
2014-04-02,89.44000244140625,81.44184875488281
2014-04-03,88.7300033569336,80.79536437988281
2014-04-04,86.37000274658203,78.64642333984375
2014-04-07,85.55000305175781,77.89974212646484
2014-04-08,86.33999633789062,78.61907196044922
2014-04-09,87.81999969482422,79.96673583984375
2014-04-10,85.0999984741211,77.48998260498047
2014-04-11,84.11000061035156,76.5885009765625
2014-04-14,84.7699966430664,77.18948364257812
2014-04-15,85.05000305175781,77.44444274902344
2014-04-16,86.18000030517578,78.47339630126953
2014-04-17,86.19999694824219,78.4915771484375
2014-04-21,86.83999633789062,79.07437133789062
2014-04-22,87.52999877929688,79.7026596069336
2014-04-23,86.76000213623047,79.00154113769531
2014-04-24,87.58999633789062,79.75728607177734
2014-04-25,86.19000244140625,78.48249053955078
2014-04-28,86.47000122070312,78.73746490478516
2014-04-29,87.16000366210938,79.36577606201172
2014-04-30,87.38999938964844,79.5751724243164
2014-05-01,87.6500015258789,79.81192016601562
2014-05-02,87.48999786376953,79.66622924804688
2014-05-05,87.94999694824219,80.08511352539062
2014-05-06,86.80999755859375,79.04707336425781
2014-05-07,86.55999755859375,78.81941223144531
2014-05-08,86.4800033569336,78.74656677246094
2014-05-09,86.80000305175781,79.0379638671875
2014-05-12,88.2300033569336,80.34007263183594
2014-05-13,88.29000091552734,80.39469909667969
2014-05-14,87.83000183105469,79.97586059570312
2014-05-15,87.13999938964844,79.34754943847656
2014-05-16,87.70999908447266,79.86660766601562
2014-05-19,88.31999969482422,80.42201232910156
2014-05-20,88.0,80.13063049316406
2014-05-21,88.83999633789062,80.89551544189453
2014-05-22,89.2300033569336,81.25064849853516
2014-05-23,89.87999725341797,81.84251403808594
2014-05-27,91.0,82.86234283447266
2014-05-28,90.72000122070312,82.60740661621094
2014-05-29,91.30000305175781,83.1355209350586
2014-05-30,91.30999755859375,83.14466094970703
2014-06-02,91.22000122070312,83.06267547607422
2014-06-03,91.18000030517578,83.0262680053711
2014-06-04,91.5199966430664,83.33584594726562
2014-06-05,92.29000091552734,84.03703308105469
2014-06-06,92.81999969482422,84.51960754394531
2014-06-09,92.75,84.45587158203125
2014-06-10,92.91000366210938,84.60157775878906
2014-06-11,92.88999938964844,84.58338165283203
2014-06-12,92.05000305175781,83.81849670410156
2014-06-13,92.31999969482422,84.0643310546875
2014-06-16,92.4000015258789,84.1371841430664
2014-06-17,92.44999694824219,84.18268585205078
2014-06-18,92.97000122070312,84.65618896484375
2014-06-19,92.91000366210938,84.60157775878906
2014-06-20,92.7699966430664,84.70111846923828
2014-06-23,92.79000091552734,84.7193603515625
2014-06-24,92.69999694824219,84.63717651367188
2014-06-25,93.29000091552734,85.17585754394531
2014-06-26,93.33999633789062,85.22150421142578
2014-06-27,93.75,85.59583282470703
2014-06-30,93.91000366210938,85.7419204711914
2014-07-01,94.94000244140625,86.68232727050781
2014-07-02,95.0999984741211,86.82842254638672
2014-07-03,95.69999694824219,87.37621307373047
2014-07-07,95.41000366210938,87.1114273071289
2014-07-08,94.26000213623047,86.06147003173828
2014-07-09,94.95999908447266,86.70059204101562
2014-07-10,94.66000366210938,86.42668151855469
2014-07-11,95.2699966430664,86.98367309570312
2014-07-14,95.83999633789062,87.5040512084961
2014-07-15,95.51000213623047,87.20277404785156
2014-07-16,95.88999938964844,87.54973602294922
2014-07-17,94.62000274658203,86.39015197753906
2014-07-18,96.12000274658203,87.75973510742188
2014-07-21,96.0,87.65013122558594
2014-07-22,96.61000061035156,88.20711517333984
2014-07-23,97.2300033569336,88.7731704711914
2014-07-24,97.12000274658203,88.67272186279297
2014-07-25,96.73999786376953,88.32575988769531
2014-07-28,96.7699966430664,88.3531723022461
2014-07-29,96.5999984741211,88.19796752929688
2014-07-30,96.9800033569336,88.544921875
2014-07-31,95.0199966430664,86.75537872314453
2014-08-01,94.66999816894531,86.4358139038086
2014-08-04,95.31999969482422,87.02931213378906
2014-08-05,94.58999633789062,86.3627700805664
2014-08-06,94.5199966430664,86.29885864257812
2014-08-07,94.22000122070312,86.02497100830078
2014-08-08,94.9000015258789,86.64581298828125
2014-08-11,95.45999908447266,87.15711975097656
2014-08-12,95.41999816894531,87.12063598632812
2014-08-13,96.43000030517578,88.04277038574219
2014-08-14,96.93000030517578,88.4992446899414
2014-08-15,97.4000015258789,88.92838287353516
2014-08-18,98.1500015258789,89.61316680908203
2014-08-19,98.69999694824219,90.11534118652344
2014-08-20,98.69999694824219,90.11534118652344
2014-08-21,98.9000015258789,90.29792785644531
2014-08-22,99.05000305175781,90.43488311767578
2014-08-25,99.4000015258789,90.75443267822266
2014-08-26,99.5,90.8457260131836
2014-08-27,99.5199966430664,90.86399841308594
2014-08-28,99.41000366210938,90.76355743408203
2014-08-29,99.77999877929688,91.10136413574219
2014-09-02,100.06999969482422,91.36615753173828
2014-09-03,99.4800033569336,90.82747650146484
2014-09-04,99.38999938964844,90.74527740478516
2014-09-05,99.88999938964844,91.2017822265625
2014-09-08,100.08000183105469,91.3752670288086
2014-09-09,99.25,90.61747741699219
2014-09-10,100.06999969482422,91.36615753173828
2014-09-11,99.98999786376953,91.29309844970703
2014-09-12,99.4800033569336,90.82747650146484
2014-09-15,98.5199966430664,89.95099639892578
2014-09-16,99.37999725341797,90.73616790771484
2014-09-17,99.52999877929688,90.87310791015625
2014-09-18,100.27999877929688,91.5578842163086
2014-09-19,99.9800033569336,91.50113677978516
2014-09-22,99.05000305175781,90.65001678466797
2014-09-23,98.77999877929688,90.40290832519531
2014-09-24,99.83999633789062,91.37300109863281
2014-09-25,97.73999786376953,89.45109558105469
2014-09-26,98.77999877929688,90.40290832519531
2014-09-29,98.6500015258789,90.28390502929688
2014-09-30,98.79000091552734,90.41203308105469
2014-10-01,97.20999908447266,88.96604919433594
2014-10-02,97.20999908447266,88.96604919433594
2014-10-03,98.16999816894531,89.84464263916016
2014-10-06,97.95999908447266,89.65245819091797
2014-10-07,96.56999969482422,88.38031768798828
2014-10-08,98.44999694824219,90.10088348388672
2014-10-09,96.86000061035156,88.64573669433594
2014-10-10,94.44000244140625,86.43094635009766
2014-10-13,92.95999908447266,85.07648468017578
2014-10-14,92.97000122070312,85.08560943603516
2014-10-15,92.37000274658203,84.53652954101562
2014-10-16,91.79000091552734,84.00568389892578
2014-10-17,93.0,85.11309051513672
2014-10-20,94.38999938964844,86.38518524169922
2014-10-21,96.87000274658203,88.65485382080078
2014-10-22,96.37000274658203,88.19727325439453
2014-10-23,97.81999969482422,89.52433776855469
2014-10-24,98.62000274658203,90.2564697265625
2014-10-27,98.69000244140625,90.32052612304688
2014-10-28,100.18000030517578,91.68416595458984
2014-10-29,99.80999755859375,91.34555053710938
2014-10-30,100.0199966430664,91.53773498535156
2014-10-31,101.4000015258789,92.80070495605469
2014-11-03,101.69999694824219,93.07527923583984
2014-11-04,101.36000061035156,92.76409912109375
2014-11-05,101.37000274658203,92.77323913574219
2014-11-06,101.69000244140625,93.06613159179688
2014-11-07,101.5999984741211,92.98374938964844
2014-11-10,101.95999908447266,93.31321716308594
2014-11-11,102.27999877929688,93.60609436035156
2014-11-12,102.45999908447266,93.77083587646484
2014-11-13,102.9000015258789,94.17351531982422
2014-11-14,103.22000122070312,94.46636199951172
2014-11-17,102.91000366210938,94.18267059326172
2014-11-18,103.68000030517578,94.88735961914062
2014-11-19,103.20999908447266,94.45721435546875
2014-11-20,103.66999816894531,94.8781967163086
2014-11-21,103.87000274658203,95.06124114990234
2014-11-24,104.68000030517578,95.80255126953125
2014-11-25,104.83999633789062,95.94898223876953
2014-11-26,105.5199966430664,96.5712890625
2014-11-28,106.01000213623047,97.01978302001953
2014-12-01,104.80999755859375,95.92151641845703
2014-12-02,105.2300033569336,96.30594635009766
2014-12-03,105.41999816894531,96.47977447509766
2014-12-04,105.37000274658203,96.43405151367188
2014-12-05,105.37999725341797,96.44315338134766
2014-12-08,104.62999725341797,95.75679016113281
2014-12-09,104.95999908447266,96.05882263183594
2014-12-10,103.30999755859375,94.54873657226562
2014-12-11,103.80000305175781,94.9971694946289
2014-12-12,102.66999816894531,93.96302032470703
2014-12-15,101.61000061035156,92.992919921875
2014-12-16,99.9800033569336,91.50113677978516
2014-12-17,101.80000305175781,93.1667709350586
2014-12-18,104.25,95.40901947021484
2014-12-19,104.31999969482422,95.82882690429688
2014-12-22,104.58000183105469,96.06764221191406
2014-12-23,104.20999908447266,95.72776794433594
2014-12-24,104.30000305175781,95.8104476928711
2014-12-26,105.04000091552734,96.49021911621094
2014-12-29,105.0199966430664,96.4718246459961
2014-12-30,104.31999969482422,95.82882690429688
2014-12-31,103.25,94.84593200683594
2015-01-02,102.94000244140625,94.56112670898438
2015-01-05,101.43000030517578,93.17404174804688
2015-01-06,100.06999969482422,91.92475128173828
2015-01-07,101.36000061035156,93.10974884033203
2015-01-08,103.30000305175781,94.8918228149414
2015-01-09,102.62000274658203,94.2671890258789
2015-01-12,101.55000305175781,93.28426361083984
2015-01-13,101.5199966430664,93.25672149658203
2015-01-14,100.95999908447266,92.7422866821289
2015-01-15,99.6500015258789,91.5389404296875
2015-01-16,100.81999969482422,92.61370086669922
2015-01-20,101.62000274658203,93.34856414794922
2015-01-21,102.13999938964844,93.8262939453125
2015-01-22,104.02999877929688,95.56242370605469
2015-01-23,104.26000213623047,95.77371978759766
2015-01-26,104.13999938964844,95.66346740722656
2015-01-27,101.44000244140625,93.18324279785156
2015-01-28,100.91999816894531,92.70557403564453
2015-01-29,101.88999938964844,93.59661865234375
2015-01-30,101.0999984741211,92.87089538574219
2015-02-02,101.9800033569336,93.6792984008789
2015-02-03,102.95999908447266,94.57951354980469
2015-02-04,102.87000274658203,94.496826171875
2015-02-05,103.76000213623047,95.31439208984375
2015-02-06,103.12999725341797,94.73567199707031
2015-02-09,102.80000305175781,94.43253326416016
2015-02-10,104.4000015258789,95.90229797363281
2015-02-11,104.77999877929688,96.25138092041016
2015-02-12,106.0,97.37208557128906
2015-02-13,106.91000366210938,98.20800018310547
2015-02-17,107.01000213623047,98.29987335205078
2015-02-18,107.16000366210938,98.43769836425781
2015-02-19,107.69000244140625,98.92453002929688
2015-02-20,108.41000366210938,99.5859146118164
2015-02-23,108.5199966430664,99.68696594238281
2015-02-24,108.5999984741211,99.76042938232422
2015-02-25,108.33000183105469,99.512451171875
2015-02-26,108.87999725341797,100.0176773071289
2015-02-27,108.4000015258789,99.57672882080078
2015-03-02,109.37999725341797,100.47696685791016
2015-03-03,108.87000274658203,100.00846862792969
2015-03-04,108.44999694824219,99.62267303466797
2015-03-05,108.63999938964844,99.79717254638672
2015-03-06,107.41000366210938,98.66734313964844
2015-03-09,107.72000122070312,98.95207214355469
2015-03-10,105.72000122070312,97.11488342285156
2015-03-11,105.11000061035156,96.55453491210938
2015-03-12,105.80000305175781,97.18836975097656
2015-03-13,105.33999633789062,96.76578521728516
2015-03-16,106.69999694824219,98.01508331298828
2015-03-17,106.87000274658203,98.17125701904297
2015-03-18,107.91999816894531,99.13578033447266
2015-03-19,108.08000183105469,99.28277587890625
2015-03-20,108.52999877929688,99.92542266845703
2015-03-23,108.31999969482422,99.73208618164062
2015-03-24,107.93000030517578,99.37300872802734
2015-03-25,105.45999908447266,97.09882354736328
2015-03-26,105.0999984741211,96.76737976074219
2015-03-27,105.5199966430664,97.15406799316406
2015-03-30,106.7300033569336,98.2681655883789
2015-03-31,105.5999984741211,97.22773742675781
2015-04-01,105.05000305175781,96.7213363647461
2015-04-02,105.12000274658203,96.78577423095703
2015-04-06,105.9800033569336,97.5776138305664
2015-04-07,105.80000305175781,97.41189575195312
2015-04-08,106.63999938964844,98.18527221679688
2015-04-09,107.30999755859375,98.8021469116211
2015-04-10,107.75,99.20729064941406
2015-04-13,107.4800033569336,98.95867919921875
2015-04-14,107.16999816894531,98.67325592041016
2015-04-15,107.83999633789062,99.29011535644531
2015-04-16,107.69000244140625,99.15205383300781
2015-04-17,106.01000213623047,97.60526275634766
2015-04-20,107.5999984741211,99.06916809082031
2015-04-21,108.05999755859375,99.49271392822266
2015-04-22,108.6500015258789,100.03592681884766
2015-04-23,109.05999755859375,100.41343688964844
2015-04-24,110.54000091552734,101.77608489990234
2015-04-27,110.26000213623047,101.51826477050781
2015-04-28,110.04000091552734,101.31573486328125
2015-04-29,109.3499984741211,100.68042755126953
2015-04-30,107.62999725341797,99.09676361083984
2015-05-01,109.05000305175781,100.40422821044922
2015-05-04,109.2300033569336,100.56993865966797
2015-05-05,107.44999694824219,98.93106842041016
2015-05-06,106.70999908447266,98.24974822998047
2015-05-07,107.3499984741211,98.8389892578125
2015-05-08,108.69000244140625,100.07272338867188
2015-05-11,108.2699966430664,99.6860580444336
2015-05-12,107.77999877929688,99.23489379882812
2015-05-13,108.0,99.43746185302734
2015-05-14,109.58000183105469,100.89220428466797
2015-05-15,109.58000183105469,100.89220428466797
2015-05-18,110.05999755859375,101.3341293334961
2015-05-19,109.94000244140625,101.22364044189453
2015-05-20,110.01000213623047,101.2880859375
2015-05-21,110.58000183105469,101.8128890991211
2015-05-22,110.47000122070312,101.71163177490234
2015-05-26,109.19999694824219,100.54232788085938
2015-05-27,110.95999908447266,102.16280364990234
2015-05-28,110.70999908447266,101.9325942993164
2015-05-29,110.05000305175781,101.32493591308594
2015-06-01,110.41999816894531,101.66559600830078
2015-06-02,110.06999969482422,101.34333801269531
2015-06-03,110.4000015258789,101.64717864990234
2015-06-04,109.55999755859375,100.87376403808594
2015-06-05,109.30000305175781,100.6344223022461
2015-06-08,108.19000244140625,99.61239624023438
2015-06-09,108.01000213623047,99.44667053222656
2015-06-10,109.48999786376953,100.80931091308594
2015-06-11,109.6500015258789,100.95663452148438
2015-06-12,108.75,100.12799835205078
2015-06-15,108.20999908447266,99.63081359863281
2015-06-16,108.80000305175781,100.1740493774414
2015-06-17,109.0999984741211,100.45025634765625
2015-06-18,110.69000244140625,101.9141616821289
2015-06-19,109.88999938964844,101.41029357910156
2015-06-22,110.69999694824219,102.15785217285156
2015-06-23,110.79000091552734,102.24088287353516
2015-06-24,110.22000122070312,101.71484375
2015-06-25,110.0,101.5118179321289
2015-06-26,109.2699966430664,100.83816528320312
2015-06-29,106.69000244140625,98.45724487304688
2015-06-30,107.06999969482422,98.80794525146484
2015-07-01,107.91999816894531,99.59233856201172
2015-07-02,107.94999694824219,99.6200180053711
2015-07-06,107.69999694824219,99.38929748535156
2015-07-07,107.97000122070312,99.63848876953125
2015-07-08,106.08999633789062,97.90357208251953
2015-07-09,106.02999877929688,97.84815216064453
2015-07-10,107.6500015258789,99.34317779541016
2015-07-13,109.54000091552734,101.0873031616211
2015-07-14,110.26000213623047,101.75178527832031
2015-07-15,110.37999725341797,101.86251068115234
2015-07-16,111.94000244140625,103.3021240234375
2015-07-17,113.58999633789062,104.82479858398438
2015-07-20,113.9800033569336,105.18470764160156
2015-07-21,113.91000366210938,105.12012481689453
2015-07-22,112.62000274658203,103.92967224121094
2015-07-23,112.19999694824219,103.54209899902344
2015-07-24,111.0999984741211,102.52694702148438
2015-07-27,110.18000030517578,101.67794799804688
2015-07-28,111.12999725341797,102.55462646484375
2015-07-29,111.55000305175781,102.94222259521484
2015-07-30,112.08000183105469,103.43135833740234
2015-07-31,111.94999694824219,103.31135559082031
2015-08-03,111.5999984741211,102.98837280273438
2015-08-04,111.38999938964844,102.7945785522461
2015-08-05,112.25,103.58821105957031
2015-08-06,110.44999694824219,101.92710876464844
2015-08-07,110.30999755859375,101.79790496826172
2015-08-10,111.56999969482422,102.9606704711914
2015-08-11,110.13999938964844,101.6410140991211
2015-08-12,110.5199966430664,101.99168395996094
2015-08-13,110.33999633789062,101.82559967041016
2015-08-14,110.51000213623047,101.98249816894531
2015-08-17,111.43000030517578,102.83149719238281
2015-08-18,110.86000061035156,102.30549621582031
2015-08-19,110.12999725341797,101.63179779052734
2015-08-20,107.08000183105469,98.81716918945312
2015-08-21,102.4000015258789,94.4983139038086
2015-08-24,98.45999908447266,90.86231994628906
2015-08-25,98.08999633789062,90.52083587646484
2015-08-26,103.02999877929688,95.07967376708984
2015-08-27,105.63999938964844,97.48827362060547
2015-08-28,105.62000274658203,97.4698257446289
2015-08-31,104.30999755859375,96.26090240478516
2015-09-01,101.05000305175781,93.25247192382812
2015-09-02,103.9000015258789,95.88255310058594
2015-09-03,103.38999938964844,95.41190338134766
2015-09-04,102.16000366210938,94.27682495117188
2015-09-08,105.04000091552734,96.93458557128906
2015-09-09,103.86000061035156,95.8456039428711
2015-09-10,104.98999786376953,96.88841247558594
2015-09-11,105.56999969482422,97.42365264892578
2015-09-14,105.25,97.12835693359375
2015-09-15,106.48999786376953,98.2726821899414
2015-09-16,107.08999633789062,98.82637023925781
2015-09-17,107.12999725341797,98.8633041381836
2015-09-18,105.3499984741211,97.45716857910156
2015-09-21,105.68000030517578,97.76245880126953
2015-09-22,104.0999984741211,96.30082702636719
2015-09-23,104.18000030517578,96.37482452392578
2015-09-24,103.80000305175781,96.02332305908203
2015-09-25,102.91999816894531,95.20922088623047
2015-09-28,99.98999786376953,92.49874114990234
2015-09-29,99.47000122070312,92.0177230834961
2015-09-30,101.76000213623047,94.13614654541016
2015-10-01,102.22000122070312,94.5616683959961
2015-10-02,104.01000213623047,96.2175521850586
2015-10-05,105.5,97.59593200683594
2015-10-06,105.0,97.13343048095703
2015-10-07,105.62999725341797,97.7162094116211
2015-10-08,106.05000305175781,98.10475158691406
2015-10-09,106.52999877929688,98.54876708984375
2015-10-12,106.79000091552734,98.78932189941406
2015-10-13,106.0999984741211,98.15099334716797
2015-10-14,105.93000030517578,97.99374389648438
2015-10-15,107.66999816894531,99.60336303710938
2015-10-16,108.12000274658203,100.01963806152344
2015-10-19,108.73999786376953,100.59319305419922
2015-10-20,108.18000030517578,100.07516479492188
2015-10-21,107.5199966430664,99.46456146240234
2015-10-22,109.70999908447266,101.49053192138672
2015-10-23,112.77999877929688,104.33050537109375
2015-10-26,112.8499984741211,104.3952865600586
2015-10-27,113.08000183105469,104.60803985595703
2015-10-28,114.0199966430664,105.47763061523438
2015-10-29,113.83999633789062,105.31112670898438
2015-10-30,113.33000183105469,104.83932495117188
2015-11-02,114.61000061035156,106.02342987060547
2015-11-03,115.01000213623047,106.3934326171875
2015-11-04,115.0199966430664,106.4027099609375
2015-11-05,114.70999908447266,106.11592864990234
2015-11-06,114.79000091552734,106.18993377685547
2015-11-09,113.56999969482422,105.06134796142578
2015-11-10,113.27999877929688,104.79304504394531
2015-11-11,113.13999938964844,104.6635513305664
2015-11-12,112.04000091552734,103.64596557617188
2015-11-13,109.83999633789062,101.61077880859375
2015-11-16,111.41999816894531,103.0724105834961
2015-11-17,111.48999786376953,103.13716125488281
2015-11-18,113.62999725341797,105.1168212890625
2015-11-19,113.70999908447266,105.19084930419922
2015-11-20,114.4800033569336,105.90316772460938
2015-11-23,114.1500015258789,105.5978775024414
2015-11-24,114.05000305175781,105.50538635253906
2015-11-25,114.1500015258789,105.5978775024414
2015-11-27,114.30999755859375,105.74589538574219
2015-11-30,114.0199966430664,105.47763061523438
2015-12-01,115.16000366210938,106.53223419189453
2015-12-02,114.44999694824219,105.87540435791016
2015-12-03,112.51000213623047,104.08075714111328
2015-12-04,115.13999938964844,106.51372528076172
2015-12-07,114.62000274658203,106.03264617919922
2015-12-08,114.62999725341797,106.04190826416016
2015-12-09,112.88999938964844,104.43225860595703
2015-12-10,113.4000015258789,104.9040756225586
2015-12-11,110.79000091552734,102.48959350585938
2015-12-14,111.62999725341797,103.26667785644531
2015-12-15,112.30999755859375,103.8957290649414
2015-12-16,113.9800033569336,105.44060516357422
2015-12-17,112.31999969482422,103.90498352050781
2015-12-18,109.83000183105469,101.91183471679688
2015-12-21,111.05000305175781,103.04386138916016
2015-12-22,111.77999877929688,103.72126007080078
2015-12-23,112.61000061035156,104.49143981933594
2015-12-24,112.58999633789062,104.47283172607422
2015-12-28,112.52999877929688,104.41717529296875
2015-12-29,114.30000305175781,106.05958557128906
2015-12-30,113.2699966430664,105.10381317138672
2015-12-31,111.86000061035156,103.79549407958984
2016-01-04,109.5,101.60562133789062
2016-01-05,109.30999755859375,101.42933654785156
2016-01-06,108.26000213623047,100.4550552368164
2016-01-07,104.87000274658203,97.30940246582031
2016-01-08,104.01000213623047,96.51142883300781
2016-01-11,104.33000183105469,96.80838012695312
2016-01-12,105.54000091552734,97.93111419677734
2016-01-13,101.9000015258789,94.5535659790039
2016-01-14,104.06999969482422,96.56710815429688
2016-01-15,100.83999633789062,93.56998443603516
2016-01-19,101.05999755859375,93.77410125732422
2016-01-20,100.75,93.4864730834961
2016-01-21,100.8499984741211,93.57925415039062
2016-01-22,103.7699966430664,96.28873443603516
2016-01-25,102.2300033569336,94.85977935791016
2016-01-26,103.1500015258789,95.71343994140625
2016-01-27,100.58000183105469,93.32872009277344
2016-01-28,102.0,94.64632415771484
2016-01-29,104.12999725341797,96.6227798461914
2016-02-01,104.41000366210938,96.88261413574219
2016-02-02,102.1500015258789,94.7855224609375
2016-02-03,101.66000366210938,94.33087158203125
2016-02-04,101.6500015258789,94.32158660888672
2016-02-05,98.12000274658203,91.04603576660156
2016-02-08,96.62000274658203,89.65422058105469
2016-02-09,96.31999969482422,89.37583923339844
2016-02-10,96.69000244140625,89.71917724609375
2016-02-11,96.55000305175781,89.58926391601562
2016-02-12,98.0199966430664,90.95328521728516
2016-02-16,100.2300033569336,93.00398254394531
2016-02-17,102.5,95.11028289794922
2016-02-18,101.33000183105469,94.02465057373047
2016-02-19,101.62999725341797,94.30300903320312
2016-02-22,103.27999877929688,95.8340835571289
2016-02-23,101.58000183105469,94.25664520263672
2016-02-24,102.55000305175781,95.15668487548828
2016-02-25,103.55999755859375,96.09387969970703
2016-02-26,103.43000030517578,95.97325897216797
2016-02-29,102.5,95.11028289794922
2016-03-01,105.79000091552734,98.1631088256836
2016-03-02,105.83000183105469,98.20022583007812
2016-03-03,105.62999725341797,98.0146484375
2016-03-04,105.66999816894531,98.0517578125
2016-03-07,105.0199966430664,97.44860076904297
2016-03-08,104.1500015258789,96.64134979248047
2016-03-09,104.81999969482422,97.26303100585938
2016-03-10,104.66000366210938,97.11457824707031
2016-03-11,106.48999786376953,98.81263732910156
2016-03-14,106.66999816894531,98.97966003417969
2016-03-15,106.62999725341797,98.94253540039062
2016-03-16,107.58000183105469,99.8240737915039
2016-03-17,107.5199966430664,99.76834869384766
2016-03-18,107.37000274658203,99.9247055053711
2016-03-21,107.79000091552734,100.31560516357422
2016-03-22,108.12000274658203,100.62271881103516
2016-03-23,107.2300033569336,99.79442596435547
2016-03-24,107.26000213623047,99.82234191894531
2016-03-28,107.11000061035156,99.68276977539062
2016-03-29,108.83000183105469,101.2834701538086
2016-03-30,109.36000061035156,101.7767333984375
2016-03-31,109.19999694824219,101.62782287597656
2016-04-01,110.36000061035156,102.7073974609375
2016-04-04,109.94000244140625,102.3165283203125
2016-04-05,108.87999725341797,101.33002471923828
2016-04-06,110.66999816894531,102.99589538574219
2016-04-07,109.08000183105469,101.51615905761719
2016-04-08,109.0,101.44168853759766
2016-04-11,108.5999984741211,101.06942749023438
2016-04-12,109.51000213623047,101.91634368896484
2016-04-13,110.91000366210938,103.21925354003906
2016-04-14,110.91999816894531,103.22857666015625
2016-04-15,110.63999938964844,102.9679946899414
2016-04-18,111.2300033569336,103.51705932617188
2016-04-19,110.55000305175781,102.88421630859375
2016-04-20,110.63999938964844,102.9679946899414
2016-04-21,110.6500015258789,102.97727966308594
2016-04-22,108.9800033569336,101.42310333251953
2016-04-25,108.9800033569336,101.42310333251953
2016-04-26,108.44999694824219,100.92985534667969
2016-04-27,107.58000183105469,100.12017822265625
2016-04-28,106.27999877929688,98.9103012084961
2016-04-29,105.72000122070312,98.38914489746094
2016-05-02,106.72000122070312,99.31982421875
2016-05-03,105.7300033569336,98.3984375
2016-05-04,105.05000305175781,97.76560974121094
2016-05-05,105.0199966430664,97.73765563964844
2016-05-06,105.58000183105469,98.25887298583984
2016-05-09,105.87999725341797,98.53803253173828
2016-05-10,107.33000183105469,99.88749694824219
2016-05-11,106.36000061035156,98.98474884033203
2016-05-12,105.88999938964844,98.54737854003906
2016-05-13,105.5,98.18440246582031
2016-05-16,106.81999969482422,99.41288757324219
2016-05-17,105.4800033569336,98.16578674316406
2016-05-18,105.86000061035156,98.51943969726562
2016-05-19,105.30999755859375,98.0075912475586
2016-05-20,106.47000122070312,99.08714294433594
2016-05-23,106.33000183105469,98.95684051513672
2016-05-24,108.45999908447266,100.93917083740234
2016-05-25,109.23999786376953,101.66505432128906
2016-05-26,109.55999755859375,101.96286010742188
2016-05-27,110.12999725341797,102.49336242675781
2016-05-31,110.33999633789062,102.68877410888672
2016-06-01,110.3499984741211,102.69811248779297
2016-06-02,110.58000183105469,102.91213989257812
2016-06-03,110.05999755859375,102.42819213867188
2016-06-06,110.45999908447266,102.80046081542969
2016-06-07,110.18000030517578,102.53986358642578
2016-06-08,110.37000274658203,102.71671295166016
2016-06-09,110.19000244140625,102.5491943359375
2016-06-10,108.94000244140625,101.38585662841797
2016-06-13,108.02999877929688,100.53897094726562
2016-06-14,108.02999877929688,100.53897094726562
2016-06-15,107.72000122070312,100.2504653930664
2016-06-16,108.04000091552734,100.54827117919922
2016-06-17,106.48999786376953,99.36972045898438
2016-06-20,107.16000366210938,99.99491882324219
2016-06-21,107.5,100.31217956542969
2016-06-22,107.23999786376953,100.069580078125
2016-06-23,108.7699966430664,101.49727630615234
2016-06-24,104.29000091552734,97.31683349609375
2016-06-27,102.22000122070312,95.38522338867188
2016-06-28,104.45999908447266,97.47543334960938
2016-06-29,106.30999755859375,99.20175170898438
2016-06-30,107.54000091552734,100.34952545166016
2016-07-01,108.08000183105469,100.85343170166016
2016-07-05,107.41999816894531,100.23753356933594
2016-07-06,108.30000305175781,101.05867767333984
2016-07-07,108.62000274658203,101.35729217529297
2016-07-08,110.30000305175781,102.92498016357422
2016-07-11,110.93000030517578,103.5128402709961
2016-07-12,111.48999786376953,104.0353775024414
2016-07-13,111.22000122070312,103.783447265625
2016-07-14,111.9800033569336,104.4926528930664
2016-07-15,111.80000305175781,104.32466888427734
2016-07-18,112.54000091552734,105.01519775390625
2016-07-19,112.12999725341797,104.63262176513672
2016-07-20,113.44000244140625,105.85501861572266
2016-07-21,113.18000030517578,105.6124038696289
2016-07-22,113.6500015258789,106.05097198486328
2016-07-25,113.66000366210938,106.06031799316406
2016-07-26,113.79000091552734,106.18163299560547
2016-07-27,114.58000183105469,106.91879272460938
2016-07-28,114.9800033569336,107.29205322265625
2016-07-29,115.2300033569336,107.52532196044922
2016-08-01,115.83999633789062,108.09455108642578
2016-08-02,114.95999908447266,107.27336120605469
2016-08-03,115.33999633789062,107.62796020507812
2016-08-04,115.66999816894531,107.93592071533203
2016-08-05,116.77999877929688,108.97169494628906
2016-08-08,116.6500015258789,108.8503646850586
2016-08-09,116.91999816894531,109.10233306884766
2016-08-10,116.62000274658203,108.82237243652344
2016-08-11,117.12000274658203,109.28897094726562
2016-08-12,117.19999694824219,109.36358642578125
2016-08-15,117.69999694824219,109.83016967773438
2016-08-16,117.05000305175781,109.22364807128906
2016-08-17,117.26000213623047,109.41960906982422
2016-08-18,117.29000091552734,109.44759368896484
2016-08-19,117.26000213623047,109.41960906982422
2016-08-22,117.3499984741211,109.50360107421875
2016-08-23,117.55999755859375,109.69953155517578
2016-08-24,116.80000305175781,108.99036407470703
2016-08-25,116.61000061035156,108.81307220458984
2016-08-26,116.77999877929688,108.97169494628906
2016-08-29,116.94000244140625,109.12098693847656
2016-08-30,116.55999755859375,108.76640319824219
2016-08-31,116.44000244140625,108.65443420410156
2016-09-01,116.73999786376953,108.93437194824219
2016-09-02,117.12000274658203,109.28897094726562
2016-09-06,117.8499984741211,109.97014617919922
2016-09-07,117.91999816894531,110.03547668457031
2016-09-08,117.2300033569336,109.3915786743164
2016-09-09,114.27999877929688,106.63885498046875
2016-09-12,116.33000183105469,108.55179595947266
2016-09-13,115.29000091552734,107.58130645751953
2016-09-14,115.83999633789062,108.09455108642578
2016-09-15,117.63999938964844,109.77418518066406
2016-09-16,117.29000091552734,109.72181701660156
2016-09-19,116.77999877929688,109.24471282958984
2016-09-20,117.0,109.4505386352539
2016-09-21,118.1500015258789,110.52629852294922
2016-09-22,119.08999633789062,111.40567779541016
2016-09-23,118.33000183105469,110.69470977783203
2016-09-26,117.33999633789062,109.76856231689453
2016-09-27,118.5,110.8537368774414
2016-09-28,118.69999694824219,111.04083251953125
2016-09-29,117.83999633789062,110.23629760742188
2016-09-30,118.72000122070312,111.05952453613281
2016-10-03,118.55000305175781,110.90050506591797
2016-10-04,118.37000274658203,110.73212432861328
2016-10-05,118.79000091552734,111.12500762939453
2016-10-06,118.7300033569336,111.06888580322266
2016-10-07,118.47000122070312,110.8256607055664
2016-10-10,119.22000122070312,111.52726745605469
2016-10-11,117.5199966430664,109.93694305419922
2016-10-12,117.41999816894531,109.8434066772461
2016-10-13,117.0,109.4505386352539
2016-10-14,117.13999938964844,109.5815200805664
2016-10-17,116.81999969482422,109.28215026855469
2016-10-18,117.86000061035156,110.25503540039062
2016-10-19,117.8499984741211,110.24566650390625
2016-10-20,117.70999908447266,110.11469268798828
2016-10-21,118.1500015258789,110.52629852294922
2016-10-24,119.56999969482422,111.85466766357422
2016-10-25,119.19000244140625,111.49923706054688
2016-10-26,118.37999725341797,110.74143981933594
2016-10-27,117.83999633789062,110.23629760742188
2016-10-28,117.0999984741211,109.54405212402344
2016-10-31,116.98999786376953,109.44116973876953
2016-11-01,116.11000061035156,108.6179428100586
2016-11-02,115.18000030517578,107.7479248046875
2016-11-03,114.05000305175781,106.69088745117188
2016-11-04,113.6500015258789,106.31668090820312
2016-11-07,116.3499984741211,108.84245300292969
2016-11-08,117.11000061035156,109.55341339111328
2016-11-09,117.6500015258789,110.05856323242188
2016-11-10,115.75,108.28115844726562
2016-11-11,115.80000305175781,108.32793426513672
2016-11-14,114.62999725341797,107.23345947265625
2016-11-15,116.22000122070312,108.72085571289062
2016-11-16,116.91000366210938,109.36629486083984
2016-11-17,117.76000213623047,110.1614761352539
2016-11-18,117.31999969482422,109.74987030029297
2016-11-21,118.54000091552734,110.89114379882812
2016-11-22,118.9000015258789,111.2279281616211
2016-11-23,118.41999816894531,110.77889251708984
2016-11-25,118.80000305175781,111.1343765258789
2016-11-28,118.52999877929688,110.88180541992188
2016-11-29,118.94000244140625,111.26531219482422
2016-11-30,117.5,109.91828155517578
2016-12-01,115.47000122070312,108.01924896240234
2016-12-02,115.69999694824219,108.23439025878906
2016-12-05,116.5999984741211,109.07632446289062
2016-12-06,116.87999725341797,109.33827209472656
2016-12-07,118.36000061035156,110.7227554321289
2016-12-08,118.56999969482422,110.9192123413086
2016-12-09,119.5,111.78921508789062
2016-12-12,118.95999908447266,111.2840347290039
2016-12-13,120.45999908447266,112.68724822998047
2016-12-14,120.20999908447266,112.453369140625
2016-12-15,120.4000015258789,112.63114166259766
2016-12-16,119.5999984741211,112.213623046875
2016-12-19,120.08999633789062,112.67335510253906
2016-12-20,120.55000305175781,113.10494995117188
2016-12-21,120.45999908447266,113.0205078125
2016-12-22,120.12000274658203,112.7015151977539
2016-12-23,120.19999694824219,112.77658081054688
2016-12-27,120.81999969482422,113.35826873779297
2016-12-28,119.87999725341797,112.476318359375
2016-12-29,119.70999908447266,112.31681060791016
2016-12-30,118.4800033569336,111.16278076171875
2017-01-03,119.54000091552734,112.15729522705078
2017-01-04,120.19000244140625,112.7671890258789
2017-01-05,120.87000274658203,113.40518951416016
2017-01-06,121.93000030517578,114.39972686767578
2017-01-09,122.33000183105469,114.7750244140625
2017-01-10,122.5999984741211,115.0283432006836
2017-01-11,122.93000030517578,115.33795928955078
2017-01-12,122.73999786376953,115.15969848632812
2017-01-13,123.16000366210938,115.55374908447266
2017-01-17,122.79000091552734,115.20661926269531
2017-01-18,123.04000091552734,115.44117736816406
2017-01-19,122.9800033569336,115.3849105834961
2017-01-20,123.25,115.63818359375
2017-01-23,123.3499984741211,115.73200988769531
2017-01-24,124.18000030517578,116.51074981689453
2017-01-25,125.43000030517578,117.68355560302734
2017-01-26,125.55999755859375,117.80553436279297
2017-01-27,125.80000305175781,118.03071594238281
2017-01-30,124.81999969482422,117.11125183105469
2017-01-31,124.56999969482422,116.87665557861328
2017-02-01,125.43000030517578,117.68355560302734
2017-02-02,125.31999969482422,117.58036041259766
2017-02-03,125.68000030517578,117.91812133789062
2017-02-06,125.83000183105469,118.0588607788086
2017-02-07,126.29000091552734,118.49043273925781
2017-02-08,126.5,118.6874771118164
2017-02-09,126.95999908447266,119.1190414428711
2017-02-10,127.37999725341797,119.51309967041016
2017-02-13,128.10000610351562,120.18866729736328
2017-02-14,128.52999877929688,120.59210205078125
2017-02-15,129.2899932861328,121.30516052246094
2017-02-16,129.25,121.26763916015625
2017-02-17,129.80999755859375,121.79304504394531
2017-02-21,130.4499969482422,122.3935317993164
2017-02-22,130.5,122.44043731689453
2017-02-23,130.00999450683594,121.98067474365234
2017-02-24,130.25999450683594,122.21524810791016
2017-02-27,130.4199981689453,122.3653564453125
2017-02-28,130.02000427246094,121.9900894165039
2017-03-01,131.44000244140625,123.3223876953125
2017-03-02,130.77999877929688,122.70316314697266
2017-03-03,131.02000427246094,122.9283447265625
2017-03-06,130.72999572753906,122.65623474121094
2017-03-07,130.50999450683594,122.44981384277344
2017-03-08,130.74000549316406,122.66561126708984
2017-03-09,130.83999633789062,122.75946044921875
2017-03-10,131.38999938964844,123.27544403076172
2017-03-13,131.61000061035156,123.48188018798828
2017-03-14,131.2899932861328,123.181640625
2017-03-15,132.10000610351562,123.941650390625
2017-03-16,132.00999450683594,123.85718536376953
2017-03-17,131.69000244140625,123.81392669677734
2017-03-20,131.80999755859375,123.92670440673828
2017-03-21,129.80999755859375,122.0463638305664
2017-03-22,130.69000244140625,122.87373352050781
2017-03-23,130.36000061035156,122.56350708007812
2017-03-24,130.6300048828125,122.81732940673828
2017-03-27,130.83999633789062,123.01477813720703
2017-03-28,131.63999938964844,123.76689147949219
2017-03-29,132.25,124.3404541015625
2017-03-30,132.47000122070312,124.54728698730469
2017-03-31,132.3800048828125,124.46267700195312
2017-04-03,132.3000030517578,124.38745880126953
2017-04-04,132.50999450683594,124.58488464355469
2017-04-05,131.97000122070312,124.07720947265625
2017-04-06,132.0399932861328,124.14299774169922
2017-04-07,131.97000122070312,124.07720947265625
2017-04-10,132.02000427246094,124.12420654296875
2017-04-11,131.4499969482422,123.58829498291016
2017-04-12,130.9199981689453,123.08997344970703
2017-04-13,130.39999389648438,122.60108184814453
2017-04-17,131.47999572753906,123.61648559570312
2017-04-18,131.27999877929688,123.42843627929688
2017-04-19,131.49000549316406,123.62588500976562
2017-04-20,132.58999633789062,124.66015625
2017-04-21,132.55999755859375,124.63186645507812
2017-04-24,134.16000366210938,126.13618469238281
2017-04-25,135.1300048828125,127.04815673828125
2017-04-26,134.94000244140625,126.86959075927734
2017-04-27,135.75,127.63111114501953
2017-04-28,135.99000549316406,127.85672760009766
2017-05-01,137.1999969482422,128.99441528320312
2017-05-02,137.42999267578125,129.2106170654297
2017-05-03,136.99000549316406,128.79696655273438
2017-05-04,137.0399932861328,128.8439483642578
2017-05-05,137.5399932861328,129.31410217285156
2017-05-08,137.83999633789062,129.5961151123047
2017-05-09,138.32000732421875,130.04745483398438
2017-05-10,138.39999389648438,130.1226348876953
2017-05-11,138.2899932861328,130.0192108154297
2017-05-12,138.60000610351562,130.3106689453125
2017-05-15,139.0399932861328,130.72433471679688
2017-05-16,139.6199951171875,131.2696533203125
2017-05-17,136.07000732421875,127.9319839477539
2017-05-18,137.25999450683594,129.05078125
2017-05-19,137.83999633789062,129.5961151123047
2017-05-22,139.0,130.6867218017578
2017-05-23,139.13999938964844,130.81837463378906
2017-05-24,139.77999877929688,131.42013549804688
2017-05-25,140.97000122070312,132.5389862060547
2017-05-26,141.22000122070312,132.7740020751953
2017-05-30,141.33999633789062,132.88682556152344
2017-05-31,141.2899932861328,132.8397979736328
2017-06-01,141.83999633789062,133.35687255859375
2017-06-02,143.4600067138672,134.88002014160156
2017-06-05,143.42999267578125,134.85179138183594
2017-06-06,142.86000061035156,134.31582641601562
2017-06-07,143.4199981689453,134.84239196777344
2017-06-08,143.57000732421875,134.98348999023438
2017-06-09,139.97999572753906,131.6081085205078
2017-06-12,139.22999572753906,130.90298461914062
2017-06-13,140.36000061035156,131.9654083251953
2017-06-14,139.75,131.39187622070312
2017-06-15,139.1300048828125,130.80894470214844
2017-06-16,138.14999389648438,130.24139404296875
2017-06-19,140.4600067138672,132.4192352294922
2017-06-20,139.36000061035156,131.38214111328125
2017-06-21,140.74000549316406,132.6831512451172
2017-06-22,140.6999969482422,132.64541625976562
2017-06-23,141.24000549316406,133.15452575683594
2017-06-26,140.5800018310547,132.53231811523438
2017-06-27,138.02999877929688,130.1282958984375
2017-06-28,140.02000427246094,132.0044403076172
2017-06-29,137.58999633789062,129.71347045898438
2017-06-30,137.63999938964844,129.76065063476562
2017-07-03,136.19000244140625,128.39361572265625
2017-07-05,137.52999877929688,129.65689086914062
2017-07-06,136.2899932861328,128.48788452148438
2017-07-07,137.75999450683594,129.87374877929688
2017-07-10,138.66000366210938,130.7222442626953
2017-07-11,139.0500030517578,131.08990478515625
2017-07-12,140.6999969482422,132.64541625976562
2017-07-13,141.00999450683594,132.93772888183594
2017-07-14,142.1199951171875,133.98414611816406
2017-07-17,142.19000244140625,134.05014038085938
2017-07-18,143.13999938964844,134.9457550048828
2017-07-19,143.97999572753906,135.7377166748047
2017-07-20,144.1699981689453,135.91677856445312
2017-07-21,144.11000061035156,135.86024475097656
2017-07-24,144.77000427246094,136.4824981689453
2017-07-25,144.39999389648438,136.13369750976562
2017-07-26,144.8699951171875,136.5767059326172
2017-07-27,143.9600067138672,135.71885681152344
2017-07-28,143.83999633789062,135.6056671142578
2017-07-31,143.22999572753906,135.0306396484375
2017-08-01,143.55999755859375,135.34173583984375
2017-08-02,143.9499969482422,135.70936584472656
2017-08-03,143.38999938964844,135.18145751953125
2017-08-04,143.64999389648438,135.4265899658203
2017-08-07,144.55999755859375,136.28448486328125
2017-08-08,144.30999755859375,136.0487823486328
2017-08-09,144.1199951171875,135.86968994140625
2017-08-10,141.02999877929688,132.95652770996094
2017-08-11,142.10000610351562,133.96531677246094
2017-08-14,143.92999267578125,135.69056701660156
2017-08-15,144.02999877929688,135.78482055664062
2017-08-16,144.27999877929688,136.02052307128906
2017-08-17,141.3300018310547,133.23939514160156
2017-08-18,141.22999572753906,133.14508056640625
2017-08-21,141.0500030517578,132.97544860839844
2017-08-22,143.1999969482422,135.00233459472656
2017-08-23,142.69000244140625,134.5215301513672
2017-08-24,142.27000427246094,134.12557983398438
2017-08-25,141.97000122070312,133.8427734375
2017-08-28,142.41000366210938,134.25750732421875
2017-08-29,142.97000122070312,134.7854766845703
2017-08-30,144.64999389648438,136.3693389892578
2017-08-31,146.1999969482422,137.83058166503906
2017-09-01,146.0,137.64207458496094
2017-09-05,144.69000244140625,136.4070281982422
2017-09-06,145.1300048828125,136.82180786132812
2017-09-07,145.47000122070312,137.14242553710938
2017-09-08,144.2100067138672,135.95452880859375
2017-09-11,145.8699951171875,137.5194549560547
2017-09-12,146.22000122070312,137.84942626953125
2017-09-13,146.4199981689453,138.0380096435547
2017-09-14,145.55999755859375,137.2272491455078
2017-09-15,146.05999755859375,137.69863891601562
2017-09-18,145.5500030517578,137.51812744140625
2017-09-19,145.8000030517578,137.75436401367188
2017-09-20,145.35000610351562,137.3292236328125
2017-09-21,144.4600067138672,136.48829650878906
2017-09-22,144.32000732421875,136.3560333251953
2017-09-25,142.8000030517578,134.91993713378906
2017-09-26,143.1699981689453,135.2694854736328
2017-09-27,144.4600067138672,136.48829650878906
2017-09-28,144.41000366210938,136.44110107421875
2017-09-29,145.4499969482422,137.42367553710938
2017-10-02,145.5800018310547,137.54647827148438
2017-10-03,145.88999938964844,137.83938598632812
2017-10-04,146.02999877929688,137.97169494628906
2017-10-05,147.4600067138672,139.32278442382812
2017-10-06,147.66000366210938,139.51173400878906
2017-10-09,147.49000549316406,139.3511199951172
2017-10-10,147.60000610351562,139.4550323486328
2017-10-11,148.0399932861328,139.8707733154297
2017-10-12,147.77000427246094,139.61566162109375
2017-10-13,148.33999633789062,140.15419006347656
2017-10-16,148.85000610351562,140.63607788085938
2017-10-17,149.0399932861328,140.81556701660156
2017-10-18,148.86000061035156,140.64547729492188
2017-10-19,148.30999755859375,140.12586975097656
2017-10-20,148.7100067138672,140.50375366210938
2017-10-23,147.74000549316406,139.58731079101562
2017-10-24,147.99000549316406,139.82354736328125
2017-10-25,147.42999267578125,139.2943878173828
2017-10-26,146.9600067138672,138.85035705566406
2017-10-27,151.24000549316406,142.8941650390625
2017-10-30,151.5800018310547,143.21539306640625
2017-10-31,152.14999389648438,143.7539520263672
2017-11-01,152.10000610351562,143.70669555664062
2017-11-02,151.80999755859375,143.4327392578125
2017-11-03,153.27000427246094,144.81214904785156
2017-11-06,153.7899932861328,145.30343627929688
2017-11-07,153.8800048828125,145.38848876953125
2017-11-08,154.5,145.97427368164062
2017-11-09,153.69000244140625,145.20895385742188
2017-11-10,153.67999267578125,145.19949340820312
2017-11-13,153.8699951171875,145.37904357910156
2017-11-14,153.30999755859375,144.8499298095703
2017-11-15,152.58999633789062,144.16966247558594
2017-11-16,154.5399932861328,146.01206970214844
2017-11-17,153.9499969482422,145.45457458496094
2017-11-20,153.8300018310547,145.34121704101562
2017-11-21,155.5,146.9190673828125
2017-11-22,155.69000244140625,147.09860229492188
2017-11-24,156.25999450683594,147.63711547851562
2017-11-27,156.19000244140625,147.5709686279297
2017-11-28,156.58999633789062,147.94894409179688
2017-11-29,153.86000061035156,145.36962890625
2017-11-30,155.14999389648438,146.58837890625
2017-12-01,154.49000549316406,145.96484375
2017-12-04,152.7100067138672,144.2830352783203
2017-12-05,152.80999755859375,144.3774871826172
2017-12-06,153.5,145.02944946289062
2017-12-07,154.02000427246094,145.52078247070312
2017-12-08,154.6999969482422,146.16323852539062
2017-12-11,155.89999389648438,147.29702758789062
2017-12-12,155.69000244140625,147.09860229492188
2017-12-13,155.99000549316406,147.38206481933594
2017-12-14,155.8800048828125,147.27810668945312
2017-12-15,157.64999389648438,148.95042419433594
2017-12-18,158.63999938964844,150.19923400878906
2017-12-19,157.6999969482422,149.30923461914062
2017-12-20,157.52999877929688,149.14828491210938
2017-12-21,157.5500030517578,149.16726684570312
2017-12-22,157.3699951171875,148.99685668945312
2017-12-26,156.52000427246094,148.19207763671875
2017-12-27,156.5399932861328,148.21096801757812
2017-12-28,156.72999572753906,148.39083862304688
2017-12-29,155.75999450683594,147.47242736816406
2018-01-02,158.49000549316406,150.0572967529297
2018-01-03,160.02999877929688,151.5153045654297
2018-01-04,160.30999755859375,151.78038024902344
2018-01-05,161.9199981689453,153.30477905273438
2018-01-08,162.5500030517578,153.9011688232422
2018-01-09,162.55999755859375,153.91070556640625
2018-01-10,162.17999267578125,153.5509033203125
2018-01-11,163.2899932861328,154.60186767578125
2018-01-12,164.49000549316406,155.7379913330078
2018-01-16,164.02000427246094,155.29302978515625
2018-01-17,165.7899932861328,156.96888732910156
2018-01-18,165.82000732421875,156.9972381591797
2018-01-19,166.33999633789062,157.48959350585938
2018-01-22,168.1199951171875,159.1748504638672
2018-01-23,169.50999450683594,160.49090576171875
2018-01-24,168.41000366210938,159.4494171142578
2018-01-25,168.35000610351562,159.39263916015625
2018-01-26,170.92999267578125,161.83531188964844
2018-01-29,170.10000610351562,161.04953002929688
2018-01-30,168.6999969482422,159.72401428222656
2018-01-31,169.39999389648438,160.38677978515625
2018-02-01,167.9600067138672,159.0234375
2018-02-02,164.61000061035156,155.8516082763672
2018-02-05,158.1199951171875,149.7068634033203
2018-02-06,162.30999755859375,153.6739959716797
2018-02-07,160.2100067138672,151.6857147216797
2018-02-08,153.4499969482422,145.28541564941406
2018-02-09,156.10000610351562,147.79443359375
2018-02-12,158.8699951171875,150.41700744628906
2018-02-13,159.69000244140625,151.19342041015625
2018-02-14,162.67999267578125,154.0242919921875
2018-02-15,165.6999969482422,156.88365173339844
2018-02-16,164.9600067138672,156.18304443359375
2018-02-20,165.2899932861328,156.4954071044922
2018-02-21,164.82000732421875,156.05043029785156
2018-02-22,164.8000030517578,156.0315399169922
2018-02-23,168.1699981689453,159.22218322753906
2018-02-26,170.39999389648438,161.33352661132812
2018-02-27,168.2899932861328,159.33580017089844
2018-02-28,167.2100067138672,158.31329345703125
2018-03-01,164.47999572753906,155.72848510742188
2018-03-02,165.99000549316406,157.15821838378906
2018-03-05,167.8300018310547,158.9002685546875
2018-03-06,168.5399932861328,159.57247924804688
2018-03-07,168.92999267578125,159.9417266845703
2018-03-08,169.86000061035156,160.82229614257812
2018-03-09,173.16000366210938,163.9467010498047
2018-03-12,174.0800018310547,164.8177490234375
2018-03-13,171.7100067138672,162.5738525390625
2018-03-14,171.67999267578125,162.54544067382812
2018-03-15,171.52999877929688,162.40341186523438
2018-03-16,171.02000427246094,161.92056274414062
2018-03-19,167.10000610351562,158.4658203125
2018-03-20,167.64999389648438,158.9873809814453
2018-03-21,166.9199981689453,158.2951202392578
2018-03-22,162.8000030517578,154.38795471191406
2018-03-23,158.50999450683594,150.3196258544922
2018-03-26,164.39999389648438,155.9053192138672
2018-03-27,159.0800018310547,150.8601837158203
2018-03-28,157.25,149.12478637695312
2018-03-29,160.1300048828125,151.85595703125
2018-04-02,155.50999450683594,147.47467041015625
2018-04-03,157.25999450683594,149.13418579101562
2018-04-04,159.74000549316406,151.486083984375
2018-04-05,160.64999389648438,152.3490753173828
2018-04-06,156.6300048828125,148.5367889404297
2018-04-09,157.72999572753906,149.57994079589844
2018-04-10,161.2100067138672,152.88009643554688
2018-04-11,160.27999877929688,151.99819946289062
2018-04-12,162.2100067138672,153.82846069335938
2018-04-13,161.3699951171875,153.03189086914062
2018-04-16,162.60000610351562,154.1983184814453
2018-04-17,166.10000610351562,157.51748657226562
2018-04-18,166.44000244140625,157.83990478515625
2018-04-19,164.91000366210938,156.38897705078125
2018-04-20,162.3000030517578,153.91383361816406
2018-04-23,161.88999938964844,153.5250701904297
2018-04-24,158.4600067138672,150.27224731445312
2018-04-25,158.64999389648438,150.452392578125
2018-04-26,161.99000549316406,153.61985778808594
2018-04-27,162.08999633789062,153.71463012695312
2018-04-30,160.94000244140625,152.62408447265625
2018-05-01,162.77999877929688,154.36903381347656
2018-05-02,161.82000732421875,153.45864868164062
2018-05-03,161.8000030517578,153.4396209716797
2018-05-04,164.8699951171875,156.35101318359375
2018-05-07,166.24000549316406,157.65025329589844
2018-05-08,166.07000732421875,157.48902893066406
2018-05-09,167.8800048828125,159.2054901123047
2018-05-10,169.6199951171875,160.85557556152344
2018-05-11,169.4600067138672,160.703857421875
2018-05-14,169.75,160.9788818359375
2018-05-15,167.8699951171875,159.1959686279297
2018-05-16,168.97999572753906,160.2486114501953
2018-05-17,168.3300018310547,159.63226318359375
2018-05-18,167.4600067138672,158.8071746826172
2018-05-21,168.39999389648438,159.69862365722656
2018-05-22,168.17999267578125,159.489990234375
2018-05-23,169.60000610351562,160.83663940429688
2018-05-24,169.5500030517578,160.7892303466797
2018-05-25,169.72000122070312,160.95040893554688
2018-05-29,168.97000122070312,160.23919677734375
2018-05-30,170.17999267578125,161.3866729736328
2018-05-31,170.07000732421875,161.28233337402344
2018-06-01,172.74000549316406,163.8143768310547
2018-06-04,174.3000030517578,165.2937469482422
2018-06-05,174.83999633789062,165.80584716796875
2018-06-06,175.86000061035156,166.77317810058594
2018-06-07,174.42999267578125,165.4170379638672
2018-06-08,174.44000244140625,165.426513671875
2018-06-11,174.91000366210938,165.87225341796875
2018-06-12,175.8300018310547,166.7447052001953
2018-06-13,175.82000732421875,166.7352752685547
2018-06-14,177.60000610351562,168.4232635498047
2018-06-15,176.97999572753906,167.83526611328125
2018-06-18,176.5,167.7383575439453
2018-06-19,176.0,167.26319885253906
2018-06-20,177.25,168.4510955810547
2018-06-21,175.7100067138672,166.98757934570312
2018-06-22,175.32000732421875,166.61692810058594
2018-06-25,171.3699951171875,162.86297607421875
2018-06-26,172.07000732421875,163.5282440185547
2018-06-27,169.72999572753906,161.30442810058594
2018-06-28,171.19000244140625,162.69192504882812
2018-06-29,171.64999389648438,163.12908935546875
2018-07-02,172.8000030517578,164.22201538085938
2018-07-03,170.8000030517578,162.32130432128906
2018-07-05,172.9199981689453,164.33607482910156
2018-07-06,175.61000061035156,166.89251708984375
2018-07-09,177.19000244140625,168.39410400390625
2018-07-10,177.32000732421875,168.5176544189453
2018-07-11,176.4199981689453,167.66232299804688
2018-07-12,179.4600067138672,170.55142211914062
2018-07-13,179.61000061035156,170.69398498535156
2018-07-16,179.17999267578125,170.28529357910156
2018-07-17,180.27000427246094,171.32119750976562
2018-07-18,179.92999267578125,170.99806213378906
2018-07-19,179.02999877929688,170.14279174804688
2018-07-20,178.99000549316406,170.10476684570312
2018-07-23,179.55999755859375,170.6464385986328
2018-07-24,180.3000030517578,171.34970092773438
2018-07-25,182.82000732421875,173.74461364746094
2018-07-26,180.0500030517578,171.11215209960938
2018-07-27,177.6199951171875,168.80276489257812
2018-07-30,175.11000061035156,166.41734313964844
2018-07-31,176.4499969482422,167.69081115722656
2018-08-01,177.1199951171875,168.32757568359375
2018-08-02,179.52999877929688,170.61790466308594
2018-08-03,180.0800018310547,171.140625
2018-08-06,181.13999938964844,172.14801025390625
2018-08-07,181.8000030517578,172.77525329589844
2018-08-08,182.02000427246094,172.984375
2018-08-09,181.91000366210938,172.8798065185547
2018-08-10,180.52000427246094,171.5587615966797
2018-08-13,180.32000732421875,171.3687286376953
2018-08-14,181.4499969482422,172.44261169433594
2018-08-15,179.22999572753906,170.33282470703125
2018-08-16,179.82000732421875,170.8935546875
2018-08-17,179.86000061035156,170.9315185546875
2018-08-20,179.6999969482422,170.7794647216797
2018-08-21,180.36000061035156,171.40673828125
2018-08-22,181.05999755859375,172.0719757080078
2018-08-23,180.8000030517578,171.8249053955078
2018-08-24,182.47999572753906,173.42149353027344
2018-08-27,184.33999633789062,175.1891632080078
2018-08-28,184.61000061035156,175.44573974609375
2018-08-29,186.74000549316406,177.4700469970703
2018-08-30,186.41000366210938,177.1563720703125
2018-08-31,186.64999389648438,177.3844757080078
2018-09-04,185.85000610351562,176.62420654296875
2018-09-05,183.4499969482422,174.34329223632812
2018-09-06,181.80999755859375,172.78472900390625
2018-09-07,181.11000061035156,172.11952209472656
2018-09-10,181.72000122070312,172.69923400878906
2018-09-11,183.1199951171875,174.02972412109375
2018-09-12,182.5800018310547,173.51649475097656
2018-09-13,184.52999877929688,175.3697052001953
2018-09-14,183.99000549316406,174.85655212402344
2018-09-17,181.33999633789062,172.33807373046875
2018-09-18,182.83999633789062,173.7636260986328
2018-09-19,182.6999969482422,173.63059997558594
2018-09-20,184.72000122070312,175.55027770996094
2018-09-21,183.7100067138672,174.5904541015625
2018-09-24,183.88999938964844,175.07601928710938
2018-09-25,184.13999938964844,175.31402587890625
2018-09-26,184.27000427246094,175.43775939941406
2018-09-27,185.8300018310547,176.92298889160156
2018-09-28,185.7899932861328,176.88491821289062
2018-10-01,186.1699981689453,177.2467041015625
2018-10-02,185.75,176.8468780517578
2018-10-03,185.9499969482422,177.0372772216797
2018-10-04,182.3800048828125,173.6383819580078
2018-10-05,180.14999389648438,171.51524353027344
2018-10-08,179.0500030517578,170.4679718017578
2018-10-09,179.6300048828125,171.02015686035156
2018-10-10,171.72999572753906,163.49880981445312
2018-10-11,169.60000610351562,161.47091674804688
2018-10-12,174.32000732421875,165.96470642089844
2018-10-15,172.2100067138672,163.9558868408203
2018-10-16,177.22000122070312,168.72564697265625
2018-10-17,177.2899932861328,168.79232788085938
2018-10-18,173.17999267578125,164.8793182373047
2018-10-19,173.02000427246094,164.72705078125
2018-10-22,173.91000366210938,165.57435607910156
2018-10-23,173.27000427246094,164.96499633789062
2018-10-24,165.33999633789062,157.41510009765625
2018-10-25,171.05999755859375,162.86094665527344
2018-10-26,166.66000366210938,158.67189025878906
2018-10-29,163.22999572753906,155.40625
2018-10-30,165.9199981689453,157.96726989746094
2018-10-31,169.82000732421875,161.6803741455078
2018-11-01,172.05999755859375,163.8130340576172
2018-11-02,169.3800048828125,161.26148986816406
2018-11-05,168.9600067138672,160.8616180419922
2018-11-06,170.24000549316406,162.0802764892578
2018-11-07,175.5800018310547,167.16429138183594
2018-11-08,174.4600067138672,166.0979766845703
2018-11-09,171.52000427246094,163.2989044189453
2018-11-12,166.3300018310547,158.3577117919922
2018-11-13,166.47000122070312,158.49093627929688
2018-11-14,165.1999969482422,157.28182983398438
2018-11-15,168.08999633789062,160.0333251953125
2018-11-16,167.5,159.47154235839844
2018-11-19,162.05999755859375,154.29232788085938
2018-11-20,159.16000366210938,151.5313720703125
2018-11-21,160.3699951171875,152.68328857421875
2018-11-23,159.2100067138672,151.57896423339844
2018-11-26,162.88999938964844,155.08251953125
2018-11-27,163.44000244140625,155.60618591308594
2018-11-28,168.6999969482422,160.61407470703125
2018-11-29,168.14999389648438,160.0904083251953
2018-11-30,169.3699951171875,161.25193786621094
2018-12-03,172.3300018310547,164.070068359375
2018-12-04,165.72000122070312,157.77691650390625
2018-12-06,166.88999938964844,158.8907928466797
2018-12-07,161.3800048828125,153.6449432373047
2018-12-10,163.07000732421875,155.25393676757812
2018-12-11,163.61000061035156,155.76803588867188
2018-12-12,165.0500030517578,157.13902282714844
2018-12-13,165.10000610351562,157.18661499023438
2018-12-14,161.0800018310547,153.3593292236328
2018-12-17,157.42999267578125,149.8842315673828
2018-12-18,158.4199981689453,150.8268280029297
2018-12-19,154.52999877929688,147.12326049804688
2018-12-20,152.2899932861328,144.99061584472656
2018-12-21,147.57000732421875,140.496826171875
2018-12-24,143.5,137.01278686523438
2018-12-26,152.4600067138672,145.56771850585938
2018-12-27,153.0500030517578,146.131103515625
2018-12-28,152.97000122070312,146.05470275878906
2018-12-31,154.25999450683594,147.286376953125
2019-01-02,154.8800048828125,147.87831115722656
2019-01-03,149.82000732421875,143.0470733642578
2019-01-04,156.22999572753906,149.16729736328125
2019-01-07,158.08999633789062,150.94322204589844
2019-01-08,159.52000427246094,152.30859375
2019-01-09,160.82000732421875,153.54981994628906
2019-01-10,161.27999877929688,153.98898315429688
2019-01-11,160.69000244140625,153.4256591796875
2019-01-14,159.27000427246094,152.06991577148438
2019-01-15,162.3800048828125,155.0392608642578
2019-01-16,162.35000610351562,155.01063537597656
2019-01-17,163.6300048828125,156.2327880859375
2019-01-18,165.25,157.77955627441406
2019-01-22,161.94000244140625,154.61917114257812
2019-01-23,162.14999389648438,154.8196563720703
2019-01-24,163.1999969482422,155.82217407226562
2019-01-25,165.14999389648438,157.68402099609375
2019-01-28,163.11000061035156,155.73623657226562
2019-01-29,161.57000732421875,154.26593017578125
2019-01-30,165.67999267578125,158.19012451171875
2019-01-31,168.16000366210938,160.5579833984375
2019-02-01,167.4499969482422,159.88009643554688
2019-02-04,169.52999877929688,161.86605834960938
2019-02-05,171.02999877929688,163.29824829101562
2019-02-06,170.52000427246094,162.81129455566406
2019-02-07,168.22999572753906,160.62478637695312
2019-02-08,168.55999755859375,160.93992614746094
2019-02-11,168.39999389648438,160.7871551513672
2019-02-12,170.88999938964844,163.16458129882812
2019-02-13,171.00999450683594,163.27915954589844
2019-02-14,171.22000122070312,163.47967529296875
2019-02-15,171.94000244140625,164.16708374023438
2019-02-19,172.27999877929688,164.4917449951172
2019-02-20,172.25,164.46307373046875
2019-02-21,171.6199951171875,163.86155700683594
2019-02-22,172.88999938964844,165.0741424560547
2019-02-25,173.52000427246094,165.6757049560547
2019-02-26,173.6999969482422,165.8475341796875
2019-02-27,173.58999633789062,165.74249267578125
2019-02-28,173.19000244140625,165.36061096191406
2019-03-01,174.38999938964844,166.50631713867188
2019-03-04,174.4199981689453,166.53500366210938
2019-03-05,174.5500030517578,166.65911865234375
2019-03-06,173.55999755859375,165.7138671875
2019-03-07,171.42999267578125,163.68019104003906
2019-03-08,171.1699981689453,163.43191528320312
2019-03-11,174.72999572753906,166.8309783935547
2019-03-12,175.69000244140625,167.74757385253906
2019-03-13,177.00999450683594,169.0078887939453
2019-03-14,176.7100067138672,168.72146606445312
2019-03-15,178.35000610351562,170.28733825683594
2019-03-18,178.4499969482422,170.69293212890625
2019-03-19,179.0500030517578,171.26683044433594
2019-03-20,179.75999450683594,171.94590759277344
2019-03-21,182.57000732421875,174.63375854492188
2019-03-22,178.55999755859375,170.7981414794922
2019-03-25,178.22000122070312,170.47291564941406
2019-03-26,179.0500030517578,171.26683044433594
2019-03-27,177.89999389648438,170.16680908203125
2019-03-28,178.30999755859375,170.5589599609375
2019-03-29,179.66000366210938,171.8502960205078
2019-04-01,182.0399932861328,174.12686157226562
2019-04-02,182.72999572753906,174.78688049316406
2019-04-03,183.77999877929688,175.79122924804688
2019-04-04,183.7100067138672,175.7242431640625
2019-04-05,184.66000366210938,176.6329803466797
2019-04-08,185.1300048828125,177.08250427246094
2019-04-09,184.47999572753906,176.46078491210938
2019-04-10,185.47000122070312,177.40774536132812
2019-04-11,185.02999877929688,176.9868927001953
2019-04-12,185.8300018310547,177.75210571289062
2019-04-15,185.86000061035156,177.78079223632812
2019-04-16,186.5,178.3929443359375
2019-04-17,187.14999389648438,179.0147247314453
2019-04-18,187.38999938964844,179.2443084716797
2019-04-22,187.9199981689453,179.75128173828125
2019-04-23,190.30999755859375,182.037353515625
2019-04-24,189.7100067138672,181.46343994140625
2019-04-25,190.47999572753906,182.199951171875
2019-04-26,190.64999389648438,182.36257934570312
2019-04-29,191.02000427246094,182.71652221679688
2019-04-30,189.5399932861328,181.30081176757812
2019-05-01,188.92999267578125,180.71734619140625
2019-05-02,188.11000061035156,179.93299865722656
2019-05-03,191.11000061035156,182.80259704589844
2019-05-06,189.94000244140625,181.68345642089844
2019-05-07,186.24000549316406,178.14430236816406
2019-05-08,185.77000427246094,177.69471740722656
2019-05-09,184.77000427246094,176.7381591796875
2019-05-10,185.0,176.95814514160156
2019-05-13,178.5800018310547,170.81724548339844
2019-05-14,180.5399932861328,172.6920623779297
2019-05-15,183.08999633789062,175.1311798095703
2019-05-16,184.92999267578125,176.89120483398438
2019-05-17,183.0399932861328,175.08340454101562
2019-05-20,179.9499969482422,172.127685546875
2019-05-21,181.8300018310547,173.92599487304688
2019-05-22,181.02000427246094,173.15113830566406
2019-05-23,178.25,170.5016326904297
2019-05-24,178.16000366210938,170.41552734375
2019-05-28,177.49000549316406,169.77462768554688
2019-05-29,176.02999877929688,168.37808227539062
2019-05-30,176.77000427246094,169.08590698242188
2019-05-31,173.9499969482422,166.38851928710938
2019-06-03,170.1199951171875,162.7250213623047
2019-06-04,174.91000366210938,167.3068084716797
2019-06-05,176.2100067138672,168.55029296875
2019-06-06,177.61000061035156,169.88941955566406
2019-06-07,181.0399932861328,173.17031860351562
2019-06-10,183.14999389648438,175.18861389160156
2019-06-11,183.39999389648438,175.42770385742188
2019-06-12,182.33999633789062,174.41375732421875
2019-06-13,183.4199981689453,175.44686889648438
2019-06-14,182.63999938964844,174.70074462890625
2019-06-17,183.74000549316406,175.75294494628906
2019-06-18,186.41000366210938,178.306884765625
2019-06-19,187.11000061035156,178.97642517089844
2019-06-20,188.85000610351562,180.64077758789062
2019-06-21,188.57000732421875,180.373046875
2019-06-24,188.16000366210938,180.37872314453125
2019-06-25,184.92999267578125,177.28228759765625
2019-06-26,185.7899932861328,178.1067352294922
2019-06-27,186.5,178.78736877441406
2019-06-28,186.74000549316406,179.01744079589844
2019-07-01,189.25999450683594,181.43324279785156
2019-07-02,190.00999450683594,182.1522216796875
2019-07-03,191.44000244140625,183.52317810058594
2019-07-05,191.0500030517578,183.1492156982422
2019-07-08,189.7100067138672,181.86465454101562
2019-07-09,190.66000366210938,182.7753448486328
2019-07-10,192.55999755859375,184.59677124023438
2019-07-11,192.4199981689453,184.4625701904297
2019-07-12,193.52999877929688,185.5266571044922
2019-07-15,194.14999389648438,186.12106323242188
2019-07-16,193.14999389648438,185.1623992919922
2019-07-17,192.1999969482422,184.2516632080078
2019-07-18,192.4199981689453,184.4625701904297
2019-07-19,191.00999450683594,183.1108856201172
2019-07-22,192.52999877929688,184.56800842285156
2019-07-23,193.7899932861328,185.7759246826172
2019-07-24,195.14999389648438,187.0796661376953
2019-07-25,193.3000030517578,185.30616760253906
2019-07-26,195.2899932861328,187.2138671875
2019-07-29,194.6199951171875,186.57159423828125
2019-07-30,193.77999877929688,185.76632690429688
2019-07-31,191.10000610351562,183.19717407226562
2019-08-01,190.14999389648438,182.2864532470703
2019-08-02,187.35000610351562,179.6022491455078
2019-08-05,180.72999572753906,173.25599670410156
2019-08-06,183.25999450683594,175.68138122558594
2019-08-07,184.25,176.6304473876953
2019-08-08,188.25999450683594,180.47462463378906
2019-08-09,186.49000549316406,178.77780151367188
2019-08-12,184.35000610351562,176.72628784179688
2019-08-13,188.38999938964844,180.5991973876953
2019-08-14,182.75999450683594,175.2020263671875
2019-08-15,182.5500030517578,175.00076293945312
2019-08-16,185.47999572753906,177.8095703125
2019-08-19,188.42999267578125,180.6375732421875
2019-08-20,186.97000122070312,179.23794555664062
2019-08-21,188.6300048828125,180.82931518554688
2019-08-22,188.02000427246094,180.2445526123047
2019-08-23,182.07000732421875,174.54058837890625
2019-08-26,184.82000732421875,177.1768341064453
2019-08-27,184.42999267578125,176.80296325683594
2019-08-28,185.08999633789062,177.43569946289062
2019-08-29,187.9199981689453,180.1487274169922
2019-08-30,187.47000122070312,179.7173309326172
2019-09-03,185.64999389648438,177.97254943847656
2019-09-04,188.3300018310547,180.54168701171875
2019-09-05,191.77999877929688,183.84902954101562
2019-09-06,191.58999633789062,183.66685485839844
2019-09-09,191.19000244140625,183.28346252441406
2019-09-10,190.63999938964844,182.7562255859375
2019-09-11,192.42999267578125,184.47218322753906
2019-09-12,193.22999572753906,185.2390594482422
2019-09-13,192.5399932861328,184.57757568359375
2019-09-16,191.67999267578125,183.753173828125
2019-09-17,192.60000610351562,184.63511657714844
2019-09-18,192.52000427246094,184.5584259033203
2019-09-19,192.83999633789062,184.86524963378906
2019-09-20,190.8000030517578,182.9095458984375
2019-09-23,190.5,182.990234375
2019-09-24,187.97000122070312,180.55999755859375
2019-09-25,190.0800018310547,182.58680725097656
2019-09-26,189.3800048828125,181.9144287109375
2019-09-27,187.02999877929688,179.6570587158203
2019-09-30,188.80999755859375,181.36685180664062
2019-10-01,187.27000427246094,179.88758850097656
2019-10-02,184.0500030517578,176.79454040527344
2019-10-03,186.07000732421875,178.73489379882812
2019-10-04,188.80999755859375,181.36685180664062
2019-10-07,188.24000549316406,180.81932067871094
2019-10-08,185.4199981689453,178.11050415039062
2019-10-09,187.22999572753906,179.84918212890625
2019-10-10,188.67999267578125,181.24197387695312
2019-10-11,191.11000061035156,183.57620239257812
2019-10-14,191.08999633789062,183.5570068359375
2019-10-15,193.52000427246094,185.89120483398438
2019-10-16,193.0399932861328,185.4300994873047
2019-10-17,193.5500030517578,185.9199981689453
2019-10-18,191.69000244140625,184.13333129882812
2019-10-21,193.38999938964844,185.76634216308594
2019-10-22,191.85000610351562,184.2870330810547
2019-10-23,192.22000122070312,184.64242553710938
2019-10-24,194.08999633789062,186.438720703125
2019-10-25,195.63999938964844,187.92762756347656
2019-10-28,197.57000732421875,189.78158569335938
2019-10-29,196.0399932861328,188.3118133544922
2019-10-30,196.99000549316406,189.22442626953125
2019-10-31,197.0800018310547,189.3108673095703
2019-11-01,198.8699951171875,191.03028869628906
2019-11-04,200.10000610351562,192.21180725097656
2019-11-05,200.2100067138672,192.31744384765625
2019-11-06,199.75999450683594,191.8852081298828
2019-11-07,200.42999267578125,192.52877807617188
2019-11-08,201.22999572753906,193.2973175048828
2019-11-11,200.9600067138672,193.03785705566406
2019-11-12,201.5399932861328,193.5950469970703
2019-11-13,201.58999633789062,193.64308166503906
2019-11-14,201.42999267578125,193.4893798828125
2019-11-15,202.91000366210938,194.91099548339844
2019-11-18,203.07000732421875,195.064697265625
2019-11-19,203.3699951171875,195.35292053222656
2019-11-20,202.14999389648438,194.1809844970703
2019-11-21,201.6999969482422,193.74871826171875
2019-11-22,201.8300018310547,193.87359619140625
2019-11-25,204.22000122070312,196.1693878173828
2019-11-26,204.61000061035156,196.54400634765625
2019-11-27,206.0399932861328,197.9176025390625
2019-11-29,205.10000610351562,197.0147247314453
2019-12-02,203.0,194.9974365234375
2019-12-03,201.41000366210938,193.47019958496094
2019-12-04,202.42999267578125,194.44993591308594
2019-12-05,202.8300018310547,194.834228515625
2019-12-06,205.0,196.91867065429688
2019-12-09,204.07000732421875,196.0253143310547
2019-12-10,203.89999389648438,195.86199951171875
2019-12-11,204.97999572753906,196.89942932128906
2019-12-12,206.50999450683594,198.36915588378906
2019-12-13,207.19000244140625,199.02230834960938
2019-12-16,209.27000427246094,201.02035522460938
2019-12-17,209.38999938964844,201.13558959960938
2019-12-18,209.5500030517578,201.289306640625
2019-12-19,210.86000061035156,202.54763793945312
2019-12-20,211.7100067138672,203.36412048339844
2019-12-23,211.80999755859375,203.90127563476562
2019-12-24,211.9199981689453,204.00717163085938
2019-12-26,213.7899932861328,205.80734252929688
2019-12-27,213.61000061035156,205.6340789794922
2019-12-30,212.2100067138672,204.28634643554688
2019-12-31,212.61000061035156,204.67137145996094
2020-01-02,216.16000366210938,208.0888671875
2020-01-03,214.17999267578125,206.18280029296875
2020-01-06,215.55999755859375,207.51123046875
2020-01-07,215.52999877929688,207.4823760986328
2020-01-08,217.14999389648438,209.04190063476562
2020-01-09,218.99000549316406,210.81321716308594
2020-01-10,218.42999267578125,210.27415466308594
2020-01-13,220.9499969482422,212.70001220703125
2020-01-14,220.0800018310547,211.8625030517578
2020-01-15,220.1699981689453,211.94911193847656
2020-01-16,222.27999877929688,213.98037719726562
2020-01-17,223.3800048828125,215.03929138183594
2020-01-21,223.27999877929688,214.9430389404297
2020-01-22,223.8699951171875,215.51097106933594
2020-01-23,224.58999633789062,216.20411682128906
2020-01-24,222.6999969482422,214.38465881347656
2020-01-27,218.10000610351562,209.95643615722656
2020-01-28,221.4499969482422,213.18138122558594
2020-01-29,221.80999755859375,213.52792358398438
2020-01-30,222.60000610351562,214.28843688964844
2020-01-31,219.07000732421875,210.8902130126953
2020-02-03,222.3800048828125,214.0766143798828
2020-02-04,227.47000122070312,218.97653198242188
2020-02-05,228.22000122070312,219.69859313964844
2020-02-06,230.19000244140625,221.59500122070312
2020-02-07,229.1999969482422,220.64202880859375
2020-02-10,231.97000122070312,223.3085174560547
2020-02-11,232.00999450683594,223.3470458984375
2020-02-12,234.27000427246094,225.52267456054688
2020-02-13,233.97000122070312,225.23390197753906
2020-02-14,234.63999938964844,225.8788604736328
2020-02-18,234.72999572753906,225.9655303955078
2020-02-19,236.97999572753906,228.13145446777344
2020-02-20,234.77999877929688,226.01361083984375
2020-02-21,230.27000427246094,221.6720733642578
2020-02-24,221.38999938964844,213.12359619140625
2020-02-25,215.3699951171875,207.32838439941406
2020-02-26,216.47999572753906,208.39694213867188
2020-02-27,205.63999938964844,197.96170043945312
2020-02-28,205.8000030517578,198.11570739746094
2020-03-02,216.4199981689453,208.3391571044922
2020-03-03,209.47999572753906,201.65826416015625
2020-03-04,218.22000122070312,210.07191467285156
2020-03-05,211.58999633789062,203.68948364257812
2020-03-06,208.02000427246094,200.25283813476562
2020-03-09,193.57000732421875,186.3423614501953
2020-03-10,204.11000061035156,196.48878479003906
2020-03-11,195.22000122070312,187.93072509765625
2020-03-12,177.32000732421875,170.69911193847656
2020-03-13,192.33999633789062,185.15826416015625
2020-03-16,169.3000030517578,162.97857666015625
2020-03-17,182.13999938964844,175.339111328125
2020-03-18,176.60000610351562,170.0059814453125
2020-03-19,177.66000366210938,171.0264434814453
2020-03-20,170.6999969482422,164.32627868652344
2020-03-23,170.4600067138672,164.44493103027344
2020-03-24,183.66000366210938,177.17913818359375
2020-03-25,182.3000030517578,175.86715698242188
2020-03-26,191.89999389648438,185.12840270996094
2020-03-27,185.3000030517578,178.7612762451172
2020-03-30,192.0399932861328,185.26344299316406
2020-03-31,190.39999389648438,183.6813201904297
2020-04-01,182.30999755859375,175.8767852783203
2020-04-02,186.00999450683594,179.44622802734375
2020-04-03,183.3699951171875,176.89935302734375
2020-04-06,196.47999572753906,189.54673767089844
2020-04-07,196.39999389648438,189.46961975097656
2020-04-08,200.57000732421875,193.49240112304688
2020-04-09,200.86000061035156,193.77220153808594
2020-04-13,203.02999877929688,195.8656005859375
2020-04-14,211.86000061035156,204.38404846191406
2020-04-15,209.42999267578125,202.03976440429688
2020-04-16,213.25,205.72496032714844
2020-04-17,215.2899932861328,207.69296264648438
2020-04-20,212.74000549316406,205.23300170898438
2020-04-21,204.88999938964844,197.66001892089844
2020-04-22,210.97000122070312,203.52545166015625
2020-04-23,210.52000427246094,203.09132385253906
2020-04-24,213.83999633789062,206.29420471191406
2020-04-27,215.55999755859375,207.9534454345703
2020-04-28,211.5,204.03672790527344
2020-04-29,219.0,211.2720947265625
2020-04-30,218.91000366210938,211.18528747558594
2020-05-01,212.74000549316406,205.23300170898438
2020-05-04,215.22000122070312,207.62547302246094
2020-05-05,217.66000366210938,209.97938537597656
2020-05-06,219.0,211.2720947265625
2020-05-07,221.82000732421875,213.9925994873047
2020-05-08,224.86000061035156,216.9253692626953
2020-05-11,226.8699951171875,218.86439514160156
2020-05-12,222.1199951171875,214.28201293945312
2020-05-13,219.33999633789062,211.60008239746094
2020-05-14,221.8300018310547,214.002197265625
2020-05-15,223.27000427246094,215.39138793945312
2020-05-18,227.42999267578125,219.40463256835938
2020-05-19,226.86000061035156,218.85475158691406
2020-05-20,231.38999938964844,223.2248992919922
2020-05-21,228.8699951171875,220.7938232421875
2020-05-22,229.66000366210938,221.55593872070312
2020-05-26,229.0399932861328,220.95777893066406
2020-05-27,230.2899932861328,222.16371154785156
2020-05-28,229.99000549316406,221.87428283691406
2020-05-29,233.36000061035156,225.12539672851562
2020-06-01,234.05999755859375,225.80068969726562
2020-06-02,235.6300048828125,227.31527709960938
2020-06-03,236.69000244140625,228.33786010742188
2020-06-04,235.02999877929688,226.7364501953125
2020-06-05,239.69000244140625,231.23196411132812
2020-06-08,241.5500030517578,233.02635192871094
2020-06-09,243.3000030517578,234.71463012695312
2020-06-10,246.22000122070312,237.5315704345703
2020-06-11,234.02000427246094,225.7620849609375
2020-06-12,235.8800048828125,227.5564727783203
2020-06-15,238.75,230.3251495361328
2020-06-16,242.85000610351562,234.280517578125
2020-06-17,243.6199951171875,235.02330017089844
2020-06-18,244.27999877929688,235.6600341796875
2020-06-19,244.24000549316406,235.62142944335938
2020-06-22,246.74000549316406,238.4471893310547
2020-06-23,248.83999633789062,240.4766082763672
2020-06-24,243.7100067138672,235.5189971923828
2020-06-25,246.02999877929688,237.7610321044922
2020-06-26,240.22000122070312,232.14634704589844
2020-06-29,242.83999633789062,234.67822265625
2020-06-30,247.60000610351562,239.2782745361328
2020-07-01,250.49000549316406,242.07115173339844
2020-07-02,252.19000244140625,243.7140350341797
2020-07-06,258.3900146484375,249.70562744140625
2020-07-07,256.6099853515625,247.9854278564453
2020-07-08,259.989990234375,251.25184631347656
2020-07-09,262.17999267578125,253.36822509765625
2020-07-10,263.9700012207031,255.0980987548828
2020-07-13,258.5400085449219,249.8505859375
2020-07-14,260.3699951171875,251.61912536621094
2020-07-15,260.8999938964844,252.13121032714844
2020-07-16,259.1199951171875,250.41107177734375
2020-07-17,259.4200134277344,250.70106506347656
2020-07-20,266.7799987792969,257.81365966796875
2020-07-21,264.0,255.12705993652344
2020-07-22,264.92999267578125,256.0258483886719
2020-07-23,258.010009765625,249.33837890625
2020-07-24,255.55999755859375,246.97071838378906
2020-07-27,260.1199951171875,251.3775177001953
2020-07-28,256.80999755859375,248.1787109375
2020-07-29,259.7699890136719,251.03919982910156
2020-07-30,261.1300048828125,252.35353088378906
2020-07-31,265.7900085449219,256.85693359375
2020-08-03,269.3800048828125,260.3262634277344
2020-08-04,270.3800048828125,261.2926330566406
2020-08-05,271.04998779296875,261.9401550292969
2020-08-06,274.6400146484375,265.409423828125
2020-08-07,271.4700012207031,262.3460998535156
2020-08-10,270.30999755859375,261.2250061035156
2020-08-11,265.19000244140625,256.277099609375
2020-08-12,271.8599853515625,262.72283935546875
2020-08-13,272.4800109863281,263.32208251953125
2020-08-14,272.1600036621094,263.0129089355469
2020-08-17,275.32000732421875,266.0665283203125
2020-08-18,277.9700012207031,268.6275634765625
2020-08-19,276.1000061035156,266.8204040527344
2020-08-20,279.92999267578125,270.5216369628906
2020-08-21,281.8699951171875,272.39642333984375
2020-08-24,283.6300048828125,274.09735107421875
2020-08-25,285.8599853515625,276.2522888183594
2020-08-26,291.9599914550781,282.14739990234375
2020-08-27,291.04998779296875,281.26800537109375
2020-08-28,292.5299987792969,282.6982116699219
2020-08-31,294.8800048828125,284.96917724609375
2020-09-01,299.9200134277344,289.83984375
2020-09-02,302.760009765625,292.5843811035156
2020-09-03,287.4100036621094,277.7502746582031
2020-09-04,283.5799865722656,274.0489807128906
2020-09-08,269.95001220703125,260.8771057128906
2020-09-09,277.8800048828125,268.5406188964844
2020-09-10,272.3399963378906,263.1867980957031
2020-09-11,270.45001220703125,261.3603210449219
2020-09-14,275.1600036621094,265.9119873046875
2020-09-15,279.05999755859375,269.680908203125
2020-09-16,274.6099853515625,265.3804931640625
2020-09-17,270.32000732421875,261.234619140625
2020-09-18,266.8699951171875,257.9006042480469
2020-09-21,267.510009765625,258.5190124511719
2020-09-22,272.4800109863281,263.32208251953125
2020-09-23,264.1600036621094,255.28170776367188
2020-09-24,265.3900146484375,256.4703674316406
2020-09-25,271.55999755859375,262.4330139160156
2020-09-28,277.20001220703125,267.8834533691406
2020-09-29,275.95001220703125,266.675537109375
2020-09-30,277.8399963378906,268.5019226074219
2020-10-01,282.25,272.763671875
2020-10-02,274.30999755859375,265.0904541015625
2020-10-05,280.1600036621094,270.7439270019531
2020-10-06,275.1600036621094,265.9119873046875
2020-10-07,279.9200134277344,270.5120849609375
2020-10-08,281.4100036621094,271.9519958496094
2020-10-09,285.7099914550781,276.107421875
2020-10-12,294.5299987792969,284.63092041015625
2020-10-13,294.5199890136719,284.6213684082031
2020-10-14,292.05999755859375,282.24407958984375
2020-10-15,290.1000061035156,280.3498840332031
2020-10-16,288.510009765625,278.81329345703125
2020-10-19,283.79998779296875,274.2615966796875
2020-10-20,284.4100036621094,274.8511047363281
2020-10-21,284.19000244140625,274.63848876953125
2020-10-22,284.17999267578125,274.6287841796875
2020-10-23,284.739990234375,275.169921875
2020-10-26,280.4700012207031,271.04351806640625
2020-10-27,282.6600036621094,273.1599426269531
2020-10-28,271.6400146484375,262.5104064941406
2020-10-29,276.3900146484375,267.1006774902344
2020-10-30,269.3800048828125,260.3262634277344
2020-11-02,269.9800109863281,260.90618896484375
2020-11-03,274.6499938964844,265.41912841796875
2020-11-04,286.9100036621094,277.26708984375
2020-11-05,294.3900146484375,284.49566650390625
2020-11-06,294.6099853515625,284.7082824707031
2020-11-09,288.5899963378906,278.890625
2020-11-10,283.4200134277344,273.8944396972656
2020-11-11,289.760009765625,280.0213317871094
2020-11-12,288.3999938964844,278.70697021484375
2020-11-13,290.92999267578125,281.1519470214844
2020-11-16,293.20001220703125,283.345703125
2020-11-17,292.2699890136719,282.4469299316406
2020-11-18,290.1099853515625,280.3594970703125
2020-11-19,292.3800048828125,282.55322265625
2020-11-20,290.3800048828125,280.6204528808594
2020-11-23,290.3900146484375,280.63018798828125
2020-11-24,294.4700012207031,284.57305908203125
2020-11-25,296.2799987792969,286.3221435546875
2020-11-27,299.010009765625,288.9604187011719
2020-11-30,299.6199951171875,289.5498046875
2020-12-01,303.4599914550781,293.2607727050781
2020-12-02,303.8500061035156,293.63775634765625
2020-12-03,304.2799987792969,294.0533142089844
2020-12-04,305.5199890136719,295.2516174316406
2020-12-07,307.25,296.9234924316406
2020-12-08,308.2900085449219,297.9285583496094
2020-12-09,301.30999755859375,291.1831359863281
2020-12-10,302.5199890136719,292.3524169921875
2020-12-11,301.8500061035156,291.70501708984375
2020-12-14,304.0400085449219,293.82135009765625
2020-12-15,307.2900085449219,296.9621276855469
2020-12-16,308.9800109863281,298.5953063964844
2020-12-17,311.0,300.54742431640625
2020-12-18,310.05999755859375,299.6390686035156
2020-12-21,308.9200134277344,299.07855224609375
2020-12-22,309.760009765625,299.8916931152344
2020-12-23,308.20001220703125,298.38140869140625
2020-12-24,309.55999755859375,299.6980895996094
2020-12-28,312.67999267578125,302.7186584472656
2020-12-29,312.9599914550781,302.98968505859375
2020-12-30,312.9700012207031,302.9994812011719
2020-12-31,313.739990234375,303.744873046875
2021-01-04,309.30999755859375,299.4560241699219
2021-01-05,311.8599853515625,301.92474365234375
2021-01-06,307.5400085449219,297.74237060546875
2021-01-07,314.9800109863281,304.94537353515625
2021-01-08,319.0299987792969,308.8663635253906
2021-01-11,314.4200134277344,304.4032897949219
2021-01-12,313.9200134277344,303.9191589355469
2021-01-13,316.0400085449219,305.9716491699219
2021-01-14,314.3500061035156,304.3354797363281
2021-01-15,311.8599853515625,301.92474365234375
2021-01-19,316.4100036621094,306.3298645019531
2021-01-20,323.7699890136719,313.4553527832031
2021-01-21,326.3599853515625,315.9627990722656
2021-01-22,325.4200134277344,315.05279541015625
2021-01-25,328.1099853515625,317.6570739746094
2021-01-26,328.5899963378906,318.1218566894531
2021-01-27,319.42999267578125,309.2536315917969
2021-01-28,321.32000732421875,311.0833740234375
2021-01-29,314.55999755859375,304.5386962890625
2021-02-01,322.4200134277344,312.1483154296875
2021-02-02,327.67999267578125,317.24078369140625
2021-02-03,326.3800048828125,315.982177734375
2021-02-04,330.239990234375,319.7192687988281
2021-02-05,331.3599853515625,320.8035583496094
2021-02-08,333.5799865722656,322.9528503417969
2021-02-09,333.510009765625,322.88507080078125
2021-02-10,332.75,322.1492919921875
2021-02-11,334.5799865722656,323.92095947265625
2021-02-12,336.45001220703125,325.73138427734375
2021-02-16,335.5400085449219,324.8503723144531
2021-02-17,333.92999267578125,323.2916564941406
2021-02-18,332.4700012207031,321.8782043457031
2021-02-19,331.0199890136719,320.4743957519531
2021-02-22,322.44000244140625,312.167724609375
2021-02-23,321.4800109863281,311.2383728027344
2021-02-24,324.1300048828125,313.8038635253906
2021-02-25,312.8299865722656,302.8639221191406
2021-02-26,314.1400146484375,304.1322021484375
2021-03-01,323.5899963378906,313.2810974121094
2021-03-02,318.3999938964844,308.25640869140625
2021-03-03,309.1600036621094,299.3107604980469
2021-03-04,304.1000061035156,294.4120178222656
2021-03-05,308.67999267578125,298.8460998535156
2021-03-08,299.94000244140625,290.3845520019531
2021-03-09,311.7699890136719,301.837646484375
2021-03-10,310.8800048828125,300.9760437011719
2021-03-11,318.0400085449219,307.9079895019531
2021-03-12,315.4599914550781,305.41009521484375
2021-03-15,318.8299865722656,308.67279052734375
2021-03-16,320.5799865722656,310.3669738769531
2021-03-17,321.8999938964844,311.64495849609375
2021-03-18,312.0400085449219,302.09906005859375
2021-03-19,313.1400146484375,303.16400146484375
2021-03-22,318.6099853515625,308.84930419921875
2021-03-23,317.2200012207031,307.50201416015625
2021-03-24,311.8699951171875,302.3157958984375
2021-03-25,311.3299865722656,301.7923889160156
2021-03-26,316.0,306.3193359375
2021-03-29,315.9100036621094,306.23199462890625
2021-03-30,314.32000732421875,304.69073486328125
2021-03-31,319.1300048828125,309.3533935546875
2021-04-01,324.57000732421875,314.6267395019531
2021-04-05,331.04998779296875,320.9082946777344
2021-04-06,330.82000732421875,320.685302734375
2021-04-07,331.6199951171875,321.4608154296875
2021-04-08,335.0799865722656,324.8148498535156
2021-04-09,337.1099853515625,326.7826232910156
2021-04-12,336.6700134277344,326.35614013671875
2021-04-13,340.6000061035156,330.16571044921875
2021-04-14,336.510009765625,326.200927734375
2021-04-15,341.6099853515625,331.14471435546875
2021-04-16,342.010009765625,331.5325622558594
2021-04-19,338.8800048828125,328.4983215332031
2021-04-20,336.4100036621094,326.1040344238281
2021-04-21,339.2900085449219,328.8957824707031
2021-04-22,335.20001220703125,324.93109130859375
2021-04-23,339.4200134277344,329.0218811035156
2021-04-26,341.6300048828125,331.1641540527344
2021-04-27,340.1499938964844,329.7294616699219
2021-04-28,339.0,328.61468505859375
2021-04-29,340.2200012207031,329.79730224609375
2021-04-30,337.989990234375,327.6356201171875
2021-05-03,336.19000244140625,325.8907775878906
2021-05-04,330.1400146484375,320.026123046875
2021-05-05,329.0299987792969,318.9501647949219
2021-05-06,331.510009765625,321.3540954589844
2021-05-07,334.20001220703125,323.96173095703125
2021-05-10,325.760009765625,315.7802734375
2021-05-11,325.30999755859375,315.3441162109375
2021-05-12,316.8900146484375,307.1820983886719
2021-05-13,319.3399963378906,309.5569152832031
2021-05-14,326.3900146484375,316.3909912109375
2021-05-17,324.4100036621094,314.47161865234375
2021-05-18,322.2200012207031,312.3487854003906
2021-05-19,322.5899963378906,312.7073669433594
2021-05-20,328.8299865722656,318.7562255859375
2021-05-21,327.010009765625,316.9919738769531
2021-05-24,332.510009765625,322.32354736328125
2021-05-25,332.9700012207031,322.76947021484375
2021-05-26,334.1300048828125,323.8939208984375
2021-05-27,332.8800048828125,322.6821594238281
2021-05-28,333.92999267578125,323.6999816894531
2021-06-01,332.82000732421875,322.6239929199219
2021-06-02,333.4700012207031,323.2541198730469
2021-06-03,330.0,319.8904724121094
2021-06-04,335.6000061035156,325.3188781738281
2021-06-07,336.6000061035156,326.2882995605469
2021-06-08,336.760009765625,326.44329833984375
2021-06-09,336.8399963378906,326.5208740234375
2021-06-10,340.3500061035156,329.92340087890625
2021-06-11,341.239990234375,330.7860412597656
2021-06-14,344.510009765625,333.95587158203125
2021-06-15,342.260009765625,331.7748718261719
2021-06-16,341.010009765625,330.5631103515625
2021-06-17,345.3399963378906,334.7604675292969
2021-06-18,342.6300048828125,332.1334228515625
2021-06-21,344.3599853515625,334.1976623535156
2021-06-22,347.57000732421875,337.31292724609375
2021-06-23,347.739990234375,337.4779968261719
2021-06-24,349.8900146484375,339.56451416015625
2021-06-25,349.4599914550781,339.1471252441406
2021-06-28,353.7099914550781,343.2717590332031
2021-06-29,354.989990234375,344.51397705078125
2021-06-30,354.42999267578125,343.9706115722656
2021-07-01,354.57000732421875,344.1064758300781
2021-07-02,358.6400146484375,348.0562744140625
2021-07-06,360.19000244140625,349.56060791015625
2021-07-07,360.95001220703125,350.298095703125
2021-07-08,358.7699890136719,348.18243408203125
2021-07-09,361.010009765625,350.35638427734375
2021-07-12,362.4200134277344,351.7247619628906
2021-07-13,362.4200134277344,351.7247619628906
2021-07-14,363.07000732421875,352.3556213378906
2021-07-15,360.5199890136719,349.88079833984375
2021-07-16,357.6000061035156,347.0469970703125
2021-07-19,354.6700134277344,344.2035217285156
2021-07-20,358.7900085449219,348.20184326171875
2021-07-21,361.55999755859375,350.89007568359375
2021-07-22,363.95001220703125,353.2096252441406
2021-07-23,368.20001220703125,357.33416748046875
2021-07-26,368.489990234375,357.6156005859375
2021-07-27,364.42999267578125,353.6753845214844
2021-07-28,365.8299865722656,355.0340270996094
2021-07-29,366.4800109863281,355.6649475097656
2021-07-30,364.57000732421875,353.8113098144531
2021-08-02,364.6000061035156,353.8404846191406
2021-08-03,366.80999755859375,355.9852294921875
2021-08-04,367.3399963378906,356.4995422363281
2021-08-05,369.6700134277344,358.7607727050781
2021-08-06,368.04998779296875,357.1885070800781
2021-08-09,368.7300109863281,357.8486022949219
2021-08-10,366.8399963378906,356.0143127441406
2021-08-11,366.2099914550781,355.40289306640625
2021-08-12,367.5299987792969,356.683837890625
2021-08-13,368.82000732421875,357.935791015625
2021-08-16,368.9800109863281,358.0911560058594
2021-08-17,365.7300109863281,354.93707275390625
2021-08-18,362.2099914550781,351.5209655761719
2021-08-19,363.9599914550781,353.2192687988281
2021-08-20,367.7300109863281,356.8780212402344
2021-08-23,373.2300109863281,362.2157897949219
2021-08-24,374.3699951171875,363.322021484375
2021-08-25,374.79998779296875,363.7394104003906
2021-08-26,372.4200134277344,361.42962646484375
2021-08-27,376.0400085449219,364.9428405761719
2021-08-30,380.260009765625,369.0382995605469
2021-08-31,379.95001220703125,368.7373962402344
2021-09-01,380.5799865722656,369.3487243652344
2021-09-02,380.3999938964844,369.1742248535156
2021-09-03,381.57000732421875,370.3096008300781
2021-09-07,382.1099853515625,370.8336486816406
2021-09-08,380.7799987792969,369.54290771484375
2021-09-09,379.4700012207031,368.2715148925781
2021-09-10,376.5899963378906,365.47650146484375
2021-09-13,376.3299865722656,365.22418212890625
2021-09-14,375.260009765625,364.1858215332031
2021-09-15,378.04998779296875,366.8935241699219
2021-09-16,378.30999755859375,367.1457824707031
2021-09-17,373.8299865722656,362.7979431152344
2021-09-20,365.70001220703125,355.30145263671875
2021-09-21,366.1499938964844,355.7386779785156
2021-09-22,369.57000732421875,359.0614013671875
2021-09-23,372.9800109863281,362.3744812011719
2021-09-24,373.3299865722656,362.71435546875
2021-09-27,370.3500061035156,359.8191833496094
2021-09-28,359.8699951171875,349.63714599609375
2021-09-29,359.2799987792969,349.0639953613281
2021-09-30,357.9599914550781,347.7814636230469
2021-10-01,360.17999267578125,349.9383544921875
2021-10-04,352.6199951171875,342.59332275390625
2021-10-05,357.3800048828125,347.218017578125
2021-10-06,359.6700134277344,349.4429016113281
2021-10-07,362.9700012207031,352.6490173339844
2021-10-08,361.1600036621094,350.8905029296875
2021-10-11,358.3900146484375,348.1992492675781
2021-10-12,357.1400146484375,346.98486328125
2021-10-13,360.0,349.763427734375
2021-10-14,366.6300048828125,356.2049255371094
2021-10-15,368.94000244140625,358.4492492675781
2021-10-18,372.6499938964844,362.0538330078125
2021-10-19,375.4700012207031,364.79364013671875
2021-10-20,374.9800109863281,364.317626953125
2021-10-21,377.2699890136719,366.54248046875
2021-10-22,374.1000061035156,363.46258544921875
2021-10-25,377.92999267578125,367.1836242675781
2021-10-26,379.1199951171875,368.33978271484375
2021-10-27,380.0,369.19482421875
2021-10-28,384.2200012207031,373.2947998046875
2021-10-29,386.1099853515625,375.1310729980469
2021-11-01,387.42999267578125,376.41351318359375
2021-11-02,389.04998779296875,377.9874572753906
2021-11-03,393.17999267578125,382.0000305175781
2021-11-04,398.2200012207031,386.89678955078125
2021-11-05,398.6000061035156,387.2659606933594
2021-11-08,398.05999755859375,386.7413024902344
2021-11-09,395.32000732421875,384.0792236328125
2021-11-10,389.510009765625,378.43438720703125
2021-11-11,390.5899963378906,379.48370361328125
2021-11-12,394.70001220703125,383.4768371582031
2021-11-15,394.6099853515625,383.389404296875
2021-11-16,397.4200134277344,386.11944580078125
2021-11-17,397.6300048828125,386.3234558105469
2021-11-18,401.75,390.3262939453125
2021-11-19,403.989990234375,392.502685546875
2021-11-22,399.29998779296875,387.94598388671875
2021-11-23,397.4800109863281,386.17779541015625
2021-11-24,398.760009765625,387.42144775390625
2021-11-26,391.20001220703125,380.0762634277344
2021-11-29,399.69000244140625,388.3249206542969
2021-11-30,393.82000732421875,382.621826171875
2021-12-01,387.1199951171875,376.1123046875
2021-12-02,389.9100036621094,378.8230285644531
2021-12-03,383.1300048828125,372.2358703613281
2021-12-06,386.20001220703125,375.218505859375
2021-12-07,397.8299865722656,386.5177917480469
2021-12-08,399.6099853515625,388.24713134765625
2021-12-09,393.7300109863281,382.5344543457031
2021-12-10,398.010009765625,386.692626953125
2021-12-13,392.260009765625,381.1062316894531
2021-12-14,388.20001220703125,377.1617126464844
2021-12-15,397.04998779296875,385.7599792480469
2021-12-16,386.8399963378906,375.84027099609375
2021-12-17,384.9100036621094,373.96514892578125
2021-12-20,380.69000244140625,370.3375549316406
2021-12-21,389.2099914550781,378.6258544921875
2021-12-22,393.95001220703125,383.23699951171875
2021-12-23,396.9200134277344,386.12628173828125
2021-12-27,403.4800109863281,392.50787353515625
2021-12-28,401.6099853515625,390.68865966796875
2021-12-29,401.54998779296875,390.6303405761719
2021-12-30,400.3500061035156,389.4629821777344
2021-12-31,397.8500061035156,387.0309753417969
2022-01-03,401.67999267578125,390.75677490234375
2022-01-04,396.4700012207031,385.6884460449219
2022-01-05,384.2900085449219,373.8397216796875
2022-01-06,384.0199890136719,373.5769958496094
2022-01-07,379.8599853515625,369.5301513671875
2022-01-10,380.1099853515625,369.7733459472656
2022-01-11,385.82000732421875,375.328125
2022-01-12,387.3500061035156,376.8165283203125
2022-01-13,377.6600036621094,367.38995361328125
2022-01-14,380.010009765625,369.6761169433594
2022-01-18,370.54998779296875,360.4732971191406
2022-01-19,366.4800109863281,356.5140075683594
2022-01-20,361.7200012207031,351.88348388671875
2022-01-21,351.69000244140625,342.1262512207031
2022-01-24,353.29998779296875,343.6924133300781
2022-01-25,345.1099853515625,335.72515869140625
2022-01-26,344.57000732421875,335.1998596191406
2022-01-27,341.1000061035156,331.82415771484375
2022-01-28,351.79998779296875,342.2332458496094
2022-01-31,363.04998779296875,353.1772766113281
2022-02-01,365.5199890136719,355.580078125
2022-02-02,368.489990234375,358.4693298339844
2022-02-03,353.54998779296875,343.93560791015625
2022-02-04,358.010009765625,348.2743835449219
2022-02-07,355.1300048828125,345.4726257324219
2022-02-08,359.1199951171875,349.3541259765625
2022-02-09,366.7300109863281,356.7572021484375
2022-02-10,358.42999267578125,348.6828918457031
2022-02-11,347.05999755859375,337.6221618652344
2022-02-14,347.489990234375,338.0404357910156
2022-02-15,356.1300048828125,346.44549560546875
2022-02-16,356.0400085449219,346.3579406738281
2022-02-17,345.45001220703125,336.055908203125
2022-02-18,341.510009765625,332.22308349609375
2022-02-22,338.0799865722656,328.8862609863281
2022-02-23,329.4200134277344,320.4618225097656
2022-02-24,340.489990234375,331.230712890625
2022-02-25,345.7699890136719,336.3671875
2022-02-28,346.79998779296875,337.36920166015625
2022-03-01,341.489990234375,332.2035827636719
2022-03-02,347.2200012207031,337.7778625488281
2022-03-03,342.260009765625,332.9526062011719
2022-03-04,337.29998779296875,328.12750244140625
2022-03-07,324.8599853515625,316.0257568359375
2022-03-08,323.3500061035156,314.5568542480469
2022-03-09,334.989990234375,325.8802185058594
2022-03-10,331.2699890136719,322.261474609375
2022-03-11,324.3999938964844,315.57830810546875
2022-03-14,318.1700134277344,309.51776123046875
2022-03-15,328.1499938964844,319.22637939453125
2022-03-16,340.32000732421875,331.0653991699219
2022-03-17,344.44000244140625,335.0733642578125
2022-03-18,351.489990234375,341.931640625
2022-03-21,350.0799865722656,340.9809875488281
2022-03-22,356.9599914550781,347.6822509765625
2022-03-23,351.8299865722656,342.685546875
2022-03-24,359.6499938964844,350.3022155761719
2022-03-25,359.3500061035156,350.0101013183594
2022-03-28,364.9100036621094,355.42559814453125
2022-03-29,371.19000244140625,361.5423583984375
2022-03-30,367.0899963378906,357.54888916015625
2022-03-31,362.5400085449219,353.1171569824219
2022-04-01,361.8500061035156,352.44512939453125
2022-04-04,369.29998779296875,359.70147705078125
2022-04-05,361.1000061035156,351.71466064453125
2022-04-06,353.260009765625,344.07843017578125
2022-04-07,354.1000061035156,344.8965759277344
2022-04-08,349.1499938964844,340.0751953125
2022-04-11,340.8900146484375,332.0299072265625
2022-04-12,339.45001220703125,330.6273193359375
2022-04-13,346.3500061035156,337.3480224609375
2022-04-14,338.42999267578125,329.6337585449219
2022-04-18,338.69000244140625,329.8869934082031
2022-04-19,346.260009765625,337.2602844238281
2022-04-20,341.2099914550781,332.341552734375
2022-04-21,334.1499938964844,325.4650573730469
2022-04-22,325.3999938964844,316.9425048828125
2022-04-25,329.5799865722656,321.0138244628906
2022-04-26,317.1400146484375,308.8971862792969
2022-04-27,316.760009765625,308.527099609375
2022-04-28,328.010009765625,319.48468017578125
2022-04-29,313.25,305.1082763671875
2022-05-02,318.4800109863281,310.202392578125
2022-05-03,318.82000732421875,310.53350830078125
2022-05-04,329.6000061035156,321.0333251953125
2022-05-05,313.0,304.86474609375
2022-05-06,309.25,301.2122497558594
2022-05-09,297.1499938964844,289.4267578125
2022-05-10,300.760009765625,292.9429016113281
2022-05-11,291.8399963378906,284.2547302246094
2022-05-12,291.1499938964844,283.5826416015625
2022-05-13,301.94000244140625,294.09228515625
2022-05-16,298.44000244140625,290.6832275390625
2022-05-17,306.1700134277344,298.2124328613281
2022-05-18,291.1400146484375,283.57293701171875
2022-05-19,289.5799865722656,282.053466796875
2022-05-20,288.67999267578125,281.1768798828125
2022-05-23,293.4800109863281,285.85211181640625
2022-05-24,287.239990234375,279.7742919921875
2022-05-25,291.260009765625,283.6897888183594
2022-05-26,299.3299865722656,291.5500793457031
2022-05-27,309.1000061035156,301.0661926269531
2022-05-31,308.2799987792969,300.2674255371094
2022-06-01,306.0,298.0467529296875
2022-06-02,314.3800048828125,306.2088623046875
2022-06-03,306.20001220703125,298.2414245605469
2022-06-06,307.2200012207031,299.2349548339844
2022-06-07,309.8699951171875,301.816162109375
2022-06-08,307.6400146484375,299.64410400390625
2022-06-09,299.3999938964844,291.61822509765625
2022-06-10,288.8399963378906,281.33270263671875
2022-06-13,275.4100036621094,268.2518310546875
2022-06-14,275.9100036621094,268.73876953125
2022-06-15,282.79998779296875,275.44970703125
2022-06-16,271.3900146484375,264.3362731933594
2022-06-17,274.69000244140625,267.550537109375
2022-06-21,281.0799865722656,274.3006286621094
2022-06-22,280.6700134277344,273.9006652832031
2022-06-23,284.8500061035156,277.979736328125
2022-06-24,294.6099853515625,287.5043640136719
2022-06-27,292.45001220703125,285.39642333984375
2022-06-28,283.5400085449219,276.7012939453125
2022-06-29,283.79998779296875,276.9551086425781
2022-06-30,280.2799987792969,273.5198974609375
2022-07-01,282.1300048828125,275.3253479003906
2022-07-05,286.9599914550781,280.0388488769531
2022-07-06,288.79998779296875,281.8344421386719
2022-07-07,294.9800109863281,287.86541748046875
2022-07-08,295.3500061035156,288.2265319824219
2022-07-11,289.0400085449219,282.06866455078125
2022-07-12,286.239990234375,279.3362121582031
2022-07-13,285.6499938964844,278.7604675292969
2022-07-14,286.6700134277344,279.7558898925781
2022-07-15,291.8699951171875,284.8304138183594
2022-07-18,289.3999938964844,282.4199523925781
2022-07-19,298.29998779296875,291.1053466796875
2022-07-20,303.0299987792969,295.7212219238281
2022-07-21,307.3800048828125,299.9663391113281
2022-07-22,301.989990234375,294.7063293457031
2022-07-25,300.2699890136719,293.0278625488281
2022-07-26,294.3699951171875,287.2701721191406
2022-07-27,306.80999755859375,299.41015625
2022-07-28,309.80999755859375,302.33770751953125
2022-07-29,315.4599914550781,307.8514404296875
2022-08-01,315.2699890136719,307.6660461425781
2022-08-02,314.3299865722656,306.74871826171875
2022-08-03,322.8900146484375,315.10223388671875
2022-08-04,324.3999938964844,316.5758361816406
2022-08-05,321.75,313.98974609375
2022-08-08,320.7099914550781,312.974853515625
2022-08-09,317.0799865722656,309.4324035644531
2022-08-10,325.92999267578125,318.0688781738281
2022-08-11,324.0799865722656,316.26361083984375
2022-08-12,330.3900146484375,322.42138671875
2022-08-15,333.05999755859375,325.02703857421875
2022-08-16,332.2799987792969,324.26580810546875
2022-08-17,328.489990234375,320.56719970703125
2022-08-18,329.2799987792969,321.3381042480469
2022-08-19,322.8599853515625,315.072998046875
2022-08-22,314.3599853515625,306.77801513671875
2022-08-23,314.1000061035156,306.5242614746094
2022-08-24,315.010009765625,307.412353515625
2022-08-25,320.5799865722656,312.8480224609375
2022-08-26,307.44000244140625,300.02490234375
2022-08-29,304.4100036621094,297.0679626464844
2022-08-30,301.0199890136719,293.759765625
2022-08-31,299.2699890136719,292.0519714355469
2022-09-01,299.3999938964844,292.17877197265625
2022-09-02,295.1700134277344,288.05084228515625
2022-09-06,293.04998779296875,285.9819641113281
2022-09-07,298.9700012207031,291.7591857910156
2022-09-08,300.5199890136719,293.2718200683594
2022-09-09,307.0899963378906,299.6833801269531
2022-09-12,310.739990234375,303.2453308105469
2022-09-13,293.70001220703125,286.61627197265625
2022-09-14,296.0299987792969,288.8901062011719
2022-09-15,291.1000061035156,284.0790100097656
2022-09-16,289.32000732421875,282.3419494628906
2022-09-19,291.04998779296875,284.54058837890625
2022-09-20,288.7300109863281,282.27252197265625
2022-09-21,283.55999755859375,277.2181396484375
2022-09-22,280.07000732421875,273.80621337890625
2022-09-23,275.510009765625,269.3482360839844
2022-09-26,274.3699951171875,268.233642578125
2022-09-27,274.4800109863281,268.3411865234375
2022-09-28,279.94000244140625,273.6791076660156
2022-09-29,271.8699951171875,265.78961181640625
2022-09-30,267.260009765625,261.2827453613281
2022-10-03,273.5299987792969,267.4124755859375
2022-10-04,282.1300048828125,275.82012939453125
2022-10-05,281.9800109863281,275.67352294921875
2022-10-06,279.760009765625,273.50311279296875
2022-10-07,269.1000061035156,263.08160400390625
2022-10-10,266.4100036621094,260.45172119140625
2022-10-11,262.75,256.8736267089844
2022-10-12,262.6600036621094,256.7855529785156
2022-10-13,268.82000732421875,262.80780029296875
2022-10-14,260.739990234375,254.90850830078125
2022-10-17,269.3500061035156,263.32598876953125
2022-10-18,271.4800109863281,265.4083251953125
2022-10-19,270.489990234375,264.44049072265625
2022-10-20,269.1099853515625,263.09130859375
2022-10-21,275.4200134277344,269.2601318359375
2022-10-24,278.45001220703125,272.22235107421875
2022-10-25,284.2099914550781,277.8536682128906
2022-10-26,277.92999267578125,271.7140197753906
2022-10-27,272.8699951171875,266.7672424316406
2022-10-28,281.2200012207031,274.93048095703125
2022-10-31,277.95001220703125,271.733642578125
2022-11-01,275.1099853515625,268.9571228027344
2022-11-02,265.67999267578125,259.7380065917969
2022-11-03,260.489990234375,254.66416931152344
2022-11-04,264.67999267578125,258.7604064941406
2022-11-07,267.5899963378906,261.6053161621094
2022-11-08,269.5400085449219,263.5116882324219
2022-11-09,263.32000732421875,257.43084716796875
2022-11-10,282.75,276.42633056640625
2022-11-11,287.9599914550781,281.51971435546875
2022-11-14,285.44000244140625,279.05609130859375
2022-11-15,289.3900146484375,282.9177551269531
2022-11-16,285.44000244140625,279.05609130859375
2022-11-17,284.80999755859375,278.4401550292969
2022-11-18,284.82000732421875,278.4499816894531
2022-11-21,281.8900146484375,275.58551025390625
2022-11-22,285.95001220703125,279.5546875
2022-11-23,288.82000732421875,282.3604736328125
2022-11-25,286.9200134277344,280.5030212402344
2022-11-28,282.7099914550781,276.3871154785156
2022-11-29,280.57000732421875,274.2950134277344
2022-11-30,293.3599853515625,286.7989807128906
2022-12-01,293.7200012207031,287.15093994140625
2022-12-02,292.54998779296875,286.0071105957031
2022-12-05,287.6400146484375,281.2069091796875
2022-12-06,281.67999267578125,275.38018798828125
2022-12-07,280.5299987792969,274.25592041015625
2022-12-08,283.8500061035156,277.5016784667969
2022-12-09,282.0400085449219,275.732177734375
2022-12-12,285.5799865722656,279.1929626464844
2022-12-13,288.6499938964844,282.1942138671875
2022-12-14,286.510009765625,280.1022033691406
2022-12-15,276.8900146484375,270.6973876953125
2022-12-16,274.25,268.1163635253906
2022-12-19,269.75,264.3484191894531
2022-12-20,269.5400085449219,264.1425476074219
2022-12-21,273.45001220703125,267.9742431640625
2022-12-22,266.760009765625,261.41827392578125
2022-12-23,267.3599853515625,262.0062255859375
2022-12-27,263.5799865722656,258.3018493652344
2022-12-28,260.1000061035156,254.8916015625
2022-12-29,266.44000244140625,261.1046447753906
2022-12-30,266.2799987792969,260.9479064941406
2023-01-03,264.4800109863281,259.1839294433594
2023-01-04,265.739990234375,260.4186096191406
2023-01-05,261.5799865722656,256.34197998046875
2023-01-06,268.79998779296875,263.4173889160156
2023-01-09,270.5400085449219,265.12261962890625
2023-01-10,272.8299865722656,267.3667297363281
2023-01-11,277.54998779296875,271.99212646484375
2023-01-12,279.04998779296875,273.4621276855469
2023-01-13,280.9700012207031,275.34368896484375
2023-01-17,281.5400085449219,275.9022521972656
2023-01-18,277.8800048828125,272.3155517578125
2023-01-19,275.1499938964844,269.6402587890625
2023-01-20,282.67999267578125,277.0195007324219
2023-01-23,288.9599914550781,283.1736755371094
2023-01-24,288.3699951171875,282.5954895019531
2023-01-25,287.7300109863281,281.9682922363281
2023-01-26,293.3399963378906,287.46600341796875
2023-01-27,296.260009765625,290.3274841308594
2023-01-30,290.2699890136719,284.4574279785156
2023-01-31,294.6199951171875,288.7203674316406
2023-02-01,300.9200134277344,294.8941955566406
2023-02-02,311.7200012207031,305.4779357910156
2023-02-03,306.17999267578125,300.0487976074219
2023-02-06,303.5899963378906,297.5107116699219
2023-02-07,309.8800048828125,303.6747741699219
2023-02-08,304.3699951171875,298.275146484375
2023-02-09,301.67999267578125,295.6390075683594
2023-02-10,299.70001220703125,293.6985778808594
2023-02-13,304.5,298.4024963378906
2023-02-14,306.75,300.60748291015625
2023-02-15,309.1000061035156,302.9104309082031
2023-02-16,303.29998779296875,297.2265930175781
2023-02-17,301.1600036621094,295.1293640136719
2023-02-21,294.0299987792969,288.1421813964844
2023-02-22,294.25,288.3577575683594
2023-02-23,296.82000732421875,290.8763122558594
2023-02-24,291.8500061035156,286.0057678222656
2023-02-27,293.94000244140625,288.053955078125
2023-02-28,293.55999755859375,287.6816101074219
2023-03-01,291.20001220703125,285.3689270019531
2023-03-02,293.6099853515625,287.7305603027344
2023-03-03,299.67999267578125,293.6789855957031
2023-03-06,300.0199890136719,294.01220703125
2023-03-07,296.3399963378906,290.4058532714844
2023-03-08,297.82000732421875,291.8562927246094
2023-03-09,292.6600036621094,286.799560546875
2023-03-10,288.54998779296875,282.7719421386719
2023-03-13,290.69000244140625,284.8690185546875
2023-03-14,297.3699951171875,291.4153137207031
2023-03-15,298.92999267578125,292.9440612792969
2023-03-16,306.80999755859375,300.66632080078125
2023-03-17,305.3599853515625,299.24530029296875
2023-03-20,305.9700012207031,300.3072509765625
2023-03-21,310.3399963378906,304.59637451171875
2023-03-22,306.1199951171875,300.4544677734375
2023-03-23,309.75,304.0173034667969
2023-03-24,310.8900146484375,305.13623046875
2023-03-27,308.760009765625,303.0456237792969
2023-03-28,307.1199951171875,301.43597412109375
2023-03-29,312.7200012207031,306.9323425292969
2023-03-30,315.67999267578125,309.83758544921875
2023-03-31,320.92999267578125,314.99041748046875
2023-04-03,320.1499938964844,314.2248229980469
2023-04-04,319.07000732421875,313.16485595703125
2023-04-05,315.9200134277344,310.07318115234375
2023-04-06,318.04998779296875,312.1636962890625
2023-04-10,317.8699951171875,311.98699951171875
2023-04-11,315.8299865722656,309.9847412109375
2023-04-12,313.0400085449219,307.2463684082031
2023-04-13,319.1700134277344,313.2629699707031
2023-04-14,318.57000732421875,312.67413330078125
2023-04-17,318.8399963378906,312.93902587890625
2023-04-18,318.8599853515625,312.9586486816406
2023-04-19,318.7099914550781,312.81146240234375
2023-04-20,316.2799987792969,310.42645263671875
2023-04-21,316.6099853515625,310.75030517578125
2023-04-24,315.95001220703125,310.1025695800781
2023-04-25,309.989990234375,304.2528991699219
2023-04-26,311.8699951171875,306.0980529785156
2023-04-27,320.3500061035156,314.42120361328125
2023-04-28,322.55999755859375,316.59027099609375
2023-05-01,322.19000244140625,316.22711181640625
2023-05-02,319.3800048828125,313.46905517578125
2023-05-03,317.2900085449219,311.4177551269531
2023-05-04,316.1700134277344,310.3185119628906
2023-05-05,322.8900146484375,316.9140930175781
2023-05-08,323.69000244140625,317.6993103027344
2023-05-09,321.6400146484375,315.68719482421875
2023-05-10,325.1400146484375,319.1225280761719
2023-05-11,326.20001220703125,320.16290283203125
2023-05-12,325.0299987792969,319.01446533203125
2023-05-15,326.7900085449219,320.74200439453125
2023-05-16,327.1600036621094,321.10516357421875
2023-05-17,331.1199951171875,324.9918212890625
2023-05-18,337.2699890136719,331.02801513671875
2023-05-19,336.510009765625,330.2820129394531
2023-05-22,337.6400146484375,331.39111328125
2023-05-23,333.3599853515625,327.1903381347656
2023-05-24,331.6499938964844,325.51202392578125
2023-05-25,339.7200012207031,333.43267822265625
2023-05-26,348.3999938964844,341.9519958496094
2023-05-30,349.9800109863281,343.50274658203125
2023-05-31,347.989990234375,341.549560546875
2023-06-01,352.010009765625,345.49517822265625
2023-06-02,354.6499938964844,348.08636474609375
2023-06-05,354.8999938964844,348.3316955566406
2023-06-06,354.8399963378906,348.2727355957031
2023-06-07,348.82000732421875,342.3642272949219
2023-06-08,353.1499938964844,346.6141052246094
2023-06-09,354.5,347.9390869140625
2023-06-12,360.489990234375,353.8182067871094
2023-06-13,363.260009765625,356.5369567871094
2023-06-14,365.8999938964844,359.1281433105469
2023-06-15,370.260009765625,363.407470703125
2023-06-16,367.92999267578125,361.1205139160156
2023-06-20,366.8999938964844,360.60357666015625
2023-06-21,361.8999938964844,355.6893615722656
2023-06-22,366.1700134277344,359.88616943359375
2023-06-23,362.5400085449219,356.3183898925781
2023-06-26,357.67999267578125,351.5417785644531
2023-06-27,363.8299865722656,357.58624267578125
2023-06-28,364.5400085449219,358.2840881347656
2023-06-29,363.80999755859375,357.56658935546875
2023-06-30,369.4200134277344,363.080322265625
2023-07-03,370.2900085449219,363.9353942871094
2023-07-05,370.2799987792969,363.92559814453125
2023-07-06,367.4599914550781,361.1539001464844
2023-07-07,366.239990234375,359.9549560546875
2023-07-10,366.3599853515625,360.0728759765625
2023-07-11,368.1700134277344,361.8517150878906
2023-07-12,372.82000732421875,366.4219665527344
2023-07-13,379.1499938964844,372.6434020996094
2023-07-14,379.07000732421875,372.5647277832031
2023-07-17,382.6099853515625,376.0439453125
2023-07-18,385.739990234375,379.12030029296875
2023-07-19,385.6499938964844,379.03179931640625
2023-07-20,376.760009765625,370.29437255859375
2023-07-21,375.6300048828125,369.18377685546875
2023-07-24,376.2300109863281,369.77349853515625
2023-07-25,378.7799987792969,372.2796936035156
2023-07-26,377.5199890136719,371.04132080078125
2023-07-27,376.6199951171875,370.1567687988281
2023-07-28,383.4800109863281,376.89910888671875
2023-07-31,383.67999267578125,377.0955810546875
2023-08-01,382.7900085449219,376.22088623046875
2023-08-02,374.3900146484375,367.96502685546875
2023-08-03,373.7900085449219,367.3753356933594
2023-08-04,372.0400085449219,365.6553955078125
2023-08-07,375.19000244140625,368.7513122558594
2023-08-08,372.0,365.6160583496094
2023-08-09,367.9100036621094,361.59625244140625
2023-08-10,368.5899963378906,362.26458740234375
2023-08-11,366.239990234375,359.9549560546875
2023-08-14,370.3500061035156,363.9943542480469
2023-08-15,366.4200134277344,360.1318054199219
2023-08-16,362.5400085449219,356.3183898925781
2023-08-17,358.5799865722656,352.4263610839844
2023-08-18,358.1300048828125,351.98406982421875
2023-08-21,363.8999938964844,357.65509033203125
2023-08-22,363.3800048828125,357.1439514160156
2023-08-23,369.1099853515625,362.7756652832031
2023-08-24,361.2200012207031,355.02105712890625
2023-08-25,364.0199890136719,357.7729797363281
2023-08-28,366.760009765625,360.4659729003906
2023-08-29,374.7699890136719,368.3385314941406
2023-08-30,376.8599853515625,370.392578125
2023-08-31,377.989990234375,371.50323486328125
2023-09-01,377.5899963378906,371.110107421875
2023-09-05,378.07000732421875,371.5818786621094
2023-09-06,374.739990234375,368.30902099609375
2023-09-07,372.05999755859375,365.67498779296875
2023-09-08,372.5799865722656,366.1861267089844
2023-09-11,376.9700012207031,370.5007629394531
2023-09-12,372.7900085449219,366.3925476074219
2023-09-13,374.2099914550781,367.78814697265625
2023-09-14,377.2699890136719,370.795654296875
2023-09-15,370.80999755859375,364.44647216796875
2023-09-18,370.6600036621094,364.8263854980469
2023-09-19,369.8699951171875,364.0487976074219
2023-09-20,364.5400085449219,358.802734375
2023-09-21,357.8599853515625,352.2278137207031
2023-09-22,357.9100036621094,352.277099609375
2023-09-25,359.6099853515625,353.9502868652344
2023-09-26,354.2099914550781,348.6353759765625
2023-09-27,355.0400085449219,349.4522705078125
2023-09-28,358.010009765625,352.3755187988281
2023-09-29,358.2699890136719,352.6313781738281
2023-10-02,361.260009765625,355.5743713378906
2023-10-03,354.9200134277344,349.33416748046875
2023-10-04,359.75,354.0881042480469
2023-10-05,358.69000244140625,353.0447998046875
2023-10-06,364.70001220703125,358.960205078125
2023-10-09,366.55999755859375,360.79095458984375
2023-10-10,368.5899963378906,362.7889709472656
2023-10-11,371.2200012207031,365.37762451171875
2023-10-12,369.92999267578125,364.1078796386719
2023-10-13,365.2799987792969,359.5310363769531
2023-10-16,369.4100036621094,363.5960998535156
2023-10-17,368.20001220703125,362.4051208496094
2023-10-18,363.3699951171875,357.6511535644531
2023-10-19,359.9700012207031,354.30462646484375
2023-10-20,354.6000061035156,349.01922607421875
2023-10-23,355.6700134277344,350.0722961425781
2023-10-24,359.1300048828125,353.4778747558594
2023-10-25,350.3399963378906,344.826171875
2023-10-26,343.6600036621094,338.2513427734375
2023-10-27,345.30999755859375,339.8753967285156
2023-10-30,349.20001220703125,343.70416259765625
2023-10-31,350.8699951171875,345.3478698730469
2023-11-01,356.9599914550781,351.3420104980469
2023-11-02,363.44000244140625,357.72003173828125
2023-11-03,367.7099914550781,361.92279052734375
2023-11-06,369.2099914550781,363.39923095703125
2023-11-07,372.70001220703125,366.8343200683594
2023-11-08,372.94000244140625,367.07049560546875
2023-11-09,370.07000732421875,364.2456970214844
2023-11-10,378.3900146484375,372.434814453125
2023-11-13,377.2099914550781,371.2732849121094
2023-11-14,385.3299865722656,379.2655029296875
2023-11-15,385.6199951171875,379.55096435546875
2023-11-16,385.95001220703125,379.8757629394531
2023-11-17,386.0400085449219,379.96435546875
2023-11-20,390.739990234375,384.59039306640625
2023-11-21,388.4700012207031,382.3561096191406
2023-11-22,390.05999755859375,383.9210510253906
2023-11-24,389.510009765625,383.37969970703125
2023-11-27,389.1700134277344,383.0451354980469
2023-11-28,390.19000244140625,384.049072265625
2023-11-29,389.80999755859375,383.67498779296875
2023-11-30,388.8299865722656,382.71044921875
2023-12-01,389.94000244140625,383.8030090332031
2023-12-04,386.32000732421875,380.23992919921875
2023-12-05,387.2900085449219,381.1946716308594
2023-12-06,385.04998779296875,378.98992919921875
2023-12-07,390.42999267578125,384.2852783203125
2023-12-08,392.1700134277344,385.9979248046875
2023-12-11,395.5199890136719,389.29510498046875
2023-12-12,398.6700134277344,392.3955383300781
2023-12-13,403.739990234375,397.3857421875
2023-12-14,403.3900146484375,397.041259765625
2023-12-15,405.3399963378906,398.9605712890625
2023-12-18,407.0799865722656,401.4735107421875
2023-12-19,409.1600036621094,403.5248107910156
2023-12-20,403.0799865722656,397.528564453125
2023-12-21,407.7699890136719,402.15399169921875
2023-12-22,408.3800048828125,402.7555847167969
2023-12-26,410.8800048828125,405.22119140625
2023-12-27,411.5,406.0461120605469
2023-12-28,411.29998779296875,405.8487243652344
2023-12-29,409.5199890136719,404.0923156738281
2024-01-02,402.5899963378906,397.2541809082031
2024-01-03,398.3299865722656,393.0506286621094
2024-01-04,396.2799987792969,391.0278015136719
2024-01-05,396.75,391.4915771484375
2024-01-08,404.95001220703125,399.58294677734375
2024-01-09,405.75,400.372314453125
2024-01-10,408.5,403.08587646484375
2024-01-11,409.3500061035156,403.92462158203125
2024-01-12,409.55999755859375,404.1318054199219
2024-01-16,409.5199890136719,404.0923156738281
2024-01-17,407.2099914550781,401.8128967285156
2024-01-18,412.989990234375,407.5163269042969
2024-01-19,421.17999267578125,415.5977783203125
2024-01-22,421.7300109863281,416.1405029296875
2024-01-23,423.4800109863281,417.8673400878906
2024-01-24,425.8299865722656,420.1861572265625
2024-01-25,426.3500061035156,420.69927978515625
2024-01-26,423.80999755859375,418.19293212890625
2024-01-29,428.1499938964844,422.4753723144531
2024-01-30,425.29998779296875,419.6632080078125
2024-01-31,416.9700012207031,411.443603515625
2024-02-01,421.8800048828125,416.28851318359375
2024-02-02,429.010009765625,423.32403564453125
2024-02-05,428.45001220703125,422.771484375
2024-02-06,427.5899963378906,421.9228210449219
2024-02-07,431.989990234375,426.2644958496094
2024-02-08,432.7900085449219,427.0539855957031
2024-02-09,437.04998779296875,431.2574768066406
2024-02-12,435.3399963378906,429.57012939453125
2024-02-13,428.54998779296875,422.8701171875
2024-02-14,433.2200012207031,427.4782409667969
2024-02-15,434.510009765625,428.7511291503906
2024-02-16,430.57000732421875,424.8633728027344
2024-02-20,427.32000732421875,421.65643310546875
2024-02-21,425.6099853515625,419.9690856933594
2024-02-22,438.07000732421875,432.263916015625
2024-02-23,436.7799987792969,430.9910888671875
2024-02-26,436.54998779296875,430.7640686035156
2024-02-27,437.6000061035156,431.8002014160156
2024-02-28,435.2699890136719,429.5010681152344
2024-02-29,439.0,433.18157958984375
2024-03-01,445.6099853515625,439.70404052734375
2024-03-04,444.0199890136719,438.1350402832031
2024-03-05,436.04998779296875,430.2707214355469
2024-03-06,438.7900085449219,432.9743957519531
2024-03-07,445.45001220703125,439.54620361328125
2024-03-08,439.0199890136719,433.2012939453125
2024-03-11,437.3900146484375,431.593017578125
2024-03-12,443.6600036621094,437.7798767089844
2024-03-13,440.25,434.4150695800781
2024-03-14,439.1400146484375,433.3197937011719
2024-03-15,433.9200134277344,428.16900634765625
2024-03-18,437.4800109863281,432.2525939941406
2024-03-19,438.57000732421875,433.32952880859375
2024-03-20,443.7699890136719,438.4674377441406
2024-03-21,445.8699951171875,440.5423583984375
2024-03-22,446.3800048828125,441.04620361328125
2024-03-25,444.760009765625,439.445556640625
2024-03-26,443.32000732421875,438.0228576660156
2024-03-27,444.8299865722656,439.5147399902344
2024-03-28,444.010009765625,438.7045593261719
2024-04-01,444.95001220703125,439.63330078125
2024-04-02,441.1099853515625,435.8391418457031
2024-04-03,442.1000061035156,436.8173828125
2024-04-04,435.3399963378906,430.1380920410156
2024-04-05,440.4700012207031,435.2068176269531
2024-04-08,440.6000061035156,435.3352966308594
2024-04-09,442.2300109863281,436.94586181640625
2024-04-10,438.3699951171875,433.1319580078125
2024-04-11,445.3699951171875,440.0483093261719
2024-04-12,438.2699890136719,433.03314208984375
2024-04-15,431.05999755859375,425.9093322753906
2024-04-16,431.1000061035156,425.9488220214844
2024-04-17,425.8399963378906,420.7516784667969
2024-04-18,423.4100036621094,418.3506774902344
2024-04-19,414.6499938964844,409.69537353515625
2024-04-22,418.82000732421875,413.8155517578125
2024-04-23,425.07000732421875,419.9908447265625
2024-04-24,426.510009765625,421.4136657714844
2024-04-25,424.45001220703125,419.3782653808594
2024-04-26,431.0,425.8500061035156
2024-04-29,432.75,427.5790710449219
2024-04-30,424.5899963378906,419.5166015625
2024-05-01,421.5199890136719,416.4832458496094
2024-05-02,426.8999938964844,421.7989501953125
2024-05-03,435.4800109863281,430.27642822265625
2024-05-06,440.25,434.98944091796875
2024-05-07,440.32000732421875,435.05865478515625
2024-05-08,440.05999755859375,434.8017272949219
2024-05-09,441.0199890136719,435.7502746582031
2024-05-10,442.05999755859375,436.77783203125
2024-05-13,443.0799865722656,437.7856750488281
2024-05-14,445.92999267578125,440.60162353515625
2024-05-15,452.8999938964844,447.4883117675781
2024-05-16,451.9800109863281,446.5793762207031
2024-05-17,451.760009765625,446.3619689941406
2024-05-20,454.9100036621094,449.4742736816406
2024-05-21,455.79998779296875,450.3536376953125
2024-05-22,455.7099914550781,450.2647399902344
2024-05-23,453.6600036621094,448.2392578125
2024-05-24,457.95001220703125,452.4779968261719
2024-05-28,459.67999267578125,454.1872863769531
2024-05-29,456.44000244140625,450.986083984375
2024-05-30,451.54998779296875,446.1544494628906
2024-05-31,450.7099914550781,445.3244934082031
2024-06-03,453.1300048828125,447.715576171875
2024-06-04,454.3699951171875,448.94073486328125
2024-06-05,463.5299987792969,457.9913024902344
2024-06-06,463.3699951171875,457.8332214355469
2024-06-07,462.9599914550781,457.4281005859375
2024-06-10,464.8299865722656,459.2757568359375
2024-06-11,468.0199890136719,462.4276123046875
2024-06-12,474.1499938964844,468.4844055175781
2024-06-13,476.7200012207031,471.023681640625
2024-06-14,479.19000244140625,473.4642028808594
2024-06-17,485.05999755859375,479.2640380859375
2024-06-18,485.2099914550781,479.4122619628906
2024-06-20,481.4700012207031,475.7169189453125
2024-06-21,480.17999267578125,474.4423828125
2024-06-24,473.9599914550781,469.0409851074219
2024-06-25,479.3800048828125,474.4047546386719
2024-06-26,480.3699951171875,475.3844909667969
2024-06-27,481.6099853515625,476.6116027832031
2024-06-28,479.1099853515625,474.1375732421875
2024-07-01,481.9200134277344,476.91839599609375
2024-07-02,486.9800109863281,481.9258728027344
2024-07-03,491.0400085449219,485.94378662109375
2024-07-05,496.1600036621094,491.0106201171875
2024-07-08,497.3399963378906,492.1783447265625
2024-07-09,497.7699890136719,492.6039123535156
2024-07-10,502.9599914550781,497.7400207519531
2024-07-11,491.92999267578125,486.82452392578125
2024-07-12,494.82000732421875,489.6844482421875
2024-07-15,496.1499938964844,491.0007019042969
2024-07-16,496.3399963378906,491.188720703125
2024-07-17,481.7699890136719,476.76995849609375
2024-07-18,479.489990234375,474.51361083984375
2024-07-19,475.239990234375,470.3077087402344
2024-07-22,482.32000732421875,477.314208984375
2024-07-23,480.6199951171875,475.63189697265625
2024-07-24,463.3800048828125,458.57086181640625
2024-07-25,458.2699890136719,453.5138244628906
2024-07-26,462.9700012207031,458.1650695800781
2024-07-29,463.8999938964844,459.0853576660156
2024-07-30,457.5299987792969,452.7815246582031
2024-07-31,471.07000732421875,466.1810302734375
2024-08-01,459.6600036621094,454.889404296875
2024-08-02,448.75,444.0926818847656
2024-08-05,435.3699951171875,430.8515319824219
2024-08-06,439.5299987792969,434.9683837890625
2024-08-07,434.7699890136719,430.2576904296875
2024-08-08,448.07000732421875,443.41973876953125
2024-08-09,450.4100036621094,445.7354431152344
2024-08-12,451.3800048828125,446.6953430175781
2024-08-13,462.5799865722656,457.77911376953125
2024-08-14,462.7300109863281,457.92755126953125
2024-08-15,474.4200134277344,469.4962463378906
2024-08-16,475.0299987792969,470.09991455078125
2024-08-19,481.2699890136719,476.2751159667969
2024-08-20,480.260009765625,475.27557373046875
2024-08-21,482.5,477.4924011230469
2024-08-22,474.8500061035156,469.9217529296875
2024-08-23,480.0,475.018310546875
2024-08-26,475.3399963378906,470.40667724609375
2024-08-27,476.760009765625,471.81201171875
2024-08-28,471.3500061035156,466.45806884765625
2024-08-29,470.6600036621094,465.7752990722656
2024-08-30,476.2699890136719,471.3270263671875
2024-09-03,461.80999755859375,457.01708984375
2024-09-04,460.6099853515625,455.8295593261719
2024-09-05,461.0400085449219,456.255126953125
2024-09-06,448.69000244140625,444.03326416015625
2024-09-09,454.4599914550781,449.743408203125
2024-09-10,458.6600036621094,453.8998107910156
2024-09-11,468.6199951171875,463.75640869140625
2024-09-12,473.2200012207031,468.3086853027344
2024-09-13,475.3399963378906,470.40667724609375
2024-09-16,473.239990234375,468.3284912109375
2024-09-17,473.489990234375,468.5758972167969
2024-09-18,471.44000244140625,466.5471496582031
2024-09-19,483.3599853515625,478.34344482421875
2024-09-20,482.44000244140625,477.4330139160156
2024-09-23,483.0400085449219,478.6985168457031
2024-09-24,485.3699951171875,481.007568359375
2024-09-25,485.82000732421875,481.4535217285156
2024-09-26,489.4700012207031,485.07073974609375
2024-09-27,486.75,482.37518310546875
2024-09-30,488.07000732421875,483.683349609375
2024-10-01,481.2699890136719,476.9444274902344
2024-10-02,481.95001220703125,477.61834716796875
2024-10-03,481.5899963378906,477.2615051269531
2024-10-04,487.32000732421875,482.9400634765625
2024-10-07,482.1000061035156,477.7669677734375
2024-10-08,489.29998779296875,484.9022521972656
2024-10-09,493.1499938964844,488.71759033203125
2024-10-10,492.5899963378906,488.1626892089844
2024-10-11,493.3599853515625,488.92572021484375
2024-10-14,497.5,493.0285339355469
2024-10-15,490.8500061035156,486.4383239746094
2024-10-16,490.9100036621094,486.4977722167969
2024-10-17,491.25,486.834716796875
2024-10-18,494.4700012207031,490.0257873535156
2024-10-21,495.4200134277344,490.9672546386719
2024-10-22,495.9599914550781,491.50238037109375
2024-10-23,488.3599853515625,483.9706726074219
2024-10-24,492.32000732421875,487.8951110839844
2024-10-25,495.32000732421875,490.8681335449219
2024-10-28,495.3999938964844,490.9474182128906
2024-10-29,500.1600036621094,495.6646728515625
2024-10-30,496.3800048828125,491.91864013671875
2024-10-31,483.8500061035156,479.5012512207031
2024-11-01,487.42999267578125,483.0490417480469
2024-11-04,486.010009765625,481.641845703125
2024-11-05,492.2099914550781,487.7861022949219
2024-11-06,505.5799865722656,501.0359191894531
2024-11-07,513.5399780273438,508.9244079589844
2024-11-08,514.1400146484375,509.5190124511719
2024-11-11,513.8400268554688,509.2217102050781
2024-11-12,512.9099731445312,508.3000793457031
2024-11-13,512.25,507.64599609375
2024-11-14,508.69000244140625,504.1180114746094
2024-11-15,496.57000732421875,492.1069641113281
2024-11-18,500.0199890136719,495.52587890625
2024-11-19,503.4599914550781,498.9349365234375
2024-11-20,503.1700134277344,498.6476135253906
2024-11-21,504.9800109863281,500.4413757324219
2024-11-22,505.7900085449219,501.2440490722656
2024-11-25,506.5899963378906,502.036865234375
2024-11-26,509.30999755859375,504.732421875
2024-11-27,505.29998779296875,500.7584228515625
2024-11-29,509.739990234375,505.15850830078125
2024-12-02,515.2899780273438,510.6586608886719
2024-12-03,516.8699951171875,512.2244873046875
2024-12-04,523.260009765625,518.5570678710938
2024-12-05,521.8099975585938,517.1200561523438
2024-12-06,526.47998046875,521.748046875
2024-12-09,522.3800048828125,517.6848754882812
2024-12-10,520.5999755859375,515.9210205078125
2024-12-11,529.9199829101562,525.1571044921875
2024-12-12,526.5,521.7679443359375
2024-12-13,530.530029296875,525.76171875
2024-12-16,538.1699829101562,533.3329467773438
2024-12-17,535.7999877929688,530.9843139648438
2024-12-18,516.469970703125,511.8279724121094
2024-12-19,514.1699829101562,509.5486755371094
2024-12-20,518.6599731445312,513.9984741210938
2024-12-23,522.8699951171875,519.006103515625
2024-12-24,529.9600219726562,526.043701171875
2024-12-26,529.5999755859375,525.6863403320312
2024-12-27,522.5599975585938,518.6983642578125
2024-12-30,515.6099853515625,511.7997741699219
2024-12-31,511.2300109863281,507.4521179199219
2025-01-02,510.2300109863281,506.4595031738281
2025-01-03,518.5800170898438,514.7477416992188
2025-01-06,524.5399780273438,520.6637573242188
2025-01-07,515.1799926757812,511.3729553222656
2025-01-08,515.27001953125,511.4622497558594
2025-01-10,507.19000244140625,503.4419860839844
2025-01-13,505.55999755859375,501.8240051269531
2025-01-14,505.0799865722656,501.3475341796875
2025-01-15,516.7000122070312,512.8817749023438
2025-01-16,513.0800170898438,509.2884216308594
2025-01-17,521.739990234375,517.8843994140625
2025-01-21,524.7999877929688,520.9216918945312
2025-01-22,531.510009765625,527.582275390625
2025-01-23,532.6400146484375,528.7039184570312
2025-01-24,529.6300048828125,525.7161254882812
2025-01-27,514.2100219726562,510.4100646972656
2025-01-28,521.8099975585938,517.9539184570312
2025-01-29,520.8300170898438,516.9812622070312
2025-01-30,523.0499877929688,519.1847534179688
2025-01-31,522.2899780273438,518.4302978515625
2025-02-03,518.1099853515625,514.28125
2025-02-04,524.469970703125,520.5941772460938
2025-02-05,526.8499755859375,522.9567260742188
2025-02-06,529.5999755859375,525.6863403320312
2025-02-07,522.9199829101562,519.0557250976562
2025-02-10,529.25,525.3389282226562
2025-02-11,527.989990234375,524.0882568359375
2025-02-12,528.2999877929688,524.3959350585938
2025-02-13,535.9000244140625,531.9397583007812
2025-02-14,538.1500244140625,534.1732788085938
2025-02-18,539.3699951171875,535.3841552734375
2025-02-19,539.52001953125,535.5330810546875
2025-02-20,537.22998046875,533.2599487304688
2025-02-21,526.0800170898438,522.1923217773438
2025-02-24,519.8699951171875,516.0283203125
2025-02-25,513.3200073242188,509.52667236328125
2025-02-26,514.5599975585938,510.7574462890625
2025-02-27,500.2699890136719,496.5731201171875
2025-02-28,508.1700134277344,504.4147033691406
2025-03-03,497.04998779296875,493.3768615722656
2025-03-04,495.54998779296875,491.8879699707031
2025-03-05,502.010009765625,498.3002624511719
2025-03-06,488.20001220703125,484.5923156738281
2025-03-07,491.7900085449219,488.15576171875
2025-03-10,472.7300109863281,469.2366027832031
2025-03-11,471.6000061035156,468.1149597167969
2025-03-12,476.9200134277344,473.3956604003906
2025-03-13,468.3399963378906,464.8790588378906
2025-03-14,479.6600036621094,476.11541748046875
2025-03-17,482.7699890136719,479.202392578125
2025-03-18,474.5400085449219,471.03326416015625
2025-03-19,480.8900146484375,477.3363342285156
2025-03-20,479.260009765625,475.7183837890625
2025-03-21,480.8399963378906,477.28668212890625
2025-03-24,490.6600036621094,487.76043701171875
2025-03-25,493.4599914550781,490.54388427734375
2025-03-26,484.3800048828125,481.5175476074219
2025-03-27,481.6199951171875,478.7738037109375
2025-03-28,468.94000244140625,466.1687927246094
2025-03-31,468.9200134277344,466.1488952636719
2025-04-01,472.70001220703125,469.90655517578125
2025-04-02,476.1499938964844,473.336181640625
2025-04-03,450.6600036621094,447.99676513671875
2025-04-04,422.6700134277344,420.1722106933594
2025-04-07,423.69000244140625,421.1861877441406
2025-04-08,416.05999755859375,413.6012878417969
2025-04-09,466.0,463.2461853027344
2025-04-10,446.17999267578125,443.54327392578125
2025-04-11,454.3999938964844,451.7146911621094
2025-04-14,457.4800109863281,454.7765197753906
2025-04-15,457.989990234375,455.2834777832031
2025-04-16,444.17999267578125,441.55511474609375
2025-04-17,444.1000061035156,441.4755554199219
2025-04-21,433.1099853515625,430.55047607421875
2025-04-22,444.4800109863281,441.8533630371094
2025-04-23,454.55999755859375,451.873779296875
2025-04-24,467.3500061035156,464.5881652832031
2025-04-25,472.55999755859375,469.7673645019531
2025-04-28,472.4100036621094,469.6182556152344
2025-04-29,475.5299987792969,472.7198181152344
2025-04-30,475.4700012207031,472.6601867675781
2025-05-01,481.67999267578125,478.8334655761719
2025-05-02,488.8299865722656,485.9411926269531
2025-05-05,485.92999267578125,483.058349609375
2025-05-06,481.4100036621094,478.5650939941406
2025-05-07,483.29998779296875,480.44390869140625
2025-05-08,488.2900085449219,485.4044189453125
2025-05-09,487.9700012207031,485.0863037109375
2025-05-12,507.8500061035156,504.8488464355469
2025-05-13,515.5900268554688,512.5430908203125
2025-05-14,518.6799926757812,515.61474609375
2025-05-15,519.25,516.1814575195312
2025-05-16,521.510009765625,518.4281616210938
2025-05-19,522.010009765625,518.9251098632812
2025-05-20,520.27001953125,517.1954345703125
2025-05-21,513.0399780273438,510.0081481933594
2025-05-22,514.0,510.96246337890625
2025-05-23,509.239990234375,506.2306213378906
2025-05-27,521.219970703125,518.1398315429688
2025-05-28,518.9099731445312,515.8433837890625
2025-05-29,519.9299926757812,516.8574829101562
2025-05-30,519.1099853515625,516.042236328125
2025-06-02,523.2100219726562,520.1181030273438
2025-06-03,527.2999877929688,524.183837890625
2025-06-04,528.77001953125,525.6452026367188
2025-06-05,524.7899780273438,521.6887817382812
2025-06-06,529.9199829101562,526.788330078125
2025-06-09,530.7000122070312,527.5637817382812
2025-06-10,534.2100219726562,531.0531005859375
2025-06-11,532.4099731445312,529.263671875
2025-06-12,533.6599731445312,530.5062255859375
2025-06-13,526.9600219726562,523.8460083007812
2025-06-16,534.2899780273438,531.132568359375
2025-06-17,529.0800170898438,525.953369140625
2025-06-18,528.989990234375,525.8638916015625
2025-06-20,526.8300170898438,523.7166748046875
2025-06-23,531.6500244140625,529.1017456054688
2025-06-24,539.780029296875,537.1928100585938
2025-06-25,541.1599731445312,538.5661010742188
2025-06-26,546.219970703125,543.6019287109375
2025-06-27,548.0900268554688,545.462890625
2025-06-30,551.6400146484375,548.9959106445312
2025-07-01,546.989990234375,544.3681640625
2025-07-02,550.7999877929688,548.1599731445312
2025-07-03,556.219970703125,553.553955078125
2025-07-07,552.030029296875,549.3840942382812
2025-07-08,552.3400268554688,549.692626953125
2025-07-09,556.25,553.5838623046875
2025-07-10,555.4500122070312,552.7876586914062
2025-07-11,554.2000122070312,551.5436401367188
2025-07-14,556.2100219726562,553.5440063476562
2025-07-15,556.719970703125,554.0515747070312
2025-07-16,557.2899780273438,554.6187744140625
2025-07-17,561.7999877929688,559.107177734375
2025-07-18,561.260009765625,558.56982421875
2025-07-21,564.1699829101562,561.4658813476562
2025-07-22,561.25,558.5598754882812
2025-07-23,563.8099975585938,561.1075439453125
2025-07-24,565.010009765625,562.3018798828125
2025-07-25,566.3699951171875,563.6553955078125
2025-07-28,568.1400146484375,565.4168090820312
2025-07-29,567.260009765625,564.5410766601562
2025-07-30,568.02001953125,565.2974853515625
2025-07-31,565.010009765625,562.3018798828125
2025-08-01,553.8800048828125,551.2251586914062
2025-08-04,564.0999755859375,561.3961791992188
2025-08-05,560.27001953125,557.5845336914062
2025-08-06,567.3200073242188,564.6007690429688
2025-08-07,569.239990234375,566.5115356445312
2025-08-08,574.5499877929688,571.7960815429688
2025-08-11,572.8499755859375,570.1041870117188
2025-08-12,580.0499877929688,577.2697143554688
2025-08-13,580.3400268554688,577.558349609375
2025-08-14,579.8900146484375,577.110595703125
2025-08-15,577.3400268554688,574.57275390625
2025-08-18,577.1099853515625,574.3438110351562
2025-08-19,569.280029296875,566.5513916015625
2025-08-20,565.9000244140625,563.1876220703125
2025-08-21,563.280029296875,560.5801391601562
2025-08-22,571.969970703125,569.2284545898438
2025-08-25,570.3200073242188,567.5863647460938
2025-08-26,572.6099853515625,569.8654174804688
2025-08-27,573.489990234375,570.7412109375
2025-08-28,577.0800170898438,574.31396484375
2025-08-29,570.4000244140625,567.666015625
2025-09-02,565.6199951171875,562.908935546875
2025-09-03,570.0700073242188,567.3375854492188
2025-09-04,575.22998046875,572.4728393554688
2025-09-05,576.0599975585938,573.298828125
2025-09-08,578.8699951171875,576.0953979492188
2025-09-09,580.510009765625,577.7276000976562
2025-09-10,580.7000122070312,577.9166259765625
2025-09-11,584.0800170898438,581.2803955078125
2025-09-12,586.6599731445312,583.8479614257812
2025-09-15,591.6799926757812,588.8439331054688
2025-09-16,591.1799926757812,588.3463745117188
2025-09-17,590.0,587.172119140625
2025-09-18,595.3200073242188,592.4664916992188
2025-09-19,599.3499755859375,596.4771728515625
2025-09-22,602.2000122070312,600.0083618164062
2025-09-23,598.2000122070312,596.02294921875
2025-09-24,596.0999755859375,593.9305419921875
2025-09-25,593.530029296875,591.3699340820312
2025-09-26,595.969970703125,593.801025390625
2025-09-29,598.72998046875,596.5509643554688
2025-09-30,600.3699951171875,598.1849975585938
2025-10-01,603.25,601.0545043945312
2025-10-02,605.72998046875,603.5255126953125
2025-10-03,603.1799926757812,600.9848022460938
2025-10-06,607.7100219726562,605.498291015625
2025-10-07,604.510009765625,602.3099975585938
2025-10-08,611.4400024414062,609.2147216796875
2025-10-09,610.7000122070312,608.4774169921875
2025-10-10,589.5,587.3545532226562
2025-10-13,602.010009765625,599.8190307617188
2025-10-14,598.0,595.8236694335938
2025-10-15,602.219970703125,600.0282592773438
2025-10-16,599.989990234375,597.806396484375
2025-10-17,603.9299926757812,601.7320556640625
2025-10-20,611.5399780273438,609.3142700195312
2025-10-21,611.3800048828125,609.1549682617188
2025-10-22,605.489990234375,603.286376953125
2025-10-23,610.5800170898438,608.35791015625
2025-10-24,617.0999755859375,614.8541259765625
2025-10-27,628.0900268554688,625.80419921875
2025-10-28,632.9199829101562,630.6165161132812
2025-10-29,635.77001953125,633.4562377929688
2025-10-30,626.0499877929688,623.7716064453125
2025-10-31,629.0700073242188,626.7805786132812
2025-11-03,632.0800170898438,629.779541015625
2025-11-04,619.25,616.996337890625
2025-11-05,623.280029296875,621.01171875
2025-11-06,611.6699829101562,609.4439086914062
2025-11-07,609.739990234375,607.5208740234375
2025-11-10,623.22998046875,620.9617919921875
2025-11-11,621.5700073242188,619.307861328125
2025-11-12,621.0800170898438,618.8196411132812
2025-11-13,608.4000244140625,606.1858520507812
2025-11-14,608.8599853515625,606.6441040039062
2025-11-17,603.6599731445312,601.4630126953125
2025-11-18,596.3099975585938,594.1398315429688
2025-11-19,599.8699951171875,597.6868286132812
2025-11-20,585.6699829101562,583.5385131835938
2025-11-21,590.0700073242188,587.9224853515625
2025-11-24,605.1599731445312,602.9575805664062
2025-11-25,608.8900146484375,606.6740112304688
2025-11-26,614.27001953125,612.034423828125
2025-11-28,619.25,616.996337890625
2025-12-01,617.1699829101562,614.923828125
2025-12-02,622.0,619.736328125
2025-12-03,623.52001953125,621.2507934570312
2025-12-04,622.9400024414062,620.6729125976562
2025-12-05,625.47998046875,623.20361328125
2025-12-08,624.280029296875,622.008056640625
2025-12-09,625.0499877929688,622.7752075195312
2025-12-10,627.6099853515625,625.3258666992188
2025-12-11,625.5800170898438,623.3032836914062
2025-12-12,613.6199951171875,611.3867797851562
2025-12-15,610.5399780273438,608.3179931640625
2025-12-16,611.75,609.5236206054688
2025-12-17,600.4099731445312,598.2247924804688
2025-12-18,609.1099853515625,606.8931884765625
2025-12-19,617.0499877929688,614.8042602539062
2025-12-22,619.2100219726562,617.7513427734375
2025-12-23,622.1099853515625,620.6444702148438
2025-12-24,623.9299926757812,622.460205078125
2025-12-26,623.8900146484375,622.4203491210938
2025-12-29,620.8699951171875,619.4074096679688
2025-12-30,619.4299926757812,617.9707641601562
2025-12-31,614.3099975585938,612.8628540039062
2026-01-02,613.1199951171875,611.6756591796875
2026-01-05,617.989990234375,616.5341796875
2026-01-06,623.4199829101562,621.951416015625
2026-01-07,624.02001953125,622.550048828125
2026-01-08,620.469970703125,619.0083618164062
2026-01-09,626.6500244140625,625.173828125
2026-01-12,627.1699829101562,625.6925659179688
2026-01-13,626.239990234375,624.7647705078125
2026-01-14,619.5499877929688,618.0905151367188
2026-01-15,621.780029296875,620.3153076171875
2026-01-16,621.260009765625,619.7965087890625
2026-01-20,608.0599975585938,606.6276245117188
2026-01-21,616.280029296875,614.8282470703125
2026-01-22,620.760009765625,619.2976684570312
2026-01-23,622.719970703125,621.2530517578125
2026-01-26,625.4600219726562,623.9866333007812
2026-01-27,631.1300048828125,629.6432495117188
2026-01-28,633.219970703125,631.728271484375
2026-01-29,629.4299926757812,627.9472045898438
2026-01-30,621.8699951171875,620.405029296875
2026-02-02,626.1400146484375,624.6650390625
2026-02-03,616.52001953125,615.0676879882812
2026-02-04,605.75,604.322998046875
2026-02-05,597.030029296875,595.6235961914062
2026-02-06,609.6500244140625,608.2138671875
2026-02-09,614.3200073242188,612.8728637695312
2026-02-10,611.469970703125,610.029541015625
2026-02-11,613.1099853515625,611.6657104492188
2026-02-12,600.6400146484375,599.22509765625
2026-02-13,601.9199829101562,600.5020141601562
2026-02-17,601.2999877929688,599.8834838867188
2026-02-18,605.7899780273438,604.3629760742188
2026-02-19,603.469970703125,602.04833984375
2026-02-20,608.8099975585938,607.3757934570312
2026-02-23,601.4099731445312,599.9932250976562
2026-02-24,607.8699951171875,606.4380493164062
2026-02-25,616.6799926757812,615.227294921875
2026-02-26,609.239990234375,607.8048095703125
2026-02-27,607.2899780273438,605.8594360351562
2026-03-02,608.0900268554688,606.6575317382812
2026-03-03,601.5800170898438,600.162841796875
2026-03-04,610.75,609.3112182617188
2026-03-05,608.9099731445312,607.4755859375
2026-03-06,599.75,598.337158203125
2026-03-09,607.760009765625,606.3283081054688
2026-03-10,607.77001953125,606.3383178710938
2026-03-11,607.6900024414062,606.2584228515625
2026-03-12,597.260009765625,595.85302734375
2026-03-13,593.719970703125,592.3213500976562
2026-03-16,600.3800048828125,598.9656982421875
2026-03-17,603.3099975585938,601.8887939453125
2026-03-18,594.9000244140625,593.4986572265625
2026-03-19,593.02001953125,591.623046875
2026-03-20,582.0599975585938,580.6888427734375
2026-03-23,588.0,587.3545532226562
2026-03-24,583.97998046875,583.3389282226562
2026-03-25,587.8200073242188,587.1747436523438
2026-03-26,573.7899780273438,573.1600952148438
2026-03-27,562.5800170898438,561.9624633789062
2026-03-30,558.280029296875,557.6671752929688
2026-03-31,577.1799926757812,576.54638671875
2026-04-01,584.3099975585938,583.6685791015625
2026-04-02,584.97998046875,584.3378295898438
2026-04-06,588.5,587.85400390625
2026-04-07,588.5900268554688,587.9439086914062
2026-04-08,606.0900268554688,605.4246826171875
2026-04-09,610.1900024414062,609.5202026367188
2026-04-10,611.0700073242188,610.3992309570312
2026-04-13,617.3900146484375,616.7122802734375
2026-04-14,628.5999755859375,627.909912109375
2026-04-15,637.4000244140625,636.7003173828125
2026-04-16,640.469970703125,639.7669067382812
2026-04-17,648.8499755859375,648.1376953125
2026-04-20,646.7899780273438,646.0799560546875
2026-04-21,644.3300170898438,643.6226806640625
2026-04-22,655.1099853515625,654.390869140625
2026-04-23,651.4199829101562,650.7048950195312
2026-04-24,663.8800048828125,663.1512451171875
2026-04-27,664.22998046875,663.5008544921875
2026-04-28,657.5499877929688,656.8281860351562
2026-04-29,661.5700073242188,660.84375
2026-04-30,667.739990234375,667.0069580078125
2026-05-01,674.1500244140625,673.4099731445312
2026-05-04,672.8800048828125,672.141357421875
2026-05-05,681.6099853515625,680.8617553710938
2026-05-06,695.77001953125,695.0062255859375
2026-05-07,694.9400024414062,694.1771240234375
2026-05-08,711.22998046875,710.44921875
2026-05-11,713.2899780273438,712.5069580078125
2026-05-12,707.239990234375,706.463623046875
2026-05-13,714.7100219726562,713.9254760742188
2026-05-14,719.7899780273438,718.9998168945312
2026-05-15,708.9299926757812,708.1517944335938
2026-05-18,705.8800048828125,705.1051025390625
2026-05-19,701.530029296875,700.7599487304688
2026-05-20,713.1500244140625,712.3671875
2026-05-21,714.510009765625,713.7256469726562
2026-05-22,717.5399780273438,716.7523193359375
2026-05-26,730.280029296875,729.4783935546875
2026-05-27,729.4500122070312,728.6492919921875
2026-05-28,735.5999755859375,734.79248046875
2026-05-29,738.3099975585938,737.49951171875
2026-06-01,742.739990234375,741.9246826171875
2026-06-02,746.1599731445312,745.3408813476562
2026-06-03,744.2100219726562,743.39306640625
2026-06-04,740.6099853515625,739.7969970703125
2026-06-05,705.0599975585938,704.2860107421875
2026-06-08,716.0700073242188,715.283935546875
2026-06-09,707.8300170898438,707.052978515625
2026-06-10,693.6900024414062,692.9285278320312
2026-06-11,717.1199951171875,716.332763671875
2026-06-12,721.3400268554688,720.5481567382812
2026-06-15,744.0,743.1832885742188
2026-06-16,729.8599853515625,729.0587768554688
2026-06-17,722.510009765625,721.7168579101562
2026-06-18,740.6199951171875,739.8070068359375
2026-06-22,737.9500122070312,737.9500122070312
2026-06-23,713.6500244140625,713.6500244140625
2026-06-24,710.6199951171875,710.6199951171875
2026-06-25,716.3800048828125,716.3800048828125
2026-06-26,706.52001953125,706.52001953125
2026-06-29,724.0800170898438,724.0800170898438
2026-06-30,736.4000244140625,736.4000244140625
2026-07-01,725.1699829101562,725.1699829101562
2026-07-02,712.5999755859375,712.5999755859375
2026-07-06,722.8200073242188,722.8200073242188
2026-07-07,709.4299926757812,709.4299926757812
2026-07-08,711.4400024414062,711.4400024414062
2026-07-09,723.280029296875,723.280029296875
2026-07-10,725.510009765625,725.510009765625
2026-07-13,711.739990234375,711.739990234375
2026-07-14,719.6900024414062,719.6900024414062
2026-07-15,717.739990234375,717.739990234375
2026-07-16,705.9400024414062,705.9400024414062
2026-07-17,695.3300170898438,695.3300170898438
2026-07-20,696.0599975585938,696.0599975585938
2026-07-21,708.969970703125,708.969970703125
2026-07-22,705.3499755859375,705.3499755859375
2026-07-23,691.9600219726562,691.9600219726562
2026-07-24,684.22998046875,684.22998046875
2026-07-27,682.1199951171875,682.1199951171875
2026-07-28,675.489990234375,675.489990234375
2026-07-29,661.72998046875,661.72998046875
2026-07-30,683.5499877929688,683.5499877929688
2026-07-31,687.989990234375,687.989990234375
2026-08-03,700.0700073242188,700.0700073242188
2026-08-04,723.8499755859375,723.8499755859375
2026-08-05,717.2999877929688,717.2999877929688
2026-08-06,714.6500244140625,714.6500244140625
2026-08-07,723.030029296875,723.030029296875
2026-08-10,720.8699951171875,720.8699951171875
2026-08-11,718.4500122070312,718.4500122070312
2026-08-12,723.7000122070312,723.7000122070312
2026-08-13,732.0700073242188,732.0700073242188
2026-08-14,731.0700073242188,731.0700073242188
2026-08-17,729.8699951171875,729.8699951171875
2026-08-18,717.510009765625,717.510009765625
2026-08-19,716.0800170898438,716.0800170898438
2026-08-20,710.9299926757812,710.9299926757812
2026-08-21,713.4400024414062,713.4400024414062
2026-08-24,706.3200073242188,706.3200073242188
2026-08-25,710.719970703125,710.719970703125
2026-08-26,711.3699951171875,711.3699951171875
2026-08-27,721.1099853515625,721.1099853515625
2026-08-28,716.4299926757812,716.4299926757812
2026-08-31,716.760009765625,716.760009765625
