date,close,adjusted_close
2011-01-03,83.95999908447266,66.4169692993164
2011-01-04,83.94000244140625,66.40113830566406
2011-01-05,83.79000091552734,66.282470703125
2011-01-06,83.87999725341797,66.35363006591797
2011-01-07,84.0,66.44857788085938
2011-01-10,84.04000091552734,66.48019409179688
2011-01-11,83.98999786376953,66.44068908691406
2011-01-12,83.98999786376953,66.44068908691406
2011-01-13,84.0199966430664,66.4644546508789
2011-01-14,84.0199966430664,66.4644546508789
2011-01-18,84.0,66.44857788085938
2011-01-19,84.04000091552734,66.48019409179688
2011-01-20,83.94999694824219,66.40898895263672
2011-01-21,83.97000122070312,66.42481231689453
2011-01-24,83.95999908447266,66.4169692993164
2011-01-25,84.0199966430664,66.4644546508789
2011-01-26,84.0,66.44857788085938
2011-01-27,84.05999755859375,66.49608612060547
2011-01-28,84.0999984741211,66.5277099609375
2011-01-31,84.08999633789062,66.51978302001953
2011-02-01,83.93000030517578,66.44693756103516
2011-02-02,83.87999725341797,66.40733337402344
2011-02-03,83.80000305175781,66.3440170288086
2011-02-04,83.7300033569336,66.28866577148438
2011-02-07,83.69000244140625,66.2569351196289
2011-02-08,83.58000183105469,66.16986846923828
2011-02-09,83.63999938964844,66.21733093261719
2011-02-10,83.5999984741211,66.1856918334961
2011-02-11,83.5999984741211,66.1856918334961
2011-02-14,83.5999984741211,66.1856918334961
2011-02-15,83.63999938964844,66.21733093261719
2011-02-16,83.62999725341797,66.20939636230469
2011-02-17,83.7300033569336,66.28866577148438
2011-02-18,83.76000213623047,66.31237030029297
2011-02-22,83.8499984741211,66.38362884521484
2011-02-23,83.83000183105469,66.36774444580078
2011-02-24,83.87000274658203,66.39949035644531
2011-02-25,83.88999938964844,66.41535949707031
2011-02-28,83.91999816894531,66.43901824951172
2011-03-01,83.91000366210938,66.47944641113281
2011-03-02,83.87000274658203,66.4477310180664
2011-03-03,83.69999694824219,66.31302642822266
2011-03-04,83.88999938964844,66.4636001586914
2011-03-07,83.83000183105469,66.41603088378906
2011-03-08,83.80000305175781,66.39231872558594
2011-03-09,83.86000061035156,66.4398193359375
2011-03-10,83.94999694824219,66.51110076904297
2011-03-11,83.95999908447266,66.51908111572266
2011-03-14,84.01000213623047,66.55864715576172
2011-03-15,83.97000122070312,66.5269546508789
2011-03-16,84.12000274658203,66.64581298828125
2011-03-17,84.08000183105469,66.61412811279297
2011-03-18,84.04000091552734,66.58238983154297
2011-03-21,83.94999694824219,66.51110076904297
2011-03-22,83.93000030517578,66.49527740478516
2011-03-23,83.94000244140625,66.50323486328125
2011-03-24,83.87999725341797,66.45565795898438
2011-03-25,83.81999969482422,66.40813446044922
2011-03-28,83.77999877929688,66.37641906738281
2011-03-29,83.75,66.35267639160156
2011-03-30,83.80000305175781,66.39231872558594
2011-03-31,83.75,66.35267639160156
2011-04-01,83.75,66.40579223632812
2011-04-04,83.7699966430664,66.42161560058594
2011-04-05,83.68000030517578,66.35027313232422
2011-04-06,83.68000030517578,66.35027313232422
2011-04-07,83.73999786376953,66.39788818359375
2011-04-08,83.70999908447266,66.37403869628906
2011-04-11,83.69999694824219,66.36610412597656
2011-04-12,83.83999633789062,66.4771499633789
2011-04-13,83.87999725341797,66.50885009765625
2011-04-14,83.80000305175781,66.44546508789062
2011-04-15,83.95999908447266,66.57231903076172
2011-04-18,83.9800033569336,66.58820343017578
2011-04-19,84.0,66.60404968261719
2011-04-20,83.98999786376953,66.5960693359375
2011-04-21,83.97000122070312,66.58021545410156
2011-04-25,83.9800033569336,66.58820343017578
2011-04-26,84.05999755859375,66.65158081054688
2011-04-27,84.08999633789062,66.67536163330078
2011-04-28,84.08999633789062,66.67536163330078
2011-04-29,84.12999725341797,66.70709991455078
2011-05-02,84.05000305175781,66.69596099853516
2011-05-03,84.08000183105469,66.7198257446289
2011-05-04,84.12000274658203,66.75154876708984
2011-05-05,84.13999938964844,66.76741790771484
2011-05-06,84.1500015258789,66.77532958984375
2011-05-09,84.19000244140625,66.80706787109375
2011-05-10,84.11000061035156,66.74362182617188
2011-05-11,84.19000244140625,66.80706787109375
2011-05-12,84.1500015258789,66.77532958984375
2011-05-13,84.19000244140625,66.80706787109375
2011-05-16,84.2300033569336,66.83882141113281
2011-05-17,84.23999786376953,66.84675598144531
2011-05-18,84.19999694824219,66.8150863647461
2011-05-19,84.20999908447266,66.82294464111328
2011-05-20,84.23999786376953,66.84675598144531
2011-05-23,84.25,66.854736328125
2011-05-24,84.25,66.854736328125
2011-05-25,84.29000091552734,66.8864517211914
2011-05-26,84.33999633789062,66.92611694335938
2011-05-27,84.37000274658203,66.94989013671875
2011-05-31,84.37000274658203,66.94989013671875
2011-06-01,84.36000061035156,66.99443054199219
2011-06-02,84.30999755859375,66.95466613769531
2011-06-03,84.33999633789062,66.97850799560547
2011-06-06,84.3499984741211,66.9864730834961
2011-06-07,84.41000366210938,67.03411865234375
2011-06-08,84.41999816894531,67.04206848144531
2011-06-09,84.33000183105469,66.97057342529297
2011-06-10,84.4000015258789,67.02611541748047
2011-06-13,84.37000274658203,67.00233459472656
2011-06-14,84.30000305175781,66.94676971435547
2011-06-15,84.41999816894531,67.04206848144531
2011-06-16,84.43000030517578,67.04997253417969
2011-06-17,84.44999694824219,67.06585693359375
2011-06-20,84.44999694824219,67.06585693359375
2011-06-21,84.45999908447266,67.07380676269531
2011-06-22,84.44000244140625,67.05792999267578
2011-06-23,84.48999786376953,67.09765625
2011-06-24,84.54000091552734,67.1373519897461
2011-06-27,84.45999908447266,67.07380676269531
2011-06-28,84.30999755859375,66.95466613769531
2011-06-29,84.30999755859375,66.95466613769531
2011-06-30,84.30000305175781,66.94676971435547
2011-07-01,84.20999908447266,66.92369079589844
2011-07-05,84.30999755859375,67.003173828125
2011-07-06,84.33999633789062,67.02700805664062
2011-07-07,84.26000213623047,66.96349334716797
2011-07-08,84.37999725341797,67.05882263183594
2011-07-11,84.44000244140625,67.10651397705078
2011-07-12,84.43000030517578,67.09854125976562
2011-07-13,84.44999694824219,67.11441802978516
2011-07-14,84.41999816894531,67.09061431884766
2011-07-15,84.44000244140625,67.10651397705078
2011-07-18,84.44000244140625,67.10651397705078
2011-07-19,84.44000244140625,67.10651397705078
2011-07-20,84.41000366210938,67.0826416015625
2011-07-21,84.37000274658203,67.05082702636719
2011-07-22,84.37999725341797,67.05882263183594
2011-07-25,84.33999633789062,67.02700805664062
2011-07-26,84.38999938964844,67.06673431396484
2011-07-27,84.33999633789062,67.02700805664062
2011-07-28,84.38999938964844,67.06673431396484
2011-07-29,84.4800033569336,67.1383285522461
2011-08-01,84.38999938964844,67.11519622802734
2011-08-02,84.5,67.20269012451172
2011-08-03,84.48999786376953,67.19467163085938
2011-08-04,84.56999969482422,67.25837707519531
2011-08-05,84.55000305175781,67.24250793457031
2011-08-08,84.58000183105469,67.26629638671875
2011-08-09,84.66999816894531,67.33786010742188
2011-08-10,84.7300033569336,67.38565063476562
2011-08-11,84.70999908447266,67.36971282958984
2011-08-12,84.72000122070312,67.37767791748047
2011-08-15,84.69000244140625,67.35376739501953
2011-08-16,84.69000244140625,67.35376739501953
2011-08-17,84.70999908447266,67.36971282958984
2011-08-18,84.69999694824219,67.36173248291016
2011-08-19,84.69999694824219,67.36173248291016
2011-08-22,84.69000244140625,67.35376739501953
2011-08-23,84.6500015258789,67.32200622558594
2011-08-24,84.6500015258789,67.32200622558594
2011-08-25,84.69999694824219,67.36173248291016
2011-08-26,84.70999908447266,67.36971282958984
2011-08-29,84.69000244140625,67.35376739501953
2011-08-30,84.70999908447266,67.36971282958984
2011-08-31,84.70999908447266,67.36971282958984
2011-09-01,84.68000030517578,67.38877868652344
2011-09-02,84.63999938964844,67.35694885253906
2011-09-06,84.6500015258789,67.36497497558594
2011-09-07,84.62999725341797,67.3490219116211
2011-09-08,84.66000366210938,67.37291717529297
2011-09-09,84.69000244140625,67.39672088623047
2011-09-12,84.62999725341797,67.3490219116211
2011-09-13,84.63999938964844,67.35694885253906
2011-09-14,84.63999938964844,67.35694885253906
2011-09-15,84.6500015258789,67.36497497558594
2011-09-16,84.66999816894531,67.38079833984375
2011-09-19,84.70999908447266,67.4126968383789
2011-09-20,84.66999816894531,67.38079833984375
2011-09-21,84.58000183105469,67.30919647216797
2011-09-22,84.58999633789062,67.31720733642578
2011-09-23,84.5999984741211,67.32511901855469
2011-09-26,84.56999969482422,67.30127716064453
2011-09-27,84.54000091552734,67.27740478515625
2011-09-28,84.51000213623047,67.25350952148438
2011-09-29,84.52999877929688,67.2694091796875
2011-09-30,84.56999969482422,67.30127716064453
2011-10-03,84.54000091552734,67.31642150878906
2011-10-04,84.48999786376953,67.27659606933594
2011-10-05,84.48999786376953,67.27659606933594
2011-10-06,84.47000122070312,67.2606430053711
2011-10-07,84.44000244140625,67.23680114746094
2011-10-10,84.37000274658203,67.18106842041016
2011-10-11,84.41000366210938,67.21288299560547
2011-10-12,84.41000366210938,67.21288299560547
2011-10-13,84.43000030517578,67.22880554199219
2011-10-14,84.47000122070312,67.2606430053711
2011-10-17,84.4800033569336,67.2686767578125
2011-10-18,84.4800033569336,67.2686767578125
2011-10-19,84.51000213623047,67.29248046875
2011-10-20,84.5199966430664,67.30047607421875
2011-10-21,84.48999786376953,67.27659606933594
2011-10-24,84.48999786376953,67.27659606933594
2011-10-25,84.54000091552734,67.31642150878906
2011-10-26,84.48999786376953,67.27659606933594
2011-10-27,84.43000030517578,67.22880554199219
2011-10-28,84.47000122070312,67.2606430053711
2011-10-31,84.55000305175781,67.32435607910156
2011-11-01,84.51000213623047,67.3307876586914
2011-11-02,84.52999877929688,67.34667205810547
2011-11-03,84.54000091552734,67.35466766357422
2011-11-04,84.54000091552734,67.35466766357422
2011-11-07,84.5199966430664,67.3387222290039
2011-11-08,84.51000213623047,67.3307876586914
2011-11-09,84.52999877929688,67.34667205810547
2011-11-10,84.54000091552734,67.35466766357422
2011-11-11,84.5,67.3227767944336
2011-11-14,84.54000091552734,67.35466766357422
2011-11-15,84.52999877929688,67.34667205810547
2011-11-16,84.51000213623047,67.3307876586914
2011-11-17,84.5199966430664,67.3387222290039
2011-11-18,84.48999786376953,67.31481170654297
2011-11-21,84.5,67.3227767944336
2011-11-22,84.51000213623047,67.3307876586914
2011-11-23,84.5199966430664,67.3387222290039
2011-11-25,84.5199966430664,67.3387222290039
2011-11-28,84.52999877929688,67.34667205810547
2011-11-29,84.54000091552734,67.35466766357422
2011-11-30,84.54000091552734,67.35466766357422
2011-12-01,84.5,67.35858917236328
2011-12-02,84.4800033569336,67.34268951416016
2011-12-05,84.48999786376953,67.35063934326172
2011-12-06,84.48999786376953,67.35063934326172
2011-12-07,84.5199966430664,67.37457275390625
2011-12-08,84.52999877929688,67.38249969482422
2011-12-09,84.52999877929688,67.38249969482422
2011-12-12,84.52999877929688,67.38249969482422
2011-12-13,84.52999877929688,67.38249969482422
2011-12-14,84.51000213623047,67.3666000366211
2011-12-15,84.5,67.35858917236328
2011-12-16,84.54000091552734,67.3905258178711
2011-12-19,84.52999877929688,67.38249969482422
2011-12-20,84.51000213623047,67.3666000366211
2011-12-21,84.4800033569336,67.34268951416016
2011-12-22,84.47000122070312,67.33470153808594
2011-12-23,84.48999786376953,67.35063934326172
2011-12-27,84.41999816894531,67.3259048461914
2011-12-28,84.44000244140625,67.34185028076172
2011-12-29,84.44999694824219,67.34984588623047
2011-12-30,84.5,67.38973236083984
2012-01-03,84.44999694824219,67.34984588623047
2012-01-04,84.45999908447266,67.35779571533203
2012-01-05,84.47000122070312,67.36579895019531
2012-01-06,84.45999908447266,67.35779571533203
2012-01-09,84.4800033569336,67.37376403808594
2012-01-10,84.48999786376953,67.38169860839844
2012-01-11,84.5199966430664,67.40568542480469
2012-01-12,84.51000213623047,67.39772033691406
2012-01-13,84.52999877929688,67.41364288330078
2012-01-17,84.54000091552734,67.4216537475586
2012-01-18,84.52999877929688,67.41364288330078
2012-01-19,84.52999877929688,67.41364288330078
2012-01-20,84.51000213623047,67.39772033691406
2012-01-23,84.5199966430664,67.40568542480469
2012-01-24,84.5199966430664,67.40568542480469
2012-01-25,84.56999969482422,67.44552612304688
2012-01-26,84.58000183105469,67.45355224609375
2012-01-27,84.5999984741211,67.46951293945312
2012-01-30,84.56999969482422,67.44552612304688
2012-01-31,84.56999969482422,67.44552612304688
2012-02-01,84.51000213623047,67.42242431640625
2012-02-02,84.5199966430664,67.43038940429688
2012-02-03,84.5199966430664,67.43038940429688
2012-02-06,84.5,67.41439056396484
2012-02-07,84.4800033569336,67.39851379394531
2012-02-08,84.4800033569336,67.39851379394531
2012-02-09,84.44000244140625,67.36656188964844
2012-02-10,84.45999908447266,67.38249969482422
2012-02-13,84.41000366210938,67.34264373779297
2012-02-14,84.43000030517578,67.35859680175781
2012-02-15,84.44000244140625,67.36656188964844
2012-02-16,84.41000366210938,67.34264373779297
2012-02-17,84.38999938964844,67.32667541503906
2012-02-21,84.37000274658203,67.31075286865234
2012-02-22,84.41000366210938,67.34264373779297
2012-02-23,84.4000015258789,67.33466339111328
2012-02-24,84.37999725341797,67.31873321533203
2012-02-27,84.4000015258789,67.33466339111328
2012-02-28,84.41999816894531,67.3506088256836
2012-02-29,84.41999816894531,67.3506088256836
2012-03-01,84.37000274658203,67.33863067626953
2012-03-02,84.38999938964844,67.35466003417969
2012-03-05,84.38999938964844,67.35466003417969
2012-03-06,84.38999938964844,67.35466003417969
2012-03-07,84.37000274658203,67.33863067626953
2012-03-08,84.33999633789062,67.3146743774414
2012-03-09,84.33999633789062,67.3146743774414
2012-03-12,84.3499984741211,67.32268524169922
2012-03-13,84.30000305175781,67.28278350830078
2012-03-14,84.18000030517578,67.18701171875
2012-03-15,84.2300033569336,67.22689819335938
2012-03-16,84.27999877929688,67.26679992675781
2012-03-19,84.22000122070312,67.21891784667969
2012-03-20,84.19999694824219,67.20293426513672
2012-03-21,84.25,67.2428970336914
2012-03-22,84.26000213623047,67.25086212158203
2012-03-23,84.2699966430664,67.25881958007812
2012-03-26,84.29000091552734,67.27477264404297
2012-03-27,84.31999969482422,67.29871368408203
2012-03-28,84.30000305175781,67.28278350830078
2012-03-29,84.33000183105469,67.30673217773438
2012-03-30,84.31999969482422,67.29871368408203
2012-04-02,84.30999755859375,67.31471252441406
2012-04-03,84.25,67.2668228149414
2012-04-04,84.2699966430664,67.28276824951172
2012-04-05,84.30000305175781,67.30671691894531
2012-04-09,84.36000061035156,67.35466766357422
2012-04-10,84.4000015258789,67.38658142089844
2012-04-11,84.38999938964844,67.37860107421875
2012-04-12,84.4000015258789,67.38658142089844
2012-04-13,84.41000366210938,67.39458465576172
2012-04-16,84.41000366210938,67.39458465576172
2012-04-17,84.41000366210938,67.39458465576172
2012-04-18,84.43000030517578,67.4105224609375
2012-04-19,84.44000244140625,67.41846466064453
2012-04-20,84.44000244140625,67.41846466064453
2012-04-23,84.45999908447266,67.4344482421875
2012-04-24,84.43000030517578,67.4105224609375
2012-04-25,84.44999694824219,67.42652893066406
2012-04-26,84.45999908447266,67.4344482421875
2012-04-27,84.44000244140625,67.41846466064453
2012-04-30,84.45999908447266,67.4344482421875
2012-05-01,84.43000030517578,67.4328842163086
2012-05-02,84.44000244140625,67.4408187866211
2012-05-03,84.43000030517578,67.4328842163086
2012-05-04,84.45999908447266,67.45684814453125
2012-05-07,84.45999908447266,67.45684814453125
2012-05-08,84.47000122070312,67.4648208618164
2012-05-09,84.45999908447266,67.45684814453125
2012-05-10,84.44999694824219,67.44883728027344
2012-05-11,84.45999908447266,67.45684814453125
2012-05-14,84.44999694824219,67.44883728027344
2012-05-15,84.44000244140625,67.4408187866211
2012-05-16,84.43000030517578,67.4328842163086
2012-05-17,84.38999938964844,67.40087890625
2012-05-18,84.4000015258789,67.40892028808594
2012-05-21,84.41000366210938,67.41690063476562
2012-05-22,84.37999725341797,67.39298248291016
2012-05-23,84.41999816894531,67.42488861083984
2012-05-24,84.38999938964844,67.40087890625
2012-05-25,84.43000030517578,67.4328842163086
2012-05-29,84.41000366210938,67.41690063476562
2012-05-30,84.44999694824219,67.44883728027344
2012-05-31,84.4800033569336,67.47274780273438
2012-06-01,84.45999908447266,67.47923278808594
2012-06-04,84.44999694824219,67.47120666503906
2012-06-05,84.47000122070312,67.48722076416016
2012-06-06,84.44000244140625,67.46319580078125
2012-06-07,84.43000030517578,67.45523071289062
2012-06-08,84.43000030517578,67.45523071289062
2012-06-11,84.43000030517578,67.45523071289062
2012-06-12,84.38999938964844,67.42326354980469
2012-06-13,84.37999725341797,67.415283203125
2012-06-14,84.38999938964844,67.42326354980469
2012-06-15,84.41999816894531,67.44723510742188
2012-06-18,84.4000015258789,67.43128967285156
2012-06-19,84.38999938964844,67.42326354980469
2012-06-20,84.36000061035156,67.3993148803711
2012-06-21,84.37000274658203,67.40727996826172
2012-06-22,84.37999725341797,67.415283203125
2012-06-25,84.37999725341797,67.415283203125
2012-06-26,84.36000061035156,67.3993148803711
2012-06-27,84.36000061035156,67.3993148803711
2012-06-28,84.37000274658203,67.40727996826172
2012-06-29,84.37000274658203,67.40727996826172
2012-07-02,84.37000274658203,67.42808532714844
2012-07-03,84.3499984741211,67.41204833984375
2012-07-05,84.37999725341797,67.43603515625
2012-07-06,84.41000366210938,67.46007537841797
2012-07-09,84.41000366210938,67.46007537841797
2012-07-10,84.41000366210938,67.46007537841797
2012-07-11,84.41999816894531,67.46798706054688
2012-07-12,84.44000244140625,67.4840316772461
2012-07-13,84.45999908447266,67.50000762939453
2012-07-16,84.48999786376953,67.52398681640625
2012-07-17,84.4800033569336,67.51598358154297
2012-07-18,84.5,67.53199005126953
2012-07-19,84.5199966430664,67.54790496826172
2012-07-20,84.52999877929688,67.55594635009766
2012-07-23,84.54000091552734,67.56397247314453
2012-07-24,84.5199966430664,67.54790496826172
2012-07-25,84.52999877929688,67.55594635009766
2012-07-26,84.52999877929688,67.55594635009766
2012-07-27,84.47000122070312,67.50798034667969
2012-07-30,84.51000213623047,67.53990936279297
2012-07-31,84.52999877929688,67.55594635009766
2012-08-01,84.48999786376953,67.54476928710938
2012-08-02,84.5,67.55276489257812
2012-08-03,84.47000122070312,67.52873992919922
2012-08-06,84.4800033569336,67.53675079345703
2012-08-07,84.44000244140625,67.50480651855469
2012-08-08,84.41000366210938,67.48080444335938
2012-08-09,84.41000366210938,67.48080444335938
2012-08-10,84.43000030517578,67.49675750732422
2012-08-13,84.44000244140625,67.50480651855469
2012-08-14,84.41999816894531,67.48875427246094
2012-08-15,84.38999938964844,67.46477508544922
2012-08-16,84.37999725341797,67.456787109375
2012-08-17,84.38999938964844,67.46477508544922
2012-08-20,84.38999938964844,67.46477508544922
2012-08-21,84.38999938964844,67.46477508544922
2012-08-22,84.44000244140625,67.50480651855469
2012-08-23,84.44999694824219,67.51274108886719
2012-08-24,84.44999694824219,67.51274108886719
2012-08-27,84.44000244140625,67.50480651855469
2012-08-28,84.44999694824219,67.51274108886719
2012-08-29,84.44999694824219,67.51274108886719
2012-08-30,84.45999908447266,67.52075958251953
2012-08-31,84.51000213623047,67.56069946289062
2012-09-04,84.4800033569336,67.5559310913086
2012-09-05,84.4800033569336,67.5559310913086
2012-09-06,84.44000244140625,67.5239486694336
2012-09-07,84.45999908447266,67.53998565673828
2012-09-10,84.44000244140625,67.5239486694336
2012-09-11,84.45999908447266,67.53998565673828
2012-09-12,84.44999694824219,67.53193664550781
2012-09-13,84.4800033569336,67.5559310913086
2012-09-14,84.44000244140625,67.5239486694336
2012-09-17,84.44000244140625,67.5239486694336
2012-09-18,84.44999694824219,67.53193664550781
2012-09-19,84.44999694824219,67.53193664550781
2012-09-20,84.43000030517578,67.51596069335938
2012-09-21,84.44000244140625,67.5239486694336
2012-09-24,84.44999694824219,67.53193664550781
2012-09-25,84.43000030517578,67.51596069335938
2012-09-26,84.44999694824219,67.53193664550781
2012-09-27,84.45999908447266,67.53998565673828
2012-09-28,84.5,67.57194519042969
2012-10-01,84.4800033569336,67.5735092163086
2012-10-02,84.45999908447266,67.55755615234375
2012-10-03,84.45999908447266,67.55755615234375
2012-10-04,84.45999908447266,67.55755615234375
2012-10-05,84.41999816894531,67.52554321289062
2012-10-08,84.43000030517578,67.53350830078125
2012-10-09,84.43000030517578,67.53350830078125
2012-10-10,84.41999816894531,67.52554321289062
2012-10-11,84.41000366210938,67.51756286621094
2012-10-12,84.44000244140625,67.54155731201172
2012-10-15,84.41999816894531,67.52554321289062
2012-10-16,84.41999816894531,67.52554321289062
2012-10-17,84.37000274658203,67.48554992675781
2012-10-18,84.37999725341797,67.49351501464844
2012-10-19,84.37999725341797,67.49351501464844
2012-10-22,84.3499984741211,67.46953582763672
2012-10-23,84.38999938964844,67.50152587890625
2012-10-24,84.37999725341797,67.49351501464844
2012-10-25,84.3499984741211,67.46953582763672
2012-10-26,84.37000274658203,67.48554992675781
2012-10-31,84.41999816894531,67.52554321289062
2012-11-01,84.4000015258789,67.50955200195312
2012-11-02,84.38999938964844,67.50152587890625
2012-11-05,84.38999938964844,67.50152587890625
2012-11-06,84.36000061035156,67.47756958007812
2012-11-07,84.43000030517578,67.53350830078125
2012-11-08,84.43000030517578,67.53350830078125
2012-11-09,84.43000030517578,67.53350830078125
2012-11-12,84.43000030517578,67.53350830078125
2012-11-13,84.44000244140625,67.54155731201172
2012-11-14,84.45999908447266,67.55755615234375
2012-11-15,84.45999908447266,67.55755615234375
2012-11-16,84.45999908447266,67.55755615234375
2012-11-19,84.44999694824219,67.54954528808594
2012-11-20,84.43000030517578,67.53350830078125
2012-11-21,84.41999816894531,67.52554321289062
2012-11-23,84.41999816894531,67.52554321289062
2012-11-26,84.41000366210938,67.51756286621094
2012-11-27,84.41999816894531,67.52554321289062
2012-11-28,84.43000030517578,67.53350830078125
2012-11-29,84.43000030517578,67.53350830078125
2012-11-30,84.44000244140625,67.54155731201172
2012-12-03,84.43000030517578,67.5495834350586
2012-12-04,84.43000030517578,67.5495834350586
2012-12-05,84.44999694824219,67.56554412841797
2012-12-06,84.44999694824219,67.56554412841797
2012-12-07,84.44999694824219,67.56554412841797
2012-12-10,84.44999694824219,67.56554412841797
2012-12-11,84.44999694824219,67.56554412841797
2012-12-12,84.44000244140625,67.55755615234375
2012-12-13,84.44000244140625,67.55755615234375
2012-12-14,84.45999908447266,67.57354736328125
2012-12-17,84.44000244140625,67.55755615234375
2012-12-18,84.38999938964844,67.51752471923828
2012-12-19,84.41000366210938,67.53350067138672
2012-12-20,84.4000015258789,67.52552795410156
2012-12-21,84.41000366210938,67.53350067138672
2012-12-24,84.41000366210938,67.53350067138672
2012-12-26,84.38999938964844,67.53431701660156
2012-12-27,84.41999816894531,67.55833435058594
2012-12-28,84.41999816894531,67.55833435058594
2012-12-31,84.41999816894531,67.55833435058594
2013-01-02,84.4000015258789,67.54232788085938
2013-01-03,84.4000015258789,67.54232788085938
2013-01-04,84.41000366210938,67.55033874511719
2013-01-07,84.41000366210938,67.55033874511719
2013-01-08,84.41999816894531,67.55833435058594
2013-01-09,84.44999694824219,67.58235168457031
2013-01-10,84.44000244140625,67.57439422607422
2013-01-11,84.43000030517578,67.56636810302734
2013-01-14,84.43000030517578,67.56636810302734
2013-01-15,84.44000244140625,67.57439422607422
2013-01-16,84.44000244140625,67.57439422607422
2013-01-17,84.43000030517578,67.56636810302734
2013-01-18,84.43000030517578,67.56636810302734
2013-01-22,84.44999694824219,67.58235168457031
2013-01-23,84.44999694824219,67.58235168457031
2013-01-24,84.44999694824219,67.58235168457031
2013-01-25,84.41000366210938,67.55033874511719
2013-01-28,84.37999725341797,67.52635192871094
2013-01-29,84.38999938964844,67.53431701660156
2013-01-30,84.41999816894531,67.55833435058594
2013-01-31,84.43000030517578,67.56636810302734
2013-02-01,84.4000015258789,67.55913543701172
2013-02-04,84.41999816894531,67.57514190673828
2013-02-05,84.41999816894531,67.57514190673828
2013-02-06,84.44000244140625,67.59117889404297
2013-02-07,84.44000244140625,67.59117889404297
2013-02-08,84.44999694824219,67.59913635253906
2013-02-11,84.41999816894531,67.57514190673828
2013-02-12,84.4000015258789,67.55913543701172
2013-02-13,84.38999938964844,67.55113220214844
2013-02-14,84.4000015258789,67.55913543701172
2013-02-15,84.41000366210938,67.5671615600586
2013-02-19,84.4000015258789,67.55913543701172
2013-02-20,84.4000015258789,67.55913543701172
2013-02-21,84.43000030517578,67.58316040039062
2013-02-22,84.43000030517578,67.58316040039062
2013-02-25,84.44999694824219,67.59913635253906
2013-02-26,84.47000122070312,67.61520385742188
2013-02-27,84.47000122070312,67.61520385742188
2013-02-28,84.45999908447266,67.6071548461914
2013-03-01,84.45999908447266,67.62158203125
2013-03-04,84.44999694824219,67.61358642578125
2013-03-05,84.44000244140625,67.60551452636719
2013-03-06,84.43000030517578,67.5975570678711
2013-03-07,84.41000366210938,67.58158874511719
2013-03-08,84.41999816894531,67.58949279785156
2013-03-11,84.41000366210938,67.58158874511719
2013-03-12,84.43000030517578,67.5975570678711
2013-03-13,84.41000366210938,67.58158874511719
2013-03-14,84.41000366210938,67.58158874511719
2013-03-15,84.44000244140625,67.60551452636719
2013-03-18,84.45999908447266,67.62158203125
2013-03-19,84.44999694824219,67.61358642578125
2013-03-20,84.44000244140625,67.60551452636719
2013-03-21,84.44999694824219,67.61358642578125
2013-03-22,84.43000030517578,67.5975570678711
2013-03-25,84.43000030517578,67.5975570678711
2013-03-26,84.44000244140625,67.60551452636719
2013-03-27,84.45999908447266,67.62158203125
2013-03-28,84.47000122070312,67.62959289550781
2013-04-01,84.45999908447266,67.6360092163086
2013-04-02,84.45999908447266,67.6360092163086
2013-04-03,84.44999694824219,67.62796783447266
2013-04-04,84.4800033569336,67.65202331542969
2013-04-05,84.4800033569336,67.65202331542969
2013-04-08,84.45999908447266,67.6360092163086
2013-04-09,84.45999908447266,67.6360092163086
2013-04-10,84.45999908447266,67.6360092163086
2013-04-11,84.45999908447266,67.6360092163086
2013-04-12,84.47000122070312,67.64399719238281
2013-04-15,84.4800033569336,67.65202331542969
2013-04-16,84.4800033569336,67.65202331542969
2013-04-17,84.4800033569336,67.65202331542969
2013-04-18,84.4800033569336,67.65202331542969
2013-04-19,84.4800033569336,67.65202331542969
2013-04-22,84.48999786376953,67.6600112915039
2013-04-23,84.4800033569336,67.65202331542969
2013-04-24,84.48999786376953,67.6600112915039
2013-04-25,84.4800033569336,67.65202331542969
2013-04-26,84.5,67.66803741455078
2013-04-29,84.5199966430664,67.68406677246094
2013-04-30,84.51000213623047,67.67609405517578
2013-05-01,84.51000213623047,67.689697265625
2013-05-02,84.5,67.68163299560547
2013-05-03,84.47000122070312,67.65760803222656
2013-05-06,84.47000122070312,67.65760803222656
2013-05-07,84.47000122070312,67.65760803222656
2013-05-08,84.4800033569336,67.66566467285156
2013-05-09,84.47000122070312,67.65760803222656
2013-05-10,84.45999908447266,67.64957427978516
2013-05-13,84.44000244140625,67.63355255126953
2013-05-14,84.44000244140625,67.63355255126953
2013-05-15,84.44999694824219,67.64157104492188
2013-05-16,84.47000122070312,67.65760803222656
2013-05-17,84.44999694824219,67.64157104492188
2013-05-20,84.45999908447266,67.64957427978516
2013-05-21,84.45999908447266,67.64957427978516
2013-05-22,84.43000030517578,67.6255874633789
2013-05-23,84.44999694824219,67.64157104492188
2013-05-24,84.43000030517578,67.6255874633789
2013-05-28,84.37000274658203,67.57752227783203
2013-05-29,84.37000274658203,67.57752227783203
2013-05-30,84.38999938964844,67.59355926513672
2013-05-31,84.37999725341797,67.58556365966797
2013-06-03,84.38999938964844,67.607177734375
2013-06-04,84.38999938964844,67.607177734375
2013-06-05,84.4000015258789,67.61516571044922
2013-06-06,84.38999938964844,67.607177734375
2013-06-07,84.37999725341797,67.59916687011719
2013-06-10,84.3499984741211,67.57510375976562
2013-06-11,84.33999633789062,67.56710815429688
2013-06-12,84.33000183105469,67.55908203125
2013-06-13,84.37000274658203,67.59113311767578
2013-06-14,84.43000030517578,67.63919067382812
2013-06-17,84.43000030517578,67.63919067382812
2013-06-18,84.43000030517578,67.63919067382812
2013-06-19,84.33000183105469,67.55908203125
2013-06-20,84.31999969482422,67.55107116699219
2013-06-21,84.25,67.49500274658203
2013-06-24,84.20999908447266,67.46295928955078
2013-06-25,84.19999694824219,67.4549331665039
2013-06-26,84.23999786376953,67.48703002929688
2013-06-27,84.29000091552734,67.52705383300781
2013-06-28,84.27999877929688,67.51902770996094
2013-07-01,84.30000305175781,67.5487060546875
2013-07-02,84.30999755859375,67.55672454833984
2013-07-03,84.30000305175781,67.5487060546875
2013-07-05,84.20999908447266,67.4765625
2013-07-08,84.2699966430664,67.52467346191406
2013-07-09,84.26000213623047,67.51663208007812
2013-07-10,84.26000213623047,67.51663208007812
2013-07-11,84.33000183105469,67.5727310180664
2013-07-12,84.27999877929688,67.53263854980469
2013-07-15,84.31999969482422,67.56470489501953
2013-07-16,84.33000183105469,67.5727310180664
2013-07-17,84.36000061035156,67.5968017578125
2013-07-18,84.3499984741211,67.58871459960938
2013-07-19,84.38999938964844,67.62079620361328
2013-07-22,84.38999938964844,67.62079620361328
2013-07-23,84.37999725341797,67.61276245117188
2013-07-24,84.33999633789062,67.58074188232422
2013-07-25,84.38999938964844,67.62079620361328
2013-07-26,84.4000015258789,67.62883758544922
2013-07-29,84.38999938964844,67.62079620361328
2013-07-30,84.4000015258789,67.62883758544922
2013-07-31,84.4000015258789,67.62883758544922
2013-08-01,84.3499984741211,67.60319519042969
2013-08-02,84.41000366210938,67.65121459960938
2013-08-05,84.4000015258789,67.64325714111328
2013-08-06,84.38999938964844,67.63522338867188
2013-08-07,84.41000366210938,67.65121459960938
2013-08-08,84.41000366210938,67.65121459960938
2013-08-09,84.38999938964844,67.63522338867188
2013-08-12,84.38999938964844,67.63522338867188
2013-08-13,84.3499984741211,67.60319519042969
2013-08-14,84.3499984741211,67.60319519042969
2013-08-15,84.31999969482422,67.57910919189453
2013-08-16,84.33000183105469,67.58710479736328
2013-08-19,84.30999755859375,67.57113647460938
2013-08-20,84.33000183105469,67.58710479736328
2013-08-21,84.27999877929688,67.54705810546875
2013-08-22,84.25,67.52299499511719
2013-08-23,84.25,67.52299499511719
2013-08-26,84.27999877929688,67.54705810546875
2013-08-27,84.31999969482422,67.57910919189453
2013-08-28,84.2699966430664,67.53902435302734
2013-08-29,84.29000091552734,67.5550765991211
2013-08-30,84.30000305175781,67.56310272216797
2013-09-03,84.25,67.5373764038086
2013-09-04,84.16999816894531,67.47332763671875
2013-09-05,84.08999633789062,67.40925598144531
2013-09-06,84.16999816894531,67.47332763671875
2013-09-09,84.19000244140625,67.48934173583984
2013-09-10,84.16000366210938,67.46530151367188
2013-09-11,84.19999694824219,67.49732971191406
2013-09-12,84.19999694824219,67.49732971191406
2013-09-13,84.19999694824219,67.49732971191406
2013-09-16,84.26000213623047,67.5454330444336
2013-09-17,84.29000091552734,67.56949615478516
2013-09-18,84.4000015258789,67.6577377319336
2013-09-19,84.37000274658203,67.63365936279297
2013-09-20,84.37999725341797,67.6416244506836
2013-09-23,84.4000015258789,67.6577377319336
2013-09-24,84.41000366210938,67.66570281982422
2013-09-25,84.44000244140625,67.68973541259766
2013-09-26,84.4000015258789,67.6577377319336
2013-09-27,84.44999694824219,67.6977310180664
2013-09-30,84.47000122070312,67.71383666992188
2013-10-01,84.43000030517578,67.69615936279297
2013-10-02,84.44000244140625,67.70417785644531
2013-10-03,84.44000244140625,67.70417785644531
2013-10-04,84.41000366210938,67.68010711669922
2013-10-07,84.41000366210938,67.68010711669922
2013-10-08,84.33999633789062,67.6240005493164
2013-10-09,84.37000274658203,67.6480484008789
2013-10-10,84.37000274658203,67.6480484008789
2013-10-11,84.37000274658203,67.6480484008789
2013-10-14,84.33999633789062,67.6240005493164
2013-10-15,84.37000274658203,67.6480484008789
2013-10-16,84.4000015258789,67.67214965820312
2013-10-17,84.43000030517578,67.69615936279297
2013-10-18,84.43000030517578,67.69615936279297
2013-10-21,84.43000030517578,67.69615936279297
2013-10-22,84.5,67.75228881835938
2013-10-23,84.47000122070312,67.728271484375
2013-10-24,84.45999908447266,67.72020721435547
2013-10-25,84.4800033569336,67.73625946044922
2013-10-28,84.5,67.75228881835938
2013-10-29,84.5,67.75228881835938
2013-10-30,84.5,67.75228881835938
2013-10-31,84.51000213623047,67.76032257080078
2013-11-01,84.45999908447266,67.73542785644531
2013-11-04,84.4800033569336,67.7514877319336
2013-11-05,84.4800033569336,67.7514877319336
2013-11-06,84.5,67.76751708984375
2013-11-07,84.5199966430664,67.7835922241211
2013-11-08,84.45999908447266,67.73542785644531
2013-11-11,84.4800033569336,67.7514877319336
2013-11-12,84.45999908447266,67.73542785644531
2013-11-13,84.45999908447266,67.73542785644531
2013-11-14,84.51000213623047,67.77557373046875
2013-11-15,84.51000213623047,67.77557373046875
2013-11-18,84.55000305175781,67.80765533447266
2013-11-19,84.5199966430664,67.7835922241211
2013-11-20,84.52999877929688,67.79156494140625
2013-11-21,84.56999969482422,67.82364654541016
2013-11-22,84.55000305175781,67.80765533447266
2013-11-25,84.55000305175781,67.80765533447266
2013-11-26,84.55999755859375,67.81562042236328
2013-11-27,84.55999755859375,67.81562042236328
2013-11-29,84.56999969482422,67.82364654541016
2013-12-02,84.5,67.78276824951172
2013-12-03,84.5199966430664,67.7988052368164
2013-12-04,84.5,67.78276824951172
2013-12-05,84.51000213623047,67.79081726074219
2013-12-06,84.4800033569336,67.76670837402344
2013-12-09,84.4800033569336,67.76670837402344
2013-12-10,84.51000213623047,67.79081726074219
2013-12-11,84.4800033569336,67.76670837402344
2013-12-12,84.44999694824219,67.74260711669922
2013-12-13,84.47000122070312,67.75867462158203
2013-12-16,84.47000122070312,67.75867462158203
2013-12-17,84.48999786376953,67.77471160888672
2013-12-18,84.48999786376953,67.77471160888672
2013-12-19,84.44000244140625,67.7346420288086
2013-12-20,84.41000366210938,67.71049499511719
2013-12-23,84.4000015258789,67.70255279541016
2013-12-24,84.37000274658203,67.678466796875
2013-12-26,84.33999633789062,67.67121887207031
2013-12-27,84.37999725341797,67.70333862304688
2013-12-30,84.4000015258789,67.71940612792969
2013-12-31,84.37999725341797,67.70333862304688
2014-01-02,84.41999816894531,67.73541259765625
2014-01-03,84.38999938964844,67.71135711669922
2014-01-06,84.4000015258789,67.71940612792969
2014-01-07,84.4000015258789,67.71940612792969
2014-01-08,84.31999969482422,67.65522003173828
2014-01-09,84.33999633789062,67.67121887207031
2014-01-10,84.41999816894531,67.73541259765625
2014-01-13,84.44000244140625,67.75146484375
2014-01-14,84.41999816894531,67.73541259765625
2014-01-15,84.38999938964844,67.71135711669922
2014-01-16,84.41000366210938,67.72738647460938
2014-01-17,84.41000366210938,67.72738647460938
2014-01-21,84.4000015258789,67.71940612792969
2014-01-22,84.36000061035156,67.68736267089844
2014-01-23,84.44000244140625,67.75146484375
2014-01-24,84.47000122070312,67.77555084228516
2014-01-27,84.45999908447266,67.76752471923828
2014-01-28,84.45999908447266,67.76752471923828
2014-01-29,84.5199966430664,67.81565856933594
2014-01-30,84.51000213623047,67.80769348144531
2014-01-31,84.55000305175781,67.83972930908203
2014-02-03,84.55000305175781,67.85818481445312
2014-02-04,84.55999755859375,67.86624908447266
2014-02-05,84.5199966430664,67.83412170410156
2014-02-06,84.52999877929688,67.84215545654297
2014-02-07,84.55000305175781,67.85818481445312
2014-02-10,84.52999877929688,67.84215545654297
2014-02-11,84.51000213623047,67.82613372802734
2014-02-12,84.47000122070312,67.79401397705078
2014-02-13,84.5199966430664,67.83412170410156
2014-02-14,84.5199966430664,67.83412170410156
2014-02-18,84.55000305175781,67.85818481445312
2014-02-19,84.5199966430664,67.83412170410156
2014-02-20,84.52999877929688,67.84215545654297
2014-02-21,84.54000091552734,67.85018920898438
2014-02-24,84.54000091552734,67.85018920898438
2014-02-25,84.52999877929688,67.84215545654297
2014-02-26,84.56999969482422,67.87428283691406
2014-02-27,84.55999755859375,67.86624908447266
2014-02-28,84.55999755859375,67.86624908447266
2014-03-03,84.58999633789062,67.90470886230469
2014-03-04,84.5199966430664,67.84855651855469
2014-03-05,84.55000305175781,67.87265014648438
2014-03-06,84.5,67.83251953125
2014-03-07,84.44000244140625,67.78433227539062
2014-03-10,84.44999694824219,67.7923583984375
2014-03-11,84.44999694824219,67.7923583984375
2014-03-12,84.4800033569336,67.81649780273438
2014-03-13,84.52999877929688,67.85661315917969
2014-03-14,84.51000213623047,67.84058380126953
2014-03-17,84.4800033569336,67.81649780273438
2014-03-18,84.5,67.83251953125
2014-03-19,84.36000061035156,67.72015380859375
2014-03-20,84.37000274658203,67.72817993164062
2014-03-21,84.37999725341797,67.7361831665039
2014-03-24,84.33999633789062,67.70404815673828
2014-03-25,84.3499984741211,67.71206665039062
2014-03-26,84.41000366210938,67.76025390625
2014-03-27,84.4000015258789,67.75223541259766
2014-03-28,84.4000015258789,67.75223541259766
2014-03-31,84.44999694824219,67.7923583984375
2014-04-01,84.37999725341797,67.7530517578125
2014-04-02,84.3499984741211,67.72892761230469
2014-04-03,84.37000274658203,67.74500274658203
2014-04-04,84.44000244140625,67.80119323730469
2014-04-07,84.44999694824219,67.80921173095703
2014-04-08,84.45999908447266,67.81726837158203
2014-04-09,84.5,67.84935760498047
2014-04-10,84.55000305175781,67.88951110839844
2014-04-11,84.54000091552734,67.88150787353516
2014-04-14,84.52999877929688,67.87347412109375
2014-04-15,84.52999877929688,67.87347412109375
2014-04-16,84.5,67.84935760498047
2014-04-17,84.4800033569336,67.8333740234375
2014-04-21,84.4800033569336,67.8333740234375
2014-04-22,84.44000244140625,67.80119323730469
2014-04-23,84.4800033569336,67.8333740234375
2014-04-24,84.45999908447266,67.81726837158203
2014-04-25,84.47000122070312,67.82530212402344
2014-04-28,84.47000122070312,67.82530212402344
2014-04-29,84.45999908447266,67.81726837158203
2014-04-30,84.5199966430664,67.86543273925781
2014-05-01,84.5,67.86624908447266
2014-05-02,84.48999786376953,67.85816955566406
2014-05-05,84.5,67.86624908447266
2014-05-06,84.47000122070312,67.84212493896484
2014-05-07,84.5,67.86624908447266
2014-05-08,84.5199966430664,67.88229370117188
2014-05-09,84.55000305175781,67.9063720703125
2014-05-12,84.52999877929688,67.89031219482422
2014-05-13,84.55999755859375,67.91441345214844
2014-05-14,84.58999633789062,67.93858337402344
2014-05-15,84.5999984741211,67.94657135009766
2014-05-16,84.61000061035156,67.9545669555664
2014-05-19,84.62999725341797,67.97063446044922
2014-05-20,84.63999938964844,67.97867584228516
2014-05-21,84.63999938964844,67.97867584228516
2014-05-22,84.62000274658203,67.96260070800781
2014-05-23,84.5999984741211,67.94657135009766
2014-05-27,84.62000274658203,67.96260070800781
2014-05-28,84.63999938964844,67.97867584228516
2014-05-29,84.62999725341797,67.97063446044922
2014-05-30,84.6500015258789,67.98672485351562
2014-06-02,84.56999969482422,67.94090270996094
2014-06-03,84.55000305175781,67.9248275756836
2014-06-04,84.58000183105469,67.94898223876953
2014-06-05,84.58999633789062,67.95700073242188
2014-06-06,84.56999969482422,67.94090270996094
2014-06-09,84.51000213623047,67.89271545410156
2014-06-10,84.48999786376953,67.87660217285156
2014-06-11,84.5199966430664,67.90077209472656
2014-06-12,84.55000305175781,67.9248275756836
2014-06-13,84.5,67.8846664428711
2014-06-16,84.4800033569336,67.86863708496094
2014-06-17,84.41000366210938,67.81243133544922
2014-06-18,84.4800033569336,67.86863708496094
2014-06-19,84.47000122070312,67.86054992675781
2014-06-20,84.47000122070312,67.86054992675781
2014-06-23,84.47000122070312,67.86054992675781
2014-06-24,84.5,67.8846664428711
2014-06-25,84.51000213623047,67.89271545410156
2014-06-26,84.52999877929688,67.90878295898438
2014-06-27,84.55000305175781,67.9248275756836
2014-06-30,84.55999755859375,67.93287658691406
2014-07-01,84.5,67.90475463867188
2014-07-02,84.47000122070312,67.88062286376953
2014-07-03,84.45999908447266,67.87262725830078
2014-07-07,84.44000244140625,67.85655975341797
2014-07-08,84.45999908447266,67.87262725830078
2014-07-09,84.47000122070312,67.88062286376953
2014-07-10,84.51000213623047,67.91279602050781
2014-07-11,84.52999877929688,67.92884826660156
2014-07-14,84.5199966430664,67.92085266113281
2014-07-15,84.4800033569336,67.88868713378906
2014-07-16,84.47000122070312,67.88062286376953
2014-07-17,84.54000091552734,67.93692016601562
2014-07-18,84.47000122070312,67.88062286376953
2014-07-21,84.4800033569336,67.88868713378906
2014-07-22,84.4800033569336,67.88868713378906
2014-07-23,84.51000213623047,67.91279602050781
2014-07-24,84.4800033569336,67.88868713378906
2014-07-25,84.48999786376953,67.89668273925781
2014-07-28,84.44999694824219,67.86459350585938
2014-07-29,84.47000122070312,67.88062286376953
2014-07-30,84.43000030517578,67.84847259521484
2014-07-31,84.47000122070312,67.88062286376953
2014-08-01,84.55000305175781,67.9666748046875
2014-08-04,84.55000305175781,67.9666748046875
2014-08-05,84.55000305175781,67.9666748046875
2014-08-06,84.56999969482422,67.98272705078125
2014-08-07,84.61000061035156,68.01494598388672
2014-08-08,84.55999755859375,67.97470092773438
2014-08-11,84.55999755859375,67.97470092773438
2014-08-12,84.55999755859375,67.97470092773438
2014-08-13,84.5999984741211,68.0068588256836
2014-08-14,84.62000274658203,68.02291107177734
2014-08-15,84.62000274658203,68.02291107177734
2014-08-18,84.62000274658203,68.02291107177734
2014-08-19,84.62000274658203,68.02291107177734
2014-08-20,84.54000091552734,67.95867919921875
2014-08-21,84.54000091552734,67.95867919921875
2014-08-22,84.5199966430664,67.94255065917969
2014-08-25,84.48999786376953,67.91842651367188
2014-08-26,84.5199966430664,67.94255065917969
2014-08-27,84.54000091552734,67.95867919921875
2014-08-28,84.55999755859375,67.97470092773438
2014-08-29,84.5999984741211,68.0068588256836
2014-09-02,84.5,67.948974609375
2014-09-03,84.5199966430664,67.96501922607422
2014-09-04,84.51000213623047,67.95702362060547
2014-09-05,84.54000091552734,67.98115539550781
2014-09-08,84.48999786376953,67.94091033935547
2014-09-09,84.44000244140625,67.9007339477539
2014-09-10,84.44999694824219,67.9087905883789
2014-09-11,84.45999908447266,67.91678619384766
2014-09-12,84.44000244140625,67.9007339477539
2014-09-15,84.4800033569336,67.93286895751953
2014-09-16,84.52999877929688,67.97310638427734
2014-09-17,84.44000244140625,67.9007339477539
2014-09-18,84.44999694824219,67.9087905883789
2014-09-19,84.44000244140625,67.9007339477539
2014-09-22,84.5,67.948974609375
2014-09-23,84.5199966430664,67.96501922607422
2014-09-24,84.48999786376953,67.94091033935547
2014-09-25,84.55000305175781,67.98917388916016
2014-09-26,84.51000213623047,67.95702362060547
2014-09-29,84.52999877929688,67.97310638427734
2014-09-30,84.51000213623047,67.95702362060547
2014-10-01,84.56999969482422,68.02941131591797
2014-10-02,84.55999755859375,68.02135467529297
2014-10-03,84.4800033569336,67.95700073242188
2014-10-06,84.55999755859375,68.02135467529297
2014-10-07,84.61000061035156,68.06160736083984
2014-10-08,84.69999694824219,68.134033203125
2014-10-09,84.69999694824219,68.134033203125
2014-10-10,84.73999786376953,68.1661376953125
2014-10-13,84.7699966430664,68.19029998779297
2014-10-14,84.81999969482422,68.23046875
2014-10-15,84.93000030517578,68.31898498535156
2014-10-16,84.87999725341797,68.27880859375
2014-10-17,84.83000183105469,68.23855590820312
2014-10-20,84.87999725341797,68.27880859375
2014-10-21,84.86000061035156,68.26270294189453
2014-10-22,84.83999633789062,68.2466049194336
2014-10-23,84.80000305175781,68.21442413330078
2014-10-24,84.81999969482422,68.23046875
2014-10-27,84.81999969482422,68.23046875
2014-10-28,84.80000305175781,68.21442413330078
2014-10-29,84.69000244140625,68.12593841552734
2014-10-30,84.72000122070312,68.15007019042969
2014-10-31,84.69999694824219,68.134033203125
2014-11-03,84.66000366210938,68.1251449584961
2014-11-04,84.6500015258789,68.11705780029297
2014-11-05,84.62999725341797,68.10096740722656
2014-11-06,84.61000061035156,68.0849380493164
2014-11-07,84.66999816894531,68.13319396972656
2014-11-10,84.61000061035156,68.0849380493164
2014-11-11,84.5999984741211,68.07681274414062
2014-11-12,84.62999725341797,68.10096740722656
2014-11-13,84.6500015258789,68.11705780029297
2014-11-14,84.69000244140625,68.14927673339844
2014-11-17,84.68000030517578,68.1412353515625
2014-11-18,84.66999816894531,68.13319396972656
2014-11-19,84.66000366210938,68.1251449584961
2014-11-20,84.68000030517578,68.1412353515625
2014-11-21,84.69999694824219,68.15735626220703
2014-11-24,84.70999908447266,68.16531372070312
2014-11-25,84.72000122070312,68.17338562011719
2014-11-26,84.7300033569336,68.18143463134766
2014-11-28,84.76000213623047,68.20562744140625
2014-12-01,84.7300033569336,68.20475006103516
2014-12-02,84.68000030517578,68.16454315185547
2014-12-03,84.63999938964844,68.13233947753906
2014-12-04,84.69000244140625,68.17257690429688
2014-12-05,84.52999877929688,68.0438003540039
2014-12-08,84.5199966430664,68.0357666015625
2014-12-09,84.55000305175781,68.05992889404297
2014-12-10,84.62000274658203,68.11625671386719
2014-12-11,84.58000183105469,68.08403015136719
2014-12-12,84.66000366210938,68.14849090576172
2014-12-15,84.5999984741211,68.10012817382812
2014-12-16,84.6500015258789,68.1403579711914
2014-12-17,84.56999969482422,68.07603454589844
2014-12-18,84.5199966430664,68.0357666015625
2014-12-19,84.45999908447266,67.98744201660156
2014-12-22,84.4800033569336,68.0035400390625
2014-12-23,84.38999938964844,67.93110656738281
2014-12-24,84.4000015258789,67.96566772460938
2014-12-26,84.37000274658203,67.94157409667969
2014-12-29,84.44999694824219,68.00598907470703
2014-12-30,84.4800033569336,68.03019714355469
2014-12-31,84.44999694824219,68.00598907470703
2015-01-02,84.54000091552734,68.07843017578125
2015-01-05,84.54000091552734,68.07843017578125
2015-01-06,84.58000183105469,68.11068725585938
2015-01-07,84.62000274658203,68.14289093017578
2015-01-08,84.61000061035156,68.13481903076172
2015-01-09,84.68000030517578,68.19120025634766
2015-01-12,84.7300033569336,68.23146057128906
2015-01-13,84.77999877929688,68.27171325683594
2015-01-14,84.83000183105469,68.31197357177734
2015-01-15,84.95999908447266,68.41667938232422
2015-01-16,84.87999725341797,68.35225677490234
2015-01-20,84.83999633789062,68.32002258300781
2015-01-21,84.83999633789062,68.32002258300781
2015-01-22,84.80999755859375,68.2958984375
2015-01-23,84.8499984741211,68.3281021118164
2015-01-26,84.80000305175781,68.287841796875
2015-01-27,84.8499984741211,68.3281021118164
2015-01-28,84.91000366210938,68.37643432617188
2015-01-29,84.87999725341797,68.35225677490234
2015-01-30,84.9800033569336,68.43280792236328
2015-02-02,84.91999816894531,68.41106414794922
2015-02-03,84.8499984741211,68.35464477539062
2015-02-04,84.86000061035156,68.36271667480469
2015-02-05,84.83000183105469,68.33850860595703
2015-02-06,84.62999725341797,68.17738342285156
2015-02-09,84.62000274658203,68.16937255859375
2015-02-10,84.5999984741211,68.15324401855469
2015-02-11,84.61000061035156,68.16128540039062
2015-02-12,84.63999938964844,68.18550109863281
2015-02-13,84.63999938964844,68.18550109863281
2015-02-17,84.5999984741211,68.15324401855469
2015-02-18,84.69999694824219,68.23379516601562
2015-02-19,84.6500015258789,68.1935043334961
2015-02-20,84.63999938964844,68.18550109863281
2015-02-23,84.68000030517578,68.21768188476562
2015-02-24,84.75,68.27410888671875
2015-02-25,84.75,68.27410888671875
2015-02-26,84.66999816894531,68.20963287353516
2015-02-27,84.69999694824219,68.23379516601562
2015-03-02,84.5999984741211,68.17820739746094
2015-03-03,84.58000183105469,68.16206359863281
2015-03-04,84.5999984741211,68.17820739746094
2015-03-05,84.62999725341797,68.20238494873047
2015-03-06,84.54000091552734,68.12982177734375
2015-03-09,84.58000183105469,68.16206359863281
2015-03-10,84.5999984741211,68.17820739746094
2015-03-11,84.5999984741211,68.17820739746094
2015-03-12,84.62000274658203,68.19434356689453
2015-03-13,84.62999725341797,68.20238494873047
2015-03-16,84.63999938964844,68.21044158935547
2015-03-17,84.62000274658203,68.19434356689453
2015-03-18,84.81999969482422,68.35547637939453
2015-03-19,84.70999908447266,68.266845703125
2015-03-20,84.7699966430664,68.315185546875
2015-03-23,84.80000305175781,68.33935546875
2015-03-24,84.83000183105469,68.36357116699219
2015-03-25,84.80999755859375,68.34745025634766
2015-03-26,84.7699966430664,68.315185546875
2015-03-27,84.81999969482422,68.35547637939453
2015-03-30,84.80999755859375,68.34745025634766
2015-03-31,84.87999725341797,68.40382385253906
2015-04-01,84.87999725341797,68.43365478515625
2015-04-02,84.87000274658203,68.4256362915039
2015-04-06,84.94000244140625,68.48200988769531
2015-04-07,84.87999725341797,68.43365478515625
2015-04-08,84.87999725341797,68.43365478515625
2015-04-09,84.8499984741211,68.40947723388672
2015-04-10,84.83000183105469,68.39334869384766
2015-04-13,84.87999725341797,68.43365478515625
2015-04-14,84.91999816894531,68.4659423828125
2015-04-15,84.91999816894531,68.4659423828125
2015-04-16,84.95999908447266,68.49820709228516
2015-04-17,84.91999816894531,68.4659423828125
2015-04-20,84.91000366210938,68.45783996582031
2015-04-21,84.91999816894531,68.4659423828125
2015-04-22,84.8499984741211,68.40947723388672
2015-04-23,84.88999938964844,68.44174194335938
2015-04-24,84.91999816894531,68.4659423828125
2015-04-27,84.91000366210938,68.45783996582031
2015-04-28,84.87000274658203,68.4256362915039
2015-04-29,84.87999725341797,68.43365478515625
2015-04-30,84.87000274658203,68.4256362915039
2015-05-01,84.80000305175781,68.39736938476562
2015-05-04,84.80000305175781,68.39736938476562
2015-05-05,84.77999877929688,68.38124084472656
2015-05-06,84.75,68.35709381103516
2015-05-07,84.72000122070312,68.33284759521484
2015-05-08,84.83999633789062,68.42967224121094
2015-05-11,84.76000213623047,68.36516571044922
2015-05-12,84.7699966430664,68.3731689453125
2015-05-13,84.80999755859375,68.40546417236328
2015-05-14,84.88999938964844,68.46998596191406
2015-05-15,84.88999938964844,68.46998596191406
2015-05-18,84.83999633789062,68.42967224121094
2015-05-19,84.79000091552734,68.3893051147461
2015-05-20,84.81999969482422,68.41351318359375
2015-05-21,84.8499984741211,68.43769073486328
2015-05-22,84.79000091552734,68.3893051147461
2015-05-26,84.80000305175781,68.39736938476562
2015-05-27,84.80999755859375,68.40546417236328
2015-05-28,84.8499984741211,68.43769073486328
2015-05-29,84.87000274658203,68.45387268066406
2015-06-01,84.77999877929688,68.41106414794922
2015-06-02,84.7699966430664,68.40301513671875
2015-06-03,84.73999786376953,68.37876892089844
2015-06-04,84.75,68.38689422607422
2015-06-05,84.66999816894531,68.32229614257812
2015-06-08,84.72000122070312,68.3626708984375
2015-06-09,84.68000030517578,68.33036041259766
2015-06-10,84.66000366210938,68.31423950195312
2015-06-11,84.68000030517578,68.33036041259766
2015-06-12,84.66000366210938,68.31423950195312
2015-06-15,84.69999694824219,68.3465347290039
2015-06-16,84.7300033569336,68.37071990966797
2015-06-17,84.79000091552734,68.41914367675781
2015-06-18,84.80999755859375,68.43529510498047
2015-06-19,84.83000183105469,68.45140838623047
2015-06-22,84.7699966430664,68.40301513671875
2015-06-23,84.75,68.38689422607422
2015-06-24,84.79000091552734,68.41914367675781
2015-06-25,84.7699966430664,68.40301513671875
2015-06-26,84.72000122070312,68.3626708984375
2015-06-29,84.86000061035156,68.47565460205078
2015-06-30,84.86000061035156,68.47565460205078
2015-07-01,84.75,68.4175033569336
2015-07-02,84.87999725341797,68.5224380493164
2015-07-06,84.9000015258789,68.53854370117188
2015-07-07,84.88999938964844,68.5305404663086
2015-07-08,84.9800033569336,68.60320281982422
2015-07-09,84.91999816894531,68.55475616455078
2015-07-10,84.83999633789062,68.49015808105469
2015-07-13,84.80000305175781,68.45785522460938
2015-07-14,84.83999633789062,68.49015808105469
2015-07-15,84.87000274658203,68.51439666748047
2015-07-16,84.83000183105469,68.48211669921875
2015-07-17,84.80999755859375,68.46595764160156
2015-07-20,84.76000213623047,68.42559051513672
2015-07-21,84.7699966430664,68.43363189697266
2015-07-22,84.76000213623047,68.42559051513672
2015-07-23,84.7699966430664,68.43363189697266
2015-07-24,84.79000091552734,68.44977569580078
2015-07-27,84.8499984741211,68.49824523925781
2015-07-28,84.83000183105469,68.48211669921875
2015-07-29,84.80999755859375,68.46595764160156
2015-07-30,84.7699966430664,68.43363189697266
2015-07-31,84.86000061035156,68.50630187988281
2015-08-03,84.8499984741211,68.52892303466797
2015-08-04,84.72000122070312,68.42393493652344
2015-08-05,84.7300033569336,68.43203735351562
2015-08-06,84.75,68.4481430053711
2015-08-07,84.70999908447266,68.41585540771484
2015-08-10,84.70999908447266,68.41585540771484
2015-08-11,84.81999969482422,68.50469207763672
2015-08-12,84.81999969482422,68.50469207763672
2015-08-13,84.75,68.4481430053711
2015-08-14,84.70999908447266,68.41585540771484
2015-08-17,84.76000213623047,68.4562759399414
2015-08-18,84.75,68.4481430053711
2015-08-19,84.83000183105469,68.51277923583984
2015-08-20,84.80000305175781,68.48857116699219
2015-08-21,84.88999938964844,68.56121826171875
2015-08-24,84.93000030517578,68.593505859375
2015-08-25,84.88999938964844,68.56121826171875
2015-08-26,84.83999633789062,68.5208740234375
2015-08-27,84.8499984741211,68.52892303466797
2015-08-28,84.80999755859375,68.49658966064453
2015-08-31,84.77999877929688,68.47240447998047
2015-09-01,84.7699966430664,68.49662780761719
2015-09-02,84.79000091552734,68.51280212402344
2015-09-03,84.79000091552734,68.51280212402344
2015-09-04,84.80000305175781,68.52088928222656
2015-09-08,84.7699966430664,68.49662780761719
2015-09-09,84.75,68.48045349121094
2015-09-10,84.77999877929688,68.50472259521484
2015-09-11,84.80999755859375,68.52892303466797
2015-09-14,84.79000091552734,68.51280212402344
2015-09-15,84.66999816894531,68.41578674316406
2015-09-16,84.66000366210938,68.40774536132812
2015-09-17,84.8499984741211,68.56127166748047
2015-09-18,84.88999938964844,68.59358978271484
2015-09-21,84.83999633789062,68.55322265625
2015-09-22,84.88999938964844,68.59358978271484
2015-09-23,84.86000061035156,68.5693588256836
2015-09-24,84.91000366210938,68.6097183227539
2015-09-25,84.87000274658203,68.57743835449219
2015-09-28,84.93000030517578,68.6258773803711
2015-09-29,84.97000122070312,68.65824890136719
2015-09-30,84.98999786376953,68.67438507080078
2015-10-01,84.94999694824219,68.67438507080078
2015-10-02,85.06999969482422,68.7713851928711
2015-10-05,85.01000213623047,68.7228775024414
2015-10-06,85.0,68.71483612060547
2015-10-07,84.9800033569336,68.69865417480469
2015-10-08,84.95999908447266,68.6824951171875
2015-10-09,84.95999908447266,68.6824951171875
2015-10-12,84.94000244140625,68.66631317138672
2015-10-13,84.97000122070312,68.69058227539062
2015-10-14,85.08999633789062,68.78754425048828
2015-10-15,85.04000091552734,68.74716186523438
2015-10-16,85.0,68.71483612060547
2015-10-19,85.02999877929688,68.73905181884766
2015-10-20,84.9800033569336,68.69865417480469
2015-10-21,85.01000213623047,68.7228775024414
2015-10-22,85.04000091552734,68.74716186523438
2015-10-23,84.97000122070312,68.69058227539062
2015-10-26,84.97000122070312,68.69058227539062
2015-10-27,85.0,68.71483612060547
2015-10-28,84.88999938964844,68.62588500976562
2015-10-29,84.83000183105469,68.577392578125
2015-10-30,84.83000183105469,68.577392578125
2015-11-02,84.73999786376953,68.53777313232422
2015-11-03,84.7300033569336,68.52969360351562
2015-11-04,84.63999938964844,68.45687866210938
2015-11-05,84.63999938964844,68.45687866210938
2015-11-06,84.55999755859375,68.39218139648438
2015-11-09,84.54000091552734,68.37601470947266
2015-11-10,84.58000183105469,68.4083480834961
2015-11-11,84.55999755859375,68.39218139648438
2015-11-12,84.58999633789062,68.41642761230469
2015-11-13,84.66000366210938,68.47307586669922
2015-11-16,84.66000366210938,68.47307586669922
2015-11-17,84.62999725341797,68.44880676269531
2015-11-18,84.5999984741211,68.42449951171875
2015-11-19,84.58000183105469,68.4083480834961
2015-11-20,84.58000183105469,68.4083480834961
2015-11-23,84.56999969482422,68.40029907226562
2015-11-24,84.56999969482422,68.40029907226562
2015-11-25,84.58000183105469,68.4083480834961
2015-11-27,84.5999984741211,68.42449951171875
2015-11-30,84.56999969482422,68.40029907226562
2015-12-01,84.58000183105469,68.44153594970703
2015-12-02,84.51000213623047,68.3848876953125
2015-12-03,84.51000213623047,68.3848876953125
2015-12-04,84.52999877929688,68.4011001586914
2015-12-07,84.5199966430664,68.39298248291016
2015-12-08,84.51000213623047,68.3848876953125
2015-12-09,84.54000091552734,68.4091796875
2015-12-10,84.48999786376953,68.36869812011719
2015-12-11,84.58999633789062,68.4496078491211
2015-12-14,84.48999786376953,68.36869812011719
2015-12-15,84.4800033569336,68.36063385009766
2015-12-16,84.41000366210938,68.30397033691406
2015-12-17,84.41000366210938,68.30397033691406
2015-12-18,84.5199966430664,68.39298248291016
2015-12-21,84.51000213623047,68.3848876953125
2015-12-22,84.48999786376953,68.36869812011719
2015-12-23,84.45999908447266,68.34440612792969
2015-12-24,84.44999694824219,68.37113952636719
2015-12-28,84.4000015258789,68.33065032958984
2015-12-29,84.37999725341797,68.31446838378906
2015-12-30,84.4000015258789,68.33065032958984
2015-12-31,84.36000061035156,68.29830932617188
2016-01-04,84.47000122070312,68.38735961914062
2016-01-05,84.41999816894531,68.3468246459961
2016-01-06,84.47000122070312,68.38735961914062
2016-01-07,84.5,68.41162109375
2016-01-08,84.55999755859375,68.46021270751953
2016-01-11,84.58999633789062,68.48446655273438
2016-01-12,84.5999984741211,68.49258422851562
2016-01-13,84.6500015258789,68.5330810546875
2016-01-14,84.66999816894531,68.54924011230469
2016-01-15,84.73999786376953,68.60596466064453
2016-01-19,84.7300033569336,68.59781646728516
2016-01-20,84.79000091552734,68.6463851928711
2016-01-21,84.77999877929688,68.63827514648438
2016-01-22,84.75,68.61399841308594
2016-01-25,84.75,68.61399841308594
2016-01-26,84.79000091552734,68.6463851928711
2016-01-27,84.80999755859375,68.66259765625
2016-01-28,84.80999755859375,68.66259765625
2016-01-29,84.91000366210938,68.74356079101562
2016-02-01,84.81999969482422,68.70708465576172
2016-02-02,84.93000030517578,68.79621887207031
2016-02-03,84.94999694824219,68.81245422363281
2016-02-04,84.97000122070312,68.82865142822266
2016-02-05,84.94999694824219,68.81245422363281
2016-02-08,85.05000305175781,68.89340209960938
2016-02-09,85.0199966430664,68.86910247802734
2016-02-10,85.0199966430664,68.86910247802734
2016-02-11,85.0999984741211,68.93391418457031
2016-02-12,85.0,68.85294342041016
2016-02-16,84.94999694824219,68.81245422363281
2016-02-17,84.97000122070312,68.82865142822266
2016-02-18,85.04000091552734,68.88529205322266
2016-02-19,84.95999908447266,68.82049560546875
2016-02-22,84.97000122070312,68.82865142822266
2016-02-23,84.9800033569336,68.83671569824219
2016-02-24,85.0,68.85294342041016
2016-02-25,85.0199966430664,68.86910247802734
2016-02-26,84.91000366210938,68.78002166748047
2016-02-29,84.95999908447266,68.82049560546875
2016-03-01,84.80000305175781,68.72893524169922
2016-03-02,84.79000091552734,68.72084045410156
2016-03-03,84.81999969482422,68.74510192871094
2016-03-04,84.76000213623047,68.69652557373047
2016-03-07,84.69999694824219,68.64787292480469
2016-03-08,84.76000213623047,68.69652557373047
2016-03-09,84.7300033569336,68.67219543457031
2016-03-10,84.72000122070312,68.66410827636719
2016-03-11,84.63999938964844,68.5992660522461
2016-03-14,84.63999938964844,68.5992660522461
2016-03-15,84.66999816894531,68.62353515625
2016-03-16,84.83999633789062,68.76138305664062
2016-03-17,84.83000183105469,68.75328063964844
2016-03-18,84.8499984741211,68.7694320678711
2016-03-21,84.83999633789062,68.76138305664062
2016-03-22,84.79000091552734,68.72084045410156
2016-03-23,84.83999633789062,68.76138305664062
2016-03-24,84.80000305175781,68.72893524169922
2016-03-28,84.81999969482422,68.74510192871094
2016-03-29,84.9800033569336,68.87480926513672
2016-03-30,84.98999786376953,68.88289642333984
2016-03-31,85.02999877929688,68.91532135009766
2016-04-01,84.93000030517578,68.8755874633789
2016-04-04,84.98999786376953,68.9242935180664
2016-04-05,85.0199966430664,68.94860076904297
2016-04-06,84.98999786376953,68.9242935180664
2016-04-07,85.04000091552734,68.96483612060547
2016-04-08,85.04000091552734,68.96483612060547
2016-04-11,85.02999877929688,68.95668029785156
2016-04-12,85.01000213623047,68.94049072265625
2016-04-13,84.97000122070312,68.90797424316406
2016-04-14,84.97000122070312,68.90797424316406
2016-04-15,85.02999877929688,68.95668029785156
2016-04-18,85.0199966430664,68.94860076904297
2016-04-19,84.98999786376953,68.9242935180664
2016-04-20,84.93000030517578,68.8755874633789
2016-04-21,84.91000366210938,68.85942840576172
2016-04-22,84.91000366210938,68.85942840576172
2016-04-25,84.88999938964844,68.84318542480469
2016-04-26,84.87000274658203,68.82694244384766
2016-04-27,84.93000030517578,68.8755874633789
2016-04-28,84.9800033569336,68.9161605834961
2016-04-29,85.01000213623047,68.94049072265625
2016-05-02,84.93000030517578,68.91532135009766
2016-05-03,85.0199966430664,68.98834228515625
2016-05-04,85.01000213623047,68.9802474975586
2016-05-05,85.04000091552734,69.00456237792969
2016-05-06,85.0199966430664,68.98834228515625
2016-05-09,85.05999755859375,69.02081298828125
2016-05-10,85.08000183105469,69.03705596923828
2016-05-11,85.05000305175781,69.01272583007812
2016-05-12,85.0,68.97212982177734
2016-05-13,85.01000213623047,68.9802474975586
2016-05-16,84.97000122070312,68.94775390625
2016-05-17,84.94000244140625,68.92346954345703
2016-05-18,84.79000091552734,68.8017349243164
2016-05-19,84.80999755859375,68.81796264648438
2016-05-20,84.83999633789062,68.8423080444336
2016-05-23,84.83000183105469,68.83421325683594
2016-05-24,84.7699966430664,68.78548431396484
2016-05-25,84.81999969482422,68.82605743408203
2016-05-26,84.87000274658203,68.86666870117188
2016-05-27,84.81999969482422,68.82605743408203
2016-05-31,84.86000061035156,68.85851287841797
2016-06-01,84.75,68.8106460571289
2016-06-02,84.81999969482422,68.86744689941406
2016-06-03,84.95999908447266,68.98111724853516
2016-06-06,84.94000244140625,68.96488952636719
2016-06-07,84.95999908447266,68.98111724853516
2016-06-08,84.9800033569336,68.99737548828125
2016-06-09,85.0,69.01361846923828
2016-06-10,85.05000305175781,69.05423736572266
2016-06-13,85.06999969482422,69.07039642333984
2016-06-14,85.08000183105469,69.07854461669922
2016-06-15,85.18000030517578,69.15975189208984
2016-06-16,85.12999725341797,69.1191635131836
2016-06-17,85.13999938964844,69.12730407714844
2016-06-20,85.08999633789062,69.08670043945312
2016-06-21,85.02999877929688,69.0379867553711
2016-06-22,85.05999755859375,69.06231689453125
2016-06-23,85.02999877929688,69.0379867553711
2016-06-24,85.2300033569336,69.20032501220703
2016-06-27,85.27999877929688,69.24092102050781
2016-06-28,85.30999755859375,69.26530456542969
2016-06-29,85.27999877929688,69.24092102050781
2016-06-30,85.31999969482422,69.27342224121094
2016-07-01,85.30000305175781,69.29777526855469
2016-07-05,85.33999633789062,69.33023834228516
2016-07-06,85.30000305175781,69.29777526855469
2016-07-07,85.26000213623047,69.26530456542969
2016-07-08,85.26000213623047,69.26530456542969
2016-07-11,85.16999816894531,69.19219207763672
2016-07-12,85.13999938964844,69.16783905029297
2016-07-13,85.16000366210938,69.18408203125
2016-07-14,85.11000061035156,69.1434097290039
2016-07-15,85.06999969482422,69.11093139648438
2016-07-18,85.12000274658203,69.15157318115234
2016-07-19,85.12999725341797,69.15969848632812
2016-07-20,85.08999633789062,69.12720489501953
2016-07-21,85.1500015258789,69.1759262084961
2016-07-22,85.12000274658203,69.15157318115234
2016-07-25,85.05999755859375,69.10282897949219
2016-07-26,85.06999969482422,69.11093139648438
2016-07-27,85.12999725341797,69.15969848632812
2016-07-28,85.12000274658203,69.15157318115234
2016-07-29,85.2300033569336,69.24091339111328
2016-08-01,85.1500015258789,69.21736907958984
2016-08-02,85.12000274658203,69.1929931640625
2016-08-03,85.12999725341797,69.20110321044922
2016-08-04,85.19000244140625,69.2498779296875
2016-08-05,85.06999969482422,69.15233612060547
2016-08-08,85.04000091552734,69.12793731689453
2016-08-09,85.08999633789062,69.16859436035156
2016-08-10,85.12999725341797,69.20110321044922
2016-08-11,85.05000305175781,69.1360855102539
2016-08-12,85.11000061035156,69.18482971191406
2016-08-15,85.08999633789062,69.16859436035156
2016-08-16,85.05999755859375,69.14418029785156
2016-08-17,85.05999755859375,69.14418029785156
2016-08-18,85.12000274658203,69.1929931640625
2016-08-19,85.04000091552734,69.12793731689453
2016-08-22,85.05000305175781,69.1360855102539
2016-08-23,85.05999755859375,69.14418029785156
2016-08-24,85.04000091552734,69.12793731689453
2016-08-25,85.01000213623047,69.10356140136719
2016-08-26,84.93000030517578,69.03852081298828
2016-08-29,84.9800033569336,69.07916259765625
2016-08-30,84.98999786376953,69.0872802734375
2016-08-31,84.9800033569336,69.07916259765625
2016-09-01,84.97000122070312,69.11167907714844
2016-09-02,84.97000122070312,69.11167907714844
2016-09-06,85.02999877929688,69.1605224609375
2016-09-07,85.02999877929688,69.1605224609375
2016-09-08,84.97000122070312,69.11167907714844
2016-09-09,84.94000244140625,69.08728790283203
2016-09-12,84.97000122070312,69.11167907714844
2016-09-13,84.94000244140625,69.08728790283203
2016-09-14,84.98999786376953,69.12796783447266
2016-09-15,85.05999755859375,69.18489074707031
2016-09-16,85.0199966430664,69.15237426757812
2016-09-19,85.0,69.13612365722656
2016-09-20,84.9800033569336,69.11986541748047
2016-09-21,85.0,69.13612365722656
2016-09-22,84.9800033569336,69.11986541748047
2016-09-23,85.02999877929688,69.1605224609375
2016-09-26,85.08000183105469,69.20118713378906
2016-09-27,85.08999633789062,69.20932006835938
2016-09-28,85.08000183105469,69.20118713378906
2016-09-29,85.11000061035156,69.22555541992188
2016-09-30,85.04000091552734,69.16864013671875
2016-10-03,84.9800033569336,69.15971374511719
2016-10-04,84.91000366210938,69.1027603149414
2016-10-05,84.86000061035156,69.06201171875
2016-10-06,84.86000061035156,69.06201171875
2016-10-07,84.88999938964844,69.08643341064453
2016-10-10,84.8499984741211,69.05388641357422
2016-10-11,84.83999633789062,69.0457992553711
2016-10-12,84.83999633789062,69.0457992553711
2016-10-13,84.87000274658203,69.07013702392578
2016-10-14,84.8499984741211,69.05388641357422
2016-10-17,84.91999816894531,69.1108169555664
2016-10-18,84.94999694824219,69.13525390625
2016-10-19,84.94999694824219,69.13525390625
2016-10-20,84.91000366210938,69.1027603149414
2016-10-21,84.93000030517578,69.1190185546875
2016-10-24,84.9000015258789,69.09461975097656
2016-10-25,84.9000015258789,69.09461975097656
2016-10-26,84.87000274658203,69.07013702392578
2016-10-27,84.88999938964844,69.08643341064453
2016-10-28,84.88999938964844,69.08643341064453
2016-10-31,84.94999694824219,69.13525390625
2016-11-01,84.9000015258789,69.13610076904297
2016-11-02,84.94999694824219,69.17676544189453
2016-11-03,84.95999908447266,69.18492889404297
2016-11-04,84.98999786376953,69.20938110351562
2016-11-07,84.95999908447266,69.18492889404297
2016-11-08,84.87000274658203,69.11164093017578
2016-11-09,84.76000213623047,69.02210235595703
2016-11-10,84.7300033569336,68.99763488769531
2016-11-11,84.7300033569336,68.99763488769531
2016-11-14,84.5999984741211,68.89180755615234
2016-11-15,84.62999725341797,68.91622161865234
2016-11-16,84.62000274658203,68.90805053710938
2016-11-17,84.61000061035156,68.89990997314453
2016-11-18,84.55999755859375,68.85929107666016
2016-11-21,84.55000305175781,68.85105895996094
2016-11-22,84.52999877929688,68.83478546142578
2016-11-23,84.4800033569336,68.7940444946289
2016-11-25,84.47000122070312,68.78591918945312
2016-11-28,84.5199966430664,68.82662963867188
2016-11-29,84.52999877929688,68.83478546142578
2016-11-30,84.5,68.81031799316406
2016-12-01,84.41000366210938,68.77779388427734
2016-12-02,84.5,68.85107421875
2016-12-05,84.5,68.85107421875
2016-12-06,84.4800033569336,68.83477020263672
2016-12-07,84.51000213623047,68.85929107666016
2016-12-08,84.5,68.85107421875
2016-12-09,84.48999786376953,68.84293365478516
2016-12-12,84.45999908447266,68.8184814453125
2016-12-13,84.44999694824219,68.81031799316406
2016-12-14,84.29000091552734,68.67999267578125
2016-12-15,84.25,68.64736938476562
2016-12-16,84.29000091552734,68.67999267578125
2016-12-19,84.33000183105469,68.71255493164062
2016-12-20,84.33999633789062,68.72071838378906
2016-12-21,84.37999725341797,68.75332641601562
2016-12-22,84.33999633789062,68.77043914794922
2016-12-23,84.33999633789062,68.77043914794922
2016-12-27,84.30000305175781,68.73783111572266
2016-12-28,84.33000183105469,68.76225280761719
2016-12-29,84.41999816894531,68.8356704711914
2016-12-30,84.44999694824219,68.860107421875
2017-01-03,84.37999725341797,68.80307006835938
2017-01-04,84.4000015258789,68.81932067871094
2017-01-05,84.45999908447266,68.8682861328125
2017-01-06,84.38999938964844,68.81123352050781
2017-01-09,84.45999908447266,68.8682861328125
2017-01-10,84.43000030517578,68.84381103515625
2017-01-11,84.47000122070312,68.87643432617188
2017-01-12,84.5,68.90087890625
2017-01-13,84.45999908447266,68.8682861328125
2017-01-17,84.5199966430664,68.91719055175781
2017-01-18,84.44000244140625,68.85199737548828
2017-01-19,84.41000366210938,68.82754516601562
2017-01-20,84.45999908447266,68.8682861328125
2017-01-23,84.54000091552734,68.93352508544922
2017-01-24,84.48999786376953,68.89273071289062
2017-01-25,84.47000122070312,68.87643432617188
2017-01-26,84.4800033569336,68.88456726074219
2017-01-27,84.5199966430664,68.91719055175781
2017-01-30,84.5199966430664,68.91719055175781
2017-01-31,84.54000091552734,68.93352508544922
2017-02-01,84.45999908447266,68.90985107421875
2017-02-02,84.48999786376953,68.93433380126953
2017-02-03,84.45999908447266,68.90985107421875
2017-02-06,84.55000305175781,68.98332214355469
2017-02-07,84.52999877929688,68.96696472167969
2017-02-08,84.61000061035156,69.03225708007812
2017-02-09,84.54000091552734,68.97514343261719
2017-02-10,84.52999877929688,68.96696472167969
2017-02-13,84.51000213623047,68.95062255859375
2017-02-14,84.44999694824219,68.90168762207031
2017-02-15,84.41999816894531,68.87722778320312
2017-02-16,84.45999908447266,68.90985107421875
2017-02-17,84.5199966430664,68.95877838134766
2017-02-21,84.52999877929688,68.96696472167969
2017-02-22,84.55000305175781,68.98332214355469
2017-02-23,84.58999633789062,69.01592254638672
2017-02-24,84.62999725341797,69.04853820800781
2017-02-27,84.55999755859375,68.99143981933594
2017-02-28,84.5199966430664,68.95877838134766
2017-03-01,84.4000015258789,68.90493774414062
2017-03-02,84.30999755859375,68.83143615722656
2017-03-03,84.33000183105469,68.84779357910156
2017-03-06,84.3499984741211,68.86414337158203
2017-03-07,84.31999969482422,68.83960723876953
2017-03-08,84.25,68.7824478149414
2017-03-09,84.23999786376953,68.77428436279297
2017-03-10,84.29000091552734,68.8151626586914
2017-03-13,84.25,68.7824478149414
2017-03-14,84.23999786376953,68.77428436279297
2017-03-15,84.4000015258789,68.90493774414062
2017-03-16,84.33999633789062,68.85591888427734
2017-03-17,84.37999725341797,68.88861846923828
2017-03-20,84.43000030517578,68.92941284179688
2017-03-21,84.47000122070312,68.96202087402344
2017-03-22,84.48999786376953,68.9784164428711
2017-03-23,84.48999786376953,68.9784164428711
2017-03-24,84.48999786376953,68.9784164428711
2017-03-27,84.5199966430664,69.00286865234375
2017-03-28,84.4800033569336,68.97024536132812
2017-03-29,84.52999877929688,69.01107025146484
2017-03-30,84.51000213623047,68.99472045898438
2017-03-31,84.5199966430664,69.00286865234375
2017-04-03,84.54000091552734,69.06660461425781
2017-04-04,84.51000213623047,69.04212951660156
2017-04-05,84.51000213623047,69.04212951660156
2017-04-06,84.52999877929688,69.05846405029297
2017-04-07,84.41999816894531,68.96857452392578
2017-04-10,84.45999908447266,69.00128173828125
2017-04-11,84.54000091552734,69.06660461425781
2017-04-12,84.5999984741211,69.11563873291016
2017-04-13,84.63999938964844,69.1483383178711
2017-04-17,84.62999725341797,69.1401596069336
2017-04-18,84.69999694824219,69.19729614257812
2017-04-19,84.66000366210938,69.16466522216797
2017-04-20,84.6500015258789,69.156494140625
2017-04-21,84.69000244140625,69.18917846679688
2017-04-24,84.5999984741211,69.11563873291016
2017-04-25,84.5199966430664,69.05029296875
2017-04-26,84.55000305175781,69.07482147216797
2017-04-27,84.58000183105469,69.09931182861328
2017-04-28,84.62000274658203,69.13200378417969
2017-05-01,84.5,69.0844955444336
2017-05-02,84.52999877929688,69.10910034179688
2017-05-03,84.47000122070312,69.06005859375
2017-05-04,84.45999908447266,69.05184173583984
2017-05-05,84.48999786376953,69.07635498046875
2017-05-08,84.44999694824219,69.04366302490234
2017-05-09,84.41000366210938,69.010986328125
2017-05-10,84.43000030517578,69.0273666381836
2017-05-11,84.44000244140625,69.0355224609375
2017-05-12,84.54000091552734,69.11725616455078
2017-05-15,84.52999877929688,69.10910034179688
2017-05-16,84.52999877929688,69.10910034179688
2017-05-17,84.62000274658203,69.18264770507812
2017-05-18,84.58000183105469,69.14997100830078
2017-05-19,84.5999984741211,69.16631317138672
2017-05-22,84.56999969482422,69.14176940917969
2017-05-23,84.54000091552734,69.11725616455078
2017-05-24,84.58999633789062,69.15814208984375
2017-05-25,84.58999633789062,69.15814208984375
2017-05-26,84.58000183105469,69.14997100830078
2017-05-30,84.61000061035156,69.1744384765625
2017-05-31,84.62000274658203,69.18264770507812
2017-06-01,84.54000091552734,69.16957092285156
2017-06-02,84.5999984741211,69.21867370605469
2017-06-05,84.52999877929688,69.16140747070312
2017-06-06,84.55999755859375,69.1859359741211
2017-06-07,84.52999877929688,69.16140747070312
2017-06-08,84.51000213623047,69.14501953125
2017-06-09,84.4800033569336,69.12044525146484
2017-06-12,84.47000122070312,69.1123275756836
2017-06-13,84.47000122070312,69.1123275756836
2017-06-14,84.51000213623047,69.14501953125
2017-06-15,84.4800033569336,69.12044525146484
2017-06-16,84.5199966430664,69.15320587158203
2017-06-19,84.47000122070312,69.1123275756836
2017-06-20,84.4800033569336,69.12044525146484
2017-06-21,84.48999786376953,69.1286392211914
2017-06-22,84.5,69.13680267333984
2017-06-23,84.55000305175781,69.1777572631836
2017-06-26,84.55000305175781,69.1777572631836
2017-06-27,84.5,69.13680267333984
2017-06-28,84.54000091552734,69.16957092285156
2017-06-29,84.48999786376953,69.1286392211914
2017-06-30,84.48999786376953,69.1286392211914
2017-07-03,84.36000061035156,69.0770492553711
2017-07-05,84.38999938964844,69.10164642333984
2017-07-06,84.41000366210938,69.11800384521484
2017-07-07,84.4000015258789,69.10984802246094
2017-07-10,84.44000244140625,69.1426010131836
2017-07-11,84.47000122070312,69.16716003417969
2017-07-12,84.51000213623047,69.19989776611328
2017-07-13,84.47000122070312,69.16716003417969
2017-07-14,84.51000213623047,69.19989776611328
2017-07-17,84.5199966430664,69.20809936523438
2017-07-18,84.54000091552734,69.22444915771484
2017-07-19,84.54000091552734,69.22444915771484
2017-07-20,84.54000091552734,69.22444915771484
2017-07-21,84.58000183105469,69.25724792480469
2017-07-24,84.55000305175781,69.232666015625
2017-07-25,84.5,69.19168853759766
2017-07-26,84.55999755859375,69.24080657958984
2017-07-27,84.54000091552734,69.22444915771484
2017-07-28,84.58999633789062,69.26542663574219
2017-07-31,84.58000183105469,69.25724792480469
2017-08-01,84.54000091552734,69.28260040283203
2017-08-02,84.5,69.24983978271484
2017-08-03,84.52999877929688,69.27442932128906
2017-08-04,84.5,69.24983978271484
2017-08-07,84.52999877929688,69.27442932128906
2017-08-08,84.52999877929688,69.27442932128906
2017-08-09,84.5199966430664,69.26622772216797
2017-08-10,84.55000305175781,69.29083251953125
2017-08-11,84.66000366210938,69.3809585571289
2017-08-14,84.58999633789062,69.32356262207031
2017-08-15,84.55000305175781,69.29083251953125
2017-08-16,84.5999984741211,69.331787109375
2017-08-17,84.62000274658203,69.3481674194336
2017-08-18,84.61000061035156,69.33999633789062
2017-08-21,84.62999725341797,69.35636901855469
2017-08-22,84.62000274658203,69.3481674194336
2017-08-23,84.69999694824219,69.41378021240234
2017-08-24,84.62000274658203,69.3481674194336
2017-08-25,84.6500015258789,69.37274932861328
2017-08-28,84.62000274658203,69.3481674194336
2017-08-29,84.66000366210938,69.3809585571289
2017-08-30,84.68000030517578,69.3973617553711
2017-08-31,84.68000030517578,69.3973617553711
2017-09-01,84.58999633789062,69.38258361816406
2017-09-05,84.66999816894531,69.44820404052734
2017-09-06,84.66000366210938,69.44001007080078
2017-09-07,84.70999908447266,69.48101043701172
2017-09-08,84.69000244140625,69.46461486816406
2017-09-11,84.61000061035156,69.39898681640625
2017-09-12,84.56999969482422,69.36618041992188
2017-09-13,84.55000305175781,69.34981536865234
2017-09-14,84.55999755859375,69.35799407958984
2017-09-15,84.55000305175781,69.34981536865234
2017-09-18,84.5,69.30878448486328
2017-09-19,84.51000213623047,69.31697845458984
2017-09-20,84.44000244140625,69.25959014892578
2017-09-21,84.41999816894531,69.24317932128906
2017-09-22,84.44000244140625,69.25959014892578
2017-09-25,84.48999786376953,69.30059814453125
2017-09-26,84.47000122070312,69.28411102294922
2017-09-27,84.45999908447266,69.27594757080078
2017-09-28,84.47000122070312,69.28411102294922
2017-09-29,84.44999694824219,69.26775360107422
2017-10-02,84.44000244140625,69.31951904296875
2017-10-03,84.38999938964844,69.27843475341797
2017-10-04,84.55000305175781,69.40979766845703
2017-10-05,84.37000274658203,69.26203918457031
2017-10-06,84.33999633789062,69.23738861083984
2017-10-09,84.33999633789062,69.23738861083984
2017-10-10,84.36000061035156,69.2537841796875
2017-10-11,84.3499984741211,69.24557495117188
2017-10-12,84.33999633789062,69.23738861083984
2017-10-13,84.38999938964844,69.27843475341797
2017-10-16,84.30999755859375,69.21272277832031
2017-10-17,84.31999969482422,69.22095489501953
2017-10-18,84.29000091552734,69.19640350341797
2017-10-19,84.33999633789062,69.23738861083984
2017-10-20,84.29000091552734,69.19640350341797
2017-10-23,84.29000091552734,69.19640350341797
2017-10-24,84.2699966430664,69.17992401123047
2017-10-25,84.25,69.16352844238281
2017-10-26,84.25,69.16352844238281
2017-10-27,84.30999755859375,69.21272277832031
2017-10-30,84.3499984741211,69.24557495117188
2017-10-31,84.30000305175781,69.20458984375
2017-11-01,84.20999908447266,69.19470977783203
2017-11-02,84.2300033569336,69.21115112304688
2017-11-03,84.18000030517578,69.1700668334961
2017-11-06,84.2300033569336,69.21115112304688
2017-11-07,84.19000244140625,69.17823791503906
2017-11-08,84.18000030517578,69.1700668334961
2017-11-09,84.16999816894531,69.16181945800781
2017-11-10,84.13999938964844,69.13716125488281
2017-11-13,84.12999725341797,69.12898254394531
2017-11-14,84.1500015258789,69.14539337158203
2017-11-15,84.12000274658203,69.1207046508789
2017-11-16,84.12999725341797,69.12898254394531
2017-11-17,84.08000183105469,69.087890625
2017-11-20,84.05000305175781,69.06320190429688
2017-11-21,84.02999877929688,69.04679107666016
2017-11-22,84.0999984741211,69.10430145263672
2017-11-24,84.0999984741211,69.10430145263672
2017-11-27,84.0999984741211,69.10430145263672
2017-11-28,84.11000061035156,69.11251831054688
2017-11-29,84.08999633789062,69.0960693359375
2017-11-30,84.04000091552734,69.05500793457031
2017-12-01,83.9800033569336,69.07063293457031
2017-12-04,83.93000030517578,69.02946472167969
2017-12-05,83.91999816894531,69.02128601074219
2017-12-06,83.95999908447266,69.05416107177734
2017-12-07,83.97000122070312,69.06241607666016
2017-12-08,83.97000122070312,69.06241607666016
2017-12-11,83.93000030517578,69.02946472167969
2017-12-12,83.93000030517578,69.02946472167969
2017-12-13,84.0199966430664,69.10352325439453
2017-12-14,83.98999786376953,69.07882690429688
2017-12-15,83.94999694824219,69.04594421386719
2017-12-18,83.94999694824219,69.04594421386719
2017-12-19,83.91000366210938,69.01307678222656
2017-12-20,83.91999816894531,69.02128601074219
2017-12-21,83.81999969482422,69.01634216308594
2017-12-22,83.79000091552734,68.99161529541016
2017-12-26,83.77999877929688,68.98344421386719
2017-12-27,83.81999969482422,69.01634216308594
2017-12-28,83.83000183105469,69.02457427978516
2017-12-29,83.8499984741211,69.04105377197266
2018-01-02,83.81999969482422,69.01634216308594
2018-01-03,83.81999969482422,69.01634216308594
2018-01-04,83.77999877929688,68.98344421386719
2018-01-05,83.77999877929688,68.98344421386719
2018-01-08,83.77999877929688,68.98344421386719
2018-01-09,83.75,68.9587173461914
2018-01-10,83.77999877929688,68.98344421386719
2018-01-11,83.75,68.9587173461914
2018-01-12,83.73999786376953,68.95045471191406
2018-01-16,83.7300033569336,68.94225311279297
2018-01-17,83.69999694824219,68.91751861572266
2018-01-18,83.68000030517578,68.90105438232422
2018-01-19,83.70999908447266,68.92578887939453
2018-01-22,83.66999816894531,68.892822265625
2018-01-23,83.72000122070312,68.9339828491211
2018-01-24,83.69999694824219,68.91751861572266
2018-01-25,83.68000030517578,68.90105438232422
2018-01-26,83.62999725341797,68.85989379882812
2018-01-29,83.5999984741211,68.8351821899414
2018-01-30,83.61000061035156,68.8434066772461
2018-01-31,83.61000061035156,68.8434066772461
2018-02-01,83.48999786376953,68.8154067993164
2018-02-02,83.5,68.8236083984375
2018-02-05,83.6500015258789,68.94731903076172
2018-02-06,83.58999633789062,68.89783477783203
2018-02-07,83.52999877929688,68.84841918945312
2018-02-08,83.54000091552734,68.85659790039062
2018-02-09,83.61000061035156,68.91429138183594
2018-02-12,83.56999969482422,68.8813705444336
2018-02-13,83.56999969482422,68.8813705444336
2018-02-14,83.44999694824219,68.78244018554688
2018-02-15,83.41999816894531,68.75770568847656
2018-02-16,83.44000244140625,68.77421569824219
2018-02-20,83.43000030517578,68.76596069335938
2018-02-21,83.44000244140625,68.77421569824219
2018-02-22,83.44999694824219,68.78244018554688
2018-02-23,83.47000122070312,68.79889678955078
2018-02-26,83.4800033569336,68.80716705322266
2018-02-27,83.41999816894531,68.75770568847656
2018-02-28,83.44000244140625,68.77421569824219
2018-03-01,83.47000122070312,68.86990356445312
2018-03-02,83.43000030517578,68.8369140625
2018-03-05,83.43000030517578,68.8369140625
2018-03-06,83.41000366210938,68.82040405273438
2018-03-07,83.41000366210938,68.82040405273438
2018-03-08,83.43000030517578,68.8369140625
2018-03-09,83.38999938964844,68.80391693115234
2018-03-12,83.43000030517578,68.8369140625
2018-03-13,83.44999694824219,68.8533935546875
2018-03-14,83.44000244140625,68.84513092041016
2018-03-15,83.44999694824219,68.8533935546875
2018-03-16,83.41000366210938,68.82040405273438
2018-03-19,83.41000366210938,68.82040405273438
2018-03-20,83.37999725341797,68.7956771850586
2018-03-21,83.44000244140625,68.84513092041016
2018-03-22,83.4800033569336,68.87813568115234
2018-03-23,83.5,68.89466857910156
2018-03-26,83.45999908447266,68.86165618896484
2018-03-27,83.5199966430664,68.9111557006836
2018-03-28,83.52999877929688,68.91940307617188
2018-03-29,83.55999755859375,68.94415283203125
2018-04-02,83.48999786376953,68.96400451660156
2018-04-03,83.44999694824219,68.93091583251953
2018-04-04,83.4000015258789,68.88964080810547
2018-04-05,83.41999816894531,68.90616607666016
2018-04-06,83.48999786376953,68.96400451660156
2018-04-09,83.4800033569336,68.95570373535156
2018-04-10,83.44000244140625,68.92269897460938
2018-04-11,83.44000244140625,68.92269897460938
2018-04-12,83.38999938964844,68.88139343261719
2018-04-13,83.37000274658203,68.86487579345703
2018-04-16,83.36000061035156,68.85660552978516
2018-04-17,83.36000061035156,68.85660552978516
2018-04-18,83.29000091552734,68.79874420166016
2018-04-19,83.29000091552734,68.79874420166016
2018-04-20,83.26000213623047,68.77400207519531
2018-04-23,83.25,68.7657241821289
2018-04-24,83.2699966430664,68.7822494506836
2018-04-25,83.26000213623047,68.77400207519531
2018-04-26,83.27999877929688,68.79055786132812
2018-04-27,83.30000305175781,68.80706787109375
2018-04-30,83.2699966430664,68.7822494506836
2018-05-01,83.12999725341797,68.75169372558594
2018-05-02,83.16000366210938,68.7764663696289
2018-05-03,83.22000122070312,68.82609558105469
2018-05-04,83.19000244140625,68.80131530761719
2018-05-07,83.19000244140625,68.80131530761719
2018-05-08,83.19999694824219,68.80953979492188
2018-05-09,83.16000366210938,68.7764663696289
2018-05-10,83.16000366210938,68.7764663696289
2018-05-11,83.16000366210938,68.7764663696289
2018-05-14,83.16000366210938,68.7764663696289
2018-05-15,83.11000061035156,68.73506927490234
2018-05-16,83.11000061035156,68.73506927490234
2018-05-17,83.12999725341797,68.75169372558594
2018-05-18,83.16999816894531,68.78471374511719
2018-05-21,83.16999816894531,68.78471374511719
2018-05-22,83.16999816894531,68.78471374511719
2018-05-23,83.23999786376953,68.84260559082031
2018-05-24,83.29000091552734,68.88394165039062
2018-05-25,83.36000061035156,68.94187927246094
2018-05-29,83.5999984741211,69.14038848876953
2018-05-30,83.5,69.0576400756836
2018-05-31,83.45999908447266,69.02456665039062
2018-06-01,83.2699966430664,68.97157287597656
2018-06-04,83.19999694824219,68.91360473632812
2018-06-05,83.25,68.95501708984375
2018-06-06,83.22000122070312,68.93013000488281
2018-06-07,83.30000305175781,68.9964599609375
2018-06-08,83.27999877929688,68.97984313964844
2018-06-11,83.25,68.95501708984375
2018-06-12,83.20999908447266,68.921875
2018-06-13,83.16999816894531,68.88871002197266
2018-06-14,83.19999694824219,68.91360473632812
2018-06-15,83.23999786376953,68.94670104980469
2018-06-18,83.26000213623047,68.96327209472656
2018-06-19,83.29000091552734,68.9881362915039
2018-06-20,83.25,68.95501708984375
2018-06-21,83.30000305175781,68.9964599609375
2018-06-22,83.30999755859375,69.00466918945312
2018-06-25,83.33999633789062,69.02955627441406
2018-06-26,83.33999633789062,69.02955627441406
2018-06-27,83.38999938964844,69.07095336914062
2018-06-28,83.38999938964844,69.07095336914062
2018-06-29,83.37000274658203,69.05441284179688
2018-07-02,83.2300033569336,69.04610443115234
2018-07-03,83.26000213623047,69.07097625732422
2018-07-05,83.25,69.06266021728516
2018-07-06,83.2699966430664,69.07929992675781
2018-07-09,83.22000122070312,69.03778839111328
2018-07-10,83.20999908447266,69.02951049804688
2018-07-11,83.23999786376953,69.05439758300781
2018-07-12,83.2300033569336,69.04610443115234
2018-07-13,83.25,69.06266021728516
2018-07-16,83.2300033569336,69.04610443115234
2018-07-17,83.22000122070312,69.03778839111328
2018-07-18,83.20999908447266,69.02951049804688
2018-07-19,83.25,69.06266021728516
2018-07-20,83.25,69.06266021728516
2018-07-23,83.19999694824219,69.02120208740234
2018-07-24,83.20999908447266,69.02951049804688
2018-07-25,83.18000030517578,69.00459289550781
2018-07-26,83.18000030517578,69.00459289550781
2018-07-27,83.19000244140625,69.0129165649414
2018-07-30,83.19000244140625,69.0129165649414
2018-07-31,83.19000244140625,69.0129165649414
2018-08-01,83.05999755859375,69.01957702636719
2018-08-02,83.11000061035156,69.06111907958984
2018-08-03,83.12000274658203,69.06941223144531
2018-08-06,83.13999938964844,69.08607482910156
2018-08-07,83.11000061035156,69.06111907958984
2018-08-08,83.12000274658203,69.06941223144531
2018-08-09,83.16999816894531,69.11097717285156
2018-08-10,83.25,69.17742919921875
2018-08-13,83.2300033569336,69.16082763671875
2018-08-14,83.2300033569336,69.16082763671875
2018-08-15,83.2699966430664,69.1940689086914
2018-08-16,83.25,69.17742919921875
2018-08-17,83.27999877929688,69.20240020751953
2018-08-20,83.33000183105469,69.24391174316406
2018-08-21,83.30999755859375,69.22728729248047
2018-08-22,83.33000183105469,69.24391174316406
2018-08-23,83.31999969482422,69.23558807373047
2018-08-24,83.33000183105469,69.24391174316406
2018-08-27,83.30000305175781,69.2190170288086
2018-08-28,83.2699966430664,69.1940689086914
2018-08-29,83.26000213623047,69.18576049804688
2018-08-30,83.31999969482422,69.23558807373047
2018-08-31,83.33999633789062,69.25226593017578
2018-09-04,83.19000244140625,69.23641967773438
2018-09-05,83.19000244140625,69.23641967773438
2018-09-06,83.22000122070312,69.26142883300781
2018-09-07,83.12999725341797,69.18647003173828
2018-09-10,83.13999938964844,69.19480895996094
2018-09-11,83.08999633789062,69.1531753540039
2018-09-12,83.08999633789062,69.1531753540039
2018-09-13,83.0999984741211,69.16148376464844
2018-09-14,83.06999969482422,69.13655090332031
2018-09-17,83.05000305175781,69.1198959350586
2018-09-18,83.04000091552734,69.11157989501953
2018-09-19,83.0199966430664,69.09495544433594
2018-09-20,83.05000305175781,69.1198959350586
2018-09-21,83.02999877929688,69.10326385498047
2018-09-24,83.02999877929688,69.10326385498047
2018-09-25,83.04000091552734,69.11157989501953
2018-09-26,83.05000305175781,69.1198959350586
2018-09-27,83.05000305175781,69.1198959350586
2018-09-28,83.08999633789062,69.1531753540039
2018-10-01,82.93000030517578,69.13401794433594
2018-10-02,82.95999908447266,69.15898895263672
2018-10-03,82.91999816894531,69.12567138671875
2018-10-04,82.9000015258789,69.10905456542969
2018-10-05,82.88999938964844,69.1006851196289
2018-10-08,82.87000274658203,69.08399200439453
2018-10-09,82.9000015258789,69.10905456542969
2018-10-10,82.91999816894531,69.12567138671875
2018-10-11,82.94999694824219,69.15069580078125
2018-10-12,82.94999694824219,69.15069580078125
2018-10-15,82.9800033569336,69.17573547363281
2018-10-16,82.94999694824219,69.15069580078125
2018-10-17,82.94999694824219,69.15069580078125
2018-10-18,83.0,69.19239044189453
2018-10-19,82.94999694824219,69.15069580078125
2018-10-22,82.93000030517578,69.13401794433594
2018-10-23,82.9800033569336,69.17573547363281
2018-10-24,83.11000061035156,69.28407287597656
2018-10-25,83.08000183105469,69.25906372070312
2018-10-26,83.12999725341797,69.30075073242188
2018-10-29,83.16000366210938,69.32573699951172
2018-10-30,83.12000274658203,69.29241943359375
2018-10-31,83.08000183105469,69.25906372070312
2018-11-01,82.9800033569336,69.29752349853516
2018-11-02,82.87999725341797,69.21397399902344
2018-11-05,82.91000366210938,69.23902893066406
2018-11-06,82.88999938964844,69.22232818603516
2018-11-07,82.86000061035156,69.19725799560547
2018-11-08,82.8499984741211,69.18889617919922
2018-11-09,82.88999938964844,69.22232818603516
2018-11-12,82.94999694824219,69.27244567871094
2018-11-13,82.95999908447266,69.28079986572266
2018-11-14,83.0199966430664,69.33089447021484
2018-11-15,83.05999755859375,69.36430358886719
2018-11-16,83.12000274658203,69.4144058227539
2018-11-19,83.19000244140625,69.47285461425781
2018-11-20,83.16999816894531,69.4561538696289
2018-11-21,83.16999816894531,69.4561538696289
2018-11-23,83.1500015258789,69.43949890136719
2018-11-26,83.16000366210938,69.44778442382812
2018-11-27,83.16999816894531,69.4561538696289
2018-11-28,83.19999694824219,69.4811782836914
2018-11-29,83.22000122070312,69.49791717529297
2018-11-30,83.25,69.52296447753906
2018-12-03,83.04000091552734,69.46607971191406
2018-12-04,83.0999984741211,69.51629638671875
2018-12-06,83.18000030517578,69.58324432373047
2018-12-07,83.2699966430664,69.65848541259766
2018-12-10,83.2699966430664,69.65848541259766
2018-12-11,83.19000244140625,69.59154510498047
2018-12-12,83.18000030517578,69.58324432373047
2018-12-13,83.26000213623047,69.65013885498047
2018-12-14,83.30999755859375,69.69194030761719
2018-12-17,83.38999938964844,69.75885772705078
2018-12-18,83.31999969482422,69.7999038696289
2018-12-19,83.33999633789062,69.81669616699219
2018-12-20,83.33000183105469,69.80828094482422
2018-12-21,83.38999938964844,69.85856628417969
2018-12-24,83.45999908447266,69.9172134399414
2018-12-26,83.37999725341797,69.85017395019531
2018-12-27,83.47000122070312,69.92557525634766
2018-12-28,83.58999633789062,70.02610778808594
2018-12-31,83.62000274658203,70.05125427246094
2019-01-02,83.62999725341797,70.05960083007812
2019-01-03,83.80000305175781,70.20201110839844
2019-01-04,83.62000274658203,70.05125427246094
2019-01-07,83.55999755859375,70.0009994506836
2019-01-08,83.51000213623047,69.95906066894531
2019-01-09,83.55000305175781,69.99259185791016
2019-01-10,83.55999755859375,70.0009994506836
2019-01-11,83.61000061035156,70.04285430908203
2019-01-14,83.61000061035156,70.04285430908203
2019-01-15,83.63999938964844,70.0680160522461
2019-01-16,83.62000274658203,70.05125427246094
2019-01-17,83.61000061035156,70.04285430908203
2019-01-18,83.54000091552734,69.98419189453125
2019-01-22,83.61000061035156,70.04285430908203
2019-01-23,83.58999633789062,70.02610778808594
2019-01-24,83.66000366210938,70.08472442626953
2019-01-25,83.5999984741211,70.03451538085938
2019-01-28,83.61000061035156,70.04285430908203
2019-01-29,83.6500015258789,70.07635498046875
2019-01-30,83.76000213623047,70.16851806640625
2019-01-31,83.83000183105469,70.22715759277344
2019-02-01,83.58000183105469,70.14490509033203
2019-02-04,83.58000183105469,70.14490509033203
2019-02-05,83.58000183105469,70.14490509033203
2019-02-06,83.62000274658203,70.17851257324219
2019-02-07,83.68000030517578,70.22882080078125
2019-02-08,83.70999908447266,70.2540283203125
2019-02-11,83.68000030517578,70.22882080078125
2019-02-12,83.66999816894531,70.22042846679688
2019-02-13,83.61000061035156,70.17009735107422
2019-02-14,83.72000122070312,70.26239013671875
2019-02-15,83.68000030517578,70.22882080078125
2019-02-19,83.73999786376953,70.27918243408203
2019-02-20,83.7300033569336,70.27079772949219
2019-02-21,83.69999694824219,70.24559783935547
2019-02-22,83.76000213623047,70.29598236083984
2019-02-25,83.75,70.28760528564453
2019-02-26,83.79000091552734,70.32119750976562
2019-02-27,83.7699966430664,70.30436706542969
2019-02-28,83.75,70.28760528564453
2019-03-01,83.54000091552734,70.24050903320312
2019-03-04,83.55999755859375,70.25731658935547
2019-03-05,83.56999969482422,70.26573181152344
2019-03-06,83.62999725341797,70.31617736816406
2019-03-07,83.69999694824219,70.37503814697266
2019-03-08,83.7300033569336,70.40026092529297
2019-03-11,83.70999908447266,70.38345336914062
2019-03-12,83.73999786376953,70.40867614746094
2019-03-13,83.75,70.41709899902344
2019-03-14,83.7699966430664,70.43392181396484
2019-03-15,83.80000305175781,70.45911407470703
2019-03-18,83.77999877929688,70.44229888916016
2019-03-19,83.7699966430664,70.43392181396484
2019-03-20,83.88999938964844,70.53482818603516
2019-03-21,83.88999938964844,70.53482818603516
2019-03-22,84.02999877929688,70.65248107910156
2019-03-25,84.12000274658203,70.7281494140625
2019-03-26,84.11000061035156,70.71974182128906
2019-03-27,84.18000030517578,70.77863311767578
2019-03-28,84.16999816894531,70.77017974853516
2019-03-29,84.12000274658203,70.7281494140625
2019-04-01,83.87000274658203,70.65572357177734
2019-04-02,83.91000366210938,70.68943786621094
2019-04-03,83.87000274658203,70.65572357177734
2019-04-04,83.88999938964844,70.6725845336914
2019-04-05,83.87999725341797,70.66413879394531
2019-04-08,83.86000061035156,70.64727783203125
2019-04-09,83.87000274658203,70.65572357177734
2019-04-10,83.94000244140625,70.71466827392578
2019-04-11,83.88999938964844,70.6725845336914
2019-04-12,83.83999633789062,70.63047790527344
2019-04-15,83.8499984741211,70.63888549804688
2019-04-16,83.83999633789062,70.63047790527344
2019-04-17,83.87000274658203,70.65572357177734
2019-04-18,83.88999938964844,70.6725845336914
2019-04-22,83.9000015258789,70.68101501464844
2019-04-23,83.94000244140625,70.71466827392578
2019-04-24,83.98999786376953,70.75679779052734
2019-04-25,83.98999786376953,70.75679779052734
2019-04-26,84.08000183105469,70.8326644897461
2019-04-29,84.05000305175781,70.80733489990234
2019-04-30,84.11000061035156,70.85792541503906
2019-05-01,83.87999725341797,70.79546356201172
2019-05-02,83.83999633789062,70.76168823242188
2019-05-03,83.87000274658203,70.78702545166016
2019-05-06,83.91999816894531,70.8292236328125
2019-05-07,83.95999908447266,70.86296081542969
2019-05-08,83.94999694824219,70.85452270507812
2019-05-09,84.0,70.89676666259766
2019-05-10,84.0199966430664,70.9135971069336
2019-05-13,84.12000274658203,70.99803161621094
2019-05-14,84.12000274658203,70.99803161621094
2019-05-15,84.18000030517578,71.04862213134766
2019-05-16,84.12999725341797,71.00646209716797
2019-05-17,84.1500015258789,71.02333068847656
2019-05-20,84.11000061035156,70.98956298828125
2019-05-21,84.06999969482422,70.95580291748047
2019-05-22,84.11000061035156,70.98956298828125
2019-05-23,84.26000213623047,71.11617279052734
2019-05-24,84.2300033569336,71.0908432006836
2019-05-28,84.30000305175781,71.14993286132812
2019-05-29,84.30999755859375,71.15837860107422
2019-05-30,84.37999725341797,71.2174301147461
2019-05-31,84.55999755859375,71.36934661865234
2019-06-03,84.55000305175781,71.50385284423828
2019-06-04,84.48999786376953,71.45307922363281
2019-06-05,84.52999877929688,71.48695373535156
2019-06-06,84.4800033569336,71.44461059570312
2019-06-07,84.56999969482422,71.52073669433594
2019-06-10,84.48999786376953,71.45307922363281
2019-06-11,84.45999908447266,71.42772674560547
2019-06-12,84.52999877929688,71.48695373535156
2019-06-13,84.62000274658203,71.56305694580078
2019-06-14,84.58999633789062,71.53767395019531
2019-06-17,84.55000305175781,71.50385284423828
2019-06-18,84.55999755859375,71.51229095458984
2019-06-19,84.73999786376953,71.66448211669922
2019-06-20,84.77999877929688,71.69837951660156
2019-06-21,84.73999786376953,71.66448211669922
2019-06-24,84.79000091552734,71.70680236816406
2019-06-25,84.80999755859375,71.72372436523438
2019-06-26,84.70999908447266,71.63915252685547
2019-06-27,84.77999877929688,71.69837951660156
2019-06-28,84.77999877929688,71.69837951660156
2019-07-01,84.56999969482422,71.6526107788086
2019-07-02,84.62000274658203,71.69498443603516
2019-07-03,84.63999938964844,71.71192932128906
2019-07-05,84.47000122070312,71.56787109375
2019-07-08,84.43000030517578,71.53397369384766
2019-07-09,84.4000015258789,71.50859832763672
2019-07-10,84.55000305175781,71.63565063476562
2019-07-11,84.51000213623047,71.6017837524414
2019-07-12,84.5199966430664,71.61023712158203
2019-07-15,84.54000091552734,71.62718200683594
2019-07-16,84.51000213623047,71.6017837524414
2019-07-17,84.58999633789062,71.6695556640625
2019-07-18,84.69000244140625,71.75428771972656
2019-07-19,84.5999984741211,71.67802429199219
2019-07-22,84.61000061035156,71.68647003173828
2019-07-23,84.58999633789062,71.6695556640625
2019-07-24,84.61000061035156,71.68647003173828
2019-07-25,84.55999755859375,71.64409637451172
2019-07-26,84.56999969482422,71.6526107788086
2019-07-29,84.56999969482422,71.6526107788086
2019-07-30,84.58000183105469,71.66105651855469
2019-07-31,84.56999969482422,71.6526107788086
2019-08-01,84.66000366210938,71.8563232421875
2019-08-02,84.68000030517578,71.87327575683594
2019-08-05,84.8499984741211,72.0176010131836
2019-08-06,84.88999938964844,72.05152130126953
2019-08-07,84.9000015258789,72.06002044677734
2019-08-08,84.87000274658203,72.03451538085938
2019-08-09,84.81999969482422,71.99210357666016
2019-08-12,84.91000366210938,72.06849670410156
2019-08-13,84.80999755859375,71.9836196899414
2019-08-14,84.91999816894531,72.07698822021484
2019-08-15,85.0999984741211,72.22974395751953
2019-08-16,85.08999633789062,72.22126770019531
2019-08-19,85.0,72.14486694335938
2019-08-20,85.05999755859375,72.19580078125
2019-08-21,84.9800033569336,72.12791442871094
2019-08-22,84.94000244140625,72.0939712524414
2019-08-23,85.08000183105469,72.21277618408203
2019-08-26,85.04000091552734,72.17882537841797
2019-08-27,85.06999969482422,72.20429229736328
2019-08-28,85.08999633789062,72.22126770019531
2019-08-29,85.05000305175781,72.18730163574219
2019-08-30,85.08000183105469,72.21277618408203
2019-09-03,85.0,72.26891326904297
2019-09-04,85.06999969482422,72.32842254638672
2019-09-05,84.87999725341797,72.16692352294922
2019-09-06,84.88999938964844,72.17539978027344
2019-09-09,84.80000305175781,72.098876953125
2019-09-10,84.66000366210938,71.97982025146484
2019-09-11,84.66000366210938,71.97982025146484
2019-09-12,84.63999938964844,71.96282958984375
2019-09-13,84.5,71.84374237060547
2019-09-16,84.56999969482422,71.90333557128906
2019-09-17,84.61000061035156,71.93730163574219
2019-09-18,84.55999755859375,71.89479064941406
2019-09-19,84.56999969482422,71.90333557128906
2019-09-20,84.66000366210938,71.97982025146484
2019-09-23,84.70999908447266,72.02237701416016
2019-09-24,84.80000305175781,72.098876953125
2019-09-25,84.69000244140625,72.00534057617188
2019-09-26,84.7300033569336,72.03936004638672
2019-09-27,84.77999877929688,72.08177947998047
2019-09-30,84.81999969482422,72.11585998535156
2019-10-01,84.77999877929688,72.19669342041016
2019-10-02,84.87000274658203,72.27339172363281
2019-10-03,85.05000305175781,72.42668914794922
2019-10-04,85.04000091552734,72.41814422607422
2019-10-07,84.94999694824219,72.34156036376953
2019-10-08,85.0,72.38411712646484
2019-10-09,84.94999694824219,72.34156036376953
2019-10-10,84.8499984741211,72.25635528564453
2019-10-11,84.7699966430664,72.188232421875
2019-10-14,84.77999877929688,72.19669342041016
2019-10-15,84.76000213623047,72.17977142333984
2019-10-16,84.80000305175781,72.21381378173828
2019-10-17,84.80000305175781,72.21381378173828
2019-10-18,84.83000183105469,72.23931884765625
2019-10-21,84.79000091552734,72.20527648925781
2019-10-22,84.81999969482422,72.23081970214844
2019-10-23,84.80999755859375,72.22232055664062
2019-10-24,84.80999755859375,72.22232055664062
2019-10-25,84.76000213623047,72.17977142333984
2019-10-28,84.7300033569336,72.15420532226562
2019-10-29,84.75,72.17121124267578
2019-10-30,84.80000305175781,72.21381378173828
2019-10-31,84.94999694824219,72.34156036376953
2019-11-01,84.76000213623047,72.29891204833984
2019-11-04,84.69999694824219,72.2476577758789
2019-11-05,84.63999938964844,72.1965103149414
2019-11-06,84.69000244140625,72.23918914794922
2019-11-07,84.58999633789062,72.15386962890625
2019-11-08,84.5999984741211,72.16236114501953
2019-11-11,84.62000274658203,72.17948913574219
2019-11-12,84.62999725341797,72.18799591064453
2019-11-13,84.66999816894531,72.22209167480469
2019-11-14,84.75,72.29035186767578
2019-11-15,84.72000122070312,72.26476287841797
2019-11-18,84.76000213623047,72.29891204833984
2019-11-19,84.75,72.29035186767578
2019-11-20,84.79000091552734,72.32447052001953
2019-11-21,84.75,72.29035186767578
2019-11-22,84.73999786376953,72.28178405761719
2019-11-25,84.75,72.29035186767578
2019-11-26,84.79000091552734,72.32447052001953
2019-11-27,84.73999786376953,72.28178405761719
2019-11-29,84.7699966430664,72.30738830566406
2019-12-02,84.61000061035156,72.28521728515625
2019-12-03,84.7300033569336,72.38774108886719
2019-12-04,84.69000244140625,72.35355377197266
2019-12-05,84.6500015258789,72.31935119628906
2019-12-06,84.62000274658203,72.29376983642578
2019-12-09,84.62000274658203,72.29376983642578
2019-12-10,84.58000183105469,72.25956726074219
2019-12-11,84.6500015258789,72.31935119628906
2019-12-12,84.56999969482422,72.25102233886719
2019-12-13,84.66999816894531,72.3364486694336
2019-12-16,84.62000274658203,72.29376983642578
2019-12-17,84.63999938964844,72.31083679199219
2019-12-18,84.6500015258789,72.31935119628906
2019-12-19,84.52999877929688,72.33389282226562
2019-12-20,84.52999877929688,72.33389282226562
2019-12-23,84.51000213623047,72.31678771972656
2019-12-24,84.5199966430664,72.32534790039062
2019-12-26,84.55000305175781,72.35103607177734
2019-12-27,84.61000061035156,72.40239715576172
2019-12-30,84.63999938964844,72.42803955078125
2019-12-31,84.62999725341797,72.41947937011719
2020-01-02,84.66999816894531,72.45370483398438
2020-01-03,84.73999786376953,72.51361846923828
2020-01-06,84.70999908447266,72.48796844482422
2020-01-07,84.70999908447266,72.48796844482422
2020-01-08,84.66999816894531,72.45370483398438
2020-01-09,84.68000030517578,72.4622802734375
2020-01-10,84.69999694824219,72.4793701171875
2020-01-13,84.69000244140625,72.4708480834961
2020-01-14,84.69999694824219,72.4793701171875
2020-01-15,84.73999786376953,72.51361846923828
2020-01-16,84.73999786376953,72.51361846923828
2020-01-17,84.7699966430664,72.53927612304688
2020-01-21,84.79000091552734,72.55638885498047
2020-01-22,84.80999755859375,72.57353210449219
2020-01-23,84.83999633789062,72.59918975830078
2020-01-24,84.87000274658203,72.62486267089844
2020-01-27,84.95999908447266,72.70185852050781
2020-01-28,84.91999816894531,72.66764831542969
2020-01-29,85.0,72.7361068725586
2020-01-30,85.01000213623047,72.74467468261719
2020-01-31,85.12000274658203,72.83883666992188
2020-02-03,84.95999908447266,72.81734466552734
2020-02-04,84.87000274658203,72.74020385742188
2020-02-05,84.80999755859375,72.68881225585938
2020-02-06,84.83000183105469,72.70592498779297
2020-02-07,84.87999725341797,72.74881744384766
2020-02-10,84.91999816894531,72.7830810546875
2020-02-11,84.87999725341797,72.74881744384766
2020-02-12,84.83999633789062,72.71451568603516
2020-02-13,84.86000061035156,72.73168182373047
2020-02-14,84.9000015258789,72.76596069335938
2020-02-18,84.93000030517578,72.79167175292969
2020-02-19,84.94000244140625,72.80022430419922
2020-02-20,84.95999908447266,72.81734466552734
2020-02-21,85.02999877929688,72.87737274169922
2020-02-24,85.16999816894531,72.99738311767578
2020-02-25,85.26000213623047,73.07447052001953
2020-02-26,85.31999969482422,73.12593078613281
2020-02-27,85.41999816894531,73.21162414550781
2020-02-28,85.7300033569336,73.47733306884766
2020-03-02,85.56999969482422,73.44727325439453
2020-03-03,85.91000366210938,73.73909759521484
2020-03-04,85.91999816894531,73.74766540527344
2020-03-05,86.0999984741211,73.90219116210938
2020-03-06,86.19999694824219,73.98802185058594
2020-03-09,86.66999816894531,74.39142608642578
2020-03-10,86.29000091552734,74.06529998779297
2020-03-11,86.19000244140625,73.97944641113281
2020-03-12,86.16999816894531,73.96227264404297
2020-03-13,86.27999877929688,74.05667114257812
2020-03-16,86.41999816894531,74.1768569946289
2020-03-17,86.22000122070312,74.00519561767578
2020-03-18,86.11000061035156,73.91077423095703
2020-03-19,86.26000213623047,74.03950500488281
2020-03-20,86.48999786376953,74.23694610595703
2020-03-23,86.58999633789062,74.3227767944336
2020-03-24,86.47000122070312,74.21977996826172
2020-03-25,86.56999969482422,74.30557250976562
2020-03-26,86.66999816894531,74.39142608642578
2020-03-27,86.6500015258789,74.37428283691406
2020-03-30,86.69000244140625,74.40859985351562
2020-03-31,86.66999816894531,74.39142608642578
2020-04-01,86.62000274658203,74.4395523071289
2020-04-02,86.63999938964844,74.45674896240234
2020-04-03,86.62000274658203,74.4395523071289
2020-04-06,86.55999755859375,74.38799285888672
2020-04-07,86.54000091552734,74.370849609375
2020-04-08,86.58999633789062,74.41375732421875
2020-04-09,86.62000274658203,74.4395523071289
2020-04-13,86.62999725341797,74.44815826416016
2020-04-14,86.62999725341797,74.44815826416016
2020-04-15,86.66000366210938,74.47391510009766
2020-04-16,86.68000030517578,74.49112701416016
2020-04-17,86.6500015258789,74.46533203125
2020-04-20,86.6500015258789,74.46533203125
2020-04-21,86.66999816894531,74.48255157470703
2020-04-22,86.63999938964844,74.45674896240234
2020-04-23,86.62999725341797,74.44815826416016
2020-04-24,86.62999725341797,74.44815826416016
2020-04-27,86.62999725341797,74.44815826416016
2020-04-28,86.66000366210938,74.47391510009766
2020-04-29,86.6500015258789,74.46533203125
2020-04-30,86.80000305175781,74.59425354003906
2020-05-01,86.5999984741211,74.4841537475586
2020-05-04,86.5999984741211,74.4841537475586
2020-05-05,86.58999633789062,74.47554779052734
2020-05-06,86.62000274658203,74.50131225585938
2020-05-07,86.68000030517578,74.55296325683594
2020-05-08,86.66000366210938,74.5357666015625
2020-05-11,86.62999725341797,74.50996398925781
2020-05-12,86.6500015258789,74.52715301513672
2020-05-13,86.6500015258789,74.52715301513672
2020-05-14,86.62999725341797,74.50996398925781
2020-05-15,86.68000030517578,74.55296325683594
2020-05-18,86.61000061035156,74.4927978515625
2020-05-19,86.66000366210938,74.5357666015625
2020-05-20,86.66000366210938,74.5357666015625
2020-05-21,86.63999938964844,74.51853942871094
2020-05-22,86.63999938964844,74.51853942871094
2020-05-26,86.63999938964844,74.51853942871094
2020-05-27,86.62000274658203,74.50131225585938
2020-05-28,86.66000366210938,74.5357666015625
2020-05-29,86.66000366210938,74.5357666015625
2020-06-01,86.58000183105469,74.52715301513672
2020-06-02,86.58000183105469,74.52715301513672
2020-06-03,86.51000213623047,74.46690368652344
2020-06-04,86.52999877929688,74.48412322998047
2020-06-05,86.5,74.45828247070312
2020-06-08,86.4800033569336,74.44108581542969
2020-06-09,86.51000213623047,74.46690368652344
2020-06-10,86.55999755859375,74.50994873046875
2020-06-11,86.5199966430664,74.47550964355469
2020-06-12,86.55000305175781,74.50129699707031
2020-06-15,86.52999877929688,74.48412322998047
2020-06-16,86.5199966430664,74.47550964355469
2020-06-17,86.55000305175781,74.50129699707031
2020-06-18,86.54000091552734,74.49275970458984
2020-06-19,86.55999755859375,74.50994873046875
2020-06-22,86.54000091552734,74.49275970458984
2020-06-23,86.55999755859375,74.50994873046875
2020-06-24,86.56999969482422,74.51852416992188
2020-06-25,86.56999969482422,74.51852416992188
2020-06-26,86.5999984741211,74.54435729980469
2020-06-29,86.62000274658203,74.56159210205078
2020-06-30,86.61000061035156,74.55298614501953
2020-07-01,86.5199966430664,74.52800750732422
2020-07-02,86.55999755859375,74.56244659423828
2020-07-06,86.52999877929688,74.53663635253906
2020-07-07,86.55000305175781,74.55381774902344
2020-07-08,86.55000305175781,74.55381774902344
2020-07-09,86.56999969482422,74.57107543945312
2020-07-10,86.54000091552734,74.54524230957031
2020-07-13,86.54000091552734,74.54524230957031
2020-07-14,86.55000305175781,74.55381774902344
2020-07-15,86.55999755859375,74.56244659423828
2020-07-16,86.55999755859375,74.56244659423828
2020-07-17,86.58000183105469,74.57964324951172
2020-07-20,86.55999755859375,74.56244659423828
2020-07-21,86.58000183105469,74.57964324951172
2020-07-22,86.56999969482422,74.57107543945312
2020-07-23,86.56999969482422,74.57107543945312
2020-07-24,86.58000183105469,74.57964324951172
2020-07-27,86.55000305175781,74.55381774902344
2020-07-28,86.56999969482422,74.57107543945312
2020-07-29,86.58999633789062,74.58831024169922
2020-07-30,86.62000274658203,74.61412048339844
2020-07-31,86.62999725341797,74.62274932861328
2020-08-03,86.58000183105469,74.62271881103516
2020-08-04,86.58999633789062,74.63137817382812
2020-08-05,86.56999969482422,74.61412811279297
2020-08-06,86.56999969482422,74.61412811279297
2020-08-07,86.55999755859375,74.60550689697266
2020-08-10,86.54000091552734,74.58829498291016
2020-08-11,86.5199966430664,74.571044921875
2020-08-12,86.5,74.55377960205078
2020-08-13,86.48999786376953,74.545166015625
2020-08-14,86.5,74.55377960205078
2020-08-17,86.51000213623047,74.56243133544922
2020-08-18,86.5199966430664,74.571044921875
2020-08-19,86.5199966430664,74.571044921875
2020-08-20,86.5199966430664,74.571044921875
2020-08-21,86.51000213623047,74.56243133544922
2020-08-24,86.5,74.55377960205078
2020-08-25,86.51000213623047,74.56243133544922
2020-08-26,86.51000213623047,74.56243133544922
2020-08-27,86.5,74.55377960205078
2020-08-28,86.52999877929688,74.57967376708984
2020-08-31,86.55999755859375,74.60550689697266
2020-09-01,86.48999786376953,74.58738708496094
2020-09-02,86.5,74.59601593017578
2020-09-03,86.48999786376953,74.58738708496094
2020-09-04,86.45999908447266,74.5615005493164
2020-09-08,86.47000122070312,74.57012939453125
2020-09-09,86.4800033569336,74.57880401611328
2020-09-10,86.47000122070312,74.57012939453125
2020-09-11,86.48999786376953,74.58738708496094
2020-09-14,86.4800033569336,74.57880401611328
2020-09-15,86.48999786376953,74.58738708496094
2020-09-16,86.5,74.59601593017578
2020-09-17,86.4800033569336,74.57880401611328
2020-09-18,86.48999786376953,74.58738708496094
2020-09-21,86.4800033569336,74.57880401611328
2020-09-22,86.5,74.59601593017578
2020-09-23,86.5,74.59601593017578
2020-09-24,86.48999786376953,74.58738708496094
2020-09-25,86.5,74.59601593017578
2020-09-28,86.51000213623047,74.60466003417969
2020-09-29,86.5,74.59601593017578
2020-09-30,86.51000213623047,74.60466003417969
2020-10-01,86.44999694824219,74.58738708496094
2020-10-02,86.45999908447266,74.59600830078125
2020-10-05,86.43000030517578,74.57015228271484
2020-10-06,86.43000030517578,74.57015228271484
2020-10-07,86.41999816894531,74.56149291992188
2020-10-08,86.41999816894531,74.56149291992188
2020-10-09,86.41999816894531,74.56149291992188
2020-10-12,86.44000244140625,74.57878112792969
2020-10-13,86.43000030517578,74.57015228271484
2020-10-14,86.43000030517578,74.57015228271484
2020-10-15,86.44999694824219,74.58738708496094
2020-10-16,86.44000244140625,74.57878112792969
2020-10-19,86.44000244140625,74.57878112792969
2020-10-20,86.43000030517578,74.57015228271484
2020-10-21,86.43000030517578,74.57015228271484
2020-10-22,86.4000015258789,74.5442123413086
2020-10-23,86.41000366210938,74.55288696289062
2020-10-26,86.41999816894531,74.56149291992188
2020-10-27,86.41999816894531,74.56149291992188
2020-10-28,86.41999816894531,74.56149291992188
2020-10-29,86.44000244140625,74.57878112792969
2020-10-30,86.43000030517578,74.57015228271484
2020-11-02,86.38999938964844,74.56929779052734
2020-11-03,86.37000274658203,74.5519790649414
2020-11-04,86.38999938964844,74.56929779052734
2020-11-05,86.37000274658203,74.5519790649414
2020-11-06,86.37999725341797,74.56063079833984
2020-11-09,86.3499984741211,74.53477478027344
2020-11-10,86.33999633789062,74.526123046875
2020-11-11,86.31999969482422,74.50881958007812
2020-11-12,86.33000183105469,74.5174789428711
2020-11-13,86.33000183105469,74.5174789428711
2020-11-16,86.3499984741211,74.53477478027344
2020-11-17,86.33999633789062,74.526123046875
2020-11-18,86.33999633789062,74.526123046875
2020-11-19,86.36000061035156,74.54339599609375
2020-11-20,86.37000274658203,74.5519790649414
2020-11-23,86.37000274658203,74.5519790649414
2020-11-24,86.37999725341797,74.56063079833984
2020-11-25,86.38999938964844,74.56929779052734
2020-11-27,86.38999938964844,74.56929779052734
2020-11-30,86.41000366210938,74.58654022216797
2020-12-01,86.33000183105469,74.54598999023438
2020-12-02,86.3499984741211,74.56320190429688
2020-12-03,86.37000274658203,74.58049011230469
2020-12-04,86.36000061035156,74.57184600830078
2020-12-07,86.37999725341797,74.5891342163086
2020-12-08,86.36000061035156,74.57184600830078
2020-12-09,86.3499984741211,74.56320190429688
2020-12-10,86.37000274658203,74.58049011230469
2020-12-11,86.41999816894531,74.62368774414062
2020-12-14,86.41000366210938,74.61500549316406
2020-12-15,86.41000366210938,74.61500549316406
2020-12-16,86.41000366210938,74.61500549316406
2020-12-17,86.37999725341797,74.61676788330078
2020-12-18,86.37000274658203,74.60810089111328
2020-12-21,86.37000274658203,74.60810089111328
2020-12-22,86.37000274658203,74.60810089111328
2020-12-23,86.38999938964844,74.62540435791016
2020-12-24,86.37000274658203,74.60810089111328
2020-12-28,86.37999725341797,74.61676788330078
2020-12-29,86.37999725341797,74.61676788330078
2020-12-30,86.38999938964844,74.62540435791016
2020-12-31,86.37999725341797,74.61676788330078
2021-01-04,86.38999938964844,74.62540435791016
2021-01-05,86.38999938964844,74.62540435791016
2021-01-06,86.33999633789062,74.58219909667969
2021-01-07,86.36000061035156,74.59947204589844
2021-01-08,86.3499984741211,74.59083557128906
2021-01-11,86.33999633789062,74.58219909667969
2021-01-12,86.33999633789062,74.58219909667969
2021-01-13,86.33000183105469,74.57359313964844
2021-01-14,86.33999633789062,74.58219909667969
2021-01-15,86.3499984741211,74.59083557128906
2021-01-19,86.37999725341797,74.61676788330078
2021-01-20,86.37000274658203,74.60810089111328
2021-01-21,86.37999725341797,74.61676788330078
2021-01-22,86.37999725341797,74.61676788330078
2021-01-25,86.38999938964844,74.62540435791016
2021-01-26,86.37999725341797,74.61676788330078
2021-01-27,86.37999725341797,74.61676788330078
2021-01-28,86.37000274658203,74.60810089111328
2021-01-29,86.4000015258789,74.6340103149414
2021-02-01,86.37999725341797,74.6426773071289
2021-02-02,86.3499984741211,74.61675262451172
2021-02-03,86.36000061035156,74.62538146972656
2021-02-04,86.36000061035156,74.62538146972656
2021-02-05,86.37999725341797,74.6426773071289
2021-02-08,86.37000274658203,74.63400268554688
2021-02-09,86.3499984741211,74.61675262451172
2021-02-10,86.36000061035156,74.62538146972656
2021-02-11,86.36000061035156,74.62538146972656
2021-02-12,86.37000274658203,74.63400268554688
2021-02-16,86.33999633789062,74.60810852050781
2021-02-17,86.36000061035156,74.62538146972656
2021-02-18,86.36000061035156,74.62538146972656
2021-02-19,86.37000274658203,74.63400268554688
2021-02-22,86.3499984741211,74.61675262451172
2021-02-23,86.36000061035156,74.62538146972656
2021-02-24,86.33999633789062,74.60810852050781
2021-02-25,86.20999908447266,74.49577331542969
2021-02-26,86.31999969482422,74.5908203125
2021-03-01,86.29000091552734,74.58391571044922
2021-03-02,86.30999755859375,74.60118103027344
2021-03-03,86.26000213623047,74.5580062866211
2021-03-04,86.26000213623047,74.5580062866211
2021-03-05,86.26000213623047,74.5580062866211
2021-03-08,86.2300033569336,74.53207397460938
2021-03-09,86.2300033569336,74.53207397460938
2021-03-10,86.26000213623047,74.5580062866211
2021-03-11,86.26000213623047,74.5580062866211
2021-03-12,86.25,74.54934692382812
2021-03-15,86.26000213623047,74.5580062866211
2021-03-16,86.26000213623047,74.5580062866211
2021-03-17,86.27999877929688,74.57522583007812
2021-03-18,86.2699966430664,74.56665802001953
2021-03-19,86.2699966430664,74.56665802001953
2021-03-22,86.26000213623047,74.5580062866211
2021-03-23,86.2699966430664,74.56665802001953
2021-03-24,86.29000091552734,74.58391571044922
2021-03-25,86.30000305175781,74.59256744384766
2021-03-26,86.30000305175781,74.59256744384766
2021-03-29,86.27999877929688,74.57522583007812
2021-03-30,86.27999877929688,74.57522583007812
2021-03-31,86.25,74.54934692382812
2021-04-01,86.2300033569336,74.54849243164062
2021-04-05,86.20999908447266,74.53119659423828
2021-04-06,86.2300033569336,74.54849243164062
2021-04-07,86.23999786376953,74.55712890625
2021-04-08,86.2699966430664,74.58307647705078
2021-04-09,86.23999786376953,74.55712890625
2021-04-12,86.22000122070312,74.53981018066406
2021-04-13,86.25,74.5657730102539
2021-04-14,86.25,74.5657730102539
2021-04-15,86.2699966430664,74.58307647705078
2021-04-16,86.26000213623047,74.57441711425781
2021-04-19,86.25,74.5657730102539
2021-04-20,86.2699966430664,74.58307647705078
2021-04-21,86.29000091552734,74.60034942626953
2021-04-22,86.27999877929688,74.59166717529297
2021-04-23,86.26000213623047,74.57441711425781
2021-04-26,86.23999786376953,74.55712890625
2021-04-27,86.2300033569336,74.54849243164062
2021-04-28,86.25,74.5657730102539
2021-04-29,86.2699966430664,74.58307647705078
2021-04-30,86.27999877929688,74.59166717529297
2021-05-03,86.26000213623047,74.58477020263672
2021-05-04,86.26000213623047,74.58477020263672
2021-05-05,86.27999877929688,74.60205078125
2021-05-06,86.27999877929688,74.60205078125
2021-05-07,86.30999755859375,74.62801361083984
2021-05-10,86.27999877929688,74.60205078125
2021-05-11,86.2699966430664,74.59344482421875
2021-05-12,86.26000213623047,74.58477020263672
2021-05-13,86.27999877929688,74.60205078125
2021-05-14,86.27999877929688,74.60205078125
2021-05-17,86.27999877929688,74.60205078125
2021-05-18,86.29000091552734,74.61072540283203
2021-05-19,86.26000213623047,74.58477020263672
2021-05-20,86.30000305175781,74.61934661865234
2021-05-21,86.27999877929688,74.60205078125
2021-05-24,86.30000305175781,74.61934661865234
2021-05-25,86.30000305175781,74.61934661865234
2021-05-26,86.31999969482422,74.63666534423828
2021-05-27,86.31999969482422,74.63666534423828
2021-05-28,86.31999969482422,74.63666534423828
2021-06-01,86.29000091552734,74.62109375
2021-06-02,86.30000305175781,74.62972259521484
2021-06-03,86.2699966430664,74.60382080078125
2021-06-04,86.30000305175781,74.62972259521484
2021-06-07,86.29000091552734,74.62109375
2021-06-08,86.30999755859375,74.6384048461914
2021-06-09,86.29000091552734,74.62109375
2021-06-10,86.31999969482422,74.64703369140625
2021-06-11,86.30000305175781,74.62972259521484
2021-06-14,86.2699966430664,74.60382080078125
2021-06-15,86.26000213623047,74.59514617919922
2021-06-16,86.18000030517578,74.52593231201172
2021-06-17,86.18000030517578,74.52593231201172
2021-06-18,86.11000061035156,74.46543884277344
2021-06-21,86.12999725341797,74.48271942138672
2021-06-22,86.18000030517578,74.52593231201172
2021-06-23,86.12000274658203,74.47408294677734
2021-06-24,86.12999725341797,74.48271942138672
2021-06-25,86.12000274658203,74.47408294677734
2021-06-28,86.1500015258789,74.5000228881836
2021-06-29,86.13999938964844,74.49137115478516
2021-06-30,86.16000366210938,74.5086898803711
2021-07-01,86.12999725341797,74.49396514892578
2021-07-02,86.16999816894531,74.52854919433594
2021-07-06,86.19999694824219,74.55451965332031
2021-07-07,86.20999908447266,74.56314086914062
2021-07-08,86.25,74.59777069091797
2021-07-09,86.22000122070312,74.57181549072266
2021-07-12,86.19999694824219,74.55451965332031
2021-07-13,86.12999725341797,74.49396514892578
2021-07-14,86.19000244140625,74.5458755493164
2021-07-15,86.19999694824219,74.55451965332031
2021-07-16,86.19000244140625,74.5458755493164
2021-07-19,86.2300033569336,74.58045959472656
2021-07-20,86.2699966430664,74.61508178710938
2021-07-21,86.23999786376953,74.589111328125
2021-07-22,86.25,74.59777069091797
2021-07-23,86.26000213623047,74.60639953613281
2021-07-26,86.23999786376953,74.589111328125
2021-07-27,86.26000213623047,74.60639953613281
2021-07-28,86.2699966430664,74.61508178710938
2021-07-29,86.2699966430664,74.61508178710938
2021-07-30,86.29000091552734,74.63233947753906
2021-08-02,86.30999755859375,74.6600341796875
2021-08-03,86.30999755859375,74.6600341796875
2021-08-04,86.27999877929688,74.6340560913086
2021-08-05,86.23999786376953,74.5994873046875
2021-08-06,86.20999908447266,74.57351684570312
2021-08-09,86.18000030517578,74.54754638671875
2021-08-10,86.1500015258789,74.52163696289062
2021-08-11,86.19000244140625,74.55622863769531
2021-08-12,86.19000244140625,74.55622863769531
2021-08-13,86.19999694824219,74.56488037109375
2021-08-16,86.22000122070312,74.58218383789062
2021-08-17,86.19999694824219,74.56488037109375
2021-08-18,86.19999694824219,74.56488037109375
2021-08-19,86.19999694824219,74.56488037109375
2021-08-20,86.19999694824219,74.56488037109375
2021-08-23,86.19999694824219,74.56488037109375
2021-08-24,86.19000244140625,74.55622863769531
2021-08-25,86.18000030517578,74.54754638671875
2021-08-26,86.18000030517578,74.54754638671875
2021-08-27,86.23999786376953,74.5994873046875
2021-08-30,86.26000213623047,74.61676025390625
2021-08-31,86.25,74.60814666748047
2021-09-01,86.2300033569336,74.6020736694336
2021-09-02,86.2300033569336,74.6020736694336
2021-09-03,86.2300033569336,74.6020736694336
2021-09-07,86.19999694824219,74.57613372802734
2021-09-08,86.22000122070312,74.59342956542969
2021-09-09,86.23999786376953,74.6107406616211
2021-09-10,86.20999908447266,74.58475494384766
2021-09-13,86.2300033569336,74.6020736694336
2021-09-14,86.23999786376953,74.6107406616211
2021-09-15,86.23999786376953,74.6107406616211
2021-09-16,86.20999908447266,74.58475494384766
2021-09-17,86.19000244140625,74.56746673583984
2021-09-20,86.20999908447266,74.58475494384766
2021-09-21,86.2300033569336,74.6020736694336
2021-09-22,86.18000030517578,74.55879974365234
2021-09-23,86.12999725341797,74.51555633544922
2021-09-24,86.0999984741211,74.48960876464844
2021-09-27,86.08999633789062,74.48091125488281
2021-09-28,86.0999984741211,74.48960876464844
2021-09-29,86.12999725341797,74.51555633544922
2021-09-30,86.1500015258789,74.5328598022461
2021-10-01,86.18000030517578,74.56831359863281
2021-10-04,86.13999938964844,74.53372955322266
2021-10-05,86.12999725341797,74.52507019042969
2021-10-06,86.12000274658203,74.51642608642578
2021-10-07,86.08999633789062,74.49041748046875
2021-10-08,86.05999755859375,74.46451568603516
2021-10-11,85.98999786376953,74.40394592285156
2021-10-12,86.02999877929688,74.43852233886719
2021-10-13,86.0,74.41259002685547
2021-10-14,86.0,74.41259002685547
2021-10-15,85.94999694824219,74.36933898925781
2021-10-18,85.88999938964844,74.31744384765625
2021-10-19,85.91999816894531,74.34337615966797
2021-10-20,85.94999694824219,74.36933898925781
2021-10-21,85.8499984741211,74.28280639648438
2021-10-22,85.83000183105469,74.26553344726562
2021-10-25,85.87000274658203,74.30013275146484
2021-10-26,85.8499984741211,74.28280639648438
2021-10-27,85.83000183105469,74.26553344726562
2021-10-28,85.83999633789062,74.27413177490234
2021-10-29,85.8499984741211,74.28280639648438
2021-11-01,85.80000305175781,74.24905395507812
2021-11-02,85.88999938964844,74.32695770263672
2021-11-03,85.87000274658203,74.30963897705078
2021-11-04,85.94999694824219,74.37886810302734
2021-11-05,85.98999786376953,74.41348266601562
2021-11-08,85.88999938964844,74.32695770263672
2021-11-09,85.94000244140625,74.37020874023438
2021-11-10,85.7699966430664,74.22309112548828
2021-11-11,85.70999908447266,74.17119598388672
2021-11-12,85.77999877929688,74.23172760009766
2021-11-15,85.7699966430664,74.22309112548828
2021-11-16,85.7699966430664,74.22309112548828
2021-11-17,85.80000305175781,74.24905395507812
2021-11-18,85.79000091552734,74.24039459228516
2021-11-19,85.7699966430664,74.22309112548828
2021-11-22,85.66999816894531,74.13654327392578
2021-11-23,85.66999816894531,74.13654327392578
2021-11-24,85.6500015258789,74.11924743652344
2021-11-26,85.81999969482422,74.266357421875
2021-11-29,85.86000061035156,74.30095672607422
2021-11-30,85.79000091552734,74.24039459228516
2021-12-01,85.75,74.2490463256836
2021-12-02,85.63999938964844,74.15382385253906
2021-12-03,85.69000244140625,74.19710540771484
2021-12-06,85.62000274658203,74.13648223876953
2021-12-07,85.51000213623047,74.04126739501953
2021-12-08,85.54000091552734,74.06721496582031
2021-12-09,85.51000213623047,74.04126739501953
2021-12-10,85.55000305175781,74.07588195800781
2021-12-13,85.5999984741211,74.11917114257812
2021-12-14,85.55000305175781,74.07588195800781
2021-12-15,85.58000183105469,74.10186767578125
2021-12-16,85.62999725341797,74.1607666015625
2021-12-17,85.58999633789062,74.1261215209961
2021-12-20,85.61000061035156,74.14342498779297
2021-12-21,85.55999755859375,74.10011291503906
2021-12-22,85.55000305175781,74.09146881103516
2021-12-23,85.54000091552734,74.08279418945312
2021-12-27,85.51000213623047,74.05683898925781
2021-12-28,85.51000213623047,74.05683898925781
2021-12-29,85.5,74.0481948852539
2021-12-30,85.55000305175781,74.09146881103516
2021-12-31,85.54000091552734,74.08279418945312
2022-01-03,85.44000244140625,73.9962158203125
2022-01-04,85.48999786376953,74.03947448730469
2022-01-05,85.37999725341797,73.94422912597656
2022-01-06,85.30999755859375,73.88361358642578
2022-01-07,85.29000091552734,73.86629486083984
2022-01-10,85.23999786376953,73.82301330566406
2022-01-11,85.2699966430664,73.84895324707031
2022-01-12,85.23999786376953,73.82301330566406
2022-01-13,85.27999877929688,73.8576431274414
2022-01-14,85.16999816894531,73.76238250732422
2022-01-18,85.04000091552734,73.6497802734375
2022-01-19,85.08000183105469,73.68444061279297
2022-01-20,85.05999755859375,73.66710662841797
2022-01-21,85.12999725341797,73.72771453857422
2022-01-24,85.18000030517578,73.77101135253906
2022-01-25,85.13999938964844,73.73641204833984
2022-01-26,84.98999786376953,73.60645294189453
2022-01-27,84.91999816894531,73.54584503173828
2022-01-28,84.94999694824219,73.57183837890625
2022-01-31,84.94999694824219,73.57183837890625
2022-02-01,84.91999816894531,73.56574249267578
2022-02-02,84.94000244140625,73.5831069946289
2022-02-03,84.87000274658203,73.52247619628906
2022-02-04,84.69999694824219,73.37517547607422
2022-02-07,84.72000122070312,73.39252471923828
2022-02-08,84.62999725341797,73.31453704833984
2022-02-09,84.62000274658203,73.30585479736328
2022-02-10,84.19000244140625,72.93338012695312
2022-02-11,84.44999694824219,73.15860748291016
2022-02-14,84.2699966430664,73.0026626586914
2022-02-15,84.30000305175781,73.0287094116211
2022-02-16,84.41000366210938,73.12397003173828
2022-02-17,84.45999908447266,73.16728973388672
2022-02-18,84.47000122070312,73.17594146728516
2022-02-22,84.38999938964844,73.10662078857422
2022-02-23,84.33999633789062,73.06332397460938
2022-02-24,84.41000366210938,73.12397003173828
2022-02-25,84.41000366210938,73.12397003173828
2022-02-28,84.55999755859375,73.25390625
2022-03-01,84.7300033569336,73.42289733886719
2022-03-02,84.44999694824219,73.18025207519531
2022-03-03,84.44999694824219,73.18025207519531
2022-03-04,84.54000091552734,73.25825500488281
2022-03-07,84.43000030517578,73.16289520263672
2022-03-08,84.31999969482422,73.06761169433594
2022-03-09,84.2699966430664,73.02426147460938
2022-03-10,84.19999694824219,72.96357727050781
2022-03-11,84.16999816894531,72.9375991821289
2022-03-14,83.94999694824219,72.7469711303711
2022-03-15,83.9800033569336,72.7729721069336
2022-03-16,83.9000015258789,72.70364379882812
2022-03-17,83.87000274658203,72.67767333984375
2022-03-18,83.8499984741211,72.66029357910156
2022-03-21,83.56999969482422,72.41766357421875
2022-03-22,83.51000213623047,72.36568450927734
2022-03-23,83.58000183105469,72.42633056640625
2022-03-24,83.55999755859375,72.40898895263672
2022-03-25,83.33000183105469,72.20973205566406
2022-03-28,83.25,72.14037322998047
2022-03-29,83.29000091552734,72.17504119873047
2022-03-30,83.3499984741211,72.22702026367188
2022-03-31,83.3499984741211,72.22702026367188
2022-04-01,83.13999938964844,72.07616424560547
2022-04-04,83.19000244140625,72.11955261230469
2022-04-05,83.04000091552734,71.9894790649414
2022-04-06,83.0999984741211,72.04150390625
2022-04-07,83.16000366210938,72.0935287475586
2022-04-08,83.05999755859375,72.00684356689453
2022-04-11,83.08000183105469,72.024169921875
2022-04-12,83.29000091552734,72.20622253417969
2022-04-13,83.33000183105469,72.24090576171875
2022-04-14,83.18000030517578,72.11087036132812
2022-04-18,83.18000030517578,72.11087036132812
2022-04-19,82.98999786376953,71.9461441040039
2022-04-20,83.04000091552734,71.9894790649414
2022-04-21,82.9000015258789,71.86815643310547
2022-04-22,82.87999725341797,71.85077667236328
2022-04-25,83.01000213623047,71.96348571777344
2022-04-26,83.16000366210938,72.0935287475586
2022-04-27,83.12000274658203,72.05879974365234
2022-04-28,83.05999755859375,72.00684356689453
2022-04-29,82.9000015258789,71.86815643310547
2022-05-02,82.8499984741211,71.86292266845703
2022-05-03,82.80999755859375,71.82820892333984
2022-05-04,83.02999877929688,72.01904296875
2022-05-05,82.88999938964844,71.89762115478516
2022-05-06,82.87999725341797,71.88894653320312
2022-05-09,83.08999633789062,72.07108306884766
2022-05-10,83.04000091552734,72.0277328491211
2022-05-11,83.05000305175781,72.03640747070312
2022-05-12,83.16999816894531,72.1404800415039
2022-05-13,83.13999938964844,72.11447143554688
2022-05-16,83.19000244140625,72.15784454345703
2022-05-17,83.01000213623047,72.0017318725586
2022-05-18,83.05000305175781,72.03640747070312
2022-05-19,83.16999816894531,72.1404800415039
2022-05-20,83.2300033569336,72.19254302978516
2022-05-23,83.19000244140625,72.15784454345703
2022-05-24,83.37999725341797,72.32263946533203
2022-05-25,83.44000244140625,72.37469482421875
2022-05-26,83.45999908447266,72.39200592041016
2022-05-27,83.4800033569336,72.40937042236328
2022-05-31,83.3499984741211,72.29661560058594
2022-06-01,83.12999725341797,72.16205596923828
2022-06-02,83.1500015258789,72.17942810058594
2022-06-03,83.12000274658203,72.15338134765625
2022-06-06,83.01000213623047,72.05791473388672
2022-06-07,83.0199966430664,72.06657409667969
2022-06-08,82.95999908447266,72.0145034790039
2022-06-09,82.9000015258789,71.96240997314453
2022-06-10,82.55000305175781,71.65857696533203
2022-06-13,82.12999725341797,71.29399871826172
2022-06-14,81.97000122070312,71.15510559082031
2022-06-15,82.29000091552734,71.43289947509766
2022-06-16,82.4000015258789,71.52839660644531
2022-06-17,82.37999725341797,71.51103210449219
2022-06-21,82.3499984741211,71.48497772216797
2022-06-22,82.58999633789062,71.69331359863281
2022-06-23,82.66000366210938,71.75408935546875
2022-06-24,82.63999938964844,71.7366943359375
2022-06-27,82.55000305175781,71.65857696533203
2022-06-28,82.52999877929688,71.64122772216797
2022-06-29,82.62999725341797,71.72802734375
2022-06-30,82.79000091552734,71.8669204711914
2022-07-01,82.95999908447266,72.08325958251953
2022-07-05,82.94999694824219,72.07461547851562
2022-07-06,82.72000122070312,71.87474822998047
2022-07-07,82.66000366210938,71.8226318359375
2022-07-08,82.55999755859375,71.73573303222656
2022-07-11,82.58999633789062,71.76180267333984
2022-07-12,82.62999725341797,71.79653930664062
2022-07-13,82.54000091552734,71.7183609008789
2022-07-14,82.51000213623047,71.69229125976562
2022-07-15,82.56999969482422,71.74443054199219
2022-07-18,82.5199966430664,71.70098114013672
2022-07-19,82.43000030517578,71.62276458740234
2022-07-20,82.41999816894531,71.61405181884766
2022-07-21,82.6500015258789,71.81394958496094
2022-07-22,82.86000061035156,71.99639892578125
2022-07-25,82.79000091552734,71.93557739257812
2022-07-26,82.75,71.90081787109375
2022-07-27,82.87999725341797,72.01375579833984
2022-07-28,83.05999755859375,72.17018127441406
2022-07-29,83.05000305175781,72.16149139404297
2022-08-01,82.95999908447266,72.15972137451172
2022-08-02,82.66999816894531,71.9074935913086
2022-08-03,82.69999694824219,71.93359375
2022-08-04,82.80999755859375,72.02924346923828
2022-08-05,82.47000122070312,71.73352813720703
2022-08-08,82.55000305175781,71.80313873291016
2022-08-09,82.47000122070312,71.73352813720703
2022-08-10,82.55000305175781,71.80313873291016
2022-08-11,82.5199966430664,71.77703094482422
2022-08-12,82.54000091552734,71.79443359375
2022-08-15,82.61000061035156,71.85530090332031
2022-08-16,82.54000091552734,71.79443359375
2022-08-17,82.47000122070312,71.73352813720703
2022-08-18,82.58999633789062,71.83790588378906
2022-08-19,82.52999877929688,71.78569793701172
2022-08-22,82.41999816894531,71.6900405883789
2022-08-23,82.45999908447266,71.72481536865234
2022-08-24,82.37000274658203,71.64655303955078
2022-08-25,82.41999816894531,71.6900405883789
2022-08-26,82.4000015258789,71.67265319824219
2022-08-29,82.33999633789062,71.62042999267578
2022-08-30,82.30000305175781,71.58566284179688
2022-08-31,82.29000091552734,71.57699584960938
2022-09-01,82.12999725341797,71.52469635009766
2022-09-02,82.30999755859375,71.68145751953125
2022-09-06,82.12999725341797,71.52469635009766
2022-09-07,82.25,71.62919616699219
2022-09-08,82.1500015258789,71.5421371459961
2022-09-09,82.08000183105469,71.48116302490234
2022-09-12,82.06999969482422,71.47246551513672
2022-09-13,81.79000091552734,71.2286148071289
2022-09-14,81.72000122070312,71.16764831542969
2022-09-15,81.62999725341797,71.08929443359375
2022-09-16,81.66999816894531,71.12413024902344
2022-09-19,81.58000183105469,71.04573059082031
2022-09-20,81.54000091552734,71.01091766357422
2022-09-21,81.47000122070312,70.94995880126953
2022-09-22,81.31999969482422,70.81932830810547
2022-09-23,81.22000122070312,70.73221588134766
2022-09-26,81.04000091552734,70.57544708251953
2022-09-27,81.04000091552734,70.57544708251953
2022-09-28,81.38999938964844,70.88026428222656
2022-09-29,81.27999877929688,70.78447723388672
2022-09-30,81.20999908447266,70.7235107421875
2022-10-03,81.27999877929688,70.87873077392578
2022-10-04,81.30999755859375,70.9049072265625
2022-10-05,81.2300033569336,70.83512878417969
2022-10-06,81.12999725341797,70.74790954589844
2022-10-07,81.02999877929688,70.66071319580078
2022-10-10,81.0,70.63455200195312
2022-10-11,81.04000091552734,70.6694564819336
2022-10-12,81.12000274658203,70.73921203613281
2022-10-13,80.87999725341797,70.52989196777344
2022-10-14,80.83999633789062,70.49504852294922
2022-10-17,80.93000030517578,70.57352447509766
2022-10-18,80.97000122070312,70.60840606689453
2022-10-19,80.81999969482422,70.47761535644531
2022-10-20,80.7300033569336,70.39911651611328
2022-10-21,80.94000244140625,70.5822525024414
2022-10-24,80.91999816894531,70.56480407714844
2022-10-25,81.0,70.63455200195312
2022-10-26,81.06999969482422,70.69560241699219
2022-10-27,81.23999786376953,70.84387969970703
2022-10-28,81.12000274658203,70.73921203613281
2022-10-31,81.0,70.63455200195312
2022-11-01,80.77999877929688,70.56555938720703
2022-11-02,80.73999786376953,70.53063201904297
2022-11-03,80.58999633789062,70.39956665039062
2022-11-04,80.68000030517578,70.47821044921875
2022-11-07,80.61000061035156,70.41706848144531
2022-11-08,80.69000244140625,70.48695373535156
2022-11-09,80.81999969482422,70.60050964355469
2022-11-10,81.26000213623047,70.98484802246094
2022-11-11,81.23999786376953,70.9674072265625
2022-11-14,81.16999816894531,70.90623474121094
2022-11-15,81.25,70.97611236572266
2022-11-16,81.26000213623047,70.98484802246094
2022-11-17,81.16000366210938,70.8974838256836
2022-11-18,81.06999969482422,70.81888580322266
2022-11-21,81.05000305175781,70.8014144897461
2022-11-22,81.11000061035156,70.85380554199219
2022-11-23,81.18000030517578,70.91498565673828
2022-11-25,81.19000244140625,70.92372131347656
2022-11-28,81.20999908447266,70.94116973876953
2022-11-29,81.18000030517578,70.91498565673828
2022-11-30,81.41999816894531,71.1246337890625
2022-12-01,81.43000030517578,71.27780151367188
2022-12-02,81.41000366210938,71.26031494140625
2022-12-05,81.18000030517578,71.05899047851562
2022-12-06,81.2699966430664,71.13774871826172
2022-12-07,81.44000244140625,71.28657531738281
2022-12-08,81.36000061035156,71.21653747558594
2022-12-09,81.31999969482422,71.1815414428711
2022-12-12,81.2699966430664,71.13774871826172
2022-12-13,81.51000213623047,71.34783935546875
2022-12-14,81.5199966430664,71.3565673828125
2022-12-15,81.3499984741211,71.36622619628906
2022-12-16,81.43000030517578,71.43641662597656
2022-12-19,81.33000183105469,71.34870910644531
2022-12-20,81.33000183105469,71.34870910644531
2022-12-21,81.41000366210938,71.41888427734375
2022-12-22,81.36000061035156,71.37500762939453
2022-12-23,81.31999969482422,71.33993530273438
2022-12-27,81.20999908447266,71.24341583251953
2022-12-28,81.20999908447266,71.24341583251953
2022-12-29,81.2699966430664,71.29603576660156
2022-12-30,81.16999816894531,71.20832824707031
2023-01-03,81.23999786376953,71.2697525024414
2023-01-04,81.31999969482422,71.33993530273438
2023-01-05,81.20999908447266,71.24341583251953
2023-01-06,81.5199966430664,71.5153579711914
2023-01-09,81.5999984741211,71.58554077148438
2023-01-10,81.52999877929688,71.52415466308594
2023-01-11,81.5999984741211,71.58554077148438
2023-01-12,81.77999877929688,71.74348449707031
2023-01-13,81.63999938964844,71.62063598632812
2023-01-17,81.69000244140625,71.66451263427734
2023-01-18,81.87000274658203,71.82240295410156
2023-01-19,81.8499984741211,71.80487823486328
2023-01-20,81.77999877929688,71.74348449707031
2023-01-23,81.69999694824219,71.67327117919922
2023-01-24,81.7300033569336,71.69961547851562
2023-01-25,81.77999877929688,71.74348449707031
2023-01-26,81.7300033569336,71.69961547851562
2023-01-27,81.7300033569336,71.69961547851562
2023-01-30,81.6500015258789,71.62943267822266
2023-01-31,81.80000305175781,71.76103210449219
2023-02-01,81.79000091552734,71.88582611083984
2023-02-02,81.80000305175781,71.89461517333984
2023-02-03,81.5,71.63092041015625
2023-02-06,81.2699966430664,71.42875671386719
2023-02-07,81.30999755859375,71.46395874023438
2023-02-08,81.33999633789062,71.4903335571289
2023-02-09,81.27999877929688,71.43756866455078
2023-02-10,81.23999786376953,71.40243530273438
2023-02-13,81.26000213623047,71.42000579833984
2023-02-14,81.08999633789062,71.27059173583984
2023-02-15,81.0999984741211,71.27935791015625
2023-02-16,81.11000061035156,71.28815460205078
2023-02-17,81.18000030517578,71.3497085571289
2023-02-21,81.0199966430664,71.20905303955078
2023-02-22,81.05999755859375,71.24420166015625
2023-02-23,81.11000061035156,71.28815460205078
2023-02-24,80.94000244140625,71.13876342773438
2023-02-27,81.01000213623047,71.20030212402344
2023-02-28,80.98999786376953,71.18270874023438
2023-03-01,80.68000030517578,71.05237579345703
2023-03-02,80.70999908447266,71.07876586914062
2023-03-03,80.76000213623047,71.122802734375
2023-03-06,80.72000122070312,71.08756256103516
2023-03-07,80.55000305175781,70.93785095214844
2023-03-08,80.51000213623047,70.90265655517578
2023-03-09,80.7699966430664,71.13159942626953
2023-03-10,81.20999908447266,71.51911163330078
2023-03-13,82.0199966430664,72.23247528076172
2023-03-14,81.70999908447266,71.9594497680664
2023-03-15,82.19000244140625,72.38219451904297
2023-03-16,81.86000061035156,72.09156799316406
2023-03-17,82.2699966430664,72.45262908935547
2023-03-20,82.16999816894531,72.36455535888672
2023-03-21,81.86000061035156,72.09156799316406
2023-03-22,82.23999786376953,72.42620849609375
2023-03-23,82.4800033569336,72.63756561279297
2023-03-24,82.5199966430664,72.67276000976562
2023-03-27,82.16999816894531,72.36455535888672
2023-03-28,82.08000183105469,72.28531646728516
2023-03-29,82.05000305175781,72.25886535644531
2023-03-30,82.05999755859375,72.2676773071289
2023-03-31,82.16000366210938,72.35575866699219
2023-04-03,82.08000183105469,72.44403076171875
2023-04-04,82.2699966430664,72.61170196533203
2023-04-05,82.37999725341797,72.70877838134766
2023-04-06,82.3499984741211,72.68231964111328
2023-04-10,82.05999755859375,72.42634582519531
2023-04-11,82.05000305175781,72.41752624511719
2023-04-12,82.13999938964844,72.49697875976562
2023-04-13,82.19000244140625,72.54109954833984
2023-04-14,82.0,72.37337493896484
2023-04-17,81.87999725341797,72.26748657226562
2023-04-18,81.86000061035156,72.24983978271484
2023-04-19,81.79000091552734,72.18803405761719
2023-04-20,81.98999786376953,72.36456298828125
2023-04-21,81.94000244140625,72.32041931152344
2023-04-24,82.02999877929688,72.39989471435547
2023-04-25,82.3499984741211,72.68231964111328
2023-04-26,82.25,72.59403228759766
2023-04-27,82.08999633789062,72.45282745361328
2023-04-28,82.18000030517578,72.53228759765625
2023-05-01,81.80999755859375,72.3739013671875
2023-05-02,82.08000183105469,72.61280059814453
2023-05-03,82.27999877929688,72.78971862792969
2023-05-04,82.41000366210938,72.90470123291016
2023-05-05,82.20999908447266,72.727783203125
2023-05-08,82.08000183105469,72.61280059814453
2023-05-09,82.05999755859375,72.59508514404297
2023-05-10,82.26000213623047,72.77201843261719
2023-05-11,82.30999755859375,72.81623077392578
2023-05-12,82.16999816894531,72.6924057006836
2023-05-15,82.18000030517578,72.70124816894531
2023-05-16,82.08000183105469,72.61280059814453
2023-05-17,81.98999786376953,72.53314208984375
2023-05-18,81.83999633789062,72.40045166015625
2023-05-19,81.77999877929688,72.34736633300781
2023-05-22,81.75,72.32084655761719
2023-05-23,81.73999786376953,72.3119888305664
2023-05-24,81.63999938964844,72.22350311279297
2023-05-25,81.45999908447266,72.06428527832031
2023-05-26,81.44000244140625,72.04657745361328
2023-05-30,81.5999984741211,72.1881103515625
2023-05-31,81.68000030517578,72.2589111328125
2023-06-01,81.61000061035156,72.37153625488281
2023-06-02,81.37999725341797,72.16757202148438
2023-06-05,81.4000015258789,72.185302734375
2023-06-06,81.36000061035156,72.14984130859375
2023-06-07,81.30000305175781,72.09664154052734
2023-06-08,81.43000030517578,72.21188354492188
2023-06-09,81.27999877929688,72.07888793945312
2023-06-12,81.3499984741211,72.14098358154297
2023-06-13,81.19999694824219,72.00794219970703
2023-06-14,81.1500015258789,71.9636001586914
2023-06-15,81.31999969482422,72.11434173583984
2023-06-16,81.20999908447266,72.01680755615234
2023-06-20,81.23999786376953,72.04341125488281
2023-06-21,81.23999786376953,72.04341125488281
2023-06-22,81.1500015258789,71.9636001586914
2023-06-23,81.22000122070312,72.02568054199219
2023-06-26,81.27999877929688,72.07888793945312
2023-06-27,81.16000366210938,71.97246551513672
2023-06-28,81.25,72.05227661132812
2023-06-29,81.05000305175781,71.87492370605469
2023-06-30,81.08000183105469,71.90153503417969
2023-07-03,80.77999877929688,71.81793975830078
2023-07-05,80.76000213623047,71.8001708984375
2023-07-06,80.70999908447266,71.75572204589844
2023-07-07,80.80000305175781,71.83573913574219
2023-07-10,80.91999816894531,71.94242858886719
2023-07-11,80.91000366210938,71.93354034423828
2023-07-12,81.1500015258789,72.14691162109375
2023-07-13,81.37999725341797,72.35140228271484
2023-07-14,81.16999816894531,72.16468811035156
2023-07-17,81.19999694824219,72.19136810302734
2023-07-18,81.19999694824219,72.19136810302734
2023-07-19,81.2300033569336,72.218017578125
2023-07-20,81.12999725341797,72.1291275024414
2023-07-21,81.13999938964844,72.13802337646484
2023-07-24,81.04000091552734,72.04911804199219
2023-07-25,81.02999877929688,72.04023742675781
2023-07-26,81.11000061035156,72.11136627197266
2023-07-27,80.98999786376953,72.0046615600586
2023-07-28,81.0999984741211,72.10244750976562
2023-07-31,81.12000274658203,72.12024688720703
2023-08-01,80.83999633789062,72.05961608886719
2023-08-02,80.87999725341797,72.09529876708984
2023-08-03,80.91000366210938,72.12201690673828
2023-08-04,81.06999969482422,72.26464080810547
2023-08-07,81.0999984741211,72.2913589477539
2023-08-08,81.13999938964844,72.32703399658203
2023-08-09,81.08999633789062,72.28246307373047
2023-08-10,81.05000305175781,72.24679565429688
2023-08-11,80.97000122070312,72.17547607421875
2023-08-14,80.9000015258789,72.11310577392578
2023-08-15,80.93000030517578,72.13983154296875
2023-08-16,80.88999938964844,72.10420227050781
2023-08-17,80.9800033569336,72.18444061279297
2023-08-18,81.01000213623047,72.2111587524414
2023-08-21,80.91999816894531,72.13094329833984
2023-08-22,80.87999725341797,72.09529876708984
2023-08-23,81.02999877929688,72.22897338867188
2023-08-24,80.9800033569336,72.18444061279297
2023-08-25,80.93000030517578,72.13983154296875
2023-08-28,80.9800033569336,72.18444061279297
2023-08-29,81.16000366210938,72.3448715209961
2023-08-30,81.16000366210938,72.3448715209961
2023-08-31,81.23999786376953,72.41617584228516
2023-09-01,80.98999786376953,72.37686920166016
2023-09-05,80.88999938964844,72.2874984741211
2023-09-06,80.80000305175781,72.20706939697266
2023-09-07,80.94999694824219,72.34109497070312
2023-09-08,80.91000366210938,72.30536651611328
2023-09-11,80.93000030517578,72.3232421875
2023-09-12,80.88999938964844,72.2874984741211
2023-09-13,80.95999908447266,72.35004425048828
2023-09-14,80.94000244140625,72.33216857910156
2023-09-15,80.9000015258789,72.29641723632812
2023-09-18,80.88999938964844,72.2874984741211
2023-09-19,80.83000183105469,72.23387145996094
2023-09-20,80.77999877929688,72.18920135498047
2023-09-21,80.81999969482422,72.22493743896484
2023-09-22,80.9000015258789,72.29641723632812
2023-09-25,80.87000274658203,72.26962280273438
2023-09-26,80.87999725341797,72.27857971191406
2023-09-27,80.81999969482422,72.22493743896484
2023-09-28,80.95999908447266,72.35004425048828
2023-09-29,80.97000122070312,72.3589859008789
2023-10-02,80.68000030517578,72.28640747070312
2023-10-03,80.62000274658203,72.23267364501953
2023-10-04,80.80000305175781,72.39392852783203
2023-10-05,80.87999725341797,72.46561431884766
2023-10-06,80.80999755859375,72.40287780761719
2023-10-09,81.05000305175781,72.61791229248047
2023-10-10,81.0,72.57310485839844
2023-10-11,80.9800033569336,72.55522155761719
2023-10-12,80.87999725341797,72.46561431884766
2023-10-13,80.93000030517578,72.5103988647461
2023-10-16,80.87999725341797,72.46561431884766
2023-10-17,80.69999694824219,72.30431365966797
2023-10-18,80.69999694824219,72.30431365966797
2023-10-19,80.80999755859375,72.40287780761719
2023-10-20,80.94000244140625,72.51936340332031
2023-10-23,80.98999786376953,72.56416320800781
2023-10-24,80.97000122070312,72.54624938964844
2023-10-25,80.87999725341797,72.46561431884766
2023-10-26,81.04000091552734,72.60895538330078
2023-10-27,81.08999633789062,72.65376281738281
2023-10-30,81.05999755859375,72.62686920166016
2023-10-31,81.02999877929688,72.60000610351562
2023-11-01,80.9800033569336,72.76173400878906
2023-11-02,80.98999786376953,72.7707290649414
2023-11-03,81.20999908447266,72.96839141845703
2023-11-06,81.05999755859375,72.83361053466797
2023-11-07,81.12000274658203,72.88752746582031
2023-11-08,81.0999984741211,72.86954498291016
2023-11-09,80.9800033569336,72.76173400878906
2023-11-10,81.0,72.77970123291016
2023-11-13,81.02999877929688,72.806640625
2023-11-14,81.3499984741211,73.09417724609375
2023-11-15,81.19999694824219,72.95939636230469
2023-11-16,81.33999633789062,73.0851821899414
2023-11-17,81.27999877929688,73.03128051757812
2023-11-20,81.29000091552734,73.04029083251953
2023-11-21,81.33999633789062,73.0851821899414
2023-11-22,81.3499984741211,73.09417724609375
2023-11-24,81.29000091552734,73.04029083251953
2023-11-27,81.38999938964844,73.13013458251953
2023-11-28,81.54000091552734,73.26490783691406
2023-11-29,81.69999694824219,73.40864562988281
2023-11-30,81.6500015258789,73.36375427246094
2023-12-01,81.63999938964844,73.57734680175781
2023-12-04,81.5199966430664,73.46916961669922
2023-12-05,81.62000274658203,73.55931091308594
2023-12-06,81.5999984741211,73.54126739501953
2023-12-07,81.66000366210938,73.59538269042969
2023-12-08,81.4800033569336,73.43315124511719
2023-12-11,81.5,73.45113372802734
2023-12-12,81.51000213623047,73.46017456054688
2023-12-13,81.91999816894531,73.82966613769531
2023-12-14,81.80000305175781,73.95623779296875
2023-12-15,81.70999908447266,73.8748779296875
2023-12-18,81.69999694824219,73.86582946777344
2023-12-19,81.7300033569336,73.8929672241211
2023-12-20,81.83999633789062,73.99240112304688
2023-12-21,81.91999816894531,74.06473541259766
2023-12-22,81.94999694824219,74.09186553955078
2023-12-26,81.91000366210938,74.05570220947266
2023-12-27,82.01000213623047,74.14611053466797
2023-12-28,82.0,74.1370620727539
2023-12-29,82.04000091552734,74.17325592041016
2024-01-02,81.94000244140625,74.08282470703125
2024-01-03,81.95999908447266,74.10091400146484
2024-01-04,81.91000366210938,74.05570220947266
2024-01-05,81.88999938964844,74.0376205444336
2024-01-08,81.95999908447266,74.10091400146484
2024-01-09,81.9800033569336,74.11898803710938
2024-01-10,81.9800033569336,74.11898803710938
2024-01-11,82.16999816894531,74.29077911376953
2024-01-12,82.33999633789062,74.4444808959961
2024-01-16,82.20999908447266,74.3269271850586
2024-01-17,82.05000305175781,74.18228912353516
2024-01-18,82.08999633789062,74.21845245361328
2024-01-19,82.02999877929688,74.1641845703125
2024-01-22,82.06999969482422,74.2003402709961
2024-01-23,82.05999755859375,74.19133758544922
2024-01-24,82.0199966430664,74.1551513671875
2024-01-25,82.16999816894531,74.29077911376953
2024-01-26,82.12000274658203,74.2455825805664
2024-01-29,82.19999694824219,74.3178939819336
2024-01-30,82.1500015258789,74.27271270751953
2024-01-31,82.30000305175781,74.40827941894531
2024-02-01,82.18000030517578,74.5189437866211
2024-02-02,81.91999816894531,74.28316497802734
2024-02-05,81.76000213623047,74.13809967041016
2024-02-06,81.88999938964844,74.25597381591797
2024-02-07,81.86000061035156,74.22876739501953
2024-02-08,81.83999633789062,74.21061706542969
2024-02-09,81.80999755859375,74.18342590332031
2024-02-12,81.81999969482422,74.19249725341797
2024-02-13,81.55999755859375,73.95672607421875
2024-02-14,81.68000030517578,74.06553649902344
2024-02-15,81.76000213623047,74.13809967041016
2024-02-16,81.66000366210938,74.04743194580078
2024-02-20,81.70999908447266,74.09274291992188
2024-02-21,81.63999938964844,74.02925872802734
2024-02-22,81.62999725341797,74.02018737792969
2024-02-23,81.66999816894531,74.05648803710938
2024-02-26,81.61000061035156,74.00206756591797
2024-02-27,81.61000061035156,74.00206756591797
2024-02-28,81.69000244140625,74.07461547851562
2024-02-29,81.73999786376953,74.11994934082031
2024-03-01,81.66000366210938,74.2654800415039
2024-03-04,81.58000183105469,74.19269561767578
2024-03-05,81.63999938964844,74.24726867675781
2024-03-06,81.66000366210938,74.2654800415039
2024-03-07,81.76000213623047,74.3564224243164
2024-03-08,81.80000305175781,74.39278411865234
2024-03-11,81.7300033569336,74.3291244506836
2024-03-12,81.6500015258789,74.2563705444336
2024-03-13,81.61000061035156,74.21998596191406
2024-03-14,81.54000091552734,74.15633392333984
2024-03-15,81.48999786376953,74.11084747314453
2024-03-18,81.5,74.11994171142578
2024-03-19,81.56999969482422,74.18360900878906
2024-03-20,81.69999694824219,74.30182647705078
2024-03-21,81.69999694824219,74.30182647705078
2024-03-22,81.76000213623047,74.3564224243164
2024-03-25,81.72000122070312,74.32003021240234
2024-03-26,81.73999786376953,74.33821105957031
2024-03-27,81.83000183105469,74.42007446289062
2024-03-28,81.77999877929688,74.37462615966797
2024-04-01,81.33999633789062,74.21947479248047
2024-04-02,81.37999725341797,74.25596618652344
2024-04-03,81.44000244140625,74.31072235107422
2024-04-04,81.5199966430664,74.38372039794922
2024-04-05,81.38999938964844,74.26509857177734
2024-04-08,81.30999755859375,74.19210052490234
2024-04-09,81.38999938964844,74.26509857177734
2024-04-10,81.05999755859375,73.9639892578125
2024-04-11,81.16000366210938,74.05522918701172
2024-04-12,81.20999908447266,74.1008529663086
2024-04-15,81.18000030517578,74.07349395751953
2024-04-16,81.12999725341797,74.02783966064453
2024-04-17,81.19000244140625,74.08261108398438
2024-04-18,81.1500015258789,74.0461196899414
2024-04-19,81.16999816894531,74.06436157226562
2024-04-22,81.20999908447266,74.1008529663086
2024-04-23,81.27999877929688,74.16473388671875
2024-04-24,81.25,74.13734436035156
2024-04-25,81.19000244140625,74.08261108398438
2024-04-26,81.20999908447266,74.1008529663086
2024-04-29,81.25,74.13734436035156
2024-04-30,81.1500015258789,74.0461196899414
2024-05-01,81.05000305175781,74.19441223144531
2024-05-02,81.16999816894531,74.30426025390625
2024-05-03,81.30000305175781,74.42325592041016
2024-05-06,81.29000091552734,74.41410064697266
2024-05-07,81.30000305175781,74.42325592041016
2024-05-08,81.27999877929688,74.40496063232422
2024-05-09,81.3499984741211,74.46903228759766
2024-05-10,81.27999877929688,74.40496063232422
2024-05-13,81.30000305175781,74.42325592041016
2024-05-14,81.37999725341797,74.49650573730469
2024-05-15,81.52999877929688,74.63380432128906
2024-05-16,81.47000122070312,74.57888793945312
2024-05-17,81.41999816894531,74.53308868408203
2024-05-20,81.4000015258789,74.51480102539062
2024-05-21,81.44000244140625,74.5514144897461
2024-05-22,81.37999725341797,74.49650573730469
2024-05-23,81.33999633789062,74.45987701416016
2024-05-24,81.37000274658203,74.4873275756836
2024-05-28,81.30000305175781,74.42325592041016
2024-05-29,81.2699966430664,74.39579010009766
2024-05-30,81.36000061035156,74.47817993164062
2024-05-31,81.47000122070312,74.57888793945312
2024-06-03,81.30000305175781,74.66337585449219
2024-06-04,81.37999725341797,74.73684692382812
2024-06-05,81.45999908447266,74.81031799316406
2024-06-06,81.47000122070312,74.81950378417969
2024-06-07,81.26000213623047,74.62664794921875
2024-06-10,81.2699966430664,74.63581848144531
2024-06-11,81.36000061035156,74.71846008300781
2024-06-12,81.47000122070312,74.81950378417969
2024-06-13,81.5999984741211,74.93890380859375
2024-06-14,81.61000061035156,74.94807434082031
2024-06-17,81.52999877929688,74.87458801269531
2024-06-18,81.63999938964844,74.97560119628906
2024-06-20,81.61000061035156,74.94807434082031
2024-06-21,81.63999938964844,74.97560119628906
2024-06-24,81.6500015258789,74.98480224609375
2024-06-25,81.66000366210938,74.99400329589844
2024-06-26,81.58000183105469,74.92050170898438
2024-06-27,81.63999938964844,74.97560119628906
2024-06-28,81.6500015258789,74.98480224609375
2024-07-01,81.30999755859375,74.9203109741211
2024-07-02,81.37999725341797,74.98480224609375
2024-07-03,81.5,75.09539031982422
2024-07-05,81.6500015258789,75.23358917236328
2024-07-08,81.63999938964844,75.22438049316406
2024-07-09,81.62000274658203,75.2059555053711
2024-07-10,81.6500015258789,75.23358917236328
2024-07-11,81.83999633789062,75.40863800048828
2024-07-12,81.95999908447266,75.51924133300781
2024-07-15,81.95999908447266,75.51924133300781
2024-07-16,81.98999786376953,75.54685974121094
2024-07-17,82.0,75.55607604980469
2024-07-18,81.95999908447266,75.51924133300781
2024-07-19,81.91999816894531,75.48237609863281
2024-07-22,81.93000030517578,75.49159240722656
2024-07-23,81.97000122070312,75.5284423828125
2024-07-24,82.01000213623047,75.56529998779297
2024-07-25,82.0199966430664,75.57451629638672
2024-07-26,82.12999725341797,75.67587280273438
2024-07-29,82.13999938964844,75.6850814819336
2024-07-30,82.16999816894531,75.71272277832031
2024-07-31,82.33999633789062,75.86935424804688
2024-08-01,82.20999908447266,76.0006332397461
2024-08-02,82.66999816894531,76.4258804321289
2024-08-05,82.6500015258789,76.40740203857422
2024-08-06,82.55000305175781,76.31494903564453
2024-08-07,82.5,76.26873779296875
2024-08-08,82.45999908447266,76.23175048828125
2024-08-09,82.4800033569336,76.25022888183594
2024-08-12,82.52999877929688,76.29647064208984
2024-08-13,82.66000366210938,76.4166488647461
2024-08-14,82.6500015258789,76.40740203857422
2024-08-15,82.44999694824219,76.22252655029297
2024-08-16,82.54000091552734,76.30570220947266
2024-08-19,82.5199966430664,76.28722381591797
2024-08-20,82.63999938964844,76.39815521240234
2024-08-21,82.7300033569336,76.48137664794922
2024-08-22,82.62000274658203,76.37967681884766
2024-08-23,82.80999755859375,76.55530548095703
2024-08-26,82.7699966430664,76.51834869384766
2024-08-27,82.81999969482422,76.56455993652344
2024-08-28,82.80999755859375,76.55530548095703
2024-08-29,82.80000305175781,76.54606628417969
2024-08-30,82.80000305175781,76.54606628417969
2024-09-03,82.5999984741211,76.62771606445312
2024-09-04,82.77999877929688,76.79469299316406
2024-09-05,82.80999755859375,76.82252502441406
2024-09-06,82.95999908447266,76.961669921875
2024-09-09,82.97000122070312,76.97096252441406
2024-09-10,83.08999633789062,77.08228302001953
2024-09-11,83.0199966430664,77.01734161376953
2024-09-12,83.02999877929688,77.02661895751953
2024-09-13,83.1500015258789,77.13794708251953
2024-09-16,83.19999694824219,77.18431854248047
2024-09-17,83.13999938964844,77.128662109375
2024-09-18,83.11000061035156,77.10081481933594
2024-09-19,83.18000030517578,77.165771484375
2024-09-20,83.20999908447266,77.19361877441406
2024-09-23,83.20999908447266,77.19361877441406
2024-09-24,83.29000091552734,77.267822265625
2024-09-25,83.22000122070312,77.20288848876953
2024-09-26,83.13999938964844,77.128662109375
2024-09-27,83.2699966430664,77.24925231933594
2024-09-30,83.1500015258789,77.13794708251953
2024-10-01,82.93000030517578,77.187255859375
2024-10-02,82.91000366210938,77.1686782836914
2024-10-03,82.80000305175781,77.06626892089844
2024-10-04,82.5199966430664,76.8056640625
2024-10-07,82.41000366210938,76.70327758789062
2024-10-08,82.4800033569336,76.76846313476562
2024-10-09,82.4000015258789,76.6939926147461
2024-10-10,82.47000122070312,76.7591323852539
2024-10-11,82.54000091552734,76.82427978515625
2024-10-14,82.5,76.78706359863281
2024-10-15,82.54000091552734,76.82427978515625
2024-10-16,82.58999633789062,76.87081146240234
2024-10-17,82.5199966430664,76.8056640625
2024-10-18,82.58999633789062,76.87081146240234
2024-10-21,82.47000122070312,76.7591323852539
2024-10-22,82.45999908447266,76.74982452392578
2024-10-23,82.41000366210938,76.70327758789062
2024-10-24,82.44999694824219,76.74051666259766
2024-10-25,82.41999816894531,76.71258544921875
2024-10-28,82.37999725341797,76.67534637451172
2024-10-29,82.41000366210938,76.70327758789062
2024-10-30,82.33999633789062,76.63814544677734
2024-10-31,82.36000061035156,76.65675354003906
2024-11-01,82.05000305175781,76.63152313232422
2024-11-04,82.11000061035156,76.68756103515625
2024-11-05,82.08999633789062,76.66887664794922
2024-11-06,81.98999786376953,76.57549285888672
2024-11-07,82.12999725341797,76.70623779296875
2024-11-08,82.06999969482422,76.65022277832031
2024-11-11,82.01000213623047,76.59416961669922
2024-11-12,81.93000030517578,76.51947021484375
2024-11-13,82.05000305175781,76.63152313232422
2024-11-14,81.93000030517578,76.51947021484375
2024-11-15,82.0199966430664,76.60350036621094
2024-11-18,82.08000183105469,76.65955352783203
2024-11-19,82.08000183105469,76.65955352783203
2024-11-20,82.04000091552734,76.62218475341797
2024-11-21,82.0199966430664,76.60350036621094
2024-11-22,82.01000213623047,76.59416961669922
2024-11-25,82.16999816894531,76.74359130859375
2024-11-26,82.16999816894531,76.74359130859375
2024-11-27,82.22000122070312,76.79029083251953
2024-11-29,82.31999969482422,76.88371276855469
2024-12-02,82.05000305175781,76.87902069091797
2024-12-03,82.05999755859375,76.88838195800781
2024-12-04,82.1500015258789,76.97270202636719
2024-12-05,82.1500015258789,76.97270202636719
2024-12-06,82.2300033569336,77.04766845703125
2024-12-09,82.19999694824219,77.0195541381836
2024-12-10,82.19000244140625,77.01019287109375
2024-12-11,82.16999816894531,76.991455078125
2024-12-12,82.12999725341797,76.9539566040039
2024-12-13,82.08999633789062,76.91647338867188
2024-12-16,82.0999984741211,76.92586517333984
2024-12-17,82.11000061035156,76.93523406982422
2024-12-18,81.68000030517578,76.79420471191406
2024-12-19,81.7699966430664,76.87882232666016
2024-12-20,81.77999877929688,76.88823699951172
2024-12-23,81.7300033569336,76.8412094116211
2024-12-24,81.7699966430664,76.87882232666016
2024-12-26,81.79000091552734,76.89762878417969
2024-12-27,81.80999755859375,76.91641998291016
2024-12-30,81.93000030517578,77.02925109863281
2024-12-31,81.9800033569336,77.07626342773438
2025-01-02,81.95999908447266,77.05746459960938
2025-01-03,81.95999908447266,77.05746459960938
2025-01-06,81.9800033569336,77.07626342773438
2025-01-07,81.93000030517578,77.02925109863281
2025-01-08,81.9800033569336,77.07626342773438
2025-01-10,81.83000183105469,76.93522644042969
2025-01-13,81.8499984741211,76.95403289794922
2025-01-14,81.87000274658203,76.97283935546875
2025-01-15,82.05000305175781,77.14207458496094
2025-01-16,82.0999984741211,77.18907928466797
2025-01-17,82.08000183105469,77.17028045654297
2025-01-21,82.11000061035156,77.198486328125
2025-01-22,82.08999633789062,77.1796646118164
2025-01-23,82.08999633789062,77.1796646118164
2025-01-24,82.13999938964844,77.22667694091797
2025-01-27,82.26000213623047,77.33950805664062
2025-01-28,82.27999877929688,77.35831451416016
2025-01-29,82.2300033569336,77.31129455566406
2025-01-30,82.27999877929688,77.35831451416016
2025-01-31,82.29000091552734,77.36771392822266
2025-02-03,81.95999908447266,77.31393432617188
2025-02-04,82.04000091552734,77.38941955566406
2025-02-05,82.08999633789062,77.43656921386719
2025-02-06,82.05999755859375,77.40827178955078
2025-02-07,81.97000122070312,77.32339477539062
2025-02-10,82.01000213623047,77.36112213134766
2025-02-11,81.98999786376953,77.34222412109375
2025-02-12,81.87999725341797,77.23847961425781
2025-02-13,81.98999786376953,77.34222412109375
2025-02-14,82.0999984741211,77.44600677490234
2025-02-18,82.02999877929688,77.37998962402344
2025-02-19,82.08999633789062,77.43656921386719
2025-02-20,82.0999984741211,77.44600677490234
2025-02-21,82.23999786376953,77.57805633544922
2025-02-24,82.30000305175781,77.6346664428711
2025-02-25,82.41000366210938,77.73844146728516
2025-02-26,82.44000244140625,77.7667465209961
2025-02-27,82.47000122070312,77.79502868652344
2025-02-28,82.62000274658203,77.9365463256836
2025-03-03,82.41999816894531,77.98668670654297
2025-03-04,82.43000030517578,77.99616241455078
2025-03-05,82.33999633789062,77.91098022460938
2025-03-06,82.38999938964844,77.95829010009766
2025-03-07,82.37999725341797,77.9488296508789
2025-03-10,82.52999877929688,78.09075164794922
2025-03-11,82.4800033569336,78.04344177246094
2025-03-12,82.41999816894531,77.98668670654297
2025-03-13,82.4800033569336,78.04344177246094
2025-03-14,82.41999816894531,77.98668670654297
2025-03-17,82.38999938964844,77.95829010009766
2025-03-18,82.38999938964844,77.95829010009766
2025-03-19,82.51000213623047,78.07183837890625
2025-03-20,82.52999877929688,78.09075164794922
2025-03-21,82.58000183105469,78.13809204101562
2025-03-24,82.47000122070312,78.03398132324219
2025-03-25,82.5,78.0623779296875
2025-03-26,82.4800033569336,78.04344177246094
2025-03-27,82.5199966430664,78.081298828125
2025-03-28,82.66999816894531,78.22321319580078
2025-03-31,82.7300033569336,78.2800064086914
2025-04-01,82.4800033569336,78.30850219726562
2025-04-02,82.41999816894531,78.25151062011719
2025-04-03,82.7300033569336,78.54584503173828
2025-04-04,82.68000030517578,78.4983901977539
2025-04-07,82.69000244140625,78.50787353515625
2025-04-08,82.63999938964844,78.46040344238281
2025-04-09,82.58999633789062,78.41293334960938
2025-04-10,82.58000183105469,78.4034423828125
2025-04-11,82.43000030517578,78.26102447509766
2025-04-14,82.61000061035156,78.43192291259766
2025-04-15,82.61000061035156,78.43192291259766
2025-04-16,82.72000122070312,78.53634643554688
2025-04-17,82.75,78.5648422241211
2025-04-21,82.69999694824219,78.51737213134766
2025-04-22,82.7300033569336,78.54584503173828
2025-04-23,82.66999816894531,78.48888397216797
2025-04-24,82.7699966430664,78.58381652832031
2025-04-25,82.83999633789062,78.65027618408203
2025-04-28,82.95999908447266,78.76419830322266
2025-04-29,83.01000213623047,78.81169891357422
2025-04-30,83.12000274658203,78.91610717773438
2025-05-01,82.69000244140625,78.75325012207031
2025-05-02,82.52999877929688,78.60088348388672
2025-05-05,82.5199966430664,78.59136199951172
2025-05-06,82.58999633789062,78.65803527832031
2025-05-07,82.62000274658203,78.68659973144531
2025-05-08,82.44999694824219,78.5246810913086
2025-05-09,82.48999786376953,78.56278228759766
2025-05-12,82.33999633789062,78.419921875
2025-05-13,82.31999969482422,78.40087127685547
2025-05-14,82.26000213623047,78.3437271118164
2025-05-15,82.41999816894531,78.49610900878906
2025-05-16,82.4000015258789,78.47706604003906
2025-05-19,82.43000030517578,78.50564575195312
2025-05-20,82.44000244140625,78.51516723632812
2025-05-21,82.38999938964844,78.467529296875
2025-05-22,82.44000244140625,78.51516723632812
2025-05-23,82.48999786376953,78.56278228759766
2025-05-27,82.5199966430664,78.59136199951172
2025-05-28,82.45999908447266,78.53421783447266
2025-05-29,82.55000305175781,78.61994171142578
2025-05-30,82.6500015258789,78.71516418457031
2025-06-02,82.30999755859375,78.65017700195312
2025-06-03,82.29000091552734,78.63107299804688
2025-06-04,82.44000244140625,78.7744140625
2025-06-05,82.3499984741211,78.68840789794922
2025-06-06,82.20999908447266,78.55464935302734
2025-06-09,82.2699966430664,78.61196899414062
2025-06-10,82.2699966430664,78.61196899414062
2025-06-11,82.4000015258789,78.73617553710938
2025-06-12,82.47000122070312,78.80308532714844
2025-06-13,82.41000366210938,78.7457275390625
2025-06-16,82.4000015258789,78.73617553710938
2025-06-17,82.44000244140625,78.7744140625
2025-06-18,82.4800033569336,78.81265258789062
2025-06-20,82.54000091552734,78.8699722290039
2025-06-23,82.6500015258789,78.9750747680664
2025-06-24,82.72000122070312,79.04195404052734
2025-06-25,82.7300033569336,79.051513671875
2025-06-26,82.83000183105469,79.14706420898438
2025-06-27,82.80000305175781,79.11839294433594
2025-06-30,82.86000061035156,79.17572784423828
2025-07-01,82.51000213623047,79.09329223632812
2025-07-02,82.5,79.0837173461914
2025-07-03,82.41000366210938,78.99742126464844
2025-07-07,82.38999938964844,78.97825622558594
2025-07-08,82.4000015258789,78.98783874511719
2025-07-09,82.47000122070312,79.0549545288086
2025-07-10,82.47000122070312,79.0549545288086
2025-07-11,82.44999694824219,79.03577423095703
2025-07-14,82.45999908447266,79.04537200927734
2025-07-15,82.37999725341797,78.96865844726562
2025-07-16,82.48999786376953,79.0741195678711
2025-07-17,82.45999908447266,79.04537200927734
2025-07-18,82.52999877929688,79.11247253417969
2025-07-21,82.58000183105469,79.16041564941406
2025-07-22,82.63999938964844,79.2179183959961
2025-07-23,82.56999969482422,79.15080261230469
2025-07-24,82.5,79.0837173461914
2025-07-25,82.55000305175781,79.13164520263672
2025-07-28,82.54000091552734,79.12206268310547
2025-07-29,82.61000061035156,79.18916320800781
2025-07-30,82.5199966430664,79.10289001464844
2025-07-31,82.5199966430664,79.10289001464844
2025-08-01,82.66000366210938,79.49720764160156
2025-08-04,82.68000030517578,79.51644134521484
2025-08-05,82.6500015258789,79.48757934570312
2025-08-06,82.68000030517578,79.51644134521484
2025-08-07,82.63999938964844,79.47796630859375
2025-08-08,82.62000274658203,79.458740234375
2025-08-11,82.62000274658203,79.458740234375
2025-08-12,82.68000030517578,79.51644134521484
2025-08-13,82.79000091552734,79.6222152709961
2025-08-14,82.69999694824219,79.5356674194336
2025-08-15,82.66999816894531,79.50680541992188
2025-08-18,82.66999816894531,79.50680541992188
2025-08-19,82.70999908447266,79.5452880859375
2025-08-20,82.73999786376953,79.57414245605469
2025-08-21,82.66999816894531,79.50680541992188
2025-08-22,82.8499984741211,79.67991638183594
2025-08-25,82.80999755859375,79.64144134521484
2025-08-26,82.87999725341797,79.70877838134766
2025-08-27,82.94000244140625,79.76649475097656
2025-08-28,82.91000366210938,79.73763275146484
2025-08-29,82.9800033569336,79.80494689941406
2025-09-02,82.68000030517578,79.76443481445312
2025-09-03,82.73999786376953,79.82231903076172
2025-09-04,82.80000305175781,79.88020324707031
2025-09-05,82.91999816894531,79.99596405029297
2025-09-08,82.97000122070312,80.04419708251953
2025-09-09,82.9000015258789,79.97667694091797
2025-09-10,82.91000366210938,79.98631286621094
2025-09-11,82.94000244140625,80.0152587890625
2025-09-12,82.93000030517578,80.00560760498047
2025-09-15,82.95999908447266,80.0345458984375
2025-09-16,83.0,80.07313537597656
2025-09-17,82.95999908447266,80.0345458984375
2025-09-18,82.93000030517578,80.00560760498047
2025-09-19,82.95999908447266,80.0345458984375
2025-09-22,82.91999816894531,79.99596405029297
2025-09-23,82.94999694824219,80.02490234375
2025-09-24,82.91000366210938,79.98631286621094
2025-09-25,82.83999633789062,79.91876983642578
2025-09-26,82.88999938964844,79.96702575683594
2025-09-29,82.91999816894531,79.99596405029297
2025-09-30,82.95999908447266,80.0345458984375
2025-10-01,82.80000305175781,80.12745666503906
2025-10-02,82.81999969482422,80.14682006835938
2025-10-03,82.79000091552734,80.1177749633789
2025-10-06,82.7699966430664,80.09842681884766
2025-10-07,82.80999755859375,80.13713073730469
2025-10-08,82.80000305175781,80.12745666503906
2025-10-09,82.79000091552734,80.1177749633789
2025-10-10,82.93000030517578,80.25325775146484
2025-10-13,83.08999633789062,80.40809631347656
2025-10-14,83.02999877929688,80.35003662109375
2025-10-15,82.98999786376953,80.31133270263672
2025-10-16,83.0999984741211,80.41777038574219
2025-10-17,83.08999633789062,80.40809631347656
2025-10-20,83.0999984741211,80.41777038574219
2025-10-21,83.12000274658203,80.4371337890625
2025-10-22,83.12000274658203,80.4371337890625
2025-10-23,83.05999755859375,80.37906646728516
2025-10-24,83.11000061035156,80.42745208740234
2025-10-27,83.08999633789062,80.40809631347656
2025-10-28,83.0999984741211,80.41777038574219
2025-10-29,82.94000244140625,80.262939453125
2025-10-30,82.94999694824219,80.27261352539062
2025-10-31,82.9800033569336,80.30165100097656
2025-11-03,82.72000122070312,80.3045654296875
2025-11-04,82.75,80.33368682861328
2025-11-05,82.69000244140625,80.27544403076172
2025-11-06,82.79000091552734,80.37251281738281
2025-11-07,82.83000183105469,80.41134643554688
2025-11-10,82.80999755859375,80.39192199707031
2025-11-11,82.87999725341797,80.45989227294922
2025-11-12,82.8499984741211,80.4307632446289
2025-11-13,82.80000305175781,80.3822250366211
2025-11-14,82.83000183105469,80.41134643554688
2025-11-17,82.81999969482422,80.4016342163086
2025-11-18,82.87000274658203,80.45018768310547
2025-11-19,82.86000061035156,80.44047546386719
2025-11-20,82.93000030517578,80.5084228515625
2025-11-21,83.02999877929688,80.60550689697266
2025-11-24,83.04000091552734,80.6152114868164
2025-11-25,83.08999633789062,80.66374969482422
2025-11-26,83.08000183105469,80.654052734375
2025-11-28,83.08000183105469,80.654052734375
2025-12-01,82.76000213623047,80.58490753173828
2025-12-02,82.80999755859375,80.63358306884766
2025-12-03,82.86000061035156,80.68228149414062
2025-12-04,82.80000305175781,80.62386322021484
2025-12-05,82.7699966430664,80.59464263916016
2025-12-08,82.75,80.57516479492188
2025-12-09,82.70999908447266,80.53622436523438
2025-12-10,82.8499984741211,80.67253112792969
2025-12-11,82.86000061035156,80.68228149414062
2025-12-12,82.87000274658203,80.69202423095703
2025-12-15,82.91999816894531,80.7406997680664
2025-12-16,82.95999908447266,80.77964782714844
2025-12-17,82.97000122070312,80.78939056396484
2025-12-18,83.02999877929688,80.8478012084961
2025-12-19,82.76000213623047,80.83316040039062
2025-12-22,82.72000122070312,80.79411315917969
2025-12-23,82.68000030517578,80.7550277709961
2025-12-24,82.7300033569336,80.80387115478516
2025-12-26,82.79000091552734,80.86245727539062
2025-12-29,82.83000183105469,80.90153503417969
2025-12-30,82.8499984741211,80.92105865478516
2025-12-31,82.81999969482422,80.89176940917969
2026-01-02,82.86000061035156,80.93082427978516
2026-01-05,82.88999938964844,80.96014404296875
2026-01-06,82.9000015258789,80.96990966796875
2026-01-07,82.88999938964844,80.96014404296875
2026-01-08,82.86000061035156,80.93082427978516
2026-01-09,82.83000183105469,80.90153503417969
2026-01-12,82.83000183105469,80.90153503417969
2026-01-13,82.8499984741211,80.92105865478516
2026-01-14,82.87000274658203,80.94062042236328
2026-01-15,82.80999755859375,80.88199615478516
2026-01-16,82.79000091552734,80.86245727539062
2026-01-20,82.80000305175781,80.87224578857422
2026-01-21,82.83999633789062,80.91129302978516
2026-01-22,82.80999755859375,80.88199615478516
2026-01-23,82.83999633789062,80.91129302978516
2026-01-26,82.87000274658203,80.94062042236328
2026-01-27,82.88999938964844,80.96014404296875
2026-01-28,82.88999938964844,80.96014404296875
2026-01-29,82.91999816894531,80.98944091796875
2026-01-30,82.98999786376953,81.05780792236328
2026-02-02,82.69999694824219,81.01861572265625
2026-02-03,82.69000244140625,81.00882720947266
2026-02-04,82.7300033569336,81.04801940917969
2026-02-05,82.86000061035156,81.17536163330078
2026-02-06,82.86000061035156,81.17536163330078
2026-02-09,82.87999725341797,81.19497680664062
2026-02-10,82.93000030517578,81.24394226074219
2026-02-11,82.8499984741211,81.16556549072266
2026-02-12,82.93000030517578,81.24394226074219
2026-02-13,83.05999755859375,81.37129974365234
2026-02-17,83.02999877929688,81.3419189453125
2026-02-18,82.9800033569336,81.2929458618164
2026-02-19,82.9800033569336,81.2929458618164
2026-02-20,82.98999786376953,81.30272674560547
2026-02-23,83.05999755859375,81.37129974365234
2026-02-24,83.05999755859375,81.37129974365234
2026-02-25,83.04000091552734,81.35171508789062
2026-02-26,83.06999969482422,81.38109588623047
2026-02-27,83.18000030517578,81.48887634277344
2026-03-02,82.80999755859375,81.34447479248047
2026-03-03,82.80000305175781,81.33465576171875
2026-03-04,82.75,81.28553009033203
2026-03-05,82.69000244140625,81.22660064697266
2026-03-06,82.7300033569336,81.2658920288086
2026-03-09,82.7699966430664,81.30517578125
2026-03-10,82.72000122070312,81.25606536865234
2026-03-11,82.63999938964844,81.17748260498047
2026-03-12,82.5,81.03994750976562
2026-03-13,82.55000305175781,81.08906555175781
2026-03-16,82.6500015258789,81.18731689453125
2026-03-17,82.66000366210938,81.19713592529297
2026-03-18,82.51000213623047,81.04977416992188
2026-03-19,82.48999786376953,81.0301284790039
2026-03-20,82.30999755859375,80.85331726074219
2026-03-23,82.43000030517578,80.97119140625
2026-03-24,82.30999755859375,80.85331726074219
2026-03-25,82.4000015258789,80.94172668457031
2026-03-26,82.22000122070312,80.76492309570312
2026-03-27,82.38999938964844,80.93190002441406
2026-03-30,82.5,81.03994750976562
2026-03-31,82.56999969482422,81.10871887207031
2026-04-01,82.31999969482422,81.10575866699219
2026-04-02,82.36000061035156,81.14517211914062
2026-04-06,82.27999877929688,81.06634521484375
2026-04-07,82.33999633789062,81.1254653930664
2026-04-08,82.41999816894531,81.20427703857422
2026-04-09,82.44000244140625,81.2239990234375
2026-04-10,82.41000366210938,81.1944351196289
2026-04-13,82.47000122070312,81.25354766845703
2026-04-14,82.52999877929688,81.31266021728516
2026-04-15,82.51000213623047,81.29296875
2026-04-16,82.4800033569336,81.2634048461914
2026-04-17,82.63999938964844,81.42103576660156
2026-04-20,82.5999984741211,81.38162994384766
2026-04-21,82.4800033569336,81.2634048461914
2026-04-22,82.5199966430664,81.30281066894531
2026-04-23,82.4800033569336,81.2634048461914
2026-04-24,82.56999969482422,81.3520736694336
2026-04-27,82.55000305175781,81.33236694335938
2026-04-28,82.5,81.2831039428711
2026-04-29,82.38999938964844,81.17473602294922
2026-04-30,82.4800033569336,81.2634048461914
2026-05-01,82.25,81.27625274658203
2026-05-04,82.1500015258789,81.17744445800781
2026-05-05,82.19000244140625,81.21696472167969
2026-05-06,82.30000305175781,81.3256607055664
2026-05-07,82.2300033569336,81.25648498535156
2026-05-08,82.30000305175781,81.3256607055664
2026-05-11,82.22000122070312,81.2466049194336
2026-05-12,82.16000366210938,81.18732452392578
2026-05-13,82.19000244140625,81.21696472167969
2026-05-14,82.16000366210938,81.18732452392578
2026-05-15,82.05999755859375,81.0885009765625
2026-05-18,82.0999984741211,81.1280288696289
2026-05-19,82.04000091552734,81.06874084472656
2026-05-20,82.1500015258789,81.17744445800781
2026-05-21,82.13999938964844,81.16754913330078
2026-05-22,82.12000274658203,81.14778900146484
2026-05-26,82.20999908447266,81.23672485351562
2026-05-27,82.22000122070312,81.2466049194336
2026-05-28,82.26000213623047,81.2861328125
2026-05-29,82.30000305175781,81.3256607055664
2026-06-01,82.01000213623047,81.27908325195312
2026-06-02,82.01000213623047,81.27908325195312
2026-06-03,81.97000122070312,81.23944091796875
2026-06-04,82.02999877929688,81.29889678955078
2026-06-05,81.86000061035156,81.13041687011719
2026-06-08,81.9000015258789,81.17005920410156
2026-06-09,81.94000244140625,81.20970916748047
2026-06-10,81.94000244140625,81.20970916748047
2026-06-11,82.08999633789062,81.35836029052734
2026-06-12,82.06999969482422,81.33854675292969
2026-06-15,82.11000061035156,81.37818908691406
2026-06-16,82.12999725341797,81.39800262451172
2026-06-17,81.87999725341797,81.15023803710938
2026-06-18,81.98999786376953,81.2592544555664
2026-06-22,81.91000366210938,81.17996978759766
2026-06-23,81.97000122070312,81.23944091796875
2026-06-24,82.06999969482422,81.33854675292969
2026-06-25,82.08999633789062,81.35836029052734
2026-06-26,82.19000244140625,81.45748138427734
2026-06-29,82.16999816894531,81.43765258789062
2026-06-30,82.11000061035156,81.37818908691406
2026-07-01,81.83999633789062,81.34638214111328
2026-07-02,81.94000244140625,81.44578552246094
2026-07-06,81.9800033569336,81.48554229736328
2026-07-07,81.86000061035156,81.36626434326172
2026-07-08,81.83999633789062,81.34638214111328
2026-07-09,81.91000366210938,81.41596221923828
2026-07-10,81.87999725341797,81.38613891601562
2026-07-13,81.79000091552734,81.29668426513672
2026-07-14,81.93000030517578,81.43583679199219
2026-07-15,82.0,81.50541687011719
2026-07-16,82.0,81.50541687011719
2026-07-17,81.98999786376953,81.49547576904297
2026-07-20,81.95999908447266,81.46566009521484
2026-07-21,81.88999938964844,81.39608001708984
2026-07-22,81.83000183105469,81.3364486694336
2026-07-23,81.7699966430664,81.27680206298828
2026-07-24,81.8499984741211,81.3563232421875
2026-07-27,81.87000274658203,81.37620544433594
2026-07-28,81.94000244140625,81.44578552246094
2026-07-29,81.98999786376953,81.49547576904297
2026-07-30,82.01000213623047,81.5153579711914
2026-07-31,82.0,81.50541687011719
2026-08-03,81.7699966430664,81.52635192871094
2026-08-04,81.87000274658203,81.62606048583984
2026-08-05,81.9000015258789,81.65596771240234
2026-08-06,81.80000305175781,81.55626678466797
2026-08-07,81.91999816894531,81.6759033203125
2026-08-10,81.86000061035156,81.6160888671875
2026-08-11,81.87000274658203,81.62606048583984
2026-08-12,81.91999816894531,81.6759033203125
2026-08-13,82.02999877929688,81.78557586669922
2026-08-14,82.0,81.75566864013672
2026-08-17,82.0,81.75566864013672
2026-08-18,82.0199966430664,81.77560424804688
2026-08-19,82.05999755859375,81.81549072265625
2026-08-20,82.0199966430664,81.77560424804688
2026-08-21,82.0,81.75566864013672
2026-08-24,82.0,81.75566864013672
2026-08-25,82.08000183105469,81.83543395996094
2026-08-26,82.05000305175781,81.80552673339844
2026-08-27,82.04000091552734,81.7955551147461
2026-08-28,81.88999938964844,81.64599609375
2026-08-31,81.88999938964844,81.64599609375
