date,close,adjusted_close
2011-01-03,127.05000305175781,96.67910766601562
2011-01-04,126.9800033569336,96.62580108642578
2011-01-05,127.63999938964844,97.1280517578125
2011-01-06,127.38999938964844,96.93782043457031
2011-01-07,127.13999938964844,96.74756622314453
2011-01-10,126.9800033569336,96.62580108642578
2011-01-11,127.43000030517578,96.96826934814453
2011-01-12,128.5800018310547,97.8434066772461
2011-01-13,128.3699951171875,97.68358612060547
2011-01-14,129.3000030517578,98.39125061035156
2011-01-18,129.52000427246094,98.55865478515625
2011-01-19,128.25,97.5922622680664
2011-01-20,128.0800018310547,97.46287536621094
2011-01-21,128.3699951171875,97.68358612060547
2011-01-24,129.10000610351562,98.23907470703125
2011-01-25,129.1699981689453,98.29232025146484
2011-01-26,129.6699981689453,98.67277526855469
2011-01-27,129.99000549316406,98.9162826538086
2011-01-28,127.72000122070312,97.18893432617188
2011-01-31,128.67999267578125,97.91943359375
2011-02-01,130.74000549316406,99.48703002929688
2011-02-02,130.49000549316406,99.2967758178711
2011-02-03,130.77999877929688,99.51746368408203
2011-02-04,131.14999389648438,99.79899597167969
2011-02-07,131.97000122070312,100.42298889160156
2011-02-08,132.57000732421875,100.87955474853516
2011-02-09,132.27000427246094,100.65127563476562
2011-02-10,132.32000732421875,100.68934631347656
2011-02-11,133.11000061035156,101.29048156738281
2011-02-14,133.42999267578125,101.53397369384766
2011-02-15,133.00999450683594,101.21440124511719
2011-02-16,133.85000610351562,101.85358428955078
2011-02-17,134.25,102.15796661376953
2011-02-18,134.52999877929688,102.3710708618164
2011-02-22,131.8300018310547,100.31647491455078
2011-02-23,131.02000427246094,99.70006561279297
2011-02-24,130.92999267578125,99.631591796875
2011-02-25,132.3300018310547,100.69693756103516
2011-02-28,133.14999389648438,101.3209228515625
2011-03-01,130.92999267578125,99.631591796875
2011-03-02,131.2100067138672,99.84468841552734
2011-03-03,133.47000122070312,101.56441497802734
2011-03-04,132.47000122070312,100.803466796875
2011-03-07,131.42999267578125,100.01207733154297
2011-03-08,132.5800018310547,100.88714599609375
2011-03-09,132.38999938964844,100.7425765991211
2011-03-10,129.94000244140625,98.87825775146484
2011-03-11,130.83999633789062,99.56311798095703
2011-03-14,130.0500030517578,98.96195983886719
2011-03-15,128.55999755859375,97.82816314697266
2011-03-16,126.18000030517578,96.01708221435547
2011-03-17,127.8499984741211,97.28784942626953
2011-03-18,127.76000213623047,97.6417236328125
2011-03-21,129.74000549316406,99.15494537353516
2011-03-22,129.2899932861328,98.81103515625
2011-03-23,129.66000366210938,99.09381103515625
2011-03-24,130.89999389648438,100.04151916503906
2011-03-25,131.3000030517578,100.3471908569336
2011-03-28,130.97999572753906,100.10263061523438
2011-03-29,131.86000061035156,100.77518463134766
2011-03-30,132.77000427246094,101.47067260742188
2011-03-31,132.58999633789062,101.33309936523438
2011-04-01,133.14999389648438,101.76105499267578
2011-04-04,133.25999450683594,101.8451156616211
2011-04-05,133.24000549316406,101.82989501953125
2011-04-06,133.66000366210938,102.1508560180664
2011-04-07,133.32000732421875,101.89097595214844
2011-04-08,132.86000061035156,101.53945922851562
2011-04-11,132.4600067138672,101.23372650146484
2011-04-12,131.47000122070312,100.47712707519531
2011-04-13,131.4600067138672,100.46947479248047
2011-04-14,131.55999755859375,100.54588317871094
2011-04-15,132.0399932861328,100.9127426147461
2011-04-18,130.55999755859375,99.78164672851562
2011-04-19,131.30999755859375,100.35482025146484
2011-04-20,133.10000610351562,101.72288513183594
2011-04-21,133.77999877929688,102.2425308227539
2011-04-25,133.63999938964844,102.13556671142578
2011-04-26,134.7899932861328,103.01444244384766
2011-04-27,135.6699981689453,103.6870346069336
2011-04-28,136.11000061035156,104.02326202392578
2011-04-29,136.42999267578125,104.26782989501953
2011-05-02,136.22000122070312,104.1073226928711
2011-05-03,135.72999572753906,103.73282623291016
2011-05-04,134.8300018310547,103.0450210571289
2011-05-05,133.61000061035156,102.11265563964844
2011-05-06,134.1999969482422,102.56356048583984
2011-05-09,134.72000122070312,102.9609375
2011-05-10,135.8699951171875,103.83984375
2011-05-11,134.44000244140625,102.74696350097656
2011-05-12,135.0800018310547,103.23611450195312
2011-05-13,134.0399932861328,102.44125366210938
2011-05-16,133.19000244140625,101.79167175292969
2011-05-17,133.1699981689453,101.77635955810547
2011-05-18,134.36000061035156,102.68580627441406
2011-05-19,134.67999267578125,102.93035125732422
2011-05-20,133.61000061035156,102.11265563964844
2011-05-23,132.05999755859375,100.92801666259766
2011-05-24,131.9499969482422,100.84395599365234
2011-05-25,132.38999938964844,101.18021392822266
2011-05-26,133.0,101.64642333984375
2011-05-27,133.50999450683594,102.03619384765625
2011-05-31,134.89999389648438,103.09849548339844
2011-06-01,131.8699951171875,100.78279876708984
2011-06-02,131.72999572753906,100.67584991455078
2011-06-03,130.4199981689453,99.67466735839844
2011-06-06,129.0399932861328,98.61996459960938
2011-06-07,128.9600067138672,98.5588607788086
2011-06-08,128.4199981689453,98.14613342285156
2011-06-09,129.39999389648438,98.8951187133789
2011-06-10,127.5999984741211,97.51940155029297
2011-06-13,127.69999694824219,97.59585571289062
2011-06-14,129.32000732421875,98.83396911621094
2011-06-15,127.0199966430664,97.07617950439453
2011-06-16,127.30000305175781,97.29016876220703
2011-06-17,127.05000305175781,97.5804672241211
2011-06-20,127.69999694824219,98.0797119140625
2011-06-21,129.4499969482422,99.42381286621094
2011-06-22,128.6699981689453,98.82472229003906
2011-06-23,128.3000030517578,98.54056549072266
2011-06-24,126.80999755859375,97.39616394042969
2011-06-27,127.94000244140625,98.26404571533203
2011-06-28,129.61000061035156,99.54669189453125
2011-06-29,130.72000122070312,100.39923858642578
2011-06-30,131.97000122070312,101.3592758178711
2011-07-01,133.9199981689453,102.85696411132812
2011-07-05,133.80999755859375,102.77251434326172
2011-07-06,133.97000122070312,102.89534759521484
2011-07-07,135.36000061035156,103.96294403076172
2011-07-08,134.39999389648438,103.22562408447266
2011-07-11,131.97000122070312,101.3592758178711
2011-07-12,131.39999389648438,100.92147064208984
2011-07-13,131.83999633789062,101.25946044921875
2011-07-14,130.92999267578125,100.56050872802734
2011-07-15,131.69000244140625,101.14420318603516
2011-07-18,130.61000061035156,100.31475067138672
2011-07-19,132.72999572753906,101.94295501708984
2011-07-20,132.64999389648438,101.8815689086914
2011-07-21,134.49000549316406,103.29473114013672
2011-07-22,134.5800018310547,103.3638916015625
2011-07-25,133.8300018310547,102.78785705566406
2011-07-26,133.3300018310547,102.40379333496094
2011-07-27,130.60000610351562,100.30706024169922
2011-07-28,130.22000122070312,100.01519775390625
2011-07-29,129.3300018310547,99.33162689208984
2011-08-01,128.77999877929688,98.90917205810547
2011-08-02,125.48999786376953,96.38232421875
2011-08-03,126.16999816894531,96.90457153320312
2011-08-04,120.26000213623047,92.3654556274414
2011-08-05,120.08000183105469,92.22718811035156
2011-08-08,112.26000213623047,86.2210464477539
2011-08-09,117.4800033569336,90.23027801513672
2011-08-10,112.29000091552734,86.24411010742188
2011-08-11,117.33000183105469,90.11505126953125
2011-08-12,118.12000274658203,90.72181701660156
2011-08-15,120.62000274658203,92.64192199707031
2011-08-16,119.58999633789062,91.85083770751953
2011-08-17,119.66999816894531,91.91226959228516
2011-08-18,114.51000213623047,87.94916534423828
2011-08-19,112.63999938964844,86.51290130615234
2011-08-22,112.7300033569336,86.58203887939453
2011-08-23,116.44000244140625,89.43148040771484
2011-08-24,118.08000183105469,90.69108581542969
2011-08-25,116.27999877929688,89.3086166381836
2011-08-26,117.97000122070312,90.60657501220703
2011-08-29,121.36000061035156,93.21025848388672
2011-08-30,121.68000030517578,93.45606994628906
2011-08-31,122.22000122070312,93.87081909179688
2011-09-01,120.94000244140625,92.88773345947266
2011-09-02,117.8499984741211,90.5144271850586
2011-09-06,116.98999786376953,89.8539047241211
2011-09-07,120.29000091552734,92.38848114013672
2011-09-08,119.04000091552734,91.42840576171875
2011-09-09,115.91999816894531,89.03207397460938
2011-09-12,116.66999816894531,89.60814666748047
2011-09-13,117.73999786376953,90.42993927001953
2011-09-14,119.37000274658203,91.68189239501953
2011-09-15,121.43000030517578,93.26405334472656
2011-09-16,121.5199966430664,93.81602478027344
2011-09-19,120.30999755859375,92.88189697265625
2011-09-20,120.16999816894531,92.7738037109375
2011-09-21,116.62999725341797,90.04085540771484
2011-09-22,112.86000061035156,87.13034057617188
2011-09-23,113.54000091552734,87.65532684326172
2011-09-26,116.23999786376953,89.73976135253906
2011-09-27,117.54000091552734,90.74339294433594
2011-09-28,115.13999938964844,88.89057922363281
2011-09-29,116.05000305175781,89.59309387207031
2011-09-30,113.1500015258789,87.354248046875
2011-10-03,109.93000030517578,84.86832427978516
2011-10-04,112.33999633789062,86.72886657714844
2011-10-05,114.41999816894531,88.334716796875
2011-10-06,116.48999786376953,89.93278503417969
2011-10-07,115.70999908447266,89.33059692382812
2011-10-10,119.58000183105469,92.31831359863281
2011-10-11,119.69999694824219,92.41098022460938
2011-10-12,120.75,93.2215805053711
2011-10-13,120.51000213623047,93.03632354736328
2011-10-14,122.56999969482422,94.62664794921875
2011-10-17,120.2300033569336,92.82012176513672
2011-10-18,122.58000183105469,94.63438415527344
2011-10-19,121.12999725341797,93.51495361328125
2011-10-20,121.66000366210938,93.92411804199219
2011-10-21,123.97000122070312,95.70748901367188
2011-10-24,125.48999786376953,96.8809585571289
2011-10-25,123.05000305175781,94.99724578857422
2011-10-26,124.30000305175781,95.96226501464844
2011-10-27,128.6300048828125,99.30510711669922
2011-10-28,128.60000610351562,99.28194427490234
2011-10-31,125.5,96.8886947631836
2011-11-01,122.0,94.18663787841797
2011-11-02,123.98999786376953,95.7229232788086
2011-11-03,126.25,97.46771240234375
2011-11-04,125.4800033569336,96.8732681274414
2011-11-07,126.26000213623047,97.47541809082031
2011-11-08,127.87999725341797,98.72610473632812
2011-11-09,123.16000366210938,95.0821304321289
2011-11-10,124.31999969482422,95.97771453857422
2011-11-11,126.66000366210938,97.78424835205078
2011-11-14,125.45999908447266,96.85780334472656
2011-11-15,126.08000183105469,97.33648681640625
2011-11-16,124.08000183105469,95.79241943359375
2011-11-17,122.11000061035156,94.27156066894531
2011-11-18,121.9800033569336,94.17118072509766
2011-11-21,119.66000366210938,92.38009643554688
2011-11-22,119.19000244140625,92.01725769042969
2011-11-23,116.55999755859375,89.98680114746094
2011-11-25,116.33999633789062,89.81693267822266
2011-11-28,119.70999908447266,92.41866302490234
2011-11-29,120.05000305175781,92.68115997314453
2011-11-30,124.98999786376953,96.49496459960938
2011-12-01,124.97000122070312,96.47953033447266
2011-12-02,124.86000061035156,96.39458465576172
2011-12-05,126.22000122070312,97.44452667236328
2011-12-06,126.26000213623047,97.47541809082031
2011-12-07,126.7300033569336,97.83827209472656
2011-12-08,123.94999694824219,95.6920394897461
2011-12-09,126.05000305175781,97.31330108642578
2011-12-12,124.20999908447266,95.89276885986328
2011-12-13,123.05000305175781,94.99724578857422
2011-12-14,121.73999786376953,93.98588562011719
2011-12-15,122.18000030517578,94.3255615234375
2011-12-16,121.58999633789062,94.46542358398438
2011-12-19,120.29000091552734,93.45545196533203
2011-12-20,123.93000030517578,96.2834243774414
2011-12-21,124.16999816894531,96.4698715209961
2011-12-22,125.2699966430664,97.324462890625
2011-12-23,126.38999938964844,98.19462585449219
2011-12-27,126.48999786376953,98.27233123779297
2011-12-28,124.83000183105469,96.9826431274414
2011-12-29,126.12000274658203,97.98484802246094
2011-12-30,125.5,97.50318145751953
2012-01-03,127.5,99.0569839477539
2012-01-04,127.69999694824219,99.21239471435547
2012-01-05,128.0399932861328,99.47650146484375
2012-01-06,127.70999908447266,99.22015380859375
2012-01-09,128.02000427246094,99.46100616455078
2012-01-10,129.1300048828125,100.3233871459961
2012-01-11,129.1999969482422,100.37774658203125
2012-01-12,129.50999450683594,100.61860656738281
2012-01-13,128.83999633789062,100.09807586669922
2012-01-17,129.33999633789062,100.48653411865234
2012-01-18,130.77000427246094,101.5975341796875
2012-01-19,131.4600067138672,102.13362121582031
2012-01-20,131.9499969482422,102.51429748535156
2012-01-23,131.61000061035156,102.25012969970703
2012-01-24,131.4600067138672,102.13362121582031
2012-01-25,132.55999755859375,102.98820495605469
2012-01-26,131.8800048828125,102.45992279052734
2012-01-27,131.82000732421875,102.41332244873047
2012-01-30,131.3699951171875,102.06366729736328
2012-01-31,131.32000732421875,102.02481842041016
2012-02-01,132.47000122070312,102.91827392578125
2012-02-02,132.67999267578125,103.08142852783203
2012-02-03,134.5399932861328,104.5265121459961
2012-02-06,134.4499969482422,104.4565658569336
2012-02-07,134.7899932861328,104.72071838378906
2012-02-08,135.19000244140625,105.03148651123047
2012-02-09,135.36000061035156,105.16356658935547
2012-02-10,134.36000061035156,104.38665008544922
2012-02-13,135.36000061035156,105.16356658935547
2012-02-14,135.19000244140625,105.03148651123047
2012-02-15,134.55999755859375,104.54204559326172
2012-02-16,136.0500030517578,105.69965362548828
2012-02-17,136.41000366210938,105.97935485839844
2012-02-21,136.47000122070312,106.02595520019531
2012-02-22,136.02999877929688,105.68408203125
2012-02-23,136.6300048828125,106.15032196044922
2012-02-24,136.92999267578125,106.38335418701172
2012-02-27,137.16000366210938,106.56200408935547
2012-02-28,137.55999755859375,106.87281799316406
2012-02-29,137.02000427246094,106.45326232910156
2012-03-01,137.72999572753906,107.00489807128906
2012-03-02,137.30999755859375,106.67855072021484
2012-03-05,136.75,106.24348449707031
2012-03-06,134.75,104.6896743774414
2012-03-07,135.69000244140625,105.41998291015625
2012-03-08,137.0399932861328,106.46880340576172
2012-03-09,137.57000732421875,106.88057708740234
2012-03-12,137.5800018310547,106.8883285522461
2012-03-13,140.05999755859375,108.8150634765625
2012-03-14,139.91000366210938,108.69853973388672
2012-03-15,140.72000122070312,109.327880859375
2012-03-16,140.3000030517578,109.47926330566406
2012-03-19,140.85000610351562,109.90843200683594
2012-03-20,140.44000244140625,109.5885009765625
2012-03-21,140.2100067138672,109.40904998779297
2012-03-22,139.1999969482422,108.62090301513672
2012-03-23,139.64999389648438,108.97200012207031
2012-03-26,141.61000061035156,110.50149536132812
2012-03-27,141.1699981689453,110.15812683105469
2012-03-28,140.47000122070312,109.61186218261719
2012-03-29,140.22999572753906,109.42461395263672
2012-03-30,140.80999755859375,109.877197265625
2012-04-02,141.83999633789062,110.6809310913086
2012-04-03,141.25999450683594,110.22834777832031
2012-04-04,139.86000061035156,109.13591003417969
2012-04-05,139.7899932861328,109.0812759399414
2012-04-09,138.22000122070312,107.85617065429688
2012-04-10,135.89999389648438,106.04581451416016
2012-04-11,137.0,106.90416717529297
2012-04-12,138.7899932861328,108.30094909667969
2012-04-13,137.13999938964844,107.013427734375
2012-04-16,137.0500030517578,106.94322204589844
2012-04-17,139.0800018310547,108.52723693847656
2012-04-18,138.61000061035156,108.16048431396484
2012-04-19,137.72000122070312,107.46598052978516
2012-04-20,137.9499969482422,107.64549255371094
2012-04-23,136.7899932861328,106.74029541015625
2012-04-24,137.30999755859375,107.14607238769531
2012-04-25,139.19000244140625,108.61309051513672
2012-04-26,140.16000366210938,109.37003326416016
2012-04-27,140.38999938964844,109.54943084716797
2012-04-30,139.8699951171875,109.14369201660156
2012-05-01,140.74000549316406,109.82257080078125
2012-05-02,140.32000732421875,109.49484252929688
2012-05-03,139.25,108.65988159179688
2012-05-04,137.0,106.90416717529297
2012-05-07,137.10000610351562,106.98224639892578
2012-05-08,136.5500030517578,106.5530776977539
2012-05-09,135.74000549316406,105.92095947265625
2012-05-10,136.02000427246094,106.13948059082031
2012-05-11,135.61000061035156,105.81952667236328
2012-05-14,134.11000061035156,104.6490478515625
2012-05-15,133.33999633789062,104.04817199707031
2012-05-16,132.8300018310547,103.65023803710938
2012-05-17,130.86000061035156,102.11302185058594
2012-05-18,129.74000549316406,101.23905181884766
2012-05-21,131.97000122070312,102.97911834716797
2012-05-22,132.1999969482422,103.15867614746094
2012-05-23,132.27000427246094,103.2132568359375
2012-05-24,132.52999877929688,103.4161376953125
2012-05-25,132.10000610351562,103.08060455322266
2012-05-29,133.6999969482422,104.3291244506836
2012-05-30,131.75999450683594,102.8153076171875
2012-05-31,131.47000122070312,102.58901977539062
2012-06-01,128.16000366210938,100.00614166259766
2012-06-04,128.10000610351562,99.95931243896484
2012-06-05,129.07000732421875,100.7162094116211
2012-06-06,131.97000122070312,102.97911834716797
2012-06-07,132.0500030517578,103.04161071777344
2012-06-08,133.10000610351562,103.86092376708984
2012-06-11,131.41000366210938,102.54219818115234
2012-06-12,132.9199981689453,103.720458984375
2012-06-13,132.07000732421875,103.05719757080078
2012-06-14,133.47000122070312,104.14967346191406
2012-06-15,134.13999938964844,105.2148208618164
2012-06-18,134.39999389648438,105.41874694824219
2012-06-19,135.6999969482422,106.43840026855469
2012-06-20,135.47999572753906,106.265869140625
2012-06-21,132.44000244140625,103.88138580322266
2012-06-22,133.4600067138672,104.68144989013672
2012-06-25,131.32000732421875,103.00292205810547
2012-06-26,131.97999572753906,103.52057647705078
2012-06-27,133.1699981689453,104.4539794921875
2012-06-28,132.7899932861328,104.15592193603516
2012-06-29,136.10000610351562,106.75213623046875
2012-07-02,136.50999450683594,107.07379150390625
2012-07-03,137.41000366210938,107.77970123291016
2012-07-05,136.7899932861328,107.29337310791016
2012-07-06,135.49000549316406,106.27367401123047
2012-07-09,135.32000732421875,106.14041137695312
2012-07-10,134.13999938964844,105.2148208618164
2012-07-11,134.16000366210938,105.23049926757812
2012-07-12,133.50999450683594,104.72064971923828
2012-07-13,135.75,106.47760772705078
2012-07-16,135.42999267578125,106.22662353515625
2012-07-17,136.36000061035156,106.95610809326172
2012-07-18,137.3699951171875,107.74829864501953
2012-07-19,137.72999572753906,108.03067779541016
2012-07-20,136.47000122070312,107.04239654541016
2012-07-23,135.08999633789062,105.95994567871094
2012-07-24,133.92999267578125,105.05006408691406
2012-07-25,133.9600067138672,105.0736312866211
2012-07-26,136.1699981689453,106.80711364746094
2012-07-27,138.67999267578125,108.77581024169922
2012-07-30,138.67999267578125,108.77581024169922
2012-07-31,137.7100067138672,108.01499938964844
2012-08-01,137.58999633789062,107.92086029052734
2012-08-02,136.63999938964844,107.17572021484375
2012-08-03,139.35000610351562,109.30134582519531
2012-08-06,139.6199951171875,109.51315307617188
2012-08-07,140.32000732421875,110.06221008300781
2012-08-08,140.49000549316406,110.19554901123047
2012-08-09,140.61000061035156,110.2896499633789
2012-08-10,140.83999633789062,110.4700698852539
2012-08-13,140.77000427246094,110.41514587402344
2012-08-14,140.7899932861328,110.43087768554688
2012-08-15,140.9499969482422,110.55635070800781
2012-08-16,141.99000549316406,111.37208557128906
2012-08-17,142.17999267578125,111.5211181640625
2012-08-20,142.19000244140625,111.52898406982422
2012-08-21,141.75999450683594,111.1917495727539
2012-08-22,141.82000732421875,111.23875427246094
2012-08-23,140.66000366210938,110.32888793945312
2012-08-24,141.50999450683594,110.9955825805664
2012-08-27,141.5399932861328,111.0191421508789
2012-08-28,141.39999389648438,110.90929412841797
2012-08-29,141.50999450683594,110.9955825805664
2012-08-30,140.49000549316406,110.19554901123047
2012-08-31,141.16000366210938,110.72102355957031
2012-09-04,141.02999877929688,110.61907196044922
2012-09-05,140.91000366210938,110.52494812011719
2012-09-06,143.77000427246094,112.76824951171875
2012-09-07,144.3300018310547,113.20748138427734
2012-09-10,143.50999450683594,112.56432342529297
2012-09-11,143.91000366210938,112.8780746459961
2012-09-12,144.38999938964844,113.25459289550781
2012-09-13,146.58999633789062,114.98017120361328
2012-09-14,147.24000549316406,115.48997497558594
2012-09-17,146.74000549316406,115.09783172607422
2012-09-18,146.6199951171875,115.00369262695312
2012-09-19,146.6999969482422,115.06645965576172
2012-09-20,146.7100067138672,115.07427215576172
2012-09-21,145.8699951171875,115.02621459960938
2012-09-24,145.64999389648438,114.85264587402344
2012-09-25,144.10000610351562,113.63046264648438
2012-09-26,143.2899932861328,112.99177551269531
2012-09-27,144.63999938964844,114.05624389648438
2012-09-28,143.97000122070312,113.52798461914062
2012-10-01,144.35000610351562,113.82758331298828
2012-10-02,144.5,113.94584655761719
2012-10-03,145.08999633789062,114.41110229492188
2012-10-04,146.1300048828125,115.23120880126953
2012-10-05,146.13999938964844,115.2391128540039
2012-10-08,145.63999938964844,114.84480285644531
2012-10-09,144.1999969482422,113.70928955078125
2012-10-10,143.27999877929688,112.98382568359375
2012-10-11,143.36000061035156,113.04690551757812
2012-10-12,142.88999938964844,112.67631530761719
2012-10-15,144.0800018310547,113.61466979980469
2012-10-16,145.5399932861328,114.76597595214844
2012-10-17,146.1999969482422,115.28641510009766
2012-10-18,145.82000732421875,114.98674774169922
2012-10-19,143.38999938964844,113.0705795288086
2012-10-22,143.41000366210938,113.0863265991211
2012-10-23,141.4199981689453,111.51715087890625
2012-10-24,141.02000427246094,111.20169830322266
2012-10-25,141.42999267578125,111.5250015258789
2012-10-26,141.35000610351562,111.46190643310547
2012-10-31,141.35000610351562,111.46190643310547
2012-11-01,142.8300018310547,112.6290054321289
2012-11-02,141.55999755859375,111.62754821777344
2012-11-05,141.85000610351562,111.85617065429688
2012-11-06,142.9600067138672,112.73149871826172
2012-11-07,139.72000122070312,110.17658233642578
2012-11-08,138.0399932861328,108.85177612304688
2012-11-09,138.16000366210938,108.94645690917969
2012-11-12,138.27000427246094,109.033203125
2012-11-13,137.7899932861328,108.65467834472656
2012-11-14,135.92999267578125,107.1879653930664
2012-11-15,135.6999969482422,107.006591796875
2012-11-16,136.3699951171875,107.53489685058594
2012-11-19,139.1300048828125,109.71131896972656
2012-11-20,139.19000244140625,109.7586441040039
2012-11-21,139.4499969482422,109.96366119384766
2012-11-23,141.35000610351562,111.46190643310547
2012-11-26,141.0500030517578,111.22537994384766
2012-11-27,140.3300018310547,110.65760803222656
2012-11-28,141.4600067138672,111.54862976074219
2012-11-29,142.1199951171875,112.06907653808594
2012-11-30,142.14999389648438,112.0927505493164
2012-12-03,141.4499969482422,111.54078674316406
2012-12-04,141.25,111.3830795288086
2012-12-05,141.5,111.5802230834961
2012-12-06,141.97999572753906,111.95872497558594
2012-12-07,142.41000366210938,112.29781341552734
2012-12-10,142.47000122070312,112.34510040283203
2012-12-11,143.44000244140625,113.11003875732422
2012-12-12,143.50999450683594,113.16519165039062
2012-12-13,142.6300048828125,112.4713134765625
2012-12-14,142.10000610351562,112.05337524414062
2012-12-17,143.77000427246094,113.3702163696289
2012-12-18,145.3699951171875,114.63191986083984
2012-12-19,144.2899932861328,113.7802734375
2012-12-20,145.1199951171875,114.43477630615234
2012-12-21,142.7899932861328,113.39602661132812
2012-12-24,142.35000610351562,113.04662322998047
2012-12-26,141.75,112.57012176513672
2012-12-27,141.55999755859375,112.41925048828125
2012-12-28,140.02999877929688,111.20418548583984
2012-12-31,142.41000366210938,113.09429168701172
2013-01-02,146.05999755859375,115.99286651611328
2013-01-03,145.72999572753906,115.7308349609375
2013-01-04,146.3699951171875,116.23905944824219
2013-01-07,145.97000122070312,115.92142486572266
2013-01-08,145.5500030517578,115.58789825439453
2013-01-09,145.9199981689453,115.88169860839844
2013-01-10,147.0800018310547,116.80290985107422
2013-01-11,147.07000732421875,116.79499816894531
2013-01-14,146.97000122070312,116.7155532836914
2013-01-15,147.07000732421875,116.79499816894531
2013-01-16,147.0500030517578,116.77909088134766
2013-01-17,148.0,117.53352355957031
2013-01-18,148.3300018310547,117.79558563232422
2013-01-22,149.1300048828125,118.43097686767578
2013-01-23,149.3699951171875,118.62149810791016
2013-01-24,149.41000366210938,118.65325164794922
2013-01-25,150.25,119.32035827636719
2013-01-28,150.07000732421875,119.17743682861328
2013-01-29,150.66000366210938,119.64596557617188
2013-01-30,150.07000732421875,119.17743682861328
2013-01-31,149.6999969482422,118.88359069824219
2013-02-01,151.24000549316406,120.10661315917969
2013-02-04,149.5399932861328,118.75652313232422
2013-02-05,151.0500030517578,119.95568084716797
2013-02-06,151.16000366210938,120.04302978515625
2013-02-07,150.9600067138672,119.88419342041016
2013-02-08,151.8000030517578,120.55126953125
2013-02-11,151.77000427246094,120.52748107910156
2013-02-12,152.02000427246094,120.7259750366211
2013-02-13,152.14999389648438,120.82921600341797
2013-02-14,152.2899932861328,120.94046783447266
2013-02-15,152.11000061035156,120.7975082397461
2013-02-19,153.25,121.70277404785156
2013-02-20,151.33999633789062,120.18594360351562
2013-02-21,150.4199981689453,119.45540618896484
2013-02-22,151.88999938964844,120.62273406982422
2013-02-25,149.0,118.32769012451172
2013-02-26,150.02000427246094,119.13771057128906
2013-02-27,151.91000366210938,120.63862609863281
2013-02-28,151.61000061035156,120.40038299560547
2013-03-01,152.11000061035156,120.7975082397461
2013-03-04,152.9199981689453,121.44071960449219
2013-03-05,154.2899932861328,122.52867889404297
2013-03-06,154.5,122.69548797607422
2013-03-07,154.77999877929688,122.9178466796875
2013-03-08,155.44000244140625,123.44200134277344
2013-03-11,156.02999877929688,123.91055297851562
2013-03-12,155.67999267578125,123.63258361816406
2013-03-13,155.89999389648438,123.80730438232422
2013-03-14,156.72999572753906,124.46647644042969
2013-03-15,155.8300018310547,124.3021240234375
2013-03-18,154.97000122070312,123.61607360839844
2013-03-19,154.61000061035156,123.32892608642578
2013-03-20,155.69000244140625,124.19039154052734
2013-03-21,154.36000061035156,123.12950134277344
2013-03-22,155.60000610351562,124.11863708496094
2013-03-25,154.9499969482422,123.60012817382812
2013-03-26,156.19000244140625,124.58928680419922
2013-03-27,156.19000244140625,124.58928680419922
2013-03-28,156.6699981689453,124.97213745117188
2013-04-01,156.0500030517578,124.47756958007812
2013-04-02,156.82000732421875,125.091796875
2013-04-03,155.22999572753906,123.82344818115234
2013-04-04,155.86000061035156,124.3260269165039
2013-04-05,155.16000366210938,123.76769256591797
2013-04-08,156.2100067138672,124.6052474975586
2013-04-09,156.75,125.03600311279297
2013-04-10,158.6699981689453,126.5675048828125
2013-04-11,159.19000244140625,126.98235321044922
2013-04-12,158.8000030517578,126.67118835449219
2013-04-15,155.1199951171875,123.73574829101562
2013-04-16,157.41000366210938,125.5624008178711
2013-04-17,155.11000061035156,123.72779846191406
2013-04-18,154.13999938964844,122.95403289794922
2013-04-19,155.47999572753906,124.02290344238281
2013-04-22,156.1699981689453,124.57329559326172
2013-04-23,157.77999877929688,125.85757446289062
2013-04-24,157.8800048828125,125.93736267089844
2013-04-25,158.52000427246094,126.4478759765625
2013-04-26,158.24000549316406,126.22452545166016
2013-04-29,159.3000030517578,127.07001495361328
2013-04-30,159.67999267578125,127.3731918334961
2013-05-01,158.27999877929688,126.25643157958984
2013-05-02,159.75,127.42900085449219
2013-05-03,161.3699951171875,128.7212371826172
2013-05-06,161.77999877929688,129.04830932617188
2013-05-07,162.60000610351562,129.70237731933594
2013-05-08,163.33999633789062,130.29266357421875
2013-05-09,162.8800048828125,129.92567443847656
2013-05-10,163.41000366210938,130.34849548339844
2013-05-13,163.5399932861328,130.4521484375
2013-05-14,165.22999572753906,131.80026245117188
2013-05-15,166.1199951171875,132.5102081298828
2013-05-16,165.33999633789062,131.88804626464844
2013-05-17,166.94000244140625,133.1642608642578
2013-05-20,166.92999267578125,133.1562957763672
2013-05-21,167.1699981689453,133.34771728515625
2013-05-22,165.92999267578125,132.35862731933594
2013-05-23,165.4499969482422,131.9757537841797
2013-05-24,165.30999755859375,131.86415100097656
2013-05-28,166.3000030517578,132.6537628173828
2013-05-29,165.22000122070312,131.7922821044922
2013-05-30,165.8300018310547,132.27891540527344
2013-05-31,163.4499969482422,130.38040161132812
2013-06-03,164.35000610351562,131.09835815429688
2013-06-04,163.55999755859375,130.46812438964844
2013-06-05,161.27000427246094,128.64144897460938
2013-06-06,162.72999572753906,129.80606079101562
2013-06-07,164.8000030517578,131.457275390625
2013-06-10,164.8000030517578,131.457275390625
2013-06-11,163.10000610351562,130.10118103027344
2013-06-12,161.75,129.0244140625
2013-06-13,164.2100067138672,130.98666381835938
2013-06-14,163.17999267578125,130.16502380371094
2013-06-17,164.44000244140625,131.17005920410156
2013-06-18,165.74000549316406,132.20709228515625
2013-06-19,163.4499969482422,130.38040161132812
2013-06-20,159.39999389648438,127.14984130859375
2013-06-21,159.07000732421875,127.55797576904297
2013-06-24,157.05999755859375,125.9461669921875
2013-06-25,158.57000732421875,127.1570053100586
2013-06-26,160.13999938964844,128.41592407226562
2013-06-27,161.0800018310547,129.1697998046875
2013-06-28,160.4199981689453,128.64053344726562
2013-07-01,161.36000061035156,129.39437866210938
2013-07-02,161.2100067138672,129.27407836914062
2013-07-03,161.27999877929688,129.33018493652344
2013-07-05,163.02000427246094,130.72544860839844
2013-07-08,163.9499969482422,131.47125244140625
2013-07-09,165.1300048828125,132.41748046875
2013-07-10,165.19000244140625,132.46560668945312
2013-07-11,167.44000244140625,134.2698211669922
2013-07-12,167.50999450683594,134.32598876953125
2013-07-15,168.14999389648438,134.8391876220703
2013-07-16,167.52000427246094,134.33404541015625
2013-07-17,167.9499969482422,134.6788330078125
2013-07-18,168.8699951171875,135.41653442382812
2013-07-19,169.1699981689453,135.6571807861328
2013-07-22,169.5,135.92176818847656
2013-07-23,169.13999938964844,135.63304138183594
2013-07-24,168.52000427246094,135.1359100341797
2013-07-25,168.92999267578125,135.4647216796875
2013-07-26,169.11000061035156,135.60902404785156
2013-07-29,168.58999633789062,135.19204711914062
2013-07-30,168.58999633789062,135.19204711914062
2013-07-31,168.7100067138672,135.2882843017578
2013-08-01,170.66000366210938,136.85205078125
2013-08-02,170.9499969482422,137.08453369140625
2013-08-05,170.6999969482422,136.88397216796875
2013-08-06,169.72999572753906,136.10623168945312
2013-08-07,169.17999267578125,135.66514587402344
2013-08-08,169.8000030517578,136.16238403320312
2013-08-09,169.30999755859375,135.76939392089844
2013-08-12,169.11000061035156,135.60902404785156
2013-08-13,169.61000061035156,136.0099639892578
2013-08-14,168.74000549316406,135.3123321533203
2013-08-15,166.3800048828125,133.41986083984375
2013-08-16,165.8300018310547,132.9788360595703
2013-08-19,164.77000427246094,132.1287841796875
2013-08-20,165.5800018310547,132.77828979492188
2013-08-21,164.55999755859375,131.96041870117188
2013-08-22,166.05999755859375,133.16323852539062
2013-08-23,166.6199951171875,133.6123046875
2013-08-26,166.0,133.1151580810547
2013-08-27,163.3300018310547,130.9740447998047
2013-08-28,163.91000366210938,131.43917846679688
2013-08-29,164.1699981689453,131.6476287841797
2013-08-30,163.64999389648438,131.23069763183594
2013-09-03,164.38999938964844,131.82406616210938
2013-09-04,165.75,132.91470336914062
2013-09-05,165.9600067138672,133.08303833007812
2013-09-06,166.0399932861328,133.147216796875
2013-09-09,167.6300048828125,134.42222595214844
2013-09-10,168.8699951171875,135.41653442382812
2013-09-11,169.39999389648438,135.8415985107422
2013-09-12,168.9499969482422,135.48072814941406
2013-09-13,169.3300018310547,135.7854461669922
2013-09-16,170.30999755859375,136.57130432128906
2013-09-17,171.07000732421875,137.18072509765625
2013-09-18,173.0500030517578,138.76849365234375
2013-09-19,172.75999450683594,138.53598022460938
2013-09-20,170.72000122070312,137.5674285888672
2013-09-23,169.92999267578125,136.93077087402344
2013-09-24,169.52999877929688,136.6085205078125
2013-09-25,169.0399932861328,136.21363830566406
2013-09-26,169.69000244140625,136.73739624023438
2013-09-27,168.91000366210938,136.10888671875
2013-09-30,168.00999450683594,135.38372802734375
2013-10-01,169.33999633789062,136.45541381835938
2013-10-02,169.17999267578125,136.32644653320312
2013-10-03,167.6199951171875,135.06936645507812
2013-10-04,168.88999938964844,136.0927734375
2013-10-07,167.42999267578125,134.9162139892578
2013-10-08,165.47999572753906,133.344970703125
2013-10-09,165.60000610351562,133.44166564941406
2013-10-10,169.1699981689453,136.31838989257812
2013-10-11,170.25999450683594,137.19667053222656
2013-10-14,170.94000244140625,137.74472045898438
2013-10-15,169.6999969482422,136.74542236328125
2013-10-16,172.07000732421875,138.6552276611328
2013-10-17,173.22000122070312,139.5819091796875
2013-10-18,174.38999938964844,140.52467346191406
2013-10-21,174.39999389648438,140.53274536132812
2013-10-22,175.41000366210938,141.34654235839844
2013-10-23,174.57000732421875,140.6697540283203
2013-10-24,175.14999389648438,141.1371307373047
2013-10-25,175.9499969482422,141.78175354003906
2013-10-28,176.22999572753906,142.0073699951172
2013-10-29,177.1699981689453,142.76486206054688
2013-10-30,176.2899932861328,142.05575561523438
2013-10-31,175.7899932861328,141.6527862548828
2013-11-01,176.2100067138672,141.99127197265625
2013-11-04,176.8300018310547,142.49081420898438
2013-11-05,176.27000427246094,142.03961181640625
2013-11-06,177.1699981689453,142.76486206054688
2013-11-07,174.92999267578125,140.9598388671875
2013-11-08,177.2899932861328,142.861572265625
2013-11-11,177.32000732421875,142.8856964111328
2013-11-12,176.9600067138672,142.59561157226562
2013-11-13,178.3800048828125,143.73983764648438
2013-11-14,179.27000427246094,144.4570770263672
2013-11-15,180.0500030517578,145.08560180664062
2013-11-18,179.4199981689453,144.577880859375
2013-11-19,179.02999877929688,144.26364135742188
2013-11-20,178.47000122070312,143.81243896484375
2013-11-21,179.91000366210938,144.97279357910156
2013-11-22,180.80999755859375,145.69802856445312
2013-11-25,180.6300048828125,145.55291748046875
2013-11-26,180.67999267578125,145.59323120117188
2013-11-27,181.1199951171875,145.94775390625
2013-11-29,181.0,145.85110473632812
2013-12-02,180.52999877929688,145.4723358154297
2013-12-03,179.75,144.84375
2013-12-04,179.72999572753906,144.8277587890625
2013-12-05,178.94000244140625,144.19113159179688
2013-12-06,180.94000244140625,145.802734375
2013-12-09,181.39999389648438,146.17340087890625
2013-12-10,180.75,145.649658203125
2013-12-11,178.72000122070312,144.01385498046875
2013-12-12,178.1300048828125,143.53843688964844
2013-12-13,178.11000061035156,143.52227783203125
2013-12-16,179.22000122070312,144.41677856445312
2013-12-17,178.64999389648438,143.9573974609375
2013-12-18,181.6999969482422,146.4151611328125
2013-12-19,181.49000549316406,146.2458953857422
2013-12-20,181.55999755859375,147.0966339111328
2013-12-23,182.52999877929688,147.8825225830078
2013-12-24,182.92999267578125,148.20654296875
2013-12-26,183.86000061035156,148.9600372314453
2013-12-27,183.85000610351562,148.95196533203125
2013-12-30,183.82000732421875,148.92764282226562
2013-12-31,184.69000244140625,149.6325225830078
2014-01-02,182.9199981689453,148.19845581054688
2014-01-03,182.88999938964844,148.17417907714844
2014-01-06,182.36000061035156,147.7448272705078
2014-01-07,183.47999572753906,148.65213012695312
2014-01-08,183.52000427246094,148.68463134765625
2014-01-09,183.63999938964844,148.78179931640625
2014-01-10,184.13999938964844,149.18690490722656
2014-01-13,181.69000244140625,147.20196533203125
2014-01-14,183.6699981689453,148.8061065673828
2014-01-15,184.66000366210938,149.6082000732422
2014-01-16,184.4199981689453,149.4137420654297
2014-01-17,183.63999938964844,148.78179931640625
2014-01-21,184.17999267578125,149.2193145751953
2014-01-22,184.3000030517578,149.3164825439453
2014-01-23,182.7899932861328,148.09310913085938
2014-01-24,178.88999938964844,144.93345642089844
2014-01-27,178.00999450683594,144.22044372558594
2014-01-28,179.07000732421875,145.07925415039062
2014-01-29,177.35000610351562,143.68572998046875
2014-01-30,179.22999572753906,145.2088623046875
2014-01-31,178.17999267578125,144.35818481445312
2014-02-03,174.1699981689453,141.10935974121094
2014-02-04,175.38999938964844,142.09774780273438
2014-02-05,175.1699981689453,141.91954040527344
2014-02-06,177.47999572753906,143.7910919189453
2014-02-07,179.67999267578125,145.57350158691406
2014-02-10,180.00999450683594,145.84085083007812
2014-02-11,181.97999572753906,147.43685913085938
2014-02-12,182.07000732421875,147.50979614257812
2014-02-13,183.00999450683594,148.27133178710938
2014-02-14,184.02000427246094,149.08966064453125
2014-02-18,184.24000549316406,149.26791381835938
2014-02-19,183.02000427246094,148.279541015625
2014-02-20,184.10000610351562,149.15444946289062
2014-02-21,183.88999938964844,148.984375
2014-02-24,184.91000366210938,149.8107147216797
2014-02-25,184.83999633789062,149.75399780273438
2014-02-26,184.85000610351562,149.76206970214844
2014-02-27,185.82000732421875,150.5480499267578
2014-02-28,186.2899932861328,150.9287872314453
2014-03-03,184.97999572753906,149.867431640625
2014-03-04,187.5800018310547,151.97389221191406
2014-03-05,187.75,152.1116943359375
2014-03-06,188.17999267578125,152.46002197265625
2014-03-07,188.25999450683594,152.5248260498047
2014-03-10,188.16000366210938,152.44381713867188
2014-03-11,187.22999572753906,151.69029235839844
2014-03-12,187.27999877929688,151.73086547851562
2014-03-13,185.17999267578125,150.02947998046875
2014-03-14,184.66000366210938,149.6082000732422
2014-03-17,186.3300018310547,150.96124267578125
2014-03-18,187.66000366210938,152.03872680664062
2014-03-19,186.66000366210938,151.22854614257812
2014-03-20,187.75,152.1116943359375
2014-03-21,186.1999969482422,151.5216827392578
2014-03-24,185.42999267578125,150.8950958251953
2014-03-25,186.30999755859375,151.61114501953125
2014-03-26,184.97000122070312,150.52076721191406
2014-03-27,184.5800018310547,150.20339965820312
2014-03-28,185.49000549316406,150.9438934326172
2014-03-31,187.00999450683594,152.1807861328125
2014-04-01,188.25,153.18988037109375
2014-04-02,188.8800048828125,153.70252990722656
2014-04-03,188.6300048828125,153.49905395507812
2014-04-04,186.39999389648438,151.68446350097656
2014-04-07,184.33999633789062,150.00804138183594
2014-04-08,185.10000610351562,150.62652587890625
2014-04-09,187.08999633789062,152.2458953857422
2014-04-10,183.16000366210938,149.04786682128906
2014-04-11,181.50999450683594,147.70510864257812
2014-04-14,182.94000244140625,148.8687744140625
2014-04-15,184.1999969482422,149.8941192626953
2014-04-16,186.1300048828125,151.4647216796875
2014-04-17,186.38999938964844,151.67625427246094
2014-04-21,187.0399932861328,152.20526123046875
2014-04-22,187.88999938964844,152.89694213867188
2014-04-23,187.4499969482422,152.53892517089844
2014-04-24,187.8300018310547,152.84808349609375
2014-04-25,186.2899932861328,151.59490966796875
2014-04-28,186.8800048828125,152.0749969482422
2014-04-29,187.75,152.7830352783203
2014-04-30,188.30999755859375,153.2386474609375
2014-05-01,188.3300018310547,153.2550048828125
2014-05-02,188.05999755859375,153.03524780273438
2014-05-05,188.4199981689453,153.32814025878906
2014-05-06,186.77999877929688,151.99366760253906
2014-05-07,187.8800048828125,152.8887939453125
2014-05-08,187.67999267578125,152.72596740722656
2014-05-09,187.9600067138672,152.953857421875
2014-05-12,189.7899932861328,154.44305419921875
2014-05-13,189.9600067138672,154.58139038085938
2014-05-14,189.05999755859375,153.84898376464844
2014-05-15,187.39999389648438,152.49818420410156
2014-05-16,188.0500030517578,153.02719116210938
2014-05-19,188.74000549316406,153.588623046875
2014-05-20,187.5500030517578,152.6202392578125
2014-05-21,189.1300048828125,153.90603637695312
2014-05-22,189.58999633789062,154.2802734375
2014-05-23,190.35000610351562,154.89869689941406
2014-05-27,191.52000427246094,155.85089111328125
2014-05-28,191.3800048828125,155.73699951171875
2014-05-29,192.3699951171875,156.54257202148438
2014-05-30,192.67999267578125,156.79483032226562
2014-06-02,192.89999389648438,156.9738006591797
2014-06-03,192.8000030517578,156.8924560546875
2014-06-04,193.19000244140625,157.20982360839844
2014-06-05,194.4499969482422,158.2351837158203
2014-06-06,195.3800048828125,158.991943359375
2014-06-09,195.5800018310547,159.15472412109375
2014-06-10,195.60000610351562,159.1709747314453
2014-06-11,194.9199981689453,158.61758422851562
2014-06-12,193.5399932861328,157.4945831298828
2014-06-13,194.1300048828125,157.9747772216797
2014-06-16,194.2899932861328,158.1049346923828
2014-06-17,194.8300018310547,158.54440307617188
2014-06-18,196.25999450683594,159.7080535888672
2014-06-19,196.47999572753906,159.8870849609375
2014-06-20,195.94000244140625,160.21176147460938
2014-06-23,195.8800048828125,160.16265869140625
2014-06-24,194.6999969482422,159.19784545898438
2014-06-25,195.5800018310547,159.91732788085938
2014-06-26,195.44000244140625,159.8029327392578
2014-06-27,195.82000732421875,160.11358642578125
2014-06-30,195.72000122070312,160.0318603515625
2014-07-01,197.02999877929688,161.1029052734375
2014-07-02,197.22999572753906,161.26644897460938
2014-07-03,198.1999969482422,162.05958557128906
2014-07-07,197.50999450683594,161.4954071044922
2014-07-08,196.24000549316406,160.45700073242188
2014-07-09,197.1199951171875,161.176513671875
2014-07-10,196.33999633789062,160.53875732421875
2014-07-11,196.61000061035156,160.7595672607422
2014-07-14,197.60000610351562,161.56900024414062
2014-07-15,197.22999572753906,161.26644897460938
2014-07-16,197.9600067138672,161.86338806152344
2014-07-17,195.7100067138672,160.02366638183594
2014-07-18,197.7100067138672,161.65896606445312
2014-07-21,197.33999633789062,161.35641479492188
2014-07-22,198.1999969482422,162.05958557128906
2014-07-23,198.63999938964844,162.41941833496094
2014-07-24,198.64999389648438,162.4275665283203
2014-07-25,197.72000122070312,161.6671142578125
2014-07-28,197.8000030517578,161.73260498046875
2014-07-29,196.9499969482422,161.03756713867188
2014-07-30,196.97999572753906,161.06204223632812
2014-07-31,193.08999633789062,157.88137817382812
2014-08-01,192.5,157.3990020751953
2014-08-04,193.88999938964844,158.53546142578125
2014-08-05,192.00999450683594,156.99832153320312
2014-08-06,192.07000732421875,157.04736328125
2014-08-07,191.02999877929688,156.197021484375
2014-08-08,193.24000549316406,158.00399780273438
2014-08-11,193.8000030517578,158.46194458007812
2014-08-12,193.52999877929688,158.24119567871094
2014-08-13,194.83999633789062,159.3123016357422
2014-08-14,195.75999450683594,160.06448364257812
2014-08-15,195.72000122070312,160.0318603515625
2014-08-18,197.36000061035156,161.37277221679688
2014-08-19,198.38999938964844,162.21499633789062
2014-08-20,198.9199981689453,162.6483612060547
2014-08-21,199.5,163.12257385253906
2014-08-22,199.19000244140625,162.8690948486328
2014-08-25,200.1999969482422,163.6949462890625
2014-08-26,200.3300018310547,163.80125427246094
2014-08-27,200.25,163.73583984375
2014-08-28,200.13999938964844,163.64588928222656
2014-08-29,200.7100067138672,164.1119384765625
2014-09-02,200.61000061035156,164.0301513671875
2014-09-03,200.5,163.94021606445312
2014-09-04,200.2100067138672,163.70314025878906
2014-09-05,201.11000061035156,164.4390106201172
2014-09-08,200.58999633789062,164.01382446289062
2014-09-09,199.32000732421875,162.9753875732422
2014-09-10,200.07000732421875,163.588623046875
2014-09-11,200.3000030517578,163.77670288085938
2014-09-12,199.1300048828125,162.82003784179688
2014-09-15,198.97999572753906,162.6973876953125
2014-09-16,200.47999572753906,163.9239044189453
2014-09-17,200.75,164.1446075439453
2014-09-18,201.82000732421875,165.01950073242188
2014-09-19,200.6999969482422,164.87081909179688
2014-09-22,199.14999389648438,163.59754943847656
2014-09-23,198.00999450683594,162.6610565185547
2014-09-24,199.55999755859375,163.934326171875
2014-09-25,196.33999633789062,161.28919982910156
2014-09-26,197.89999389648438,162.5707244873047
2014-09-29,197.5399932861328,162.27496337890625
2014-09-30,197.02000427246094,161.84779357910156
2014-10-01,194.35000610351562,159.65451049804688
2014-10-02,194.3800048828125,159.67910766601562
2014-10-03,196.52000427246094,161.43711853027344
2014-10-06,196.2899932861328,161.2481231689453
2014-10-07,193.25999450683594,158.75906372070312
2014-10-08,196.63999938964844,161.53562927246094
2014-10-09,192.74000549316406,158.33189392089844
2014-10-10,190.5399932861328,156.52462768554688
2014-10-13,187.41000366210938,153.95335388183594
2014-10-14,187.6999969482422,154.19161987304688
2014-10-15,186.42999267578125,153.1483154296875
2014-10-16,186.27000427246094,153.0168914794922
2014-10-17,188.47000122070312,154.82415771484375
2014-10-20,190.3000030517578,156.32749938964844
2014-10-21,194.07000732421875,159.4244842529297
2014-10-22,192.69000244140625,158.29078674316406
2014-10-23,194.92999267578125,160.13087463378906
2014-10-24,196.42999267578125,161.3631134033203
2014-10-27,196.16000366210938,161.14134216308594
2014-10-28,198.41000366210938,162.98968505859375
2014-10-29,198.11000061035156,162.74317932128906
2014-10-30,199.3800048828125,163.7865447998047
2014-10-31,201.66000366210938,165.65948486328125
2014-11-03,201.77000427246094,165.74984741210938
2014-11-04,201.07000732421875,165.1748046875
2014-11-05,202.33999633789062,166.21807861328125
2014-11-06,203.14999389648438,166.88343811035156
2014-11-07,203.33999633789062,167.03953552246094
2014-11-10,203.97999572753906,167.5653076171875
2014-11-11,204.17999267578125,167.72962951660156
2014-11-12,203.9600067138672,167.54888916015625
2014-11-13,204.19000244140625,167.73780822753906
2014-11-14,204.24000549316406,167.77890014648438
2014-11-17,204.3699951171875,167.8856658935547
2014-11-18,205.5500030517578,168.85504150390625
2014-11-19,205.22000122070312,168.5839385986328
2014-11-20,205.5800018310547,168.87965393066406
2014-11-21,206.67999267578125,169.78329467773438
2014-11-24,207.25999450683594,170.25973510742188
2014-11-25,207.11000061035156,170.13650512695312
2014-11-26,207.63999938964844,170.5719451904297
2014-11-28,207.1999969482422,170.21046447753906
2014-12-01,205.75999450683594,169.02755737304688
2014-12-02,207.08999633789062,170.12014770507812
2014-12-03,207.88999938964844,170.77734375
2014-12-04,207.66000366210938,170.58836364746094
2014-12-05,208.0,170.86764526367188
2014-12-08,206.61000061035156,169.725830078125
2014-12-09,206.47000122070312,169.6107940673828
2014-12-10,203.16000366210938,166.89166259765625
2014-12-11,204.19000244140625,167.73780822753906
2014-12-12,200.88999938964844,165.0269012451172
2014-12-15,199.50999450683594,163.89329528808594
2014-12-16,197.91000366210938,162.5789337158203
2014-12-17,201.7899932861328,165.76625061035156
2014-12-18,206.77999877929688,169.865478515625
2014-12-19,206.52000427246094,170.5881805419922
2014-12-22,207.47000122070312,171.3730010986328
2014-12-23,207.75,171.6042022705078
2014-12-24,207.77000427246094,171.62069702148438
2014-12-26,208.44000244140625,172.1741485595703
2014-12-29,208.72000122070312,172.40541076660156
2014-12-30,207.60000610351562,171.4802703857422
2014-12-31,205.5399932861328,169.7787322998047
2015-01-02,205.42999267578125,169.6878204345703
2015-01-05,201.72000122070312,166.62326049804688
2015-01-06,199.82000732421875,165.05393981933594
2015-01-07,202.30999755859375,167.1107177734375
2015-01-08,205.89999389648438,170.07608032226562
2015-01-09,204.25,168.71316528320312
2015-01-12,202.64999389648438,167.39157104492188
2015-01-13,202.0800018310547,166.92071533203125
2015-01-14,200.86000061035156,165.9130096435547
2015-01-15,199.02000427246094,164.39309692382812
2015-01-16,201.6300048828125,166.5490264892578
2015-01-20,202.05999755859375,166.9042205810547
2015-01-21,203.0800018310547,167.74671936035156
2015-01-22,206.10000610351562,170.24130249023438
2015-01-23,204.97000122070312,169.30789184570312
2015-01-26,205.4499969482422,169.70437622070312
2015-01-27,202.74000549316406,167.4658660888672
2015-01-28,200.13999938964844,165.31829833984375
2015-01-29,201.99000549316406,166.84634399414062
2015-01-30,199.4499969482422,164.74827575683594
2015-02-02,201.9199981689453,166.78855895996094
2015-02-03,204.83999633789062,169.2004852294922
2015-02-04,204.05999755859375,168.55613708496094
2015-02-05,206.1199951171875,170.25778198242188
2015-02-06,205.5500030517578,169.78704833984375
2015-02-09,204.6300048828125,169.02703857421875
2015-02-10,206.80999755859375,170.82778930664062
2015-02-11,206.92999267578125,170.9268341064453
2015-02-12,208.9199981689453,172.57066345214844
2015-02-13,209.77999877929688,173.28102111816406
2015-02-17,210.11000061035156,173.55355834960938
2015-02-18,210.1300048828125,173.57012939453125
2015-02-19,209.97999572753906,173.4462432861328
2015-02-20,211.24000549316406,174.48699951171875
2015-02-23,211.2100067138672,174.46217346191406
2015-02-24,211.80999755859375,174.9578094482422
2015-02-25,211.6300048828125,174.8091278076172
2015-02-26,211.3800048828125,174.6026153564453
2015-02-27,210.66000366210938,174.00796508789062
2015-03-02,211.99000549316406,175.1064453125
2015-03-03,211.1199951171875,174.38787841796875
2015-03-04,210.22999572753906,173.6527099609375
2015-03-05,210.4600067138672,173.84271240234375
2015-03-06,207.5,171.3976593017578
2015-03-09,208.36000061035156,172.10804748535156
2015-03-10,204.97999572753906,169.31614685058594
2015-03-11,204.5,168.91969299316406
2015-03-12,207.10000610351562,171.06729125976562
2015-03-13,205.8300018310547,170.0182647705078
2015-03-16,208.5800018310547,172.28977966308594
2015-03-17,207.9600067138672,171.77769470214844
2015-03-18,210.4600067138672,173.84271240234375
2015-03-19,209.5,173.0497283935547
2015-03-20,210.41000366210938,174.57723999023438
2015-03-23,210.0,174.23699951171875
2015-03-24,208.82000732421875,173.2580108642578
2015-03-25,205.75999450683594,170.7190704345703
2015-03-26,205.27000427246094,170.31260681152344
2015-03-27,205.74000549316406,170.70252990722656
2015-03-30,208.25,172.78501892089844
2015-03-31,206.42999267578125,171.27499389648438
2015-04-01,205.6999969482422,170.66929626464844
2015-04-02,206.44000244140625,171.2833251953125
2015-04-06,207.8300018310547,172.43655395507812
2015-04-07,207.27999877929688,171.98025512695312
2015-04-08,207.97999572753906,172.56101989746094
2015-04-09,208.89999389648438,173.32440185546875
2015-04-10,210.0399932861328,174.27023315429688
2015-04-13,209.08999633789062,173.48199462890625
2015-04-14,209.49000549316406,173.81387329101562
2015-04-15,210.42999267578125,174.59373474121094
2015-04-16,210.3699951171875,174.54400634765625
2015-04-17,207.9499969482422,172.53616333007812
2015-04-20,209.85000610351562,174.1125946044922
2015-04-21,209.60000610351562,173.90512084960938
2015-04-22,210.6300048828125,174.75975036621094
2015-04-23,211.16000366210938,175.19947814941406
2015-04-24,211.64999389648438,175.60597229003906
2015-04-27,210.77000427246094,174.87588500976562
2015-04-28,211.44000244140625,175.4318084716797
2015-04-29,210.57000732421875,174.70997619628906
2015-04-30,208.4600067138672,172.95925903320312
2015-05-01,210.72000122070312,174.8343963623047
2015-05-04,211.32000732421875,175.3322296142578
2015-05-05,208.89999389648438,173.32440185546875
2015-05-06,208.0399932861328,172.6107940673828
2015-05-07,208.8699951171875,173.29949951171875
2015-05-08,211.6199951171875,175.58114624023438
2015-05-11,210.61000061035156,174.7431182861328
2015-05-12,209.97999572753906,174.220458984375
2015-05-13,210.02000427246094,174.2536163330078
2015-05-14,212.2100067138672,176.07066345214844
2015-05-15,212.44000244140625,176.26148986816406
2015-05-18,213.10000610351562,176.8091583251953
2015-05-19,213.02999877929688,176.75100708007812
2015-05-20,212.8800048828125,176.62655639648438
2015-05-21,213.5,177.1409912109375
2015-05-22,212.99000549316406,176.71788024902344
2015-05-26,210.6999969482422,174.81777954101562
2015-05-27,212.6999969482422,176.4772186279297
2015-05-28,212.4600067138672,176.27809143066406
2015-05-29,211.13999938964844,175.18287658691406
2015-06-01,211.57000732421875,175.53964233398438
2015-06-02,211.36000061035156,175.36537170410156
2015-06-03,211.9199981689453,175.83006286621094
2015-06-04,210.1300048828125,174.34487915039062
2015-06-05,209.77000427246094,174.04624938964844
2015-06-08,208.47999572753906,172.97593688964844
2015-06-09,208.4499969482422,172.9509735107422
2015-06-10,210.9499969482422,175.02523803710938
2015-06-11,211.6300048828125,175.58946228027344
2015-06-12,210.00999450683594,174.24533081054688
2015-06-15,209.11000061035156,173.4985809326172
2015-06-16,210.25,174.44442749023438
2015-06-17,210.58999633789062,174.7265167236328
2015-06-18,212.77999877929688,176.54359436035156
2015-06-19,210.80999755859375,175.75991821289062
2015-06-22,211.88999938964844,176.66030883789062
2015-06-23,212.0399932861328,176.78530883789062
2015-06-24,210.5,175.50143432617188
2015-06-25,209.86000061035156,174.96783447265625
2015-06-26,209.82000732421875,174.93447875976562
2015-06-29,205.4199981689453,171.2660675048828
2015-06-30,205.85000610351562,171.6245574951172
2015-07-01,207.5,173.00022888183594
2015-07-02,207.30999755859375,172.84176635742188
2015-07-06,206.72000122070312,172.34991455078125
2015-07-07,208.02000427246094,173.4337615966797
2015-07-08,204.52999877929688,170.5240020751953
2015-07-09,204.89999389648438,170.8324737548828
2015-07-10,207.47999572753906,172.98355102539062
2015-07-13,209.77000427246094,174.89276123046875
2015-07-14,210.67999267578125,175.65150451660156
2015-07-15,210.61000061035156,175.5930938720703
2015-07-16,212.3000030517578,177.00213623046875
2015-07-17,212.47999572753906,177.15223693847656
2015-07-20,212.58999633789062,177.24392700195312
2015-07-21,211.75,176.54356384277344
2015-07-22,211.3699951171875,176.2267608642578
2015-07-23,210.17999267578125,175.23460388183594
2015-07-24,208.0,173.4170684814453
2015-07-27,206.7899932861328,172.40829467773438
2015-07-28,209.3300018310547,174.5259552001953
2015-07-29,210.77000427246094,175.7265167236328
2015-07-30,210.82000732421875,175.76824951171875
2015-07-31,210.5,175.50143432617188
2015-08-03,209.7899932861328,174.90945434570312
2015-08-04,209.3800048828125,174.56761169433594
2015-08-05,210.07000732421875,175.14291381835938
2015-08-06,208.35000610351562,173.70887756347656
2015-08-07,207.9499969482422,173.3754425048828
2015-08-10,210.57000732421875,175.559814453125
2015-08-11,208.6699981689453,173.9756622314453
2015-08-12,208.9199981689453,174.18409729003906
2015-08-13,208.66000366210938,173.96731567382812
2015-08-14,209.4199981689453,174.60093688964844
2015-08-17,210.58999633789062,175.5764617919922
2015-08-18,209.97999572753906,175.0678253173828
2015-08-19,208.32000732421875,173.6839141845703
2015-08-20,203.97000122070312,170.05709838867188
2015-08-21,197.8300018310547,164.93800354003906
2015-08-24,189.5,157.9929962158203
2015-08-25,187.27000427246094,156.1337432861328
2015-08-26,194.4600067138672,162.12835693359375
2015-08-27,199.27000427246094,166.1385955810547
2015-08-28,199.27999877929688,166.14688110351562
2015-08-31,197.6699981689453,164.80462646484375
2015-09-01,191.77000427246094,159.88551330566406
2015-09-02,195.41000366210938,162.92031860351562
2015-09-03,195.5500030517578,163.0370635986328
2015-09-04,192.58999633789062,160.5692138671875
2015-09-08,197.42999267578125,164.6045379638672
2015-09-09,194.7899932861328,162.4034423828125
2015-09-10,195.85000610351562,163.28717041015625
2015-09-11,196.74000549316406,164.0292510986328
2015-09-14,196.00999450683594,163.42059326171875
2015-09-15,198.4600067138672,165.46324157714844
2015-09-16,200.17999267578125,166.89723205566406
2015-09-17,199.72999572753906,166.5220489501953
2015-09-18,195.4499969482422,163.8008575439453
2015-09-21,196.4600067138672,164.64732360839844
2015-09-22,193.91000366210938,162.51023864746094
2015-09-23,193.60000610351562,162.2504119873047
2015-09-24,192.89999389648438,161.66375732421875
2015-09-25,192.85000610351562,161.62193298339844
2015-09-28,188.00999450683594,157.56558227539062
2015-09-29,188.1199951171875,157.65777587890625
2015-09-30,191.6300048828125,160.5994415283203
2015-10-01,192.1300048828125,161.0184326171875
2015-10-02,195.0,163.4237518310547
2015-10-05,198.47000122070312,166.33181762695312
2015-10-06,197.7899932861328,165.761962890625
2015-10-07,199.41000366210938,167.11964416503906
2015-10-08,201.2100067138672,168.62815856933594
2015-10-09,201.3300018310547,168.7287139892578
2015-10-12,201.52000427246094,168.88795471191406
2015-10-13,200.25,167.82359313964844
2015-10-14,199.2899932861328,167.01902770996094
2015-10-15,202.35000610351562,169.5835723876953
2015-10-16,203.27000427246094,170.3546142578125
2015-10-19,203.3699951171875,170.4384002685547
2015-10-20,203.11000061035156,170.22048950195312
2015-10-21,201.85000610351562,169.16452026367188
2015-10-22,205.25999450683594,172.02235412597656
2015-10-23,207.50999450683594,173.9080047607422
2015-10-26,207.0,173.48056030273438
2015-10-27,206.60000610351562,173.14537048339844
2015-10-28,208.9499969482422,175.1147918701172
2015-10-29,208.8300018310547,175.0142059326172
2015-10-30,207.92999267578125,174.25994873046875
2015-11-02,210.38999938964844,176.32162475585938
2015-11-03,211.0,176.83285522460938
2015-11-04,210.36000061035156,176.29652404785156
2015-11-05,210.14999389648438,176.12054443359375
2015-11-06,210.0399932861328,176.02830505371094
2015-11-09,208.0800018310547,174.3857421875
2015-11-10,208.55999755859375,174.78799438476562
2015-11-11,207.74000549316406,174.1007537841797
2015-11-12,204.83999633789062,171.6703338623047
2015-11-13,202.5399932861328,169.74276733398438
2015-11-16,205.6199951171875,172.32403564453125
2015-11-17,205.47000122070312,172.19834899902344
2015-11-18,208.72999572753906,174.93043518066406
2015-11-19,208.5500030517578,174.77952575683594
2015-11-20,209.30999755859375,175.4165496826172
2015-11-23,209.07000732421875,175.2154083251953
2015-11-24,209.35000610351562,175.45008850097656
2015-11-25,209.32000732421875,175.42489624023438
2015-11-27,209.55999755859375,175.62603759765625
2015-11-30,208.69000244140625,174.8969268798828
2015-12-01,210.67999267578125,176.56471252441406
2015-12-02,208.52999877929688,174.76280212402344
2015-12-03,205.61000061035156,172.3155975341797
2015-12-04,209.6199951171875,175.6763153076172
2015-12-07,208.35000610351562,174.6119384765625
2015-12-08,206.9499969482422,173.43865966796875
2015-12-09,205.33999633789062,172.08937072753906
2015-12-10,205.8699951171875,172.5335693359375
2015-12-11,201.8800048828125,169.1896514892578
2015-12-14,202.89999389648438,170.04444885253906
2015-12-15,205.02999877929688,171.82955932617188
2015-12-16,208.02999877929688,174.3437957763672
2015-12-17,204.86000061035156,171.6871337890625
2015-12-18,200.02000427246094,168.62850952148438
2015-12-21,201.6699981689453,170.0195770263672
2015-12-22,203.5,171.56236267089844
2015-12-23,206.02000427246094,173.68687438964844
2015-12-24,205.67999267578125,173.40020751953125
2015-12-28,205.2100067138672,173.0039825439453
2015-12-29,207.39999389648438,174.85028076171875
2015-12-30,205.92999267578125,173.61099243164062
2015-12-31,203.8699951171875,171.87425231933594
2016-01-04,201.02000427246094,169.4715576171875
2016-01-05,201.36000061035156,169.75816345214844
2016-01-06,198.82000732421875,167.6167755126953
2016-01-07,194.0500030517578,163.59539794921875
2016-01-08,191.9199981689453,161.79971313476562
2016-01-11,192.11000061035156,161.95989990234375
2016-01-12,193.66000366210938,163.26666259765625
2016-01-13,188.8300018310547,159.1946258544922
2016-01-14,191.92999267578125,161.8081817626953
2016-01-15,187.80999755859375,158.33477783203125
2016-01-19,188.05999755859375,158.5455322265625
2016-01-20,185.64999389648438,156.51370239257812
2016-01-21,186.69000244140625,157.3905487060547
2016-01-22,190.52000427246094,160.61944580078125
2016-01-25,187.63999938964844,158.1914520263672
2016-01-26,190.1999969482422,160.34962463378906
2016-01-27,188.1300048828125,158.60447692871094
2016-01-28,189.11000061035156,159.43072509765625
2016-01-29,193.72000122070312,163.31719970703125
2016-02-01,193.64999389648438,163.25823974609375
2016-02-02,190.16000366210938,160.31591796875
2016-02-03,191.3000030517578,161.27696228027344
2016-02-04,191.60000610351562,161.5299530029297
2016-02-05,187.9499969482422,158.45281982421875
2016-02-08,185.4199981689453,156.31983947753906
2016-02-09,185.42999267578125,156.32827758789062
2016-02-10,185.27000427246094,156.1934051513672
2016-02-11,182.86000061035156,154.16160583496094
2016-02-12,186.6300048828125,157.33995056152344
2016-02-16,189.77999877929688,159.99559020996094
2016-02-17,192.8800048828125,162.60902404785156
2016-02-18,192.08999633789062,161.9430694580078
2016-02-19,192.0,161.86715698242188
2016-02-22,194.77999877929688,164.21087646484375
2016-02-23,192.32000732421875,162.13697814941406
2016-02-24,193.1999969482422,162.8788604736328
2016-02-25,195.5399932861328,164.8516082763672
2016-02-26,195.08999633789062,164.4722137451172
2016-02-29,193.55999755859375,163.1823272705078
2016-03-01,198.11000061035156,167.0182342529297
2016-03-02,199.0,167.7685546875
2016-03-03,199.77999877929688,168.42616271972656
2016-03-04,200.42999267578125,168.9741668701172
2016-03-07,200.58999633789062,169.10899353027344
2016-03-08,198.39999389648438,167.26272583007812
2016-03-09,199.3800048828125,168.0889434814453
2016-03-10,199.5399932861328,168.2238311767578
2016-03-11,202.75999450683594,170.93846130371094
2016-03-14,202.5,170.71925354003906
2016-03-15,202.1699981689453,170.4410400390625
2016-03-16,203.33999633789062,171.42745971679688
2016-03-17,204.6300048828125,172.51499938964844
2016-03-18,204.3800048828125,173.19293212890625
2016-03-21,204.6699981689453,173.43869018554688
2016-03-22,204.55999755859375,173.34542846679688
2016-03-23,203.2100067138672,172.20144653320312
2016-03-24,203.1199951171875,172.12518310546875
2016-03-28,203.24000549316406,172.22683715820312
2016-03-29,205.1199951171875,173.81996154785156
2016-03-30,206.02000427246094,174.58270263671875
2016-03-31,205.52000427246094,174.1590118408203
2016-04-01,206.9199981689453,175.34532165527344
2016-04-04,206.25,174.77755737304688
2016-04-05,204.19000244140625,173.0319061279297
2016-04-06,206.4199981689453,174.9215850830078
2016-04-07,203.9499969482422,172.82852172851562
2016-04-08,204.5,173.29458618164062
2016-04-11,204.02000427246094,172.8878173828125
2016-04-12,205.9199981689453,174.49789428710938
2016-04-13,208.0,176.26051330566406
2016-04-14,208.00999450683594,176.2689666748047
2016-04-15,207.77999877929688,176.0740509033203
2016-04-18,209.24000549316406,177.3113250732422
2016-04-19,209.89999389648438,177.87057495117188
2016-04-20,210.10000610351562,178.04010009765625
2016-04-21,208.97000122070312,177.08251953125
2016-04-22,208.97000122070312,177.08251953125
2016-04-25,208.61000061035156,176.77743530273438
2016-04-26,208.9199981689453,177.04014587402344
2016-04-27,209.35000610351562,177.404541015625
2016-04-28,207.4499969482422,175.7944793701172
2016-04-29,206.3300018310547,174.84535217285156
2016-05-02,207.97000122070312,176.23504638671875
2016-05-03,206.16000366210938,174.70132446289062
2016-05-04,205.00999450683594,173.7267608642578
2016-05-05,204.97000122070312,173.6929168701172
2016-05-06,205.72000122070312,174.32833862304688
2016-05-09,205.88999938964844,174.47251892089844
2016-05-10,208.4499969482422,176.64181518554688
2016-05-11,206.5,174.98936462402344
2016-05-12,206.55999755859375,175.04025268554688
2016-05-13,204.75999450683594,173.51492309570312
2016-05-16,206.77999877929688,175.2266845703125
2016-05-17,204.85000610351562,173.59115600585938
2016-05-18,204.91000366210938,173.64199829101562
2016-05-19,204.1999969482422,173.04042053222656
2016-05-20,205.49000549316406,174.133544921875
2016-05-23,205.2100067138672,173.896240234375
2016-05-24,207.8699951171875,176.15032958984375
2016-05-25,209.27999877929688,177.34521484375
2016-05-26,209.33999633789062,177.39601135253906
2016-05-27,210.24000549316406,178.15870666503906
2016-05-31,209.83999633789062,177.81976318359375
2016-06-01,210.27000427246094,178.1841278076172
2016-06-02,210.91000366210938,178.7264862060547
2016-06-03,210.27999877929688,178.19259643554688
2016-06-06,211.35000610351562,179.09938049316406
2016-06-07,211.67999267578125,179.37899780273438
2016-06-08,212.3699951171875,179.9637451171875
2016-06-09,212.0800018310547,179.71800231933594
2016-06-10,210.07000732421875,178.0146484375
2016-06-13,208.4499969482422,176.64181518554688
2016-06-14,208.0399932861328,176.29441833496094
2016-06-15,207.75,176.04867553710938
2016-06-16,208.3699951171875,176.57408142089844
2016-06-17,206.52000427246094,175.9164581298828
2016-06-20,207.85000610351562,177.04940795898438
2016-06-21,208.44000244140625,177.55197143554688
2016-06-22,208.10000610351562,177.26226806640625
2016-06-23,210.80999755859375,179.57073974609375
2016-06-24,203.24000549316406,173.1225128173828
2016-06-27,199.60000610351562,170.0219268798828
2016-06-28,203.1999969482422,173.08843994140625
2016-06-29,206.66000366210938,176.0357208251953
2016-06-30,209.47999572753906,178.43783569335938
2016-07-01,209.9199981689453,178.81259155273438
2016-07-05,208.41000366210938,177.5264129638672
2016-07-06,209.66000366210938,178.59117126464844
2016-07-07,209.52999877929688,178.48040771484375
2016-07-08,212.64999389648438,181.13804626464844
2016-07-11,213.39999389648438,181.7769317626953
2016-07-12,214.9499969482422,183.09725952148438
2016-07-13,214.9199981689453,183.07171630859375
2016-07-14,216.1199951171875,184.09381103515625
2016-07-15,215.8300018310547,183.84683227539062
2016-07-18,216.41000366210938,184.34088134765625
2016-07-19,216.19000244140625,184.1535186767578
2016-07-20,217.08999633789062,184.9200897216797
2016-07-21,216.27000427246094,184.22164916992188
2016-07-22,217.24000549316406,185.04791259765625
2016-07-25,216.64999389648438,184.5453338623047
2016-07-26,216.75,184.6305694580078
2016-07-27,216.52000427246094,184.43458557128906
2016-07-28,216.77000427246094,184.6475830078125
2016-07-29,217.1199951171875,184.9456329345703
2016-08-01,216.94000244140625,184.79234313964844
2016-08-02,215.5500030517578,183.60833740234375
2016-08-03,216.17999267578125,184.14495849609375
2016-08-04,216.41000366210938,184.34088134765625
2016-08-05,218.17999267578125,185.84864807128906
2016-08-08,218.0500030517578,185.73788452148438
2016-08-09,218.17999267578125,185.84864807128906
2016-08-10,217.63999938964844,185.38865661621094
2016-08-11,218.64999389648438,186.2489471435547
2016-08-12,218.4600067138672,186.08712768554688
2016-08-15,219.08999633789062,186.62374877929688
2016-08-16,217.9600067138672,185.66114807128906
2016-08-17,218.3699951171875,186.01048278808594
2016-08-18,218.86000061035156,186.42784118652344
2016-08-19,218.5399932861328,186.15521240234375
2016-08-22,218.52999877929688,186.1467742919922
2016-08-23,218.97000122070312,186.5215606689453
2016-08-24,217.85000610351562,185.56748962402344
2016-08-25,217.6999969482422,185.4397430419922
2016-08-26,217.2899932861328,185.09046936035156
2016-08-29,218.36000061035156,186.001953125
2016-08-30,218.0,185.6953125
2016-08-31,217.3800048828125,185.16712951660156
2016-09-01,217.38999938964844,185.17564392089844
2016-09-02,218.3699951171875,186.01048278808594
2016-09-06,219.02999877929688,186.5725860595703
2016-09-07,219.00999450683594,186.5556182861328
2016-09-08,218.50999450683594,186.12973022460938
2016-09-09,213.27999877929688,181.67474365234375
2016-09-12,216.33999633789062,184.28128051757812
2016-09-13,213.22999572753906,181.63211059570312
2016-09-14,213.14999389648438,181.56402587890625
2016-09-15,215.27999877929688,183.3783721923828
2016-09-16,213.3699951171875,182.66946411132812
2016-09-19,213.41000366210938,182.70370483398438
2016-09-20,213.4199981689453,182.7122802734375
2016-09-21,215.82000732421875,184.7669677734375
2016-09-22,217.17999267578125,185.9312744140625
2016-09-23,215.99000549316406,184.9124755859375
2016-09-26,214.24000549316406,183.41433715820312
2016-09-27,215.57000732421875,184.55296325683594
2016-09-28,216.63999938964844,185.468994140625
2016-09-29,214.67999267578125,183.7909698486328
2016-09-30,216.3000030517578,185.1779022216797
2016-10-03,215.77999877929688,184.7327117919922
2016-10-04,214.67999267578125,183.7909698486328
2016-10-05,215.6300048828125,184.604248046875
2016-10-06,215.77999877929688,184.7327117919922
2016-10-07,215.0399932861328,184.0991973876953
2016-10-10,216.16000366210938,185.05801391601562
2016-10-11,213.42999267578125,182.72091674804688
2016-10-12,213.7100067138672,182.9606170654297
2016-10-13,213.00999450683594,182.36129760742188
2016-10-14,213.1199951171875,182.45541381835938
2016-10-17,212.3800048828125,181.8219451904297
2016-10-18,213.7100067138672,182.9606170654297
2016-10-19,214.27999877929688,183.4485626220703
2016-10-20,213.8800048828125,183.10610961914062
2016-10-21,213.97999572753906,183.1916961669922
2016-10-24,214.88999938964844,183.97076416015625
2016-10-25,214.1699981689453,183.35438537597656
2016-10-26,213.74000549316406,182.98622131347656
2016-10-27,213.1699981689453,182.49822998046875
2016-10-28,212.5399932861328,181.95887756347656
2016-10-31,212.5500030517578,181.96743774414062
2016-11-01,211.00999450683594,180.6490478515625
2016-11-02,209.74000549316406,179.56178283691406
2016-11-03,208.77999877929688,178.73988342285156
2016-11-04,208.5500030517578,178.54298400878906
2016-11-07,213.14999389648438,182.48117065429688
2016-11-08,214.11000061035156,183.30300903320312
2016-11-09,216.3800048828125,185.24644470214844
2016-11-10,216.9199981689453,185.70870971679688
2016-11-11,216.4199981689453,185.2805633544922
2016-11-14,216.58999633789062,185.4261474609375
2016-11-15,218.27999877929688,186.8730010986328
2016-11-16,217.8699951171875,186.52200317382812
2016-11-17,218.99000549316406,187.4808807373047
2016-11-18,218.5,187.06129455566406
2016-11-21,220.14999389648438,188.4739227294922
2016-11-22,220.5800018310547,188.84210205078125
2016-11-23,220.6999969482422,188.94479370117188
2016-11-25,221.52000427246094,189.6468505859375
2016-11-28,220.47999572753906,188.7564697265625
2016-11-29,220.91000366210938,189.12457275390625
2016-11-30,220.3800048828125,188.67086791992188
2016-12-01,219.57000732421875,187.9774169921875
2016-12-02,219.67999267578125,188.07156372070312
2016-12-05,221.0,189.20167541503906
2016-12-06,221.6999969482422,189.80088806152344
2016-12-07,224.60000610351562,192.28363037109375
2016-12-08,225.14999389648438,192.7545623779297
2016-12-09,226.50999450683594,193.91883850097656
2016-12-12,226.25,193.6962890625
2016-12-13,227.75999450683594,194.9889678955078
2016-12-14,225.8800048828125,193.37950134277344
2016-12-15,226.80999755859375,194.1757049560547
2016-12-16,225.0399932861328,193.79595947265625
2016-12-19,225.52999877929688,194.21786499023438
2016-12-20,226.39999389648438,194.96710205078125
2016-12-21,225.77000427246094,194.42457580566406
2016-12-22,225.3800048828125,194.08868408203125
2016-12-23,225.7100067138672,194.37289428710938
2016-12-27,226.27000427246094,194.8551025390625
2016-12-28,224.39999389648438,193.24478149414062
2016-12-29,224.35000610351562,193.20172119140625
2016-12-30,223.52999877929688,192.49554443359375
2017-01-03,225.24000549316406,193.9681854248047
2017-01-04,226.5800018310547,195.1221160888672
2017-01-05,226.39999389648438,194.96710205078125
2017-01-06,227.2100067138672,195.6646270751953
2017-01-09,226.4600067138672,195.0187530517578
2017-01-10,226.4600067138672,195.0187530517578
2017-01-11,227.10000610351562,195.5698699951172
2017-01-12,226.52999877929688,195.0790252685547
2017-01-13,227.0500030517578,195.52685546875
2017-01-17,226.25,194.8379364013672
2017-01-18,226.75,195.2684783935547
2017-01-19,225.91000366210938,194.5451202392578
2017-01-20,226.74000549316406,195.25987243652344
2017-01-23,226.14999389648438,194.7518310546875
2017-01-24,227.60000610351562,196.00054931640625
2017-01-25,229.57000732421875,197.6969757080078
2017-01-26,229.3300018310547,197.4903106689453
2017-01-27,228.97000122070312,197.1802978515625
2017-01-30,227.5500030517578,195.95741271972656
2017-01-31,227.52999877929688,195.94021606445312
2017-02-01,227.6199951171875,196.01768493652344
2017-02-02,227.77000427246094,196.1468505859375
2017-02-03,229.33999633789062,197.49893188476562
2017-02-06,228.92999267578125,197.14581298828125
2017-02-07,228.94000244140625,197.15444946289062
2017-02-08,229.24000549316406,197.4127960205078
2017-02-09,230.60000610351562,198.58399963378906
2017-02-10,231.50999450683594,199.36761474609375
2017-02-13,232.77000427246094,200.45269775390625
2017-02-14,233.6999969482422,201.2535858154297
2017-02-15,234.9199981689453,202.30416870117188
2017-02-16,234.72000122070312,202.1319580078125
2017-02-17,235.08999633789062,202.45059204101562
2017-02-21,236.49000549316406,203.65623474121094
2017-02-22,236.27999877929688,203.4753875732422
2017-02-23,236.44000244140625,203.6132049560547
2017-02-24,236.74000549316406,203.8715057373047
2017-02-27,237.11000061035156,204.190185546875
2017-02-28,236.47000122070312,203.6389617919922
2017-03-01,239.77999877929688,206.4894561767578
2017-03-02,238.27000427246094,205.18910217285156
2017-03-03,238.4199981689453,205.31826782226562
2017-03-06,237.7100067138672,204.70684814453125
2017-03-07,237.0,204.0953826904297
2017-03-08,236.55999755859375,203.7165069580078
2017-03-09,236.86000061035156,203.974853515625
2017-03-10,237.69000244140625,204.6896209716797
2017-03-13,237.80999755859375,204.79299926757812
2017-03-14,236.89999389648438,204.00926208496094
2017-03-15,238.9499969482422,205.77467346191406
2017-03-16,238.47999572753906,205.36990356445312
2017-03-17,237.02999877929688,205.00927734375
2017-03-20,236.77000427246094,204.78440856933594
2017-03-21,233.72999572753906,202.15505981445312
2017-03-22,234.27999877929688,202.63076782226562
2017-03-23,234.02999877929688,202.41455078125
2017-03-24,233.86000061035156,202.2675018310547
2017-03-27,233.6199951171875,202.0599365234375
2017-03-28,235.32000732421875,203.53028869628906
2017-03-29,235.5399932861328,203.72056579589844
2017-03-30,236.2899932861328,204.36924743652344
2017-03-31,235.74000549316406,203.8935089111328
2017-04-03,235.3300018310547,203.5388946533203
2017-04-04,235.47999572753906,203.6686248779297
2017-04-05,234.77999877929688,203.06324768066406
2017-04-06,235.44000244140625,203.63401794433594
2017-04-07,235.1999969482422,203.42648315429688
2017-04-10,235.33999633789062,203.54757690429688
2017-04-11,235.05999755859375,203.305419921875
2017-04-12,234.02999877929688,202.41455078125
2017-04-13,232.50999450683594,201.09982299804688
2017-04-17,234.57000732421875,202.881591796875
2017-04-18,233.8699951171875,202.2761688232422
2017-04-19,233.44000244140625,201.90428161621094
2017-04-20,235.33999633789062,203.54757690429688
2017-04-21,234.58999633789062,202.89895629882812
2017-04-24,237.1699981689453,205.13031005859375
2017-04-25,238.5500030517578,206.32395935058594
2017-04-26,238.39999389648438,206.19418334960938
2017-04-27,238.60000610351562,206.36724853515625
2017-04-28,238.0800018310547,205.91738891601562
2017-05-01,238.67999267578125,206.4363250732422
2017-05-02,238.77000427246094,206.51419067382812
2017-05-03,238.47999572753906,206.2633819580078
2017-05-04,238.75999450683594,206.5055694580078
2017-05-05,239.6999969482422,207.3185577392578
2017-05-08,239.66000366210938,207.28396606445312
2017-05-09,239.44000244140625,207.0936737060547
2017-05-10,239.8699951171875,207.465576171875
2017-05-11,239.3800048828125,207.0417938232422
2017-05-12,238.97999572753906,206.69580078125
2017-05-15,240.3000030517578,207.83750915527344
2017-05-16,240.0800018310547,207.64723205566406
2017-05-17,235.82000732421875,203.9627227783203
2017-05-18,236.77000427246094,204.78440856933594
2017-05-19,238.30999755859375,206.11631774902344
2017-05-22,239.52000427246094,207.1628875732422
2017-05-23,240.0500030517578,207.62127685546875
2017-05-24,240.61000061035156,208.1056365966797
2017-05-25,241.75999450683594,209.10028076171875
2017-05-26,241.7100067138672,209.05706787109375
2017-05-30,241.5,208.87539672851562
2017-05-31,241.44000244140625,208.82351684570312
2017-06-01,243.36000061035156,210.484130859375
2017-06-02,244.1699981689453,211.18470764160156
2017-06-05,243.99000549316406,211.02896118164062
2017-06-06,243.2100067138672,210.3544158935547
2017-06-07,243.66000366210938,210.7435760498047
2017-06-08,243.77999877929688,210.84742736816406
2017-06-09,243.41000366210938,210.52737426757812
2017-06-12,243.36000061035156,210.484130859375
2017-06-13,244.5500030517578,211.51339721679688
2017-06-14,244.24000549316406,211.24525451660156
2017-06-15,243.77000427246094,210.83871459960938
2017-06-16,242.63999938964844,210.88478088378906
2017-06-19,244.66000366210938,212.64048767089844
2017-06-20,243.00999450683594,211.20640563964844
2017-06-21,242.9499969482422,211.1542510986328
2017-06-22,242.83999633789062,211.05862426757812
2017-06-23,243.1300048828125,211.31069946289062
2017-06-26,243.2899932861328,211.44976806640625
2017-06-27,241.3300018310547,209.74627685546875
2017-06-28,243.49000549316406,211.62355041503906
2017-06-29,241.35000610351562,209.76365661621094
2017-06-30,241.8000030517578,210.15476989746094
2017-07-03,242.2100067138672,210.51109313964844
2017-07-05,242.77000427246094,210.99783325195312
2017-07-06,240.5500030517578,209.06832885742188
2017-07-07,242.11000061035156,210.4241485595703
2017-07-10,242.3699951171875,210.650146484375
2017-07-11,242.19000244140625,210.4937286376953
2017-07-12,244.00999450683594,212.0755157470703
2017-07-13,244.4199981689453,212.43182373046875
2017-07-14,245.55999755859375,213.4226837158203
2017-07-17,245.52999877929688,213.39657592773438
2017-07-18,245.66000366210938,213.50958251953125
2017-07-19,246.99000549316406,214.66549682617188
2017-07-20,247.10000610351562,214.7611083984375
2017-07-21,246.8800048828125,214.5699005126953
2017-07-24,246.82000732421875,214.51779174804688
2017-07-25,247.4199981689453,215.03924560546875
2017-07-26,247.42999267578125,215.04794311523438
2017-07-27,247.1999969482422,214.84805297851562
2017-07-28,246.91000366210938,214.5959930419922
2017-07-31,246.77000427246094,214.47430419921875
2017-08-01,247.32000732421875,214.95230102539062
2017-08-02,247.44000244140625,215.05661010742188
2017-08-03,246.9600067138672,214.63941955566406
2017-08-04,247.41000366210938,215.03057861328125
2017-08-07,247.8699951171875,215.4303436279297
2017-08-08,247.25999450683594,214.900146484375
2017-08-09,247.25,214.89146423339844
2017-08-10,243.75999450683594,211.85826110839844
2017-08-11,244.1199951171875,212.17112731933594
2017-08-14,246.5399932861328,214.27439880371094
2017-08-15,246.50999450683594,214.2483367919922
2017-08-16,246.94000244140625,214.62208557128906
2017-08-17,243.08999633789062,211.27587890625
2017-08-18,242.7100067138672,210.9456329345703
2017-08-21,242.89999389648438,211.1107635498047
2017-08-22,245.44000244140625,213.31832885742188
2017-08-23,244.55999755859375,212.55355834960938
2017-08-24,243.99000549316406,212.05812072753906
2017-08-25,244.55999755859375,212.55355834960938
2017-08-28,244.57000732421875,212.5622100830078
2017-08-29,244.85000610351562,212.80557250976562
2017-08-30,246.00999450683594,213.8137664794922
2017-08-31,247.49000549316406,215.10008239746094
2017-09-01,247.83999633789062,215.40426635742188
2017-09-05,246.05999755859375,213.8572235107422
2017-09-06,246.89999389648438,214.5873260498047
2017-09-07,246.8699951171875,214.56121826171875
2017-09-08,246.5800018310547,214.30918884277344
2017-09-11,249.2100067138672,216.59500122070312
2017-09-12,250.0500030517578,217.32505798339844
2017-09-13,250.1699981689453,217.4293212890625
2017-09-14,250.08999633789062,217.3598175048828
2017-09-15,249.19000244140625,217.65243530273438
2017-09-18,249.72000122070312,218.11537170410156
2017-09-19,249.97000122070312,218.3336944580078
2017-09-20,250.05999755859375,218.41232299804688
2017-09-21,249.38999938964844,217.82713317871094
2017-09-22,249.44000244140625,217.8707275390625
2017-09-25,248.92999267578125,217.42523193359375
2017-09-26,249.0800018310547,217.55630493164062
2017-09-27,250.0500030517578,218.403564453125
2017-09-28,250.35000610351562,218.6656036376953
2017-09-29,251.22999572753906,219.4342041015625
2017-10-02,252.32000732421875,220.38629150390625
2017-10-03,252.86000061035156,220.85791015625
2017-10-04,253.16000366210938,221.1199493408203
2017-10-05,254.66000366210938,222.4300994873047
2017-10-06,254.3699951171875,222.17681884765625
2017-10-09,253.9499969482422,221.80996704101562
2017-10-10,254.6199951171875,222.39517211914062
2017-10-11,255.02000427246094,222.74459838867188
2017-10-12,254.63999938964844,222.41262817382812
2017-10-13,254.9499969482422,222.68341064453125
2017-10-16,255.2899932861328,222.98031616210938
2017-10-17,255.47000122070312,223.1375732421875
2017-10-18,255.72000122070312,223.35594177246094
2017-10-19,255.7899932861328,223.41708374023438
2017-10-20,257.1099853515625,224.57005310058594
2017-10-23,256.1099853515625,223.6966094970703
2017-10-24,256.55999755859375,224.0896759033203
2017-10-25,255.2899932861328,222.98031616210938
2017-10-26,255.6199951171875,223.2686309814453
2017-10-27,257.7099914550781,225.09410095214844
2017-10-30,256.75,224.255615234375
2017-10-31,257.1499938964844,224.60496520996094
2017-11-01,257.489990234375,224.90194702148438
2017-11-02,257.5899963378906,224.9893341064453
2017-11-03,258.45001220703125,225.74050903320312
2017-11-06,258.8500061035156,226.08978271484375
2017-11-07,258.6700134277344,225.93263244628906
2017-11-08,259.1099853515625,226.31690979003906
2017-11-09,258.1700134277344,225.49594116210938
2017-11-10,258.0899963378906,225.42605590820312
2017-11-13,258.3299865722656,225.6356964111328
2017-11-14,257.7300109863281,225.1116180419922
2017-11-15,256.44000244140625,223.98487854003906
2017-11-16,258.6199951171875,225.88888549804688
2017-11-17,257.8599853515625,225.2251434326172
2017-11-20,258.29998779296875,225.6094512939453
2017-11-21,259.989990234375,227.0855255126953
2017-11-22,259.760009765625,226.88467407226562
2017-11-24,260.3599853515625,227.40875244140625
2017-11-27,260.2300109863281,227.295166015625
2017-11-28,262.8699951171875,229.60104370117188
2017-11-29,262.7099914550781,229.46127319335938
2017-11-30,265.010009765625,231.47024536132812
2017-12-01,264.4599914550781,230.9897918701172
2017-12-04,264.1400146484375,230.7103271484375
2017-12-05,263.19000244140625,229.88058471679688
2017-12-06,263.239990234375,229.92422485351562
2017-12-07,264.07000732421875,230.6492156982422
2017-12-08,265.510009765625,231.90695190429688
2017-12-11,266.30999755859375,232.605712890625
2017-12-12,266.7799987792969,233.0162353515625
2017-12-13,266.75,232.98997497558594
2017-12-14,265.6600036621094,232.03793334960938
2017-12-15,266.510009765625,233.97021484375
2017-12-18,268.20001220703125,235.45391845703125
2017-12-19,267.1700134277344,234.54969787597656
2017-12-20,267.0299987792969,234.4267578125
2017-12-21,267.5799865722656,234.90953063964844
2017-12-22,267.510009765625,234.84812927246094
2017-12-26,267.19000244140625,234.56715393066406
2017-12-27,267.32000732421875,234.68136596679688
2017-12-28,267.8699951171875,235.16415405273438
2017-12-29,266.8599853515625,234.27748107910156
2018-01-02,268.7699890136719,235.9542694091797
2018-01-03,270.4700012207031,237.44668579101562
2018-01-04,271.6099853515625,238.44754028320312
2018-01-05,273.4200134277344,240.0365753173828
2018-01-08,273.9200134277344,240.47560119628906
2018-01-09,274.5400085449219,241.0197296142578
2018-01-10,274.1199951171875,240.65109252929688
2018-01-11,276.1199951171875,242.40687561035156
2018-01-12,277.9200134277344,243.98712158203125
2018-01-16,276.9700012207031,243.1531524658203
2018-01-17,279.6099853515625,245.4707794189453
2018-01-18,279.1400146484375,245.05819702148438
2018-01-19,280.4100036621094,246.17312622070312
2018-01-22,282.69000244140625,248.1747589111328
2018-01-23,283.2900085449219,248.70138549804688
2018-01-24,283.17999267578125,248.60487365722656
2018-01-25,283.29998779296875,248.7102813720703
2018-01-26,286.5799865722656,251.58975219726562
2018-01-29,284.67999267578125,249.92176818847656
2018-01-30,281.760009765625,247.3583526611328
2018-01-31,281.8999938964844,247.4811248779297
2018-02-01,281.5799865722656,247.20028686523438
2018-02-02,275.45001220703125,241.81869506835938
2018-02-05,263.92999267578125,231.7052459716797
2018-02-06,269.1300048828125,236.27040100097656
2018-02-07,267.6700134277344,234.98858642578125
2018-02-08,257.6300048828125,226.17445373535156
2018-02-09,261.5,229.57192993164062
2018-02-12,265.3399963378906,232.943115234375
2018-02-13,266.0,233.52247619628906
2018-02-14,269.5899963378906,236.67416381835938
2018-02-15,273.0299987792969,239.69424438476562
2018-02-16,273.1099853515625,239.7644500732422
2018-02-20,271.3999938964844,238.26316833496094
2018-02-21,270.04998779296875,237.07798767089844
2018-02-22,270.3999938964844,237.38525390625
2018-02-23,274.7099914550781,241.16900634765625
2018-02-26,277.8999938964844,243.96951293945312
2018-02-27,274.42999267578125,240.9232177734375
2018-02-28,271.6499938964844,238.48269653320312
2018-03-01,267.70001220703125,235.0149383544922
2018-03-02,269.0799865722656,236.22640991210938
2018-03-05,272.19000244140625,238.9567413330078
2018-03-06,272.8800048828125,239.5625
2018-03-07,272.7799987792969,239.4746551513672
2018-03-08,274.1000061035156,240.63351440429688
2018-03-09,278.8699951171875,244.82113647460938
2018-03-12,278.5199890136719,244.51388549804688
2018-03-13,276.7200012207031,242.9336395263672
2018-03-14,275.29998779296875,241.68701171875
2018-03-15,275.0,241.42359924316406
2018-03-16,274.20001220703125,241.6854248046875
2018-03-19,270.489990234375,238.41537475585938
2018-03-20,270.95001220703125,238.8208770751953
2018-03-21,270.42999267578125,238.36244201660156
2018-03-22,263.6700134277344,232.404052734375
2018-03-23,258.04998779296875,227.45045471191406
2018-03-26,265.1099853515625,233.67337036132812
2018-03-27,260.6000061035156,229.69810485839844
2018-03-28,259.8299865722656,229.0194091796875
2018-03-29,263.1499938964844,231.94573974609375
2018-04-02,257.4700012207031,226.93927001953125
2018-04-03,260.7699890136719,229.8479461669922
2018-04-04,263.55999755859375,232.30709838867188
2018-04-05,265.6400146484375,234.1404571533203
2018-04-06,259.7200012207031,228.92247009277344
2018-04-09,261.0,230.05068969726562
2018-04-10,265.1499938964844,233.7085723876953
2018-04-11,263.760009765625,232.48342895507812
2018-04-12,265.92999267578125,234.3960723876953
2018-04-13,265.1499938964844,233.7085723876953
2018-04-16,267.3299865722656,235.63006591796875
2018-04-17,270.19000244140625,238.15090942382812
2018-04-18,270.3900146484375,238.32723999023438
2018-04-19,268.8900146484375,237.00511169433594
2018-04-20,266.6099853515625,234.9954376220703
2018-04-23,266.57000732421875,234.96022033691406
2018-04-24,262.9800109863281,231.79598999023438
2018-04-25,263.6300048828125,232.36878967285156
2018-04-26,266.30999755859375,234.73104858398438
2018-04-27,266.55999755859375,234.95140075683594
2018-04-30,264.510009765625,233.14450073242188
2018-05-01,264.9800109863281,233.55874633789062
2018-05-02,263.20001220703125,231.9898681640625
2018-05-03,262.6199951171875,231.47854614257812
2018-05-04,266.0199890136719,234.47535705566406
2018-05-07,266.9200134277344,235.26873779296875
2018-05-08,266.9200134277344,235.26873779296875
2018-05-09,269.5,237.54275512695312
2018-05-10,272.0199890136719,239.763916015625
2018-05-11,272.8500061035156,240.49554443359375
2018-05-14,272.9800109863281,240.61012268066406
2018-05-15,271.1000061035156,238.95301818847656
2018-05-16,272.239990234375,239.95785522460938
2018-05-17,272.010009765625,239.75515747070312
2018-05-18,271.3299865722656,239.15573120117188
2018-05-21,273.3699951171875,240.95387268066406
2018-05-22,272.6099853515625,240.28392028808594
2018-05-23,273.3599853515625,240.94503784179688
2018-05-24,272.79998779296875,240.45144653320312
2018-05-25,272.1499938964844,239.8784637451172
2018-05-29,269.0199890136719,237.11961364746094
2018-05-30,272.6099853515625,240.28392028808594
2018-05-31,270.94000244140625,238.81202697753906
2018-06-01,273.6000061035156,241.1565399169922
2018-06-04,274.8999938964844,242.30242919921875
2018-06-05,275.1000061035156,242.47872924804688
2018-06-06,277.3999938964844,244.50596618652344
2018-06-07,277.3699951171875,244.47947692871094
2018-06-08,278.19000244140625,245.2022705078125
2018-06-11,278.55999755859375,245.5284423828125
2018-06-12,278.9200134277344,245.84567260742188
2018-06-13,278.0299987792969,245.061279296875
2018-06-14,278.7300109863281,245.6782684326172
2018-06-15,277.1300048828125,245.3648681640625
2018-06-18,276.55999755859375,244.860107421875
2018-06-19,275.5,243.92169189453125
2018-06-20,275.9700012207031,244.33790588378906
2018-06-21,274.239990234375,242.80609130859375
2018-06-22,274.739990234375,243.24876403808594
2018-06-25,271.0,239.9374542236328
2018-06-26,271.6000061035156,240.46873474121094
2018-06-27,269.3500061035156,238.4766387939453
2018-06-28,270.8900146484375,239.84010314941406
2018-06-29,271.2799987792969,240.18539428710938
2018-07-02,271.8599853515625,240.69888305664062
2018-07-03,270.8999938964844,239.84896850585938
2018-07-05,273.1099853515625,241.80567932128906
2018-07-06,275.4200134277344,243.8508758544922
2018-07-09,277.8999938964844,246.0465850830078
2018-07-10,278.8999938964844,246.93197631835938
2018-07-11,276.8599853515625,245.12576293945312
2018-07-12,279.3699951171875,247.34812927246094
2018-07-13,279.5899963378906,247.54287719726562
2018-07-16,279.3399963378906,247.321533203125
2018-07-17,280.4700012207031,248.3220977783203
2018-07-18,281.05999755859375,248.84437561035156
2018-07-19,280.0,247.90586853027344
2018-07-20,279.67999267578125,247.62261962890625
2018-07-23,280.20001220703125,248.0829620361328
2018-07-24,281.6099853515625,249.33128356933594
2018-07-25,284.010009765625,251.45619201660156
2018-07-26,283.3399963378906,250.863037109375
2018-07-27,281.4200134277344,249.16310119628906
2018-07-30,279.95001220703125,247.86163330078125
2018-07-31,281.3299865722656,249.08352661132812
2018-08-01,280.8599853515625,248.66725158691406
2018-08-02,282.3900146484375,250.0218963623047
2018-08-03,283.6000061035156,251.09326171875
2018-08-06,284.6400146484375,252.01400756835938
2018-08-07,285.5799865722656,252.8463134765625
2018-08-08,285.4599914550781,252.73997497558594
2018-08-09,285.07000732421875,252.39474487304688
2018-08-10,283.1600036621094,250.7036895751953
2018-08-13,282.1000061035156,249.76516723632812
2018-08-14,283.8999938964844,251.35887145996094
2018-08-15,281.7799987792969,249.4818572998047
2018-08-16,284.05999755859375,251.50042724609375
2018-08-17,285.05999755859375,252.38592529296875
2018-08-20,285.6700134277344,252.926025390625
2018-08-21,286.3399963378906,253.5191192626953
2018-08-22,286.1700134277344,253.3686981201172
2018-08-23,285.7900085449219,253.03221130371094
2018-08-24,287.510009765625,254.55508422851562
2018-08-27,289.7799987792969,256.5648498535156
2018-08-28,289.9200134277344,256.6888732910156
2018-08-29,291.4800109863281,258.0699768066406
2018-08-30,290.29998779296875,257.0252380371094
2018-08-31,290.30999755859375,257.0341796875
2018-09-04,289.80999755859375,256.591552734375
2018-09-05,289.0299987792969,255.9007568359375
2018-09-06,288.1600036621094,255.13050842285156
2018-09-07,287.6000061035156,254.634765625
2018-09-10,288.1000061035156,255.07748413085938
2018-09-11,289.04998779296875,255.9185028076172
2018-09-12,289.1199951171875,255.98043823242188
2018-09-13,290.8299865722656,257.49444580078125
2018-09-14,290.8800048828125,257.53875732421875
2018-09-17,289.3399963378906,256.1753845214844
2018-09-18,290.9100036621094,257.56536865234375
2018-09-19,291.2200012207031,257.8398132324219
2018-09-20,293.5799865722656,259.92919921875
2018-09-21,291.989990234375,259.6918640136719
2018-09-24,291.0199890136719,258.8291015625
2018-09-25,290.75,258.58905029296875
2018-09-26,289.8800048828125,257.815185546875
2018-09-27,290.69000244140625,258.53564453125
2018-09-28,290.7200012207031,258.5622253417969
2018-10-01,291.7300109863281,259.4605407714844
2018-10-02,291.55999755859375,259.3094787597656
2018-10-03,291.7200012207031,259.4516906738281
2018-10-04,289.44000244140625,257.4239196777344
2018-10-05,287.82000732421875,255.9830780029297
2018-10-08,287.82000732421875,255.9830780029297
2018-10-09,287.3999938964844,255.6094970703125
2018-10-10,278.29998779296875,247.51611328125
2018-10-11,272.1700134277344,242.06427001953125
2018-10-12,275.95001220703125,245.4261016845703
2018-10-15,274.3999938964844,244.0475616455078
2018-10-16,280.3999938964844,249.38389587402344
2018-10-17,280.45001220703125,249.42832946777344
2018-10-18,276.3999938964844,245.82632446289062
2018-10-19,276.25,245.69290161132812
2018-10-22,275.010009765625,244.59010314941406
2018-10-23,273.6099853515625,243.3448944091797
2018-10-24,265.32000732421875,235.97189331054688
2018-10-25,270.0799865722656,240.2053680419922
2018-10-26,265.3299865722656,235.98081970214844
2018-10-29,263.8599853515625,234.67337036132812
2018-10-30,267.7699890136719,238.15087890625
2018-10-31,270.6300048828125,240.69451904296875
2018-11-01,273.510009765625,243.25599670410156
2018-11-02,271.8900146484375,241.8151397705078
2018-11-05,273.3900146484375,243.14930725097656
2018-11-06,275.1199951171875,244.6879425048828
2018-11-07,281.010009765625,249.92630004882812
2018-11-08,280.5,249.4727783203125
2018-11-09,277.760009765625,247.03591918945312
2018-11-12,272.57000732421875,242.41993713378906
2018-11-13,272.05999755859375,241.96632385253906
2018-11-14,270.20001220703125,240.31214904785156
2018-11-15,273.0199890136719,242.82017517089844
2018-11-16,273.7300109863281,243.45167541503906
2018-11-19,269.1000061035156,239.333740234375
2018-11-20,264.1199951171875,234.9046173095703
2018-11-21,265.0199890136719,235.70501708984375
2018-11-23,263.25,234.13088989257812
2018-11-26,267.5,237.9108123779297
2018-11-27,268.3999938964844,238.7112579345703
2018-11-28,274.5799865722656,244.20761108398438
2018-11-29,273.9800109863281,243.67388916015625
2018-11-30,275.6499938964844,245.15927124023438
2018-12-03,279.29998779296875,248.4055633544922
2018-12-04,270.25,240.35659790039062
2018-12-06,269.8399963378906,239.9918670654297
2018-12-07,263.57000732421875,234.41551208496094
2018-12-10,264.07000732421875,234.8601531982422
2018-12-11,264.1300048828125,234.91354370117188
2018-12-12,265.4599914550781,236.09645080566406
2018-12-13,265.3699951171875,236.01632690429688
2018-12-14,260.4700012207031,231.65838623046875
2018-12-17,255.36000061035156,227.11361694335938
2018-12-18,255.0800018310547,226.86460876464844
2018-12-19,251.25999450683594,223.46714782714844
2018-12-20,247.1699981689453,219.8295440673828
2018-12-21,240.6999969482422,215.32533264160156
2018-12-24,234.33999633789062,209.63583374023438
2018-12-26,246.17999267578125,220.2276611328125
2018-12-27,248.07000732421875,221.9183807373047
2018-12-28,247.75,221.63211059570312
2018-12-31,249.9199981689453,223.57334899902344
2019-01-02,250.17999267578125,223.8059539794922
2019-01-03,244.2100067138672,218.46533203125
2019-01-04,252.38999938964844,225.782958984375
2019-01-07,254.3800048828125,227.5631866455078
2019-01-08,256.7699890136719,229.7012481689453
2019-01-09,257.9700012207031,230.7747344970703
2019-01-10,258.8800048828125,231.58885192871094
2019-01-11,258.9800109863281,231.67823791503906
2019-01-14,257.3999938964844,230.2648162841797
2019-01-15,260.3500061035156,232.90383911132812
2019-01-16,260.9800109863281,233.4674072265625
2019-01-17,262.9599914550781,235.23866271972656
2019-01-18,266.4599914550781,238.36973571777344
2019-01-22,262.8599853515625,235.14920043945312
2019-01-23,263.4100036621094,235.64129638671875
2019-01-24,263.54998779296875,235.76649475097656
2019-01-25,265.7799987792969,237.76144409179688
2019-01-28,263.760009765625,235.95437622070312
2019-01-29,263.4100036621094,235.64129638671875
2019-01-30,267.5799865722656,239.37158203125
2019-01-31,269.92999267578125,241.473876953125
2019-02-01,270.05999755859375,241.59019470214844
2019-02-04,271.9599914550781,243.28988647460938
2019-02-05,273.1000061035156,244.30966186523438
2019-02-06,272.739990234375,243.9877166748047
2019-02-07,270.1400146484375,241.6617889404297
2019-02-08,270.4700012207031,241.9569854736328
2019-02-11,270.6199951171875,242.0911102294922
2019-02-12,274.1000061035156,245.2042694091797
2019-02-13,274.989990234375,246.0005340576172
2019-02-14,274.3800048828125,245.4547576904297
2019-02-15,277.3699951171875,248.12957763671875
2019-02-19,277.8500061035156,248.5589599609375
2019-02-20,278.4100036621094,249.0599822998047
2019-02-21,277.4200134277344,248.17433166503906
2019-02-22,279.1400146484375,249.71295166015625
2019-02-25,279.5199890136719,250.05291748046875
2019-02-26,279.32000732421875,249.8740234375
2019-02-27,279.20001220703125,249.76666259765625
2019-02-28,278.67999267578125,249.3014678955078
2019-03-01,280.4200134277344,250.85813903808594
2019-03-04,279.3999938964844,249.94554138183594
2019-03-05,279.0199890136719,249.60565185546875
2019-03-06,277.3299865722656,248.09375
2019-03-07,275.010009765625,246.01840209960938
2019-03-08,274.4599914550781,245.52639770507812
2019-03-11,278.44000244140625,249.0867919921875
2019-03-12,279.489990234375,250.02606201171875
2019-03-13,281.3399963378906,251.6810760498047
2019-03-14,281.1600036621094,251.52001953125
2019-03-15,281.30999755859375,252.76266479492188
2019-03-18,282.3299865722656,253.6791229248047
2019-03-19,282.3999938964844,253.7420196533203
2019-03-20,281.54998779296875,252.97833251953125
2019-03-21,284.7300109863281,255.83566284179688
2019-03-22,279.25,250.91177368164062
2019-03-25,279.0400085449219,250.72305297851562
2019-03-26,281.1199951171875,252.59201049804688
2019-03-27,279.6499938964844,251.27125549316406
2019-03-28,280.7099914550781,252.22354125976562
2019-03-29,282.4800109863281,253.81396484375
2019-04-01,285.8299865722656,256.82403564453125
2019-04-02,285.9700012207031,256.9497985839844
2019-04-03,286.4200134277344,257.3541259765625
2019-04-04,287.17999267578125,258.03704833984375
2019-04-05,288.57000732421875,259.285888671875
2019-04-08,288.7900085449219,259.48370361328125
2019-04-09,287.30999755859375,258.1538391113281
2019-04-10,288.2900085449219,259.03436279296875
2019-04-11,288.2099914550781,258.96246337890625
2019-04-12,290.1600036621094,260.7146301269531
2019-04-15,289.9700012207031,260.5439453125
2019-04-16,290.1600036621094,260.7146301269531
2019-04-17,289.45001220703125,260.0766296386719
2019-04-18,290.0199890136719,260.5888366699219
2019-04-22,290.2699890136719,260.8134460449219
2019-04-23,292.8800048828125,263.1585693359375
2019-04-24,292.2300109863281,262.5745544433594
2019-04-25,292.04998779296875,262.412841796875
2019-04-26,293.4100036621094,263.634765625
2019-04-29,293.8699951171875,264.04815673828125
2019-04-30,294.0199890136719,264.1828918457031
2019-05-01,291.80999755859375,262.1971740722656
2019-05-02,291.17999267578125,261.6310729980469
2019-05-03,294.0299987792969,264.1918640136719
2019-05-06,292.82000732421875,263.104736328125
2019-05-07,287.92999267578125,258.7109069824219
2019-05-08,287.5299987792969,258.3514404296875
2019-05-09,286.6600036621094,257.5697937011719
2019-05-10,288.1000061035156,258.8636169433594
2019-05-13,280.8599853515625,252.35830688476562
2019-05-14,283.3999938964844,254.6406707763672
2019-05-15,285.05999755859375,256.13226318359375
2019-05-16,287.70001220703125,258.5042419433594
2019-05-17,285.8399963378906,256.8329772949219
2019-05-20,283.95001220703125,255.13485717773438
2019-05-21,286.510009765625,257.4350280761719
2019-05-22,285.6300048828125,256.6443176269531
2019-05-23,282.1400146484375,253.50851440429688
2019-05-24,282.7799987792969,254.08352661132812
2019-05-28,280.1499938964844,251.72036743164062
2019-05-29,278.2699890136719,250.03123474121094
2019-05-30,279.0299987792969,250.71405029296875
2019-05-31,275.2699890136719,247.33567810058594
2019-06-03,274.57000732421875,246.70669555664062
2019-06-04,280.5299987792969,252.06182861328125
2019-06-05,282.9599914550781,254.24522399902344
2019-06-06,284.79998779296875,255.89857482910156
2019-06-07,287.6499938964844,258.4593505859375
2019-06-10,288.9700012207031,259.64532470703125
2019-06-11,288.8999938964844,259.5823974609375
2019-06-12,288.3900146484375,259.1242980957031
2019-06-13,289.5799865722656,260.1934814453125
2019-06-14,289.260009765625,259.9059143066406
2019-06-17,289.3699951171875,260.00469970703125
2019-06-18,292.3999938964844,262.72723388671875
2019-06-19,293.05999755859375,263.32037353515625
2019-06-20,295.8599853515625,265.8361511230469
2019-06-21,294.0,265.44976806640625
2019-06-24,293.6400146484375,265.12469482421875
2019-06-25,290.760009765625,262.52435302734375
2019-06-26,290.4700012207031,262.2625427246094
2019-06-27,291.5,263.1924743652344
2019-06-28,293.0,264.5468444824219
2019-07-01,295.6600036621094,266.948486328125
2019-07-02,296.42999267578125,267.643798828125
2019-07-03,298.79998779296875,269.78363037109375
2019-07-05,298.4599914550781,269.4765930175781
2019-07-08,296.82000732421875,267.9958801269531
2019-07-09,297.19000244140625,268.3299560546875
2019-07-10,298.6099853515625,269.6119689941406
2019-07-11,299.30999755859375,270.2439880371094
2019-07-12,300.6499938964844,271.4541015625
2019-07-15,300.75,271.5442199707031
2019-07-16,299.7799987792969,270.6684875488281
2019-07-17,297.739990234375,268.8264465332031
2019-07-18,298.8299865722656,269.8106994628906
2019-07-19,297.1700134277344,268.3119201660156
2019-07-22,297.8999938964844,268.9709777832031
2019-07-23,300.0299987792969,270.89422607421875
2019-07-24,301.44000244140625,272.1672058105469
2019-07-25,300.0,270.8670654296875
2019-07-26,302.010009765625,272.681884765625
2019-07-29,301.4599914550781,272.1852722167969
2019-07-30,300.7200012207031,271.5171813964844
2019-07-31,297.42999267578125,268.546630859375
2019-08-01,294.8399963378906,266.2082214355469
2019-08-02,292.6199951171875,264.2036437988281
2019-08-05,283.82000732421875,256.25836181640625
2019-08-06,287.79998779296875,259.851806640625
2019-08-07,287.9700012207031,260.00531005859375
2019-08-08,293.6199951171875,265.1065979003906
2019-08-09,291.6199951171875,263.3008728027344
2019-08-12,288.07000732421875,260.0956726074219
2019-08-13,292.54998779296875,264.1405029296875
2019-08-14,283.8999938964844,256.3305358886719
2019-08-15,284.6499938964844,257.0077209472656
2019-08-16,288.8500061035156,260.7998352050781
2019-08-19,292.3299865722656,263.9419250488281
2019-08-20,290.0899963378906,261.9194641113281
2019-08-21,292.45001220703125,264.0502014160156
2019-08-22,292.3599853515625,263.9690246582031
2019-08-23,284.8500061035156,257.18829345703125
2019-08-26,288.0,260.0323486328125
2019-08-27,286.8699951171875,259.0121154785156
2019-08-28,288.8900146484375,260.8359680175781
2019-08-29,292.5799865722656,264.1675720214844
2019-08-30,292.45001220703125,264.0502014160156
2019-09-03,290.739990234375,262.50628662109375
2019-09-04,294.0400085449219,265.48590087890625
2019-09-05,297.82000732421875,268.8988342285156
2019-09-06,298.04998779296875,269.1064147949219
2019-09-09,298.20001220703125,269.24188232421875
2019-09-10,298.1300048828125,269.1787109375
2019-09-11,300.25,271.09271240234375
2019-09-12,301.2900085449219,272.03179931640625
2019-09-13,301.0899963378906,271.8511657714844
2019-09-16,300.1600036621094,271.0115051269531
2019-09-17,300.9200134277344,271.69769287109375
2019-09-18,301.1000061035156,271.86029052734375
2019-09-19,301.0799865722656,271.8421936035156
2019-09-20,298.2799987792969,270.557861328125
2019-09-23,298.2099914550781,270.4942626953125
2019-09-24,295.8699951171875,268.3717956542969
2019-09-25,297.6199951171875,269.9591369628906
2019-09-26,297.0,269.39678955078125
2019-09-27,295.3999938964844,267.9455871582031
2019-09-30,296.7699890136719,269.18817138671875
2019-10-01,293.239990234375,265.9861755371094
2019-10-02,288.05999755859375,261.2876892089844
2019-10-03,290.4200134277344,263.4282531738281
2019-10-04,294.3500061035156,266.99310302734375
2019-10-07,293.0799865722656,265.84100341796875
2019-10-08,288.5299987792969,261.7139892578125
2019-10-09,291.2699890136719,264.19927978515625
2019-10-10,293.239990234375,265.9861755371094
2019-10-11,296.2799987792969,268.7436218261719
2019-10-14,295.95001220703125,268.4443359375
2019-10-15,298.8800048828125,271.1020202636719
2019-10-16,298.3999938964844,270.66668701171875
2019-10-17,299.2799987792969,271.4648742675781
2019-10-18,297.9700012207031,270.27655029296875
2019-10-21,299.989990234375,272.10882568359375
2019-10-22,299.010009765625,271.219970703125
2019-10-23,299.8800048828125,272.0091552734375
2019-10-24,300.3699951171875,272.4535827636719
2019-10-25,301.6000061035156,273.5692443847656
2019-10-28,303.29998779296875,275.1112365722656
2019-10-29,303.2099914550781,275.02960205078125
2019-10-30,304.1400146484375,275.8731994628906
2019-10-31,303.3299865722656,275.1384582519531
2019-11-01,306.1400146484375,277.687255859375
2019-11-04,307.3699951171875,278.80303955078125
2019-11-05,307.0299987792969,278.49456787109375
2019-11-06,307.1000061035156,278.55810546875
2019-11-07,308.17999267578125,279.5377197265625
2019-11-08,308.94000244140625,280.2270812988281
2019-11-11,308.3500061035156,279.6918640136719
2019-11-12,309.0,280.281494140625
2019-11-13,309.1000061035156,280.37213134765625
2019-11-14,309.54998779296875,280.78033447265625
2019-11-15,311.7900085449219,282.8121643066406
2019-11-18,312.0199890136719,283.020751953125
2019-11-19,311.92999267578125,282.9390869140625
2019-11-20,310.7699890136719,281.88690185546875
2019-11-21,310.2699890136719,281.43353271484375
2019-11-22,310.9599914550781,282.0592346191406
2019-11-25,313.3699951171875,284.2452697753906
2019-11-26,314.0799865722656,284.8893127441406
2019-11-27,315.4800109863281,286.1591491699219
2019-11-29,314.30999755859375,285.0979919433594
2019-12-02,311.6400146484375,282.6761169433594
2019-12-03,309.54998779296875,280.78033447265625
2019-12-04,311.4599914550781,282.51287841796875
2019-12-05,312.0199890136719,283.020751953125
2019-12-06,314.8699951171875,285.6058654785156
2019-12-09,313.8800048828125,284.70794677734375
2019-12-10,313.5299987792969,284.3904724121094
2019-12-11,314.4200134277344,285.1976623535156
2019-12-12,317.1300048828125,287.6557922363281
2019-12-13,317.32000732421875,287.8282470703125
2019-12-16,319.5,289.8056335449219
2019-12-17,319.57000732421875,289.8691101074219
2019-12-18,319.5899963378906,289.88714599609375
2019-12-19,320.8999938964844,291.075439453125
2019-12-20,320.7300109863281,292.3515930175781
2019-12-23,321.2200012207031,292.79815673828125
2019-12-24,321.2300109863281,292.807373046875
2019-12-26,322.94000244140625,294.36602783203125
2019-12-27,322.8599853515625,294.2930603027344
2019-12-30,321.0799865722656,292.6706237792969
2019-12-31,321.8599853515625,293.3816223144531
2020-01-02,324.8699951171875,296.12530517578125
2020-01-03,322.4100036621094,293.8829650878906
2020-01-06,323.6400146484375,295.004150390625
2020-01-07,322.7300109863281,294.1746520996094
2020-01-08,324.45001220703125,295.7424011230469
2020-01-09,326.6499938964844,297.7477722167969
2020-01-10,325.7099914550781,296.8910827636719
2020-01-13,327.95001220703125,298.93280029296875
2020-01-14,327.45001220703125,298.4770812988281
2020-01-15,328.19000244140625,299.1515197753906
2020-01-16,330.9200134277344,301.6400146484375
2020-01-17,331.95001220703125,302.578857421875
2020-01-21,331.29998779296875,301.9863586425781
2020-01-22,331.3399963378906,302.0227966308594
2020-01-23,331.7200012207031,302.36920166015625
2020-01-24,328.7699890136719,299.6802062988281
2020-01-27,323.5,294.8764953613281
2020-01-28,326.8900146484375,297.966552734375
2020-01-29,326.6199951171875,297.720458984375
2020-01-30,327.67999267578125,298.68658447265625
2020-01-31,321.7300109863281,293.2631530761719
2020-02-03,324.1199951171875,295.441650390625
2020-02-04,329.05999755859375,299.944580078125
2020-02-05,332.8599853515625,303.4083557128906
2020-02-06,333.9800109863281,304.4292907714844
2020-02-07,332.20001220703125,302.8067321777344
2020-02-10,334.67999267578125,305.06732177734375
2020-02-11,335.260009765625,305.5959167480469
2020-02-12,337.4200134277344,307.56488037109375
2020-02-13,337.05999755859375,307.2366943359375
2020-02-14,337.6000061035156,307.7289123535156
2020-02-18,336.7300109863281,306.9359130859375
2020-02-19,338.3399963378906,308.40350341796875
2020-02-20,336.95001220703125,307.1364440917969
2020-02-21,333.4800109863281,303.97344970703125
2020-02-24,322.4200134277344,293.8919982910156
2020-02-25,312.6499938964844,284.98651123046875
2020-02-26,311.5,283.9383239746094
2020-02-27,297.510009765625,271.1860656738281
2020-02-28,296.260009765625,270.04669189453125
2020-03-02,309.0899963378906,281.7414855957031
2020-03-03,300.239990234375,273.674560546875
2020-03-04,312.8599853515625,285.1778564453125
2020-03-05,302.4599914550781,275.69818115234375
2020-03-06,297.4599914550781,271.14056396484375
2020-03-09,274.2300109863281,249.96591186523438
2020-03-10,288.4200134277344,262.90045166015625
2020-03-11,274.3599853515625,250.08445739746094
2020-03-12,248.11000061035156,226.1570281982422
2020-03-13,269.32000732421875,245.4903564453125
2020-03-16,239.85000610351562,218.62794494628906
2020-03-17,252.8000030517578,230.4320831298828
2020-03-18,240.0,218.7646484375
2020-03-19,240.50999450683594,219.22950744628906
2020-03-20,228.8000030517578,209.78201293945312
2020-03-23,222.9499969482422,204.41824340820312
2020-03-24,243.14999389648438,222.93923950195312
2020-03-25,246.7899932861328,226.27664184570312
2020-03-26,261.20001220703125,239.48892211914062
2020-03-27,253.4199981689453,232.35556030273438
2020-03-30,261.6499938964844,239.90145874023438
2020-03-31,257.75,236.32565307617188
2020-04-01,246.14999389648438,225.68984985351562
2020-04-02,251.8300018310547,230.89776611328125
2020-04-03,248.19000244140625,227.56027221679688
2020-04-06,264.8599853515625,242.84466552734375
2020-04-07,265.1300048828125,243.0922393798828
2020-04-08,274.0299987792969,251.25242614746094
2020-04-09,278.20001220703125,255.07582092285156
2020-04-13,275.6600036621094,252.74703979492188
2020-04-14,283.7900085449219,260.2012023925781
2020-04-15,277.760009765625,254.67242431640625
2020-04-16,279.1000061035156,255.90103149414062
2020-04-17,286.6400146484375,262.8143005371094
2020-04-20,281.5899963378906,258.18408203125
2020-04-21,273.0400085449219,250.3447265625
2020-04-22,279.1000061035156,255.90103149414062
2020-04-23,279.0799865722656,255.88267517089844
2020-04-24,282.9700012207031,259.4493713378906
2020-04-27,287.04998779296875,263.190185546875
2020-04-28,285.7300109863281,261.9799499511719
2020-04-29,293.2099914550781,268.83819580078125
2020-04-30,290.4800109863281,266.33514404296875
2020-05-01,282.7900085449219,259.2843322753906
2020-05-04,283.57000732421875,259.9996337890625
2020-05-05,286.19000244140625,262.4017028808594
2020-05-06,284.25,260.6229553222656
2020-05-07,287.67999267578125,263.767822265625
2020-05-08,292.44000244140625,268.1322021484375
2020-05-11,292.5,268.1872253417969
2020-05-12,286.6700134277344,262.8417663574219
2020-05-13,281.6000061035156,258.1932373046875
2020-05-14,284.9700012207031,261.2830505371094
2020-05-15,286.2799987792969,262.4842529296875
2020-05-18,295.0,270.4794006347656
2020-05-19,291.9700012207031,267.7012939453125
2020-05-20,296.92999267578125,272.24896240234375
2020-05-21,294.8800048828125,270.3693542480469
2020-05-22,295.44000244140625,270.8828430175781
2020-05-26,299.0799865722656,274.22027587890625
2020-05-27,303.5299987792969,278.30047607421875
2020-05-28,302.9700012207031,277.7868957519531
2020-05-29,304.32000732421875,279.0247497558594
2020-06-01,305.54998779296875,280.1524658203125
2020-06-02,308.0799865722656,282.47222900390625
2020-06-03,312.17999267578125,286.2313537597656
2020-06-04,311.3599853515625,285.47955322265625
2020-06-05,319.3399963378906,292.7962951660156
2020-06-08,323.20001220703125,296.3354187011719
2020-06-09,320.7900085449219,294.1257629394531
2020-06-10,319.0,292.48455810546875
2020-06-11,300.6099853515625,275.6230773925781
2020-06-12,304.2099914550781,278.923828125
2020-06-15,307.04998779296875,281.52777099609375
2020-06-16,312.9599914550781,286.9465637207031
2020-06-17,311.6600036621094,285.7546691894531
2020-06-18,311.7799987792969,285.8646240234375
2020-06-19,308.6400146484375,284.23089599609375
2020-06-22,310.6199951171875,286.0543212890625
2020-06-23,312.04998779296875,287.3712463378906
2020-06-24,304.0899963378906,280.04083251953125
2020-06-25,307.3500061035156,283.0429992675781
2020-06-26,300.04998779296875,276.3203125
2020-06-29,304.4599914550781,280.38153076171875
2020-06-30,308.3599853515625,283.9730529785156
2020-07-01,310.5199890136719,285.9622497558594
2020-07-02,312.2300109863281,287.5369873046875
2020-07-06,317.04998779296875,291.9757995605469
2020-07-07,313.7799987792969,288.9644775390625
2020-07-08,316.17999267578125,291.1746520996094
2020-07-09,314.3800048828125,289.5169677734375
2020-07-10,317.5899963378906,292.4731140136719
2020-07-13,314.8399963378906,289.9405517578125
2020-07-14,318.9200134277344,293.6979675292969
2020-07-15,321.8500061035156,296.396240234375
2020-07-16,320.7900085449219,295.41998291015625
2020-07-17,321.7200012207031,296.2764892578125
2020-07-20,324.32000732421875,298.6708679199219
2020-07-21,325.010009765625,299.30633544921875
2020-07-22,326.8599853515625,301.0099792480469
2020-07-23,322.9599914550781,297.41839599609375
2020-07-24,320.8800048828125,295.50286865234375
2020-07-27,323.2200012207031,297.65789794921875
2020-07-28,321.1700134277344,295.7699279785156
2020-07-29,325.1199951171875,299.4075622558594
2020-07-30,323.9599914550781,298.33929443359375
2020-07-31,326.5199890136719,300.6968688964844
2020-08-03,328.7900085449219,302.7873840332031
2020-08-04,330.05999755859375,303.9570007324219
2020-08-05,332.1099853515625,305.84478759765625
2020-08-06,334.3299865722656,307.8891906738281
2020-08-07,334.57000732421875,308.1103210449219
2020-08-10,335.57000732421875,309.0312194824219
2020-08-11,332.79998779296875,306.48016357421875
2020-08-12,337.44000244140625,310.7533264160156
2020-08-13,336.8299865722656,310.19146728515625
2020-08-14,336.8399963378906,310.2007141113281
2020-08-17,337.9100036621094,311.1861267089844
2020-08-18,338.6400146484375,311.85833740234375
2020-08-19,337.2300109863281,310.5598449707031
2020-08-20,338.2799987792969,311.52685546875
2020-08-21,339.4800109863281,312.6319580078125
2020-08-24,342.9200134277344,315.7999267578125
2020-08-25,344.1199951171875,316.90496826171875
2020-08-26,347.57000732421875,320.08209228515625
2020-08-27,348.3299865722656,320.78204345703125
2020-08-28,350.5799865722656,322.8540344238281
2020-08-31,349.30999755859375,321.6844787597656
2020-09-01,352.6000061035156,324.7143249511719
2020-09-02,357.70001220703125,329.4109802246094
2020-09-03,345.3900146484375,318.0745544433594
2020-09-04,342.57000732421875,315.4775390625
2020-09-08,333.2099914550781,306.8578186035156
2020-09-09,339.7900085449219,312.9174499511719
2020-09-10,333.8900146484375,307.4840393066406
2020-09-11,334.05999755859375,307.64056396484375
2020-09-14,338.4599914550781,311.69256591796875
2020-09-15,340.1700134277344,313.2673645019531
2020-09-16,338.82000732421875,312.024169921875
2020-09-17,335.8399963378906,309.27978515625
2020-09-18,330.6499938964844,305.7191467285156
2020-09-21,326.9700012207031,302.3166198730469
2020-09-22,330.29998779296875,305.3955993652344
2020-09-23,322.6400146484375,298.3131103515625
2020-09-24,323.5,299.1083068847656
2020-09-25,328.7300109863281,303.9439392089844
2020-09-28,334.19000244140625,308.9922180175781
2020-09-29,332.3699951171875,307.3094177246094
2020-09-30,334.8900146484375,309.6395263671875
2020-10-01,337.0400085449219,311.6273498535156
2020-10-02,333.8399963378906,308.66864013671875
2020-10-05,339.760009765625,314.1423034667969
2020-10-06,334.92999267578125,309.676513671875
2020-10-07,340.760009765625,315.0669250488281
2020-10-08,343.7799987792969,317.85919189453125
2020-10-09,346.8500061035156,320.6977233886719
2020-10-12,352.42999267578125,325.85699462890625
2020-10-13,350.1300048828125,323.7304382324219
2020-10-14,347.92999267578125,321.6961975097656
2020-10-15,347.5,321.29864501953125
2020-10-16,347.2900085449219,321.1045227050781
2020-10-19,342.010009765625,316.2226867675781
2020-10-20,343.3800048828125,317.4893493652344
2020-10-21,342.7300109863281,316.8883972167969
2020-10-22,344.6099853515625,318.6266174316406
2020-10-23,345.7799987792969,319.7083435058594
2020-10-26,339.3900146484375,313.80023193359375
2020-10-27,338.2200012207031,312.7184143066406
2020-10-28,326.6600036621094,302.0300598144531
2020-10-29,329.9800109863281,305.0996398925781
2020-10-30,326.5400085449219,301.91900634765625
2020-11-02,330.20001220703125,305.3031311035156
2020-11-03,336.0299987792969,310.69354248046875
2020-11-04,343.5400085449219,317.6373596191406
2020-11-05,350.239990234375,323.8320617675781
2020-11-06,350.1600036621094,323.7581481933594
2020-11-09,354.55999755859375,327.82635498046875
2020-11-10,354.0400085449219,327.3455810546875
2020-11-11,356.6700134277344,329.7773132324219
2020-11-12,353.2099914550781,326.57818603515625
2020-11-13,358.1000061035156,331.0994873046875
2020-11-16,362.57000732421875,335.232421875
2020-11-17,360.6199951171875,333.429443359375
2020-11-18,356.2799987792969,329.41656494140625
2020-11-19,357.7799987792969,330.8035583496094
2020-11-20,355.3299865722656,328.53826904296875
2020-11-23,357.4599914550781,330.5077209472656
2020-11-24,363.2200012207031,335.8335266113281
2020-11-25,362.6600036621094,335.3157043457031
2020-11-27,363.6700134277344,336.2495422363281
2020-11-30,362.05999755859375,334.7608337402344
2020-12-01,366.0199890136719,338.4222717285156
2020-12-02,366.7900085449219,339.1342468261719
2020-12-03,366.69000244140625,339.0417785644531
2020-12-04,369.8500061035156,341.96356201171875
2020-12-07,369.0899963378906,341.2607727050781
2020-12-08,370.1700134277344,342.2594909667969
2020-12-09,366.8500061035156,339.1896667480469
2020-12-10,366.7300109863281,339.0787658691406
2020-12-11,366.29998779296875,338.68109130859375
2020-12-14,364.6600036621094,337.164794921875
2020-12-15,369.5899963378906,341.7231140136719
2020-12-16,370.1700134277344,342.2594909667969
2020-12-17,372.239990234375,344.17333984375
2020-12-18,369.17999267578125,342.79901123046875
2020-12-21,367.8599853515625,341.5733642578125
2020-12-22,367.239990234375,340.9976806640625
2020-12-23,367.57000732421875,341.3040771484375
2020-12-24,369.0,342.63201904296875
2020-12-28,372.1700134277344,345.57550048828125
2020-12-29,371.4599914550781,344.9161682128906
2020-12-30,371.989990234375,345.4083251953125
2020-12-31,373.8800048828125,347.1631774902344
2021-01-04,368.7900085449219,342.4370422363281
2021-01-05,371.3299865722656,344.7953796386719
2021-01-06,373.54998779296875,346.8568115234375
2021-01-07,379.1000061035156,352.01019287109375
2021-01-08,381.260009765625,354.0158996582031
2021-01-11,378.69000244140625,351.6295166015625
2021-01-12,378.7699890136719,351.7037658691406
2021-01-13,379.7900085449219,352.6509094238281
2021-01-14,378.4599914550781,351.4158630371094
2021-01-15,375.70001220703125,348.8531494140625
2021-01-19,378.6499938964844,351.59234619140625
2021-01-20,383.8900146484375,356.4579162597656
2021-01-21,384.239990234375,356.7828369140625
2021-01-22,382.8800048828125,355.52008056640625
2021-01-25,384.3900146484375,356.9222106933594
2021-01-26,383.7900085449219,356.3650207519531
2021-01-27,374.4100036621094,347.65533447265625
2021-01-28,377.6300048828125,350.64520263671875
2021-01-29,370.07000732421875,343.6255187988281
2021-02-01,376.2300109863281,349.3452453613281
2021-02-02,381.54998779296875,354.28515625
2021-02-03,381.8500061035156,354.56365966796875
2021-02-04,386.19000244140625,358.59356689453125
2021-02-05,387.7099914550781,360.0048828125
2021-02-08,390.510009765625,362.60491943359375
2021-02-09,390.25,362.363525390625
2021-02-10,390.0799865722656,362.2055358886719
2021-02-11,390.7099914550781,362.7906188964844
2021-02-12,392.6400146484375,364.5827331542969
2021-02-16,392.29998779296875,364.2669372558594
2021-02-17,392.3900146484375,364.3504943847656
2021-02-18,390.7200012207031,362.7998352050781
2021-02-19,390.0299987792969,362.1592102050781
2021-02-22,387.0299987792969,359.37347412109375
2021-02-23,387.5,359.8099060058594
2021-02-24,391.7699890136719,363.77490234375
2021-02-25,382.3299865722656,355.0093688964844
2021-02-26,380.3599853515625,353.1801452636719
2021-03-01,389.5799865722656,361.7412109375
2021-03-02,386.5400085449219,358.9185485839844
2021-03-03,381.4200134277344,354.1643981933594
2021-03-04,376.70001220703125,349.78167724609375
2021-03-05,383.6300048828125,356.2164306640625
2021-03-08,381.7200012207031,354.4430236816406
2021-03-09,387.1700134277344,359.50347900390625
2021-03-10,389.5799865722656,361.7412109375
2021-03-11,393.5299987792969,365.4090270996094
2021-03-12,394.05999755859375,365.9011535644531
2021-03-15,396.4100036621094,368.0832824707031
2021-03-16,395.9100036621094,367.6189270019531
2021-03-17,397.260009765625,368.8725280761719
2021-03-18,391.4800109863281,363.5056457519531
2021-03-19,389.4800109863281,362.83294677734375
2021-03-22,392.5899963378906,365.73016357421875
2021-03-23,389.5,362.8516540527344
2021-03-24,387.5199890136719,361.0070495605469
2021-03-25,389.70001220703125,363.0379638671875
2021-03-26,395.9800109863281,368.88824462890625
2021-03-29,395.7799987792969,368.701904296875
2021-03-30,394.7300109863281,367.7237548828125
2021-03-31,396.3299865722656,369.2142028808594
2021-04-01,400.6099853515625,373.20135498046875
2021-04-05,406.3599853515625,378.55804443359375
2021-04-06,406.1199951171875,378.3345031738281
2021-04-07,406.5899963378906,378.7723083496094
2021-04-08,408.5199890136719,380.5702209472656
2021-04-09,411.489990234375,383.3371276855469
2021-04-12,411.6400146484375,383.47686767578125
2021-04-13,412.8599853515625,384.6133117675781
2021-04-14,411.45001220703125,383.2997741699219
2021-04-15,415.8699951171875,387.41748046875
2021-04-16,417.260009765625,388.71240234375
2021-04-19,415.2099914550781,386.8025817871094
2021-04-20,412.1700134277344,383.9705505371094
2021-04-21,416.07000732421875,387.60369873046875
2021-04-22,412.2699890136719,384.063720703125
2021-04-23,416.739990234375,388.2279357910156
2021-04-26,417.6099853515625,389.0383605957031
2021-04-27,417.5199890136719,388.9544982910156
2021-04-28,417.3999938964844,388.84271240234375
2021-04-29,420.05999755859375,391.32073974609375
2021-04-30,417.29998779296875,388.7495422363281
2021-05-03,418.20001220703125,389.5880432128906
2021-05-04,415.6199951171875,387.1846008300781
2021-05-05,415.75,387.3055725097656
2021-05-06,419.07000732421875,390.3985290527344
2021-05-07,422.1199951171875,393.2398376464844
2021-05-10,417.94000244140625,389.3458251953125
2021-05-11,414.2099914550781,385.87091064453125
2021-05-12,405.4100036621094,377.673095703125
2021-05-13,410.2799987792969,382.2098388671875
2021-05-14,416.5799865722656,388.0788269042969
2021-05-17,415.5199890136719,387.09136962890625
2021-05-18,411.94000244140625,383.7562561035156
2021-05-19,410.8599853515625,382.7501525878906
2021-05-20,415.2799987792969,386.8677978515625
2021-05-21,414.94000244140625,386.5511169433594
2021-05-24,419.1700134277344,390.49163818359375
2021-05-25,418.239990234375,389.6252746582031
2021-05-26,419.07000732421875,390.3985290527344
2021-05-27,419.2900085449219,390.6033935546875
2021-05-28,420.0400085449219,391.3021545410156
2021-06-01,419.6700134277344,390.9574890136719
2021-06-02,420.3299865722656,391.5722961425781
2021-06-03,418.7699890136719,390.1189880371094
2021-06-04,422.6000061035156,393.6869812011719
2021-06-07,422.19000244140625,393.3050231933594
2021-06-08,422.2799987792969,393.388916015625
2021-06-09,421.6499938964844,392.802001953125
2021-06-10,423.6099853515625,394.6278076171875
2021-06-11,424.30999755859375,395.2799987792969
2021-06-14,425.260009765625,396.1650085449219
2021-06-15,424.4800109863281,395.4383544921875
2021-06-16,422.1099853515625,393.23052978515625
2021-06-17,421.9700012207031,393.1000671386719
2021-06-18,414.9200134277344,387.7969970703125
2021-06-21,420.8599853515625,393.3486328125
2021-06-22,423.1099853515625,395.4515075683594
2021-06-23,422.6000061035156,394.9750061035156
2021-06-24,425.1000061035156,397.3114929199219
2021-06-25,426.6099853515625,398.72283935546875
2021-06-28,427.4700012207031,399.5265808105469
2021-06-29,427.70001220703125,399.7416076660156
2021-06-30,428.05999755859375,400.0780334472656
2021-07-01,430.42999267578125,402.2930908203125
2021-07-02,433.7200012207031,405.3680419921875
2021-07-06,432.92999267578125,404.629638671875
2021-07-07,434.4599914550781,406.0596618652344
2021-07-08,430.9200134277344,402.7510681152344
2021-07-09,435.5199890136719,407.05035400390625
2021-07-12,437.0799865722656,408.5083923339844
2021-07-13,435.5899963378906,407.1158142089844
2021-07-14,436.239990234375,407.7232360839844
2021-07-15,434.75,406.3307189941406
2021-07-16,431.3399963378906,403.14361572265625
2021-07-19,424.9700012207031,397.1900634765625
2021-07-20,431.05999755859375,402.8819274902344
2021-07-21,434.54998779296875,406.1437683105469
2021-07-22,435.4599914550781,406.9942932128906
2021-07-23,439.94000244140625,411.18145751953125
2021-07-26,441.0199890136719,412.19085693359375
2021-07-27,439.010009765625,410.312255859375
2021-07-28,438.8299865722656,410.1439514160156
2021-07-29,440.6499938964844,411.844970703125
2021-07-30,438.510009765625,409.84490966796875
2021-08-02,437.5899963378906,408.98504638671875
2021-08-03,441.1499938964844,412.3122863769531
2021-08-04,438.9800109863281,410.2841796875
2021-08-05,441.760009765625,412.88250732421875
2021-08-06,442.489990234375,413.5647277832031
2021-08-09,442.1300048828125,413.2283020019531
2021-08-10,442.67999267578125,413.7423095703125
2021-08-11,443.7799987792969,414.7704162597656
2021-08-12,445.1099853515625,416.0134582519531
2021-08-13,445.9200134277344,416.77056884765625
2021-08-16,446.9700012207031,417.751953125
2021-08-17,444.0400085449219,415.01336669921875
2021-08-18,439.17999267578125,410.47119140625
2021-08-19,439.8599853515625,411.1066589355469
2021-08-20,443.3599853515625,414.3778381347656
2021-08-23,447.260009765625,418.02294921875
2021-08-24,447.9700012207031,418.6865539550781
2021-08-25,448.9100036621094,419.5650939941406
2021-08-26,446.260009765625,417.0882873535156
2021-08-27,450.25,420.81756591796875
2021-08-30,452.2300109863281,422.6680603027344
2021-08-31,451.55999755859375,422.0418701171875
2021-09-01,451.79998779296875,422.2661437988281
2021-09-02,453.19000244140625,423.5652770996094
2021-09-03,453.0799865722656,423.46246337890625
2021-09-07,451.4599914550781,421.9483947753906
2021-09-08,450.9100036621094,421.4343566894531
2021-09-09,448.9800109863281,419.6305236816406
2021-09-10,445.44000244140625,416.3219299316406
2021-09-13,446.5799865722656,417.3874206542969
2021-09-14,444.1700134277344,415.13494873046875
2021-09-15,447.8800048828125,418.6024475097656
2021-09-16,447.1700134277344,417.9388427734375
2021-09-17,441.3999938964844,413.86767578125
2021-09-20,434.0400085449219,406.9668273925781
2021-09-21,433.6300048828125,406.5823059082031
2021-09-22,437.8599853515625,410.5484313964844
2021-09-23,443.17999267578125,415.5365905761719
2021-09-24,443.9100036621094,416.2211608886719
2021-09-27,442.6400146484375,415.0303649902344
2021-09-28,433.7200012207031,406.6667175292969
2021-09-29,434.45001220703125,407.3512268066406
2021-09-30,429.1400146484375,402.37237548828125
2021-10-01,434.239990234375,407.15423583984375
2021-10-04,428.6400146484375,401.90362548828125
2021-10-05,433.1000061035156,406.08538818359375
2021-10-06,434.8999938964844,407.7731018066406
2021-10-07,438.6600036621094,411.2985534667969
2021-10-08,437.8599853515625,410.5484313964844
2021-10-11,434.69000244140625,407.5762023925781
2021-10-12,433.6199951171875,406.57293701171875
2021-10-13,435.17999267578125,408.03558349609375
2021-10-14,442.5,414.8990173339844
2021-10-15,445.8699951171875,418.0588073730469
2021-10-18,447.19000244140625,419.2966003417969
2021-10-19,450.6400146484375,422.53125
2021-10-20,452.4100036621094,424.1909484863281
2021-10-21,453.5899963378906,425.29730224609375
2021-10-22,453.1199951171875,424.8565979003906
2021-10-25,455.54998779296875,427.1350402832031
2021-10-26,455.9599914550781,427.5194396972656
2021-10-27,453.94000244140625,425.6255187988281
2021-10-28,458.32000732421875,429.73223876953125
2021-10-29,459.25,430.6043395996094
2021-11-01,460.0400085449219,431.34503173828125
2021-11-02,461.8999938964844,433.0889587402344
2021-11-03,464.7200012207031,435.733154296875
2021-11-04,466.9100036621094,437.7864990234375
2021-11-05,468.5299987792969,439.3054504394531
2021-11-08,468.92999267578125,439.68048095703125
2021-11-09,467.3800048828125,438.22723388671875
2021-11-10,463.6199951171875,434.70172119140625
2021-11-11,463.7699890136719,434.8424072265625
2021-11-12,467.2699890136719,438.12396240234375
2021-11-15,467.42999267578125,438.2740478515625
2021-11-16,469.2799987792969,440.0086364746094
2021-11-17,468.1400146484375,438.9397277832031
2021-11-18,469.7300109863281,440.4306335449219
2021-11-19,468.8900146484375,439.64300537109375
2021-11-22,467.57000732421875,438.40533447265625
2021-11-23,468.19000244140625,438.9866638183594
2021-11-24,469.44000244140625,440.1586608886719
2021-11-26,458.9700012207031,430.3417053222656
2021-11-29,464.6000061035156,435.6205749511719
2021-11-30,455.55999755859375,427.14434814453125
2021-12-01,450.5,422.4001159667969
2021-12-02,457.3999938964844,428.86968994140625
2021-12-03,453.4200134277344,425.1379089355469
2021-12-06,458.7900085449219,430.1729431152344
2021-12-07,468.2799987792969,439.0710144042969
2021-12-08,469.5199890136719,440.233642578125
2021-12-09,466.3500061035156,437.2613830566406
2021-12-10,470.739990234375,441.3775329589844
2021-12-13,466.57000732421875,437.4676513671875
2021-12-14,463.3599853515625,434.4578857421875
2021-12-15,470.6000061035156,441.246337890625
2021-12-16,466.45001220703125,437.3551330566406
2021-12-17,459.8699951171875,432.700439453125
2021-12-20,454.9800109863281,428.09942626953125
2021-12-21,463.05999755859375,435.7020263671875
2021-12-22,467.69000244140625,440.0584411621094
2021-12-23,470.6000061035156,442.7965393066406
2021-12-27,477.260009765625,449.06304931640625
2021-12-28,476.8699951171875,448.69610595703125
2021-12-29,477.4800109863281,449.27001953125
2021-12-30,476.1600036621094,448.02801513671875
2021-12-31,474.9599914550781,446.8989562988281
2022-01-03,477.7099914550781,449.4864196777344
2022-01-04,477.54998779296875,449.3359375
2022-01-05,468.3800048828125,440.7076721191406
2022-01-06,467.94000244140625,440.29364013671875
2022-01-07,466.0899963378906,438.5530090332031
2022-01-10,465.510009765625,438.0072326660156
2022-01-11,469.75,441.99676513671875
2022-01-12,471.0199890136719,443.19171142578125
2022-01-13,464.5299987792969,437.0851135253906
2022-01-14,464.7200012207031,437.26397705078125
2022-01-18,456.489990234375,429.5201416015625
2022-01-19,451.75,425.06024169921875
2022-01-20,446.75,420.3556213378906
2022-01-21,437.9800109863281,412.1037292480469
2022-01-24,439.8399963378906,413.85382080078125
2022-01-25,434.4700012207031,408.8011169433594
2022-01-26,433.3800048828125,407.7755432128906
2022-01-27,431.239990234375,405.76190185546875
2022-01-28,441.95001220703125,415.8392639160156
2022-01-31,449.9100036621094,423.32891845703125
2022-02-01,452.95001220703125,426.1893310546875
2022-02-02,457.3500061035156,430.329345703125
2022-02-03,446.6000061035156,420.21441650390625
2022-02-04,448.70001220703125,422.1903381347656
2022-02-07,447.260009765625,420.83544921875
2022-02-08,450.94000244140625,424.2981262207031
2022-02-09,457.5400085449219,430.50811767578125
2022-02-10,449.32000732421875,422.7737731933594
2022-02-11,440.4599914550781,414.4372253417969
2022-02-14,439.0199890136719,413.082275390625
2022-02-15,446.1000061035156,419.7439270019531
2022-02-16,446.6000061035156,420.21441650390625
2022-02-17,437.05999755859375,411.23809814453125
2022-02-18,434.2300109863281,408.5753479003906
2022-02-22,429.57000732421875,404.19061279296875
2022-02-23,421.95001220703125,397.0208740234375
2022-02-24,428.29998779296875,402.99566650390625
2022-02-25,437.75,411.8873291015625
2022-02-28,436.6300048828125,410.83355712890625
2022-03-01,429.9800109863281,404.5763854980469
2022-03-02,437.8900146484375,412.01910400390625
2022-03-03,435.7099914550781,409.96783447265625
2022-03-04,432.1700134277344,406.6369934082031
2022-03-07,419.42999267578125,394.64971923828125
2022-03-08,416.25,391.6576232910156
2022-03-09,427.4100036621094,402.1582946777344
2022-03-10,425.4800109863281,400.34222412109375
2022-03-11,420.07000732421875,395.2518615722656
2022-03-14,417.0,392.3632507324219
2022-03-15,426.1700134277344,400.991455078125
2022-03-16,435.6199951171875,409.8832092285156
2022-03-17,441.07000732421875,415.01123046875
2022-03-18,444.5199890136719,419.55670166015625
2022-03-21,444.3900146484375,419.4340515136719
2022-03-22,449.5899963378906,424.34197998046875
2022-03-23,443.79998779296875,418.877197265625
2022-03-24,450.489990234375,425.1914978027344
2022-03-25,452.69000244140625,427.26788330078125
2022-03-28,455.9100036621094,430.3070983886719
2022-03-29,461.54998779296875,435.6303405761719
2022-03-30,458.70001220703125,432.9404602050781
2022-03-31,451.6400146484375,426.27685546875
2022-04-01,452.9200134277344,427.48504638671875
2022-04-04,456.79998779296875,431.1470947265625
2022-04-05,451.0299987792969,425.7011413574219
2022-04-06,446.5199890136719,421.44439697265625
2022-04-07,448.7699890136719,423.56805419921875
2022-04-08,447.57000732421875,422.43548583984375
2022-04-11,439.9200134277344,415.21502685546875
2022-04-12,438.2900085449219,413.6766052246094
2022-04-13,443.30999755859375,418.4147033691406
2022-04-14,437.7900085449219,413.20465087890625
2022-04-18,437.9700012207031,413.3746032714844
2022-04-19,445.0400085449219,420.0474853515625
2022-04-20,444.7099914550781,419.73602294921875
2022-04-21,438.05999755859375,413.45953369140625
2022-04-22,426.0400085449219,402.114501953125
2022-04-25,428.510009765625,404.4458312988281
2022-04-26,416.1000061035156,392.73272705078125
2022-04-27,417.2699890136719,393.8370666503906
2022-04-28,427.80999755859375,403.7851257324219
2022-04-29,412.0,388.86297607421875
2022-05-02,414.4800109863281,391.2036437988281
2022-05-03,416.3800048828125,392.9970397949219
2022-05-04,429.05999755859375,404.9649353027344
2022-05-05,413.80999755859375,390.57135009765625
2022-05-06,411.3399963378906,388.2400207519531
2022-05-09,398.1700134277344,375.8096618652344
2022-05-10,399.0899963378906,376.67803955078125
2022-05-11,392.75,370.6940002441406
2022-05-12,392.3399963378906,370.30706787109375
2022-05-13,401.7200012207031,379.1602478027344
2022-05-16,400.0899963378906,377.6217956542969
2022-05-17,408.32000732421875,385.3896179199219
2022-05-18,391.8599853515625,369.8539733886719
2022-05-19,389.4599914550781,367.5887756347656
2022-05-20,389.6300048828125,367.7492370605469
2022-05-23,396.9200134277344,374.6297912597656
2022-05-24,393.8900146484375,371.77001953125
2022-05-25,397.3699951171875,375.0545654296875
2022-05-26,405.30999755859375,382.5487365722656
2022-05-27,415.260009765625,391.9398498535156
2022-05-31,412.92999267578125,389.7407531738281
2022-06-01,409.5899963378906,386.5883483886719
2022-06-02,417.3900146484375,393.9502258300781
2022-06-03,410.5400085449219,387.48504638671875
2022-06-06,411.7900085449219,388.6647644042969
2022-06-07,415.739990234375,392.3929443359375
2022-06-08,411.2200012207031,388.126708984375
2022-06-09,401.44000244140625,378.89599609375
2022-06-10,389.79998779296875,367.90960693359375
2022-06-13,375.0,353.9407958984375
2022-06-14,373.8699951171875,352.874267578125
2022-06-15,379.20001220703125,357.9049987792969
2022-06-16,366.6499938964844,346.0597229003906
2022-06-17,365.8599853515625,346.8056945800781
2022-06-21,375.07000732421875,355.53607177734375
2022-06-22,374.3900146484375,354.89154052734375
2022-06-23,378.05999755859375,358.370361328125
2022-06-24,390.0799865722656,369.76434326171875
2022-06-27,388.5899963378906,368.3519287109375
2022-06-28,380.6499938964844,360.8254699707031
2022-06-29,380.3399963378906,360.5316162109375
2022-06-30,377.25,357.6025390625
2022-07-01,381.239990234375,361.3846740722656
2022-07-05,381.9599914550781,362.0672912597656
2022-07-06,383.25,363.2900695800781
2022-07-07,388.989990234375,368.7311096191406
2022-07-08,388.6700134277344,368.4278259277344
2022-07-11,384.2300109863281,364.2190246582031
2022-07-12,380.8299865722656,360.9960632324219
2022-07-13,378.8299865722656,359.1002197265625
2022-07-14,377.9100036621094,358.2281799316406
2022-07-15,385.1300048828125,365.07208251953125
2022-07-18,381.95001220703125,362.0577697753906
2022-07-19,392.2699890136719,371.8403015136719
2022-07-20,394.7699890136719,374.2100830078125
2022-07-21,398.7900085449219,378.0207824707031
2022-07-22,395.0899963378906,374.51348876953125
2022-07-25,395.57000732421875,374.9684143066406
2022-07-26,390.8900146484375,370.53216552734375
2022-07-27,401.0400085449219,380.1535339355469
2022-07-28,406.07000732421875,384.921630859375
2022-07-29,411.989990234375,390.533203125
2022-08-01,410.7699890136719,389.3768310546875
2022-08-02,408.05999755859375,386.80792236328125
2022-08-03,414.45001220703125,392.86517333984375
2022-08-04,414.1700134277344,392.59979248046875
2022-08-05,413.4700012207031,391.9362487792969
2022-08-08,412.989990234375,391.48114013671875
2022-08-09,411.3500061035156,389.9266052246094
2022-08-10,419.989990234375,398.1166076660156
2022-08-11,419.989990234375,398.1166076660156
2022-08-12,427.1000061035156,404.8563537597656
2022-08-15,428.8599853515625,406.5246276855469
2022-08-16,429.70001220703125,407.3209228515625
2022-08-17,426.6499938964844,404.42974853515625
2022-08-18,427.8900146484375,405.605224609375
2022-08-19,422.1400146484375,400.1546936035156
2022-08-22,413.3500061035156,391.8224182128906
2022-08-23,412.3500061035156,390.8745422363281
2022-08-24,413.6700134277344,392.12579345703125
2022-08-25,419.510009765625,397.66156005859375
2022-08-26,405.30999755859375,384.2011413574219
2022-08-29,402.6300048828125,381.6607360839844
2022-08-30,398.2099914550781,377.470947265625
2022-08-31,395.17999267578125,374.5987243652344
2022-09-01,396.4200134277344,375.7742004394531
2022-09-02,392.239990234375,371.8118896484375
2022-09-06,390.760009765625,370.408935546875
2022-09-07,397.7799987792969,377.0633544921875
2022-09-08,400.3800048828125,379.5279541015625
2022-09-09,406.6000061035156,385.42401123046875
2022-09-12,410.9700012207031,389.56640625
2022-09-13,393.1000061035156,372.62701416015625
2022-09-14,394.6000061035156,374.04901123046875
2022-09-15,390.1199951171875,369.8022766113281
2022-09-16,385.55999755859375,366.98101806640625
2022-09-19,388.54998779296875,369.82696533203125
2022-09-20,384.0899963378906,365.5819396972656
2022-09-21,377.3900146484375,359.2048034667969
2022-09-22,374.2200012207031,356.1875
2022-09-23,367.95001220703125,350.2196960449219
2022-09-26,364.30999755859375,346.7550354003906
2022-09-27,363.3800048828125,345.8699035644531
2022-09-28,370.5299987792969,352.6753234863281
2022-09-29,362.7900085449219,345.308349609375
2022-09-30,357.17999267578125,339.9686279296875
2022-10-03,366.6099853515625,348.9442138671875
2022-10-04,377.9700012207031,359.7568664550781
2022-10-05,377.0899963378906,358.919189453125
2022-10-06,373.20001220703125,355.2167053222656
2022-10-07,362.7900085449219,345.308349609375
2022-10-10,360.0199890136719,342.6717834472656
2022-10-11,357.739990234375,340.50164794921875
2022-10-12,356.55999755859375,339.3785095214844
2022-10-13,365.9700012207031,348.3350830078125
2022-10-14,357.6300048828125,340.3969421386719
2022-10-17,366.82000732421875,349.14410400390625
2022-10-18,371.1300048828125,353.2464294433594
2022-10-19,368.5,350.7431335449219
2022-10-20,365.4100036621094,347.8020935058594
2022-10-21,374.2900085449219,356.254150390625
2022-10-24,378.8699951171875,360.61346435546875
2022-10-25,384.9200134277344,366.3719482421875
2022-10-26,382.0199890136719,363.6116943359375
2022-10-27,379.9800109863281,361.6700134277344
2022-10-28,389.0199890136719,370.2743835449219
2022-10-31,386.2099914550781,367.5997314453125
2022-11-01,384.5199890136719,365.9912109375
2022-11-02,374.8699951171875,356.80621337890625
2022-11-03,371.010009765625,353.1322326660156
2022-11-04,376.3500061035156,358.2148742675781
2022-11-07,379.95001220703125,361.6414489746094
2022-11-08,382.0,363.59259033203125
2022-11-09,374.1300048828125,356.101806640625
2022-11-10,394.69000244140625,375.671142578125
2022-11-11,398.510009765625,379.3070983886719
2022-11-14,395.1199951171875,376.0804138183594
2022-11-15,398.489990234375,379.2879943847656
2022-11-16,395.45001220703125,376.39453125
2022-11-17,394.239990234375,375.24285888671875
2022-11-18,396.0299987792969,376.9466552734375
2022-11-21,394.5899963378906,375.5759582519531
2022-11-22,399.8999938964844,380.6300964355469
2022-11-23,402.4200134277344,383.02862548828125
2022-11-25,402.3299865722656,382.9429931640625
2022-11-28,395.9100036621094,376.8323669433594
2022-11-29,395.2300109863281,376.1851501464844
2022-11-30,407.67999267578125,388.03515625
2022-12-01,407.3800048828125,387.7496643066406
2022-12-02,406.9100036621094,387.3023376464844
2022-12-05,399.5899963378906,380.3350830078125
2022-12-06,393.8299865722656,374.8525390625
2022-12-07,393.1600036621094,374.21490478515625
2022-12-08,396.239990234375,377.1463928222656
2022-12-09,393.2799987792969,374.3290710449219
2022-12-12,398.95001220703125,379.7259216308594
2022-12-13,401.9700012207031,382.600341796875
2022-12-14,399.3999938964844,380.1542053222656
2022-12-15,389.6300048828125,370.85498046875
2022-12-16,383.2699890136719,366.47662353515625
2022-12-19,380.0199890136719,363.3690185546875
2022-12-20,380.5400085449219,363.8662414550781
2022-12-21,386.2300109863281,369.3069152832031
2022-12-22,380.7200012207031,364.038330078125
2022-12-23,382.9100036621094,366.13238525390625
2022-12-27,381.3999938964844,364.6885986328125
2022-12-28,376.6600036621094,360.15625
2022-12-29,383.44000244140625,366.6391906738281
2022-12-30,382.42999267578125,365.6733703613281
2023-01-03,380.82000732421875,364.13397216796875
2023-01-04,383.760009765625,366.9451904296875
2023-01-05,379.3800048828125,362.75701904296875
2023-01-06,388.0799865722656,371.0758972167969
2023-01-09,387.8599853515625,370.8655090332031
2023-01-10,390.5799865722656,373.4662780761719
2023-01-11,395.5199890136719,378.1898193359375
2023-01-12,396.9599914550781,379.5667724609375
2023-01-13,398.5,381.03924560546875
2023-01-17,397.7699890136719,380.34124755859375
2023-01-18,391.489990234375,374.33642578125
2023-01-19,388.6400146484375,371.611328125
2023-01-20,395.8800048828125,378.5340576171875
2023-01-23,400.6300048828125,383.0759582519531
2023-01-24,400.20001220703125,382.6648254394531
2023-01-25,400.3500061035156,382.8082275390625
2023-01-26,404.75,387.0154113769531
2023-01-27,405.67999267578125,387.9046630859375
2023-01-30,400.5899963378906,383.03765869140625
2023-01-31,406.4800109863281,388.6695861816406
2023-02-01,410.79998779296875,392.8003234863281
2023-02-02,416.7799987792969,398.518310546875
2023-02-03,412.3500061035156,394.282470703125
2023-02-06,409.8299865722656,391.87286376953125
2023-02-07,415.19000244140625,396.9979553222656
2023-02-08,410.6499938964844,392.656982421875
2023-02-09,407.0899963378906,389.2529296875
2023-02-10,408.0400085449219,390.1612548828125
2023-02-13,412.8299865722656,394.7413635253906
2023-02-14,412.6400146484375,394.5597229003906
2023-02-15,413.9800109863281,395.8410339355469
2023-02-16,408.2799987792969,390.3907470703125
2023-02-17,407.260009765625,389.4154968261719
2023-02-21,399.0899963378906,381.6034851074219
2023-02-22,398.5400085449219,381.07757568359375
2023-02-23,400.6600036621094,383.1046447753906
2023-02-24,396.3800048828125,379.0121765136719
2023-02-27,397.7300109863281,380.3030090332031
2023-02-28,396.260009765625,378.8974304199219
2023-03-01,394.739990234375,377.4440612792969
2023-03-02,397.80999755859375,380.3795166015625
2023-03-03,404.19000244140625,386.47998046875
2023-03-06,404.4700012207031,386.74774169921875
2023-03-07,398.2699890136719,380.8193664550781
2023-03-08,398.9200134277344,381.44091796875
2023-03-09,391.55999755859375,374.40338134765625
2023-03-10,385.9100036621094,369.0009460449219
2023-03-13,385.3599853515625,368.47503662109375
2023-03-14,391.7300109863281,374.5658874511719
2023-03-15,389.2799987792969,372.22320556640625
2023-03-16,396.1099853515625,378.7539978027344
2023-03-17,389.989990234375,374.3253479003906
2023-03-20,393.739990234375,377.9246520996094
2023-03-21,398.9100036621094,382.8870544433594
2023-03-22,392.1099853515625,376.36016845703125
2023-03-23,393.1700134277344,377.3775939941406
2023-03-24,395.75,379.8540344238281
2023-03-27,396.489990234375,380.5642395019531
2023-03-28,395.6000061035156,379.7099914550781
2023-03-29,401.3500061035156,385.2290344238281
2023-03-30,403.70001220703125,387.48468017578125
2023-03-31,409.3900146484375,392.9461364746094
2023-04-03,410.95001220703125,394.44342041015625
2023-04-04,408.6700134277344,392.2550354003906
2023-04-05,407.6000061035156,391.2280578613281
2023-04-06,409.19000244140625,392.754150390625
2023-04-10,409.6099853515625,393.1572265625
2023-04-11,409.7200012207031,393.2628479003906
2023-04-12,408.04998779296875,391.65997314453125
2023-04-13,413.4700012207031,396.8623046875
2023-04-14,412.4599914550781,395.8928527832031
2023-04-17,413.94000244140625,397.3133850097656
2023-04-18,414.2099914550781,397.5724792480469
2023-04-19,414.1400146484375,397.5052795410156
2023-04-20,411.8800048828125,395.3360900878906
2023-04-21,412.20001220703125,395.6432800292969
2023-04-24,412.6300048828125,396.0559997558594
2023-04-25,406.0799865722656,389.76904296875
2023-04-26,404.3599853515625,388.1181335449219
2023-04-27,412.4100036621094,395.8448181152344
2023-04-28,415.92999267578125,399.22344970703125
2023-05-01,415.510009765625,398.8202819824219
2023-05-02,410.8399963378906,394.337890625
2023-05-03,408.0199890136719,391.631103515625
2023-05-04,405.1300048828125,388.85723876953125
2023-05-05,412.6300048828125,396.0559997558594
2023-05-08,412.739990234375,396.16156005859375
2023-05-09,410.92999267578125,394.42425537109375
2023-05-10,412.8500061035156,396.2671203613281
2023-05-11,412.1300048828125,395.5760803222656
2023-05-12,411.5899963378906,395.0577392578125
2023-05-15,413.010009765625,396.4207458496094
2023-05-16,410.25,393.7716064453125
2023-05-17,415.2300109863281,398.5515441894531
2023-05-18,419.2300109863281,402.3908996582031
2023-05-19,418.6199951171875,401.80535888671875
2023-05-22,418.7900085449219,401.9685974121094
2023-05-23,414.0899963378906,397.4573974609375
2023-05-24,411.0899963378906,394.5777893066406
2023-05-25,414.6499938964844,397.9948425292969
2023-05-26,420.0199890136719,403.14910888671875
2023-05-30,420.17999267578125,403.302734375
2023-05-31,417.8500061035156,401.0663146972656
2023-06-01,421.82000732421875,404.8768310546875
2023-06-02,427.9200134277344,410.7318115234375
2023-06-05,427.1000061035156,409.94476318359375
2023-06-06,428.0299987792969,410.8374328613281
2023-06-07,426.54998779296875,409.4167785644531
2023-06-08,429.1300048828125,411.893310546875
2023-06-09,429.8999938964844,412.63226318359375
2023-06-12,433.79998779296875,416.3756103515625
2023-06-13,436.6600036621094,419.12078857421875
2023-06-14,437.17999267578125,419.61981201171875
2023-06-15,442.6000061035156,424.8221740722656
2023-06-16,439.4599914550781,423.3751525878906
2023-06-20,437.17999267578125,421.1785583496094
2023-06-21,434.94000244140625,419.0206298828125
2023-06-22,436.510009765625,420.5331726074219
2023-06-23,433.2099914550781,417.3539123535156
2023-06-26,431.44000244140625,415.64862060546875
2023-06-27,436.1700134277344,420.2055358886719
2023-06-28,436.3900146484375,420.4175109863281
2023-06-29,438.1099853515625,422.0745544433594
2023-06-30,443.2799987792969,427.0553283691406
2023-07-03,443.7900085449219,427.54669189453125
2023-07-05,443.1300048828125,426.9108581542969
2023-07-06,439.6600036621094,423.56787109375
2023-07-07,438.54998779296875,422.4984130859375
2023-07-10,439.6600036621094,423.56787109375
2023-07-11,442.4599914550781,426.26531982421875
2023-07-12,446.0199890136719,429.6950378417969
2023-07-13,449.55999755859375,433.10546875
2023-07-14,449.2799987792969,432.83575439453125
2023-07-17,450.8399963378906,434.33856201171875
2023-07-18,454.19000244140625,437.5660400390625
2023-07-19,455.20001220703125,438.5390319824219
2023-07-20,452.17999267578125,435.62957763671875
2023-07-21,452.17999267578125,435.62957763671875
2023-07-24,454.20001220703125,437.5756530761719
2023-07-25,455.44000244140625,438.7702331542969
2023-07-26,455.510009765625,438.8376770019531
2023-07-27,452.489990234375,435.92822265625
2023-07-28,456.9200134277344,440.19610595703125
2023-07-31,457.7900085449219,441.03424072265625
2023-08-01,456.4800109863281,439.7721862792969
2023-08-02,450.1300048828125,433.65460205078125
2023-08-03,448.8399963378906,432.4118347167969
2023-08-04,446.80999755859375,430.45611572265625
2023-08-07,450.7099914550781,434.2133483886719
2023-08-08,448.75,432.3251647949219
2023-08-09,445.75,429.4349365234375
2023-08-10,445.9100036621094,429.5890808105469
2023-08-11,445.6499938964844,429.3385314941406
2023-08-14,448.1099853515625,431.7085266113281
2023-08-15,442.8900146484375,426.6795959472656
2023-08-16,439.6400146484375,423.548583984375
2023-08-17,436.2900085449219,420.3211669921875
2023-08-18,436.5,420.5235290527344
2023-08-21,439.3399963378906,423.2594909667969
2023-08-22,438.1499938964844,422.1130676269531
2023-08-23,443.0299987792969,426.8144836425781
2023-08-24,436.8900146484375,420.8992614746094
2023-08-25,439.9700012207031,423.8664855957031
2023-08-28,442.760009765625,426.5544128417969
2023-08-29,449.1600036621094,432.7201232910156
2023-08-30,451.010009765625,434.5024108886719
2023-08-31,450.3500061035156,433.8665466308594
2023-09-01,451.19000244140625,434.6758117675781
2023-09-05,449.239990234375,432.7971496582031
2023-09-06,446.2200012207031,429.88775634765625
2023-09-07,444.8500061035156,428.56787109375
2023-09-08,445.5199890136719,429.21331787109375
2023-09-11,448.45001220703125,432.0361022949219
2023-09-12,445.989990234375,429.6661376953125
2023-09-13,446.510009765625,430.1670837402344
2023-09-14,450.3599853515625,433.87615966796875
2023-09-15,443.3699951171875,428.648681640625
2023-09-18,443.6300048828125,428.90008544921875
2023-09-19,442.7099914550781,428.0106506347656
2023-09-20,438.6400146484375,424.0757751464844
2023-09-21,431.3900146484375,417.0665588378906
2023-09-22,430.4200134277344,416.1286926269531
2023-09-25,432.2300109863281,417.87860107421875
2023-09-26,425.8800048828125,411.7394104003906
2023-09-27,426.04998779296875,411.90374755859375
2023-09-28,428.5199890136719,414.291748046875
2023-09-29,427.4800109863281,413.2863464355469
2023-10-02,427.30999755859375,413.1219482421875
2023-10-03,421.5899963378906,407.5918884277344
2023-10-04,424.6600036621094,410.5599060058594
2023-10-05,424.5,410.4053039550781
2023-10-06,429.5400085449219,415.2779235839844
2023-10-09,432.2900085449219,417.93658447265625
2023-10-10,434.5400085449219,420.1119079589844
2023-10-11,436.32000732421875,421.832763671875
2023-10-12,433.6600036621094,419.2611389160156
2023-10-13,431.5,417.1728515625
2023-10-16,436.0400085449219,421.56207275390625
2023-10-17,436.0199890136719,421.542724609375
2023-10-18,430.2099914550781,415.9256591796875
2023-10-19,426.42999267578125,412.27117919921875
2023-10-20,421.19000244140625,407.2051696777344
2023-10-23,420.4599914550781,406.4993896484375
2023-10-24,423.6300048828125,409.56414794921875
2023-10-25,417.54998779296875,403.6860046386719
2023-10-26,412.54998779296875,398.8519592285156
2023-10-27,410.67999267578125,397.0440979003906
2023-10-30,415.5899963378906,401.79107666015625
2023-10-31,418.20001220703125,404.3144836425781
2023-11-01,422.6600036621094,408.6263122558594
2023-11-02,430.760009765625,416.4574279785156
2023-11-03,434.69000244140625,420.2569580078125
2023-11-06,435.69000244140625,421.2237548828125
2023-11-07,436.92999267578125,422.42254638671875
2023-11-08,437.25,422.73193359375
2023-11-09,433.8399963378906,419.4351501464844
2023-11-10,440.6099853515625,425.9803466796875
2023-11-13,440.19000244140625,425.57427978515625
2023-11-14,448.7300109863281,433.8307800292969
2023-11-15,449.67999267578125,434.74920654296875
2023-11-16,450.2300109863281,435.2808837890625
2023-11-17,450.7900085449219,435.82232666015625
2023-11-20,454.260009765625,439.1771240234375
2023-11-21,453.2699890136719,438.2200012207031
2023-11-22,455.0199890136719,439.911865234375
2023-11-24,455.29998779296875,440.18255615234375
2023-11-27,454.4800109863281,439.38983154296875
2023-11-28,454.92999267578125,439.8248291015625
2023-11-29,454.6099853515625,439.5154724121094
2023-11-30,456.3999938964844,441.24609375
2023-12-01,459.1000061035156,443.8564453125
2023-12-04,456.69000244140625,441.5264587402344
2023-12-05,456.6000061035156,441.43939208984375
2023-12-06,454.760009765625,439.66058349609375
2023-12-07,458.2300109863281,443.0152893066406
2023-12-08,460.20001220703125,444.9198913574219
2023-12-11,461.989990234375,446.6504821777344
2023-12-12,464.1000061035156,448.6903991699219
2023-12-13,470.5,454.8778381347656
2023-12-14,472.010009765625,456.33782958984375
2023-12-15,469.3299865722656,455.58642578125
2023-12-18,471.9700012207031,458.149169921875
2023-12-19,474.8399963378906,460.93505859375
2023-12-20,468.260009765625,454.54779052734375
2023-12-21,472.70001220703125,458.8577575683594
2023-12-22,473.6499938964844,459.7799072265625
2023-12-26,475.6499938964844,461.7213134765625
2023-12-27,476.510009765625,462.5561218261719
2023-12-28,476.69000244140625,462.73095703125
2023-12-29,475.30999755859375,461.3913269042969
2024-01-02,472.6499938964844,458.8092041015625
2024-01-03,468.7900085449219,455.0622253417969
2024-01-04,467.2799987792969,453.59649658203125
2024-01-05,467.9200134277344,454.2177429199219
2024-01-08,474.6000061035156,460.70208740234375
2024-01-09,473.8800048828125,460.0032043457031
2024-01-10,476.55999755859375,462.6047058105469
2024-01-11,476.3500061035156,462.40081787109375
2024-01-12,476.67999267578125,462.72125244140625
2024-01-16,474.92999267578125,461.0224609375
2024-01-17,472.2900085449219,458.45977783203125
2024-01-18,476.489990234375,462.5367126464844
2024-01-19,482.42999267578125,468.30279541015625
2024-01-22,483.45001220703125,469.29296875
2024-01-23,484.8599853515625,470.6616516113281
2024-01-24,485.3900146484375,471.1761474609375
2024-01-25,488.0299987792969,473.73883056640625
2024-01-26,487.4100036621094,473.13702392578125
2024-01-29,491.2699890136719,476.8839416503906
2024-01-30,490.8900146484375,476.51507568359375
2024-01-31,482.8800048828125,468.7396545410156
2024-02-01,489.20001220703125,474.8746337890625
2024-02-02,494.3500061035156,479.87371826171875
2024-02-05,492.54998779296875,478.1264953613281
2024-02-06,493.9800109863281,479.5146179199219
2024-02-07,498.1000061035156,483.5140380859375
2024-02-08,498.32000732421875,483.7275390625
2024-02-09,501.20001220703125,486.5231628417969
2024-02-12,500.9800109863281,486.30963134765625
2024-02-13,494.0799865722656,479.6116638183594
2024-02-14,498.57000732421875,483.97021484375
2024-02-15,502.010009765625,487.3094482421875
2024-02-16,499.510009765625,484.8826599121094
2024-02-20,496.760009765625,482.2131652832031
2024-02-21,497.2099914550781,482.64996337890625
2024-02-22,507.5,492.6387023925781
2024-02-23,507.8500061035156,492.9783935546875
2024-02-26,505.989990234375,491.1728515625
2024-02-27,506.92999267578125,492.0853576660156
2024-02-28,506.260009765625,491.4350280761719
2024-02-29,508.0799865722656,493.2016906738281
2024-03-01,512.8499755859375,497.83197021484375
2024-03-04,512.2999877929688,497.298095703125
2024-03-05,507.17999267578125,492.3280334472656
2024-03-06,509.75,494.8227844238281
2024-03-07,514.8099975585938,499.734619140625
2024-03-08,511.7200012207031,496.7351379394531
2024-03-11,511.2799987792969,496.3079528808594
2024-03-12,516.780029296875,501.6469421386719
2024-03-13,515.969970703125,500.86065673828125
2024-03-14,514.9500122070312,499.87060546875
2024-03-15,509.8299865722656,496.4381408691406
2024-03-18,512.8599853515625,499.38848876953125
2024-03-19,515.7100219726562,502.16375732421875
2024-03-20,520.47998046875,506.8083801269531
2024-03-21,522.2000122070312,508.4831237792969
2024-03-22,521.2100219726562,507.51922607421875
2024-03-25,519.77001953125,506.1170654296875
2024-03-26,518.8099975585938,505.18218994140625
2024-03-27,523.1699829101562,509.4277648925781
2024-03-28,523.0700073242188,509.3303527832031
2024-04-01,522.1599731445312,508.4441833496094
2024-04-02,518.8400268554688,505.2114562988281
2024-04-03,519.4099731445312,505.7664489746094
2024-04-04,513.0700073242188,499.5929870605469
2024-04-05,518.4299926757812,504.81219482421875
2024-04-08,518.719970703125,505.0945739746094
2024-04-09,519.3200073242188,505.6788635253906
2024-04-10,514.1199951171875,500.61541748046875
2024-04-11,518.0,504.3935546875
2024-04-12,510.8500061035156,497.4313049316406
2024-04-15,504.45001220703125,491.1994934082031
2024-04-16,503.5299987792969,490.3036193847656
2024-04-17,500.54998779296875,487.40185546875
2024-04-18,499.5199890136719,486.3989562988281
2024-04-19,495.1600036621094,482.1534423828125
2024-04-22,499.7200012207031,486.59368896484375
2024-04-23,505.6499938964844,492.367919921875
2024-04-24,505.4100036621094,492.13421630859375
2024-04-25,503.489990234375,490.2646789550781
2024-04-26,508.260009765625,494.90936279296875
2024-04-29,510.05999755859375,496.66204833984375
2024-04-30,501.9800109863281,488.7943420410156
2024-05-01,500.3500061035156,487.2071533203125
2024-05-02,505.0299987792969,491.7641906738281
2024-05-03,511.2900085449219,497.8597717285156
2024-05-06,516.5700073242188,503.0011291503906
2024-05-07,517.1400146484375,503.5561218261719
2024-05-08,517.1900024414062,503.6048278808594
2024-05-09,520.1699829101562,506.5065612792969
2024-05-10,520.8400268554688,507.15887451171875
2024-05-13,520.9099731445312,507.2270202636719
2024-05-14,523.2999877929688,509.5542907714844
2024-05-15,529.780029296875,515.8641357421875
2024-05-16,528.6900024414062,514.8026733398438
2024-05-17,529.4500122070312,515.5427856445312
2024-05-20,530.0599975585938,516.13671875
2024-05-21,531.3599853515625,517.402587890625
2024-05-22,529.8300170898438,515.9127807617188
2024-05-23,525.9600219726562,512.1444091796875
2024-05-24,529.4400024414062,515.5328979492188
2024-05-28,529.8099975585938,515.893310546875
2024-05-29,526.0999755859375,512.2807006835938
2024-05-30,522.6099853515625,508.88238525390625
2024-05-31,527.3699951171875,513.517333984375
2024-06-03,527.7999877929688,513.93603515625
2024-06-04,528.3900146484375,514.5106201171875
2024-06-05,534.6699829101562,520.6256713867188
2024-06-06,534.6599731445312,520.6159057617188
2024-06-07,534.010009765625,519.9830322265625
2024-06-10,535.6599731445312,521.589599609375
2024-06-11,536.9500122070312,522.8457641601562
2024-06-12,541.3599853515625,527.1399536132812
2024-06-13,542.4500122070312,528.2012939453125
2024-06-14,542.780029296875,528.522705078125
2024-06-17,547.0999755859375,532.7290649414062
2024-06-18,548.489990234375,534.0825805664062
2024-06-20,547.0,532.6317749023438
2024-06-21,544.510009765625,531.917724609375
2024-06-24,542.739990234375,530.1886596679688
2024-06-25,544.8300170898438,532.2302856445312
2024-06-26,545.510009765625,532.8946533203125
2024-06-27,546.3699951171875,533.7346801757812
2024-06-28,544.219970703125,531.63427734375
2024-07-01,545.3400268554688,532.728515625
2024-07-02,549.010009765625,536.3136596679688
2024-07-03,551.4600219726562,538.70703125
2024-07-05,554.6400146484375,541.8134765625
2024-07-08,555.280029296875,542.4386596679688
2024-07-09,555.8200073242188,542.9661254882812
2024-07-10,561.3200073242188,548.3389282226562
2024-07-11,556.47998046875,543.6109008789062
2024-07-12,559.989990234375,547.0396728515625
2024-07-15,561.530029296875,548.5441284179688
2024-07-16,564.8599853515625,551.797119140625
2024-07-17,556.9400024414062,544.060302734375
2024-07-18,552.6599731445312,539.8790893554688
2024-07-19,548.989990234375,536.2941284179688
2024-07-22,554.6500244140625,541.8231811523438
2024-07-23,553.780029296875,540.973388671875
2024-07-24,541.22998046875,528.7135009765625
2024-07-25,538.4099731445312,525.9586791992188
2024-07-26,544.4400024414062,531.8493041992188
2024-07-29,544.760009765625,532.1619262695312
2024-07-30,542.0,529.4657592773438
2024-07-31,550.8099975585938,538.0719604492188
2024-08-01,543.010009765625,530.452392578125
2024-08-02,532.9000244140625,520.5761108398438
2024-08-05,517.3800048828125,505.4151611328125
2024-08-06,522.1500244140625,510.0747985839844
2024-08-07,518.6599731445312,506.6654968261719
2024-08-08,530.6500244140625,518.3782348632812
2024-08-09,532.989990234375,520.6640625
2024-08-12,533.27001953125,520.9376831054688
2024-08-13,542.0399780273438,529.5048217773438
2024-08-14,543.75,531.1752319335938
2024-08-15,553.0700073242188,540.2797241210938
2024-08-16,554.3099975585938,541.4910888671875
2024-08-19,559.6099853515625,546.6685180664062
2024-08-20,558.7000122070312,545.779541015625
2024-08-21,560.6199951171875,547.6551513671875
2024-08-22,556.219970703125,543.3568725585938
2024-08-23,562.1300048828125,549.1301879882812
2024-08-26,560.7899780273438,547.8212280273438
2024-08-27,561.5599975585938,548.5734252929688
2024-08-28,558.2999877929688,545.3887939453125
2024-08-29,558.3499755859375,545.4375610351562
2024-08-30,563.6799926757812,550.644287109375
2024-09-03,552.0800170898438,539.3125610351562
2024-09-04,550.9500122070312,538.2088623046875
2024-09-05,549.6099853515625,536.8997802734375
2024-09-06,540.3599853515625,527.8635864257812
2024-09-09,546.4099731445312,533.7737426757812
2024-09-10,548.7899780273438,536.0985717773438
2024-09-11,554.4199829101562,541.5984497070312
2024-09-12,559.0900268554688,546.1605224609375
2024-09-13,562.010009765625,549.0130004882812
2024-09-16,562.8400268554688,549.8237915039062
2024-09-17,563.0700073242188,550.0484619140625
2024-09-18,561.4000244140625,548.4171752929688
2024-09-19,570.97998046875,557.7755737304688
2024-09-20,568.25,556.8113403320312
2024-09-23,569.6699829101562,558.2027587890625
2024-09-24,571.2999877929688,559.7999267578125
2024-09-25,570.0399780273438,558.5653076171875
2024-09-26,572.2999877929688,560.7798461914062
2024-09-27,571.469970703125,559.9664916992188
2024-09-30,573.760009765625,562.2105102539062
2024-10-01,568.6199951171875,557.1738891601562
2024-10-02,568.8599853515625,557.4091186523438
2024-10-03,567.8200073242188,556.3900146484375
2024-10-04,572.97998046875,561.4461059570312
2024-10-07,567.7999877929688,556.3704223632812
2024-10-08,573.1699829101562,561.6322631835938
2024-10-09,577.1400146484375,565.5223999023438
2024-10-10,576.1300048828125,564.53271484375
2024-10-11,579.5800170898438,567.9132690429688
2024-10-14,584.3200073242188,572.5578002929688
2024-10-15,579.780029296875,568.1092529296875
2024-10-16,582.2999877929688,570.5785522460938
2024-10-17,582.3499755859375,570.6275634765625
2024-10-18,584.5900268554688,572.8224487304688
2024-10-21,583.6300048828125,571.8817138671875
2024-10-22,583.3200073242188,571.5779418945312
2024-10-23,577.989990234375,566.3552856445312
2024-10-24,579.239990234375,567.5801391601562
2024-10-25,579.0399780273438,567.3841552734375
2024-10-28,580.8300170898438,569.1381225585938
2024-10-29,581.77001953125,570.0592041015625
2024-10-30,580.010009765625,568.3346557617188
2024-10-31,568.6400146484375,557.193603515625
2024-11-01,571.0399780273438,559.545166015625
2024-11-04,569.8099975585938,558.3399658203125
2024-11-05,576.7000122070312,565.09130859375
2024-11-06,591.0399780273438,579.142578125
2024-11-07,595.6099853515625,583.6205444335938
2024-11-08,598.1900024414062,586.148681640625
2024-11-11,598.760009765625,586.7072143554688
2024-11-12,596.9000244140625,584.8847045898438
2024-11-13,597.1900024414062,585.1688232421875
2024-11-14,593.3499755859375,581.4061279296875
2024-11-15,585.75,573.9591064453125
2024-11-18,588.1500244140625,576.310791015625
2024-11-19,590.2999877929688,578.41748046875
2024-11-20,590.5,578.6134643554688
2024-11-21,593.6699829101562,581.7196044921875
2024-11-22,595.510009765625,583.522705078125
2024-11-25,597.530029296875,585.5020751953125
2024-11-26,600.6500244140625,588.55908203125
2024-11-27,598.8300170898438,586.7758178710938
2024-11-29,602.5499877929688,590.4208984375
2024-12-02,603.6300048828125,591.4791870117188
2024-12-03,603.9099731445312,591.75341796875
2024-12-04,607.6599731445312,595.427978515625
2024-12-05,606.6599731445312,594.4481201171875
2024-12-06,607.8099975585938,595.574951171875
2024-12-09,604.6799926757812,592.5079956054688
2024-12-10,602.7999877929688,590.6658325195312
2024-12-11,607.4600219726562,595.2321166992188
2024-12-12,604.3300170898438,592.1651000976562
2024-12-13,604.2100219726562,592.0475463867188
2024-12-16,606.7899780273438,594.5755004882812
2024-12-17,604.2899780273438,592.1258544921875
2024-12-18,586.280029296875,574.4784545898438
2024-12-19,586.0999755859375,574.302001953125
2024-12-20,591.1500244140625,581.199951171875
2024-12-23,594.6900024414062,584.6803588867188
2024-12-24,601.2999877929688,591.1791381835938
2024-12-26,601.3400268554688,591.2184448242188
2024-12-27,595.010009765625,584.9949951171875
2024-12-30,588.219970703125,578.3192749023438
2024-12-31,586.0800170898438,576.2152709960938
2025-01-02,584.6400146484375,574.799560546875
2025-01-03,591.9500122070312,581.9865112304688
2025-01-06,595.3599853515625,585.3390502929688
2025-01-07,588.6300048828125,578.7223510742188
2025-01-08,589.489990234375,579.56787109375
2025-01-10,580.489990234375,570.7193603515625
2025-01-13,581.3900146484375,571.604248046875
2025-01-14,582.1900024414062,572.3908081054688
2025-01-15,592.780029296875,582.802490234375
2025-01-16,591.6400146484375,581.6817626953125
2025-01-17,597.5800170898438,587.521728515625
2025-01-21,603.0499877929688,592.8995971679688
2025-01-22,606.4400024414062,596.232666015625
2025-01-23,609.75,599.4868774414062
2025-01-24,607.969970703125,597.73681640625
2025-01-27,599.3699951171875,589.2815551757812
2025-01-28,604.52001953125,594.3449096679688
2025-01-29,601.8099975585938,591.6804809570312
2025-01-30,605.0399780273438,594.8561401367188
2025-01-31,601.8200073242188,591.6903076171875
2025-02-03,597.77001953125,587.70849609375
2025-02-04,601.780029296875,591.6510009765625
2025-02-05,604.219970703125,594.0499267578125
2025-02-06,606.3200073242188,596.1145629882812
2025-02-07,600.77001953125,590.6580810546875
2025-02-10,604.8499755859375,594.6692504882812
2025-02-11,605.3099975585938,595.1216430664062
2025-02-12,603.3599853515625,593.2044067382812
2025-02-13,609.72998046875,599.4672241210938
2025-02-14,609.7000122070312,599.4376220703125
2025-02-18,611.489990234375,601.1975708007812
2025-02-19,612.9299926757812,602.61328125
2025-02-20,610.3800048828125,600.1063232421875
2025-02-21,599.9400024414062,589.842041015625
2025-02-24,597.2100219726562,587.157958984375
2025-02-25,594.239990234375,584.2379150390625
2025-02-26,594.5399780273438,584.5328979492188
2025-02-27,585.0499877929688,575.2026977539062
2025-02-28,594.1799926757812,584.178955078125
2025-03-03,583.77001953125,573.9441528320312
2025-03-04,576.8599853515625,567.150390625
2025-03-05,583.0599975585938,573.24609375
2025-03-06,572.7100219726562,563.0703735351562
2025-03-07,575.9199829101562,566.2262573242188
2025-03-10,560.5800170898438,551.1444702148438
2025-03-11,555.9199829101562,546.5628662109375
2025-03-12,558.8699951171875,549.4632568359375
2025-03-13,551.4199829101562,542.1386108398438
2025-03-14,562.8099975585938,553.3369140625
2025-03-17,567.1500244140625,557.6039428710938
2025-03-18,561.02001953125,551.5770874023438
2025-03-19,567.1300048828125,557.584228515625
2025-03-20,565.489990234375,555.971923828125
2025-03-21,563.97998046875,556.1552734375
2025-03-24,574.0800170898438,566.1151733398438
2025-03-25,575.4600219726562,567.47607421875
2025-03-26,568.5900268554688,560.7013549804688
2025-03-27,567.0800170898438,559.2122802734375
2025-03-28,555.6599731445312,547.9506225585938
2025-03-31,559.3900146484375,551.62890625
2025-04-01,560.969970703125,553.18701171875
2025-04-02,564.52001953125,556.687744140625
2025-04-03,536.7000122070312,529.2538452148438
2025-04-04,505.2799987792969,498.2696533203125
2025-04-07,504.3800048828125,497.3821716308594
2025-04-08,496.4800109863281,489.591796875
2025-04-09,548.6199951171875,541.0084228515625
2025-04-10,524.5800170898438,517.302001953125
2025-04-11,533.9400024414062,526.5321044921875
2025-04-14,539.1199951171875,531.6402587890625
2025-04-15,537.6099853515625,530.151123046875
2025-04-16,525.6599731445312,518.3668823242188
2025-04-17,526.4099731445312,519.1064453125
2025-04-21,513.8800048828125,506.7503356933594
2025-04-22,527.25,519.934814453125
2025-04-23,535.4199829101562,527.991455078125
2025-04-24,546.6900024414062,539.105224609375
2025-04-25,550.6400146484375,543.0004272460938
2025-04-28,550.8499755859375,543.2073974609375
2025-04-29,554.3200073242188,546.6293334960938
2025-04-30,554.5399780273438,546.84619140625
2025-05-01,558.469970703125,550.7216796875
2025-05-02,566.760009765625,558.8966674804688
2025-05-05,563.510009765625,555.6917724609375
2025-05-06,558.7999877929688,551.047119140625
2025-05-07,561.1500244140625,553.3645629882812
2025-05-08,565.0599975585938,557.2203369140625
2025-05-09,564.3400268554688,556.51025390625
2025-05-12,582.989990234375,574.9014892578125
2025-05-13,586.8400268554688,578.6981811523438
2025-05-14,587.5900268554688,579.4376831054688
2025-05-15,590.4600219726562,582.2678833007812
2025-05-16,594.2000122070312,585.9559936523438
2025-05-19,594.8499755859375,586.596923828125
2025-05-20,592.8499755859375,584.6246948242188
2025-05-21,582.8599853515625,574.7732543945312
2025-05-22,583.0900268554688,575.0001831054688
2025-05-23,579.1099853515625,571.0753173828125
2025-05-27,591.1500244140625,582.9483642578125
2025-05-28,587.72998046875,579.5757446289062
2025-05-29,590.0499877929688,581.8635864257812
2025-05-30,589.3900146484375,581.2127685546875
2025-06-02,592.7100219726562,584.4866943359375
2025-06-03,596.0900268554688,587.8197631835938
2025-06-04,595.9299926757812,587.6619262695312
2025-06-05,593.0499877929688,584.8218994140625
2025-06-06,599.1400146484375,590.8274536132812
2025-06-09,599.6799926757812,591.35986328125
2025-06-10,603.0800170898438,594.7127685546875
2025-06-11,601.3599853515625,593.0166015625
2025-06-12,603.75,595.3734741210938
2025-06-13,597.0,588.7171020507812
2025-06-16,602.6799926757812,594.318359375
2025-06-17,597.530029296875,589.2398681640625
2025-06-18,597.4400024414062,589.1510009765625
2025-06-20,594.280029296875,587.7673950195312
2025-06-23,600.1500244140625,593.572998046875
2025-06-24,606.780029296875,600.1304321289062
2025-06-25,607.1199951171875,600.4666748046875
2025-06-26,611.8699951171875,605.1646118164062
2025-06-27,614.9099731445312,608.1712646484375
2025-06-30,617.8499755859375,611.0791015625
2025-07-01,617.6500244140625,610.8812866210938
2025-07-02,620.4500122070312,613.6505737304688
2025-07-03,625.3400268554688,618.4869995117188
2025-07-07,620.6799926757812,613.8780517578125
2025-07-08,620.3400268554688,613.5418090820312
2025-07-09,624.0599975585938,617.2210083007812
2025-07-10,625.8200073242188,618.9617919921875
2025-07-11,623.6199951171875,616.7857666015625
2025-07-14,624.8099975585938,617.9627685546875
2025-07-15,622.1400146484375,615.3220825195312
2025-07-16,624.219970703125,617.3792724609375
2025-07-17,628.0399780273438,621.1573486328125
2025-07-18,627.5800170898438,620.7025146484375
2025-07-21,628.77001953125,621.87939453125
2025-07-22,628.8599853515625,621.9684448242188
2025-07-23,634.2100219726562,627.2597045898438
2025-07-24,634.4199829101562,627.4674682617188
2025-07-25,637.0999755859375,630.1181030273438
2025-07-28,636.9400024414062,629.9598388671875
2025-07-29,635.260009765625,628.2982788085938
2025-07-30,634.4600219726562,627.5070190429688
2025-07-31,632.0800170898438,625.1531372070312
2025-08-01,621.719970703125,614.9066162109375
2025-08-04,631.1699829101562,624.2530517578125
2025-08-05,627.969970703125,621.0880737304688
2025-08-06,632.780029296875,625.8455200195312
2025-08-07,632.25,625.3212280273438
2025-08-08,637.1799926757812,630.1972045898438
2025-08-11,635.9199829101562,628.9509887695312
2025-08-12,642.6900024414062,635.6467895507812
2025-08-13,644.8900146484375,637.82275390625
2025-08-14,644.9500122070312,637.882080078125
2025-08-15,643.4400024414062,636.3886108398438
2025-08-18,643.2999877929688,636.2501831054688
2025-08-19,639.8099975585938,632.7984008789062
2025-08-20,638.1099853515625,631.1170043945312
2025-08-21,635.5499877929688,628.5850830078125
2025-08-22,645.3099975585938,638.2381591796875
2025-08-25,642.469970703125,635.4292602539062
2025-08-26,645.1599731445312,638.0897216796875
2025-08-27,646.6300048828125,639.5436401367188
2025-08-28,648.9199829101562,641.8085327148438
2025-08-29,645.0499877929688,637.98095703125
2025-09-02,640.27001953125,633.2533569335938
2025-09-03,643.739990234375,636.685302734375
2025-09-04,649.1199951171875,642.0064086914062
2025-09-05,647.239990234375,640.14697265625
2025-09-08,648.8300170898438,641.7195434570312
2025-09-09,650.3300170898438,643.2031860351562
2025-09-10,652.2100219726562,645.0625
2025-09-11,657.6300048828125,650.423095703125
2025-09-12,657.4099731445312,650.20556640625
2025-09-15,660.9099731445312,653.6671142578125
2025-09-16,660.0,652.7671508789062
2025-09-17,659.1799926757812,651.9561157226562
2025-09-18,662.260009765625,655.0023193359375
2025-09-19,663.7000122070312,658.2465209960938
2025-09-22,666.8400268554688,661.3607177734375
2025-09-23,663.2100219726562,657.7605590820312
2025-09-24,661.0999755859375,655.6678466796875
2025-09-25,658.0499877929688,652.6429443359375
2025-09-26,661.8200073242188,656.3818969726562
2025-09-29,663.6799926757812,658.2266845703125
2025-09-30,666.1799926757812,660.7060546875
2025-10-01,668.4500122070312,662.9574584960938
2025-10-02,669.219970703125,663.7210693359375
2025-10-03,669.2100219726562,663.7113037109375
2025-10-06,671.6099853515625,666.0914916992188
2025-10-07,669.1199951171875,663.6220092773438
2025-10-08,673.1099853515625,667.5791625976562
2025-10-09,671.1599731445312,665.6452026367188
2025-10-10,653.02001953125,647.6542358398438
2025-10-13,663.0399780273438,657.5919189453125
2025-10-14,662.22998046875,656.78857421875
2025-10-15,665.1699829101562,659.7044067382812
2025-10-16,660.6400146484375,655.211669921875
2025-10-17,664.3900146484375,658.9308471679688
2025-10-20,671.2999877929688,665.7840576171875
2025-10-21,671.2899780273438,665.7741088867188
2025-10-22,667.7999877929688,662.312744140625
2025-10-23,671.760009765625,666.2402954101562
2025-10-24,677.25,671.6851806640625
2025-10-27,685.239990234375,679.6094970703125
2025-10-28,687.0599975585938,681.41455078125
2025-10-29,687.3900146484375,681.7418212890625
2025-10-30,679.8300170898438,674.2440185546875
2025-10-31,682.0599975585938,676.4556884765625
2025-11-03,683.3400268554688,677.7251586914062
2025-11-04,675.239990234375,669.691650390625
2025-11-05,677.5800170898438,672.012451171875
2025-11-06,670.3099975585938,664.80224609375
2025-11-07,670.969970703125,665.4567260742188
2025-11-10,681.4400024414062,675.8406982421875
2025-11-11,683.0,677.387939453125
2025-11-12,683.3800048828125,677.7647705078125
2025-11-13,672.0399780273438,666.5180053710938
2025-11-14,671.9299926757812,666.4088134765625
2025-11-17,665.6699829101562,660.2003173828125
2025-11-18,660.0800170898438,654.65625
2025-11-19,662.6300048828125,657.185302734375
2025-11-20,652.530029296875,647.1683349609375
2025-11-21,659.030029296875,653.6148681640625
2025-11-24,668.72998046875,663.2351684570312
2025-11-25,675.02001953125,669.4735107421875
2025-11-26,679.6799926757812,674.09521484375
2025-11-28,683.3900146484375,677.7747192382812
2025-12-01,680.27001953125,674.6803588867188
2025-12-02,681.530029296875,675.9299926757812
2025-12-03,683.8900146484375,678.2706298828125
2025-12-04,684.3900146484375,678.7665405273438
2025-12-05,685.6900024414062,680.0557861328125
2025-12-08,683.6300048828125,678.0127563476562
2025-12-09,683.0399780273438,677.4276123046875
2025-12-10,687.5700073242188,681.9203491210938
2025-12-11,689.1699829101562,683.5072021484375
2025-12-12,681.760009765625,676.1581420898438
2025-12-15,680.72998046875,675.1365966796875
2025-12-16,678.8699951171875,673.2918701171875
2025-12-17,671.4000244140625,665.8832397460938
2025-12-18,676.469970703125,670.9114990234375
2025-12-19,680.5900268554688,676.9923095703125
2025-12-22,684.8300170898438,681.2098388671875
2025-12-23,687.9600219726562,684.3233032226562
2025-12-24,690.3800048828125,686.7305297851562
2025-12-26,690.3099975585938,686.660888671875
2025-12-29,687.8499755859375,684.2138671875
2025-12-30,687.010009765625,683.3782958984375
2025-12-31,681.9199829101562,678.3152465820312
2026-01-02,683.1699829101562,679.55859375
2026-01-05,687.719970703125,684.0845947265625
2026-01-06,691.8099975585938,688.1529541015625
2026-01-07,689.5800170898438,685.9347534179688
2026-01-08,689.510009765625,685.8651123046875
2026-01-09,694.0700073242188,690.4010009765625
2026-01-12,695.1599731445312,691.4852294921875
2026-01-13,693.77001953125,690.1026000976562
2026-01-14,690.3599853515625,686.7105712890625
2026-01-15,692.239990234375,688.5806884765625
2026-01-16,691.6599731445312,688.0037231445312
2026-01-20,677.5800170898438,673.9981689453125
2026-01-21,685.4000244140625,681.77685546875
2026-01-22,688.97998046875,685.3379516601562
2026-01-23,689.22998046875,685.5865478515625
2026-01-26,692.72998046875,689.068115234375
2026-01-27,695.489990234375,691.8134765625
2026-01-28,695.4199829101562,691.7438354492188
2026-01-29,694.0399780273438,690.3711547851562
2026-01-30,691.969970703125,688.3121337890625
2026-02-02,695.4099731445312,691.73388671875
2026-02-03,689.530029296875,685.885009765625
2026-02-04,686.1900024414062,682.5626831054688
2026-02-05,677.6199951171875,674.0379638671875
2026-02-06,690.6199951171875,686.96923828125
2026-02-09,693.9500122070312,690.2816162109375
2026-02-10,692.1199951171875,688.4613037109375
2026-02-11,691.9600219726562,688.3021850585938
2026-02-12,681.27001953125,677.668701171875
2026-02-13,681.75,678.1461181640625
2026-02-17,682.8499755859375,679.2402954101562
2026-02-18,686.2899780273438,682.662109375
2026-02-19,684.47998046875,680.8616943359375
2026-02-20,689.4299926757812,685.7855834960938
2026-02-23,682.3900146484375,678.7827758789062
2026-02-24,687.3499755859375,683.7164916992188
2026-02-25,693.1500244140625,689.4859008789062
2026-02-26,689.2999877929688,685.6561889648438
2026-02-27,685.989990234375,682.3637084960938
2026-03-02,686.3800048828125,682.7516479492188
2026-03-03,680.3300170898438,676.7337036132812
2026-03-04,685.1300048828125,681.50830078125
2026-03-05,681.3099975585938,677.7084350585938
2026-03-06,672.3800048828125,668.8256225585938
2026-03-09,678.27001953125,674.6845092773438
2026-03-10,677.1799926757812,673.6002807617188
2026-03-11,676.3300170898438,672.7548217773438
2026-03-12,666.0599975585938,662.5390625
2026-03-13,662.2899780273438,658.7890014648438
2026-03-16,669.030029296875,665.493408203125
2026-03-17,670.7899780273438,667.2440185546875
2026-03-18,661.4299926757812,657.9335327148438
2026-03-19,659.7999877929688,656.3121337890625
2026-03-20,648.5700073242188,646.9034423828125
2026-03-23,655.3800048828125,653.6959228515625
2026-03-24,653.1799926757812,651.5015869140625
2026-03-25,656.8200073242188,655.1322021484375
2026-03-26,645.0900268554688,643.432373046875
2026-03-27,634.0900268554688,632.4606323242188
2026-03-30,631.969970703125,630.3460693359375
2026-03-31,650.3400268554688,648.6688842773438
2026-04-01,655.239990234375,653.5562744140625
2026-04-02,655.8300170898438,654.144775390625
2026-04-06,658.9299926757812,657.23681640625
2026-04-07,659.219970703125,657.5260009765625
2026-04-08,676.010009765625,674.27294921875
2026-04-09,679.9099731445312,678.162841796875
2026-04-10,679.4600219726562,677.7140502929688
2026-04-13,686.0999755859375,684.3369750976562
2026-04-14,694.4600219726562,692.675537109375
2026-04-15,699.9400024414062,698.1414184570312
2026-04-16,701.6599731445312,699.8569946289062
2026-04-17,710.1400146484375,708.3152465820312
2026-04-20,708.719970703125,706.8988037109375
2026-04-21,704.0800170898438,702.2708129882812
2026-04-22,711.2100219726562,709.3825073242188
2026-04-23,708.4500122070312,706.6295776367188
2026-04-24,713.9400024414062,712.10546875
2026-04-27,715.1699829101562,713.332275390625
2026-04-28,711.6900024414062,709.8612060546875
2026-04-29,711.5800170898438,709.7515258789062
2026-04-30,718.6599731445312,716.8132934570312
2026-05-01,720.6500244140625,718.7982177734375
2026-05-04,718.010009765625,716.1649780273438
2026-05-05,723.77001953125,721.9102172851562
2026-05-06,733.8300170898438,731.9443359375
2026-05-07,731.5800170898438,729.7001342773438
2026-05-08,737.6199951171875,735.724609375
2026-05-11,739.2999877929688,737.4002685546875
2026-05-12,738.1799926757812,736.2831420898438
2026-05-13,742.3099975585938,740.4025268554688
2026-05-14,748.1699829101562,746.2474975585938
2026-05-15,739.1699829101562,737.2706298828125
2026-05-18,738.6500244140625,736.751953125
2026-05-19,733.72998046875,731.8446044921875
2026-05-20,741.25,739.3452758789062
2026-05-21,742.719970703125,740.8114624023438
2026-05-22,745.6400146484375,743.7239990234375
2026-05-26,750.5900268554688,748.6613159179688
2026-05-27,750.4600219726562,748.5316162109375
2026-05-28,754.5999755859375,752.6609497070312
2026-05-29,756.47998046875,754.5361328125
2026-06-01,758.5399780273438,756.5908203125
2026-06-02,759.5700073242188,757.6182250976562
2026-06-03,754.239990234375,752.3018798828125
2026-06-04,757.0900268554688,755.1445922851562
2026-06-05,737.5499877929688,735.65478515625
2026-06-08,739.219970703125,737.3204345703125
2026-06-09,737.0499877929688,735.1560668945312
2026-06-10,725.4299926757812,723.56591796875
2026-06-11,737.760009765625,735.8642578125
2026-06-12,741.75,739.843994140625
2026-06-15,754.8300170898438,752.890380859375
2026-06-16,750.3300170898438,748.4019775390625
2026-06-17,740.9600219726562,739.0560302734375
2026-06-18,746.739990234375,746.739990234375
2026-06-22,744.3900146484375,744.3900146484375
2026-06-23,733.5800170898438,733.5800170898438
2026-06-24,733.239990234375,733.239990234375
2026-06-25,734.2999877929688,734.2999877929688
2026-06-26,728.989990234375,728.989990234375
2026-06-29,741.0,741.0
2026-06-30,746.77001953125,746.77001953125
2026-07-01,745.760009765625,745.760009765625
2026-07-02,744.780029296875,744.780029296875
2026-07-06,751.280029296875,751.280029296875
2026-07-07,747.7100219726562,747.7100219726562
2026-07-08,745.4000244140625,745.4000244140625
2026-07-09,751.7100219726562,751.7100219726562
2026-07-10,754.9500122070312,754.9500122070312
2026-07-13,749.1699829101562,749.1699829101562
2026-07-14,751.8300170898438,751.8300170898438
2026-07-15,754.8099975585938,754.8099975585938
2026-07-16,750.719970703125,750.719970703125
2026-07-17,743.2899780273438,743.2899780273438
2026-07-20,742.0900268554688,742.0900268554688
2026-07-21,748.280029296875,748.280029296875
2026-07-22,747.4099731445312,747.4099731445312
2026-07-23,738.1799926757812,738.1799926757812
2026-07-24,738.9299926757812,738.9299926757812
2026-07-27,739.0900268554688,739.0900268554688
2026-07-28,740.8599853515625,740.8599853515625
2026-07-29,729.4600219726562,729.4600219726562
2026-07-30,741.6900024414062,741.6900024414062
2026-07-31,747.030029296875,747.030029296875
2026-08-03,757.6699829101562,757.6699829101562
2026-08-04,771.3300170898438,771.3300170898438
2026-08-05,769.7899780273438,769.7899780273438
2026-08-06,768.5599975585938,768.5599975585938
2026-08-07,773.260009765625,773.260009765625
2026-08-10,773.030029296875,773.030029296875
2026-08-11,770.5599975585938,770.5599975585938
2026-08-12,772.489990234375,772.489990234375
2026-08-13,777.8800048828125,777.8800048828125
2026-08-14,776.3400268554688,776.3400268554688
2026-08-17,772.6699829101562,772.6699829101562
2026-08-18,767.4500122070312,767.4500122070312
2026-08-19,769.0599975585938,769.0599975585938
2026-08-20,762.5999755859375,762.5999755859375
2026-08-21,765.719970703125,765.719970703125
2026-08-24,763.469970703125,763.469970703125
2026-08-25,765.9099731445312,765.9099731445312
2026-08-26,766.0800170898438,766.0800170898438
2026-08-27,771.0999755859375,771.0999755859375
2026-08-28,769.3499755859375,769.3499755859375
2026-08-31,767.0499877929688,767.0499877929688
