date,close,adjusted_close
2011-01-03,93.41000366210938,59.634395599365234
2011-01-04,93.5199966430664,59.704620361328125
2011-01-05,91.45999908447266,58.38945388793945
2011-01-06,91.86000061035156,58.644866943359375
2011-01-07,92.3499984741211,58.95765686035156
2011-01-10,92.8499984741211,59.2768669128418
2011-01-11,92.33000183105469,58.94487762451172
2011-01-12,91.61000061035156,58.485233306884766
2011-01-13,92.43000030517578,59.00873565673828
2011-01-14,91.83999633789062,58.63209915161133
2011-01-18,91.41000366210938,58.3575553894043
2011-01-19,92.06999969482422,58.7789192199707
2011-01-20,90.80000305175781,57.96815490722656
2011-01-21,91.5199966430664,58.42777633666992
2011-01-24,91.55999755859375,58.45328903198242
2011-01-25,92.43000030517578,59.00873565673828
2011-01-26,91.02999877929688,58.11495590209961
2011-01-27,91.44000244140625,58.376670837402344
2011-01-28,91.91999816894531,58.68313980102539
2011-01-31,91.22000122070312,58.236228942871094
2011-02-01,90.44999694824219,57.947933197021484
2011-02-02,90.47000122070312,57.96080017089844
2011-02-03,89.72000122070312,57.48032760620117
2011-02-04,88.80999755859375,56.89727020263672
2011-02-07,89.2699966430664,57.19195556640625
2011-02-08,88.44999694824219,56.666656494140625
2011-02-09,89.22000122070312,57.15995788574219
2011-02-10,88.19000244140625,56.50010299682617
2011-02-11,89.45999908447266,57.313720703125
2011-02-14,89.5199966430664,57.35212707519531
2011-02-15,89.91999816894531,57.60840606689453
2011-02-16,89.62999725341797,57.422645568847656
2011-02-17,89.7699966430664,57.51228332519531
2011-02-18,89.48999786376953,57.332923889160156
2011-02-22,90.83000183105469,58.1913948059082
2011-02-23,91.16000366210938,58.40287780761719
2011-02-24,91.73999786376953,58.7744026184082
2011-02-25,92.27999877929688,59.120399475097656
2011-02-28,92.4000015258789,59.1972541809082
2011-03-01,92.37000274658203,59.368892669677734
2011-03-02,90.94999694824219,58.456180572509766
2011-03-03,90.05999755859375,57.88414764404297
2011-03-04,90.80999755859375,58.36623764038086
2011-03-07,90.2300033569336,57.99345397949219
2011-03-08,89.68000030517578,57.63997268676758
2011-03-09,90.55000305175781,58.199092864990234
2011-03-10,92.06999969482422,59.17607498168945
2011-03-11,91.55000305175781,58.84182357788086
2011-03-14,91.51000213623047,58.816078186035156
2011-03-15,92.87999725341797,59.69663619995117
2011-03-16,93.93000030517578,60.37150192260742
2011-03-17,93.20999908447266,59.90872573852539
2011-03-18,93.45999908447266,60.069419860839844
2011-03-21,92.91000366210938,59.715980529785156
2011-03-22,93.22000122070312,59.91521072387695
2011-03-23,93.0999984741211,59.838035583496094
2011-03-24,92.4000015258789,59.388160705566406
2011-03-25,92.16999816894531,59.24037551879883
2011-03-28,92.30000305175781,59.323909759521484
2011-03-29,91.58999633789062,58.86752700805664
2011-03-30,92.31999969482422,59.33673095703125
2011-03-31,92.12999725341797,59.21461868286133
2011-04-01,92.19000244140625,59.502445220947266
2011-04-04,92.29000091552734,59.56698989868164
2011-04-05,91.91999816894531,59.32822036743164
2011-04-06,90.54000091552734,58.43752670288086
2011-04-07,90.36000061035156,58.32133865356445
2011-04-08,89.87999725341797,58.01148986816406
2011-04-11,89.95999908447266,58.06313705444336
2011-04-12,90.93000030517578,58.689231872558594
2011-04-13,91.5,59.057106018066406
2011-04-14,91.43000030517578,59.01194381713867
2011-04-15,92.66999816894531,59.812286376953125
2011-04-18,92.87999725341797,59.947792053222656
2011-04-19,93.27999877929688,60.205997467041016
2011-04-20,92.68000030517578,59.81873321533203
2011-04-21,92.5999984741211,59.76711654663086
2011-04-25,92.94999694824219,59.99300003051758
2011-04-26,93.8499984741211,60.57387161254883
2011-04-27,92.88999938964844,59.95428466796875
2011-04-28,93.5999984741211,60.41251754760742
2011-04-29,93.88999938964844,60.59970474243164
2011-05-02,93.63999938964844,60.69693374633789
2011-05-03,94.16999816894531,61.04048156738281
2011-05-04,94.58999633789062,61.31273651123047
2011-05-05,95.48999786376953,61.89610290527344
2011-05-06,95.06999969482422,61.623878479003906
2011-05-09,94.97000122070312,61.559043884277344
2011-05-10,94.29000091552734,61.1182746887207
2011-05-11,94.83000183105469,61.4682502746582
2011-05-12,94.2300033569336,61.07938003540039
2011-05-13,95.08000183105469,61.63032913208008
2011-05-16,95.61000061035156,61.97388458251953
2011-05-17,96.58999633789062,62.60912322998047
2011-05-18,95.30999755859375,61.77946090698242
2011-05-19,95.2699966430664,61.753517150878906
2011-05-20,95.31999969482422,61.785911560058594
2011-05-23,95.77999877929688,62.084041595458984
2011-05-24,96.13999938964844,62.3173828125
2011-05-25,95.69000244140625,62.02577590942383
2011-05-26,96.51000213623047,62.5572624206543
2011-05-27,96.47000122070312,62.53133773803711
2011-05-31,96.69000244140625,62.67393493652344
2011-06-01,97.63999938964844,63.520938873291016
2011-06-02,95.77999877929688,62.31090545654297
2011-06-03,96.33000183105469,62.66875076293945
2011-06-06,95.5999984741211,62.19381332397461
2011-06-07,96.04000091552734,62.48008346557617
2011-06-08,96.79000091552734,62.96794891357422
2011-06-09,96.4000015258789,62.71421813964844
2011-06-10,97.13999938964844,63.19565963745117
2011-06-13,96.6500015258789,62.87692642211914
2011-06-14,95.19000244140625,61.927093505859375
2011-06-15,96.91999816894531,63.0525016784668
2011-06-16,97.36000061035156,63.33882522583008
2011-06-17,96.9000015258789,63.03956985473633
2011-06-20,97.0199966430664,63.117610931396484
2011-06-21,96.58999633789062,62.83786392211914
2011-06-22,96.6500015258789,62.87692642211914
2011-06-23,97.38999938964844,63.35830307006836
2011-06-24,96.9800033569336,63.091636657714844
2011-06-27,95.6500015258789,62.22635269165039
2011-06-28,94.87999725341797,61.72541427612305
2011-06-29,94.25,61.31560134887695
2011-06-30,94.0999984741211,61.217994689941406
2011-07-01,93.62999725341797,61.12004852294922
2011-07-05,93.83999633789062,61.25713348388672
2011-07-06,94.31999969482422,61.570457458496094
2011-07-07,94.04000091552734,61.38770294189453
2011-07-08,95.37000274658203,62.2558708190918
2011-07-11,96.80000305175781,63.189395904541016
2011-07-12,97.12999725341797,63.404788970947266
2011-07-13,97.4000015258789,63.58106994628906
2011-07-14,96.01000213623047,62.673667907714844
2011-07-15,96.16999816894531,62.77814865112305
2011-07-18,95.23999786376953,62.171043395996094
2011-07-19,97.22000122070312,63.46354293823242
2011-07-20,96.06999969482422,62.71288299560547
2011-07-21,95.33000183105469,62.229774475097656
2011-07-22,96.05000305175781,62.699790954589844
2011-07-25,95.0,62.01435852050781
2011-07-26,95.6500015258789,62.43869400024414
2011-07-27,95.66000366210938,62.44518280029297
2011-07-28,96.0199966430664,62.68016815185547
2011-07-29,97.91999816894531,63.920536041259766
2011-08-01,98.58000183105469,64.56561279296875
2011-08-02,101.54000091552734,66.50432586669922
2011-08-03,101.73999786376953,66.63529968261719
2011-08-04,105.36000061035156,69.00621795654297
2011-08-05,102.31999969482422,67.01517486572266
2011-08-08,105.55000305175781,69.13066101074219
2011-08-09,105.87000274658203,69.34024047851562
2011-08-10,109.0199966430664,71.40337371826172
2011-08-11,103.5199966430664,67.80101776123047
2011-08-12,105.56999969482422,69.143798828125
2011-08-15,104.5,68.44293975830078
2011-08-16,106.2300033569336,69.57606506347656
2011-08-17,108.08999633789062,70.79425811767578
2011-08-18,110.30999755859375,72.248291015625
2011-08-19,111.19999694824219,72.8311996459961
2011-08-22,110.91999816894531,72.64775085449219
2011-08-23,109.38999938964844,71.64569091796875
2011-08-24,106.27999877929688,69.6087646484375
2011-08-25,107.43000030517578,70.36203002929688
2011-08-26,108.48999786376953,71.05622863769531
2011-08-29,106.98999786376953,70.07379150390625
2011-08-30,108.70999908447266,71.2003173828125
2011-08-31,107.02999877929688,70.0999984741211
2011-09-01,108.97000122070312,71.58597564697266
2011-09-02,112.51000213623047,73.91155242919922
2011-09-06,113.68000030517578,74.68009185791016
2011-09-07,111.51000213623047,73.25460815429688
2011-09-08,112.51000213623047,73.91155242919922
2011-09-09,113.70999908447266,74.69986724853516
2011-09-12,113.83000183105469,74.7787094116211
2011-09-13,112.20999908447266,73.71446228027344
2011-09-14,113.16000366210938,74.33851623535156
2011-09-15,111.43000030517578,73.20205688476562
2011-09-16,112.23999786376953,73.73413848876953
2011-09-19,114.37999725341797,75.13999938964844
2011-09-20,114.86000061035156,75.45528411865234
2011-09-21,118.66000366210938,77.95170593261719
2011-09-22,123.12000274658203,80.88156127929688
2011-09-23,120.83000183105469,79.37724304199219
2011-09-26,118.88999938964844,78.102783203125
2011-09-27,117.06999969482422,76.90715026855469
2011-09-28,117.02999877929688,76.88086700439453
2011-09-29,117.83999633789062,77.41300201416016
2011-09-30,120.80000305175781,79.3575210571289
2011-10-03,123.80999755859375,81.54141998291016
2011-10-04,122.23999786376953,80.50741577148438
2011-10-05,121.36000061035156,79.9278564453125
2011-10-06,119.12000274658203,78.45256805419922
2011-10-07,118.23999786376953,77.87303924560547
2011-10-10,116.56999969482422,76.77315521240234
2011-10-11,116.18000030517578,76.51628112792969
2011-10-12,114.48999786376953,75.40325164794922
2011-10-13,115.62999725341797,76.1540298461914
2011-10-14,113.94999694824219,75.04759216308594
2011-10-17,115.91999816894531,76.34505462646484
2011-10-18,115.19999694824219,75.87088012695312
2011-10-19,115.16000366210938,75.84455108642578
2011-10-20,114.33999633789062,75.30450439453125
2011-10-21,113.12999725341797,74.5075454711914
2011-10-24,113.31999969482422,74.6326904296875
2011-10-25,116.19999694824219,76.52945709228516
2011-10-26,114.16999816894531,75.1925277709961
2011-10-27,110.30000305175781,72.64369201660156
2011-10-28,111.45999908447266,73.40765380859375
2011-10-31,115.87999725341797,76.31873321533203
2011-11-01,119.44999694824219,78.87340545654297
2011-11-02,117.95999908447266,77.88957214355469
2011-11-03,116.33999633789062,76.81989288330078
2011-11-04,116.4800033569336,76.91231536865234
2011-11-07,117.22000122070312,77.4010009765625
2011-11-08,115.72000122070312,76.4104995727539
2011-11-09,118.12000274658203,77.99524688720703
2011-11-10,116.36000061035156,76.83306884765625
2011-11-11,115.6500015258789,76.36430358886719
2011-11-14,117.51000213623047,77.59246063232422
2011-11-15,117.3499984741211,77.48682403564453
2011-11-16,118.41999816894531,78.19328308105469
2011-11-17,119.37000274658203,78.82061004638672
2011-11-18,119.33999633789062,78.80081176757812
2011-11-21,120.05000305175781,79.26963806152344
2011-11-22,121.38999938964844,80.15442657470703
2011-11-23,122.58000183105469,80.94024658203125
2011-11-25,120.80000305175781,79.7648696899414
2011-11-28,120.73999786376953,79.72522735595703
2011-11-29,119.75,79.07154846191406
2011-11-30,117.87999725341797,77.83679962158203
2011-12-01,117.0,77.44621276855469
2011-12-02,118.63999938964844,78.53181457519531
2011-12-05,118.4000015258789,78.3729476928711
2011-12-06,117.2699966430664,77.62494659423828
2011-12-07,117.69000244140625,77.90296936035156
2011-12-08,119.16000366210938,78.87598419189453
2011-12-09,116.70999908447266,77.2542495727539
2011-12-12,118.01000213623047,78.11473846435547
2011-12-13,119.11000061035156,78.8428955078125
2011-12-14,121.36000061035156,80.33223724365234
2011-12-15,120.91000366210938,80.03437805175781
2011-12-16,122.31999969482422,80.96774291992188
2011-12-19,123.87000274658203,81.99374389648438
2011-12-20,120.77999877929688,79.9483871459961
2011-12-21,119.0999984741211,78.83627319335938
2011-12-22,119.5999984741211,79.16722106933594
2011-12-23,118.2699966430664,78.28684997558594
2011-12-27,118.44999694824219,78.65876770019531
2011-12-28,120.63999938964844,80.11306762695312
2011-12-29,120.86000061035156,80.25914001464844
2011-12-30,121.25,80.51813507080078
2012-01-03,119.43000030517578,79.30953216552734
2012-01-04,118.01000213623047,78.3665542602539
2012-01-05,117.80000305175781,78.22708129882812
2012-01-06,118.7300033569336,78.84467315673828
2012-01-09,118.5199966430664,78.70526123046875
2012-01-10,118.31999969482422,78.57243347167969
2012-01-11,119.86000061035156,79.59510803222656
2012-01-12,119.69000244140625,79.48220825195312
2012-01-13,120.87999725341797,80.27242279052734
2012-01-17,121.44000244140625,80.64437103271484
2012-01-18,119.97000122070312,79.66814422607422
2012-01-19,118.31999969482422,78.57243347167969
2012-01-20,116.9800033569336,77.68257141113281
2012-01-23,116.23999786376953,77.19112396240234
2012-01-24,116.44999694824219,77.33058166503906
2012-01-25,116.16999816894531,77.1446533203125
2012-01-26,117.70999908447266,78.16729736328125
2012-01-27,118.08000183105469,78.41304779052734
2012-01-30,119.47000122070312,79.33607482910156
2012-01-31,120.8499984741211,80.25251007080078
2012-02-01,119.18000030517578,79.33328247070312
2012-02-02,119.12999725341797,79.29993438720703
2012-02-03,116.56999969482422,77.59588623046875
2012-02-06,117.7300033569336,78.3680419921875
2012-02-07,116.2699966430664,77.39617156982422
2012-02-08,116.36000061035156,77.45609283447266
2012-02-09,115.48999786376953,76.87692260742188
2012-02-10,116.98999786376953,77.87545013427734
2012-02-13,117.13999938964844,77.97526550292969
2012-02-14,117.76000213623047,78.38798522949219
2012-02-15,117.55000305175781,78.24823760986328
2012-02-16,116.61000061035156,77.62250518798828
2012-02-17,116.58000183105469,77.60255432128906
2012-02-21,115.29000091552734,76.74380493164062
2012-02-22,116.73999786376953,77.70903015136719
2012-02-23,116.73999786376953,77.70903015136719
2012-02-24,117.5,78.21491241455078
2012-02-27,118.54000091552734,78.9072265625
2012-02-28,118.1500015258789,78.64759826660156
2012-02-29,117.43000030517578,78.16834259033203
2012-03-01,116.05999755859375,77.43244171142578
2012-03-02,117.1500015258789,78.1596908569336
2012-03-05,116.22000122070312,77.5391616821289
2012-03-06,117.62999725341797,78.47988891601562
2012-03-07,116.91000366210938,77.99951934814453
2012-03-08,115.73999786376953,77.21894073486328
2012-03-09,115.97000122070312,77.37240600585938
2012-03-12,115.94999694824219,77.35905456542969
2012-03-13,113.91000366210938,75.99801635742188
2012-03-14,111.04000091552734,74.08321380615234
2012-03-15,111.20999908447266,74.19659423828125
2012-03-16,111.43000030517578,74.34342193603516
2012-03-19,110.0999984741211,73.45608520507812
2012-03-20,110.54000091552734,73.74964141845703
2012-03-21,111.79000091552734,74.5835952758789
2012-03-22,112.1500015258789,74.82376098632812
2012-03-23,113.20999908447266,75.53097534179688
2012-03-26,112.62999725341797,75.14400482177734
2012-03-27,113.44000244140625,75.68447875976562
2012-03-28,113.27999877929688,75.57772827148438
2012-03-29,114.12999725341797,76.14476776123047
2012-03-30,112.19999694824219,74.85710144042969
2012-04-02,112.52999877929688,75.27186584472656
2012-04-03,110.58000183105469,73.96751403808594
2012-04-04,112.0999984741211,74.98426818847656
2012-04-05,112.91000366210938,75.52605438232422
2012-04-09,115.55000305175781,77.29196166992188
2012-04-10,116.86000061035156,78.16822052001953
2012-04-11,115.45999908447266,77.23175048828125
2012-04-12,114.9800033569336,76.91069793701172
2012-04-13,116.83999633789062,78.15482330322266
2012-04-16,116.66999816894531,78.0411376953125
2012-04-17,116.5999984741211,77.99430847167969
2012-04-18,116.94000244140625,78.22177124023438
2012-04-19,117.05000305175781,78.2952880859375
2012-04-20,117.06999969482422,78.30873107910156
2012-04-23,117.91999816894531,78.8772964477539
2012-04-24,117.08999633789062,78.32205200195312
2012-04-25,116.48999786376953,77.92073822021484
2012-04-26,117.19000244140625,78.38892364501953
2012-04-27,117.29000091552734,78.45581817626953
2012-04-30,117.31999969482422,78.4759292602539
2012-05-01,116.43000030517578,78.06891632080078
2012-05-02,117.25,78.61875915527344
2012-05-03,117.22000122070312,78.59860229492188
2012-05-04,118.13999938964844,79.21548461914062
2012-05-07,118.16000366210938,79.22895050048828
2012-05-08,118.79000091552734,79.65137481689453
2012-05-09,118.87000274658203,79.70498657226562
2012-05-10,118.5199966430664,79.47030639648438
2012-05-11,119.5,80.12741088867188
2012-05-14,121.16999816894531,81.24716186523438
2012-05-15,121.66000366210938,81.57572937011719
2012-05-16,122.01000213623047,81.81043243408203
2012-05-17,124.16999816894531,83.25872802734375
2012-05-18,124.19999694824219,83.27886962890625
2012-05-21,123.94000244140625,83.1045150756836
2012-05-22,122.55999755859375,82.17924499511719
2012-05-23,123.41000366210938,82.74920654296875
2012-05-24,122.94000244140625,82.43402099609375
2012-05-25,123.4000015258789,82.74244689941406
2012-05-29,123.0199966430664,82.48764038085938
2012-05-30,126.13999938964844,84.5796890258789
2012-05-31,127.5999984741211,85.55865478515625
2012-06-01,130.36000061035156,87.58989715576172
2012-06-04,129.3300018310547,86.89777374267578
2012-06-05,127.5999984741211,85.73534393310547
2012-06-06,125.05000305175781,84.02201843261719
2012-06-07,125.23999786376953,84.14965057373047
2012-06-08,125.20999908447266,84.1295394897461
2012-06-11,125.77999877929688,84.51248168945312
2012-06-12,124.62999725341797,83.73980712890625
2012-06-13,125.86000061035156,84.56621551513672
2012-06-14,125.69999694824219,84.4587631225586
2012-06-15,126.4000015258789,84.9291000366211
2012-06-18,127.08000183105469,85.38594818115234
2012-06-19,125.41999816894531,84.27058410644531
2012-06-20,126.04000091552734,84.68718719482422
2012-06-21,126.70999908447266,85.13735961914062
2012-06-22,125.0199966430664,84.00186157226562
2012-06-25,126.83999633789062,85.2247085571289
2012-06-26,126.33999633789062,84.88877868652344
2012-06-27,126.54000091552734,85.02313232421875
2012-06-28,126.8499984741211,85.23143768310547
2012-06-29,125.19999694824219,84.12279510498047
2012-07-02,126.22000122070312,84.99071502685547
2012-07-03,125.25,84.33753967285156
2012-07-05,125.88999938964844,84.76851654052734
2012-07-06,127.05999755859375,85.55633544921875
2012-07-09,128.17999267578125,86.31053924560547
2012-07-10,128.44000244140625,86.485595703125
2012-07-11,128.60000610351562,86.59333038330078
2012-07-12,129.50999450683594,87.20610046386719
2012-07-13,129.1699981689453,86.97714233398438
2012-07-16,129.77000427246094,87.38113403320312
2012-07-17,128.75,86.69429016113281
2012-07-18,128.82000732421875,86.74144744873047
2012-07-19,128.49000549316406,86.51924896240234
2012-07-20,130.05999755859375,87.576416015625
2012-07-23,130.7899932861328,88.06791687011719
2012-07-24,131.82000732421875,88.76152038574219
2012-07-25,132.16000366210938,88.9904556274414
2012-07-26,130.9499969482422,88.17566680908203
2012-07-27,128.47999572753906,86.51250457763672
2012-07-30,129.44000244140625,87.15892791748047
2012-07-31,129.6999969482422,87.33399963378906
2012-08-01,128.77999877929688,86.89742279052734
2012-08-02,129.50999450683594,87.38999938964844
2012-08-03,127.41999816894531,85.979736328125
2012-08-06,127.47000122070312,86.01348114013672
2012-08-07,125.83000183105469,84.90682220458984
2012-08-08,125.16000366210938,84.4547348022461
2012-08-09,125.06999969482422,84.39402770996094
2012-08-10,125.69999694824219,84.81915283203125
2012-08-13,125.48999786376953,84.67740631103516
2012-08-14,123.79000091552734,83.5302963256836
2012-08-15,122.05000305175781,82.3562240600586
2012-08-16,121.01000213623047,81.6544189453125
2012-08-17,121.5999984741211,82.05253601074219
2012-08-20,121.8499984741211,82.22128295898438
2012-08-21,122.38999938964844,82.58568572998047
2012-08-22,124.41000366210938,83.94865417480469
2012-08-23,124.93000030517578,84.29957580566406
2012-08-24,124.80999755859375,84.2185287475586
2012-08-27,125.54000091552734,84.71113586425781
2012-08-28,125.83999633789062,84.91360473632812
2012-08-29,125.29000091552734,84.54244995117188
2012-08-30,125.94000244140625,84.98104858398438
2012-08-31,127.72000122070312,86.18218231201172
2012-09-04,127.31999969482422,86.0956802368164
2012-09-05,126.72000122070312,85.68987274169922
2012-09-06,124.61000061035156,84.2630615234375
2012-09-07,124.02999877929688,83.87086486816406
2012-09-10,124.33000183105469,84.07377624511719
2012-09-11,123.55000305175781,83.54627227783203
2012-09-12,122.01000213623047,82.50489807128906
2012-09-13,121.52999877929688,82.18033599853516
2012-09-14,118.30000305175781,79.99617004394531
2012-09-17,119.72000122070312,80.95637512207031
2012-09-18,120.31999969482422,81.3620834350586
2012-09-19,121.11000061035156,81.8963394165039
2012-09-20,121.41000366210938,82.09917449951172
2012-09-21,121.55000305175781,82.19384002685547
2012-09-24,122.5,82.83627319335938
2012-09-25,123.70999908447266,83.65447998046875
2012-09-26,125.04000091552734,84.55380249023438
2012-09-27,124.1500015258789,83.95201873779297
2012-09-28,124.22000122070312,83.99932861328125
2012-10-01,124.41999816894531,84.31108093261719
2012-10-02,124.25,84.19586944580078
2012-10-03,124.29000091552734,84.22297668457031
2012-10-04,122.73999786376953,83.1726303100586
2012-10-05,121.1500015258789,82.09519958496094
2012-10-08,122.16999816894531,82.78640747070312
2012-10-09,121.94999694824219,82.63726806640625
2012-10-10,122.80999755859375,83.22007751464844
2012-10-11,123.66000366210938,83.79603576660156
2012-10-12,123.97000122070312,84.00611877441406
2012-10-15,123.69000244140625,83.81644439697266
2012-10-16,121.9800033569336,82.65766143798828
2012-10-17,120.8499984741211,81.89188385009766
2012-10-18,120.11000061035156,81.39044952392578
2012-10-19,121.73999786376953,82.49497985839844
2012-10-22,120.95999908447266,81.96648406982422
2012-10-23,122.69000244140625,83.13874816894531
2012-10-24,121.4800033569336,82.31883239746094
2012-10-25,120.86000061035156,81.89868927001953
2012-10-26,122.63999938964844,83.10489654541016
2012-10-31,123.36000061035156,83.59275817871094
2012-11-01,122.3499984741211,82.90831756591797
2012-11-02,122.26000213623047,82.84736633300781
2012-11-05,122.94999694824219,83.3149642944336
2012-11-06,121.79000091552734,82.52892303466797
2012-11-07,124.0,84.02649688720703
2012-11-08,125.83999633789062,85.27326965332031
2012-11-09,125.9800033569336,85.36817932128906
2012-11-12,126.19000244140625,85.510498046875
2012-11-13,126.61000061035156,85.79508972167969
2012-11-14,126.7300033569336,85.87644958496094
2012-11-15,126.4800033569336,85.70697784423828
2012-11-16,126.37000274658203,85.63247680664062
2012-11-19,125.66000366210938,85.1513442993164
2012-11-20,124.4000015258789,84.29753112792969
2012-11-21,124.33000183105469,84.25006866455078
2012-11-23,124.20999908447266,84.1688003540039
2012-11-26,124.80000305175781,84.56848907470703
2012-11-27,125.29000091552734,84.9006118774414
2012-11-28,125.11000061035156,84.77862548828125
2012-11-29,125.12999725341797,84.79219818115234
2012-11-30,124.79000091552734,84.561767578125
2012-12-03,124.66000366210938,84.63987731933594
2012-12-04,125.37999725341797,85.12873840332031
2012-12-05,125.31999969482422,85.08796691894531
2012-12-06,125.58999633789062,85.27127075195312
2012-12-07,124.43000030517578,84.48370361328125
2012-12-10,124.9800033569336,84.85714721679688
2012-12-11,124.02999877929688,84.21212005615234
2012-12-12,122.58999633789062,83.23441314697266
2012-12-13,122.68000030517578,83.29552459716797
2012-12-14,123.5999984741211,83.92017364501953
2012-12-17,121.75,82.66407775878906
2012-12-18,120.51000213623047,81.82211303710938
2012-12-19,120.91000366210938,82.09374237060547
2012-12-20,120.93000030517578,82.10733795166016
2012-12-21,122.25,83.0035629272461
2012-12-24,122.02999877929688,82.85417938232422
2012-12-26,122.19999694824219,83.1522445678711
2012-12-27,122.61000061035156,83.43119049072266
2012-12-28,123.30999755859375,83.90753936767578
2012-12-31,121.18000030517578,82.45813751220703
2013-01-02,119.55999755859375,81.35581970214844
2013-01-03,117.94000244140625,80.25343322753906
2013-01-04,118.4000015258789,80.56648254394531
2013-01-07,118.44999694824219,80.6004867553711
2013-01-08,119.2300033569336,81.13126373291016
2013-01-09,119.12000274658203,81.056396484375
2013-01-10,118.79000091552734,80.83182525634766
2013-01-11,119.8499984741211,81.55315399169922
2013-01-14,119.5199966430664,81.32856750488281
2013-01-15,120.06999969482422,81.70280456542969
2013-01-16,120.31999969482422,81.87295532226562
2013-01-17,119.12000274658203,81.056396484375
2013-01-18,120.04000091552734,81.68243408203125
2013-01-22,120.2699966430664,81.83893585205078
2013-01-23,120.08999633789062,81.71643829345703
2013-01-24,119.66999816894531,81.43064880371094
2013-01-25,118.02999877929688,80.31474304199219
2013-01-28,117.5999984741211,80.02214050292969
2013-01-29,116.94999694824219,79.5798110961914
2013-01-30,116.75,79.4437484741211
2013-01-31,117.31999969482422,79.83157348632812
2013-02-01,115.54000091552734,78.79499053955078
2013-02-04,117.0199966430664,79.8042984008789
2013-02-05,115.9800033569336,79.09505462646484
2013-02-06,116.93000030517578,79.742919921875
2013-02-07,116.66999816894531,79.56556701660156
2013-02-08,117.12000274658203,79.87248229980469
2013-02-11,117.02999877929688,79.8111343383789
2013-02-12,116.73999786376953,79.61339569091797
2013-02-13,115.79000091552734,78.96548461914062
2013-02-14,116.83999633789062,79.68153381347656
2013-02-15,116.5,79.44971466064453
2013-02-19,115.91999816894531,79.05415344238281
2013-02-20,116.2699966430664,79.29285430908203
2013-02-21,116.94999694824219,79.7565689086914
2013-02-22,117.02999877929688,79.8111343383789
2013-02-25,119.33000183105469,81.37962341308594
2013-02-26,118.63999938964844,80.90910339355469
2013-02-27,118.29000091552734,80.6704330444336
2013-02-28,118.51000213623047,80.8204116821289
2013-03-01,118.9000015258789,81.26060485839844
2013-03-04,118.2699966430664,80.83003997802734
2013-03-05,117.93000030517578,80.59760284423828
2013-03-06,116.86000061035156,79.86640167236328
2013-03-07,115.95999908447266,79.25123596191406
2013-03-08,114.75,78.42431640625
2013-03-11,114.86000061035156,78.49951171875
2013-03-12,115.69000244140625,79.0667495727539
2013-03-13,115.56999969482422,78.98469543457031
2013-03-14,115.22000122070312,78.74552154541016
2013-03-15,115.76000213623047,79.11459350585938
2013-03-18,116.63999938964844,79.71601867675781
2013-03-19,117.43000030517578,80.25589752197266
2013-03-20,116.12000274658203,79.36066436767578
2013-03-21,117.23999786376953,80.12609100341797
2013-03-22,117.33000183105469,80.18758392333984
2013-03-25,117.22000122070312,80.11241149902344
2013-03-26,117.36000061035156,80.20809936523438
2013-03-27,118.36000061035156,80.89153289794922
2013-03-28,117.76000213623047,80.4814682006836
2013-04-01,118.38999938964844,81.08760833740234
2013-04-02,117.91000366210938,80.75886535644531
2013-04-03,118.97000122070312,81.48485565185547
2013-04-04,120.38999938964844,82.45743560791016
2013-04-05,122.81999969482422,84.12179565429688
2013-04-08,121.87999725341797,83.47799682617188
2013-04-09,121.58000183105469,83.27252197265625
2013-04-10,119.91000366210938,82.12869262695312
2013-04-11,120.13999938964844,82.28621673583984
2013-04-12,121.93000030517578,83.5122299194336
2013-04-15,122.98999786376953,84.23828125
2013-04-16,121.9800033569336,83.54652404785156
2013-04-17,122.79000091552734,84.10128021240234
2013-04-18,123.08999633789062,84.3067398071289
2013-04-19,122.83000183105469,84.12865447998047
2013-04-22,122.91999816894531,84.19026947021484
2013-04-23,122.48999786376953,83.8957748413086
2013-04-24,122.80000305175781,84.10812377929688
2013-04-25,122.2699966430664,83.74508666992188
2013-04-26,123.38999938964844,84.51220703125
2013-04-29,122.94000244140625,84.20404815673828
2013-04-30,123.01000213623047,84.2519760131836
2013-05-01,124.01000213623047,85.11746978759766
2013-05-02,123.8499984741211,85.00763702392578
2013-05-03,120.93000030517578,83.00344848632812
2013-05-06,120.62999725341797,82.79749298095703
2013-05-07,120.16000366210938,82.47494506835938
2013-05-08,120.3499984741211,82.60533142089844
2013-05-09,120.04000091552734,82.392578125
2013-05-10,118.75,81.50713348388672
2013-05-13,117.83999633789062,80.88251495361328
2013-05-14,116.55999755859375,80.00394439697266
2013-05-15,117.33999633789062,80.539306640625
2013-05-16,118.55999755859375,81.37676239013672
2013-05-17,117.05999755859375,80.34711456298828
2013-05-20,116.91999816894531,80.25104522705078
2013-05-21,117.83999633789062,80.88251495361328
2013-05-22,116.08999633789062,79.68131256103516
2013-05-23,116.63999938964844,80.05888366699219
2013-05-24,116.80000305175781,80.168701171875
2013-05-28,113.83999633789062,78.13701629638672
2013-05-29,115.12000274658203,79.0155258178711
2013-05-30,114.83999633789062,78.8233871459961
2013-05-31,114.44999694824219,78.55567932128906
2013-06-03,114.77999877929688,78.9719467163086
2013-06-04,113.72000122070312,78.24259948730469
2013-06-05,115.29000091552734,79.32284545898438
2013-06-06,115.22000122070312,79.27469635009766
2013-06-07,113.16000366210938,77.8573989868164
2013-06-10,112.62000274658203,77.48577880859375
2013-06-11,113.95999908447266,78.40777587890625
2013-06-12,112.33000183105469,77.2862548828125
2013-06-13,114.08999633789062,78.49722290039062
2013-06-14,113.81999969482422,78.31145477294922
2013-06-17,113.22000122070312,77.89862823486328
2013-06-18,113.27999877929688,77.93989562988281
2013-06-19,112.11000061035156,77.1349105834961
2013-06-20,110.2699966430664,75.86895751953125
2013-06-21,108.4000015258789,74.58232879638672
2013-06-24,108.8499984741211,74.8919677734375
2013-06-25,107.87999725341797,74.224609375
2013-06-26,108.58000183105469,74.70623779296875
2013-06-27,109.69000244140625,75.46992492675781
2013-06-28,110.44000244140625,75.98587036132812
2013-07-01,110.41000366210938,76.13902282714844
2013-07-02,110.33999633789062,76.09072875976562
2013-07-03,110.01000213623047,75.86320495605469
2013-07-05,106.26000213623047,73.27718353271484
2013-07-08,107.29000091552734,73.98744201660156
2013-07-09,107.4000015258789,74.06336212158203
2013-07-10,106.55999755859375,73.48404693603516
2013-07-11,107.80999755859375,74.34599304199219
2013-07-12,107.72000122070312,74.2840347290039
2013-07-15,108.29000091552734,74.67706298828125
2013-07-16,108.66000366210938,74.93218994140625
2013-07-17,108.86000061035156,75.07014465332031
2013-07-18,107.5,74.13228607177734
2013-07-19,109.19999694824219,75.30460357666016
2013-07-22,109.36000061035156,75.41492462158203
2013-07-23,108.9000015258789,75.09768676757812
2013-07-24,107.5199966430664,74.14610290527344
2013-07-25,107.4800033569336,74.11846923828125
2013-07-26,108.13999938964844,74.57361602783203
2013-07-29,107.3499984741211,74.02880096435547
2013-07-30,107.30999755859375,74.00121307373047
2013-07-31,107.69999694824219,74.27021026611328
2013-08-01,105.36000061035156,72.83914947509766
2013-08-02,106.5199966430664,73.64107513427734
2013-08-05,105.69999694824219,73.07417297363281
2013-08-06,106.01000213623047,73.28849792480469
2013-08-07,106.80000305175781,73.83465576171875
2013-08-08,107.08999633789062,74.03514862060547
2013-08-09,107.26000213623047,74.15265655517578
2013-08-12,106.52999877929688,73.64800262451172
2013-08-13,104.98999786376953,72.5833511352539
2013-08-14,105.1500015258789,72.69388580322266
2013-08-15,103.7300033569336,71.71223449707031
2013-08-16,103.37000274658203,71.46338653564453
2013-08-19,102.47000122070312,70.84117126464844
2013-08-20,103.26000213623047,71.38736724853516
2013-08-21,102.12999725341797,70.6060791015625
2013-08-22,103.16999816894531,71.32510375976562
2013-08-23,104.29000091552734,72.09942626953125
2013-08-26,104.80999755859375,72.45893096923828
2013-08-27,106.12999725341797,73.37147521972656
2013-08-28,105.2699966430664,72.77690887451172
2013-08-29,106.11000061035156,73.35762023925781
2013-08-30,105.98999786376953,73.27468872070312
2013-09-03,104.22000122070312,72.2411880493164
2013-09-04,103.98999786376953,72.08175659179688
2013-09-05,102.54000091552734,71.07666015625
2013-09-06,103.05000305175781,71.43013763427734
2013-09-09,103.0999984741211,71.46484375
2013-09-10,102.37999725341797,70.96572875976562
2013-09-11,103.29000091552734,71.59654235839844
2013-09-12,103.1500015258789,71.49951934814453
2013-09-13,103.55000305175781,71.77680969238281
2013-09-16,102.86000061035156,71.2984390258789
2013-09-17,103.70999908447266,71.8876724243164
2013-09-18,104.98999786376953,72.77490234375
2013-09-19,104.37000274658203,72.34513092041016
2013-09-20,104.91999816894531,72.72637939453125
2013-09-23,105.69000244140625,73.26010131835938
2013-09-24,106.83000183105469,74.05033111572266
2013-09-25,107.05000305175781,74.20284271240234
2013-09-26,106.30000305175781,73.68294525146484
2013-09-27,106.55999755859375,73.8631362915039
2013-09-30,106.4000015258789,73.75230407714844
2013-10-01,105.80000305175781,73.52850341796875
2013-10-02,105.95999908447266,73.63963317871094
2013-10-03,105.79000091552734,73.52154541015625
2013-10-04,105.70999908447266,73.46588897705078
2013-10-07,106.13999938964844,73.7647705078125
2013-10-08,106.16999816894531,73.78564453125
2013-10-09,105.31999969482422,73.19488525390625
2013-10-10,105.48999786376953,73.3130111694336
2013-10-11,105.45999908447266,73.292236328125
2013-10-14,104.61000061035156,72.70148468017578
2013-10-15,104.54000091552734,72.65277862548828
2013-10-16,105.8499984741211,73.56321716308594
2013-10-17,106.80999755859375,74.23040008544922
2013-10-18,107.04000091552734,74.39022064208984
2013-10-21,106.69999694824219,74.15393829345703
2013-10-22,107.88999938964844,74.9809799194336
2013-10-23,108.30999755859375,75.27286529541016
2013-10-24,107.88999938964844,74.9809799194336
2013-10-25,108.29000091552734,75.25897216796875
2013-10-28,107.91999816894531,75.00181579589844
2013-10-29,108.05999755859375,75.09908294677734
2013-10-30,107.41000366210938,74.64739227294922
2013-10-31,107.63999938964844,74.80722045898438
2013-11-01,106.19000244140625,73.99748992919922
2013-11-04,106.29000091552734,74.06718444824219
2013-11-05,105.0199966430664,73.18219757080078
2013-11-06,105.06999969482422,73.21704864501953
2013-11-07,105.95999908447266,73.83721923828125
2013-11-08,103.41000366210938,72.06026458740234
2013-11-11,103.0199966430664,71.78848266601562
2013-11-12,103.5,72.12300109863281
2013-11-13,103.87999725341797,72.38777160644531
2013-11-14,104.5199966430664,72.83377838134766
2013-11-15,104.7300033569336,72.98013305664062
2013-11-18,105.36000061035156,73.41913604736328
2013-11-19,104.55999755859375,72.86164855957031
2013-11-20,102.77999877929688,71.62129974365234
2013-11-21,102.94999694824219,71.73970794677734
2013-11-22,103.91000366210938,72.40872192382812
2013-11-25,104.20999908447266,72.6177978515625
2013-11-26,104.5999984741211,72.88951110839844
2013-11-27,104.41999816894531,72.76409149169922
2013-11-29,104.44999694824219,72.78501892089844
2013-12-02,103.33000183105469,72.21888732910156
2013-12-03,103.70999908447266,72.48448181152344
2013-12-04,102.72000122070312,71.79257202148438
2013-12-05,102.43000030517578,71.58988952636719
2013-12-06,102.91999816894531,71.93231201171875
2013-12-09,103.16000366210938,72.1001205444336
2013-12-10,103.9000015258789,72.61727142333984
2013-12-11,103.0999984741211,72.0581283569336
2013-12-12,102.70999908447266,71.78555297851562
2013-12-13,103.20999908447266,72.13497161865234
2013-12-16,102.83000183105469,71.86943817138672
2013-12-17,103.29000091552734,72.1908950805664
2013-12-18,102.7699966430664,71.8274917602539
2013-12-19,102.66999816894531,71.75756072998047
2013-12-20,104.25,72.86190795898438
2013-12-23,103.66000366210938,72.44955444335938
2013-12-24,102.83000183105469,71.86943817138672
2013-12-26,102.0999984741211,71.59245300292969
2013-12-27,101.80999755859375,71.38910675048828
2013-12-30,102.51000213623047,71.87995147705078
2013-12-31,101.86000061035156,71.42414855957031
2014-01-02,102.16999816894531,71.64153289794922
2014-01-03,102.16999816894531,71.64153289794922
2014-01-06,102.5999984741211,71.94302368164062
2014-01-07,102.86000061035156,72.1253662109375
2014-01-08,102.58000183105469,71.92903900146484
2014-01-09,103.18000030517578,72.34979248046875
2014-01-10,104.41000366210938,73.21224212646484
2014-01-13,104.93000030517578,73.57685089111328
2014-01-14,104.44999694824219,73.2402572631836
2014-01-15,104.33999633789062,73.16313171386719
2014-01-16,105.04000091552734,73.6539535522461
2014-01-17,105.4800033569336,73.9625473022461
2014-01-21,105.55999755859375,74.01858520507812
2014-01-22,105.30000305175781,73.83626556396484
2014-01-23,106.79000091552734,74.88108825683594
2014-01-24,107.4800033569336,75.36490631103516
2014-01-27,106.7300033569336,74.83900451660156
2014-01-28,106.98999786376953,75.02134704589844
2014-01-29,107.87000274658203,75.63834381103516
2014-01-30,107.55999755859375,75.42098236083984
2014-01-31,108.27999877929688,75.92584991455078
2014-02-03,109.31999969482422,76.8509750366211
2014-02-04,108.16000366210938,76.0355453491211
2014-02-05,107.16000366210938,75.33256530761719
2014-02-06,106.69999694824219,75.00916290283203
2014-02-07,106.79000091552734,75.07241821289062
2014-02-10,107.08999633789062,75.28333282470703
2014-02-11,106.47000122070312,74.84748077392578
2014-02-12,105.91999816894531,74.46077728271484
2014-02-13,106.5199966430664,74.88259887695312
2014-02-14,106.58000183105469,74.92478942871094
2014-02-18,106.81999969482422,75.09355163574219
2014-02-19,106.37000274658203,74.77716827392578
2014-02-20,106.11000061035156,74.59442138671875
2014-02-21,106.66999816894531,74.9880599975586
2014-02-24,106.4000015258789,74.79824829101562
2014-02-25,107.3499984741211,75.4660873413086
2014-02-26,107.91999816894531,75.8668212890625
2014-02-27,108.51000213623047,76.28158569335938
2014-02-28,108.56999969482422,76.32373046875
2014-03-03,109.02999877929688,76.83325958251953
2014-03-04,107.38999938964844,75.67753601074219
2014-03-05,107.62000274658203,75.83961486816406
2014-03-06,106.55999755859375,75.0926513671875
2014-03-07,105.88999938964844,74.62052917480469
2014-03-10,106.04000091552734,74.72618103027344
2014-03-11,106.31999969482422,74.92357635498047
2014-03-12,107.05999755859375,75.44502258300781
2014-03-13,108.5,76.45977783203125
2014-03-14,108.5199966430664,76.47383880615234
2014-03-17,107.70999908447266,75.90306091308594
2014-03-18,108.0999984741211,76.17790222167969
2014-03-19,107.26000213623047,75.58594512939453
2014-03-20,107.06999969482422,75.4520263671875
2014-03-21,108.2300033569336,76.26949310302734
2014-03-24,109.0,76.8121109008789
2014-03-25,108.58999633789062,76.52316284179688
2014-03-26,109.44000244140625,77.12218475341797
2014-03-27,109.98999786376953,77.50980377197266
2014-03-28,109.37000274658203,77.0728530883789
2014-03-31,109.0999984741211,76.88256072998047
2014-04-01,107.88999938964844,76.22550201416016
2014-04-02,107.2699966430664,75.78744506835938
2014-04-03,107.73999786376953,76.11949920654297
2014-04-04,108.45999908447266,76.62823486328125
2014-04-07,109.11000061035156,77.08748626708984
2014-04-08,109.37000274658203,77.27117919921875
2014-04-09,108.83000183105469,76.88963317871094
2014-04-10,109.83999633789062,77.60321044921875
2014-04-11,110.7300033569336,78.23199462890625
2014-04-14,110.44000244140625,78.02713012695312
2014-04-15,111.12999725341797,78.51461791992188
2014-04-16,111.2699966430664,78.61351013183594
2014-04-17,110.05000305175781,77.75159454345703
2014-04-21,109.95999908447266,77.68798065185547
2014-04-22,110.33000183105469,77.94945526123047
2014-04-23,110.95999908447266,78.39449310302734
2014-04-24,111.16999816894531,78.54288482666016
2014-04-25,111.33000183105469,78.65594482421875
2014-04-28,110.79000091552734,78.27439880371094
2014-04-29,110.63999938964844,78.16840362548828
2014-04-30,111.0999984741211,78.49342346191406
2014-05-01,112.0199966430664,79.33551788330078
2014-05-02,112.70999908447266,79.82418060302734
2014-05-05,112.02999877929688,79.34258270263672
2014-05-06,112.4800033569336,79.66129302978516
2014-05-07,112.08000183105469,79.37796020507812
2014-05-08,111.5999984741211,79.03804779052734
2014-05-09,111.23999786376953,78.78307342529297
2014-05-12,110.79000091552734,78.46438598632812
2014-05-13,111.75,79.14421844482422
2014-05-14,112.95999908447266,80.00126647949219
2014-05-15,113.86000061035156,80.63864135742188
2014-05-16,113.54000091552734,80.41201782226562
2014-05-19,112.69999694824219,79.81707763671875
2014-05-20,112.94999694824219,79.994140625
2014-05-21,112.26000213623047,79.5054931640625
2014-05-22,112.0999984741211,79.3922119140625
2014-05-23,112.69999694824219,79.81707763671875
2014-05-27,113.36000061035156,80.28450012207031
2014-05-28,114.76000213623047,81.27604675292969
2014-05-29,114.1500015258789,80.84403991699219
2014-05-30,114.0999984741211,80.8086166381836
2014-06-02,112.95999908447266,80.20793914794922
2014-06-03,111.56999969482422,79.22093963623047
2014-06-04,111.54000091552734,79.19966125488281
2014-06-05,111.58999633789062,79.23514556884766
2014-06-06,111.58999633789062,79.23514556884766
2014-06-09,111.43000030517578,79.12153625488281
2014-06-10,111.0199966430664,78.83042907714844
2014-06-11,111.22000122070312,78.972412109375
2014-06-12,112.20999908447266,79.67538452148438
2014-06-13,112.1500015258789,79.63275909423828
2014-06-16,112.43000030517578,79.83158874511719
2014-06-17,111.54000091552734,79.19966125488281
2014-06-18,112.4000015258789,79.8102798461914
2014-06-19,110.95999908447266,78.78780364990234
2014-06-20,111.80000305175781,79.38420867919922
2014-06-23,111.44999694824219,79.13569641113281
2014-06-24,112.58000183105469,79.9381103515625
2014-06-25,112.87000274658203,80.14402770996094
2014-06-26,113.41000366210938,80.52742004394531
2014-06-27,113.23999786376953,80.40673828125
2014-06-30,113.5199966430664,80.60552978515625
2014-07-01,112.27999877929688,79.9306640625
2014-07-02,111.08000183105469,79.07640838623047
2014-07-03,110.68000030517578,78.79165649414062
2014-07-07,111.48999786376953,79.36829376220703
2014-07-08,112.73999786376953,80.25810241699219
2014-07-09,112.83000183105469,80.32222747802734
2014-07-10,112.86000061035156,80.34353637695312
2014-07-11,113.58000183105469,80.85611724853516
2014-07-14,113.08999633789062,80.50731658935547
2014-07-15,112.86000061035156,80.34353637695312
2014-07-16,113.45999908447266,80.77071380615234
2014-07-17,114.88999938964844,81.7886962890625
2014-07-18,114.5199966430664,81.5252914428711
2014-07-21,115.08999633789062,81.9310531616211
2014-07-22,115.33000183105469,82.10192108154297
2014-07-23,115.18000030517578,81.99516296386719
2014-07-24,114.31999969482422,81.38292694091797
2014-07-25,115.66999816894531,82.34396362304688
2014-07-28,115.51000213623047,82.2301025390625
2014-07-29,115.93000030517578,82.52908325195312
2014-07-30,114.31999969482422,81.38292694091797
2014-07-31,113.9800033569336,81.14089965820312
2014-08-01,114.55999755859375,81.7690200805664
2014-08-04,114.26000213623047,81.55484771728516
2014-08-05,114.62999725341797,81.81893920898438
2014-08-06,114.69999694824219,81.86893463134766
2014-08-07,115.7699966430664,82.63264465332031
2014-08-08,115.5199966430664,82.45421600341797
2014-08-11,115.51000213623047,82.44706726074219
2014-08-12,114.76000213623047,81.91175079345703
2014-08-13,115.51000213623047,82.44706726074219
2014-08-14,116.44000244140625,83.11087799072266
2014-08-15,117.70999908447266,84.017333984375
2014-08-18,116.54000091552734,83.18226623535156
2014-08-19,116.18000030517578,82.92526245117188
2014-08-20,115.98999786376953,82.78970336914062
2014-08-21,116.63999938964844,83.253662109375
2014-08-22,117.29000091552734,83.71758270263672
2014-08-25,117.7300033569336,84.03164672851562
2014-08-26,117.3499984741211,83.7603759765625
2014-08-27,118.3499984741211,84.47420501708984
2014-08-28,118.97000122070312,84.91670989990234
2014-08-29,119.05000305175781,84.97379302978516
2014-09-02,116.7300033569336,83.50794219970703
2014-09-03,117.37999725341797,83.97303009033203
2014-09-04,115.94999694824219,82.9499282836914
2014-09-05,115.7300033569336,82.79255676269531
2014-09-08,115.77999877929688,82.82828521728516
2014-09-09,115.69000244140625,82.763916015625
2014-09-10,114.95999908447266,82.2417221069336
2014-09-11,114.58000183105469,81.9698715209961
2014-09-12,113.37999725341797,81.11139678955078
2014-09-15,113.55000305175781,81.2330093383789
2014-09-16,113.08999633789062,80.9039535522461
2014-09-17,112.80000305175781,80.69647979736328
2014-09-18,113.16000366210938,80.95399475097656
2014-09-19,114.5999984741211,81.9841537475586
2014-09-22,114.73999786376953,82.08430480957031
2014-09-23,115.44999694824219,82.5922622680664
2014-09-24,114.80999755859375,82.1344223022461
2014-09-25,116.16999816894531,83.10733032226562
2014-09-26,116.0,82.98572540283203
2014-09-29,116.93000030517578,83.6510238647461
2014-09-30,116.2699966430664,83.17887878417969
2014-10-01,118.2300033569336,84.79180145263672
2014-10-02,117.19999694824219,84.0531005859375
2014-10-03,117.69999694824219,84.41171264648438
2014-10-06,117.7699966430664,84.4618911743164
2014-10-07,119.36000061035156,85.60221099853516
2014-10-08,119.38999938964844,85.6237564086914
2014-10-09,118.87000274658203,85.25083923339844
2014-10-10,120.05000305175781,86.09707641601562
2014-10-13,120.77999877929688,86.62062072753906
2014-10-14,121.56999969482422,87.18717193603516
2014-10-15,122.52999877929688,87.8757095336914
2014-10-16,121.75,87.3162841796875
2014-10-17,121.06999969482422,86.82858276367188
2014-10-20,121.51000213623047,87.1441421508789
2014-10-21,120.54000091552734,86.448486328125
2014-10-22,120.66999816894531,86.541748046875
2014-10-23,119.5999984741211,85.77435302734375
2014-10-24,119.72000122070312,85.86040496826172
2014-10-27,119.94000244140625,86.01815032958984
2014-10-28,119.19000244140625,85.48029327392578
2014-10-29,119.45999908447266,85.67391204833984
2014-10-30,119.55999755859375,85.74565124511719
2014-10-31,119.25,85.5233383178711
2014-11-03,118.95999908447266,85.52332305908203
2014-11-04,119.33000183105469,85.7893295288086
2014-11-05,119.16000366210938,85.66708374023438
2014-11-06,118.38999938964844,85.113525390625
2014-11-07,119.75,86.09126281738281
2014-11-10,118.6500015258789,85.3004150390625
2014-11-11,118.7300033569336,85.35801696777344
2014-11-12,118.62999725341797,85.2860336303711
2014-11-13,118.91000366210938,85.48735809326172
2014-11-14,119.48999786376953,85.90435028076172
2014-11-17,119.19000244140625,85.68864440917969
2014-11-18,119.5199966430664,85.9259033203125
2014-11-19,118.76000213623047,85.3795394897461
2014-11-20,119.37999725341797,85.82524871826172
2014-11-21,120.0999984741211,86.34288787841797
2014-11-24,120.19999694824219,86.41475677490234
2014-11-25,121.19999694824219,87.13377380371094
2014-11-26,121.52999877929688,87.37100982666016
2014-11-28,122.48999786376953,88.06114959716797
2014-12-01,121.5,87.54737091064453
2014-12-02,120.31999969482422,86.6971206665039
2014-12-03,120.79000091552734,87.03577423095703
2014-12-04,121.80000305175781,87.76354217529297
2014-12-05,121.08999633789062,87.2519302368164
2014-12-08,122.56999969482422,88.31838989257812
2014-12-09,123.19999694824219,88.7723388671875
2014-12-10,124.0999984741211,89.42081451416016
2014-12-11,124.61000061035156,89.78834533691406
2014-12-12,126.30000305175781,91.00603485107422
2014-12-15,126.04000091552734,90.81868743896484
2014-12-16,127.5999984741211,91.94271087646484
2014-12-17,126.44999694824219,91.11414337158203
2014-12-18,124.19999694824219,89.49285888671875
2014-12-19,125.87000274658203,90.69619750976562
2014-12-22,126.04000091552734,90.81868743896484
2014-12-23,123.54000091552734,89.01728820800781
2014-12-24,123.94999694824219,89.50180053710938
2014-12-26,124.41000366210938,89.83403778076172
2014-12-29,125.33999633789062,90.50553894042969
2014-12-30,125.68000030517578,90.75100708007812
2014-12-31,125.91999816894531,90.9243392944336
2015-01-02,127.31999969482422,91.9352798461914
2015-01-05,129.32000732421875,93.3794174194336
2015-01-06,131.64999389648438,95.06188201904297
2015-01-07,131.38999938964844,94.87409973144531
2015-01-08,129.64999389648438,93.61768341064453
2015-01-09,131.07000732421875,94.64302062988281
2015-01-12,131.82000732421875,95.18463134765625
2015-01-13,131.82000732421875,95.18463134765625
2015-01-14,132.82000732421875,95.9066390991211
2015-01-15,134.91000366210938,97.41581726074219
2015-01-16,133.19000244140625,96.17384338378906
2015-01-20,134.9600067138672,97.451904296875
2015-01-21,133.39999389648438,96.3254623413086
2015-01-22,132.9199981689453,95.97889709472656
2015-01-23,134.77000427246094,97.31473541259766
2015-01-26,134.36000061035156,97.01871490478516
2015-01-27,134.57000732421875,97.17039489746094
2015-01-28,136.77000427246094,98.75890350341797
2015-01-29,135.8699951171875,98.10902404785156
2015-01-30,138.27999877929688,99.84920501708984
2015-02-02,137.47999572753906,99.4722671508789
2015-02-03,134.57000732421875,97.36683654785156
2015-02-04,134.8000030517578,97.53321075439453
2015-02-05,133.32000732421875,96.4623794555664
2015-02-06,130.9600067138672,94.75477600097656
2015-02-09,130.75,94.60281372070312
2015-02-10,129.7100067138672,93.85035705566406
2015-02-11,129.9499969482422,94.02403259277344
2015-02-12,129.52000427246094,93.712890625
2015-02-13,128.19000244140625,92.75054931640625
2015-02-17,126.26000213623047,91.35413360595703
2015-02-18,127.01000213623047,91.89678955078125
2015-02-19,126.16999816894531,91.28901672363281
2015-02-20,126.54000091552734,91.5567398071289
2015-02-23,127.98999786376953,92.60585021972656
2015-02-24,129.6699981689453,93.82139587402344
2015-02-25,130.22999572753906,94.22660827636719
2015-02-26,128.4499969482422,92.93868255615234
2015-02-27,129.52999877929688,93.72013854980469
2015-03-02,126.87000274658203,91.97444152832031
2015-03-03,126.41000366210938,91.64093780517578
2015-03-04,126.44999694824219,91.66996002197266
2015-03-05,126.29000091552734,91.5539779663086
2015-03-06,123.5,89.53132629394531
2015-03-09,124.63999938964844,90.35779571533203
2015-03-10,126.27999877929688,91.5467300415039
2015-03-11,127.19999694824219,92.21369934082031
2015-03-12,127.11000061035156,92.14845275878906
2015-03-13,126.72000122070312,91.86571502685547
2015-03-16,127.94000244140625,92.75009155273438
2015-03-17,129.0,93.5185775756836
2015-03-18,131.49000549316406,95.3237075805664
2015-03-19,130.82000732421875,94.83804321289062
2015-03-20,131.50999450683594,95.33816528320312
2015-03-23,131.35000610351562,95.22222900390625
2015-03-24,132.6199951171875,96.14292907714844
2015-03-25,131.5,95.33099365234375
2015-03-26,129.4499969482422,93.84479522705078
2015-03-27,131.05999755859375,95.011962890625
2015-03-30,130.41000366210938,94.54077911376953
2015-03-31,130.69000244140625,94.74378204345703
2015-04-01,132.1300048828125,95.98819732666016
2015-04-02,130.72999572753906,94.9711685180664
2015-04-06,130.0,94.44078063964844
2015-04-07,131.08999633789062,95.23271942138672
2015-04-08,131.1300048828125,95.26172637939453
2015-04-09,129.42999267578125,94.02672576904297
2015-04-10,129.6199951171875,94.16474151611328
2015-04-13,129.8000030517578,94.29552459716797
2015-04-14,130.72000122070312,94.96387481689453
2015-04-15,130.61000061035156,94.88400268554688
2015-04-16,129.9600067138672,94.41175079345703
2015-04-17,131.4499969482422,95.49415588378906
2015-04-20,130.2899932861328,94.6514892578125
2015-04-21,129.6999969482422,94.2228775024414
2015-04-22,127.72000122070312,92.78446960449219
2015-04-23,128.27000427246094,93.18402099609375
2015-04-24,129.07000732421875,93.76520538330078
2015-04-27,129.07000732421875,93.76520538330078
2015-04-28,127.29000091552734,92.4720458984375
2015-04-29,125.7300033569336,91.33879089355469
2015-04-30,125.94999694824219,91.49861145019531
2015-05-01,124.0,90.26692199707031
2015-05-04,122.83000183105469,89.41519927978516
2015-05-05,122.66000366210938,89.29145812988281
2015-05-06,120.55999755859375,87.76274871826172
2015-05-07,122.18000030517578,88.94200897216797
2015-05-08,122.51000213623047,89.18220520019531
2015-05-11,119.52999877929688,87.012939453125
2015-05-12,119.83999633789062,87.23860168457031
2015-05-13,118.87999725341797,86.5397720336914
2015-05-14,119.19999694824219,86.7727279663086
2015-05-15,121.58999633789062,88.51255798339844
2015-05-18,119.55000305175781,87.02751159667969
2015-05-19,118.48999786376953,86.25581359863281
2015-05-20,118.69000244140625,86.40142059326172
2015-05-21,120.3499984741211,87.60982513427734
2015-05-22,120.4000015258789,87.64622497558594
2015-05-26,122.45999908447266,89.14582061767578
2015-05-27,122.73999786376953,89.34967803955078
2015-05-28,122.44000244140625,89.13133239746094
2015-05-29,122.70999908447266,89.32785034179688
2015-06-01,121.12999725341797,88.36775970458984
2015-06-02,119.44000244140625,87.13484191894531
2015-06-03,117.5199966430664,85.73420715332031
2015-06-04,119.05000305175781,86.85041809082031
2015-06-05,117.5999984741211,85.79252624511719
2015-06-08,117.47000122070312,85.69776153564453
2015-06-09,116.54000091552734,85.01924133300781
2015-06-10,115.5199966430664,84.27513885498047
2015-06-11,117.94999694824219,86.04789733886719
2015-06-12,117.94999694824219,86.04789733886719
2015-06-15,118.13999938964844,86.18649291992188
2015-06-16,119.06999969482422,86.86495208740234
2015-06-17,118.1500015258789,86.1937255859375
2015-06-18,117.56999969482422,85.77069854736328
2015-06-19,119.08000183105469,86.87226867675781
2015-06-22,116.6500015258789,85.09950256347656
2015-06-23,115.94999694824219,84.58885955810547
2015-06-24,116.94999694824219,85.31837463378906
2015-06-25,116.54000091552734,85.01924133300781
2015-06-26,115.2300033569336,84.0635757446289
2015-06-29,118.27999877929688,86.28862762451172
2015-06-30,117.45999908447266,85.69041442871094
2015-07-01,115.62000274658203,84.53372955322266
2015-07-02,116.0,84.81159973144531
2015-07-06,118.1500015258789,86.3835220336914
2015-07-07,119.26000213623047,87.19506072998047
2015-07-08,120.29000091552734,87.94815826416016
2015-07-09,117.91999816894531,86.21538543701172
2015-07-10,116.05000305175781,84.84815979003906
2015-07-13,115.69000244140625,84.58489990234375
2015-07-14,116.06999969482422,84.86277770996094
2015-07-15,117.30000305175781,85.76204681396484
2015-07-16,118.11000061035156,86.35427856445312
2015-07-17,118.72000122070312,86.80024719238281
2015-07-20,118.22000122070312,86.43470001220703
2015-07-21,118.86000061035156,86.90264129638672
2015-07-22,119.5999984741211,87.4437026977539
2015-07-23,121.08999633789062,88.53311157226562
2015-07-24,121.38999938964844,88.75240325927734
2015-07-27,122.04000091552734,89.22767639160156
2015-07-28,121.1500015258789,88.5769271850586
2015-07-29,120.69999694824219,88.24791717529297
2015-07-30,121.62999725341797,88.92790985107422
2015-07-31,122.52999877929688,89.58590698242188
2015-08-03,123.55000305175781,90.52892303466797
2015-08-04,122.56999969482422,89.81084442138672
2015-08-05,121.6500015258789,89.13673400878906
2015-08-06,122.7300033569336,89.92806243896484
2015-08-07,124.33999633789062,91.1077880859375
2015-08-10,122.80000305175781,89.97938537597656
2015-08-11,124.75,91.40817260742188
2015-08-12,124.06999969482422,90.90997314453125
2015-08-13,123.66999816894531,90.6168441772461
2015-08-14,123.95999908447266,90.82933807373047
2015-08-17,124.5199966430664,91.23966979980469
2015-08-18,123.54000091552734,90.52161407470703
2015-08-19,124.76000213623047,91.41552734375
2015-08-20,126.0199966430664,92.33877563476562
2015-08-21,126.4000015258789,92.61724090576172
2015-08-24,126.36000061035156,92.58793640136719
2015-08-25,124.33000183105469,91.10047912597656
2015-08-26,121.93000030517578,89.34191131591797
2015-08-27,122.0,89.39319610595703
2015-08-28,122.36000061035156,89.6570053100586
2015-08-31,121.41999816894531,88.96820831298828
2015-09-01,122.02999877929688,89.60924530029297
2015-09-02,120.9800033569336,88.83820343017578
2015-09-03,121.56999969482422,89.27149200439453
2015-09-04,122.68000030517578,90.08658599853516
2015-09-08,120.87000274658203,88.75750732421875
2015-09-09,121.44999694824219,89.18336486816406
2015-09-10,120.62999725341797,88.58122253417969
2015-09-11,121.38999938964844,89.13933563232422
2015-09-14,121.58000183105469,89.27884674072266
2015-09-15,119.25,87.56786346435547
2015-09-16,118.80000305175781,87.2374267578125
2015-09-17,120.25,88.30220031738281
2015-09-18,122.0999984741211,89.66069030761719
2015-09-21,120.11000061035156,88.19934844970703
2015-09-22,121.77999877929688,89.42572021484375
2015-09-23,121.7699966430664,89.41835021972656
2015-09-24,122.5999984741211,90.02783203125
2015-09-25,121.54000091552734,89.24947357177734
2015-09-28,123.62000274658203,90.77684020996094
2015-09-29,123.97000122070312,91.03384399414062
2015-09-30,123.54000091552734,90.71807098388672
2015-10-01,123.80999755859375,91.10513305664062
2015-10-02,124.55999755859375,91.65706634521484
2015-10-05,122.87000274658203,90.41349792480469
2015-10-06,123.4000015258789,90.803466796875
2015-10-07,122.98999786376953,90.50179290771484
2015-10-08,121.95999908447266,89.74383544921875
2015-10-09,122.27999877929688,89.97933197021484
2015-10-12,123.20999908447266,90.66365051269531
2015-10-13,123.41999816894531,90.81817626953125
2015-10-14,124.5,91.61288452148438
2015-10-15,123.88999938964844,91.16400146484375
2015-10-16,123.93000030517578,91.1934814453125
2015-10-19,123.58999633789062,90.94328308105469
2015-10-20,122.83000183105469,90.38404083251953
2015-10-21,124.05000305175781,91.28173828125
2015-10-22,124.26000213623047,91.43628692626953
2015-10-23,123.19999694824219,90.65629577636719
2015-10-26,124.0199966430664,91.25968170166016
2015-10-27,124.33000183105469,91.48779296875
2015-10-28,123.83000183105469,91.119873046875
2015-10-29,121.86000061035156,89.67029571533203
2015-10-30,122.77999877929688,90.3471908569336
2015-11-02,121.94999694824219,89.93205261230469
2015-11-03,120.94999694824219,89.194580078125
2015-11-04,121.08999633789062,89.29784393310547
2015-11-05,120.7699966430664,89.06184387207031
2015-11-06,119.0,87.75658416748047
2015-11-09,118.33000183105469,87.26250457763672
2015-11-10,118.68000030517578,87.5206069946289
2015-11-11,118.43000030517578,87.33621978759766
2015-11-12,119.0,87.75658416748047
2015-11-13,119.68000030517578,88.25807189941406
2015-11-16,119.56999969482422,88.17692565917969
2015-11-17,119.7699966430664,88.32439422607422
2015-11-18,120.0199966430664,88.50880432128906
2015-11-19,120.81999969482422,89.09872436523438
2015-11-20,120.44999694824219,88.82586669921875
2015-11-23,120.81999969482422,89.09872436523438
2015-11-24,120.80999755859375,89.09134674072266
2015-11-25,121.08999633789062,89.29784393310547
2015-11-27,120.97000122070312,89.20930480957031
2015-11-30,121.44999694824219,89.56332397460938
2015-12-01,122.83000183105469,90.77310180664062
2015-12-02,122.87000274658203,90.80265808105469
2015-12-03,119.52999877929688,88.33434295654297
2015-12-04,120.58000183105469,89.11029815673828
2015-12-07,121.75,89.97492218017578
2015-12-08,121.80999755859375,90.01927947998047
2015-12-09,121.68000030517578,89.92317199707031
2015-12-10,121.83999633789062,90.0414810180664
2015-12-11,123.76000213623047,91.46035766601562
2015-12-14,122.16000366210938,90.27790832519531
2015-12-15,121.44000244140625,89.7458724975586
2015-12-16,121.18000030517578,89.5536880493164
2015-12-17,122.55000305175781,90.56615447998047
2015-12-18,123.2300033569336,91.06871795654297
2015-12-21,123.19999694824219,91.04651641845703
2015-12-22,122.30999755859375,90.38882446289062
2015-12-23,121.38999938964844,89.70893859863281
2015-12-24,121.83000183105469,90.22283935546875
2015-12-28,122.19000244140625,90.48944091796875
2015-12-29,120.16000366210938,88.98611450195312
2015-12-30,120.04000091552734,88.89725494384766
2015-12-31,120.58000183105469,89.2970962524414
2016-01-04,121.44999694824219,89.94142150878906
2016-01-05,120.95999908447266,89.57853698730469
2016-01-06,122.58999633789062,90.78565979003906
2016-01-07,122.80999755859375,90.94860076904297
2016-01-08,123.36000061035156,91.35594177246094
2016-01-11,122.01000213623047,90.35615539550781
2016-01-12,123.7699966430664,91.65955352783203
2016-01-13,124.98999786376953,92.56302642822266
2016-01-14,123.81999969482422,91.69657897949219
2016-01-15,125.75,93.12583923339844
2016-01-19,125.36000061035156,92.83705139160156
2016-01-20,126.68000030517578,93.81455993652344
2016-01-21,125.81999969482422,93.1777114868164
2016-01-22,125.33999633789062,92.8222427368164
2016-01-25,126.0199966430664,93.32585144042969
2016-01-26,126.08000183105469,93.3702392578125
2016-01-27,126.05000305175781,93.3480224609375
2016-01-28,126.2300033569336,93.4813461303711
2016-01-29,127.30000305175781,94.27373504638672
2016-02-01,126.66999816894531,93.9851303100586
2016-02-02,129.02000427246094,95.72872924804688
2016-02-03,127.94999694824219,94.93485260009766
2016-02-04,128.57000732421875,95.39485168457031
2016-02-05,128.72000122070312,95.50613403320312
2016-02-08,131.49000549316406,97.56140899658203
2016-02-09,131.6300048828125,97.665283203125
2016-02-10,132.7899932861328,98.52598571777344
2016-02-11,133.72000122070312,99.21601867675781
2016-02-12,131.5,97.56876373291016
2016-02-16,130.11000061035156,96.53748321533203
2016-02-17,129.30999755859375,95.94385528564453
2016-02-18,130.89999389648438,97.12360382080078
2016-02-19,131.00999450683594,97.20526885986328
2016-02-22,130.94000244140625,97.15333557128906
2016-02-23,131.47000122070312,97.54656982421875
2016-02-24,131.2100067138672,97.35365295410156
2016-02-25,131.67999267578125,97.70238494873047
2016-02-26,130.41000366210938,96.76006317138672
2016-02-29,130.97999572753906,97.18299102783203
2016-03-01,128.42999267578125,95.47174072265625
2016-03-02,128.9600067138672,95.86576843261719
2016-03-03,129.42999267578125,96.21512603759766
2016-03-04,128.60000610351562,95.59815979003906
2016-03-07,128.55999755859375,95.56841278076172
2016-03-08,129.97999572753906,96.6240005493164
2016-03-09,129.19000244140625,96.03675079345703
2016-03-10,128.66000366210938,95.64275360107422
2016-03-11,127.36000061035156,94.67631530761719
2016-03-14,127.76000213623047,94.97369384765625
2016-03-15,127.87999725341797,95.06288146972656
2016-03-16,128.25999450683594,95.34534454345703
2016-03-17,128.7899932861328,95.7393569946289
2016-03-18,129.05999755859375,95.9400634765625
2016-03-21,128.07000732421875,95.20413970947266
2016-03-22,128.0399932861328,95.18184661865234
2016-03-23,129.49000549316406,96.25971984863281
2016-03-24,129.5399932861328,96.296875
2016-03-28,129.7100067138672,96.42326354980469
2016-03-29,131.07000732421875,97.43431091308594
2016-03-30,129.69000244140625,96.40840148925781
2016-03-31,130.61000061035156,97.09233093261719
2016-04-01,130.67999267578125,97.3455581665039
2016-04-04,130.75999450683594,97.40514373779297
2016-04-05,132.19000244140625,98.47040557861328
2016-04-06,131.22999572753906,97.75526428222656
2016-04-07,132.85000610351562,98.96206665039062
2016-04-08,132.00999450683594,98.33631896972656
2016-04-11,131.83999633789062,98.20970916748047
2016-04-12,130.92999267578125,97.53178405761719
2016-04-13,131.38999938964844,97.87447357177734
2016-04-14,130.75999450683594,97.40514373779297
2016-04-15,131.8800048828125,98.23947143554688
2016-04-18,131.30999755859375,97.81485748291016
2016-04-19,130.89999389648438,97.5094223022461
2016-04-20,129.4600067138672,96.43682861328125
2016-04-21,128.69000244140625,95.86316680908203
2016-04-22,128.36000061035156,95.61741638183594
2016-04-25,127.83000183105469,95.22256469726562
2016-04-26,127.25,94.79048919677734
2016-04-27,128.52000427246094,95.73657989501953
2016-04-28,129.0500030517578,96.13135528564453
2016-04-29,129.3800048828125,96.37718200683594
2016-05-02,127.81999969482422,95.40687561035156
2016-05-03,129.42999267578125,96.60860443115234
2016-05-04,130.13999938964844,97.13853454589844
2016-05-05,131.00999450683594,97.78791809082031
2016-05-06,130.4499969482422,97.36991882324219
2016-05-09,130.86000061035156,97.67591857910156
2016-05-10,130.8699951171875,97.68341064453125
2016-05-11,131.61000061035156,98.23575592041016
2016-05-12,131.00999450683594,97.78791809082031
2016-05-13,132.27999877929688,98.73588562011719
2016-05-16,131.13999938964844,97.88499450683594
2016-05-17,131.36000061035156,98.04914093017578
2016-05-18,129.49000549316406,96.65335083007812
2016-05-19,130.0500030517578,97.07137298583984
2016-05-20,130.14999389648438,97.14601135253906
2016-05-23,130.44000244140625,97.3624267578125
2016-05-24,129.86000061035156,96.92951202392578
2016-05-25,129.3699951171875,96.56378936767578
2016-05-26,130.0399932861328,97.06387329101562
2016-05-27,129.85000610351562,96.92204284667969
2016-05-31,130.16000366210938,97.15343475341797
2016-06-01,130.4199981689453,97.54766082763672
2016-06-02,131.36000061035156,98.25067138671875
2016-06-03,133.22999572753906,99.64930725097656
2016-06-06,132.24000549316406,98.90889739990234
2016-06-07,132.55999755859375,99.14823150634766
2016-06-08,133.27000427246094,99.67924499511719
2016-06-09,134.1300048828125,100.32254791259766
2016-06-10,134.77999877929688,100.80872344970703
2016-06-13,135.3800048828125,101.25747680664062
2016-06-14,135.27999877929688,101.18267059326172
2016-06-15,135.8000030517578,101.57157897949219
2016-06-16,136.4600067138672,102.0652084350586
2016-06-17,135.61000061035156,101.42948913574219
2016-06-20,134.16000366210938,100.34493255615234
2016-06-21,133.5399932861328,99.88124084472656
2016-06-22,133.75999450683594,100.04579162597656
2016-06-23,132.22999572753906,98.9014663696289
2016-06-24,135.77999877929688,101.5566177368164
2016-06-27,139.1699981689453,104.09211730957031
2016-06-28,139.4600067138672,104.3090591430664
2016-06-29,138.38999938964844,103.50879669189453
2016-06-30,138.89999389648438,103.89021301269531
2016-07-01,140.57000732421875,105.33270263671875
2016-07-05,142.3300018310547,106.6515121459961
2016-07-06,142.55999755859375,106.82386016845703
2016-07-07,142.5500030517578,106.81641387939453
2016-07-08,143.60000610351562,107.60316467285156
2016-07-11,142.33999633789062,106.65900421142578
2016-07-12,140.0,104.90558624267578
2016-07-13,141.64999389648438,106.14202880859375
2016-07-14,139.58999633789062,104.5983657836914
2016-07-15,138.38999938964844,103.69914245605469
2016-07-18,138.25999450683594,103.60176849365234
2016-07-19,139.0399932861328,104.18623352050781
2016-07-20,138.27999877929688,103.61669921875
2016-07-21,138.55999755859375,103.82655334472656
2016-07-22,138.8000030517578,104.00635528564453
2016-07-25,138.6999969482422,103.93144226074219
2016-07-26,138.9199981689453,104.09635162353516
2016-07-27,140.64999389648438,105.3926010131836
2016-07-28,140.38999938964844,105.19781494140625
2016-07-29,141.55999755859375,106.07453918457031
2016-08-01,139.77000427246094,104.92448425292969
2016-08-02,138.3300018310547,103.84342956542969
2016-08-03,138.41000366210938,103.90352630615234
2016-08-04,139.4499969482422,104.68425750732422
2016-08-05,138.0,103.59571075439453
2016-08-08,138.25999450683594,103.79093170166016
2016-08-09,139.6199951171875,104.8119125366211
2016-08-10,140.16000366210938,105.2172622680664
2016-08-11,138.91000366210938,104.2789077758789
2016-08-12,140.0800018310547,105.15711975097656
2016-08-15,138.75999450683594,104.16625213623047
2016-08-16,138.38999938964844,103.88848876953125
2016-08-17,139.22000122070312,104.51158142089844
2016-08-18,139.44000244140625,104.67669677734375
2016-08-19,138.7100067138672,104.12873077392578
2016-08-22,139.8800048828125,105.0069808959961
2016-08-23,140.02999877929688,105.11964416503906
2016-08-24,139.6999969482422,104.87191772460938
2016-08-25,139.1699981689453,104.47398376464844
2016-08-26,138.36000061035156,103.86599731445312
2016-08-29,140.2100067138672,105.25479888916016
2016-08-30,139.6699981689453,104.8493423461914
2016-08-31,139.8699951171875,104.99954986572266
2016-09-01,139.77000427246094,105.11537170410156
2016-09-02,138.6300048828125,104.25802612304688
2016-09-06,139.63999938964844,105.01759338378906
2016-09-07,139.5399932861328,104.9423828125
2016-09-08,137.7899932861328,103.62629699707031
2016-09-09,135.52000427246094,101.91912078857422
2016-09-12,135.58999633789062,101.97171783447266
2016-09-13,134.0500030517578,100.81358337402344
2016-09-14,134.25,100.9639663696289
2016-09-15,133.6699981689453,100.52777862548828
2016-09-16,134.75,101.34005737304688
2016-09-19,134.30999755859375,101.00909423828125
2016-09-20,134.77999877929688,101.36260223388672
2016-09-21,135.8699951171875,102.18226623535156
2016-09-22,136.9499969482422,102.99449920654297
2016-09-23,136.82000732421875,102.89680480957031
2016-09-26,137.69000244140625,103.55110168457031
2016-09-27,138.6999969482422,104.31061553955078
2016-09-28,138.39999389648438,104.08505249023438
2016-09-29,138.75,104.3482437133789
2016-09-30,137.50999450683594,103.4156494140625
2016-10-03,136.80999755859375,103.07443237304688
2016-10-04,135.2100067138672,101.86893463134766
2016-10-05,134.5800018310547,101.39427947998047
2016-10-06,133.8300018310547,100.82925415039062
2016-10-07,133.9199981689453,100.89704132080078
2016-10-10,133.1300048828125,100.30186462402344
2016-10-11,132.8300018310547,100.0758056640625
2016-10-12,132.9600067138672,100.17377471923828
2016-10-13,133.4600067138672,100.55046081542969
2016-10-14,131.58999633789062,99.14154815673828
2016-10-17,132.42999267578125,99.77445983886719
2016-10-18,132.86000061035156,100.09842681884766
2016-10-19,132.97000122070312,100.18128204345703
2016-10-20,133.11000061035156,100.28675842285156
2016-10-21,133.30999755859375,100.43746948242188
2016-10-24,132.72999572753906,100.00045776367188
2016-10-25,133.0800018310547,100.26416015625
2016-10-26,132.17999267578125,99.58609008789062
2016-10-27,130.74000549316406,98.501220703125
2016-10-28,130.4499969482422,98.28273010253906
2016-10-31,131.25,98.88540649414062
2016-11-01,131.00999450683594,98.89292907714844
2016-11-02,131.5800018310547,99.3232650756836
2016-11-03,130.57000732421875,98.56080627441406
2016-11-04,131.74000549316406,99.44400787353516
2016-11-07,130.6199951171875,98.59857940673828
2016-11-08,130.08999633789062,98.19847106933594
2016-11-09,124.56999969482422,94.0317611694336
2016-11-10,122.7300033569336,92.64281463623047
2016-11-11,122.04000091552734,92.12196350097656
2016-11-14,121.30999755859375,91.57091522216797
2016-11-15,121.91000366210938,92.0238265991211
2016-11-16,123.01000213623047,92.8541488647461
2016-11-17,121.19999694824219,91.4879150390625
2016-11-18,120.8499984741211,91.22367095947266
2016-11-21,121.1500015258789,91.45014190673828
2016-11-22,121.11000061035156,91.41993713378906
2016-11-23,120.63999938964844,91.06515502929688
2016-11-25,120.81999969482422,91.20104217529297
2016-11-28,121.70999908447266,91.87285614013672
2016-11-29,122.22000122070312,92.25782775878906
2016-11-30,120.23999786376953,90.76325988769531
2016-12-01,118.7300033569336,89.80487060546875
2016-12-02,119.5999984741211,90.46299743652344
2016-12-05,119.47000122070312,90.36463165283203
2016-12-06,119.37999725341797,90.29655456542969
2016-12-07,120.4000015258789,91.06807708740234
2016-12-08,118.9800033569336,89.99398803710938
2016-12-09,117.5,88.87454223632812
2016-12-12,117.72000122070312,89.04096221923828
2016-12-13,118.13999938964844,89.35868072509766
2016-12-14,116.81999969482422,88.3602294921875
2016-12-15,117.41000366210938,88.80650329589844
2016-12-16,117.13999938964844,88.60224151611328
2016-12-19,118.4000015258789,89.5552749633789
2016-12-20,117.80999755859375,89.10902404785156
2016-12-21,118.33000183105469,89.50235748291016
2016-12-22,117.80999755859375,89.34233093261719
2016-12-23,118.05000305175781,89.52434539794922
2016-12-27,117.66999816894531,89.23617553710938
2016-12-28,118.52999877929688,89.88834381103516
2016-12-29,118.94999694824219,90.20684051513672
2016-12-30,119.12999725341797,90.34336853027344
2017-01-03,119.63999938964844,90.73014831542969
2017-01-04,120.0999984741211,91.07894134521484
2017-01-05,121.9800033569336,92.50469970703125
2017-01-06,120.86000061035156,91.65533447265625
2017-01-09,121.83000183105469,92.39093780517578
2017-01-10,121.75,92.33025360107422
2017-01-11,122.16000366210938,92.6412124633789
2017-01-12,121.88999938964844,92.43645477294922
2017-01-13,121.30999755859375,91.99663543701172
2017-01-17,122.58000183105469,92.9596939086914
2017-01-18,121.01000213623047,91.76909637451172
2017-01-19,120.18000030517578,91.1396255493164
2017-01-20,119.94000244140625,90.9576644897461
2017-01-23,121.13999938964844,91.86767578125
2017-01-24,120.30999755859375,91.23821258544922
2017-01-25,118.80000305175781,90.09310150146484
2017-01-26,119.19999694824219,90.39644622802734
2017-01-27,119.62999725341797,90.7225341796875
2017-01-30,119.2699966430664,90.44950866699219
2017-01-31,120.0999984741211,91.07894134521484
2017-02-01,119.0999984741211,90.51582336425781
2017-02-02,119.05000305175781,90.4778060913086
2017-02-03,119.0,90.43984985351562
2017-02-06,119.72000122070312,90.98701477050781
2017-02-07,120.5999984741211,91.65582275390625
2017-02-08,122.23999786376953,92.90221405029297
2017-02-09,120.83000183105469,91.83063507080078
2017-02-10,120.76000213623047,91.77742004394531
2017-02-13,120.37999725341797,91.48863220214844
2017-02-14,119.51000213623047,90.82740783691406
2017-02-15,118.95999908447266,90.40946960449219
2017-02-16,119.61000061035156,90.9034423828125
2017-02-17,120.31999969482422,91.44300842285156
2017-02-21,120.11000061035156,91.2834243774414
2017-02-22,120.30999755859375,91.43543243408203
2017-02-23,120.66999816894531,91.70902252197266
2017-02-24,122.01000213623047,92.72742462158203
2017-02-27,121.29000091552734,92.18022155761719
2017-02-28,121.73999786376953,92.52223205566406
2017-03-01,119.47000122070312,90.9718246459961
2017-03-02,119.04000091552734,90.64447784423828
2017-03-03,119.3499984741211,90.8805160522461
2017-03-06,118.77999877929688,90.44644927978516
2017-03-07,118.41999816894531,90.1723403930664
2017-03-08,117.77999877929688,89.68502044677734
2017-03-09,116.83999633789062,88.96923065185547
2017-03-10,117.25,89.28143310546875
2017-03-13,116.51000213623047,88.7179183959961
2017-03-14,117.06999969482422,89.14437103271484
2017-03-15,118.5,90.23324584960938
2017-03-16,117.9000015258789,89.77639770507812
2017-03-17,118.63999938964844,90.33982849121094
2017-03-20,119.1500015258789,90.7281723022461
2017-03-21,120.13999938964844,91.4820785522461
2017-03-22,120.62000274658203,91.8475341796875
2017-03-23,120.44999694824219,91.71810913085938
2017-03-24,120.87999725341797,92.0455322265625
2017-03-27,121.43000030517578,92.46437072753906
2017-03-28,120.62000274658203,91.8475341796875
2017-03-29,121.33999633789062,92.39581298828125
2017-03-30,120.36000061035156,91.64957427978516
2017-03-31,120.70999908447266,91.91607666015625
2017-04-03,121.66999816894531,92.84321594238281
2017-04-04,121.01000213623047,92.33959197998047
2017-04-05,121.37999725341797,92.62195587158203
2017-04-06,121.19999694824219,92.4845962524414
2017-04-07,120.70999908447266,92.11070251464844
2017-04-10,121.2699966430664,92.53800201416016
2017-04-11,122.41999816894531,93.41554260253906
2017-04-12,123.08999633789062,93.92678833007812
2017-04-13,123.47000122070312,94.2167739868164
2017-04-17,123.08999633789062,93.92678833007812
2017-04-18,124.69999694824219,95.15535736083984
2017-04-19,124.0199966430664,94.63645935058594
2017-04-20,123.54000091552734,94.27018737792969
2017-04-21,123.54000091552734,94.27018737792969
2017-04-24,122.93000030517578,93.8046875
2017-04-25,121.44999694824219,92.67533111572266
2017-04-26,122.12000274658203,93.18660736083984
2017-04-27,122.08000183105469,93.15606689453125
2017-04-28,122.3499984741211,93.36213684082031
2017-05-01,121.08000183105469,92.58598327636719
2017-05-02,121.69999694824219,93.06007385253906
2017-05-03,121.77999877929688,93.1212387084961
2017-05-04,121.18000030517578,92.66243743896484
2017-05-05,121.29000091552734,92.7465591430664
2017-05-08,120.62999725341797,92.24185943603516
2017-05-09,120.62000274658203,92.23423767089844
2017-05-10,120.4800033569336,92.1271743774414
2017-05-11,120.4800033569336,92.1271743774414
2017-05-12,121.38999938964844,92.82304382324219
2017-05-15,121.05999755859375,92.5706787109375
2017-05-16,121.51000213623047,92.914794921875
2017-05-17,123.27999877929688,94.26825714111328
2017-05-18,123.41999816894531,94.37531280517578
2017-05-19,123.70999908447266,94.59703826904297
2017-05-22,123.37000274658203,94.33707427978516
2017-05-23,122.54000091552734,93.70235443115234
2017-05-24,123.2300033569336,94.23001098632812
2017-05-25,123.2699966430664,94.26062774658203
2017-05-26,123.4800033569336,94.42123413085938
2017-05-30,124.08999633789062,94.88763427734375
2017-05-31,124.4000015258789,95.12469482421875
2017-06-01,124.1500015258789,95.1346664428711
2017-06-02,125.62000274658203,96.26109313964844
2017-06-05,124.83999633789062,95.66340637207031
2017-06-06,125.5199966430664,96.18448638916016
2017-06-07,124.91999816894531,95.72464752197266
2017-06-08,124.58999633789062,95.47180938720703
2017-06-09,124.4000015258789,95.32621765136719
2017-06-12,124.36000061035156,95.29558563232422
2017-06-13,124.37999725341797,95.31092834472656
2017-06-14,126.30000305175781,96.7821273803711
2017-06-15,126.0999984741211,96.62890625
2017-06-16,126.3499984741211,96.82049560546875
2017-06-19,126.16999816894531,96.68257141113281
2017-06-20,127.30000305175781,97.54844665527344
2017-06-21,127.55999755859375,97.7476577758789
2017-06-22,127.83999633789062,97.96224975585938
2017-06-23,127.77999877929688,97.9162368774414
2017-06-26,128.25999450683594,98.28406524658203
2017-06-27,126.88999938964844,97.2342300415039
2017-06-28,126.47000122070312,96.91243743896484
2017-06-29,125.41000366210938,96.10013580322266
2017-06-30,125.12000274658203,95.87794494628906
2017-07-03,124.45999908447266,95.56925964355469
2017-07-05,124.48999786376953,95.5922622680664
2017-07-06,123.45999908447266,94.80138397216797
2017-07-07,122.72000122070312,94.233154296875
2017-07-10,122.9000015258789,94.37138366699219
2017-07-11,123.11000061035156,94.53265380859375
2017-07-12,123.95999908447266,95.1853256225586
2017-07-13,123.18000030517578,94.58639526367188
2017-07-14,123.33000183105469,94.70156860351562
2017-07-17,123.66999816894531,94.96265411376953
2017-07-18,124.75,95.79190826416016
2017-07-19,124.80000305175781,95.83029174804688
2017-07-20,125.16000366210938,96.10678100585938
2017-07-21,125.69000244140625,96.51374816894531
2017-07-24,125.19999694824219,96.13750457763672
2017-07-25,123.56999969482422,94.8858413696289
2017-07-26,123.7699966430664,95.03939056396484
2017-07-27,123.16000366210938,94.57101440429688
2017-07-28,123.88999938964844,95.13156127929688
2017-07-31,124.04000091552734,95.24676513671875
2017-08-01,124.63999938964844,95.91548156738281
2017-08-02,124.70999908447266,95.9693832397461
2017-08-03,126.0,96.96205139160156
2017-08-04,124.93000030517578,96.13865661621094
2017-08-07,125.06999969482422,96.24639892578125
2017-08-08,124.62000274658203,95.90008544921875
2017-08-09,125.30000305175781,96.42339324951172
2017-08-10,126.37000274658203,97.24676513671875
2017-08-11,126.43000030517578,97.29296875
2017-08-14,125.77999877929688,96.79273223876953
2017-08-15,125.25,96.38484191894531
2017-08-16,125.70999908447266,96.7388916015625
2017-08-17,126.6500015258789,97.46227264404297
2017-08-18,126.62000274658203,97.4391860961914
2017-08-21,126.93000030517578,97.67771911621094
2017-08-22,126.44000244140625,97.3006820678711
2017-08-23,127.30000305175781,97.9624252319336
2017-08-24,126.83000183105469,97.60077667236328
2017-08-25,127.31999969482422,97.9778823852539
2017-08-28,127.23999786376953,97.91625213623047
2017-08-29,127.6500015258789,98.2318115234375
2017-08-30,127.61000061035156,98.20099639892578
2017-08-31,127.98999786376953,98.4934310913086
2017-09-01,126.75,97.74006652832031
2017-09-05,128.75999450683594,99.2900161743164
2017-09-06,127.97000122070312,98.68083190917969
2017-09-07,129.27999877929688,99.6910171508789
2017-09-08,129.0,99.47508239746094
2017-09-11,127.45999908447266,98.28755950927734
2017-09-12,126.79000091552734,97.77092742919922
2017-09-13,126.29000091552734,97.38536834716797
2017-09-14,126.80999755859375,97.78633117675781
2017-09-15,126.86000061035156,97.82489776611328
2017-09-18,126.12999725341797,97.26195526123047
2017-09-19,125.81999969482422,97.0229263305664
2017-09-20,125.91000366210938,97.09233856201172
2017-09-21,125.83999633789062,97.03836059570312
2017-09-22,126.19999694824219,97.31597137451172
2017-09-25,126.98999786376953,97.9251480102539
2017-09-26,126.76000213623047,97.74774169921875
2017-09-27,124.8499984741211,96.2749252319336
2017-09-28,124.4800033569336,95.98959350585938
2017-09-29,124.76000213623047,96.20555114746094
2017-10-02,124.27999877929688,96.02937316894531
2017-10-03,124.4000015258789,96.12210083007812
2017-10-04,124.41000366210938,96.12981414794922
2017-10-05,123.94000244140625,95.76663208007812
2017-10-06,123.58999633789062,95.49618530273438
2017-10-09,123.9800033569336,95.79755401611328
2017-10-10,124.18000030517578,95.95209503173828
2017-10-11,124.41999816894531,96.13752746582031
2017-10-12,124.94999694824219,96.54704284667969
2017-10-13,125.8499984741211,97.24247741699219
2017-10-16,125.76000213623047,97.17291259765625
2017-10-17,125.91999816894531,97.29657745361328
2017-10-18,125.08999633789062,96.6552505493164
2017-10-19,125.30999755859375,96.82518768310547
2017-10-20,123.9800033569336,95.79755401611328
2017-10-23,124.19999694824219,95.96752166748047
2017-10-24,123.43000030517578,95.3725357055664
2017-10-25,122.83999633789062,94.91668701171875
2017-10-26,122.43000030517578,94.59991455078125
2017-10-27,123.23999786376953,95.22576141357422
2017-10-30,124.41999816894531,96.13752746582031
2017-10-31,124.45999908447266,96.16844177246094
2017-11-01,124.75,96.59661102294922
2017-11-02,125.30000305175781,97.02250671386719
2017-11-03,125.63999938964844,97.28575134277344
2017-11-06,126.11000061035156,97.64970397949219
2017-11-07,126.63999938964844,98.06006622314453
2017-11-08,126.36000061035156,97.84332275390625
2017-11-09,126.0,97.56451416015625
2017-11-10,124.0999984741211,96.09330749511719
2017-11-13,124.36000061035156,96.29463195800781
2017-11-14,125.19999694824219,96.94505310058594
2017-11-15,126.55999755859375,97.99810791015625
2017-11-16,125.45999908447266,97.1463851928711
2017-11-17,126.38999938964844,97.86653137207031
2017-11-20,126.33999633789062,97.82780456542969
2017-11-21,126.73999786376953,98.13752746582031
2017-11-22,127.1500015258789,98.4549789428711
2017-11-24,126.80000305175781,98.18399047851562
2017-11-27,126.62000274658203,98.04462432861328
2017-11-28,126.79000091552734,98.17622375488281
2017-11-29,125.54000091552734,97.2083511352539
2017-11-30,125.12000274658203,96.88311767578125
2017-12-01,126.55000305175781,98.19050598144531
2017-12-04,126.61000061035156,98.23710632324219
2017-12-05,127.23999786376953,98.72589874267578
2017-12-06,127.68000030517578,99.06726837158203
2017-12-07,126.68000030517578,98.2914047241211
2017-12-08,126.69000244140625,98.29914093017578
2017-12-11,126.43000030517578,98.09742736816406
2017-12-12,126.37999725341797,98.05860900878906
2017-12-13,127.33000183105469,98.79572296142578
2017-12-14,127.87000274658203,99.2146987915039
2017-12-15,128.35000610351562,99.587158203125
2017-12-18,127.18000030517578,98.67931365966797
2017-12-19,125.52999877929688,97.39913940429688
2017-12-20,124.13999938964844,96.32056427001953
2017-12-21,124.5999984741211,96.88200378417969
2017-12-22,124.7699966430664,97.01416778564453
2017-12-26,125.13999938964844,97.30181121826172
2017-12-27,126.7699966430664,98.5692367553711
2017-12-28,126.66000366210938,98.4837417602539
2017-12-29,126.86000061035156,98.63922882080078
2018-01-02,125.48999786376953,97.57401275634766
2018-01-03,126.08999633789062,98.04051971435547
2018-01-04,126.06999969482422,98.02500915527344
2018-01-05,125.70999908447266,97.74505615234375
2018-01-08,125.62999725341797,97.68285369873047
2018-01-09,123.94999694824219,96.37664031982422
2018-01-10,123.80000305175781,96.25993347167969
2018-01-11,124.30999755859375,96.65646362304688
2018-01-12,124.5199966430664,96.81977081298828
2018-01-16,125.04000091552734,97.22407531738281
2018-01-17,124.87000274658203,97.09194946289062
2018-01-18,123.70999908447266,96.18993377685547
2018-01-19,123.05999755859375,95.6845703125
2018-01-22,123.18000030517578,95.77787017822266
2018-01-23,123.70999908447266,96.18993377685547
2018-01-24,123.04000091552734,95.66899871826172
2018-01-25,124.05000305175781,96.4543685913086
2018-01-26,123.58999633789062,96.09662628173828
2018-01-29,122.7300033569336,95.427978515625
2018-01-30,122.01000213623047,94.86817932128906
2018-01-31,122.7300033569336,95.427978515625
2018-02-01,120.69999694824219,94.04495239257812
2018-02-02,119.58000183105469,93.17230987548828
2018-02-05,120.70999908447266,94.05277252197266
2018-02-06,119.95999908447266,93.46837615966797
2018-02-07,118.81999969482422,92.58018493652344
2018-02-08,118.69000244140625,92.47884368896484
2018-02-09,117.94000244140625,91.89447784423828
2018-02-12,118.45999908447266,92.2996597290039
2018-02-13,118.98999786376953,92.71263885498047
2018-02-14,117.66999816894531,91.68408203125
2018-02-15,118.06999969482422,91.9957275390625
2018-02-16,118.70999908447266,92.4944076538086
2018-02-20,118.19000244140625,92.08928680419922
2018-02-21,116.73999786376953,90.95948028564453
2018-02-22,117.08999633789062,91.23218536376953
2018-02-23,118.12999725341797,92.0425033569336
2018-02-26,118.16999816894531,92.07367706298828
2018-02-27,118.0,91.94122314453125
2018-02-28,118.75,92.52561950683594
2018-03-01,119.31999969482422,93.15719604492188
2018-03-02,118.3499984741211,92.39988708496094
2018-03-05,118.02999877929688,92.1500473022461
2018-03-06,118.13999938964844,92.23594665527344
2018-03-07,118.01000213623047,92.13444519042969
2018-03-08,118.69000244140625,92.66532897949219
2018-03-09,117.91000366210938,92.05638885498047
2018-03-12,118.58999633789062,92.58727264404297
2018-03-13,119.19000244140625,93.05570983886719
2018-03-14,120.23999786376953,93.87549591064453
2018-03-15,120.23999786376953,93.87549591064453
2018-03-16,119.80999755859375,93.539794921875
2018-03-19,119.43000030517578,93.24308013916016
2018-03-20,118.94999694824219,92.8683090209961
2018-03-21,119.08000183105469,92.96984100341797
2018-03-22,120.26000213623047,93.8910903930664
2018-03-23,120.16999816894531,93.82086944580078
2018-03-26,119.70999908447266,93.46173858642578
2018-03-27,120.98999786376953,94.46102905273438
2018-03-28,121.30999755859375,94.71086883544922
2018-03-29,121.9000015258789,95.17150115966797
2018-04-02,121.87999725341797,95.35930633544922
2018-04-03,120.94000244140625,94.62385559082031
2018-04-04,120.69000244140625,94.42825317382812
2018-04-05,119.79000091552734,93.72406005859375
2018-04-06,121.0999984741211,94.7490234375
2018-04-09,121.30000305175781,94.90548706054688
2018-04-10,121.08000183105469,94.73336791992188
2018-04-11,121.51000213623047,95.06981658935547
2018-04-12,120.62000274658203,94.37342071533203
2018-04-13,120.9000015258789,94.59253692626953
2018-04-16,120.94000244140625,94.62385559082031
2018-04-17,121.2699966430664,94.88203430175781
2018-04-18,120.30000305175781,94.12305450439453
2018-04-19,119.31999969482422,93.3563232421875
2018-04-20,118.45999908447266,92.68348693847656
2018-04-23,118.48999786376953,92.70696258544922
2018-04-24,117.94999694824219,92.28440856933594
2018-04-25,117.16000366210938,91.6663589477539
2018-04-26,117.9800033569336,92.30793762207031
2018-04-27,118.88999938964844,93.0199203491211
2018-04-30,119.0999984741211,93.18418884277344
2018-05-01,118.41000366210938,92.84858703613281
2018-05-02,118.27999877929688,92.74666595458984
2018-05-03,118.80999755859375,93.1622543334961
2018-05-04,118.98999786376953,93.30338287353516
2018-05-07,118.80000305175781,93.15441131591797
2018-05-08,118.69000244140625,93.06815338134766
2018-05-09,117.9800033569336,92.51140594482422
2018-05-10,118.93000030517578,93.25631713867188
2018-05-11,119.2300033569336,93.49159240722656
2018-05-14,118.5999984741211,92.99759674072266
2018-05-15,117.25,91.93900299072266
2018-05-16,116.80000305175781,91.58615112304688
2018-05-17,116.20999908447266,91.1235122680664
2018-05-18,117.20999908447266,91.90766906738281
2018-05-21,117.2699966430664,91.95471954345703
2018-05-22,117.08999633789062,91.81352996826172
2018-05-23,117.94000244140625,92.48007202148438
2018-05-24,118.87999725341797,93.21715545654297
2018-05-25,119.62000274658203,93.79742431640625
2018-05-29,122.23999786376953,95.851806640625
2018-05-30,121.41999816894531,95.20880889892578
2018-05-31,121.22000122070312,95.05199432373047
2018-06-01,120.30000305175781,94.5497817993164
2018-06-04,119.43000030517578,93.86598205566406
2018-06-05,119.70999908447266,94.08610534667969
2018-06-06,118.73999786376953,93.32372283935547
2018-06-07,119.88999938964844,94.22753143310547
2018-06-08,119.52999877929688,93.94458770751953
2018-06-11,119.30999755859375,93.77168273925781
2018-06-12,119.33999633789062,93.7952651977539
2018-06-13,119.27999877929688,93.74810028076172
2018-06-14,120.2699966430664,94.52616882324219
2018-06-15,120.37999725341797,94.61268615722656
2018-06-18,120.2699966430664,94.52616882324219
2018-06-19,120.97000122070312,95.07638549804688
2018-06-20,119.91000366210938,94.24325561523438
2018-06-21,120.54000091552734,94.7384033203125
2018-06-22,120.52999877929688,94.73051452636719
2018-06-25,120.80000305175781,94.94273376464844
2018-06-26,120.97000122070312,95.07638549804688
2018-06-27,122.11000061035156,95.97232055664062
2018-06-28,122.13999938964844,95.99593353271484
2018-06-29,121.72000122070312,95.66584014892578
2018-07-02,121.3499984741211,95.59098815917969
2018-07-03,122.0,96.1030044555664
2018-07-05,122.3499984741211,96.37870025634766
2018-07-06,122.75,96.69380187988281
2018-07-09,121.95999908447266,96.07147979736328
2018-07-10,121.94999694824219,96.06362915039062
2018-07-11,122.41999816894531,96.43384552001953
2018-07-12,122.41000366210938,96.42595672607422
2018-07-13,122.72000122070312,96.67020416259766
2018-07-16,122.20999908447266,96.26844787597656
2018-07-17,121.9800033569336,96.0872573852539
2018-07-18,121.48999786376953,95.7012939453125
2018-07-19,122.26000213623047,96.30780792236328
2018-07-20,120.76000213623047,95.126220703125
2018-07-23,119.2699966430664,93.95252227783203
2018-07-24,119.68000030517578,94.27548217773438
2018-07-25,119.48999786376953,94.12582397460938
2018-07-26,119.26000213623047,93.94461822509766
2018-07-27,119.45999908447266,94.1021728515625
2018-07-30,119.05000305175781,93.77921295166016
2018-07-31,119.69999694824219,94.29124450683594
2018-08-01,118.45999908447266,93.52308654785156
2018-08-02,118.62999725341797,93.65730285644531
2018-08-03,119.22000122070312,94.12306213378906
2018-08-06,119.29000091552734,94.17833709716797
2018-08-07,118.66999816894531,93.68885040283203
2018-08-08,118.79000091552734,93.7835693359375
2018-08-09,119.79000091552734,94.57306671142578
2018-08-10,120.66000366210938,95.25994110107422
2018-08-13,120.41000366210938,95.06253814697266
2018-08-14,120.13999938964844,94.84937286376953
2018-08-15,120.83999633789062,95.40205383300781
2018-08-16,120.83000183105469,95.3941421508789
2018-08-17,120.9800033569336,95.5125732421875
2018-08-20,121.79000091552734,96.15209197998047
2018-08-21,121.37999725341797,95.82835388183594
2018-08-22,121.86000061035156,96.20731353759766
2018-08-23,122.05000305175781,96.3573226928711
2018-08-24,122.29000091552734,96.5467758178711
2018-08-27,121.58999633789062,95.99417114257812
2018-08-28,120.86000061035156,95.41783142089844
2018-08-29,121.0199966430664,95.54415130615234
2018-08-30,121.27999877929688,95.74942779541016
2018-08-31,121.0,95.5283203125
2018-09-04,120.02999877929688,94.9760513305664
2018-09-05,119.70999908447266,94.72284698486328
2018-09-06,120.1500015258789,95.0710220336914
2018-09-07,119.12999725341797,94.26392364501953
2018-09-10,119.56999969482422,94.61209106445312
2018-09-11,118.66000366210938,93.89202117919922
2018-09-12,118.94000244140625,94.11360931396484
2018-09-13,119.12000274658203,94.25601196289062
2018-09-14,118.55000305175781,93.80494689941406
2018-09-17,118.55000305175781,93.80494689941406
2018-09-18,117.30999755859375,92.82381439208984
2018-09-19,116.61000061035156,92.26993560791016
2018-09-20,117.1500015258789,92.69718933105469
2018-09-21,117.0999984741211,92.65763092041016
2018-09-24,116.80000305175781,92.42024993896484
2018-09-25,116.68000030517578,92.32530212402344
2018-09-26,117.5,92.97412872314453
2018-09-27,117.58000183105469,93.0374526977539
2018-09-28,117.2699966430664,92.79219055175781
2018-10-01,116.1500015258789,92.11095428466797
2018-10-02,116.86000061035156,92.67400360107422
2018-10-03,114.83000183105469,91.06417846679688
2018-10-04,114.0199966430664,90.42179107666016
2018-10-05,113.04000091552734,89.64459228515625
2018-10-08,112.66000366210938,89.34326934814453
2018-10-09,113.80000305175781,90.2472915649414
2018-10-10,113.48999786376953,90.00146484375
2018-10-11,114.87000274658203,91.09587097167969
2018-10-12,114.47000122070312,90.77864074707031
2018-10-15,114.41999816894531,90.73896026611328
2018-10-16,114.68000030517578,90.94518280029297
2018-10-17,114.0,90.40589904785156
2018-10-18,113.95999908447266,90.37417602539062
2018-10-19,113.70999908447266,90.17596435546875
2018-10-22,113.55999755859375,90.05699157714844
2018-10-23,113.91999816894531,90.34246826171875
2018-10-24,114.77999877929688,91.02449035644531
2018-10-25,114.30000305175781,90.64384460449219
2018-10-26,114.98999786376953,91.19100952148438
2018-10-29,114.7300033569336,90.98484802246094
2018-10-30,114.16000366210938,90.53279876708984
2018-10-31,113.58000183105469,90.0728530883789
2018-11-01,113.41000366210938,90.15629577636719
2018-11-02,112.0,89.035400390625
2018-11-05,112.44000244140625,89.38520050048828
2018-11-06,112.37000274658203,89.32955932617188
2018-11-07,112.5199966430664,89.44880676269531
2018-11-08,112.51000213623047,89.44084167480469
2018-11-09,113.3499984741211,90.10859680175781
2018-11-12,114.08999633789062,90.69688415527344
2018-11-13,114.0199966430664,90.64125061035156
2018-11-14,114.08999633789062,90.69688415527344
2018-11-15,114.04000091552734,90.65709686279297
2018-11-16,114.69999694824219,91.18180084228516
2018-11-19,115.0199966430664,91.43618774414062
2018-11-20,115.05999755859375,91.46800231933594
2018-11-21,115.0199966430664,91.43618774414062
2018-11-23,115.13999938964844,91.53156280517578
2018-11-26,114.87999725341797,91.32492065429688
2018-11-27,115.01000213623047,91.42823791503906
2018-11-28,114.44999694824219,90.98309326171875
2018-11-29,114.9000015258789,91.34075927734375
2018-11-30,115.33000183105469,91.6826171875
2018-12-03,115.87999725341797,92.33361053466797
2018-12-04,117.81999969482422,93.87937927246094
2018-12-06,118.19000244140625,94.17424774169922
2018-12-07,118.41000366210938,94.34955596923828
2018-12-10,118.9000015258789,94.73995971679688
2018-12-11,118.87999725341797,94.7240219116211
2018-12-12,118.3499984741211,94.30171203613281
2018-12-13,118.06999969482422,94.07860565185547
2018-12-14,118.4800033569336,94.40531158447266
2018-12-17,119.16999816894531,94.95511627197266
2018-12-18,119.5999984741211,95.52378845214844
2018-12-19,121.18000030517578,96.78571319580078
2018-12-20,120.73999786376953,96.43428039550781
2018-12-21,120.72000122070312,96.41828918457031
2018-12-24,121.31999969482422,96.8975601196289
2018-12-26,120.0199966430664,95.85921478271484
2018-12-27,120.04000091552734,95.87518310546875
2018-12-28,121.05000305175781,96.681884765625
2018-12-31,121.51000213623047,97.04924774169922
2019-01-02,122.1500015258789,97.56047058105469
2019-01-03,123.54000091552734,98.67066955566406
2019-01-04,122.11000061035156,97.52848815917969
2019-01-07,121.75,97.24095916748047
2019-01-08,121.43000030517578,96.9853744506836
2019-01-09,121.23999786376953,96.8336181640625
2019-01-10,120.45999908447266,96.21063995361328
2019-01-11,120.93000030517578,96.58604431152344
2019-01-14,120.4800033569336,96.22663116455078
2019-01-15,120.04000091552734,95.87518310546875
2019-01-16,120.16000366210938,95.97102355957031
2019-01-17,120.19000244140625,95.99500274658203
2019-01-18,119.55999755859375,95.49180603027344
2019-01-22,120.37000274658203,96.1388168334961
2019-01-23,120.31999969482422,96.09883117675781
2019-01-24,121.11000061035156,96.72980499267578
2019-01-25,120.52999877929688,96.26655578613281
2019-01-28,120.41000366210938,96.17068481445312
2019-01-29,121.0199966430664,96.65792846679688
2019-01-30,120.93000030517578,96.58604431152344
2019-01-31,121.97000122070312,97.41668701171875
2019-02-01,120.95999908447266,96.82829284667969
2019-02-04,120.41999816894531,96.39604949951172
2019-02-05,120.97000122070312,96.8363265991211
2019-02-06,121.02999877929688,96.88435363769531
2019-02-07,121.83000183105469,97.52473449707031
2019-02-08,122.3499984741211,97.94100189208984
2019-02-11,121.87000274658203,97.5567855834961
2019-02-12,121.55999755859375,97.30866241455078
2019-02-13,121.0999984741211,96.94037628173828
2019-02-14,121.79000091552734,97.49274444580078
2019-02-15,121.9800033569336,97.64482879638672
2019-02-19,122.29000091552734,97.89295959472656
2019-02-20,121.94000244140625,97.61280059814453
2019-02-21,120.8499984741211,96.74026489257812
2019-02-22,121.56999969482422,97.31659698486328
2019-02-25,121.20999908447266,97.02845764160156
2019-02-26,121.80999755859375,97.50872802734375
2019-02-27,120.43000030517578,96.4040756225586
2019-02-28,120.0199966430664,96.07583618164062
2019-03-01,118.66000366210938,95.18782043457031
2019-03-04,119.58999633789062,95.93387603759766
2019-03-05,119.83999633789062,96.13441467285156
2019-03-06,120.27999877929688,96.48736572265625
2019-03-07,121.05999755859375,97.11307525634766
2019-03-08,121.56999969482422,97.5221939086914
2019-03-11,121.20999908447266,97.2334213256836
2019-03-12,122.05999755859375,97.9152603149414
2019-03-13,121.83000183105469,97.73075866699219
2019-03-14,120.94999694824219,97.02481842041016
2019-03-15,121.75,97.66659545898438
2019-03-18,121.68000030517578,97.61043548583984
2019-03-19,121.41000366210938,97.39382934570312
2019-03-20,122.68000030517578,98.4126205444336
2019-03-21,122.94999694824219,98.62919616699219
2019-03-22,124.86000061035156,100.16141510009766
2019-03-25,125.05999755859375,100.32189178466797
2019-03-26,124.97000122070312,100.2496566772461
2019-03-27,126.12000274658203,101.1721420288086
2019-03-28,126.55999755859375,101.52513122558594
2019-03-29,126.44000244140625,101.42884063720703
2019-04-01,124.37000274658203,99.98817443847656
2019-04-02,124.5999984741211,100.173095703125
2019-04-03,123.5199966430664,99.30481719970703
2019-04-04,123.87000274658203,99.586181640625
2019-04-05,124.02999877929688,99.7148208618164
2019-04-08,123.58999633789062,99.36107635498047
2019-04-09,123.9800033569336,99.67462921142578
2019-04-10,124.27999877929688,99.91578674316406
2019-04-11,123.55000305175781,99.32891845703125
2019-04-12,122.66999816894531,98.6214370727539
2019-04-15,122.9800033569336,98.87069702148438
2019-04-16,122.20999908447266,98.25162506103516
2019-04-17,122.26000213623047,98.2918472290039
2019-04-18,122.9000015258789,98.80635833740234
2019-04-22,122.30999755859375,98.33203887939453
2019-04-23,122.56999969482422,98.54102325439453
2019-04-24,123.56999969482422,99.34502410888672
2019-04-25,123.38999938964844,99.20030212402344
2019-04-26,123.80999755859375,99.53792572021484
2019-04-29,123.0199966430664,98.9028091430664
2019-04-30,123.6500015258789,99.4093246459961
2019-05-01,123.9000015258789,99.81942749023438
2019-05-02,123.30999755859375,99.34404754638672
2019-05-03,123.66000366210938,99.62602996826172
2019-05-06,124.0,99.89996337890625
2019-05-07,124.94999694824219,100.66532135009766
2019-05-08,124.41000366210938,100.23027801513672
2019-05-09,124.91999816894531,100.64112854003906
2019-05-10,124.75,100.50421905517578
2019-05-13,125.7300033569336,101.29370880126953
2019-05-14,125.36000061035156,100.99564361572266
2019-05-15,126.12999725341797,101.61599731445312
2019-05-16,125.70999908447266,101.2776107788086
2019-05-17,125.98999786376953,101.50316619873047
2019-05-20,125.7300033569336,101.29370880126953
2019-05-21,125.52999877929688,101.13258361816406
2019-05-22,126.25,101.712646484375
2019-05-23,127.66999816894531,102.85667419433594
2019-05-24,127.77999877929688,102.9452896118164
2019-05-28,128.6999969482422,103.68645477294922
2019-05-29,129.08999633789062,104.00071716308594
2019-05-30,130.1999969482422,104.89493560791016
2019-05-31,131.8300018310547,106.2081527709961
2019-06-03,132.44000244140625,106.91859436035156
2019-06-04,130.92999267578125,105.69955444335938
2019-06-05,130.19000244140625,105.10215759277344
2019-06-06,130.61000061035156,105.44122314453125
2019-06-07,131.74000549316406,106.35350036621094
2019-06-10,130.5,105.35240173339844
2019-06-11,130.5800018310547,105.41702270507812
2019-06-12,130.67999267578125,105.49771881103516
2019-06-13,131.1300048828125,105.86103820800781
2019-06-14,131.4600067138672,106.12744903564453
2019-06-17,131.69000244140625,106.31307983398438
2019-06-18,132.35000610351562,106.84588623046875
2019-06-19,132.5399932861328,106.99931335449219
2019-06-20,132.88999938964844,107.28186798095703
2019-06-21,131.42999267578125,106.10320281982422
2019-06-24,132.41000366210938,106.89434051513672
2019-06-25,132.82000732421875,107.225341796875
2019-06-26,131.97000122070312,106.53913879394531
2019-06-27,132.89999389648438,107.28994750976562
2019-06-28,132.80999755859375,107.21724700927734
2019-07-01,132.24000549316406,106.96649932861328
2019-07-02,133.25999450683594,107.79159545898438
2019-07-03,134.2100067138672,108.56002044677734
2019-07-05,132.42999267578125,107.12017059326172
2019-07-08,132.61000061035156,107.26587677001953
2019-07-09,132.55999755859375,107.22537231445312
2019-07-10,131.8300018310547,106.63487243652344
2019-07-11,130.07000732421875,105.21123504638672
2019-07-12,130.22000122070312,105.33257293701172
2019-07-15,130.97000122070312,105.939208984375
2019-07-16,130.5800018310547,105.623779296875
2019-07-17,131.99000549316406,106.76429748535156
2019-07-18,132.0,106.7723388671875
2019-07-19,131.69000244140625,106.52162170410156
2019-07-22,131.94000244140625,106.72386169433594
2019-07-23,131.22000122070312,106.14143371582031
2019-07-24,131.7899932861328,106.60250854492188
2019-07-25,131.16000366210938,106.09294891357422
2019-07-26,131.47000122070312,106.34367370605469
2019-07-29,131.50999450683594,106.37602996826172
2019-07-30,131.8300018310547,106.63487243652344
2019-07-31,132.88999938964844,107.4923095703125
2019-08-01,135.25999450683594,109.62712860107422
2019-08-02,136.50999450683594,110.64028930664062
2019-08-05,138.8699951171875,112.55301666259766
2019-08-06,139.97999572753906,113.45268249511719
2019-08-07,140.02999877929688,113.49319458007812
2019-08-08,140.3300018310547,113.73633575439453
2019-08-09,140.0500030517578,113.50940704345703
2019-08-12,142.97000122070312,115.87602996826172
2019-08-13,142.47999572753906,115.47883605957031
2019-08-14,145.69000244140625,118.08056640625
2019-08-15,147.30999755859375,119.39354705810547
2019-08-16,146.1300048828125,118.43719482421875
2019-08-19,144.0399932861328,116.74325561523438
2019-08-20,145.52999877929688,117.95086669921875
2019-08-21,144.55999755859375,117.1646728515625
2019-08-22,143.60000610351562,116.38665771484375
2019-08-23,145.9600067138672,118.29936218261719
2019-08-26,145.3699951171875,117.82119750976562
2019-08-27,147.61000061035156,119.63673400878906
2019-08-28,147.8000030517578,119.7906723022461
2019-08-29,147.24000549316406,119.33683013916016
2019-08-30,147.27999877929688,119.36922454833984
2019-09-03,147.2100067138672,119.52352905273438
2019-09-04,147.42999267578125,119.70211029052734
2019-09-05,144.75999450683594,117.53430938720703
2019-09-06,145.7899932861328,118.3705825805664
2019-09-09,143.1999969482422,116.26768493652344
2019-09-10,140.69000244140625,114.22978210449219
2019-09-11,140.44000244140625,114.02677917480469
2019-09-12,139.52000427246094,113.27977752685547
2019-09-13,136.5399932861328,110.86027526855469
2019-09-16,138.27999877929688,112.27303314208984
2019-09-17,139.02999877929688,112.88199615478516
2019-09-18,139.6199951171875,113.36100006103516
2019-09-19,140.0399932861328,113.7020263671875
2019-09-20,141.88999938964844,115.2040786743164
2019-09-23,141.86000061035156,115.17967987060547
2019-09-24,143.57000732421875,116.56810760498047
2019-09-25,141.47000122070312,114.86305236816406
2019-09-26,142.3800048828125,115.60193634033203
2019-09-27,142.72999572753906,115.88607025146484
2019-09-30,143.0800018310547,116.17024230957031
2019-10-01,143.25999450683594,116.52005767822266
2019-10-02,143.61000061035156,116.80467224121094
2019-10-03,144.9199981689453,117.87016296386719
2019-10-04,145.99000549316406,118.74042510986328
2019-10-07,144.77999877929688,117.75630950927734
2019-10-08,145.1699981689453,118.07347106933594
2019-10-09,144.35000610351562,117.40653991699219
2019-10-10,142.1999969482422,115.65778350830078
2019-10-11,140.44000244140625,114.2263412475586
2019-10-14,141.4600067138672,115.05597686767578
2019-10-15,139.75,113.66516876220703
2019-10-16,139.9199981689453,113.80342864990234
2019-10-17,139.5800018310547,113.52689361572266
2019-10-18,139.5800018310547,113.52689361572266
2019-10-21,138.52999877929688,112.67284393310547
2019-10-22,139.33999633789062,113.33165740966797
2019-10-23,139.47999572753906,113.4455795288086
2019-10-24,139.1999969482422,113.21782684326172
2019-10-25,138.52000427246094,112.66474914550781
2019-10-28,137.25999450683594,111.63990020751953
2019-10-29,137.35000610351562,111.713134765625
2019-10-30,139.36000061035156,113.3479232788086
2019-10-31,141.24000549316406,114.8770751953125
2019-11-01,140.55999755859375,114.5234146118164
2019-11-04,138.7100067138672,113.01609802246094
2019-11-05,137.14999389648438,111.74506378173828
2019-11-06,137.97999572753906,112.42140197753906
2019-11-07,135.47999572753906,110.38444519042969
2019-11-08,134.91000366210938,109.92000579833984
2019-11-11,135.0,109.99333953857422
2019-11-12,135.6199951171875,110.49850463867188
2019-11-13,136.5,111.21551513671875
2019-11-14,137.91000366210938,112.36426544189453
2019-11-15,137.75999450683594,112.2420654296875
2019-11-18,138.00999450683594,112.44575500488281
2019-11-19,139.16000366210938,113.38282012939453
2019-11-20,140.60000610351562,114.5560073852539
2019-11-21,139.72000122070312,113.83904266357422
2019-11-22,139.89999389648438,113.9856948852539
2019-11-25,140.30999755859375,114.31965637207031
2019-11-26,141.1300048828125,114.98783111572266
2019-11-27,140.72000122070312,114.65376281738281
2019-11-29,140.4199981689453,114.40933990478516
2019-12-02,138.30999755859375,112.88391876220703
2019-12-03,141.2100067138672,115.25081634521484
2019-12-04,139.8000030517578,114.10001373291016
2019-12-05,139.1199951171875,113.5450439453125
2019-12-06,138.35000610351562,112.91661834716797
2019-12-09,138.64999389648438,113.16148376464844
2019-12-10,138.66000366210938,113.16958618164062
2019-12-11,139.75,114.05921173095703
2019-12-12,137.4499969482422,112.18201446533203
2019-12-13,139.0399932861328,113.4797592163086
2019-12-16,137.7899932861328,112.45954895019531
2019-12-17,137.60000610351562,112.30449676513672
2019-12-18,136.47000122070312,111.3822250366211
2019-12-19,136.47000122070312,111.56044006347656
2019-12-20,136.64999389648438,111.7075424194336
2019-12-23,136.4499969482422,111.54403686523438
2019-12-24,136.83999633789062,111.86286926269531
2019-12-26,137.1699981689453,112.1326675415039
2019-12-27,137.32000732421875,112.25527954101562
2019-12-30,136.82000732421875,111.84654998779297
2019-12-31,135.47999572753906,110.75109100341797
2020-01-02,137.00999450683594,112.00182342529297
2020-01-03,139.1199951171875,113.72673034667969
2020-01-06,138.3300018310547,113.0809097290039
2020-01-07,137.64999389648438,112.52503204345703
2020-01-08,136.74000549316406,111.78116607666016
2020-01-09,137.22000122070312,112.17350769042969
2020-01-10,138.44000244140625,113.1707992553711
2020-01-13,138.02000427246094,112.8274917602539
2020-01-14,138.72999572753906,113.40788269042969
2020-01-15,139.64999389648438,114.15997314453125
2020-01-16,139.2100067138672,113.80033111572266
2020-01-17,138.02000427246094,112.8274917602539
2020-01-21,139.47000122070312,114.01280975341797
2020-01-22,139.9600067138672,114.41332244873047
2020-01-23,140.94000244140625,115.21448516845703
2020-01-24,142.0800018310547,116.14643096923828
2020-01-27,144.2899932861328,117.9530029296875
2020-01-28,143.16000366210938,117.02925872802734
2020-01-29,144.55999755859375,118.17373657226562
2020-01-30,144.5800018310547,118.19007873535156
2020-01-31,145.89999389648438,119.2691879272461
2020-02-03,145.5399932861328,119.1725845336914
2020-02-04,143.5800018310547,117.56763458251953
2020-02-05,142.00999450683594,116.2821044921875
2020-02-06,142.64999389648438,116.80611419677734
2020-02-07,144.42999267578125,118.26368713378906
2020-02-10,144.8300018310547,118.5911636352539
2020-02-11,144.10000610351562,117.99342346191406
2020-02-12,143.3699951171875,117.39569854736328
2020-02-13,143.9199981689453,117.84601593017578
2020-02-14,144.5500030517578,118.36186981201172
2020-02-18,145.5399932861328,119.1725845336914
2020-02-19,145.52999877929688,119.16438293457031
2020-02-20,146.6699981689453,120.09779357910156
2020-02-21,148.0399932861328,121.21959686279297
2020-02-24,150.25,123.0291976928711
2020-02-25,151.0500030517578,123.68429565429688
2020-02-26,150.25,123.0291976928711
2020-02-27,151.8800048828125,124.3638687133789
2020-02-28,155.30999755859375,127.1725082397461
2020-03-02,153.94000244140625,126.23686218261719
2020-03-03,156.3300018310547,128.19671630859375
2020-03-04,154.6699981689453,126.8354721069336
2020-03-05,158.52000427246094,129.99261474609375
2020-03-06,166.77000427246094,136.75796508789062
2020-03-09,171.2899932861328,140.4645233154297
2020-03-10,162.50999450683594,133.26455688476562
2020-03-11,156.52999877929688,128.36073303222656
2020-03-12,157.5,129.15614318847656
2020-03-13,153.94000244140625,126.23686218261719
2020-03-16,163.91000366210938,134.41262817382812
2020-03-17,152.97999572753906,125.44957733154297
2020-03-18,144.35000610351562,118.3726806640625
2020-03-19,148.27999877929688,121.59544372558594
2020-03-20,159.42999267578125,130.73883056640625
2020-03-23,166.0,136.1265106201172
2020-03-24,162.91000366210938,133.59263610839844
2020-03-25,162.5399932861328,133.28915405273438
2020-03-26,163.33999633789062,133.94520568847656
2020-03-27,167.6999969482422,137.52061462402344
2020-03-30,166.32000732421875,136.3889617919922
2020-03-31,164.97000122070312,135.2819061279297
2020-04-01,167.0399932861328,137.17730712890625
2020-04-02,168.10000610351562,138.0477294921875
2020-04-03,168.5,138.37628173828125
2020-04-06,168.05999755859375,138.0149383544922
2020-04-07,166.3000030517578,136.56956481933594
2020-04-08,165.08999633789062,135.57582092285156
2020-04-09,165.38999938964844,135.82228088378906
2020-04-13,163.8800048828125,134.58229064941406
2020-04-14,163.83999633789062,134.54937744140625
2020-04-15,168.17999267578125,138.1134490966797
2020-04-16,170.08999633789062,139.68202209472656
2020-04-17,167.80999755859375,137.80963134765625
2020-04-20,169.16000366210938,138.9182891845703
2020-04-21,171.2899932861328,140.66751098632812
2020-04-22,169.5399932861328,139.23036193847656
2020-04-23,170.44000244140625,139.969482421875
2020-04-24,170.83999633789062,140.2979736328125
2020-04-27,167.66000366210938,137.68638610839844
2020-04-28,169.58999633789062,139.2713623046875
2020-04-29,168.7100067138672,138.5487823486328
2020-04-30,166.74000549316406,136.9309539794922
2020-05-01,167.9499969482422,138.103515625
2020-05-04,167.16000366210938,137.45384216308594
2020-05-05,166.08999633789062,136.5740203857422
2020-05-06,163.41000366210938,134.37034606933594
2020-05-07,166.13999938964844,136.6151580810547
2020-05-08,163.97999572753906,134.8390350341797
2020-05-11,162.6999969482422,133.7864990234375
2020-05-12,164.3699951171875,135.15960693359375
2020-05-13,165.52000427246094,136.10533142089844
2020-05-14,167.13999938964844,137.4373779296875
2020-05-15,166.7100067138672,137.0838165283203
2020-05-18,163.0500030517578,134.07424926757812
2020-05-19,163.66000366210938,134.5758514404297
2020-05-20,164.14999389648438,134.97869873046875
2020-05-21,164.55999755859375,135.31588745117188
2020-05-22,165.5500030517578,136.13002014160156
2020-05-26,163.3300018310547,134.3044891357422
2020-05-27,163.02999877929688,134.05787658691406
2020-05-28,162.42999267578125,133.56446838378906
2020-05-29,163.58999633789062,134.51828002929688
2020-06-01,162.27999877929688,133.61268615722656
2020-06-02,161.69000244140625,133.12681579589844
2020-06-03,159.5399932861328,131.35662841796875
2020-06-04,157.22999572753906,129.4547119140625
2020-06-05,156.11000061035156,128.53256225585938
2020-06-08,156.7100067138672,129.0265350341797
2020-06-09,158.49000549316406,130.49212646484375
2020-06-10,160.83999633789062,132.42701721191406
2020-06-11,163.8800048828125,134.9300537109375
2020-06-12,162.3000030517578,133.6291046142578
2020-06-15,162.38999938964844,133.70315551757812
2020-06-16,159.89999389648438,131.6529998779297
2020-06-17,160.55999755859375,132.19644165039062
2020-06-18,162.25999450683594,133.59609985351562
2020-06-19,162.38999938964844,133.70315551757812
2020-06-22,162.41000366210938,133.71966552734375
2020-06-23,161.3000030517578,132.80581665039062
2020-06-24,163.02999877929688,134.23019409179688
2020-06-25,163.5,134.6171112060547
2020-06-26,165.25,136.05796813964844
2020-06-29,164.72999572753906,135.6298370361328
2020-06-30,163.92999267578125,134.97116088867188
2020-07-01,163.4199981689453,134.7090301513672
2020-07-02,163.58999633789062,134.84915161132812
2020-07-06,162.9199981689453,134.296875
2020-07-07,165.2100067138672,136.18446350097656
2020-07-08,164.5500030517578,135.64051818847656
2020-07-09,167.1699981689453,137.80015563964844
2020-07-10,166.3300018310547,137.10780334472656
2020-07-13,166.8800048828125,137.56112670898438
2020-07-14,167.1199951171875,137.75900268554688
2020-07-15,166.33999633789062,137.11593627929688
2020-07-16,167.1300048828125,137.76718139648438
2020-07-17,166.77999877929688,137.47872924804688
2020-07-20,167.19000244140625,137.81666564941406
2020-07-21,167.2899932861328,137.8991241455078
2020-07-22,167.7899932861328,138.3112335205078
2020-07-23,169.75,139.92689514160156
2020-07-24,169.74000549316406,139.91867065429688
2020-07-27,169.11000061035156,139.39932250976562
2020-07-28,170.27999877929688,140.36376953125
2020-07-29,169.99000549316406,140.12474060058594
2020-07-30,171.11000061035156,141.0479736328125
2020-07-31,171.0,140.9573516845703
2020-08-03,169.9499969482422,140.24755859375
2020-08-04,171.57000732421875,141.58445739746094
2020-08-05,170.07000732421875,140.34661865234375
2020-08-06,171.02000427246094,141.13063049316406
2020-08-07,169.8800048828125,140.18978881835938
2020-08-10,169.1199951171875,139.56268310546875
2020-08-11,167.11000061035156,137.90391540527344
2020-08-12,165.58999633789062,136.6495819091797
2020-08-13,163.82000732421875,135.18890380859375
2020-08-14,163.17999267578125,134.6607208251953
2020-08-17,163.58999633789062,134.9991455078125
2020-08-18,164.75999450683594,135.96470642089844
2020-08-19,163.72999572753906,135.1146240234375
2020-08-20,165.2100067138672,136.33596801757812
2020-08-21,166.1999969482422,137.1529541015625
2020-08-24,165.92999267578125,136.93019104003906
2020-08-25,164.66000366210938,135.8822021484375
2020-08-26,164.02999877929688,135.36227416992188
2020-08-27,161.24000549316406,133.05982971191406
2020-08-28,161.1199951171875,132.96080017089844
2020-08-31,162.19000244140625,133.84378051757812
2020-09-01,163.86000061035156,135.37469482421875
2020-09-02,165.4199981689453,136.6635284423828
2020-09-03,165.88999938964844,137.05181884765625
2020-09-04,162.74000549316406,134.44944763183594
2020-09-08,163.74000549316406,135.27557373046875
2020-09-09,163.3000030517578,134.9120635986328
2020-09-10,164.1300048828125,135.5977783203125
2020-09-11,164.47999572753906,135.8868865966797
2020-09-14,164.47000122070312,135.87864685058594
2020-09-15,164.07000732421875,135.54818725585938
2020-09-16,163.5800018310547,135.14337158203125
2020-09-17,164.0800018310547,135.55648803710938
2020-09-18,163.57000732421875,135.1351318359375
2020-09-21,164.39999389648438,135.8208770751953
2020-09-22,164.27000427246094,135.71343994140625
2020-09-23,164.49000549316406,135.8952178955078
2020-09-24,165.1199951171875,136.41567993164062
2020-09-25,165.1199951171875,136.41567993164062
2020-09-28,164.64999389648438,136.02745056152344
2020-09-29,164.83999633789062,136.18429565429688
2020-09-30,163.25999450683594,134.87896728515625
2020-10-01,163.36000061035156,135.10145568847656
2020-10-02,162.75,134.5970458984375
2020-10-05,159.57000732421875,131.96710205078125
2020-10-06,160.42999267578125,132.6782989501953
2020-10-07,159.25999450683594,131.71066284179688
2020-10-08,160.1199951171875,132.4219207763672
2020-10-09,160.08999633789062,132.39703369140625
2020-10-12,160.60000610351562,132.81890869140625
2020-10-13,161.75,133.76995849609375
2020-10-14,162.1199951171875,134.07595825195312
2020-10-15,161.83999633789062,133.8444061279297
2020-10-16,161.38999938964844,133.4722900390625
2020-10-19,160.77999877929688,132.96778869628906
2020-10-20,159.25,131.7024383544922
2020-10-21,158.6999969482422,131.24761962890625
2020-10-22,157.0500030517578,129.88304138183594
2020-10-23,158.00999450683594,130.67694091796875
2020-10-26,159.47999572753906,131.89273071289062
2020-10-27,160.5500030517578,132.77752685546875
2020-10-28,160.6999969482422,132.90164184570312
2020-10-29,159.13999938964844,131.61151123046875
2020-10-30,157.57000732421875,130.31309509277344
2020-11-02,158.5800018310547,131.28909301757812
2020-11-03,157.66000366210938,130.5275115966797
2020-11-04,161.0800018310547,133.35890197753906
2020-11-05,161.36000061035156,133.59072875976562
2020-11-06,159.41000366210938,131.97630310058594
2020-11-09,156.05999755859375,129.20281982421875
2020-11-10,155.16000366210938,128.4577178955078
2020-11-11,155.72000122070312,128.92132568359375
2020-11-12,158.3699951171875,131.1152801513672
2020-11-13,158.16000366210938,130.9414520263672
2020-11-16,157.77999877929688,130.62684631347656
2020-11-17,158.80999755859375,131.47959899902344
2020-11-18,159.27000427246094,131.86036682128906
2020-11-19,160.08999633789062,132.5392608642578
2020-11-20,161.50999450683594,133.71495056152344
2020-11-23,160.77000427246094,133.1022186279297
2020-11-24,159.1699981689453,131.7776336669922
2020-11-25,158.67999267578125,131.37196350097656
2020-11-27,160.22000122070312,132.6468963623047
2020-11-30,160.02000427246094,132.4813690185547
2020-12-01,157.5,130.52798461914062
2020-12-02,156.25,129.49200439453125
2020-12-03,157.50999450683594,130.5362548828125
2020-12-04,155.1999969482422,128.6218719482422
2020-12-07,156.60000610351562,129.78211975097656
2020-12-08,157.33999633789062,130.39537048339844
2020-12-09,156.82000732421875,129.96441650390625
2020-12-10,158.2100067138672,131.1163787841797
2020-12-11,158.77000427246094,131.58045959472656
2020-12-14,158.3300018310547,131.21585083007812
2020-12-15,157.8000030517578,130.77664184570312
2020-12-16,157.3800048828125,130.42852783203125
2020-12-17,156.8000030517578,130.08343505859375
2020-12-18,156.3300018310547,129.69349670410156
2020-12-21,156.9499969482422,130.20782470703125
2020-12-22,157.75999450683594,130.87986755371094
2020-12-23,156.6699981689453,129.9755401611328
2020-12-24,157.2899932861328,130.4898681640625
2020-12-28,157.36000061035156,130.54791259765625
2020-12-29,157.16000366210938,130.38209533691406
2020-12-30,157.5,130.66412353515625
2020-12-31,157.72999572753906,130.85491943359375
2021-01-04,157.5399932861328,130.69740295410156
2021-01-05,156.3699951171875,129.72665405273438
2021-01-06,153.16000366210938,127.0636215209961
2021-01-07,151.80999755859375,125.94365692138672
2021-01-08,151.32000732421875,125.5370864868164
2021-01-11,151.07000732421875,125.32975006103516
2021-01-12,150.9499969482422,125.23011779785156
2021-01-13,152.64999389648438,126.64057922363281
2021-01-14,151.22000122070312,125.45413970947266
2021-01-15,151.82000732421875,125.95194244384766
2021-01-19,152.30999755859375,126.35848236083984
2021-01-20,152.4600067138672,126.48286437988281
2021-01-21,151.38999938964844,125.59527587890625
2021-01-22,151.8800048828125,126.0017318725586
2021-01-25,153.6699981689453,127.48667907714844
2021-01-26,153.3800048828125,127.24617004394531
2021-01-27,153.77000427246094,127.56966400146484
2021-01-28,152.9199981689453,126.86454010009766
2021-01-29,152.0,126.10118865966797
2021-02-01,152.0,126.24739074707031
2021-02-02,151.02000427246094,125.43344116210938
2021-02-03,149.67999267578125,124.32048034667969
2021-02-04,149.27999877929688,123.98827362060547
2021-02-05,148.02999877929688,122.9500503540039
2021-02-08,148.67999267578125,123.48993682861328
2021-02-09,148.7899932861328,123.58126831054688
2021-02-10,149.77999877929688,124.40357971191406
2021-02-11,148.9600067138672,123.72248077392578
2021-02-12,147.11000061035156,122.1859359741211
2021-02-16,144.8699951171875,120.32543182373047
2021-02-17,145.7899932861328,121.08956146240234
2021-02-18,145.1999969482422,120.59951782226562
2021-02-19,143.27000427246094,118.99654388427734
2021-02-22,142.17999267578125,118.09119415283203
2021-02-23,141.77000427246094,117.7506332397461
2021-02-24,140.83999633789062,116.9781723022461
2021-02-25,138.5399932861328,115.06786346435547
2021-02-26,143.1199951171875,118.87194061279297
2021-03-01,141.05999755859375,117.30191802978516
2021-03-02,141.07000732421875,117.31018829345703
2021-03-03,139.5399932861328,116.03792572021484
2021-03-04,138.63999938964844,115.28951263427734
2021-03-05,138.91000366210938,115.5140380859375
2021-03-08,137.8300018310547,114.61595153808594
2021-03-09,139.74000549316406,116.20426177978516
2021-03-10,140.02000427246094,116.43706512451172
2021-03-11,139.00999450683594,115.59719848632812
2021-03-12,136.05999755859375,113.14403533935547
2021-03-15,136.86000061035156,113.80929565429688
2021-03-16,136.30999755859375,113.35191345214844
2021-03-17,135.2899932861328,112.50370025634766
2021-03-18,133.9199981689453,111.36447143554688
2021-03-19,134.75,112.0546875
2021-03-22,136.25999450683594,113.31034851074219
2021-03-23,137.49000549316406,114.33324432373047
2021-03-24,138.22999572753906,114.94856262207031
2021-03-25,137.13999938964844,114.04216003417969
2021-03-26,136.66000366210938,113.64299011230469
2021-03-29,135.5,112.6783676147461
2021-03-30,136.2100067138672,113.26879119873047
2021-03-31,135.4499969482422,112.63677978515625
2021-04-01,137.50999450683594,114.50617980957031
2021-04-05,136.91000366210938,114.0065689086914
2021-04-06,137.83999633789062,114.78102111816406
2021-04-07,136.8800048828125,113.98159790039062
2021-04-08,138.00999450683594,114.92253112792969
2021-04-09,137.50999450683594,114.50617980957031
2021-04-12,137.4499969482422,114.45626831054688
2021-04-13,138.47999572753906,115.31391143798828
2021-04-14,138.0399932861328,114.94752502441406
2021-04-15,140.35000610351562,116.87117004394531
2021-04-16,139.25999450683594,115.96347045898438
2021-04-19,138.86000061035156,115.63038635253906
2021-04-20,139.5,116.16329956054688
2021-04-21,139.77999877929688,116.3964614868164
2021-04-22,140.38999938964844,116.90449523925781
2021-04-23,140.05999755859375,116.62965393066406
2021-04-26,139.86000061035156,116.46307373046875
2021-04-27,138.63999938964844,115.44720458984375
2021-04-28,138.72999572753906,115.52214050292969
2021-04-29,138.32000732421875,115.18067932128906
2021-04-30,138.63999938964844,115.44720458984375
2021-05-03,138.52000427246094,115.51642608642578
2021-05-04,139.4600067138672,116.3003158569336
2021-05-05,139.69000244140625,116.4921875
2021-05-06,139.9199981689453,116.68392944335938
2021-05-07,139.22999572753906,116.10848999023438
2021-05-10,137.82000732421875,114.93266296386719
2021-05-11,137.0399932861328,114.28218078613281
2021-05-12,135.60000610351562,113.08135986328125
2021-05-13,135.80999755859375,113.25646209716797
2021-05-14,137.0800018310547,114.3155746459961
2021-05-17,136.7899932861328,114.07367706298828
2021-05-18,136.44000244140625,113.7818832397461
2021-05-19,136.11000061035156,113.5066146850586
2021-05-20,137.22999572753906,114.44062042236328
2021-05-21,137.6699981689453,114.80754852294922
2021-05-24,138.17999267578125,115.23292541503906
2021-05-25,139.4600067138672,116.3003158569336
2021-05-26,139.22000122070312,116.10017395019531
2021-05-27,138.66000366210938,115.6331787109375
2021-05-28,138.44000244140625,115.44970703125
2021-06-01,138.2100067138672,115.4238052368164
2021-06-02,138.52999877929688,115.69105529785156
2021-06-03,138.00999450683594,115.25672912597656
2021-06-04,139.89999389648438,116.83518981933594
2021-06-07,139.47000122070312,116.47608947753906
2021-06-08,140.4499969482422,117.29450225830078
2021-06-09,141.69000244140625,118.33007049560547
2021-06-10,142.5399932861328,119.03988647460938
2021-06-11,142.30999755859375,118.84781646728516
2021-06-14,141.22000122070312,117.93755340576172
2021-06-15,141.0500030517578,117.79559326171875
2021-06-16,140.92999267578125,117.69532775878906
2021-06-17,143.0399932861328,119.4574966430664
2021-06-18,145.72999572753906,121.7040023803711
2021-06-21,143.2899932861328,119.66626739501953
2021-06-22,143.63999938964844,119.95858764648438
2021-06-23,143.27000427246094,119.64961242675781
2021-06-24,143.5,119.84165954589844
2021-06-25,142.00999450683594,118.5973129272461
2021-06-28,143.47000122070312,119.81660461425781
2021-06-29,143.7100067138672,120.01702880859375
2021-06-30,144.35000610351562,120.551513671875
2021-07-01,144.1699981689453,120.55821228027344
2021-07-02,145.0399932861328,121.28569793701172
2021-07-06,146.74000549316406,122.70722961425781
2021-07-07,148.0399932861328,123.7943344116211
2021-07-08,148.6199951171875,124.2794189453125
2021-07-09,146.52999877929688,122.53168487548828
2021-07-12,146.33999633789062,122.37283325195312
2021-07-13,145.22000122070312,121.43620300292969
2021-07-14,146.8699951171875,122.81600952148438
2021-07-15,148.49000549316406,124.17066955566406
2021-07-16,148.2100067138672,123.93657684326172
2021-07-19,151.4600067138672,126.65428161621094
2021-07-20,150.0,125.43341827392578
2021-07-21,148.10000610351562,123.84451293945312
2021-07-22,149.5,125.01531219482422
2021-07-23,148.5,124.17900848388672
2021-07-26,148.05999755859375,123.81106567382812
2021-07-27,149.63999938964844,125.13238525390625
2021-07-28,149.64999389648438,125.14069366455078
2021-07-29,148.82000732421875,124.44664001464844
2021-07-30,149.52000427246094,125.0320053100586
2021-08-02,150.6699981689453,126.14718627929688
2021-08-03,150.75,126.21417999267578
2021-08-04,151.05999755859375,126.47378540039062
2021-08-05,150.2899932861328,125.82904815673828
2021-08-06,147.77999877929688,123.72750854492188
2021-08-09,147.25,123.28384399414062
2021-08-10,146.57000732421875,122.71451568603516
2021-08-11,146.47999572753906,122.63916778564453
2021-08-12,146.24000549316406,122.43824768066406
2021-08-13,148.5500030517578,124.37226867675781
2021-08-16,148.91000366210938,124.67366027832031
2021-08-17,148.85000610351562,124.6233901977539
2021-08-18,149.35000610351562,125.04212188720703
2021-08-19,150.4499969482422,125.96302795410156
2021-08-20,150.5500030517578,126.0467529296875
2021-08-23,150.4499969482422,125.96302795410156
2021-08-24,149.27999877929688,124.98341369628906
2021-08-25,148.0399932861328,123.9452896118164
2021-08-26,148.4499969482422,124.28849792480469
2021-08-27,149.4600067138672,125.13414764404297
2021-08-30,149.85000610351562,125.46070098876953
2021-08-31,148.8300018310547,124.60664367675781
2021-09-01,148.88999938964844,124.81546020507812
2021-09-02,149.5399932861328,125.3603286743164
2021-09-03,148.17999267578125,124.22020721435547
2021-09-07,146.92999267578125,123.1723403930664
2021-09-08,147.92999267578125,124.01063537597656
2021-09-09,149.72000122070312,125.51121520996094
2021-09-10,148.39999389648438,124.40460968017578
2021-09-13,149.3000030517578,125.15913391113281
2021-09-14,151.11000061035156,126.67644500732422
2021-09-15,150.5800018310547,126.23216247558594
2021-09-16,149.88999938964844,125.6537857055664
2021-09-17,149.1699981689453,125.05010986328125
2021-09-20,151.02000427246094,126.60103607177734
2021-09-21,150.88999938964844,126.49205780029297
2021-09-22,151.7899932861328,127.2464599609375
2021-09-23,148.36000061035156,124.37109375
2021-09-24,146.91000366210938,123.15559387207031
2021-09-27,146.3699951171875,122.70288848876953
2021-09-28,144.08999633789062,120.79159545898438
2021-09-29,144.33999633789062,121.00113677978516
2021-09-30,144.32000732421875,120.98434448242188
2021-10-01,145.35000610351562,122.00252532958984
2021-10-04,144.97999572753906,121.6919174194336
2021-10-05,143.5800018310547,120.51680755615234
2021-10-06,144.38999938964844,121.19676971435547
2021-10-07,142.8800048828125,119.92926025390625
2021-10-08,141.8800048828125,119.08992004394531
2021-10-11,141.52000427246094,118.78770446777344
2021-10-12,143.94000244140625,120.8189926147461
2021-10-13,145.33999633789062,121.994140625
2021-10-14,145.8800048828125,122.44740295410156
2021-10-15,145.02999877929688,121.73391723632812
2021-10-18,145.7100067138672,122.30470275878906
2021-10-19,143.6999969482422,120.61751556396484
2021-10-20,142.72999572753906,119.8033676147461
2021-10-21,142.55999755859375,119.66069030761719
2021-10-22,144.1300048828125,120.97847747802734
2021-10-25,143.91000366210938,120.79378509521484
2021-10-26,145.10000610351562,121.79268646240234
2021-10-27,147.74000549316406,124.00859069824219
2021-10-28,147.24000549316406,123.58890533447266
2021-10-29,147.69000244140625,123.96663665771484
2021-11-01,146.44000244140625,123.07405853271484
2021-11-02,147.08999633789062,123.62032318115234
2021-11-03,145.57000732421875,122.3428955078125
2021-11-04,147.10000610351562,123.62877655029297
2021-11-05,149.3000030517578,125.47779846191406
2021-11-08,149.02000427246094,125.24236297607422
2021-11-09,150.9600067138672,126.87289428710938
2021-11-10,148.1999969482422,124.55323791503906
2021-11-11,147.97999572753906,124.36835479736328
2021-11-12,147.3300018310547,123.82206726074219
2021-11-15,145.47999572753906,122.26730346679688
2021-11-16,145.11000061035156,121.95630645751953
2021-11-17,146.25999450683594,122.9228286743164
2021-11-18,146.80999755859375,123.38505554199219
2021-11-19,148.36000061035156,124.687744140625
2021-11-22,146.6199951171875,123.22541809082031
2021-11-23,144.5,121.44364929199219
2021-11-24,146.82000732421875,123.39350891113281
2021-11-26,150.52999877929688,126.51152038574219
2021-11-29,149.32000732421875,125.49455261230469
2021-11-30,151.58999633789062,127.40229797363281
2021-12-01,152.33999633789062,128.1882781982422
2021-12-02,152.52999877929688,128.34814453125
2021-12-03,154.35000610351562,129.87962341308594
2021-12-06,152.22999572753906,128.09573364257812
2021-12-07,151.0,127.06071472167969
2021-12-08,148.38999938964844,124.8644790649414
2021-12-09,149.22000122070312,125.56291198730469
2021-12-10,148.86000061035156,125.25997161865234
2021-12-13,151.05999755859375,127.11117553710938
2021-12-14,150.6999969482422,126.8083267211914
2021-12-15,149.25,125.58819580078125
2021-12-16,149.13999938964844,125.63700103759766
2021-12-17,150.8300018310547,127.06069946289062
2021-12-20,149.6999969482422,126.10877227783203
2021-12-21,149.1300048828125,125.62862396240234
2021-12-22,149.82000732421875,126.20990753173828
2021-12-23,148.52000427246094,125.11469268798828
2021-12-27,148.8800048828125,125.41796875
2021-12-28,148.2899932861328,124.92097473144531
2021-12-29,146.6699981689453,123.55628967285156
2021-12-30,147.89999389648438,124.5924072265625
2021-12-31,148.19000244140625,124.83673095703125
2022-01-03,144.3000030517578,121.55980682373047
2022-01-04,143.6999969482422,121.0542984008789
2022-01-05,142.9199981689453,120.39726257324219
2022-01-06,143.2899932861328,120.70895385742188
2022-01-07,142.25999450683594,119.84123229980469
2022-01-10,142.61000061035156,120.13610076904297
2022-01-11,143.55999755859375,120.9364013671875
2022-01-12,143.00999450683594,120.47307586669922
2022-01-13,144.27999877929688,121.54290008544922
2022-01-14,142.10000610351562,119.70645904541016
2022-01-18,140.10000610351562,118.02163696289062
2022-01-19,141.07000732421875,118.83878326416016
2022-01-20,141.94000244140625,119.57167053222656
2022-01-21,143.6300048828125,120.995361328125
2022-01-24,142.4499969482422,120.00128173828125
2022-01-25,142.22000122070312,119.80753326416016
2022-01-26,140.5,118.35859680175781
2022-01-27,143.0800018310547,120.53203582763672
2022-01-28,143.1300048828125,120.57415008544922
2022-01-31,142.38999938964844,119.95074462890625
2022-02-01,141.72000122070312,119.5526123046875
2022-02-02,142.1999969482422,119.95747375488281
2022-02-03,141.08999633789062,119.0211410522461
2022-02-04,139.00999450683594,117.26644897460938
2022-02-07,139.10000610351562,117.34242248535156
2022-02-08,138.1699981689453,116.55785369873047
2022-02-09,138.42999267578125,116.77716064453125
2022-02-10,136.22999572753906,114.92129516601562
2022-02-11,138.25,116.62535858154297
2022-02-14,136.52999877929688,115.1744155883789
2022-02-15,134.97999572753906,113.86682891845703
2022-02-16,135.77999877929688,114.54173278808594
2022-02-17,136.7899932861328,115.39374542236328
2022-02-18,138.22999572753906,116.60843658447266
2022-02-22,138.58999633789062,116.91215515136719
2022-02-23,136.67999267578125,115.30094146728516
2022-02-24,136.77000427246094,115.37683868408203
2022-02-25,136.8699951171875,115.46122741699219
2022-02-28,139.8699951171875,117.99197387695312
2022-03-01,141.3000030517578,119.35619354248047
2022-03-02,136.47000122070312,115.2762451171875
2022-03-03,137.86000061035156,116.45035552978516
2022-03-04,140.24000549316406,118.46076965332031
2022-03-07,139.1699981689453,117.55694580078125
2022-03-08,137.77000427246094,116.37435150146484
2022-03-09,136.4199981689453,115.2340087890625
2022-03-10,134.4600067138672,113.57840728759766
2022-03-11,134.91000366210938,113.95854187011719
2022-03-14,131.75999450683594,111.29771423339844
2022-03-15,131.52999877929688,111.10345458984375
2022-03-16,132.82000732421875,112.19306945800781
2022-03-17,131.8300018310547,111.3568344116211
2022-03-18,133.44000244140625,112.716796875
2022-03-21,130.35000610351562,110.106689453125
2022-03-22,128.67999267578125,108.69606018066406
2022-03-23,131.5,111.0781021118164
2022-03-24,130.47000122070312,110.20806884765625
2022-03-25,128.66000366210938,108.67913055419922
2022-03-28,129.75999450683594,109.60832977294922
2022-03-29,130.74000549316406,110.43611145019531
2022-03-30,131.75999450683594,111.29771423339844
2022-03-31,132.0800018310547,111.56800842285156
2022-04-01,132.3800048828125,111.99269104003906
2022-04-04,131.4600067138672,111.21440124511719
2022-04-05,128.49000549316406,108.70181274414062
2022-04-06,127.44999694824219,107.82197570800781
2022-04-07,126.48999786376953,107.00980377197266
2022-04-08,125.12000274658203,105.85078430175781
2022-04-11,123.13999938964844,104.17572784423828
2022-04-12,122.97000122070312,104.03189849853516
2022-04-13,123.22000122070312,104.24339294433594
2022-04-14,120.75,102.1537857055664
2022-04-18,120.1500015258789,101.64620971679688
2022-04-19,119.25,100.88479614257812
2022-04-20,121.6500015258789,102.91516876220703
2022-04-21,120.75,102.1537857055664
2022-04-22,119.98999786376953,101.51082611083984
2022-04-25,121.19000244140625,102.52604675292969
2022-04-26,122.41000366210938,103.5581283569336
2022-04-27,120.83999633789062,102.22993469238281
2022-04-28,121.0199966430664,102.38218688964844
2022-04-29,119.44999694824219,101.05403900146484
2022-05-02,117.18000030517578,99.3023452758789
2022-05-03,117.97000122070312,99.97183990478516
2022-05-04,118.62000274658203,100.52265167236328
2022-05-05,115.37000274658203,97.76849365234375
2022-05-06,113.66999816894531,96.32787322998047
2022-05-09,114.66999816894531,97.17529296875
2022-05-10,115.70999908447266,98.0566177368164
2022-05-11,117.94000244140625,99.94640350341797
2022-05-12,117.72000122070312,99.75994110107422
2022-05-13,115.9800033569336,98.28544616699219
2022-05-16,115.86000061035156,98.18372344970703
2022-05-17,114.45999908447266,96.99734497070312
2022-05-18,116.9000015258789,99.06505584716797
2022-05-19,117.18000030517578,99.3023452758789
2022-05-20,118.51000213623047,100.4294662475586
2022-05-23,116.55999755859375,98.77693939208984
2022-05-24,118.86000061035156,100.7260513305664
2022-05-25,119.33000183105469,101.12432098388672
2022-05-26,118.79000091552734,100.66671752929688
2022-05-27,119.08000183105469,100.91246795654297
2022-05-31,116.55999755859375,98.77693939208984
2022-06-01,116.22000122070312,98.6640396118164
2022-06-02,116.27999877929688,98.71501159667969
2022-06-03,116.02999877929688,98.50273132324219
2022-06-06,113.88999938964844,96.68602752685547
2022-06-07,115.12000274658203,97.730224609375
2022-06-08,114.0999984741211,96.86427307128906
2022-06-09,114.4800033569336,97.18684387207031
2022-06-10,113.7699966430664,96.58409118652344
2022-06-13,110.19999694824219,93.55339813232422
2022-06-14,108.80999755859375,92.37337493896484
2022-06-15,110.83999633789062,94.09671783447266
2022-06-16,111.72000122070312,94.84384155273438
2022-06-17,112.08000183105469,95.1494369506836
2022-06-21,110.18000030517578,93.53646087646484
2022-06-22,113.20999908447266,96.10871887207031
2022-06-23,114.13999938964844,96.89823150634766
2022-06-24,112.55999755859375,95.55691528320312
2022-06-27,111.5999984741211,94.7419204711914
2022-06-28,112.12000274658203,95.18335723876953
2022-06-29,113.87000274658203,96.66901397705078
2022-06-30,114.87000274658203,97.51795959472656
2022-07-01,115.81999969482422,98.51914978027344
2022-07-05,116.7300033569336,99.293212890625
2022-07-06,114.7699966430664,97.62599182128906
2022-07-07,113.76000213623047,96.76687622070312
2022-07-08,112.5,95.69509887695312
2022-07-11,114.44000244140625,97.34528350830078
2022-07-12,115.12000274658203,97.9237060546875
2022-07-13,116.44000244140625,99.04651641845703
2022-07-14,115.48999786376953,98.2384262084961
2022-07-15,116.13999938964844,98.79134368896484
2022-07-18,114.93000030517578,97.7620849609375
2022-07-19,114.30999755859375,97.23471069335938
2022-07-20,114.61000061035156,97.48988342285156
2022-07-21,116.58999633789062,99.17411041259766
2022-07-22,118.55000305175781,100.84136199951172
2022-07-25,117.38999938964844,99.85462951660156
2022-07-26,117.4800033569336,99.93120574951172
2022-07-27,116.81999969482422,99.3697738647461
2022-07-28,117.75,100.16083526611328
2022-07-29,117.43000030517578,99.8886489868164
2022-08-01,120.04000091552734,102.29432678222656
2022-08-02,117.5,100.12982940673828
2022-08-03,119.3499984741211,101.70632934570312
2022-08-04,119.30999755859375,101.6722412109375
2022-08-05,116.47000122070312,99.2520980834961
2022-08-08,118.3499984741211,100.8541259765625
2022-08-09,117.88999938964844,100.4621810913086
2022-08-10,117.12000274658203,99.80598449707031
2022-08-11,114.38999938964844,97.47957611083984
2022-08-12,115.55000305175781,98.46805572509766
2022-08-15,115.44999694824219,98.38287353515625
2022-08-16,115.93000030517578,98.79191589355469
2022-08-17,114.72000122070312,97.76080322265625
2022-08-18,114.88999938964844,97.90568542480469
2022-08-19,113.04000091552734,96.32913970947266
2022-08-22,112.66000366210938,96.00531768798828
2022-08-23,112.04000091552734,95.47698211669922
2022-08-24,111.22000122070312,94.7781982421875
2022-08-25,112.7699966430664,96.09905242919922
2022-08-26,113.62000274658203,96.82340240478516
2022-08-29,112.68000030517578,96.02233123779297
2022-08-30,112.95999908447266,96.26097869873047
2022-08-31,111.87999725341797,95.34062194824219
2022-09-01,109.5999984741211,93.59512329101562
2022-09-02,110.22000122070312,94.12457275390625
2022-09-06,107.48999786376953,91.7932357788086
2022-09-07,109.19000244140625,93.24496459960938
2022-09-08,108.06999969482422,92.28849792480469
2022-09-09,108.30999755859375,92.49347686767578
2022-09-12,107.41999816894531,91.73345947265625
2022-09-13,107.66999816894531,91.94696044921875
2022-09-14,108.04000091552734,92.262939453125
2022-09-15,107.97000122070312,92.20311737060547
2022-09-16,107.06999969482422,91.43455505371094
2022-09-19,107.31999969482422,91.64805603027344
2022-09-20,106.25,90.73430633544922
2022-09-21,108.02999877929688,92.25434875488281
2022-09-22,105.2699966430664,89.89741516113281
2022-09-23,105.69999694824219,90.2646255493164
2022-09-26,103.68000030517578,88.53958129882812
2022-09-27,100.94999694824219,86.20829010009766
2022-09-28,104.33000183105469,89.09468841552734
2022-09-29,103.79000091552734,88.63355255126953
2022-09-30,102.44999694824219,87.48924255371094
2022-10-03,103.83000183105469,88.87938690185547
2022-10-04,103.54000091552734,88.63113403320312
2022-10-05,102.55000305175781,87.78369140625
2022-10-06,101.9800033569336,87.29576110839844
2022-10-07,100.98999786376953,86.44830322265625
2022-10-10,99.41999816894531,85.1043930053711
2022-10-11,99.86000061035156,85.48101043701172
2022-10-12,100.3499984741211,85.90045928955078
2022-10-13,99.38999938964844,85.07869720458984
2022-10-14,98.56999969482422,84.37679290771484
2022-10-17,98.08999633789062,83.96588134765625
2022-10-18,98.31999969482422,84.16275787353516
2022-10-19,96.52999877929688,82.63050842285156
2022-10-20,94.87999725341797,81.21810150146484
2022-10-21,93.16999816894531,79.75431060791016
2022-10-24,92.4000015258789,79.09517669677734
2022-10-25,95.08999633789062,81.39785766601562
2022-10-26,96.45999908447266,82.57059478759766
2022-10-27,97.47000122070312,83.4351806640625
2022-10-28,96.80000305175781,82.86161041259766
2022-10-31,96.11000061035156,82.27100372314453
2022-11-01,96.7699966430664,83.03984832763672
2022-11-02,96.3499984741211,82.679443359375
2022-11-03,95.83000183105469,82.23323059082031
2022-11-04,94.22000122070312,80.8516616821289
2022-11-07,93.27999877929688,80.0450439453125
2022-11-08,94.30000305175781,80.92032623291016
2022-11-09,94.61000061035156,81.18634796142578
2022-11-10,98.25,84.30987548828125
2022-11-11,97.88999938964844,84.00094604492188
2022-11-14,97.6500015258789,83.79499816894531
2022-11-15,99.2300033569336,85.15084075927734
2022-11-16,101.4000015258789,87.012939453125
2022-11-17,100.33000183105469,86.09474182128906
2022-11-18,99.63999938964844,85.50263977050781
2022-11-21,100.05999755859375,85.86307525634766
2022-11-22,101.4800033569336,87.08158874511719
2022-11-23,103.25,88.60047149658203
2022-11-25,102.9000015258789,88.30013275146484
2022-11-28,103.19000244140625,88.54898834228516
2022-11-29,101.9800033569336,87.51063537597656
2022-11-30,102.7300033569336,88.15423583984375
2022-12-01,105.76000213623047,90.97039031982422
2022-12-02,107.08999633789062,92.1144027709961
2022-12-05,105.58999633789062,90.82415008544922
2022-12-06,106.94999694824219,91.9939956665039
2022-12-07,109.47000122070312,94.16157531738281
2022-12-08,109.16999816894531,93.90354919433594
2022-12-09,106.33000183105469,91.46067810058594
2022-12-12,106.66999816894531,91.75314331054688
2022-12-13,107.69999694824219,92.63909912109375
2022-12-14,108.16000366210938,93.03478240966797
2022-12-15,108.31999969482422,93.39776611328125
2022-12-16,107.11000061035156,92.35448455810547
2022-12-19,105.30999755859375,90.80244445800781
2022-12-20,103.44000244140625,89.19007110595703
2022-12-21,103.69999694824219,89.41421508789062
2022-12-22,103.68000030517578,89.39698791503906
2022-12-23,102.16000366210938,88.08638763427734
2022-12-27,100.13999938964844,86.34465789794922
2022-12-28,99.55000305175781,85.83594512939453
2022-12-29,100.68000030517578,86.81026458740234
2022-12-30,99.55999755859375,85.84458923339844
2023-01-03,101.45999908447266,87.4828109741211
2023-01-04,102.8499984741211,88.68133544921875
2023-01-05,103.27999877929688,89.05209350585938
2023-01-06,105.18000030517578,90.69034576416016
2023-01-09,105.73999786376953,91.17320251464844
2023-01-10,103.98999786376953,89.66429901123047
2023-01-11,105.68000030517578,91.12149810791016
2023-01-12,107.76000213623047,92.9149169921875
2023-01-13,106.75,92.04405212402344
2023-01-17,106.05999755859375,91.44911193847656
2023-01-18,108.62999725341797,93.66508483886719
2023-01-19,107.94999694824219,93.07876586914062
2023-01-20,106.19999694824219,91.56980895996094
2023-01-23,105.69999694824219,91.13872528076172
2023-01-24,107.22000122070312,92.4493179321289
2023-01-25,107.4800033569336,92.67350006103516
2023-01-26,106.9800033569336,92.24237823486328
2023-01-27,106.70999908447266,92.00955200195312
2023-01-30,106.31999969482422,91.67327117919922
2023-01-31,107.16999816894531,92.40620422363281
2023-02-01,108.18000030517578,93.51702117919922
2023-02-02,108.31999969482422,93.6380386352539
2023-02-03,106.69999694824219,92.2376480102539
2023-02-06,105.91000366210938,91.55473327636719
2023-02-07,105.05999755859375,90.8199462890625
2023-02-08,105.55999755859375,91.25214385986328
2023-02-09,104.55999755859375,90.38772583007812
2023-02-10,103.38999938964844,89.37625885009766
2023-02-13,104.26000213623047,90.12837219238281
2023-02-14,104.0199966430664,89.9208984375
2023-02-15,103.05000305175781,89.08238220214844
2023-02-16,101.58999633789062,87.82026672363281
2023-02-17,102.37999725341797,88.50315856933594
2023-02-21,100.38999938964844,86.78291320800781
2023-02-22,101.30999755859375,87.57823181152344
2023-02-23,102.30000305175781,88.43404388427734
2023-02-24,100.97000122070312,87.28430938720703
2023-02-27,101.25,87.52635192871094
2023-02-28,101.70999908447266,87.92398834228516
2023-03-01,100.37000274658203,86.97943115234375
2023-03-02,99.4800033569336,86.20814514160156
2023-03-03,101.88999938964844,88.296630859375
2023-03-06,101.0999984741211,87.61200714111328
2023-03-07,101.72000122070312,88.14930725097656
2023-03-08,101.81999969482422,88.23597717285156
2023-03-09,102.06999969482422,88.4526138305664
2023-03-10,105.58999633789062,91.50299072265625
2023-03-13,105.83000183105469,91.71097564697266
2023-03-14,104.08999633789062,90.203125
2023-03-15,106.0999984741211,91.94495391845703
2023-03-16,105.2699966430664,91.22570037841797
2023-03-17,106.8499984741211,92.59492492675781
2023-03-20,105.91000366210938,91.78034210205078
2023-03-21,105.0,90.99172973632812
2023-03-22,106.4000015258789,92.2049560546875
2023-03-23,106.4000015258789,92.2049560546875
2023-03-24,106.8499984741211,92.59492492675781
2023-03-27,104.33999633789062,90.41980743408203
2023-03-28,104.52999877929688,90.58441162109375
2023-03-29,104.31999969482422,90.4024429321289
2023-03-30,104.80000305175781,90.81841278076172
2023-03-31,106.37000274658203,92.178955078125
2023-04-03,106.5999984741211,92.61246490478516
2023-04-04,107.12999725341797,93.07294464111328
2023-04-05,108.25,94.04595947265625
2023-04-06,108.52999877929688,94.2892074584961
2023-04-10,106.77999877929688,92.7688217163086
2023-04-11,107.0,92.95997619628906
2023-04-12,106.88999938964844,92.86441040039062
2023-04-13,106.05000305175781,92.13465118408203
2023-04-14,105.08000183105469,91.29191589355469
2023-04-17,103.83000183105469,90.20594787597656
2023-04-18,104.19999694824219,90.52739715576172
2023-04-19,104.0999984741211,90.44052124023438
2023-04-20,104.98999786376953,91.21370697021484
2023-04-21,104.4000015258789,90.70114135742188
2023-04-24,105.41000366210938,91.57859802246094
2023-04-25,106.95999908447266,92.92522430419922
2023-04-26,105.81999969482422,91.934814453125
2023-04-27,104.7699966430664,91.02257537841797
2023-04-28,106.45999908447266,92.4908218383789
2023-05-01,103.12999725341797,89.82392883300781
2023-05-02,105.69999694824219,92.06232452392578
2023-05-03,106.29000091552734,92.57623291015625
2023-05-04,105.23999786376953,91.66167449951172
2023-05-05,104.88999938964844,91.35681915283203
2023-05-08,103.41999816894531,90.07649993896484
2023-05-09,103.05000305175781,89.75422668457031
2023-05-10,104.05000305175781,90.62522888183594
2023-05-11,105.1500015258789,91.5832748413086
2023-05-12,104.2699966430664,90.81682586669922
2023-05-15,103.19000244140625,89.87618255615234
2023-05-16,102.87999725341797,89.60618591308594
2023-05-17,102.58000183105469,89.34487915039062
2023-05-18,101.81999969482422,88.68290710449219
2023-05-19,101.0999984741211,88.05581665039062
2023-05-22,100.73999786376953,87.74227142333984
2023-05-23,101.02999877929688,87.99485778808594
2023-05-24,100.52999877929688,87.55937957763672
2023-05-25,100.27999877929688,87.34162139892578
2023-05-26,101.08999633789062,88.04711151123047
2023-05-30,102.0999984741211,88.92679595947266
2023-05-31,102.98999786376953,89.70196533203125
2023-06-01,103.12000274658203,90.05388641357422
2023-06-02,101.98999786376953,89.06704711914062
2023-06-05,101.80000305175781,88.90117645263672
2023-06-06,102.4000015258789,89.42512512207031
2023-06-07,100.87999725341797,88.09772491455078
2023-06-08,102.05999755859375,89.12821197509766
2023-06-09,101.91999816894531,89.00596618652344
2023-06-12,102.22000122070312,89.26795196533203
2023-06-13,101.20999908447266,88.38590240478516
2023-06-14,102.0199966430664,89.09330749511719
2023-06-15,103.0,89.9491195678711
2023-06-16,102.5999984741211,89.59977722167969
2023-06-20,103.30999755859375,90.21983337402344
2023-06-21,103.55999755859375,90.43817138671875
2023-06-22,102.30999755859375,89.34651947021484
2023-06-23,103.33000183105469,90.2372817993164
2023-06-26,103.44000244140625,90.33336639404297
2023-06-27,103.16999816894531,90.09757995605469
2023-06-28,103.61000061035156,90.4818344116211
2023-06-29,101.73999786376953,88.84874725341797
2023-06-30,102.94000244140625,89.89672088623047
2023-07-03,102.08000183105469,89.38706970214844
2023-07-05,101.11000061035156,88.53770446777344
2023-07-06,99.68000030517578,87.28553009033203
2023-07-07,99.08000183105469,86.76008605957031
2023-07-10,99.20999908447266,86.87393951416016
2023-07-11,99.72000122070312,87.32054138183594
2023-07-12,100.83000183105469,88.2925033569336
2023-07-13,101.88999938964844,89.22069549560547
2023-07-14,101.29000091552734,88.69534301757812
2023-07-17,101.33999633789062,88.73910522460938
2023-07-18,101.80000305175781,89.14190673828125
2023-07-19,102.94999694824219,90.1489028930664
2023-07-20,101.69999694824219,89.05432891845703
2023-07-21,101.7300033569336,89.08060455322266
2023-07-24,101.36000061035156,88.75659942626953
2023-07-25,101.16999816894531,88.59021759033203
2023-07-26,101.2699966430664,88.67781829833984
2023-07-27,99.30000305175781,86.95275115966797
2023-07-28,99.80999755859375,87.39936065673828
2023-07-31,100.05000305175781,87.60950469970703
2023-08-01,98.13999938964844,86.17383575439453
2023-08-02,97.08999633789062,85.25188446044922
2023-08-03,94.8499984741211,83.28500366210938
2023-08-04,96.52999877929688,84.76014709472656
2023-08-07,95.58000183105469,83.92598724365234
2023-08-08,96.69000244140625,84.900634765625
2023-08-09,97.19000244140625,85.33969116210938
2023-08-10,95.58999633789062,83.93476867675781
2023-08-11,95.37000274658203,83.74160766601562
2023-08-14,95.16000366210938,83.55718994140625
2023-08-15,94.58000183105469,83.04792022705078
2023-08-16,93.83999633789062,82.39813995361328
2023-08-17,93.44000244140625,82.04692077636719
2023-08-18,93.7699966430664,82.33670043945312
2023-08-21,92.5199966430664,81.23910522460938
2023-08-22,93.2300033569336,81.86251831054688
2023-08-23,95.54000091552734,83.89087677001953
2023-08-24,94.91000366210938,83.33769989013672
2023-08-25,95.22000122070312,83.60990142822266
2023-08-28,95.31999969482422,83.69767761230469
2023-08-29,96.30999755859375,84.56695556640625
2023-08-30,96.20999908447266,84.47916412353516
2023-08-31,96.63999938964844,84.85673522949219
2023-09-01,94.8499984741211,83.53482055664062
2023-09-05,93.5199966430664,82.36347961425781
2023-09-06,93.75,82.5660171508789
2023-09-07,94.01000213623047,82.79500579833984
2023-09-08,94.37000274658203,83.1120834350586
2023-09-11,93.69000244140625,82.51319122314453
2023-09-12,94.2300033569336,82.9887924194336
2023-09-13,94.20999908447266,82.97114562988281
2023-09-14,93.52999877929688,82.37227630615234
2023-09-15,92.95999908447266,81.87025451660156
2023-09-18,93.48999786376953,82.3370590209961
2023-09-19,92.80000305175781,81.7293701171875
2023-09-20,93.08999633789062,81.98477172851562
2023-09-21,90.69999694824219,79.87989044189453
2023-09-22,91.43000030517578,80.52278137207031
2023-09-25,89.18000030517578,78.54124450683594
2023-09-26,88.87000274658203,78.26819610595703
2023-09-27,88.41000366210938,77.86307525634766
2023-09-28,88.68000030517578,78.10088348388672
2023-09-29,88.69000244140625,78.10965728759766
2023-10-02,86.93000030517578,76.8021011352539
2023-10-03,85.05999755859375,75.14994049072266
2023-10-04,86.26000213623047,76.21015930175781
2023-10-05,85.83000183105469,75.83026123046875
2023-10-06,84.79000091552734,74.91143035888672
2023-10-09,86.77999877929688,76.66954040527344
2023-10-10,86.66000366210938,76.56353759765625
2023-10-11,88.47000122070312,78.16268157958984
2023-10-12,86.06999969482422,76.04228973388672
2023-10-13,87.61000061035156,77.40288543701172
2023-10-16,86.19999694824219,76.15715026855469
2023-10-17,85.25,75.31779479980469
2023-10-18,84.5,74.65520477294922
2023-10-19,82.7699966430664,73.12677764892578
2023-10-20,83.23999786376953,73.5420150756836
2023-10-23,84.23999786376953,74.4255142211914
2023-10-24,85.3499984741211,75.40616607666016
2023-10-25,83.44999694824219,73.72755432128906
2023-10-26,84.7300033569336,74.85841369628906
2023-10-27,84.37000274658203,74.54035949707031
2023-10-30,83.98999786376953,74.20464324951172
2023-10-31,83.58000183105469,73.8423843383789
2023-11-01,85.0999984741211,75.44346618652344
2023-11-02,87.04000091552734,77.16333770751953
2023-11-03,87.62999725341797,77.6863784790039
2023-11-06,86.77999877929688,76.93282318115234
2023-11-07,88.05999755859375,78.06758880615234
2023-11-08,89.55999755859375,79.39736938476562
2023-11-09,87.5,77.57111358642578
2023-11-10,87.98999786376953,78.0055160522461
2023-11-13,87.79000091552734,77.8282241821289
2023-11-14,89.77999877929688,79.59241485595703
2023-11-15,88.5199966430664,78.47538757324219
2023-11-16,89.62000274658203,79.45056915283203
2023-11-17,90.04000091552734,79.82291412353516
2023-11-20,90.58999633789062,80.31048583984375
2023-11-21,90.55000305175781,80.27505493164062
2023-11-22,90.87000274658203,80.55872344970703
2023-11-24,89.80000305175781,79.61014556884766
2023-11-27,91.30000305175781,80.93994903564453
2023-11-28,91.4800033569336,81.09952545166016
2023-11-29,92.62999725341797,82.11902618408203
2023-11-30,91.55999755859375,81.1704330444336
2023-12-01,92.98999786376953,82.69917297363281
2023-12-04,92.62000274658203,82.37013244628906
2023-12-05,94.61000061035156,84.13993835449219
2023-12-06,95.87000274658203,85.26048278808594
2023-12-07,95.31999969482422,84.7713623046875
2023-12-08,94.54000091552734,84.07768249511719
2023-12-11,94.33999633789062,83.8997802734375
2023-12-12,94.62000274658203,84.14883422851562
2023-12-13,96.83999633789062,86.12312316894531
2023-12-14,99.04000091552734,88.36345672607422
2023-12-15,99.1500015258789,88.46159362792969
2023-12-18,98.36000061035156,87.75675964355469
2023-12-19,98.88999938964844,88.22959899902344
2023-12-20,99.55999755859375,88.827392578125
2023-12-21,98.93000030517578,88.26531982421875
2023-12-22,98.4800033569336,87.86381530761719
2023-12-26,98.76000213623047,88.1136245727539
2023-12-27,100.51000213623047,89.67498779296875
2023-12-28,99.77999877929688,89.02365112304688
2023-12-29,98.87999725341797,88.22068786621094
2024-01-02,98.30999755859375,87.71212768554688
2024-01-03,98.72000122070312,88.07793426513672
2024-01-04,97.22000122070312,86.73965454101562
2024-01-05,96.29000091552734,85.909912109375
2024-01-08,97.23999786376953,86.75749206542969
2024-01-09,96.62000274658203,86.20433807373047
2024-01-10,96.16999816894531,85.80284118652344
2024-01-11,96.70999908447266,86.28461456298828
2024-01-12,96.5199966430664,86.11509704589844
2024-01-16,94.81999969482422,84.59839630126953
2024-01-17,94.66999816894531,84.46453857421875
2024-01-18,93.79000091552734,83.67939758300781
2024-01-19,94.08999633789062,83.94705200195312
2024-01-22,94.6500015258789,84.4466781616211
2024-01-23,93.9000015258789,83.77753448486328
2024-01-24,93.3499984741211,83.28683471679688
2024-01-25,93.95999908447266,83.83108520507812
2024-01-26,93.77999877929688,83.67051696777344
2024-01-29,94.86000061035156,84.63407135009766
2024-01-30,95.72000122070312,85.40135955810547
2024-01-31,96.66000366210938,86.24002075195312
2024-02-01,98.23999786376953,87.93168640136719
2024-02-02,96.06999969482422,85.9894027709961
2024-02-05,94.12999725341797,84.2529525756836
2024-02-06,95.05000305175781,85.07643127441406
2024-02-07,94.58999633789062,84.66468048095703
2024-02-08,94.04000091552734,84.17239379882812
2024-02-09,93.8499984741211,84.0023422241211
2024-02-12,93.95999908447266,84.10081481933594
2024-02-13,92.3499984741211,82.65972900390625
2024-02-14,92.81999969482422,83.08041381835938
2024-02-15,93.30000305175781,83.5100326538086
2024-02-16,92.76000213623047,83.0267333984375
2024-02-20,92.83999633789062,83.09831237792969
2024-02-21,92.18000030517578,82.50757598876953
2024-02-22,92.62999725341797,82.91035461425781
2024-02-23,93.87000274658203,84.02022552490234
2024-02-26,93.58999633789062,83.76961517333984
2024-02-27,92.93000030517578,83.17887878417969
2024-02-28,93.5199966430664,83.70694732666016
2024-02-29,94.18000030517578,84.29769134521484
2024-03-01,94.47000122070312,84.82296752929688
2024-03-04,94.08999633789062,84.48178100585938
2024-03-05,95.43000030517578,85.68494415283203
2024-03-06,95.98999786376953,86.1877670288086
2024-03-07,95.9000015258789,86.10694122314453
2024-03-08,95.7300033569336,85.95430755615234
2024-03-11,95.68000030517578,85.90940856933594
2024-03-12,94.87999725341797,85.19110107421875
2024-03-13,94.41999816894531,84.778076171875
2024-03-14,92.97000122070312,83.47615814208984
2024-03-15,92.94000244140625,83.44923400878906
2024-03-18,92.66000366210938,83.19780731201172
2024-03-19,92.91999816894531,83.43124389648438
2024-03-20,92.88999938964844,83.404296875
2024-03-21,93.08999633789062,83.58389282226562
2024-03-22,93.9800033569336,84.38300323486328
2024-03-25,93.51000213623047,83.96099853515625
2024-03-26,93.7699966430664,84.1944580078125
2024-03-27,94.69999694824219,85.02950286865234
2024-03-28,94.62000274658203,84.95767211914062
2024-04-01,92.55000305175781,83.37396240234375
2024-04-02,92.04000091552734,82.91450500488281
2024-04-03,92.0199966430664,82.89649200439453
2024-04-04,92.68000030517578,83.49107360839844
2024-04-05,91.38999938964844,82.3289794921875
2024-04-08,91.37999725341797,82.3199691772461
2024-04-09,92.2300033569336,83.085693359375
2024-04-10,90.22000122070312,81.27495574951172
2024-04-11,89.80999755859375,80.9056167602539
2024-04-12,90.29000091552734,81.33802032470703
2024-04-15,88.88999938964844,80.07682037353516
2024-04-16,88.30000305175781,79.54532623291016
2024-04-17,89.27999877929688,80.42815399169922
2024-04-18,88.83000183105469,80.02278900146484
2024-04-19,89.1500015258789,80.31103515625
2024-04-22,89.0,80.17594146728516
2024-04-23,89.02999877929688,80.20294189453125
2024-04-24,88.4000015258789,79.63542938232422
2024-04-25,87.77999877929688,79.0768814086914
2024-04-26,88.23999786376953,79.49128723144531
2024-04-29,88.9800033569336,80.15792083740234
2024-04-30,88.22000122070312,79.47325134277344
2024-05-01,88.55999755859375,80.05906677246094
2024-05-02,88.94000244140625,80.40259552001953
2024-05-03,89.83999633789062,81.21619415283203
2024-05-06,90.19000244140625,81.53260803222656
2024-05-07,90.73999786376953,82.02980041503906
2024-05-08,90.19000244140625,81.53260803222656
2024-05-09,90.62999725341797,81.93036651611328
2024-05-10,90.12000274658203,81.46930694580078
2024-05-13,90.3499984741211,81.67723846435547
2024-05-14,90.86000061035156,82.1382827758789
2024-05-15,92.0999984741211,83.25926208496094
2024-05-16,92.01000213623047,83.17788696289062
2024-05-17,91.38999938964844,82.61741638183594
2024-05-20,91.12000274658203,82.37333679199219
2024-05-21,91.58999633789062,82.7982177734375
2024-05-22,91.69999694824219,82.89766693115234
2024-05-23,91.11000061035156,82.36428833007812
2024-05-24,91.37999725341797,82.60836791992188
2024-05-28,90.06999969482422,81.42411804199219
2024-05-29,88.9800033569336,80.43875885009766
2024-05-30,89.83999633789062,81.21619415283203
2024-05-31,90.44999694824219,81.76762390136719
2024-06-03,91.5999984741211,83.09017944335938
2024-06-04,92.66999816894531,84.06077575683594
2024-06-05,93.3499984741211,84.67760467529297
2024-06-06,93.20999908447266,84.55062103271484
2024-06-07,91.5,82.99949645996094
2024-06-10,90.88999938964844,82.44615936279297
2024-06-11,91.83000183105469,83.29882049560547
2024-06-12,92.5199966430664,83.92469787597656
2024-06-13,93.87999725341797,85.15837097167969
2024-06-14,94.66999816894531,85.87498474121094
2024-06-17,93.7300033569336,85.02230072021484
2024-06-18,94.58999633789062,85.80239868164062
2024-06-20,93.95999908447266,85.23094940185547
2024-06-21,93.95999908447266,85.23094940185547
2024-06-24,94.33999633789062,85.57563018798828
2024-06-25,94.5,85.72077941894531
2024-06-26,93.1500015258789,84.49617767333984
2024-06-27,93.5199966430664,84.83180236816406
2024-06-28,91.77999877929688,83.25345611572266
2024-07-01,89.91000366210938,81.81660461425781
2024-07-02,90.61000061035156,82.45358276367188
2024-07-03,91.80000305175781,83.5364761352539
2024-07-05,92.55999755859375,84.22807312011719
2024-07-08,92.76000213623047,84.4100570678711
2024-07-09,92.3499984741211,84.03695678710938
2024-07-10,92.63999938964844,84.30085754394531
2024-07-11,93.54000091552734,85.11983489990234
2024-07-12,93.94000244140625,85.48383331298828
2024-07-15,92.86000061035156,84.50106048583984
2024-07-16,94.16999816894531,85.69313049316406
2024-07-17,94.19000244140625,85.71131134033203
2024-07-18,93.47000122070312,85.0561294555664
2024-07-19,92.91999816894531,84.55564880371094
2024-07-22,92.6500015258789,84.3099594116211
2024-07-23,92.5199966430664,84.19164276123047
2024-07-24,91.5199966430664,83.28167724609375
2024-07-25,92.2699966430664,83.96414184570312
2024-07-26,92.98999786376953,84.61934661865234
2024-07-29,93.48999786376953,85.0743408203125
2024-07-30,93.8499984741211,85.40193939208984
2024-07-31,94.80999755859375,86.27552032470703
2024-08-01,95.30999755859375,87.01962280273438
2024-08-02,98.27999877929688,89.73126983642578
2024-08-05,98.80000305175781,90.2060546875
2024-08-06,96.58999633789062,88.18827056884766
2024-08-07,95.91000366210938,87.56742858886719
2024-08-08,95.31999969482422,87.02877044677734
2024-08-09,96.26000213623047,87.8869857788086
2024-08-12,96.61000061035156,88.20655822753906
2024-08-13,97.27999877929688,88.81824493408203
2024-08-14,97.88999938964844,89.37519836425781
2024-08-15,97.0999984741211,88.65393829345703
2024-08-16,97.44000244140625,88.96434783935547
2024-08-19,97.88999938964844,89.37519836425781
2024-08-20,98.66999816894531,90.08735656738281
2024-08-21,98.7300033569336,90.14215087890625
2024-08-22,97.75,89.24739074707031
2024-08-23,98.38999938964844,89.83172607421875
2024-08-26,98.13999938964844,89.60346984863281
2024-08-27,97.97000122070312,89.44824981689453
2024-08-28,97.8499984741211,89.33869171142578
2024-08-29,97.52999877929688,89.04653930664062
2024-08-30,96.48999786376953,88.09699249267578
2024-09-03,97.75,89.53783416748047
2024-09-04,99.01000213623047,90.69198608398438
2024-09-05,99.56999969482422,91.20494079589844
2024-09-06,99.55999755859375,91.19576263427734
2024-09-09,99.98999786376953,91.58965301513672
2024-09-10,100.69000244140625,92.23085021972656
2024-09-11,100.61000061035156,92.15755462646484
2024-09-12,100.13999938964844,91.72705078125
2024-09-13,100.41000366210938,91.97437286376953
2024-09-16,101.33000183105469,92.81708526611328
2024-09-17,100.83999633789062,92.36824035644531
2024-09-18,99.58999633789062,91.22325897216797
2024-09-19,99.26000213623047,90.92097473144531
2024-09-20,98.87999725341797,90.57288360595703
2024-09-23,98.66999816894531,90.38053894042969
2024-09-24,98.6500015258789,90.36223602294922
2024-09-25,97.83000183105469,89.61112213134766
2024-09-26,98.05999755859375,89.82177734375
2024-09-27,98.56999969482422,90.28893280029297
2024-09-30,98.0999984741211,89.85842895507812
2024-10-01,98.48999786376953,90.5071792602539
2024-10-02,97.66000366210938,89.74447631835938
2024-10-03,96.73999786376953,88.8990478515625
2024-10-04,95.55000305175781,87.80549621582031
2024-10-07,94.83000183105469,87.14385986328125
2024-10-08,94.98999786376953,87.2908935546875
2024-10-09,94.44999694824219,86.7946548461914
2024-10-10,94.08000183105469,86.45466613769531
2024-10-11,93.69999694824219,86.10543823242188
2024-10-14,93.7699966430664,86.16976928710938
2024-10-15,94.91000366210938,87.2173843383789
2024-10-16,95.30999755859375,87.58495330810547
2024-10-17,93.80000305175781,86.19734191894531
2024-10-18,93.87000274658203,86.26166534423828
2024-10-21,92.2300033569336,84.75459289550781
2024-10-22,92.31999969482422,84.8373031616211
2024-10-23,92.06999969482422,84.6075668334961
2024-10-24,92.66000366210938,85.14974212646484
2024-10-25,92.13999938964844,84.671875
2024-10-28,91.88999938964844,84.4421615600586
2024-10-29,92.02999877929688,84.57080078125
2024-10-30,92.30000305175781,84.81890869140625
2024-10-31,92.44999694824219,84.9567642211914
2024-11-01,90.83999633789062,83.75902557373047
2024-11-04,92.25,85.05911254882812
2024-11-05,92.73999786376953,85.51089477539062
2024-11-06,90.19999694824219,83.1689224243164
2024-11-07,91.33000183105469,84.2108154296875
2024-11-08,92.48999786376953,85.2803955078125
2024-11-11,92.04000091552734,84.86548614501953
2024-11-12,90.66000366210938,83.59305572509766
2024-11-13,89.80000305175781,82.80008697509766
2024-11-14,90.31999969482422,83.27957153320312
2024-11-15,90.08000183105469,83.05826568603516
2024-11-18,90.23999786376953,83.2057876586914
2024-11-19,90.69999694824219,83.62992858886719
2024-11-20,90.41000366210938,83.3625259399414
2024-11-21,90.33999633789062,83.29798889160156
2024-11-22,90.38999938964844,83.3440933227539
2024-11-25,92.7300033569336,85.50169372558594
2024-11-26,92.37000274658203,85.16976928710938
2024-11-27,93.01000213623047,85.75988006591797
2024-11-29,93.97000122070312,86.64503479003906
2024-12-02,93.87000274658203,86.85321807861328
2024-12-03,93.05999755859375,86.10376739501953
2024-12-04,94.05999755859375,87.02902221679688
2024-12-05,94.25,87.20480346679688
2024-12-06,94.38999938964844,87.3343505859375
2024-12-09,93.5199966430664,86.52937316894531
2024-12-10,93.08000183105469,86.1222915649414
2024-12-11,92.19999694824219,85.30804443359375
2024-12-12,91.08000183105469,84.27175903320312
2024-12-13,90.1500015258789,83.4112777709961
2024-12-16,90.41999816894531,83.66111755371094
2024-12-17,90.63999938964844,83.86465454101562
2024-12-18,89.16000366210938,82.81599426269531
2024-12-19,87.80999755859375,81.5620346069336
2024-12-20,88.30999755859375,82.02645874023438
2024-12-23,87.5,81.27412414550781
2024-12-24,87.87000274658203,81.61778259277344
2024-12-26,87.81999969482422,81.57132720947266
2024-12-27,87.0999984741211,80.90255737304688
2024-12-30,87.80000305175781,81.55276489257812
2024-12-31,87.33000183105469,81.11619567871094
2025-01-02,87.56999969482422,81.33912658691406
2025-01-03,87.29000091552734,81.07904052734375
2025-01-06,86.9000015258789,80.716796875
2025-01-07,85.91999816894531,79.80652618408203
2025-01-08,86.02999877929688,79.90869903564453
2025-01-10,85.45999908447266,79.3792495727539
2025-01-13,85.43000030517578,79.35138702392578
2025-01-14,85.29000091552734,79.22136688232422
2025-01-15,86.76000213623047,80.58674621582031
2025-01-16,87.04000091552734,80.84684753417969
2025-01-17,87.19000244140625,80.98616027832031
2025-01-21,87.97000122070312,81.7106704711914
2025-01-22,87.51000213623047,81.28337860107422
2025-01-23,86.83000183105469,80.65179443359375
2025-01-24,87.22000122070312,81.0140380859375
2025-01-27,88.25,81.97073364257812
2025-01-28,88.19000244140625,81.91500091552734
2025-01-29,88.01000213623047,81.74781799316406
2025-01-30,88.33999633789062,82.05430603027344
2025-01-31,87.76000213623047,81.5156021118164
2025-02-03,88.16000366210938,82.1792984008789
2025-02-04,88.43000030517578,82.43099212646484
2025-02-05,89.88999938964844,83.79195404052734
2025-02-06,89.8499984741211,83.75465393066406
2025-02-07,89.2699966430664,83.21399688720703
2025-02-10,89.0,82.96232604980469
2025-02-11,88.43000030517578,82.43099212646484
2025-02-12,87.2300033569336,81.31242370605469
2025-02-13,88.68000030517578,82.6640396118164
2025-02-14,89.1500015258789,83.10213470458984
2025-02-18,88.0999984741211,82.12335968017578
2025-02-19,88.20999908447266,82.22592163085938
2025-02-20,88.54000091552734,82.53352355957031
2025-02-21,89.61000061035156,83.53094482421875
2025-02-24,89.87000274658203,83.77330017089844
2025-02-25,91.41999816894531,85.2181396484375
2025-02-26,91.95999908447266,85.72151947021484
2025-02-27,91.30999755859375,85.11559295654297
2025-02-28,92.43000030517578,86.15963745117188
2025-03-03,92.56999969482422,86.56172943115234
2025-03-04,91.43000030517578,85.49571990966797
2025-03-05,90.69999694824219,84.81309509277344
2025-03-06,90.4000015258789,84.53255462646484
2025-03-07,90.11000061035156,84.26138305664062
2025-03-10,91.05000305175781,85.14039611816406
2025-03-11,90.4000015258789,84.53255462646484
2025-03-12,89.86000061035156,84.02762603759766
2025-03-13,90.6500015258789,84.76634979248047
2025-03-14,90.16999816894531,84.31747436523438
2025-03-17,90.62000274658203,84.73828887939453
2025-03-18,90.70999908447266,84.82244873046875
2025-03-19,91.18000030517578,85.26194763183594
2025-03-20,91.23999786376953,85.31805419921875
2025-03-21,90.69999694824219,84.81309509277344
2025-03-24,89.7699966430664,83.9434585571289
2025-03-25,89.76000213623047,83.93411254882812
2025-03-26,89.16999816894531,83.38241577148438
2025-03-27,88.91000366210938,83.13929748535156
2025-03-28,90.13999938964844,84.28944396972656
2025-03-31,91.02999877929688,85.12167358398438
2025-04-01,91.48999786376953,85.85929870605469
2025-04-02,91.43000030517578,85.80302429199219
2025-04-03,91.8499984741211,86.19715118408203
2025-04-04,92.8499984741211,87.13560485839844
2025-04-07,90.05000305175781,84.5079345703125
2025-04-08,88.3499984741211,82.9125747680664
2025-04-09,88.87000274658203,83.40055084228516
2025-04-10,86.41999816894531,81.10132598876953
2025-04-11,86.88999938964844,81.54240417480469
2025-04-14,87.51000213623047,82.12425994873047
2025-04-15,87.81999969482422,82.4151840209961
2025-04-16,88.30999755859375,82.87501525878906
2025-04-17,87.52999877929688,82.14302062988281
2025-04-21,86.0,80.70718383789062
2025-04-22,86.4800033569336,81.15765380859375
2025-04-23,87.31999969482422,81.94596099853516
2025-04-24,88.23999786376953,82.809326171875
2025-04-25,88.88999938964844,83.4193115234375
2025-04-28,89.44999694824219,83.9448471069336
2025-04-29,90.19999694824219,84.648681640625
2025-04-30,89.47000122070312,83.96363830566406
2025-05-01,88.69000244140625,83.53788757324219
2025-05-02,87.7300033569336,82.63365173339844
2025-05-05,87.23999786376953,82.17210388183594
2025-05-06,87.52999877929688,82.44528198242188
2025-05-07,87.9000015258789,82.79376983642578
2025-05-08,86.91999816894531,81.87069702148438
2025-05-09,87.05000305175781,81.99315643310547
2025-05-12,86.23999786376953,81.23020935058594
2025-05-13,85.88999938964844,80.90052795410156
2025-05-14,85.31999969482422,80.36365509033203
2025-05-15,86.06999969482422,81.07007598876953
2025-05-16,86.30000305175781,81.28673553466797
2025-05-19,86.05000305175781,81.05125427246094
2025-05-20,85.43000030517578,80.46725463867188
2025-05-21,83.97000122070312,79.09207916259766
2025-05-22,84.41000366210938,79.50651550292969
2025-05-23,84.55000305175781,79.63837432861328
2025-05-27,85.7300033569336,80.74984741210938
2025-05-28,85.36000061035156,80.40132141113281
2025-05-29,86.1500015258789,81.14543914794922
2025-05-30,86.27999877929688,81.26788330078125
2025-06-02,85.16000366210938,80.51155090332031
2025-06-03,85.01000213623047,80.36974334716797
2025-06-04,86.38999938964844,81.67440795898438
2025-06-05,86.44999694824219,81.73114013671875
2025-06-06,85.3499984741211,80.69117736816406
2025-06-09,85.44000244140625,80.77628326416016
2025-06-10,85.87999725341797,81.19224548339844
2025-06-11,86.13999938964844,81.43805694580078
2025-06-12,87.16999816894531,82.41183471679688
2025-06-13,86.33000183105469,81.61768341064453
2025-06-16,85.45999908447266,80.79518127441406
2025-06-17,86.5,81.77840423583984
2025-06-18,86.6500015258789,81.92021179199219
2025-06-20,86.48999786376953,81.7689437866211
2025-06-23,86.7699966430664,82.03365325927734
2025-06-24,87.4000015258789,82.6292724609375
2025-06-25,87.51000213623047,82.73328399658203
2025-06-26,87.94999694824219,83.14924621582031
2025-06-27,87.38999938964844,82.61983489990234
2025-06-30,88.25,83.43289184570312
2025-07-01,88.13999938964844,83.63973999023438
2025-07-02,87.58000183105469,83.10834503173828
2025-07-03,86.97000122070312,82.52949523925781
2025-07-07,86.13999938964844,81.74187469482422
2025-07-08,86.02999877929688,81.63746643066406
2025-07-09,86.93000030517578,82.49152374267578
2025-07-10,86.98999786376953,82.54846954345703
2025-07-11,85.79000091552734,81.40973663330078
2025-07-14,85.61000061035156,81.23892974853516
2025-07-15,85.01000213623047,80.66956329345703
2025-07-16,85.12999725341797,80.78343200683594
2025-07-17,85.11000061035156,80.76445007324219
2025-07-18,85.23999786376953,80.88780975341797
2025-07-21,86.0,81.60902404785156
2025-07-22,86.5199966430664,82.10244750976562
2025-07-23,86.04000091552734,81.64697265625
2025-07-24,85.88999938964844,81.50462341308594
2025-07-25,86.43000030517578,82.01707458496094
2025-07-28,85.87000274658203,81.48565673828125
2025-07-29,87.31999969482422,82.86161804199219
2025-07-30,86.87000274658203,82.43460083007812
2025-07-31,86.91999816894531,82.4820327758789
2025-08-01,87.81999969482422,83.65465545654297
2025-08-04,88.05999755859375,83.88327026367188
2025-08-05,88.33000183105469,84.14047241210938
2025-08-06,87.81999969482422,83.65465545654297
2025-08-07,87.66999816894531,83.51177215576172
2025-08-08,87.29000091552734,83.14978790283203
2025-08-11,87.38999938964844,83.24504852294922
2025-08-12,86.94999694824219,82.8259048461914
2025-08-13,87.66999816894531,83.51177215576172
2025-08-14,87.0199966430664,82.89259338378906
2025-08-15,86.4000015258789,82.302001953125
2025-08-18,86.1500015258789,82.0638656616211
2025-08-19,86.6500015258789,82.5401382446289
2025-08-20,86.83999633789062,82.72113037109375
2025-08-21,86.41000366210938,82.31153869628906
2025-08-22,87.05000305175781,82.92117309570312
2025-08-25,86.80000305175781,82.68302917480469
2025-08-26,86.75,82.63540649414062
2025-08-27,86.6500015258789,82.5401382446289
2025-08-28,87.22000122070312,83.08312225341797
2025-08-29,86.5999984741211,82.49250793457031
2025-09-02,85.62999725341797,81.878662109375
2025-09-03,86.56999969482422,82.7774658203125
2025-09-04,87.2300033569336,83.4085464477539
2025-09-05,88.55999755859375,84.6802749633789
2025-09-08,89.73999786376953,85.80857849121094
2025-09-09,89.2300033569336,85.3209457397461
2025-09-10,89.73999786376953,85.80857849121094
2025-09-11,90.33999633789062,86.38231658935547
2025-09-12,89.94999694824219,86.0093765258789
2025-09-15,90.16000366210938,86.2101821899414
2025-09-16,90.3499984741211,86.39186096191406
2025-09-17,90.12000274658203,86.17195129394531
2025-09-18,89.19000244140625,85.2826919555664
2025-09-19,89.0199966430664,85.12013244628906
2025-09-22,88.69999694824219,84.81414031982422
2025-09-23,89.31999969482422,85.40697479248047
2025-09-24,88.9800033569336,85.08189392089844
2025-09-25,88.9800033569336,85.08189392089844
2025-09-26,88.9000015258789,85.00537872314453
2025-09-29,89.62999725341797,85.70340728759766
2025-09-30,89.37000274658203,85.45480346679688
2025-10-01,89.29000091552734,85.67549133300781
2025-10-02,89.55000305175781,85.92497253417969
2025-10-03,89.37999725341797,85.76185607910156
2025-10-06,88.66999816894531,85.08059692382812
2025-10-07,89.18000030517578,85.56993865966797
2025-10-08,89.25,85.6371078491211
2025-10-09,89.18000030517578,85.56993865966797
2025-10-10,90.62000274658203,86.95165252685547
2025-10-13,90.56999969482422,86.90367126464844
2025-10-14,90.86000061035156,87.18193054199219
2025-10-15,90.66000366210938,86.99003601074219
2025-10-16,91.33999633789062,87.64251708984375
2025-10-17,91.19999694824219,87.50817108154297
2025-10-20,91.55000305175781,87.84398651123047
2025-10-21,92.0,88.2757797241211
2025-10-22,92.05999755859375,88.3333511352539
2025-10-23,91.43000030517578,87.72885131835938
2025-10-24,91.47000122070312,87.7672348022461
2025-10-27,91.77999877929688,88.06468963623047
2025-10-28,92.0199966430664,88.29496765136719
2025-10-29,91.08999633789062,87.40262603759766
2025-10-30,90.55999755859375,86.89408111572266
2025-10-31,90.29000091552734,86.63500213623047
2025-11-03,89.73999786376953,86.41834259033203
2025-11-04,89.94000244140625,86.61094665527344
2025-11-05,88.95999908447266,85.6672134399414
2025-11-06,89.76000213623047,86.43761444091797
2025-11-07,89.56999969482422,86.254638671875
2025-11-10,89.55000305175781,86.23535919189453
2025-11-11,89.95999908447266,86.63020324707031
2025-11-12,90.12000274658203,86.78428649902344
2025-11-13,89.37999725341797,86.07166290283203
2025-11-14,88.87000274658203,85.58053588867188
2025-11-17,89.08999633789062,85.79238891601562
2025-11-18,89.05999755859375,85.76350402832031
2025-11-19,88.87999725341797,85.59016418457031
2025-11-20,89.2300033569336,85.9272232055664
2025-11-21,89.5,86.18722534179688
2025-11-24,90.01000213623047,86.67835235595703
2025-11-25,90.23999786376953,86.89983367919922
2025-11-26,90.63999938964844,87.28502655029297
2025-11-28,90.20999908447266,86.8709487915039
2025-12-01,88.7699966430664,85.78950500488281
2025-12-02,88.80999755859375,85.8281478881836
2025-12-03,89.05999755859375,86.06977081298828
2025-12-04,88.58000183105469,85.60588073730469
2025-12-05,88.16999816894531,85.20964050292969
2025-12-08,87.87999725341797,84.92939758300781
2025-12-09,87.97000122070312,85.01636505126953
2025-12-10,88.30999755859375,85.34494018554688
2025-12-11,88.19000244140625,85.22899627685547
2025-12-12,87.33999633789062,84.40752410888672
2025-12-15,87.4000015258789,84.46549987792969
2025-12-16,87.87999725341797,84.92939758300781
2025-12-17,87.80000305175781,84.8520736694336
2025-12-18,88.22000122070312,85.25796508789062
2025-12-19,87.55000305175781,84.93976593017578
2025-12-22,87.36000061035156,84.75541687011719
2025-12-23,87.5,84.89125061035156
2025-12-24,88.02999877929688,85.40544128417969
2025-12-26,87.73999786376953,85.12409210205078
2025-12-29,88.06999969482422,85.44425964355469
2025-12-30,87.86000061035156,85.24051666259766
2025-12-31,87.16000366210938,84.56138610839844
2026-01-02,87.02999877929688,84.43525695800781
2026-01-05,87.45999908447266,84.8524398803711
2026-01-06,87.27999877929688,84.67781066894531
2026-01-07,87.79000091552734,85.172607421875
2026-01-08,87.3499984741211,84.74571228027344
2026-01-09,87.93000030517578,85.30844116210938
2026-01-12,87.66999816894531,85.05616760253906
2026-01-13,87.81999969482422,85.20171356201172
2026-01-14,88.33000183105469,85.6965103149414
2026-01-15,88.30999755859375,85.67708587646484
2026-01-16,87.80000305175781,85.18228912353516
2026-01-20,86.6500015258789,84.06659698486328
2026-01-21,87.30999755859375,84.7069091796875
2026-01-22,87.69000244140625,85.0755844116211
2026-01-23,87.93000030517578,85.30844116210938
2026-01-26,88.3499984741211,85.71589660644531
2026-01-27,87.80000305175781,85.18228912353516
2026-01-28,87.5999984741211,84.98827362060547
2026-01-29,87.62000274658203,85.00767517089844
2026-01-30,87.12999725341797,84.53227996826172
2026-02-02,86.55000305175781,84.29075622558594
2026-02-03,86.76000213623047,84.49526977539062
2026-02-04,86.54000091552734,84.28101348876953
2026-02-05,87.4800033569336,85.19647216796875
2026-02-06,87.54000091552734,85.2549057006836
2026-02-09,87.5199966430664,85.23543548583984
2026-02-10,88.52999877929688,86.21907806396484
2026-02-11,88.05999755859375,85.76134490966797
2026-02-12,89.2300033569336,86.90079498291016
2026-02-13,89.72000122070312,87.37800598144531
2026-02-17,89.87000274658203,87.52410125732422
2026-02-18,89.52999877929688,87.1929702758789
2026-02-19,89.62000274658203,87.28062438964844
2026-02-20,89.41000366210938,87.07611083984375
2026-02-23,89.73999786376953,87.39747619628906
2026-02-24,89.9000015258789,87.55331420898438
2026-02-25,89.91000366210938,87.56305694580078
2026-02-26,90.2699966430664,87.91364288330078
2026-02-27,90.81999969482422,88.44927978515625
2026-03-02,89.61000061035156,87.56108093261719
2026-03-03,89.43000030517578,87.38519287109375
2026-03-04,89.1500015258789,87.11160278320312
2026-03-05,88.79000091552734,86.75983428955078
2026-03-06,88.45999908447266,86.43737030029297
2026-03-09,89.2300033569336,87.18975830078125
2026-03-10,88.27999877929688,86.26148986816406
2026-03-11,87.13999938964844,85.14755249023438
2026-03-12,86.97000122070312,84.9814453125
2026-03-13,86.54000091552734,84.56127166748047
2026-03-16,87.20999908447266,85.21595764160156
2026-03-17,87.44999694824219,85.45045471191406
2026-03-18,86.95999908447266,84.97167205810547
2026-03-19,87.48999786376953,85.48954772949219
2026-03-20,85.83000183105469,83.86751556396484
2026-03-23,86.38999938964844,84.41470336914062
2026-03-24,86.01000213623047,84.04339599609375
2026-03-25,86.83999633789062,84.85440063476562
2026-03-26,86.11000061035156,84.14110565185547
2026-03-27,85.63999938964844,83.68185424804688
2026-03-30,86.77999877929688,84.79578399658203
2026-03-31,86.69000244140625,84.70783996582031
2026-04-01,86.26000213623047,84.62445068359375
2026-04-02,86.79000091552734,85.14441680908203
2026-04-06,86.6500015258789,85.00706481933594
2026-04-07,86.63999938964844,84.99724578857422
2026-04-08,86.91999816894531,85.27192687988281
2026-04-09,86.69999694824219,85.05610656738281
2026-04-10,86.48999786376953,84.85008239746094
2026-04-13,86.75,85.10517120361328
2026-04-14,87.20999908447266,85.55644226074219
2026-04-15,86.83000183105469,85.18363952636719
2026-04-16,86.27999877929688,84.64408111572266
2026-04-17,87.06999969482422,85.41909790039062
2026-04-20,87.05000305175781,85.39946746826172
2026-04-21,86.56999969482422,84.92858123779297
2026-04-22,86.73999786376953,85.09534454345703
2026-04-23,86.55000305175781,84.90895080566406
2026-04-24,86.70999908447266,85.06591033935547
2026-04-27,86.27999877929688,84.64408111572266
2026-04-28,86.37000274658203,84.73237609863281
2026-04-29,85.69999694824219,84.07506561279297
2026-04-30,85.62000274658203,83.99658966064453
2026-05-01,85.61000061035156,84.29691314697266
2026-05-04,84.95999908447266,83.65687561035156
2026-05-05,85.43000030517578,84.11966705322266
2026-05-06,86.08000183105469,84.75970458984375
2026-05-07,85.6500015258789,84.33629608154297
2026-05-08,86.08000183105469,84.75970458984375
2026-05-11,85.55999755859375,84.24767303466797
2026-05-12,84.98999786376953,83.68641662597656
2026-05-13,84.80000305175781,83.49933624267578
2026-05-14,84.91999816894531,83.61749267578125
2026-05-15,83.66000366210938,82.37682342529297
2026-05-18,83.55999755859375,82.27835083007812
2026-05-19,83.0199966430664,81.74662780761719
2026-05-20,83.91000366210938,82.62299346923828
2026-05-21,84.22000122070312,82.92822265625
2026-05-22,84.68000030517578,83.38117218017578
2026-05-26,85.0999984741211,83.79473114013672
2026-05-27,85.30000305175781,83.99166107177734
2026-05-28,85.73999786376953,84.42491912841797
2026-05-29,85.76000213623047,84.44461059570312
2026-06-01,85.47000122070312,84.49008178710938
2026-06-02,85.6500015258789,84.66802215576172
2026-06-03,85.30999755859375,84.33191680908203
2026-06-04,85.5,84.51973724365234
2026-06-05,85.05999755859375,84.08477783203125
2026-06-08,84.62000274658203,83.64983367919922
2026-06-09,85.12000274658203,84.14409637451172
2026-06-10,84.87999725341797,83.90684509277344
2026-06-11,85.9800033569336,84.99423217773438
2026-06-12,85.7699966430664,84.7866439819336
2026-06-15,85.72000122070312,84.73721313476562
2026-06-16,86.19000244140625,85.20182800292969
2026-06-17,86.33000183105469,85.3402328491211
2026-06-18,86.75,85.75540924072266
2026-06-22,86.08999633789062,85.10296630859375
2026-06-23,86.19999694824219,85.21170806884766
2026-06-24,87.37999725341797,86.378173828125
2026-06-25,87.3499984741211,86.34852600097656
2026-06-26,87.36000061035156,86.35841369628906
2026-06-29,87.44999694824219,86.44738006591797
2026-06-30,86.41999816894531,85.42918395996094
2026-07-01,85.5199966430664,84.85173797607422
2026-07-02,85.51000213623047,84.8418197631836
2026-07-06,85.44999694824219,84.78227996826172
2026-07-07,84.55000305175781,83.88932037353516
2026-07-08,84.36000061035156,83.7008056640625
2026-07-09,84.48999786376953,83.82978057861328
2026-07-10,84.47000122070312,83.80994415283203
2026-07-13,83.97000122070312,83.31385040283203
2026-07-14,84.08000183105469,83.4229965209961
2026-07-15,84.23999786376953,83.58174133300781
2026-07-16,84.20999908447266,83.55197143554688
2026-07-17,84.5199966430664,83.85954284667969
2026-07-20,83.88999938964844,83.2344741821289
2026-07-21,83.66000366210938,83.00627899169922
2026-07-22,83.44000244140625,82.7879867553711
2026-07-23,83.16999816894531,82.52009582519531
2026-07-24,83.25,82.59947204589844
2026-07-27,83.75,83.09556579589844
2026-07-28,84.23999786376953,83.58174133300781
2026-07-29,82.8499984741211,82.20259857177734
2026-07-30,82.80000305175781,82.15299224853516
2026-07-31,82.25,81.60728454589844
2026-08-03,82.19000244140625,81.87625885009766
2026-08-04,82.81999969482422,82.50385284423828
2026-08-05,83.0,82.68316650390625
2026-08-06,82.5199966430664,82.20499420166016
2026-08-07,82.76000213623047,82.44408416748047
2026-08-10,82.05999755859375,81.74674987792969
2026-08-11,82.19000244140625,81.87625885009766
2026-08-12,82.11000061035156,81.79656219482422
2026-08-13,82.58999633789062,82.27472686767578
2026-08-14,82.04000091552734,81.7268295288086
2026-08-17,81.3499984741211,81.03946685791016
2026-08-18,81.66000366210938,81.3482894897461
2026-08-19,83.0199966430664,82.70308685302734
2026-08-20,82.33999633789062,82.02568054199219
2026-08-21,82.05000305175781,81.7367935180664
2026-08-24,82.55999755859375,82.24484252929688
2026-08-25,83.47000122070312,83.15137481689453
2026-08-26,83.30000305175781,82.98202514648438
2026-08-27,83.12999725341797,82.81266784667969
2026-08-28,82.87999725341797,82.5636215209961
2026-08-31,82.5199966430664,82.20499420166016
