date,close,adjusted_close
2011-01-03,22.81999969482422,19.063838958740234
2011-01-04,22.8799991607666,19.113964080810547
2011-01-05,23.110000610351562,19.306108474731445
2011-01-06,23.290000915527344,19.456478118896484
2011-01-07,23.360000610351562,19.514957427978516
2011-01-10,23.280000686645508,19.44812774658203
2011-01-11,23.270000457763672,19.43977165222168
2011-01-12,23.040000915527344,19.247631072998047
2011-01-13,22.799999237060547,19.047134399414062
2011-01-14,22.770000457763672,19.022071838378906
2011-01-18,22.75,19.00536346435547
2011-01-19,22.610000610351562,18.888408660888672
2011-01-20,22.68000030517578,18.946887969970703
2011-01-21,22.489999771118164,18.78816032409668
2011-01-24,22.440000534057617,18.74639129638672
2011-01-25,22.43000030517578,18.738035202026367
2011-01-26,22.389999389648438,18.704618453979492
2011-01-27,22.350000381469727,18.671201705932617
2011-01-28,22.489999771118164,18.78816032409668
2011-01-31,22.360000610351562,18.67955780029297
2011-02-01,22.139999389648438,18.495769500732422
2011-02-02,22.18000030517578,18.529184341430664
2011-02-03,22.360000610351562,18.67955780029297
2011-02-04,22.43000030517578,18.738035202026367
2011-02-07,22.43000030517578,18.738035202026367
2011-02-08,22.40999984741211,18.721330642700195
2011-02-09,22.309999465942383,18.637788772583008
2011-02-10,22.489999771118164,18.78816032409668
2011-02-11,22.549999237060547,18.83828353881836
2011-02-14,22.579999923706055,18.863346099853516
2011-02-15,22.600000381469727,18.880054473876953
2011-02-16,22.469999313354492,18.771448135375977
2011-02-17,22.40999984741211,18.721330642700195
2011-02-18,22.299999237060547,18.629430770874023
2011-02-22,22.360000610351562,18.67955780029297
2011-02-23,22.229999542236328,18.570953369140625
2011-02-24,22.149999618530273,18.50412368774414
2011-02-25,22.190000534057617,18.537540435791016
2011-02-28,22.09000015258789,18.453998565673828
2011-03-01,22.1200008392334,18.479061126708984
2011-03-02,22.0,18.378814697265625
2011-03-03,21.969999313354492,18.353750228881836
2011-03-04,21.940000534057617,18.328689575195312
2011-03-07,21.959999084472656,18.345394134521484
2011-03-08,22.059999465942383,18.428936004638672
2011-03-09,22.020000457763672,18.395523071289062
2011-03-10,22.190000534057617,18.537540435791016
2011-03-11,22.030000686645508,18.40387535095215
2011-03-14,21.920000076293945,18.311981201171875
2011-03-15,21.940000534057617,18.328689575195312
2011-03-16,22.010000228881836,18.387165069580078
2011-03-17,21.81999969482422,18.228439331054688
2011-03-18,21.719999313354492,18.144899368286133
2011-03-21,21.649999618530273,18.0864200592041
2011-03-22,21.65999984741211,18.094778060913086
2011-03-23,21.780000686645508,18.195024490356445
2011-03-24,21.729999542236328,18.153255462646484
2011-03-25,21.8799991607666,18.278562545776367
2011-03-28,21.860000610351562,18.261856079101562
2011-03-29,21.850000381469727,18.253503799438477
2011-03-30,21.829999923706055,18.23679542541504
2011-03-31,21.790000915527344,18.203380584716797
2011-04-01,21.770000457763672,18.186670303344727
2011-04-04,21.770000457763672,18.186670303344727
2011-04-05,21.780000686645508,18.195024490356445
2011-04-06,21.65999984741211,18.094778060913086
2011-04-07,21.670000076293945,18.103130340576172
2011-04-08,21.5,17.96111297607422
2011-04-11,21.530000686645508,17.986175537109375
2011-04-12,21.479999542236328,17.94440460205078
2011-04-13,21.5,17.96111297607422
2011-04-14,21.420000076293945,17.894283294677734
2011-04-15,21.459999084472656,17.92769432067871
2011-04-18,21.65999984741211,18.094778060913086
2011-04-19,21.530000686645508,17.986175537109375
2011-04-20,21.31999969482422,17.810741424560547
2011-04-21,21.239999771118164,17.743907928466797
2011-04-25,21.209999084472656,17.71884536743164
2011-04-26,21.15999984741211,17.677078247070312
2011-04-27,21.020000457763672,17.56011962890625
2011-04-28,20.959999084472656,17.50999641418457
2011-04-29,20.950000762939453,17.50164222717285
2011-05-02,20.969999313354492,17.518348693847656
2011-05-03,20.969999313354492,17.518348693847656
2011-05-04,20.959999084472656,17.50999641418457
2011-05-05,21.270000457763672,17.768972396850586
2011-05-06,21.43000030517578,17.902633666992188
2011-05-09,21.399999618530273,17.877574920654297
2011-05-10,21.3799991607666,17.86086082458496
2011-05-11,21.579999923706055,18.027942657470703
2011-05-12,21.540000915527344,17.99452781677246
2011-05-13,21.690000534057617,18.11983871459961
2011-05-16,21.6200008392334,18.061359405517578
2011-05-17,21.600000381469727,18.04465103149414
2011-05-18,21.59000015258789,18.036300659179688
2011-05-19,21.5,17.96111297607422
2011-05-20,21.649999618530273,18.0864200592041
2011-05-23,21.790000915527344,18.203380584716797
2011-05-24,21.729999542236328,18.153255462646484
2011-05-25,21.709999084472656,18.136547088623047
2011-05-26,21.6200008392334,18.061359405517578
2011-05-27,21.440000534057617,17.91098976135254
2011-05-31,21.34000015258789,17.82744789123535
2011-06-01,21.389999389648438,17.869216918945312
2011-06-02,21.25,17.752262115478516
2011-06-03,21.09000015258789,17.61859893798828
2011-06-06,21.149999618530273,17.66872215270996
2011-06-07,21.030000686645508,17.5684757232666
2011-06-08,21.1299991607666,17.652015686035156
2011-06-09,21.200000762939453,17.71049690246582
2011-06-10,21.399999618530273,17.877574920654297
2011-06-13,21.290000915527344,17.785680770874023
2011-06-14,21.260000228881836,17.760616302490234
2011-06-15,21.600000381469727,18.04465103149414
2011-06-16,21.59000015258789,18.036300659179688
2011-06-17,21.450000762939453,17.919342041015625
2011-06-20,21.450000762939453,17.919342041015625
2011-06-21,21.309999465942383,17.802383422851562
2011-06-22,21.389999389648438,17.869216918945312
2011-06-23,21.5,17.96111297607422
2011-06-24,21.6299991607666,18.06971549987793
2011-06-27,21.530000686645508,17.986175537109375
2011-06-28,21.450000762939453,17.919342041015625
2011-06-29,21.31999969482422,17.810741424560547
2011-06-30,21.219999313354492,17.72719955444336
2011-07-01,21.200000762939453,17.71049690246582
2011-07-05,21.280000686645508,17.777324676513672
2011-07-06,21.40999984741211,17.88592529296875
2011-07-07,21.3700008392334,17.852514266967773
2011-07-08,21.420000076293945,17.894283294677734
2011-07-11,21.709999084472656,18.136547088623047
2011-07-12,21.700000762939453,18.128192901611328
2011-07-13,21.469999313354492,17.936052322387695
2011-07-14,21.469999313354492,17.936052322387695
2011-07-15,21.43000030517578,17.902633666992188
2011-07-18,21.479999542236328,17.94440460205078
2011-07-19,21.43000030517578,17.902633666992188
2011-07-20,21.329999923706055,17.819095611572266
2011-07-21,21.1299991607666,17.652015686035156
2011-07-22,21.1299991607666,17.652015686035156
2011-07-25,21.110000610351562,17.635305404663086
2011-07-26,20.93000030517578,17.484935760498047
2011-07-27,21.09000015258789,17.61859893798828
2011-07-28,21.1299991607666,17.652015686035156
2011-07-29,21.030000686645508,17.5684757232666
2011-08-01,21.139999389648438,17.660367965698242
2011-08-02,21.170000076293945,17.685428619384766
2011-08-03,21.06999969482422,17.60188865661621
2011-08-04,21.399999618530273,17.877574920654297
2011-08-05,21.219999313354492,17.72719955444336
2011-08-08,21.25,17.752262115478516
2011-08-09,21.06999969482422,17.60188865661621
2011-08-10,21.25,17.752262115478516
2011-08-11,21.219999313354492,17.72719955444336
2011-08-12,21.219999313354492,17.72719955444336
2011-08-15,21.0,17.543413162231445
2011-08-16,21.010000228881836,17.551767349243164
2011-08-17,20.959999084472656,17.50999641418457
2011-08-18,21.079999923706055,17.610244750976562
2011-08-19,21.030000686645508,17.5684757232666
2011-08-22,21.06999969482422,17.60188865661621
2011-08-23,20.979999542236328,17.526704788208008
2011-08-24,21.020000457763672,17.56011962890625
2011-08-25,21.079999923706055,17.610244750976562
2011-08-26,20.959999084472656,17.50999641418457
2011-08-29,20.93000030517578,17.484935760498047
2011-08-30,21.010000228881836,17.551767349243164
2011-08-31,21.06999969482422,17.60188865661621
2011-09-01,21.15999984741211,17.677078247070312
2011-09-02,21.219999313354492,17.72719955444336
2011-09-06,21.549999237060547,18.002883911132812
2011-09-07,21.43000030517578,17.902633666992188
2011-09-08,21.649999618530273,18.0864200592041
2011-09-09,21.90999984741211,18.303625106811523
2011-09-12,21.920000076293945,18.311981201171875
2011-09-13,21.850000381469727,18.253503799438477
2011-09-14,21.790000915527344,18.203380584716797
2011-09-15,21.65999984741211,18.094778060913086
2011-09-16,21.739999771118164,18.16160774230957
2011-09-19,21.860000610351562,18.261856079101562
2011-09-20,21.860000610351562,18.261856079101562
2011-09-21,22.030000686645508,18.40387535095215
2011-09-22,22.260000228881836,18.596017837524414
2011-09-23,22.200000762939453,18.545894622802734
2011-09-26,22.18000030517578,18.529184341430664
2011-09-27,22.049999237060547,18.420583724975586
2011-09-28,22.1299991607666,18.48741340637207
2011-09-29,22.079999923706055,18.445642471313477
2011-09-30,22.309999465942383,18.637788772583008
2011-10-03,22.510000228881836,18.804866790771484
2011-10-04,22.420000076293945,18.72968101501465
2011-10-05,22.350000381469727,18.671201705932617
2011-10-06,22.209999084472656,18.554248809814453
2011-10-07,22.270000457763672,18.604372024536133
2011-10-10,21.920000076293945,18.311981201171875
2011-10-11,21.899999618530273,18.29527473449707
2011-10-12,21.760000228881836,18.178319931030273
2011-10-13,21.75,18.169960021972656
2011-10-14,21.649999618530273,18.0864200592041
2011-10-17,21.790000915527344,18.203380584716797
2011-10-18,21.760000228881836,18.178319931030273
2011-10-19,21.780000686645508,18.195024490356445
2011-10-20,21.739999771118164,18.16160774230957
2011-10-21,21.540000915527344,17.99452781677246
2011-10-24,21.489999771118164,17.9527587890625
2011-10-25,21.510000228881836,17.969465255737305
2011-10-26,21.510000228881836,17.969465255737305
2011-10-27,21.149999618530273,17.66872215270996
2011-10-28,21.15999984741211,17.677078247070312
2011-10-31,21.56999969482422,18.019590377807617
2011-11-01,21.799999237060547,18.211732864379883
2011-11-02,21.75,18.169960021972656
2011-11-03,21.649999618530273,18.0864200592041
2011-11-04,21.709999084472656,18.136547088623047
2011-11-07,21.690000534057617,18.11983871459961
2011-11-08,21.59000015258789,18.036300659179688
2011-11-09,21.969999313354492,18.353750228881836
2011-11-10,21.90999984741211,18.303625106811523
2011-11-11,21.690000534057617,18.11983871459961
2011-11-14,21.84000015258789,18.245149612426758
2011-11-15,21.969999313354492,18.353750228881836
2011-11-16,22.040000915527344,18.412227630615234
2011-11-17,22.06999969482422,18.437294006347656
2011-11-18,22.010000228881836,18.387165069580078
2011-11-21,22.049999237060547,18.420583724975586
2011-11-22,22.040000915527344,18.412227630615234
2011-11-23,22.290000915527344,18.621082305908203
2011-11-25,22.420000076293945,18.72968101501465
2011-11-28,22.329999923706055,18.654497146606445
2011-11-29,22.25,18.58765983581543
2011-11-30,22.059999465942383,18.428936004638672
2011-12-01,22.049999237060547,18.420583724975586
2011-12-02,22.1200008392334,18.479061126708984
2011-12-05,22.1200008392334,18.479061126708984
2011-12-06,22.100000381469727,18.46235466003418
2011-12-07,22.06999969482422,18.437294006347656
2011-12-08,22.190000534057617,18.537540435791016
2011-12-09,22.1200008392334,18.479061126708984
2011-12-12,22.350000381469727,18.671201705932617
2011-12-13,22.56999969482422,18.854991912841797
2011-12-14,22.6200008392334,18.896760940551758
2011-12-15,22.559999465942383,18.846637725830078
2011-12-16,22.489999771118164,18.78816032409668
2011-12-19,22.56999969482422,18.854991912841797
2011-12-20,22.3799991607666,18.696264266967773
2011-12-21,22.3799991607666,18.696264266967773
2011-12-22,22.3799991607666,18.696264266967773
2011-12-23,22.389999389648438,18.704618453979492
2011-12-27,22.34000015258789,18.662851333618164
2011-12-28,22.549999237060547,18.83828353881836
2011-12-29,22.510000228881836,18.804866790771484
2011-12-30,22.469999313354492,18.771448135375977
2012-01-03,22.280000686645508,18.61272430419922
2012-01-04,22.399999618530273,18.712968826293945
2012-01-05,22.639999389648438,18.913467407226562
2012-01-06,22.719999313354492,18.980302810668945
2012-01-09,22.639999389648438,18.913467407226562
2012-01-10,22.6200008392334,18.896760940551758
2012-01-11,22.719999313354492,18.980302810668945
2012-01-12,22.56999969482422,18.854991912841797
2012-01-13,22.75,19.00536346435547
2012-01-17,22.670000076293945,18.93853187561035
2012-01-18,22.469999313354492,18.771448135375977
2012-01-19,22.350000381469727,18.671201705932617
2012-01-20,22.3700008392334,18.687911987304688
2012-01-23,22.239999771118164,18.579309463500977
2012-01-24,22.270000457763672,18.604372024536133
2012-01-25,22.170000076293945,18.520830154418945
2012-01-26,22.149999618530273,18.50412368774414
2012-01-27,21.989999771118164,18.37045669555664
2012-01-30,22.06999969482422,18.437294006347656
2012-01-31,22.1200008392334,18.479061126708984
2012-02-01,22.020000457763672,18.395523071289062
2012-02-02,22.030000686645508,18.40387535095215
2012-02-03,22.030000686645508,18.40387535095215
2012-02-06,22.040000915527344,18.412227630615234
2012-02-07,21.889999389648438,18.286916732788086
2012-02-08,21.90999984741211,18.303625106811523
2012-02-09,21.920000076293945,18.311981201171875
2012-02-10,22.059999465942383,18.428936004638672
2012-02-13,22.030000686645508,18.40387535095215
2012-02-14,22.139999389648438,18.495769500732422
2012-02-15,22.209999084472656,18.554248809814453
2012-02-16,22.1299991607666,18.48741340637207
2012-02-17,22.1299991607666,18.48741340637207
2012-02-21,22.040000915527344,18.412227630615234
2012-02-22,22.06999969482422,18.437294006347656
2012-02-23,21.899999618530273,18.29527473449707
2012-02-24,21.809999465942383,18.2200870513916
2012-02-27,21.8799991607666,18.278562545776367
2012-02-28,21.780000686645508,18.195024490356445
2012-02-29,21.959999084472656,18.345394134521484
2012-03-01,21.959999084472656,18.345394134521484
2012-03-02,22.110000610351562,18.470706939697266
2012-03-05,22.09000015258789,18.453998565673828
2012-03-06,22.229999542236328,18.570953369140625
2012-03-07,22.200000762939453,18.545894622802734
2012-03-08,22.049999237060547,18.420583724975586
2012-03-09,22.260000228881836,18.596017837524414
2012-03-12,22.229999542236328,18.570953369140625
2012-03-13,22.299999237060547,18.629430770874023
2012-03-14,22.420000076293945,18.72968101501465
2012-03-15,22.329999923706055,18.654497146606445
2012-03-16,22.18000030517578,18.529184341430664
2012-03-19,22.059999465942383,18.428936004638672
2012-03-20,22.100000381469727,18.46235466003418
2012-03-21,22.110000610351562,18.470706939697266
2012-03-22,22.139999389648438,18.495769500732422
2012-03-23,22.020000457763672,18.395523071289062
2012-03-26,21.8799991607666,18.278562545776367
2012-03-27,21.959999084472656,18.345394134521484
2012-03-28,21.950000762939453,18.33704376220703
2012-03-29,21.940000534057617,18.328689575195312
2012-03-30,21.90999984741211,18.303625106811523
2012-04-02,21.860000610351562,18.261856079101562
2012-04-03,22.020000457763672,18.395523071289062
2012-04-04,22.1299991607666,18.48741340637207
2012-04-05,22.200000762939453,18.545894622802734
2012-04-09,22.1299991607666,18.48741340637207
2012-04-10,22.15999984741211,18.512475967407227
2012-04-11,22.1299991607666,18.48741340637207
2012-04-12,21.979999542236328,18.362106323242188
2012-04-13,22.15999984741211,18.512475967407227
2012-04-16,22.06999969482422,18.437294006347656
2012-04-17,22.059999465942383,18.428936004638672
2012-04-18,22.059999465942383,18.428936004638672
2012-04-19,22.049999237060547,18.420583724975586
2012-04-20,21.93000030517578,18.320335388183594
2012-04-23,22.0,18.378814697265625
2012-04-24,21.940000534057617,18.328689575195312
2012-04-25,21.889999389648438,18.286916732788086
2012-04-26,21.860000610351562,18.261856079101562
2012-04-27,21.81999969482422,18.228439331054688
2012-04-30,21.809999465942383,18.2200870513916
2012-05-01,21.829999923706055,18.23679542541504
2012-05-02,21.899999618530273,18.29527473449707
2012-05-03,21.920000076293945,18.311981201171875
2012-05-04,22.010000228881836,18.387165069580078
2012-05-07,22.040000915527344,18.412227630615234
2012-05-08,22.09000015258789,18.453998565673828
2012-05-09,22.18000030517578,18.529184341430664
2012-05-10,22.200000762939453,18.545894622802734
2012-05-11,22.239999771118164,18.579309463500977
2012-05-14,22.34000015258789,18.662851333618164
2012-05-15,22.520000457763672,18.81321907043457
2012-05-16,22.56999969482422,18.854991912841797
2012-05-17,22.549999237060547,18.83828353881836
2012-05-18,22.459999084472656,18.763097763061523
2012-05-21,22.389999389648438,18.704618453979492
2012-05-22,22.6200008392334,18.896760940551758
2012-05-23,22.700000762939453,18.96359634399414
2012-05-24,22.790000915527344,19.03877830505371
2012-05-25,22.81999969482422,19.063838958740234
2012-05-29,22.799999237060547,19.047134399414062
2012-05-30,22.979999542236328,19.1975040435791
2012-05-31,22.989999771118164,19.205860137939453
2012-06-01,22.920000076293945,19.147380828857422
2012-06-04,22.81999969482422,19.063838958740234
2012-06-05,22.899999618530273,19.13067054748535
2012-06-06,22.709999084472656,18.971946716308594
2012-06-07,22.739999771118164,18.99700927734375
2012-06-08,22.809999465942383,19.05548667907715
2012-06-11,22.84000015258789,19.080551147460938
2012-06-12,22.760000228881836,19.013715744018555
2012-06-13,22.690000534057617,18.955238342285156
2012-06-14,22.600000381469727,18.880054473876953
2012-06-15,22.5,18.7965145111084
2012-06-18,22.600000381469727,18.880054473876953
2012-06-19,22.43000030517578,18.738035202026367
2012-06-20,22.459999084472656,18.763097763061523
2012-06-21,22.700000762939453,18.96359634399414
2012-06-22,22.649999618530273,18.921823501586914
2012-06-25,22.719999313354492,18.980302810668945
2012-06-26,22.68000030517578,18.946887969970703
2012-06-27,22.75,19.00536346435547
2012-06-28,22.780000686645508,19.030427932739258
2012-06-29,22.469999313354492,18.771448135375977
2012-07-02,22.520000457763672,18.81321907043457
2012-07-03,22.5,18.7965145111084
2012-07-05,22.799999237060547,19.047134399414062
2012-07-06,22.950000762939453,19.17244529724121
2012-07-09,22.8799991607666,19.113964080810547
2012-07-10,22.959999084472656,19.180797576904297
2012-07-11,22.979999542236328,19.1975040435791
2012-07-12,23.030000686645508,19.239274978637695
2012-07-13,22.93000030517578,19.15573501586914
2012-07-16,22.860000610351562,19.097257614135742
2012-07-17,22.84000015258789,19.080551147460938
2012-07-18,22.81999969482422,19.063838958740234
2012-07-19,22.809999465942383,19.05548667907715
2012-07-20,22.979999542236328,19.1975040435791
2012-07-23,23.010000228881836,19.22256851196289
2012-07-24,23.100000381469727,19.297752380371094
2012-07-25,22.979999542236328,19.1975040435791
2012-07-26,22.75,19.00536346435547
2012-07-27,22.739999771118164,18.99700927734375
2012-07-30,22.770000457763672,19.022071838378906
2012-07-31,22.709999084472656,18.971946716308594
2012-08-01,22.8700008392334,19.10561180114746
2012-08-02,22.90999984741211,19.139028549194336
2012-08-03,22.6299991607666,18.905115127563477
2012-08-06,22.600000381469727,18.880054473876953
2012-08-07,22.600000381469727,18.880054473876953
2012-08-08,22.639999389648438,18.913467407226562
2012-08-09,22.719999313354492,18.980302810668945
2012-08-10,22.68000030517578,18.946887969970703
2012-08-13,22.649999618530273,18.921823501586914
2012-08-14,22.65999984741211,18.93017578125
2012-08-15,22.719999313354492,18.980302810668945
2012-08-16,22.639999389648438,18.913467407226562
2012-08-17,22.68000030517578,18.946887969970703
2012-08-20,22.649999618530273,18.921823501586914
2012-08-21,22.5,18.7965145111084
2012-08-22,22.389999389648438,18.704618453979492
2012-08-23,22.350000381469727,18.671201705932617
2012-08-24,22.420000076293945,18.72968101501465
2012-08-27,22.440000534057617,18.74639129638672
2012-08-28,22.350000381469727,18.671201705932617
2012-08-29,22.389999389648438,18.704618453979492
2012-08-30,22.440000534057617,18.74639129638672
2012-08-31,22.299999237060547,18.629430770874023
2012-09-04,22.329999923706055,18.654497146606445
2012-09-05,22.309999465942383,18.637788772583008
2012-09-06,22.25,18.58765983581543
2012-09-07,22.010000228881836,18.387165069580078
2012-09-10,22.079999923706055,18.445642471313477
2012-09-11,21.90999984741211,18.303625106811523
2012-09-12,21.889999389648438,18.286916732788086
2012-09-13,21.75,18.169960021972656
2012-09-14,21.639999389648438,18.07806968688965
2012-09-17,21.670000076293945,18.103130340576172
2012-09-18,21.739999771118164,18.16160774230957
2012-09-19,21.670000076293945,18.103130340576172
2012-09-20,21.770000457763672,18.186670303344727
2012-09-21,21.75,18.169960021972656
2012-09-24,21.799999237060547,18.211732864379883
2012-09-25,21.84000015258789,18.245149612426758
2012-09-26,21.8799991607666,18.278562545776367
2012-09-27,21.81999969482422,18.228439331054688
2012-09-28,21.920000076293945,18.311981201171875
2012-10-01,21.8700008392334,18.270212173461914
2012-10-02,21.850000381469727,18.253503799438477
2012-10-03,21.90999984741211,18.303625106811523
2012-10-04,21.760000228881836,18.178319931030273
2012-10-05,21.760000228881836,18.178319931030273
2012-10-08,21.809999465942383,18.2200870513916
2012-10-09,21.950000762939453,18.33704376220703
2012-10-10,21.899999618530273,18.29527473449707
2012-10-11,21.860000610351562,18.261856079101562
2012-10-12,21.829999923706055,18.23679542541504
2012-10-15,21.84000015258789,18.245149612426758
2012-10-16,21.75,18.169960021972656
2012-10-17,21.639999389648438,18.07806968688965
2012-10-18,21.729999542236328,18.153255462646484
2012-10-19,21.809999465942383,18.2200870513916
2012-10-22,21.809999465942383,18.2200870513916
2012-10-23,21.90999984741211,18.303625106811523
2012-10-24,21.90999984741211,18.303625106811523
2012-10-25,21.93000030517578,18.320335388183594
2012-10-26,21.93000030517578,18.320335388183594
2012-10-31,21.889999389648438,18.286916732788086
2012-11-01,21.920000076293945,18.311981201171875
2012-11-02,22.06999969482422,18.437294006347656
2012-11-05,22.1200008392334,18.479061126708984
2012-11-06,22.09000015258789,18.453998565673828
2012-11-07,22.1299991607666,18.48741340637207
2012-11-08,22.1299991607666,18.48741340637207
2012-11-09,22.18000030517578,18.529184341430664
2012-11-12,22.190000534057617,18.537540435791016
2012-11-13,22.209999084472656,18.554248809814453
2012-11-14,22.200000762939453,18.545894622802734
2012-11-15,22.200000762939453,18.545894622802734
2012-11-16,22.239999771118164,18.579309463500977
2012-11-19,22.139999389648438,18.495769500732422
2012-11-20,22.1299991607666,18.48741340637207
2012-11-21,22.139999389648438,18.495769500732422
2012-11-23,21.93000030517578,18.320335388183594
2012-11-26,21.940000534057617,18.328689575195312
2012-11-27,22.010000228881836,18.387165069580078
2012-11-28,21.969999313354492,18.353750228881836
2012-11-29,21.940000534057617,18.328689575195312
2012-11-30,21.920000076293945,18.311981201171875
2012-12-03,21.850000381469727,18.253503799438477
2012-12-04,21.780000686645508,18.195024490356445
2012-12-05,21.829999923706055,18.23679542541504
2012-12-06,21.950000762939453,18.33704376220703
2012-12-07,21.989999771118164,18.37045669555664
2012-12-10,21.959999084472656,18.345394134521484
2012-12-11,21.8799991607666,18.278562545776367
2012-12-12,21.84000015258789,18.245149612426758
2012-12-13,21.860000610351562,18.261856079101562
2012-12-14,21.75,18.169960021972656
2012-12-17,21.75,18.169960021972656
2012-12-18,21.68000030517578,18.111486434936523
2012-12-19,21.670000076293945,18.103130340576172
2012-12-20,21.649999618530273,18.0864200592041
2012-12-21,21.760000228881836,18.178319931030273
2012-12-24,21.760000228881836,18.178319931030273
2012-12-26,21.760000228881836,18.178319931030273
2012-12-27,21.760000228881836,18.178319931030273
2012-12-28,21.780000686645508,18.195024490356445
2012-12-31,21.809999465942383,18.2200870513916
2013-01-02,21.81999969482422,18.228439331054688
2013-01-03,21.989999771118164,18.37045669555664
2013-01-04,21.989999771118164,18.37045669555664
2013-01-07,21.920000076293945,18.311981201171875
2013-01-08,21.950000762939453,18.33704376220703
2013-01-09,22.020000457763672,18.395523071289062
2013-01-10,21.799999237060547,18.211732864379883
2013-01-11,21.739999771118164,18.16160774230957
2013-01-14,21.709999084472656,18.136547088623047
2013-01-15,21.770000457763672,18.186670303344727
2013-01-16,21.790000915527344,18.203380584716797
2013-01-17,21.75,18.169960021972656
2013-01-18,21.850000381469727,18.253503799438477
2013-01-22,21.829999923706055,18.23679542541504
2013-01-23,21.829999923706055,18.23679542541504
2013-01-24,21.829999923706055,18.23679542541504
2013-01-25,21.780000686645508,18.195024490356445
2013-01-28,21.790000915527344,18.203380584716797
2013-01-29,21.729999542236328,18.153255462646484
2013-01-30,21.639999389648438,18.07806968688965
2013-01-31,21.6200008392334,18.061359405517578
2013-02-01,21.600000381469727,18.04465103149414
2013-02-04,21.709999084472656,18.136547088623047
2013-02-05,21.700000762939453,18.128192901611328
2013-02-06,21.770000457763672,18.186670303344727
2013-02-07,21.889999389648438,18.286916732788086
2013-02-08,21.899999618530273,18.29527473449707
2013-02-11,21.920000076293945,18.311981201171875
2013-02-12,21.8700008392334,18.270212173461914
2013-02-13,21.8799991607666,18.278562545776367
2013-02-14,21.940000534057617,18.328689575195312
2013-02-15,21.959999084472656,18.345394134521484
2013-02-19,21.969999313354492,18.353750228881836
2013-02-20,22.1299991607666,18.48741340637207
2013-02-21,22.219999313354492,18.56260108947754
2013-02-22,22.229999542236328,18.570953369140625
2013-02-25,22.31999969482422,18.64613914489746
2013-02-26,22.34000015258789,18.662851333618164
2013-02-27,22.25,18.58765983581543
2013-02-28,22.3700008392334,18.687911987304688
2013-03-01,22.440000534057617,18.74639129638672
2013-03-04,22.43000030517578,18.738035202026367
2013-03-05,22.399999618530273,18.712968826293945
2013-03-06,22.489999771118164,18.78816032409668
2013-03-07,22.389999389648438,18.704618453979492
2013-03-08,22.559999465942383,18.846637725830078
2013-03-11,22.510000228881836,18.804866790771484
2013-03-12,22.5,18.7965145111084
2013-03-13,22.59000015258789,18.8716983795166
2013-03-14,22.5,18.7965145111084
2013-03-15,22.399999618530273,18.712968826293945
2013-03-18,22.540000915527344,18.82992935180664
2013-03-19,22.610000610351562,18.888408660888672
2013-03-20,22.559999465942383,18.846637725830078
2013-03-21,22.559999465942383,18.846637725830078
2013-03-22,22.420000076293945,18.72968101501465
2013-03-25,22.579999923706055,18.863346099853516
2013-03-26,22.56999969482422,18.854991912841797
2013-03-27,22.65999984741211,18.93017578125
2013-03-28,22.600000381469727,18.880054473876953
2013-04-01,22.520000457763672,18.81321907043457
2013-04-02,22.56999969482422,18.854991912841797
2013-04-03,22.520000457763672,18.81321907043457
2013-04-04,22.489999771118164,18.78816032409668
2013-04-05,22.450000762939453,18.754743576049805
2013-04-08,22.510000228881836,18.804866790771484
2013-04-09,22.40999984741211,18.721330642700195
2013-04-10,22.43000030517578,18.738035202026367
2013-04-11,22.3700008392334,18.687911987304688
2013-04-12,22.34000015258789,18.662851333618164
2013-04-15,22.40999984741211,18.721330642700195
2013-04-16,22.229999542236328,18.570953369140625
2013-04-17,22.469999313354492,18.771448135375977
2013-04-18,22.459999084472656,18.763097763061523
2013-04-19,22.5,18.7965145111084
2013-04-22,22.489999771118164,18.78816032409668
2013-04-23,22.56999969482422,18.854991912841797
2013-04-24,22.559999465942383,18.846637725830078
2013-04-25,22.510000228881836,18.804866790771484
2013-04-26,22.40999984741211,18.721330642700195
2013-04-29,22.309999465942383,18.637788772583008
2013-04-30,22.200000762939453,18.545894622802734
2013-05-01,22.18000030517578,18.529184341430664
2013-05-02,22.329999923706055,18.654497146606445
2013-05-03,22.31999969482422,18.64613914489746
2013-05-06,22.3700008392334,18.687911987304688
2013-05-07,22.3700008392334,18.687911987304688
2013-05-08,22.270000457763672,18.604372024536133
2013-05-09,22.479999542236328,18.77980613708496
2013-05-10,22.600000381469727,18.880054473876953
2013-05-13,22.639999389648438,18.913467407226562
2013-05-14,22.729999542236328,18.98865509033203
2013-05-15,22.790000915527344,19.03877830505371
2013-05-16,22.780000686645508,19.030427932739258
2013-05-17,22.920000076293945,19.147380828857422
2013-05-20,22.780000686645508,19.030427932739258
2013-05-21,22.790000915527344,19.03877830505371
2013-05-22,22.889999389648438,19.122318267822266
2013-05-23,22.739999771118164,18.99700927734375
2013-05-24,22.709999084472656,18.971946716308594
2013-05-28,22.8700008392334,19.10561180114746
2013-05-29,22.700000762939453,18.96359634399414
2013-05-30,22.549999237060547,18.83828353881836
2013-05-31,22.610000610351562,18.888408660888672
2013-06-03,22.450000762939453,18.754743576049805
2013-06-04,22.459999084472656,18.763097763061523
2013-06-05,22.420000076293945,18.72968101501465
2013-06-06,22.1299991607666,18.48741340637207
2013-06-07,22.15999984741211,18.512475967407227
2013-06-10,22.170000076293945,18.520830154418945
2013-06-11,21.979999542236328,18.362106323242188
2013-06-12,21.969999313354492,18.353750228881836
2013-06-13,21.899999618530273,18.29527473449707
2013-06-14,21.8799991607666,18.278562545776367
2013-06-17,21.84000015258789,18.245149612426758
2013-06-18,21.860000610351562,18.261856079101562
2013-06-19,22.059999465942383,18.428936004638672
2013-06-20,22.190000534057617,18.537540435791016
2013-06-21,22.34000015258789,18.662851333618164
2013-06-24,22.360000610351562,18.67955780029297
2013-06-25,22.399999618530273,18.712968826293945
2013-06-26,22.520000457763672,18.81321907043457
2013-06-27,22.510000228881836,18.804866790771484
2013-06-28,22.559999465942383,18.846637725830078
2013-07-01,22.510000228881836,18.804866790771484
2013-07-02,22.65999984741211,18.93017578125
2013-07-03,22.56999969482422,18.854991912841797
2013-07-05,22.899999618530273,19.13067054748535
2013-07-08,22.84000015258789,19.080551147460938
2013-07-09,22.93000030517578,19.15573501586914
2013-07-10,22.780000686645508,19.030427932739258
2013-07-11,22.420000076293945,18.72968101501465
2013-07-12,22.469999313354492,18.771448135375977
2013-07-15,22.489999771118164,18.78816032409668
2013-07-16,22.329999923706055,18.654497146606445
2013-07-17,22.3799991607666,18.696264266967773
2013-07-18,22.420000076293945,18.72968101501465
2013-07-19,22.360000610351562,18.67955780029297
2013-07-22,22.260000228881836,18.596017837524414
2013-07-23,22.190000534057617,18.537540435791016
2013-07-24,22.270000457763672,18.604372024536133
2013-07-25,22.1200008392334,18.479061126708984
2013-07-26,22.100000381469727,18.46235466003418
2013-07-29,22.100000381469727,18.46235466003418
2013-07-30,22.149999618530273,18.50412368774414
2013-07-31,22.09000015258789,18.453998565673828
2013-08-01,22.280000686645508,18.61272430419922
2013-08-02,22.15999984741211,18.512475967407227
2013-08-05,22.1299991607666,18.48741340637207
2013-08-06,22.06999969482422,18.437294006347656
2013-08-07,21.979999542236328,18.362106323242188
2013-08-08,21.90999984741211,18.303625106811523
2013-08-09,21.93000030517578,18.320335388183594
2013-08-12,21.989999771118164,18.37045669555664
2013-08-13,22.100000381469727,18.46235466003418
2013-08-14,22.09000015258789,18.453998565673828
2013-08-15,21.940000534057617,18.328689575195312
2013-08-16,21.979999542236328,18.362106323242188
2013-08-19,21.969999313354492,18.353750228881836
2013-08-20,21.8700008392334,18.270212173461914
2013-08-21,21.979999542236328,18.362106323242188
2013-08-22,22.030000686645508,18.40387535095215
2013-08-23,21.989999771118164,18.37045669555664
2013-08-26,21.989999771118164,18.37045669555664
2013-08-27,21.920000076293945,18.311981201171875
2013-08-28,22.010000228881836,18.387165069580078
2013-08-29,22.15999984741211,18.512475967407227
2013-08-30,22.190000534057617,18.537540435791016
2013-09-03,22.260000228881836,18.596017837524414
2013-09-04,22.18000030517578,18.529184341430664
2013-09-05,22.329999923706055,18.654497146606445
2013-09-06,22.200000762939453,18.545894622802734
2013-09-09,22.09000015258789,18.453998565673828
2013-09-10,22.09000015258789,18.453998565673828
2013-09-11,22.010000228881836,18.387165069580078
2013-09-12,22.010000228881836,18.387165069580078
2013-09-13,21.989999771118164,18.37045669555664
2013-09-16,21.940000534057617,18.328689575195312
2013-09-17,21.899999618530273,18.29527473449707
2013-09-18,21.649999618530273,18.0864200592041
2013-09-19,21.68000030517578,18.111486434936523
2013-09-20,21.690000534057617,18.11983871459961
2013-09-23,21.700000762939453,18.128192901611328
2013-09-24,21.739999771118164,18.16160774230957
2013-09-25,21.670000076293945,18.103130340576172
2013-09-26,21.719999313354492,18.144899368286133
2013-09-27,21.639999389648438,18.07806968688965
2013-09-30,21.6299991607666,18.06971549987793
2013-10-01,21.610000610351562,18.053007125854492
2013-10-02,21.530000686645508,17.986175537109375
2013-10-03,21.510000228881836,17.969465255737305
2013-10-04,21.610000610351562,18.053007125854492
2013-10-07,21.549999237060547,18.002883911132812
2013-10-08,21.559999465942383,18.01123809814453
2013-10-09,21.65999984741211,18.094778060913086
2013-10-10,21.700000762939453,18.128192901611328
2013-10-11,21.65999984741211,18.094778060913086
2013-10-14,21.6200008392334,18.061359405517578
2013-10-15,21.700000762939453,18.128192901611328
2013-10-16,21.690000534057617,18.11983871459961
2013-10-17,21.450000762939453,17.919342041015625
2013-10-18,21.450000762939453,17.919342041015625
2013-10-21,21.469999313354492,17.936052322387695
2013-10-22,21.350000381469727,17.83580207824707
2013-10-23,21.360000610351562,17.84415626525879
2013-10-24,21.329999923706055,17.819095611572266
2013-10-25,21.34000015258789,17.82744789123535
2013-10-28,21.3799991607666,17.86086082458496
2013-10-29,21.440000534057617,17.91098976135254
2013-10-30,21.479999542236328,17.94440460205078
2013-10-31,21.6299991607666,18.06971549987793
2013-11-01,21.75,18.169960021972656
2013-11-04,21.690000534057617,18.11983871459961
2013-11-05,21.739999771118164,18.16160774230957
2013-11-06,21.670000076293945,18.103130340576172
2013-11-07,21.770000457763672,18.186670303344727
2013-11-08,21.899999618530273,18.29527473449707
2013-11-11,21.84000015258789,18.245149612426758
2013-11-12,21.850000381469727,18.253503799438477
2013-11-13,21.799999237060547,18.211732864379883
2013-11-14,21.799999237060547,18.211732864379883
2013-11-15,21.760000228881836,18.178319931030273
2013-11-18,21.729999542236328,18.153255462646484
2013-11-19,21.719999313354492,18.144899368286133
2013-11-20,21.81999969482422,18.228439331054688
2013-11-21,21.81999969482422,18.228439331054688
2013-11-22,21.729999542236328,18.153255462646484
2013-11-25,21.760000228881836,18.178319931030273
2013-11-26,21.690000534057617,18.11983871459961
2013-11-27,21.719999313354492,18.144899368286133
2013-11-29,21.700000762939453,18.128192901611328
2013-12-02,21.770000457763672,18.186670303344727
2013-12-03,21.700000762939453,18.128192901611328
2013-12-04,21.690000534057617,18.11983871459961
2013-12-05,21.579999923706055,18.027942657470703
2013-12-06,21.579999923706055,18.027942657470703
2013-12-09,21.559999465942383,18.01123809814453
2013-12-10,21.5,17.96111297607422
2013-12-11,21.489999771118164,17.9527587890625
2013-12-12,21.56999969482422,18.019590377807617
2013-12-13,21.579999923706055,18.027942657470703
2013-12-16,21.540000915527344,17.99452781677246
2013-12-17,21.540000915527344,17.99452781677246
2013-12-18,21.6299991607666,18.06971549987793
2013-12-19,21.68000030517578,18.111486434936523
2013-12-20,21.65999984741211,18.094778060913086
2013-12-23,21.6200008392334,18.061359405517578
2013-12-24,21.639999389648438,18.07806968688965
2013-12-26,21.6299991607666,18.06971549987793
2013-12-27,21.59000015258789,18.036300659179688
2013-12-30,21.489999771118164,17.9527587890625
2013-12-31,21.520000457763672,17.977819442749023
2014-01-02,21.649999618530273,18.0864200592041
2014-01-03,21.739999771118164,18.16160774230957
2014-01-06,21.68000030517578,18.111486434936523
2014-01-07,21.739999771118164,18.16160774230957
2014-01-08,21.780000686645508,18.195024490356445
2014-01-09,21.760000228881836,18.178319931030273
2014-01-10,21.670000076293945,18.103130340576172
2014-01-13,21.6200008392334,18.061359405517578
2014-01-14,21.65999984741211,18.094778060913086
2014-01-15,21.760000228881836,18.178319931030273
2014-01-16,21.739999771118164,18.16160774230957
2014-01-17,21.81999969482422,18.228439331054688
2014-01-21,21.780000686645508,18.195024490356445
2014-01-22,21.809999465942383,18.2200870513916
2014-01-23,21.59000015258789,18.036300659179688
2014-01-24,21.6200008392334,18.061359405517578
2014-01-27,21.6200008392334,18.061359405517578
2014-01-28,21.6299991607666,18.06971549987793
2014-01-29,21.6299991607666,18.06971549987793
2014-01-30,21.770000457763672,18.186670303344727
2014-01-31,21.829999923706055,18.23679542541504
2014-02-03,21.760000228881836,18.178319931030273
2014-02-04,21.780000686645508,18.195024490356445
2014-02-05,21.75,18.169960021972656
2014-02-06,21.719999313354492,18.144899368286133
2014-02-07,21.649999618530273,18.0864200592041
2014-02-10,21.6299991607666,18.06971549987793
2014-02-11,21.6299991607666,18.06971549987793
2014-02-12,21.649999618530273,18.0864200592041
2014-02-13,21.530000686645508,17.986175537109375
2014-02-14,21.489999771118164,17.9527587890625
2014-02-18,21.450000762939453,17.919342041015625
2014-02-19,21.510000228881836,17.969465255737305
2014-02-20,21.540000915527344,17.99452781677246
2014-02-21,21.520000457763672,17.977819442749023
2014-02-24,21.510000228881836,17.969465255737305
2014-02-25,21.479999542236328,17.94440460205078
2014-02-26,21.559999465942383,18.01123809814453
2014-02-27,21.520000457763672,17.977819442749023
2014-02-28,21.3799991607666,17.86086082458496
2014-03-03,21.459999084472656,17.92769432067871
2014-03-04,21.479999542236328,17.94440460205078
2014-03-05,21.469999313354492,17.936052322387695
2014-03-06,21.350000381469727,17.83580207824707
2014-03-07,21.3700008392334,17.852514266967773
2014-03-10,21.3799991607666,17.86086082458496
2014-03-11,21.3799991607666,17.86086082458496
2014-03-12,21.31999969482422,17.810741424560547
2014-03-13,21.329999923706055,17.819095611572266
2014-03-14,21.280000686645508,17.777324676513672
2014-03-17,21.260000228881836,17.760616302490234
2014-03-18,21.270000457763672,17.768972396850586
2014-03-19,21.43000030517578,17.902633666992188
2014-03-20,21.5,17.96111297607422
2014-03-21,21.469999313354492,17.936052322387695
2014-03-24,21.40999984741211,17.88592529296875
2014-03-25,21.420000076293945,17.894283294677734
2014-03-26,21.420000076293945,17.894283294677734
2014-03-27,21.479999542236328,17.94440460205078
2014-03-28,21.479999542236328,17.94440460205078
2014-03-31,21.459999084472656,17.92769432067871
2014-04-01,21.459999084472656,17.92769432067871
2014-04-02,21.5,17.96111297607422
2014-04-03,21.559999465942383,18.01123809814453
2014-04-04,21.540000915527344,17.99452781677246
2014-04-07,21.489999771118164,17.9527587890625
2014-04-08,21.350000381469727,17.83580207824707
2014-04-09,21.270000457763672,17.768972396850586
2014-04-10,21.260000228881836,17.760616302490234
2014-04-11,21.270000457763672,17.768972396850586
2014-04-14,21.329999923706055,17.819095611572266
2014-04-15,21.350000381469727,17.83580207824707
2014-04-16,21.3700008392334,17.852514266967773
2014-04-17,21.3700008392334,17.852514266967773
2014-04-21,21.389999389648438,17.869216918945312
2014-04-22,21.3700008392334,17.852514266967773
2014-04-23,21.3700008392334,17.852514266967773
2014-04-24,21.34000015258789,17.82744789123535
2014-04-25,21.34000015258789,17.82744789123535
2014-04-28,21.31999969482422,17.810741424560547
2014-04-29,21.34000015258789,17.82744789123535
2014-04-30,21.280000686645508,17.777324676513672
2014-05-01,21.270000457763672,17.768972396850586
2014-05-02,21.270000457763672,17.768972396850586
2014-05-05,21.260000228881836,17.760616302490234
2014-05-06,21.15999984741211,17.677078247070312
2014-05-07,21.170000076293945,17.685428619384766
2014-05-08,21.219999313354492,17.72719955444336
2014-05-09,21.350000381469727,17.83580207824707
2014-05-12,21.3700008392334,17.852514266967773
2014-05-13,21.420000076293945,17.894283294677734
2014-05-14,21.40999984741211,17.88592529296875
2014-05-15,21.389999389648438,17.869216918945312
2014-05-16,21.389999389648438,17.869216918945312
2014-05-19,21.389999389648438,17.869216918945312
2014-05-20,21.399999618530273,17.877574920654297
2014-05-21,21.399999618530273,17.877574920654297
2014-05-22,21.440000534057617,17.91098976135254
2014-05-23,21.479999542236328,17.94440460205078
2014-05-27,21.469999313354492,17.936052322387695
2014-05-28,21.530000686645508,17.986175537109375
2014-05-29,21.520000457763672,17.977819442749023
2014-05-30,21.469999313354492,17.936052322387695
2014-06-02,21.549999237060547,18.002883911132812
2014-06-03,21.530000686645508,17.986175537109375
2014-06-04,21.549999237060547,18.002883911132812
2014-06-05,21.459999084472656,17.92769432067871
2014-06-06,21.469999313354492,17.936052322387695
2014-06-09,21.549999237060547,18.002883911132812
2014-06-10,21.59000015258789,18.036300659179688
2014-06-11,21.59000015258789,18.036300659179688
2014-06-12,21.540000915527344,17.99452781677246
2014-06-13,21.540000915527344,17.99452781677246
2014-06-16,21.479999542236328,17.94440460205078
2014-06-17,21.540000915527344,17.99452781677246
2014-06-18,21.469999313354492,17.936052322387695
2014-06-19,21.43000030517578,17.902633666992188
2014-06-20,21.440000534057617,17.91098976135254
2014-06-23,21.399999618530273,17.877574920654297
2014-06-24,21.420000076293945,17.894283294677734
2014-06-25,21.399999618530273,17.877574920654297
2014-06-26,21.40999984741211,17.88592529296875
2014-06-27,21.34000015258789,17.82744789123535
2014-06-30,21.260000228881836,17.760616302490234
2014-07-01,21.270000457763672,17.768972396850586
2014-07-02,21.309999465942383,17.802383422851562
2014-07-03,21.389999389648438,17.869216918945312
2014-07-07,21.399999618530273,17.877574920654297
2014-07-08,21.389999389648438,17.869216918945312
2014-07-09,21.34000015258789,17.82744789123535
2014-07-10,21.3700008392334,17.852514266967773
2014-07-11,21.3799991607666,17.86086082458496
2014-07-14,21.3700008392334,17.852514266967773
2014-07-15,21.440000534057617,17.91098976135254
2014-07-16,21.489999771118164,17.9527587890625
2014-07-17,21.479999542236328,17.94440460205078
2014-07-18,21.479999542236328,17.94440460205078
2014-07-21,21.469999313354492,17.936052322387695
2014-07-22,21.540000915527344,17.99452781677246
2014-07-23,21.549999237060547,18.002883911132812
2014-07-24,21.579999923706055,18.027942657470703
2014-07-25,21.6200008392334,18.061359405517578
2014-07-28,21.6200008392334,18.061359405517578
2014-07-29,21.65999984741211,18.094778060913086
2014-07-30,21.709999084472656,18.136547088623047
2014-07-31,21.739999771118164,18.16160774230957
2014-08-01,21.709999084472656,18.136547088623047
2014-08-04,21.700000762939453,18.128192901611328
2014-08-05,21.75,18.169960021972656
2014-08-06,21.719999313354492,18.144899368286133
2014-08-07,21.75,18.169960021972656
2014-08-08,21.700000762939453,18.128192901611328
2014-08-11,21.709999084472656,18.136547088623047
2014-08-12,21.729999542236328,18.153255462646484
2014-08-13,21.75,18.169960021972656
2014-08-14,21.739999771118164,18.16160774230957
2014-08-15,21.700000762939453,18.128192901611328
2014-08-18,21.739999771118164,18.16160774230957
2014-08-19,21.81999969482422,18.228439331054688
2014-08-20,21.920000076293945,18.311981201171875
2014-08-21,21.889999389648438,18.286916732788086
2014-08-22,21.940000534057617,18.328689575195312
2014-08-25,22.0,18.378814697265625
2014-08-26,22.020000457763672,18.395523071289062
2014-08-27,21.969999313354492,18.353750228881836
2014-08-28,21.969999313354492,18.353750228881836
2014-08-29,22.020000457763672,18.395523071289062
2014-09-02,22.09000015258789,18.453998565673828
2014-09-03,22.06999969482422,18.437294006347656
2014-09-04,22.299999237060547,18.629430770874023
2014-09-05,22.299999237060547,18.629430770874023
2014-09-08,22.43000030517578,18.738035202026367
2014-09-09,22.389999389648438,18.704618453979492
2014-09-10,22.43000030517578,18.738035202026367
2014-09-11,22.450000762939453,18.754743576049805
2014-09-12,22.43000030517578,18.738035202026367
2014-09-15,22.43000030517578,18.738035202026367
2014-09-16,22.389999389648438,18.704618453979492
2014-09-17,22.530000686645508,18.821575164794922
2014-09-18,22.43000030517578,18.738035202026367
2014-09-19,22.549999237060547,18.83828353881836
2014-09-22,22.530000686645508,18.821575164794922
2014-09-23,22.530000686645508,18.821575164794922
2014-09-24,22.6299991607666,18.905115127563477
2014-09-25,22.670000076293945,18.93853187561035
2014-09-26,22.799999237060547,19.047134399414062
2014-09-29,22.780000686645508,19.030427932739258
2014-09-30,22.8700008392334,19.10561180114746
2014-10-01,22.850000381469727,19.088905334472656
2014-10-02,22.780000686645508,19.030427932739258
2014-10-03,23.079999923706055,19.28104591369629
2014-10-06,22.81999969482422,19.063838958740234
2014-10-07,22.780000686645508,19.030427932739258
2014-10-08,22.68000030517578,18.946887969970703
2014-10-09,22.75,19.00536346435547
2014-10-10,22.860000610351562,19.097257614135742
2014-10-13,22.729999542236328,18.98865509033203
2014-10-14,22.829999923706055,19.072195053100586
2014-10-15,22.59000015258789,18.8716983795166
2014-10-16,22.59000015258789,18.8716983795166
2014-10-17,22.65999984741211,18.93017578125
2014-10-20,22.579999923706055,18.863346099853516
2014-10-21,22.700000762939453,18.96359634399414
2014-10-22,22.799999237060547,19.047134399414062
2014-10-23,22.81999969482422,19.063838958740234
2014-10-24,22.780000686645508,19.030427932739258
2014-10-27,22.719999313354492,18.980302810668945
2014-10-28,22.68000030517578,18.946887969970703
2014-10-29,22.850000381469727,19.088905334472656
2014-10-30,22.90999984741211,19.139028549194336
2014-10-31,23.09000015258789,19.289400100708008
2014-11-03,23.200000762939453,19.381296157836914
2014-11-04,23.139999389648438,19.33116912841797
2014-11-05,23.25,19.423063278198242
2014-11-06,23.40999984741211,19.556726455688477
2014-11-07,23.270000457763672,19.43977165222168
2014-11-10,23.34000015258789,19.498249053955078
2014-11-11,23.25,19.423063278198242
2014-11-12,23.329999923706055,19.48989486694336
2014-11-13,23.309999465942383,19.473188400268555
2014-11-14,23.25,19.423063278198242
2014-11-17,23.3700008392334,19.523311614990234
2014-11-18,23.260000228881836,19.431415557861328
2014-11-19,23.299999237060547,19.464834213256836
2014-11-20,23.270000457763672,19.43977165222168
2014-11-21,23.459999084472656,19.59849739074707
2014-11-24,23.399999618530273,19.548372268676758
2014-11-25,23.350000381469727,19.506607055664062
2014-11-26,23.280000686645508,19.44812774658203
2014-11-28,23.469999313354492,19.606849670410156
2014-12-01,23.360000610351562,19.514957427978516
2014-12-02,23.549999237060547,19.673681259155273
2014-12-03,23.6200008392334,19.732162475585938
2014-12-04,23.530000686645508,19.65697479248047
2014-12-05,23.709999084472656,19.80734634399414
2014-12-08,23.65999984741211,19.76557731628418
2014-12-09,23.549999237060547,19.673681259155273
2014-12-10,23.420000076293945,19.565082550048828
2014-12-11,23.510000228881836,19.640270233154297
2014-12-12,23.43000030517578,19.573436737060547
2014-12-15,23.479999542236328,19.615205764770508
2014-12-16,23.309999465942383,19.473188400268555
2014-12-17,23.600000381469727,19.715452194213867
2014-12-18,23.670000076293945,19.7739315032959
2014-12-19,23.770000457763672,19.857471466064453
2014-12-22,23.790000915527344,19.87417984008789
2014-12-23,23.90999984741211,19.97442626953125
2014-12-24,23.8799991607666,19.949363708496094
2014-12-26,23.889999389648438,19.957719802856445
2014-12-29,23.950000762939453,20.007844924926758
2014-12-30,23.889999389648438,19.957719802856445
2014-12-31,23.969999313354492,20.024551391601562
2015-01-02,24.200000762939453,20.216691970825195
2015-01-05,24.25,20.25846290588379
2015-01-06,24.299999237060547,20.30023193359375
2015-01-07,24.389999389648438,20.37542152404785
2015-01-08,24.489999771118164,20.45895767211914
2015-01-09,24.3799991607666,20.3670654296875
2015-01-12,24.3799991607666,20.3670654296875
2015-01-13,24.450000762939453,20.425546646118164
2015-01-14,24.399999618530273,20.383773803710938
2015-01-15,24.479999542236328,20.450607299804688
2015-01-16,24.59000015258789,20.54250144958496
2015-01-20,24.690000534057617,20.626041412353516
2015-01-21,24.6200008392334,20.567562103271484
2015-01-22,24.989999771118164,20.87666130065918
2015-01-23,25.209999084472656,21.060447692871094
2015-01-26,25.170000076293945,21.02703285217285
2015-01-27,24.93000030517578,20.8265380859375
2015-01-28,25.079999923706055,20.951847076416016
2015-01-29,25.100000381469727,20.968557357788086
2015-01-30,25.1299991607666,20.99361801147461
2015-02-02,25.079999923706055,20.951847076416016
2015-02-03,24.790000915527344,20.709583282470703
2015-02-04,24.940000534057617,20.83489227294922
2015-02-05,24.760000228881836,20.684518814086914
2015-02-06,25.059999465942383,20.935138702392578
2015-02-09,25.040000915527344,20.91843032836914
2015-02-10,25.06999969482422,20.943492889404297
2015-02-11,25.15999984741211,21.018678665161133
2015-02-12,24.920000076293945,20.81818199157715
2015-02-13,24.90999984741211,20.809829711914062
2015-02-17,24.8799991607666,20.78476333618164
2015-02-18,24.889999389648438,20.793121337890625
2015-02-19,24.979999542236328,20.86830711364746
2015-02-20,24.959999084472656,20.85159683227539
2015-02-23,25.030000686645508,20.910078048706055
2015-02-24,24.979999542236328,20.86830711364746
2015-02-25,24.93000030517578,20.8265380859375
2015-02-26,25.190000534057617,21.043739318847656
2015-02-27,25.200000762939453,21.052095413208008
2015-03-02,25.25,21.0938663482666
2015-03-03,25.239999771118164,21.085508346557617
2015-03-04,25.3700008392334,21.194116592407227
2015-03-05,25.489999771118164,21.294361114501953
2015-03-06,25.799999237060547,21.55333709716797
2015-03-09,25.799999237060547,21.55333709716797
2015-03-10,26.06999969482422,21.778892517089844
2015-03-11,26.360000610351562,22.02115821838379
2015-03-12,26.219999313354492,21.904203414916992
2015-03-13,26.489999771118164,22.129758834838867
2015-03-16,26.290000915527344,21.96268081665039
2015-03-17,26.299999237060547,21.971036911010742
2015-03-18,25.780000686645508,21.5366268157959
2015-03-19,26.170000076293945,21.86243438720703
2015-03-20,25.81999969482422,21.570043563842773
2015-03-23,25.540000915527344,21.33613395690918
2015-03-24,25.6200008392334,21.402963638305664
2015-03-25,25.549999237060547,21.344482421875
2015-03-26,25.639999389648438,21.41967010498047
2015-03-27,25.65999984741211,21.436378479003906
2015-03-30,25.860000610351562,21.60346031188965
2015-03-31,25.899999618530273,21.636873245239258
2015-04-01,25.90999984741211,21.645231246948242
2015-04-02,25.709999084472656,21.478147506713867
2015-04-06,25.510000228881836,21.31106948852539
2015-04-07,25.799999237060547,21.55333709716797
2015-04-08,25.84000015258789,21.58675193786621
2015-04-09,26.110000610351562,21.81231117248535
2015-04-10,26.170000076293945,21.86243438720703
2015-04-13,26.209999084472656,21.895849227905273
2015-04-14,26.010000228881836,21.728771209716797
2015-04-15,25.889999389648438,21.628520965576172
2015-04-16,25.690000534057617,21.461441040039062
2015-04-17,25.6299991607666,21.41131591796875
2015-04-20,25.780000686645508,21.5366268157959
2015-04-21,25.809999465942383,21.561689376831055
2015-04-22,25.809999465942383,21.561689376831055
2015-04-23,25.6200008392334,21.402963638305664
2015-04-24,25.520000457763672,21.319425582885742
2015-04-27,25.440000534057617,21.252592086791992
2015-04-28,25.280000686645508,21.118927001953125
2015-04-29,25.059999465942383,20.935138702392578
2015-04-30,24.90999984741211,20.809829711914062
2015-05-01,25.030000686645508,20.910078048706055
2015-05-04,25.100000381469727,20.968557357788086
2015-05-05,25.030000686645508,20.910078048706055
2015-05-06,24.75,20.676164627075195
2015-05-07,24.8799991607666,20.78476333618164
2015-05-08,24.90999984741211,20.809829711914062
2015-05-11,24.989999771118164,20.87666130065918
2015-05-12,24.850000381469727,20.759702682495117
2015-05-13,24.6299991607666,20.575916290283203
2015-05-14,24.549999237060547,20.509084701538086
2015-05-15,24.510000228881836,20.47566795349121
2015-05-18,24.75,20.676164627075195
2015-05-19,25.040000915527344,20.91843032836914
2015-05-20,25.09000015258789,20.9601993560791
2015-05-21,25.049999237060547,20.926782608032227
2015-05-22,25.280000686645508,21.118927001953125
2015-05-26,25.559999465942383,21.35283851623535
2015-05-27,25.56999969482422,21.36119270324707
2015-05-28,25.5,21.302717208862305
2015-05-29,25.459999084472656,21.269298553466797
2015-06-01,25.610000610351562,21.394607543945312
2015-06-02,25.219999313354492,21.068801879882812
2015-06-03,25.049999237060547,20.926782608032227
2015-06-04,25.079999923706055,20.951847076416016
2015-06-05,25.299999237060547,21.135635375976562
2015-06-08,25.010000228881836,20.893367767333984
2015-06-09,24.979999542236328,20.86830711364746
2015-06-10,24.84000015258789,20.75135040283203
2015-06-11,24.90999984741211,20.809829711914062
2015-06-12,24.889999389648438,20.793121337890625
2015-06-15,24.8700008392334,20.77641487121582
2015-06-16,24.920000076293945,20.81818199157715
2015-06-17,24.700000762939453,20.6343936920166
2015-06-18,24.6200008392334,20.567562103271484
2015-06-19,24.68000030517578,20.617685317993164
2015-06-22,24.729999542236328,20.659456253051758
2015-06-23,25.020000457763672,20.901723861694336
2015-06-24,24.969999313354492,20.859952926635742
2015-06-25,24.93000030517578,20.8265380859375
2015-06-26,25.0,20.8850154876709
2015-06-29,24.860000610351562,20.768062591552734
2015-06-30,25.030000686645508,20.910078048706055
2015-07-01,25.229999542236328,21.077157974243164
2015-07-02,25.170000076293945,21.02703285217285
2015-07-06,25.219999313354492,21.068801879882812
2015-07-07,25.299999237060547,21.135635375976562
2015-07-08,25.200000762939453,21.052095413208008
2015-07-09,25.280000686645508,21.118927001953125
2015-07-10,25.100000381469727,20.968557357788086
2015-07-13,25.350000381469727,21.17740249633789
2015-07-14,25.309999465942383,21.14398765563965
2015-07-15,25.420000076293945,21.235881805419922
2015-07-16,25.559999465942383,21.35283851623535
2015-07-17,25.6200008392334,21.402963638305664
2015-07-20,25.6299991607666,21.41131591796875
2015-07-21,25.450000762939453,21.26094627380371
2015-07-22,25.510000228881836,21.31106948852539
2015-07-23,25.40999984741211,21.227527618408203
2015-07-24,25.450000762939453,21.26094627380371
2015-07-27,25.25,21.0938663482666
2015-07-28,25.270000457763672,21.110572814941406
2015-07-29,25.40999984741211,21.227527618408203
2015-07-30,25.510000228881836,21.31106948852539
2015-07-31,25.43000030517578,21.244237899780273
2015-08-03,25.489999771118164,21.294361114501953
2015-08-04,25.6200008392334,21.402963638305664
2015-08-05,25.610000610351562,21.394607543945312
2015-08-06,25.559999465942383,21.35283851623535
2015-08-07,25.520000457763672,21.319425582885742
2015-08-10,25.399999618530273,21.219173431396484
2015-08-11,25.399999618530273,21.219173431396484
2015-08-12,25.1299991607666,20.99361801147461
2015-08-13,25.170000076293945,21.02703285217285
2015-08-14,25.239999771118164,21.085508346557617
2015-08-17,25.280000686645508,21.118927001953125
2015-08-18,25.34000015258789,21.169050216674805
2015-08-19,25.18000030517578,21.03538703918457
2015-08-20,25.040000915527344,20.91843032836914
2015-08-21,24.799999237060547,20.717933654785156
2015-08-24,24.389999389648438,20.37542152404785
2015-08-25,24.559999465942383,20.517436981201172
2015-08-26,24.860000610351562,20.768062591552734
2015-08-27,25.020000457763672,20.901723861694336
2015-08-28,25.100000381469727,20.968557357788086
2015-08-31,25.059999465942383,20.935138702392578
2015-09-01,24.90999984741211,20.809829711914062
2015-09-02,25.040000915527344,20.91843032836914
2015-09-03,25.15999984741211,21.018678665161133
2015-09-04,25.1299991607666,20.99361801147461
2015-09-08,25.040000915527344,20.91843032836914
2015-09-09,25.040000915527344,20.91843032836914
2015-09-10,24.940000534057617,20.83489227294922
2015-09-11,24.829999923706055,20.74299430847168
2015-09-14,24.84000015258789,20.75135040283203
2015-09-15,24.940000534057617,20.83489227294922
2015-09-16,24.8700008392334,20.77641487121582
2015-09-17,24.610000610351562,20.559207916259766
2015-09-18,24.860000610351562,20.768062591552734
2015-09-21,25.010000228881836,20.893367767333984
2015-09-22,25.1200008392334,20.985261917114258
2015-09-23,25.1200008392334,20.985261917114258
2015-09-24,25.040000915527344,20.91843032836914
2015-09-25,25.079999923706055,20.951847076416016
2015-09-28,25.049999237060547,20.926782608032227
2015-09-29,25.010000228881836,20.893367767333984
2015-09-30,25.100000381469727,20.968557357788086
2015-10-01,25.09000015258789,20.9601993560791
2015-10-02,25.030000686645508,20.910078048706055
2015-10-05,25.040000915527344,20.91843032836914
2015-10-06,24.8700008392334,20.77641487121582
2015-10-07,24.899999618530273,20.80147361755371
2015-10-08,24.84000015258789,20.75135040283203
2015-10-09,24.719999313354492,20.651103973388672
2015-10-12,24.700000762939453,20.6343936920166
2015-10-13,24.65999984741211,20.600976943969727
2015-10-14,24.450000762939453,20.425546646118164
2015-10-15,24.610000610351562,20.559207916259766
2015-10-16,24.649999618530273,20.592626571655273
2015-10-19,24.719999313354492,20.651103973388672
2015-10-20,24.700000762939453,20.6343936920166
2015-10-21,24.729999542236328,20.659456253051758
2015-10-22,25.09000015258789,20.9601993560791
2015-10-23,25.299999237060547,21.135635375976562
2015-10-26,25.219999313354492,21.068801879882812
2015-10-27,25.239999771118164,21.085508346557617
2015-10-28,25.450000762939453,21.26094627380371
2015-10-29,25.34000015258789,21.169050216674805
2015-10-30,25.25,21.0938663482666
2015-11-02,25.229999542236328,21.077157974243164
2015-11-03,25.299999237060547,21.135635375976562
2015-11-04,25.510000228881836,21.31106948852539
2015-11-05,25.530000686645508,21.327775955200195
2015-11-06,25.829999923706055,21.578397750854492
2015-11-09,25.780000686645508,21.5366268157959
2015-11-10,25.850000381469727,21.595104217529297
2015-11-11,25.780000686645508,21.5366268157959
2015-11-12,25.670000076293945,21.444734573364258
2015-11-13,25.760000228881836,21.519920349121094
2015-11-16,25.899999618530273,21.636873245239258
2015-11-17,25.940000534057617,21.670291900634766
2015-11-18,25.940000534057617,21.670291900634766
2015-11-19,25.760000228881836,21.519920349121094
2015-11-20,25.940000534057617,21.670291900634766
2015-11-23,25.979999542236328,21.703704833984375
2015-11-24,25.93000030517578,21.661937713623047
2015-11-25,25.979999542236328,21.703704833984375
2015-11-27,26.020000457763672,21.737123489379883
2015-11-30,26.079999923706055,21.787246704101562
2015-12-01,25.959999084472656,21.68699836730957
2015-12-02,26.020000457763672,21.737123489379883
2015-12-03,25.399999618530273,21.219173431396484
2015-12-04,25.579999923706055,21.36954689025879
2015-12-07,25.65999984741211,21.436378479003906
2015-12-08,25.579999923706055,21.36954689025879
2015-12-09,25.309999465942383,21.14398765563965
2015-12-10,25.450000762939453,21.26094627380371
2015-12-11,25.350000381469727,21.17740249633789
2015-12-14,25.399999618530273,21.219173431396484
2015-12-15,25.540000915527344,21.33613395690918
2015-12-16,25.540000915527344,21.33613395690918
2015-12-17,25.780000686645508,21.5366268157959
2015-12-18,25.6299991607666,21.41131591796875
2015-12-21,25.540000915527344,21.33613395690918
2015-12-22,25.5,21.302717208862305
2015-12-23,25.540000915527344,21.33613395690918
2015-12-24,25.479999542236328,21.2860050201416
2015-12-28,25.450000762939453,21.26094627380371
2015-12-29,25.520000457763672,21.319425582885742
2015-12-30,25.520000457763672,21.319425582885742
2015-12-31,25.649999618530273,21.428024291992188
2016-01-04,25.690000534057617,21.461441040039062
2016-01-05,25.84000015258789,21.58675193786621
2016-01-06,25.770000457763672,21.52827262878418
2016-01-07,25.510000228881836,21.31106948852539
2016-01-08,25.559999465942383,21.35283851623535
2016-01-11,25.68000030517578,21.453086853027344
2016-01-12,25.719999313354492,21.48650360107422
2016-01-13,25.68000030517578,21.453086853027344
2016-01-14,25.75,21.511564254760742
2016-01-15,25.690000534057617,21.461441040039062
2016-01-19,25.739999771118164,21.503210067749023
2016-01-20,25.75,21.511564254760742
2016-01-21,25.719999313354492,21.48650360107422
2016-01-22,25.860000610351562,21.60346031188965
2016-01-25,25.780000686645508,21.5366268157959
2016-01-26,25.729999542236328,21.494857788085938
2016-01-27,25.709999084472656,21.478147506713867
2016-01-28,25.59000015258789,21.377901077270508
2016-01-29,25.860000610351562,21.60346031188965
2016-02-01,25.690000534057617,21.461441040039062
2016-02-02,25.670000076293945,21.444734573364258
2016-02-03,25.229999542236328,21.077157974243164
2016-02-04,25.059999465942383,20.935138702392578
2016-02-05,25.170000076293945,21.02703285217285
2016-02-08,25.110000610351562,20.976909637451172
2016-02-09,24.93000030517578,20.8265380859375
2016-02-10,24.8799991607666,20.78476333618164
2016-02-11,24.809999465942383,20.726287841796875
2016-02-12,24.920000076293945,20.81818199157715
2016-02-16,25.139999389648438,21.001970291137695
2016-02-17,25.1299991607666,20.99361801147461
2016-02-18,25.139999389648438,21.001970291137695
2016-02-19,25.06999969482422,20.943492889404297
2016-02-22,25.260000228881836,21.10222053527832
2016-02-23,25.270000457763672,21.110572814941406
2016-02-24,25.290000915527344,21.127281188964844
2016-02-25,25.270000457763672,21.110572814941406
2016-02-26,25.440000534057617,21.252592086791992
2016-02-29,25.489999771118164,21.294361114501953
2016-03-01,25.5,21.302717208862305
2016-03-02,25.479999542236328,21.2860050201416
2016-03-03,25.31999969482422,21.152341842651367
2016-03-04,25.25,21.0938663482666
2016-03-07,25.200000762939453,21.052095413208008
2016-03-08,25.209999084472656,21.060447692871094
2016-03-09,25.219999313354492,21.068801879882812
2016-03-10,24.969999313354492,20.859952926635742
2016-03-11,24.950000762939453,20.843244552612305
2016-03-14,25.049999237060547,20.926782608032227
2016-03-15,25.06999969482422,20.943492889404297
2016-03-16,24.799999237060547,20.717933654785156
2016-03-17,24.579999923706055,20.534147262573242
2016-03-18,24.639999389648438,20.584270477294922
2016-03-21,24.719999313354492,20.651103973388672
2016-03-22,24.790000915527344,20.709583282470703
2016-03-23,24.920000076293945,20.81818199157715
2016-03-24,24.93000030517578,20.8265380859375
2016-03-28,24.8799991607666,20.78476333618164
2016-03-29,24.65999984741211,20.600976943969727
2016-03-30,24.579999923706055,20.534147262573242
2016-03-31,24.540000915527344,20.500728607177734
2016-04-01,24.530000686645508,20.49237823486328
2016-04-04,24.510000228881836,20.47566795349121
2016-04-05,24.530000686645508,20.49237823486328
2016-04-06,24.479999542236328,20.450607299804688
2016-04-07,24.510000228881836,20.47566795349121
2016-04-08,24.420000076293945,20.400482177734375
2016-04-11,24.360000610351562,20.350360870361328
2016-04-12,24.360000610351562,20.350360870361328
2016-04-13,24.549999237060547,20.509084701538086
2016-04-14,24.610000610351562,20.559207916259766
2016-04-15,24.540000915527344,20.500728607177734
2016-04-18,24.489999771118164,20.45895767211914
2016-04-19,24.3700008392334,20.358713150024414
2016-04-20,24.510000228881836,20.47566795349121
2016-04-21,24.510000228881836,20.47566795349121
2016-04-22,24.649999618530273,20.592626571655273
2016-04-25,24.56999969482422,20.52579116821289
2016-04-26,24.5,20.467315673828125
2016-04-27,24.469999313354492,20.442251205444336
2016-04-28,24.270000457763672,20.275169372558594
2016-04-29,24.100000381469727,20.13315200805664
2016-05-02,24.010000228881836,20.057968139648438
2016-05-03,24.079999923706055,20.11644744873047
2016-05-04,24.170000076293945,20.191631317138672
2016-05-05,24.290000915527344,20.291881561279297
2016-05-06,24.31999969482422,20.31694221496582
2016-05-09,24.389999389648438,20.37542152404785
2016-05-10,24.40999984741211,20.392127990722656
2016-05-11,24.290000915527344,20.291881561279297
2016-05-12,24.3799991607666,20.3670654296875
2016-05-13,24.489999771118164,20.45895767211914
2016-05-16,24.479999542236328,20.450607299804688
2016-05-17,24.479999542236328,20.450607299804688
2016-05-18,24.649999618530273,20.592626571655273
2016-05-19,24.690000534057617,20.626041412353516
2016-05-20,24.690000534057617,20.626041412353516
2016-05-23,24.68000030517578,20.617685317993164
2016-05-24,24.760000228881836,20.684518814086914
2016-05-25,24.690000534057617,20.626041412353516
2016-05-26,24.649999618530273,20.592626571655273
2016-05-27,24.790000915527344,20.709583282470703
2016-05-31,24.84000015258789,20.75135040283203
2016-06-01,24.700000762939453,20.6343936920166
2016-06-02,24.729999542236328,20.659456253051758
2016-06-03,24.34000015258789,20.333648681640625
2016-06-06,24.34000015258789,20.333648681640625
2016-06-07,24.299999237060547,20.30023193359375
2016-06-08,24.229999542236328,20.24175453186035
2016-06-09,24.34000015258789,20.333648681640625
2016-06-10,24.5,20.467315673828125
2016-06-13,24.440000534057617,20.41718864440918
2016-06-14,24.59000015258789,20.54250144958496
2016-06-15,24.530000686645508,20.49237823486328
2016-06-16,24.5,20.467315673828125
2016-06-17,24.389999389648438,20.37542152404785
2016-06-20,24.25,20.25846290588379
2016-06-21,24.3700008392334,20.358713150024414
2016-06-22,24.260000228881836,20.266820907592773
2016-06-23,24.149999618530273,20.174922943115234
2016-06-24,24.780000686645508,20.70122718811035
2016-06-27,24.989999771118164,20.87666130065918
2016-06-28,24.8700008392334,20.77641487121582
2016-06-29,24.790000915527344,20.709583282470703
2016-06-30,24.84000015258789,20.75135040283203
2016-07-01,24.760000228881836,20.684518814086914
2016-07-05,24.93000030517578,20.8265380859375
2016-07-06,24.860000610351562,20.768062591552734
2016-07-07,24.920000076293945,20.81818199157715
2016-07-08,24.93000030517578,20.8265380859375
2016-07-11,25.0,20.8850154876709
2016-07-12,24.979999542236328,20.86830711364746
2016-07-13,24.920000076293945,20.81818199157715
2016-07-14,24.860000610351562,20.768062591552734
2016-07-15,24.959999084472656,20.85159683227539
2016-07-18,24.979999542236328,20.86830711364746
2016-07-19,25.100000381469727,20.968557357788086
2016-07-20,25.1200008392334,20.985261917114258
2016-07-21,25.079999923706055,20.951847076416016
2016-07-22,25.209999084472656,21.060447692871094
2016-07-25,25.170000076293945,21.02703285217285
2016-07-26,25.139999389648438,21.001970291137695
2016-07-27,25.020000457763672,20.901723861694336
2016-07-28,25.010000228881836,20.893367767333984
2016-07-29,24.670000076293945,20.609333038330078
2016-08-01,24.739999771118164,20.66781234741211
2016-08-02,24.56999969482422,20.52579116821289
2016-08-03,24.709999084472656,20.64274787902832
2016-08-04,24.75,20.676164627075195
2016-08-05,24.8799991607666,20.78476333618164
2016-08-08,24.899999618530273,20.80147361755371
2016-08-09,24.850000381469727,20.759702682495117
2016-08-10,24.719999313354492,20.651103973388672
2016-08-11,24.790000915527344,20.709583282470703
2016-08-12,24.75,20.676164627075195
2016-08-15,24.709999084472656,20.64274787902832
2016-08-16,24.489999771118164,20.45895767211914
2016-08-17,24.510000228881836,20.47566795349121
2016-08-18,24.329999923706055,20.32529640197754
2016-08-19,24.420000076293945,20.400482177734375
2016-08-22,24.450000762939453,20.425546646118164
2016-08-23,24.43000030517578,20.40884017944336
2016-08-24,24.5,20.467315673828125
2016-08-25,24.5,20.467315673828125
2016-08-26,24.68000030517578,20.617685317993164
2016-08-29,24.700000762939453,20.6343936920166
2016-08-30,24.829999923706055,20.74299430847168
2016-08-31,24.81999969482422,20.734643936157227
2016-09-01,24.729999542236328,20.659456253051758
2016-09-02,24.790000915527344,20.709583282470703
2016-09-06,24.5,20.467315673828125
2016-09-07,24.540000915527344,20.500728607177734
2016-09-08,24.56999969482422,20.52579116821289
2016-09-09,24.639999389648438,20.584270477294922
2016-09-12,24.600000381469727,20.55085563659668
2016-09-13,24.700000762939453,20.6343936920166
2016-09-14,24.639999389648438,20.584270477294922
2016-09-15,24.6299991607666,20.575916290283203
2016-09-16,24.829999923706055,20.74299430847168
2016-09-19,24.770000457763672,20.69287109375
2016-09-20,24.809999465942383,20.726287841796875
2016-09-21,24.700000762939453,20.6343936920166
2016-09-22,24.670000076293945,20.609333038330078
2016-09-23,24.68000030517578,20.617685317993164
2016-09-26,24.6299991607666,20.575916290283203
2016-09-27,24.649999618530273,20.592626571655273
2016-09-28,24.670000076293945,20.609333038330078
2016-09-29,24.690000534057617,20.626041412353516
2016-09-30,24.68000030517578,20.617685317993164
2016-10-03,24.729999542236328,20.659456253051758
2016-10-04,24.84000015258789,20.75135040283203
2016-10-05,24.8700008392334,20.77641487121582
2016-10-06,25.0,20.8850154876709
2016-10-07,24.959999084472656,20.85159683227539
2016-10-10,25.059999465942383,20.935138702392578
2016-10-11,25.25,21.0938663482666
2016-10-12,25.31999969482422,21.152341842651367
2016-10-13,25.229999542236328,21.077157974243164
2016-10-14,25.360000610351562,21.185758590698242
2016-10-17,25.299999237060547,21.135635375976562
2016-10-18,25.31999969482422,21.152341842651367
2016-10-19,25.329999923706055,21.16069793701172
2016-10-20,25.40999984741211,21.227527618408203
2016-10-21,25.5,21.302717208862305
2016-10-24,25.530000686645508,21.327775955200195
2016-10-25,25.520000457763672,21.319425582885742
2016-10-26,25.510000228881836,21.31106948852539
2016-10-27,25.559999465942383,21.35283851623535
2016-10-28,25.40999984741211,21.227527618408203
2016-10-31,25.420000076293945,21.235881805419922
2016-11-01,25.290000915527344,21.127281188964844
2016-11-02,25.200000762939453,21.052095413208008
2016-11-03,25.1299991607666,20.99361801147461
2016-11-04,25.059999465942383,20.935138702392578
2016-11-07,25.270000457763672,21.110572814941406
2016-11-08,25.34000015258789,21.169050216674805
2016-11-09,25.5,21.302717208862305
2016-11-10,25.549999237060547,21.344482421875
2016-11-11,25.59000015258789,21.377901077270508
2016-11-14,25.84000015258789,21.58675193786621
2016-11-15,25.8799991607666,21.620166778564453
2016-11-16,25.950000762939453,21.678646087646484
2016-11-17,26.100000381469727,21.803955078125
2016-11-18,26.190000534057617,21.87914276123047
2016-11-21,26.09000015258789,21.79560089111328
2016-11-22,26.1299991607666,21.829015731811523
2016-11-23,26.290000915527344,21.96268081665039
2016-11-25,26.239999771118164,21.920909881591797
2016-11-28,26.170000076293945,21.86243438720703
2016-11-29,26.110000610351562,21.81231117248535
2016-11-30,26.25,21.929264068603516
2016-12-01,26.110000610351562,21.81231117248535
2016-12-02,26.049999237060547,21.762182235717773
2016-12-05,25.8799991607666,21.620166778564453
2016-12-06,25.979999542236328,21.703704833984375
2016-12-07,25.899999618530273,21.636873245239258
2016-12-08,26.1299991607666,21.829015731811523
2016-12-09,26.239999771118164,21.920909881591797
2016-12-12,26.09000015258789,21.79560089111328
2016-12-13,26.1200008392334,21.820663452148438
2016-12-14,26.3700008392334,22.029512405395508
2016-12-15,26.65999984741211,22.271780014038086
2016-12-16,26.56999969482422,22.19659423828125
2016-12-19,26.649999618530273,22.263425827026367
2016-12-20,26.700000762939453,22.305194854736328
2016-12-21,26.6200008392334,22.238365173339844
2016-12-22,26.649999618530273,22.263425827026367
2016-12-23,26.6299991607666,22.246713638305664
2016-12-27,26.6200008392334,22.238365173339844
2016-12-28,26.690000534057617,22.296844482421875
2016-12-29,26.540000915527344,22.171533584594727
2016-12-30,26.459999084472656,22.104698181152344
2017-01-03,26.700000762939453,22.305194854736328
2017-01-04,26.5,22.13811492919922
2017-01-05,26.219999313354492,21.904203414916992
2017-01-06,26.40999984741211,22.062929153442383
2017-01-09,26.34000015258789,22.004451751708984
2017-01-10,26.350000381469727,22.012805938720703
2017-01-11,26.290000915527344,21.96268081665039
2017-01-12,26.190000534057617,21.87914276123047
2017-01-13,26.15999984741211,21.854080200195312
2017-01-17,25.920000076293945,21.653581619262695
2017-01-18,26.15999984741211,21.854080200195312
2017-01-19,26.1200008392334,21.820663452148438
2017-01-20,26.030000686645508,21.7454776763916
2017-01-23,25.889999389648438,21.628520965576172
2017-01-24,25.899999618530273,21.636873245239258
2017-01-25,25.809999465942383,21.561689376831055
2017-01-26,25.979999542236328,21.703704833984375
2017-01-27,25.989999771118164,21.71206283569336
2017-01-30,25.940000534057617,21.670291900634766
2017-01-31,25.729999542236328,21.494857788085938
2017-02-01,25.75,21.511564254760742
2017-02-02,25.790000915527344,21.544981002807617
2017-02-03,25.780000686645508,21.5366268157959
2017-02-06,25.799999237060547,21.55333709716797
2017-02-07,25.93000030517578,21.661937713623047
2017-02-08,25.899999618530273,21.636873245239258
2017-02-09,26.0,21.720415115356445
2017-02-10,26.030000686645508,21.7454776763916
2017-02-13,26.09000015258789,21.79560089111328
2017-02-14,26.149999618530273,21.845726013183594
2017-02-15,26.100000381469727,21.803955078125
2017-02-16,25.950000762939453,21.678646087646484
2017-02-17,26.079999923706055,21.787246704101562
2017-02-21,26.200000762939453,21.887495040893555
2017-02-22,26.139999389648438,21.837369918823242
2017-02-23,26.079999923706055,21.787246704101562
2017-02-24,26.1299991607666,21.829015731811523
2017-02-27,26.1299991607666,21.829015731811523
2017-02-28,26.110000610351562,21.81231117248535
2017-03-01,26.290000915527344,21.96268081665039
2017-03-02,26.399999618530273,22.054576873779297
2017-03-03,26.170000076293945,21.86243438720703
2017-03-06,26.260000228881836,21.937620162963867
2017-03-07,26.290000915527344,21.96268081665039
2017-03-08,26.3799991607666,22.03786849975586
2017-03-09,26.329999923706055,21.996097564697266
2017-03-10,26.149999618530273,21.845726013183594
2017-03-13,26.190000534057617,21.87914276123047
2017-03-14,26.280000686645508,21.954330444335938
2017-03-15,25.969999313354492,21.69535255432129
2017-03-16,25.8799991607666,21.620166778564453
2017-03-17,25.889999389648438,21.628520965576172
2017-03-20,25.899999618530273,21.636873245239258
2017-03-21,25.739999771118164,21.503210067749023
2017-03-22,25.719999313354492,21.48650360107422
2017-03-23,25.75,21.511564254760742
2017-03-24,25.739999771118164,21.503210067749023
2017-03-27,25.600000381469727,21.38625717163086
2017-03-28,25.739999771118164,21.503210067749023
2017-03-29,25.790000915527344,21.544981002807617
2017-03-30,25.959999084472656,21.68699836730957
2017-03-31,25.950000762939453,21.678646087646484
2017-04-03,25.950000762939453,21.678646087646484
2017-04-04,25.979999542236328,21.703704833984375
2017-04-05,25.969999313354492,21.69535255432129
2017-04-06,26.030000686645508,21.7454776763916
2017-04-07,26.149999618530273,21.845726013183594
2017-04-10,26.100000381469727,21.803955078125
2017-04-11,26.020000457763672,21.737123489379883
2017-04-12,25.889999389648438,21.628520965576172
2017-04-13,25.979999542236328,21.703704833984375
2017-04-17,25.90999984741211,21.645231246948242
2017-04-18,25.690000534057617,21.461441040039062
2017-04-19,25.780000686645508,21.5366268157959
2017-04-20,25.790000915527344,21.544981002807617
2017-04-21,25.809999465942383,21.561689376831055
2017-04-24,25.56999969482422,21.36119270324707
2017-04-25,25.5,21.302717208862305
2017-04-26,25.559999465942383,21.35283851623535
2017-04-27,25.600000381469727,21.38625717163086
2017-04-28,25.56999969482422,21.36119270324707
2017-05-01,25.59000015258789,21.377901077270508
2017-05-02,25.549999237060547,21.344482421875
2017-05-03,25.649999618530273,21.428024291992188
2017-05-04,25.489999771118164,21.294361114501953
2017-05-05,25.450000762939453,21.26094627380371
2017-05-08,25.59000015258789,21.377901077270508
2017-05-09,25.719999313354492,21.48650360107422
2017-05-10,25.729999542236328,21.494857788085938
2017-05-11,25.739999771118164,21.503210067749023
2017-05-12,25.610000610351562,21.394607543945312
2017-05-15,25.540000915527344,21.33613395690918
2017-05-16,25.350000381469727,21.17740249633789
2017-05-17,25.18000030517578,21.03538703918457
2017-05-18,25.270000457763672,21.110572814941406
2017-05-19,25.09000015258789,20.9601993560791
2017-05-22,25.049999237060547,20.926782608032227
2017-05-23,25.15999984741211,21.018678665161133
2017-05-24,25.079999923706055,20.951847076416016
2017-05-25,25.110000610351562,20.976909637451172
2017-05-26,25.170000076293945,21.02703285217285
2017-05-30,25.139999389648438,21.001970291137695
2017-05-31,25.079999923706055,20.951847076416016
2017-06-01,25.110000610351562,20.976909637451172
2017-06-02,24.989999771118164,20.87666130065918
2017-06-05,25.010000228881836,20.893367767333984
2017-06-06,24.950000762939453,20.843244552612305
2017-06-07,24.979999542236328,20.86830711364746
2017-06-08,25.06999969482422,20.943492889404297
2017-06-09,25.149999618530273,21.010326385498047
2017-06-12,25.110000610351562,20.976909637451172
2017-06-13,25.079999923706055,20.951847076416016
2017-06-14,25.059999465942383,20.935138702392578
2017-06-15,25.209999084472656,21.060447692871094
2017-06-16,25.1200008392334,20.985261917114258
2017-06-19,25.229999542236328,21.077157974243164
2017-06-20,25.270000457763672,21.110572814941406
2017-06-21,25.219999313354492,21.068801879882812
2017-06-22,25.229999542236328,21.077157974243164
2017-06-23,25.149999618530273,21.010326385498047
2017-06-26,25.190000534057617,21.043739318847656
2017-06-27,24.90999984741211,20.809829711914062
2017-06-28,24.829999923706055,20.74299430847168
2017-06-29,24.709999084472656,20.64274787902832
2017-06-30,24.75,20.676164627075195
2017-07-03,24.899999618530273,20.80147361755371
2017-07-05,24.90999984741211,20.809829711914062
2017-07-06,24.799999237060547,20.717933654785156
2017-07-07,24.84000015258789,20.75135040283203
2017-07-10,24.850000381469727,20.759702682495117
2017-07-11,24.760000228881836,20.684518814086914
2017-07-12,24.760000228881836,20.684518814086914
2017-07-13,24.770000457763672,20.69287109375
2017-07-14,24.6200008392334,20.567562103271484
2017-07-17,24.6200008392334,20.567562103271484
2017-07-18,24.489999771118164,20.45895767211914
2017-07-19,24.549999237060547,20.509084701538086
2017-07-20,24.399999618530273,20.383773803710938
2017-07-21,24.31999969482422,20.31694221496582
2017-07-24,24.329999923706055,20.32529640197754
2017-07-25,24.3700008392334,20.358713150024414
2017-07-26,24.229999542236328,20.24175453186035
2017-07-27,24.31999969482422,20.31694221496582
2017-07-28,24.170000076293945,20.191631317138672
2017-07-31,24.06999969482422,20.108091354370117
2017-08-01,24.110000610351562,20.141508102416992
2017-08-02,24.079999923706055,20.11644744873047
2017-08-03,24.020000457763672,20.06632423400879
2017-08-04,24.229999542236328,20.24175453186035
2017-08-07,24.219999313354492,20.233402252197266
2017-08-08,24.260000228881836,20.266820907592773
2017-08-09,24.239999771118164,20.250112533569336
2017-08-10,24.200000762939453,20.216691970825195
2017-08-11,24.110000610351562,20.141508102416992
2017-08-14,24.209999084472656,20.22504997253418
2017-08-15,24.31999969482422,20.31694221496582
2017-08-16,24.239999771118164,20.250112533569336
2017-08-17,24.290000915527344,20.291881561279297
2017-08-18,24.209999084472656,20.22504997253418
2017-08-21,24.139999389648438,20.16657066345215
2017-08-22,24.239999771118164,20.250112533569336
2017-08-23,24.139999389648438,20.16657066345215
2017-08-24,24.190000534057617,20.208341598510742
2017-08-25,23.989999771118164,20.041259765625
2017-08-28,23.920000076293945,19.982784271240234
2017-08-29,23.950000762939453,20.007844924926758
2017-08-30,24.100000381469727,20.13315200805664
2017-08-31,24.030000686645508,20.074674606323242
2017-09-01,24.079999923706055,20.11644744873047
2017-09-05,23.950000762939453,20.007844924926758
2017-09-06,23.93000030517578,19.99113655090332
2017-09-07,23.760000228881836,19.8491153717041
2017-09-08,23.700000762939453,19.798994064331055
2017-09-11,23.860000610351562,19.932659149169922
2017-09-12,23.850000381469727,19.92430877685547
2017-09-13,23.989999771118164,20.041259765625
2017-09-14,23.920000076293945,19.982784271240234
2017-09-15,23.84000015258789,19.91594696044922
2017-09-18,23.899999618530273,19.966073989868164
2017-09-19,23.829999923706055,19.907594680786133
2017-09-20,24.020000457763672,20.06632423400879
2017-09-21,23.950000762939453,20.007844924926758
2017-09-22,23.93000030517578,19.99113655090332
2017-09-25,24.06999969482422,20.108091354370117
2017-09-26,24.149999618530273,20.174922943115234
2017-09-27,24.270000457763672,20.275169372558594
2017-09-28,24.200000762939453,20.216691970825195
2017-09-29,24.18000030517578,20.199983596801758
2017-10-02,24.31999969482422,20.31694221496582
2017-10-03,24.309999465942383,20.3085880279541
2017-10-04,24.280000686645508,20.283527374267578
2017-10-05,24.40999984741211,20.392127990722656
2017-10-06,24.3700008392334,20.358713150024414
2017-10-09,24.329999923706055,20.32529640197754
2017-10-10,24.200000762939453,20.216691970825195
2017-10-11,24.1299991607666,20.158214569091797
2017-10-12,24.18000030517578,20.199983596801758
2017-10-13,24.18000030517578,20.199983596801758
2017-10-16,24.239999771118164,20.250112533569336
2017-10-17,24.299999237060547,20.30023193359375
2017-10-18,24.270000457763672,20.275169372558594
2017-10-19,24.209999084472656,20.22504997253418
2017-10-20,24.350000381469727,20.342004776000977
2017-10-23,24.3799991607666,20.3670654296875
2017-10-24,24.420000076293945,20.400482177734375
2017-10-25,24.360000610351562,20.350360870361328
2017-10-26,24.6200008392334,20.567562103271484
2017-10-27,24.68000030517578,20.617685317993164
2017-10-30,24.559999465942383,20.517436981201172
2017-10-31,24.579999923706055,20.534147262573242
2017-11-01,24.6299991607666,20.575916290283203
2017-11-02,24.6299991607666,20.575916290283203
2017-11-03,24.690000534057617,20.626041412353516
2017-11-06,24.6299991607666,20.575916290283203
2017-11-07,24.670000076293945,20.609333038330078
2017-11-08,24.65999984741211,20.600976943969727
2017-11-09,24.559999465942383,20.517436981201172
2017-11-10,24.540000915527344,20.500728607177734
2017-11-13,24.559999465942383,20.517436981201172
2017-11-14,24.389999389648438,20.37542152404785
2017-11-15,24.3799991607666,20.3670654296875
2017-11-16,24.40999984741211,20.392127990722656
2017-11-17,24.34000015258789,20.333648681640625
2017-11-20,24.459999084472656,20.43389892578125
2017-11-21,24.43000030517578,20.40884017944336
2017-11-22,24.239999771118164,20.250112533569336
2017-11-24,24.1299991607666,20.158214569091797
2017-11-27,24.15999984741211,20.18328094482422
2017-11-28,24.260000228881836,20.266820907592773
2017-11-29,24.25,20.25846290588379
2017-11-30,24.190000534057617,20.208341598510742
2017-12-01,24.170000076293945,20.191631317138672
2017-12-04,24.25,20.25846290588379
2017-12-05,24.290000915527344,20.291881561279297
2017-12-06,24.350000381469727,20.342004776000977
2017-12-07,24.399999618530273,20.383773803710938
2017-12-08,24.440000534057617,20.41718864440918
2017-12-11,24.440000534057617,20.41718864440918
2017-12-12,24.479999542236328,20.450607299804688
2017-12-13,24.309999465942383,20.3085880279541
2017-12-14,24.329999923706055,20.32529640197754
2017-12-15,24.43000030517578,20.40884017944336
2017-12-18,24.3700008392334,20.377899169921875
2017-12-19,24.299999237060547,20.31936264038086
2017-12-20,24.270000457763672,20.29427719116211
2017-12-21,24.260000228881836,20.285917282104492
2017-12-22,24.270000457763672,20.29427719116211
2017-12-26,24.25,20.27755355834961
2017-12-27,24.200000762939453,20.23574447631836
2017-12-28,24.1299991607666,20.177209854125977
2017-12-29,24.030000686645508,20.093591690063477
2018-01-02,23.93000030517578,20.00997543334961
2018-01-03,24.020000457763672,20.08523178100586
2018-01-04,23.940000534057617,20.01833724975586
2018-01-05,23.959999084472656,20.03506088256836
2018-01-08,24.06999969482422,20.12704086303711
2018-01-09,24.1200008392334,20.168851852416992
2018-01-10,24.059999465942383,20.11867904663086
2018-01-11,23.959999084472656,20.03506088256836
2018-01-12,23.709999084472656,19.826013565063477
2018-01-16,23.579999923706055,19.717308044433594
2018-01-17,23.639999389648438,19.767480850219727
2018-01-18,23.610000610351562,19.742395401000977
2018-01-19,23.649999618530273,19.775842666625977
2018-01-22,23.56999969482422,19.708946228027344
2018-01-23,23.510000228881836,19.658777236938477
2018-01-24,23.280000686645508,19.466455459594727
2018-01-25,23.309999465942383,19.491539001464844
2018-01-26,23.260000228881836,19.449726104736328
2018-01-29,23.31999969482422,19.49989891052246
2018-01-30,23.280000686645508,19.466455459594727
2018-01-31,23.25,19.44136619567871
2018-02-01,23.1299991607666,19.34102439880371
2018-02-02,23.270000457763672,19.458091735839844
2018-02-05,23.3700008392334,19.54170799255371
2018-02-06,23.420000076293945,19.583520889282227
2018-02-07,23.600000381469727,19.734031677246094
2018-02-08,23.600000381469727,19.734031677246094
2018-02-09,23.6200008392334,19.750757217407227
2018-02-12,23.540000915527344,19.683862686157227
2018-02-13,23.40999984741211,19.57515525817871
2018-02-14,23.229999542236328,19.42464256286621
2018-02-15,23.1299991607666,19.34102439880371
2018-02-16,23.290000915527344,19.47481346130371
2018-02-20,23.440000534057617,19.600242614746094
2018-02-21,23.530000686645508,19.675500869750977
2018-02-22,23.450000762939453,19.608604431152344
2018-02-23,23.5,19.650413513183594
2018-02-26,23.469999313354492,19.62532615661621
2018-02-27,23.6200008392334,19.750757217407227
2018-02-28,23.690000534057617,19.80929183959961
2018-03-01,23.610000610351562,19.742395401000977
2018-03-02,23.510000228881836,19.658777236938477
2018-03-05,23.510000228881836,19.658777236938477
2018-03-06,23.450000762939453,19.608604431152344
2018-03-07,23.43000030517578,19.591882705688477
2018-03-08,23.579999923706055,19.717308044433594
2018-03-09,23.549999237060547,19.69222068786621
2018-03-12,23.520000457763672,19.667137145996094
2018-03-13,23.459999084472656,19.616966247558594
2018-03-14,23.469999313354492,19.62532615661621
2018-03-15,23.559999465942383,19.700586318969727
2018-03-16,23.6200008392334,19.750757217407227
2018-03-19,23.520000457763672,19.667137145996094
2018-03-20,23.65999984741211,19.784204483032227
2018-03-21,23.469999313354492,19.62532615661621
2018-03-22,23.5,19.650413513183594
2018-03-23,23.420000076293945,19.583520889282227
2018-03-26,23.309999465942383,19.491539001464844
2018-03-27,23.420000076293945,19.583520889282227
2018-03-28,23.6299991607666,19.75911521911621
2018-03-29,23.610000610351562,19.742395401000977
2018-04-02,23.600000381469727,19.734031677246094
2018-04-03,23.639999389648438,19.767480850219727
2018-04-04,23.6299991607666,19.75911521911621
2018-04-05,23.719999313354492,19.834375381469727
2018-04-06,23.6299991607666,19.75911521911621
2018-04-09,23.56999969482422,19.708946228027344
2018-04-10,23.510000228881836,19.658777236938477
2018-04-11,23.489999771118164,19.642053604125977
2018-04-12,23.540000915527344,19.683862686157227
2018-04-13,23.540000915527344,19.683862686157227
2018-04-16,23.459999084472656,19.616966247558594
2018-04-17,23.459999084472656,19.616966247558594
2018-04-18,23.510000228881836,19.658777236938477
2018-04-19,23.579999923706055,19.717308044433594
2018-04-20,23.719999313354492,19.834375381469727
2018-04-23,23.8700008392334,19.95980453491211
2018-04-24,23.84000015258789,19.934715270996094
2018-04-25,23.940000534057617,20.01833724975586
2018-04-26,24.049999237060547,20.11031723022461
2018-04-27,24.030000686645508,20.093591690063477
2018-04-30,24.1299991607666,20.177209854125977
2018-05-01,24.290000915527344,20.311004638671875
2018-05-02,24.399999618530273,20.402982711791992
2018-05-03,24.299999237060547,20.31936264038086
2018-05-04,24.329999923706055,20.344449996948242
2018-05-07,24.3799991607666,20.38625717163086
2018-05-08,24.469999313354492,20.461515426635742
2018-05-09,24.469999313354492,20.461515426635742
2018-05-10,24.360000610351562,20.369535446166992
2018-05-11,24.31999969482422,20.336088180541992
2018-05-14,24.350000381469727,20.361173629760742
2018-05-15,24.5,20.486600875854492
2018-05-16,24.559999465942383,20.536771774291992
2018-05-17,24.59000015258789,20.561859130859375
2018-05-18,24.639999389648438,20.603666305541992
2018-05-21,24.6200008392334,20.586944580078125
2018-05-22,24.610000610351562,20.578580856323242
2018-05-23,24.709999084472656,20.662200927734375
2018-05-24,24.68000030517578,20.637115478515625
2018-05-25,24.799999237060547,20.737459182739258
2018-05-29,24.969999313354492,20.879610061645508
2018-05-30,24.780000686645508,20.720735549926758
2018-05-31,24.760000228881836,20.704010009765625
2018-06-01,24.799999237060547,20.737459182739258
2018-06-04,24.780000686645508,20.720735549926758
2018-06-05,24.75,20.695648193359375
2018-06-06,24.68000030517578,20.637115478515625
2018-06-07,24.6299991607666,20.595306396484375
2018-06-08,24.639999389648438,20.603666305541992
2018-06-11,24.65999984741211,20.620391845703125
2018-06-12,24.709999084472656,20.662200927734375
2018-06-13,24.670000076293945,20.628753662109375
2018-06-14,24.989999771118164,20.896333694458008
2018-06-15,24.969999313354492,20.879610061645508
2018-06-18,24.969999313354492,20.879610061645508
2018-06-19,25.040000915527344,20.938140869140625
2018-06-20,25.059999465942383,20.954866409301758
2018-06-21,24.989999771118164,20.896333694458008
2018-06-22,24.899999618530273,20.821077346801758
2018-06-25,24.860000610351562,20.78763198852539
2018-06-26,24.989999771118164,20.896333694458008
2018-06-27,25.139999389648438,21.021760940551758
2018-06-28,25.139999389648438,21.021760940551758
2018-06-29,24.940000534057617,20.854524612426758
2018-07-02,25.059999465942383,20.954866409301758
2018-07-03,24.979999542236328,20.887971878051758
2018-07-05,24.899999618530273,20.821077346801758
2018-07-06,24.81999969482422,20.754182815551758
2018-07-09,24.829999923706055,20.762542724609375
2018-07-10,24.84000015258789,20.770904541015625
2018-07-11,25.010000228881836,20.913055419921875
2018-07-12,25.030000686645508,20.92978286743164
2018-07-13,25.0,20.90469741821289
2018-07-16,24.959999084472656,20.871246337890625
2018-07-17,25.06999969482422,20.96323013305664
2018-07-18,25.100000381469727,20.988317489624023
2018-07-19,25.149999618530273,21.03012466430664
2018-07-20,24.950000762939453,20.86288833618164
2018-07-23,24.989999771118164,20.896333694458008
2018-07-24,25.0,20.90469741821289
2018-07-25,24.8799991607666,20.804351806640625
2018-07-26,25.049999237060547,20.946502685546875
2018-07-27,25.020000457763672,20.92142105102539
2018-07-30,24.93000030517578,20.846162796020508
2018-07-31,24.979999542236328,20.887971878051758
2018-08-01,25.010000228881836,20.913055419921875
2018-08-02,25.149999618530273,21.03012466430664
2018-08-03,25.170000076293945,21.04684829711914
2018-08-06,25.209999084472656,21.080293655395508
2018-08-07,25.18000030517578,21.05521011352539
2018-08-08,25.149999618530273,21.03012466430664
2018-08-09,25.299999237060547,21.15555191040039
2018-08-10,25.479999542236328,21.30606460571289
2018-08-13,25.489999771118164,21.31442642211914
2018-08-14,25.59000015258789,21.398046493530273
2018-08-15,25.59000015258789,21.398046493530273
2018-08-16,25.56999969482422,21.381322860717773
2018-08-17,25.440000534057617,21.272619247436523
2018-08-20,25.3799991607666,21.22244644165039
2018-08-21,25.229999542236328,21.09701919555664
2018-08-22,25.15999984741211,21.038484573364258
2018-08-23,25.31999969482422,21.172273635864258
2018-08-24,25.200000762939453,21.07193374633789
2018-08-27,25.100000381469727,20.988317489624023
2018-08-28,25.100000381469727,20.988317489624023
2018-08-29,25.059999465942383,20.954866409301758
2018-08-30,25.079999923706055,20.971590042114258
2018-08-31,25.190000534057617,21.063570022583008
2018-09-04,25.299999237060547,21.15555191040039
2018-09-05,25.209999084472656,21.080293655395508
2018-09-06,25.209999084472656,21.080293655395508
2018-09-07,25.280000686645508,21.13882827758789
2018-09-10,25.229999542236328,21.09701919555664
2018-09-11,25.25,21.113744735717773
2018-09-12,25.15999984741211,21.038484573364258
2018-09-13,25.09000015258789,20.979951858520508
2018-09-14,25.18000030517578,21.05521011352539
2018-09-17,25.059999465942383,20.954866409301758
2018-09-18,25.100000381469727,20.988317489624023
2018-09-19,25.09000015258789,20.979951858520508
2018-09-20,24.90999984741211,20.829439163208008
2018-09-21,24.989999771118164,20.896333694458008
2018-09-24,24.989999771118164,20.896333694458008
2018-09-25,25.010000228881836,20.913055419921875
2018-09-26,25.020000457763672,20.92142105102539
2018-09-27,25.200000762939453,21.07193374633789
2018-09-28,25.260000228881836,21.12210464477539
2018-10-01,25.299999237060547,21.15555191040039
2018-10-02,25.34000015258789,21.188997268676758
2018-10-03,25.420000076293945,21.25589370727539
2018-10-04,25.43000030517578,21.264257431030273
2018-10-05,25.399999618530273,21.23917007446289
2018-10-08,25.43000030517578,21.264257431030273
2018-10-09,25.420000076293945,21.25589370727539
2018-10-10,25.389999389648438,21.23080825805664
2018-10-11,25.25,21.113744735717773
2018-10-12,25.329999923706055,21.180639266967773
2018-10-15,25.270000457763672,21.130464553833008
2018-10-16,25.280000686645508,21.13882827758789
2018-10-17,25.40999984741211,21.24753189086914
2018-10-18,25.520000457763672,21.339513778686523
2018-10-19,25.469999313354492,21.29770278930664
2018-10-22,25.559999465942383,21.37295913696289
2018-10-23,25.520000457763672,21.339513778686523
2018-10-24,25.649999618530273,21.448217391967773
2018-10-25,25.719999313354492,21.506752014160156
2018-10-26,25.649999618530273,21.448217391967773
2018-10-29,25.719999313354492,21.506752014160156
2018-10-30,25.829999923706055,21.59873390197754
2018-10-31,25.81999969482422,21.590368270874023
2018-11-01,25.649999618530273,21.448217391967773
2018-11-02,25.709999084472656,21.498388290405273
2018-11-05,25.700000762939453,21.490026473999023
2018-11-06,25.639999389648438,21.439855575561523
2018-11-07,25.59000015258789,21.398046493530273
2018-11-08,25.739999771118164,21.523473739624023
2018-11-09,25.790000915527344,21.565284729003906
2018-11-12,26.020000457763672,21.757606506347656
2018-11-13,25.93000030517578,21.68235206604004
2018-11-14,25.84000015258789,21.607093811035156
2018-11-15,25.899999618530273,21.657262802124023
2018-11-16,25.709999084472656,21.498388290405273
2018-11-19,25.690000534057617,21.481664657592773
2018-11-20,25.81999969482422,21.590368270874023
2018-11-21,25.81999969482422,21.590368270874023
2018-11-23,25.8700008392334,21.63218116760254
2018-11-26,25.920000076293945,21.673986434936523
2018-11-27,25.989999771118164,21.732521057128906
2018-11-28,25.860000610351562,21.62381935119629
2018-11-29,25.81999969482422,21.590368270874023
2018-11-30,25.920000076293945,21.673986434936523
2018-12-03,25.93000030517578,21.68235206604004
2018-12-04,25.8799991607666,21.640541076660156
2018-12-06,25.8700008392334,21.63218116760254
2018-12-07,25.799999237060547,21.573646545410156
2018-12-10,25.969999313354492,21.715797424316406
2018-12-11,26.040000915527344,21.774333953857422
2018-12-12,25.940000534057617,21.69071388244629
2018-12-13,25.940000534057617,21.69071388244629
2018-12-14,26.040000915527344,21.774333953857422
2018-12-17,25.969999313354492,21.715797424316406
2018-12-18,25.959999084472656,21.707435607910156
2018-12-19,25.969999313354492,21.715797424316406
2018-12-20,25.770000457763672,21.548559188842773
2018-12-21,25.940000534057617,21.69071388244629
2018-12-24,25.549999237060547,21.5943603515625
2018-12-26,25.68000030517578,21.70423698425293
2018-12-27,25.56999969482422,21.611265182495117
2018-12-28,25.5,21.55210304260254
2018-12-31,25.450000762939453,21.509843826293945
2019-01-02,25.639999389648438,21.670429229736328
2019-01-03,25.5,21.55210304260254
2019-01-04,25.459999084472656,21.518295288085938
2019-01-07,25.350000381469727,21.42532730102539
2019-01-08,25.43000030517578,21.492938995361328
2019-01-09,25.190000534057617,21.290096282958984
2019-01-10,25.34000015258789,21.416873931884766
2019-01-11,25.360000610351562,21.43377685546875
2019-01-14,25.360000610351562,21.43377685546875
2019-01-15,25.450000762939453,21.509843826293945
2019-01-16,25.479999542236328,21.535200119018555
2019-01-17,25.479999542236328,21.535200119018555
2019-01-18,25.559999465942383,21.602815628051758
2019-01-22,25.559999465942383,21.602815628051758
2019-01-23,25.5,21.55210304260254
2019-01-24,25.649999618530273,21.67888069152832
2019-01-25,25.440000534057617,21.50139045715332
2019-01-28,25.459999084472656,21.518295288085938
2019-01-29,25.469999313354492,21.526748657226562
2019-01-30,25.34000015258789,21.416873931884766
2019-01-31,25.389999389648438,21.459131240844727
2019-02-01,25.389999389648438,21.459131240844727
2019-02-04,25.459999084472656,21.518295288085938
2019-02-05,25.530000686645508,21.57745933532715
2019-02-06,25.6299991607666,21.661975860595703
2019-02-07,25.690000534057617,21.71268653869629
2019-02-08,25.719999313354492,21.7380428314209
2019-02-11,25.81999969482422,21.822561264038086
2019-02-12,25.729999542236328,21.74649429321289
2019-02-13,25.8700008392334,21.86482048034668
2019-02-14,25.84000015258789,21.83946418762207
2019-02-15,25.790000915527344,21.79720687866211
2019-02-19,25.690000534057617,21.71268653869629
2019-02-20,25.709999084472656,21.729591369628906
2019-02-21,25.729999542236328,21.74649429321289
2019-02-22,25.719999313354492,21.7380428314209
2019-02-25,25.700000762939453,21.72113800048828
2019-02-26,25.600000381469727,21.636619567871094
2019-02-27,25.6200008392334,21.653526306152344
2019-02-28,25.639999389648438,21.670429229736328
2019-03-01,25.739999771118164,21.754945755004883
2019-03-04,25.770000457763672,21.780302047729492
2019-03-05,25.84000015258789,21.83946418762207
2019-03-06,25.84000015258789,21.83946418762207
2019-03-07,26.06999969482422,22.033857345581055
2019-03-08,25.989999771118164,21.96624183654785
2019-03-11,25.93000030517578,21.915529251098633
2019-03-12,25.8799991607666,21.873271942138672
2019-03-13,25.760000228881836,21.7718505859375
2019-03-14,25.84000015258789,21.83946418762207
2019-03-15,25.799999237060547,21.8056583404541
2019-03-18,25.770000457763672,21.780302047729492
2019-03-19,25.739999771118164,21.754945755004883
2019-03-20,25.59000015258789,21.6281681060791
2019-03-21,25.75,21.763395309448242
2019-03-22,25.799999237060547,21.8056583404541
2019-03-25,25.799999237060547,21.8056583404541
2019-03-26,25.8799991607666,21.873271942138672
2019-03-27,25.90999984741211,21.89862823486328
2019-03-28,26.0,21.974693298339844
2019-03-29,26.030000686645508,22.000049591064453
2019-04-01,26.010000228881836,21.983144760131836
2019-04-02,26.040000915527344,22.008501052856445
2019-04-03,26.0,21.974693298339844
2019-04-04,26.030000686645508,22.000049591064453
2019-04-05,26.059999465942383,22.025402069091797
2019-04-08,25.969999313354492,21.949338912963867
2019-04-09,25.979999542236328,21.95779037475586
2019-04-10,25.940000534057617,21.923982620239258
2019-04-11,26.020000457763672,21.991596221923828
2019-04-12,25.959999084472656,21.940885543823242
2019-04-15,25.950000762939453,21.932435989379883
2019-04-16,26.010000228881836,21.983144760131836
2019-04-17,25.989999771118164,21.96624183654785
2019-04-18,26.1299991607666,22.08456802368164
2019-04-22,26.06999969482422,22.033857345581055
2019-04-23,26.15999984741211,22.109922409057617
2019-04-24,26.290000915527344,22.21979522705078
2019-04-25,26.34000015258789,22.262056350708008
2019-04-26,26.309999465942383,22.2367000579834
2019-04-29,26.25,22.185989379882812
2019-04-30,26.170000076293945,22.11837387084961
2019-05-01,26.200000762939453,22.143728256225586
2019-05-02,26.260000228881836,22.194440841674805
2019-05-03,26.15999984741211,22.109922409057617
2019-05-06,26.18000030517578,22.1268253326416
2019-05-07,26.200000762939453,22.143728256225586
2019-05-08,26.209999084472656,22.152179718017578
2019-05-09,26.15999984741211,22.109922409057617
2019-05-10,26.149999618530273,22.101470947265625
2019-05-13,26.149999618530273,22.101470947265625
2019-05-14,26.209999084472656,22.152179718017578
2019-05-15,26.219999313354492,22.160634994506836
2019-05-16,26.290000915527344,22.21979522705078
2019-05-17,26.350000381469727,22.270505905151367
2019-05-20,26.329999923706055,22.253602981567383
2019-05-21,26.3700008392334,22.287410736083984
2019-05-22,26.389999389648438,22.30431365966797
2019-05-23,26.34000015258789,22.262056350708008
2019-05-24,26.25,22.185989379882812
2019-05-28,26.360000610351562,22.27895736694336
2019-05-29,26.420000076293945,22.329669952392578
2019-05-30,26.43000030517578,22.33812141418457
2019-05-31,26.31999969482422,22.24515151977539
2019-06-03,26.18000030517578,22.1268253326416
2019-06-04,26.149999618530273,22.101470947265625
2019-06-05,26.239999771118164,22.17753791809082
2019-06-06,26.149999618530273,22.101470947265625
2019-06-07,26.040000915527344,22.008501052856445
2019-06-10,26.06999969482422,22.033857345581055
2019-06-11,26.079999923706055,22.042306900024414
2019-06-12,26.149999618530273,22.101470947265625
2019-06-13,26.170000076293945,22.11837387084961
2019-06-14,26.309999465942383,22.2367000579834
2019-06-17,26.31999969482422,22.24515151977539
2019-06-18,26.360000610351562,22.27895736694336
2019-06-19,26.239999771118164,22.17753791809082
2019-06-20,26.079999923706055,22.042306900024414
2019-06-21,25.950000762939453,21.932435989379883
2019-06-24,25.90999984741211,21.89862823486328
2019-06-25,25.969999313354492,21.949338912963867
2019-06-26,25.989999771118164,21.96624183654785
2019-06-27,25.989999771118164,21.96624183654785
2019-06-28,25.969999313354492,21.949338912963867
2019-07-01,26.15999984741211,22.109922409057617
2019-07-02,26.139999389648438,22.093017578125
2019-07-03,26.139999389648438,22.093017578125
2019-07-05,26.280000686645508,22.211345672607422
2019-07-08,26.329999923706055,22.253602981567383
2019-07-09,26.350000381469727,22.270505905151367
2019-07-10,26.239999771118164,22.17753791809082
2019-07-11,26.239999771118164,22.17753791809082
2019-07-12,26.190000534057617,22.135278701782227
2019-07-15,26.229999542236328,22.169084548950195
2019-07-16,26.350000381469727,22.270505905151367
2019-07-17,26.299999237060547,22.228248596191406
2019-07-18,26.15999984741211,22.109922409057617
2019-07-19,26.290000915527344,22.21979522705078
2019-07-22,26.34000015258789,22.262056350708008
2019-07-23,26.459999084472656,22.363475799560547
2019-07-24,26.459999084472656,22.363475799560547
2019-07-25,26.510000228881836,22.40573501586914
2019-07-26,26.549999237060547,22.439542770385742
2019-07-29,26.56999969482422,22.45644760131836
2019-07-30,26.56999969482422,22.45644760131836
2019-07-31,26.729999542236328,22.591676712036133
2019-08-01,26.649999618530273,22.52406120300293
2019-08-02,26.59000015258789,22.473350524902344
2019-08-05,26.459999084472656,22.363475799560547
2019-08-06,26.489999771118164,22.388830184936523
2019-08-07,26.469999313354492,22.37192726135254
2019-08-08,26.489999771118164,22.388830184936523
2019-08-09,26.459999084472656,22.363475799560547
2019-08-12,26.440000534057617,22.346572875976562
2019-08-13,26.559999465942383,22.447994232177734
2019-08-14,26.6200008392334,22.49870491027832
2019-08-15,26.639999389648438,22.515607833862305
2019-08-16,26.65999984741211,22.532512664794922
2019-08-19,26.719999313354492,22.583223342895508
2019-08-20,26.65999984741211,22.532512664794922
2019-08-21,26.690000534057617,22.55786895751953
2019-08-22,26.670000076293945,22.54096221923828
2019-08-23,26.520000457763672,22.414186477661133
2019-08-26,26.65999984741211,22.532512664794922
2019-08-27,26.639999389648438,22.515607833862305
2019-08-28,26.700000762939453,22.56631851196289
2019-08-29,26.770000457763672,22.6254825592041
2019-08-30,26.8700008392334,22.71000099182129
2019-09-03,26.93000030517578,22.760711669921875
2019-09-04,26.760000228881836,22.617029190063477
2019-09-05,26.770000457763672,22.6254825592041
2019-09-06,26.780000686645508,22.633935928344727
2019-09-09,26.729999542236328,22.591676712036133
2019-09-10,26.760000228881836,22.617029190063477
2019-09-11,26.84000015258789,22.68464469909668
2019-09-12,26.760000228881836,22.617029190063477
2019-09-13,26.719999313354492,22.583223342895508
2019-09-16,26.84000015258789,22.68464469909668
2019-09-17,26.719999313354492,22.583223342895508
2019-09-18,26.81999969482422,22.667739868164062
2019-09-19,26.760000228881836,22.617029190063477
2019-09-20,26.829999923706055,22.676193237304688
2019-09-23,26.8700008392334,22.71000099182129
2019-09-24,26.770000457763672,22.6254825592041
2019-09-25,26.979999542236328,22.802968978881836
2019-09-26,27.049999237060547,22.86213493347168
2019-09-27,27.010000228881836,22.828325271606445
2019-09-30,27.100000381469727,22.90439224243164
2019-10-01,27.010000228881836,22.828325271606445
2019-10-02,26.989999771118164,22.81142234802246
2019-10-03,26.979999542236328,22.802968978881836
2019-10-04,26.959999084472656,22.78606605529785
2019-10-07,27.010000228881836,22.828325271606445
2019-10-08,27.049999237060547,22.86213493347168
2019-10-09,27.030000686645508,22.84522819519043
2019-10-10,26.920000076293945,22.752260208129883
2019-10-11,26.81999969482422,22.667739868164062
2019-10-14,26.899999618530273,22.7353572845459
2019-10-15,26.81999969482422,22.667739868164062
2019-10-16,26.75,22.608579635620117
2019-10-17,26.649999618530273,22.52406120300293
2019-10-18,26.549999237060547,22.439542770385742
2019-10-21,26.56999969482422,22.45644760131836
2019-10-22,26.6299991607666,22.507158279418945
2019-10-23,26.6200008392334,22.49870491027832
2019-10-24,26.700000762939453,22.56631851196289
2019-10-25,26.729999542236328,22.591676712036133
2019-10-28,26.709999084472656,22.574769973754883
2019-10-29,26.700000762939453,22.56631851196289
2019-10-30,26.639999389648438,22.515607833862305
2019-10-31,26.59000015258789,22.473350524902344
2019-11-01,26.579999923706055,22.46489906311035
2019-11-04,26.68000030517578,22.549415588378906
2019-11-05,26.780000686645508,22.633935928344727
2019-11-06,26.780000686645508,22.633935928344727
2019-11-07,26.84000015258789,22.68464469909668
2019-11-08,26.899999618530273,22.7353572845459
2019-11-11,26.860000610351562,22.701547622680664
2019-11-12,26.899999618530273,22.7353572845459
2019-11-13,26.889999389648438,22.726905822753906
2019-11-14,26.8700008392334,22.71000099182129
2019-11-15,26.809999465942383,22.659290313720703
2019-11-18,26.760000228881836,22.617029190063477
2019-11-19,26.790000915527344,22.642385482788086
2019-11-20,26.790000915527344,22.642385482788086
2019-11-21,26.829999923706055,22.676193237304688
2019-11-22,26.90999984741211,22.743806838989258
2019-11-25,26.93000030517578,22.760711669921875
2019-11-26,26.899999618530273,22.7353572845459
2019-11-27,26.940000534057617,22.769163131713867
2019-11-29,26.90999984741211,22.743806838989258
2019-12-02,26.799999237060547,22.650836944580078
2019-12-03,26.770000457763672,22.6254825592041
2019-12-04,26.739999771118164,22.600128173828125
2019-12-05,26.68000030517578,22.549415588378906
2019-12-06,26.780000686645508,22.633935928344727
2019-12-09,26.75,22.608579635620117
2019-12-10,26.719999313354492,22.583223342895508
2019-12-11,26.6200008392334,22.49870491027832
2019-12-12,26.65999984741211,22.532512664794922
2019-12-13,26.65999984741211,22.532512664794922
2019-12-16,26.610000610351562,22.490253448486328
2019-12-17,26.65999984741211,22.532512664794922
2019-12-18,26.709999084472656,22.574769973754883
2019-12-19,26.709999084472656,22.574769973754883
2019-12-20,26.799999237060547,22.650836944580078
2019-12-23,26.260000228881836,22.638769149780273
2019-12-24,26.260000228881836,22.638769149780273
2019-12-26,26.219999313354492,22.604284286499023
2019-12-27,26.09000015258789,22.492210388183594
2019-12-30,26.040000915527344,22.449106216430664
2019-12-31,25.969999313354492,22.38875961303711
2020-01-02,26.059999465942383,22.466346740722656
2020-01-03,26.09000015258789,22.492210388183594
2020-01-06,26.030000686645508,22.440486907958984
2020-01-07,26.1200008392334,22.51807403564453
2020-01-08,26.190000534057617,22.57842254638672
2020-01-09,26.239999771118164,22.62152671813965
2020-01-10,26.219999313354492,22.604284286499023
2020-01-13,26.219999313354492,22.604284286499023
2020-01-14,26.229999542236328,22.612903594970703
2020-01-15,26.190000534057617,22.57842254638672
2020-01-16,26.229999542236328,22.612903594970703
2020-01-17,26.31999969482422,22.690494537353516
2020-01-21,26.299999237060547,22.67325210571289
2020-01-22,26.280000686645508,22.656009674072266
2020-01-23,26.350000381469727,22.716358184814453
2020-01-24,26.389999389648438,22.750839233398438
2020-01-27,26.43000030517578,22.78532600402832
2020-01-28,26.43000030517578,22.78532600402832
2020-01-29,26.469999313354492,22.819808959960938
2020-01-30,26.389999389648438,22.750839233398438
2020-01-31,26.280000686645508,22.656009674072266
2020-02-03,26.40999984741211,22.768083572387695
2020-02-04,26.450000762939453,22.802566528320312
2020-02-05,26.549999237060547,22.888778686523438
2020-02-06,26.600000381469727,22.931882858276367
2020-02-07,26.65999984741211,22.98360824584961
2020-02-10,26.700000762939453,23.01809310913086
2020-02-11,26.670000076293945,22.992229461669922
2020-02-12,26.739999771118164,23.05257797241211
2020-02-13,26.770000457763672,23.078441619873047
2020-02-14,26.760000228881836,23.0698184967041
2020-02-18,26.860000610351562,23.156028747558594
2020-02-19,26.90999984741211,23.199132919311523
2020-02-20,26.989999771118164,23.26810073852539
2020-02-21,26.829999923706055,23.130163192749023
2020-02-24,26.84000015258789,23.138784408569336
2020-02-25,26.760000228881836,23.0698184967041
2020-02-26,26.780000686645508,23.087060928344727
2020-02-27,26.6200008392334,22.949125289916992
2020-02-28,26.530000686645508,22.87153434753418
2020-03-02,26.389999389648438,22.750839233398438
2020-03-03,26.280000686645508,22.656009674072266
2020-03-04,26.3700008392334,22.733598709106445
2020-03-05,26.170000076293945,22.56117820739746
2020-03-06,26.020000457763672,22.43186378479004
2020-03-09,25.739999771118164,22.190473556518555
2020-03-10,26.1200008392334,22.51807403564453
2020-03-11,26.15999984741211,22.55255889892578
2020-03-12,26.440000534057617,22.793947219848633
2020-03-13,27.440000534057617,23.656047821044922
2020-03-16,26.559999465942383,22.897397994995117
2020-03-17,27.030000686645508,23.30258560180664
2020-03-18,27.440000534057617,23.656047821044922
2020-03-19,28.09000015258789,24.216411590576172
2020-03-20,28.010000228881836,24.147445678710938
2020-03-23,27.969999313354492,24.112960815429688
2020-03-24,27.649999618530273,23.837087631225586
2020-03-25,27.389999389648438,23.61294174194336
2020-03-26,26.950000762939453,23.233617782592773
2020-03-27,26.729999542236328,23.043956756591797
2020-03-30,26.850000381469727,23.14740753173828
2020-03-31,26.829999923706055,23.130163192749023
2020-04-01,27.0,23.276721954345703
2020-04-02,27.139999389648438,23.397415161132812
2020-04-03,27.290000915527344,23.5267333984375
2020-04-06,27.299999237060547,23.535350799560547
2020-04-07,27.049999237060547,23.319828033447266
2020-04-08,27.149999618530273,23.406036376953125
2020-04-09,26.950000762939453,23.233617782592773
2020-04-13,26.90999984741211,23.199132919311523
2020-04-14,26.760000228881836,23.0698184967041
2020-04-15,26.959999084472656,23.242238998413086
2020-04-16,27.079999923706055,23.345691680908203
2020-04-17,27.010000228881836,23.285343170166016
2020-04-20,27.100000381469727,23.362932205200195
2020-04-21,27.139999389648438,23.397415161132812
2020-04-22,27.219999313354492,23.466384887695312
2020-04-23,27.229999542236328,23.475006103515625
2020-04-24,27.170000076293945,23.42327880859375
2020-04-27,27.100000381469727,23.362932205200195
2020-04-28,27.06999969482422,23.33707046508789
2020-04-29,26.959999084472656,23.242238998413086
2020-04-30,26.790000915527344,23.09568214416504
2020-05-01,26.81999969482422,23.121543884277344
2020-05-04,26.969999313354492,23.250858306884766
2020-05-05,26.989999771118164,23.26810073852539
2020-05-06,27.1200008392334,23.380176544189453
2020-05-07,27.040000915527344,23.311208724975586
2020-05-08,27.030000686645508,23.30258560180664
2020-05-11,27.1299991607666,23.3887939453125
2020-05-12,27.079999923706055,23.345691680908203
2020-05-13,27.1299991607666,23.3887939453125
2020-05-14,27.15999984741211,23.414657592773438
2020-05-15,27.18000030517578,23.431901931762695
2020-05-18,26.959999084472656,23.242238998413086
2020-05-19,26.940000534057617,23.22499656677246
2020-05-20,26.850000381469727,23.14740753173828
2020-05-21,26.90999984741211,23.199132919311523
2020-05-22,26.989999771118164,23.26810073852539
2020-05-26,26.790000915527344,23.09568214416504
2020-05-27,26.780000686645508,23.087060928344727
2020-05-28,26.639999389648438,22.96636390686035
2020-05-29,26.600000381469727,22.931882858276367
2020-06-01,26.450000762939453,22.802566528320312
2020-06-02,26.420000076293945,22.776704788208008
2020-06-03,26.260000228881836,22.638769149780273
2020-06-04,26.15999984741211,22.55255889892578
2020-06-05,26.209999084472656,22.595661163330078
2020-06-08,26.139999389648438,22.535316467285156
2020-06-09,26.059999465942383,22.466346740722656
2020-06-10,25.93000030517578,22.354272842407227
2020-06-11,26.190000534057617,22.57842254638672
2020-06-12,26.260000228881836,22.638769149780273
2020-06-15,26.149999618530273,22.54393768310547
2020-06-16,26.229999542236328,22.612903594970703
2020-06-17,26.25,22.63014793395996
2020-06-18,26.350000381469727,22.716358184814453
2020-06-19,26.3799991607666,22.742219924926758
2020-06-22,26.239999771118164,22.62152671813965
2020-06-23,26.149999618530273,22.54393768310547
2020-06-24,26.270000457763672,22.647390365600586
2020-06-25,26.309999465942383,22.681873321533203
2020-06-26,26.350000381469727,22.716358184814453
2020-06-29,26.360000610351562,22.724979400634766
2020-06-30,26.31999969482422,22.690494537353516
2020-07-01,26.260000228881836,22.638769149780273
2020-07-02,26.280000686645508,22.656009674072266
2020-07-06,26.139999389648438,22.535316467285156
2020-07-07,26.200000762939453,22.5870418548584
2020-07-08,26.059999465942383,22.466346740722656
2020-07-09,26.149999618530273,22.54393768310547
2020-07-10,26.110000610351562,22.50945472717285
2020-07-13,26.06999969482422,22.47496795654297
2020-07-14,26.020000457763672,22.43186378479004
2020-07-15,25.950000762939453,22.371517181396484
2020-07-16,26.040000915527344,22.449106216430664
2020-07-17,25.93000030517578,22.354272842407227
2020-07-20,25.889999389648438,22.31978988647461
2020-07-21,25.729999542236328,22.181854248046875
2020-07-22,25.65999984741211,22.12150764465332
2020-07-23,25.610000610351562,22.07840347290039
2020-07-24,25.5,21.983572006225586
2020-07-27,25.309999465942383,21.819772720336914
2020-07-28,25.350000381469727,21.85425567626953
2020-07-29,25.229999542236328,21.750804901123047
2020-07-30,25.1299991607666,21.664594650268555
2020-07-31,25.280000686645508,21.793909072875977
2020-08-03,25.280000686645508,21.793909072875977
2020-08-04,25.190000534057617,21.716320037841797
2020-08-05,25.079999923706055,21.621488571166992
2020-08-06,25.079999923706055,21.621488571166992
2020-08-07,25.229999542236328,21.750804901123047
2020-08-10,25.270000457763672,21.785287857055664
2020-08-11,25.309999465942383,21.819772720336914
2020-08-12,25.229999542236328,21.750804901123047
2020-08-13,25.219999313354492,21.7421817779541
2020-08-14,25.18000030517578,21.707700729370117
2020-08-17,25.06999969482422,21.612869262695312
2020-08-18,24.93000030517578,21.49217414855957
2020-08-19,25.1299991607666,21.664594650268555
2020-08-20,25.059999465942383,21.604248046875
2020-08-21,25.18000030517578,21.707700729370117
2020-08-24,25.219999313354492,21.7421817779541
2020-08-25,25.1299991607666,21.664594650268555
2020-08-26,25.100000381469727,21.63873291015625
2020-08-27,25.1299991607666,21.664594650268555
2020-08-28,24.93000030517578,21.49217414855957
2020-08-31,24.899999618530273,21.466312408447266
2020-09-01,24.950000762939453,21.509416580200195
2020-09-02,25.040000915527344,21.587005615234375
2020-09-03,25.049999237060547,21.595624923706055
2020-09-04,25.09000015258789,21.630109786987305
2020-09-08,25.219999313354492,21.7421817779541
2020-09-09,25.18000030517578,21.707700729370117
2020-09-10,25.229999542236328,21.750804901123047
2020-09-11,25.18000030517578,21.707700729370117
2020-09-14,25.1200008392334,21.655973434448242
2020-09-15,25.139999389648438,21.673213958740234
2020-09-16,25.170000076293945,21.699079513549805
2020-09-17,25.079999923706055,21.621488571166992
2020-09-18,25.110000610351562,21.64735221862793
2020-09-21,25.290000915527344,21.802532196044922
2020-09-22,25.3799991607666,21.880117416381836
2020-09-23,25.520000457763672,22.00081443786621
2020-09-24,25.479999542236328,21.966331481933594
2020-09-25,25.549999237060547,22.026674270629883
2020-09-28,25.469999313354492,21.95770835876465
2020-09-29,25.350000381469727,21.85425567626953
2020-09-30,25.350000381469727,21.85425567626953
2020-10-01,25.309999465942383,21.819772720336914
2020-10-02,25.3700008392334,21.87150001525879
2020-10-05,25.260000228881836,21.776668548583984
2020-10-06,25.329999923706055,21.83701515197754
2020-10-07,25.299999237060547,21.81114959716797
2020-10-08,25.290000915527344,21.802532196044922
2020-10-09,25.139999389648438,21.673213958740234
2020-10-12,25.110000610351562,21.64735221862793
2020-10-13,25.260000228881836,21.776668548583984
2020-10-14,25.200000762939453,21.72494125366211
2020-10-15,25.31999969482422,21.828393936157227
2020-10-16,25.290000915527344,21.802532196044922
2020-10-19,25.209999084472656,21.733562469482422
2020-10-20,25.1299991607666,21.664594650268555
2020-10-21,25.0,21.552518844604492
2020-10-22,25.100000381469727,21.63873291015625
2020-10-23,25.040000915527344,21.587005615234375
2020-10-26,25.1299991607666,21.664594650268555
2020-10-27,25.079999923706055,21.621488571166992
2020-10-28,25.239999771118164,21.759424209594727
2020-10-29,25.34000015258789,21.84563636779785
2020-10-30,25.3700008392334,21.87150001525879
2020-11-02,25.399999618530273,21.897361755371094
2020-11-03,25.260000228881836,21.776668548583984
2020-11-04,25.219999313354492,21.7421817779541
2020-11-05,24.979999542236328,21.5352783203125
2020-11-06,24.889999389648438,21.45768928527832
2020-11-09,25.049999237060547,21.595624923706055
2020-11-10,25.049999237060547,21.595624923706055
2020-11-11,25.079999923706055,21.621488571166992
2020-11-12,25.079999923706055,21.621488571166992
2020-11-13,25.030000686645508,21.578384399414062
2020-11-16,24.969999313354492,21.526655197143555
2020-11-17,24.93000030517578,21.49217414855957
2020-11-18,24.940000534057617,21.500795364379883
2020-11-19,24.899999618530273,21.466312408447266
2020-11-20,24.93000030517578,21.49217414855957
2020-11-23,24.969999313354492,21.526655197143555
2020-11-24,24.850000381469727,21.423206329345703
2020-11-25,24.809999465942383,21.38871955871582
2020-11-27,24.760000228881836,21.345617294311523
2020-11-30,24.81999969482422,21.397342681884766
2020-12-01,24.600000381469727,21.20768165588379
2020-12-02,24.56999969482422,21.18181800842285
2020-12-03,24.440000534057617,21.069746017456055
2020-12-04,24.469999313354492,21.09560775756836
2020-12-07,24.510000228881836,21.13009262084961
2020-12-08,24.540000915527344,21.155956268310547
2020-12-09,24.549999237060547,21.16457748413086
2020-12-10,24.479999542236328,21.10422706604004
2020-12-11,24.540000915527344,21.155956268310547
2020-12-14,24.469999313354492,21.09560775756836
2020-12-15,24.389999389648438,21.026641845703125
2020-12-16,24.360000610351562,21.000778198242188
2020-12-17,24.229999542236328,20.888702392578125
2020-12-18,24.260000228881836,20.914566040039062
2020-12-21,24.309999465942383,20.957670211791992
2020-12-22,24.440000534057617,21.069746017456055
2020-12-23,24.329999923706055,20.97491455078125
2020-12-24,24.350000381469727,20.992155075073242
2020-12-28,24.350000381469727,20.992155075073242
2020-12-29,24.270000457763672,20.923187255859375
2020-12-30,24.170000076293945,20.836978912353516
2020-12-31,24.239999771118164,20.89732551574707
2021-01-04,24.260000228881836,20.914566040039062
2021-01-05,24.1200008392334,20.793872833251953
2021-01-06,24.09000015258789,20.768009185791016
2021-01-07,24.229999542236328,20.888702392578125
2021-01-08,24.270000457763672,20.923187255859375
2021-01-11,24.420000076293945,21.052501678466797
2021-01-12,24.290000915527344,20.9404296875
2021-01-13,24.3700008392334,21.009397506713867
2021-01-14,24.31999969482422,20.966293334960938
2021-01-15,24.479999542236328,21.10422706604004
2021-01-19,24.40999984741211,21.043882369995117
2021-01-20,24.399999618530273,21.035261154174805
2021-01-21,24.290000915527344,20.9404296875
2021-01-22,24.34000015258789,20.98353385925293
2021-01-25,24.3700008392334,21.009397506713867
2021-01-26,24.299999237060547,20.94904899597168
2021-01-27,24.450000762939453,21.078365325927734
2021-01-28,24.389999389648438,21.026641845703125
2021-01-29,24.420000076293945,21.052501678466797
2021-02-01,24.540000915527344,21.155956268310547
2021-02-02,24.56999969482422,21.18181800842285
2021-02-03,24.559999465942383,21.17319679260254
2021-02-04,24.670000076293945,21.26802635192871
2021-02-05,24.530000686645508,21.1473331451416
2021-02-08,24.520000457763672,21.138713836669922
2021-02-09,24.389999389648438,21.026641845703125
2021-02-10,24.3799991607666,21.01801872253418
2021-02-11,24.3700008392334,21.009397506713867
2021-02-12,24.389999389648438,21.026641845703125
2021-02-16,24.389999389648438,21.026641845703125
2021-02-17,24.489999771118164,21.11284828186035
2021-02-18,24.40999984741211,21.043882369995117
2021-02-19,24.350000381469727,20.992155075073242
2021-02-22,24.280000686645508,20.93181037902832
2021-02-23,24.299999237060547,20.94904899597168
2021-02-24,24.260000228881836,20.914566040039062
2021-02-25,24.34000015258789,20.98353385925293
2021-02-26,24.520000457763672,21.138713836669922
2021-03-01,24.540000915527344,21.155956268310547
2021-03-02,24.450000762939453,21.078365325927734
2021-03-03,24.520000457763672,21.138713836669922
2021-03-04,24.68000030517578,21.276649475097656
2021-03-05,24.770000457763672,21.354238510131836
2021-03-08,24.90999984741211,21.474933624267578
2021-03-09,24.770000457763672,21.354238510131836
2021-03-10,24.729999542236328,21.319753646850586
2021-03-11,24.610000610351562,21.21630096435547
2021-03-12,24.690000534057617,21.28527069091797
2021-03-15,24.739999771118164,21.32837677001953
2021-03-16,24.739999771118164,21.32837677001953
2021-03-17,24.6200008392334,21.22492218017578
2021-03-18,24.770000457763672,21.354238510131836
2021-03-19,24.780000686645508,21.36285972595215
2021-03-22,24.729999542236328,21.319753646850586
2021-03-23,24.8799991607666,21.44906997680664
2021-03-24,24.940000534057617,21.500795364379883
2021-03-25,25.010000228881836,21.561141967773438
2021-03-26,24.979999542236328,21.5352783203125
2021-03-29,25.040000915527344,21.587005615234375
2021-03-30,25.139999389648438,21.673213958740234
2021-03-31,25.1200008392334,21.655973434448242
2021-04-01,25.010000228881836,21.561141967773438
2021-04-05,24.93000030517578,21.49217414855957
2021-04-06,24.8700008392334,21.44045066833496
2021-04-07,24.899999618530273,21.466312408447266
2021-04-08,24.790000915527344,21.37148094177246
2021-04-09,24.809999465942383,21.38871955871582
2021-04-12,24.799999237060547,21.38010025024414
2021-04-13,24.709999084472656,21.302513122558594
2021-04-14,24.68000030517578,21.276649475097656
2021-04-15,24.68000030517578,21.276649475097656
2021-04-16,24.649999618530273,21.250783920288086
2021-04-19,24.510000228881836,21.13009262084961
2021-04-20,24.549999237060547,21.16457748413086
2021-04-21,24.520000457763672,21.138713836669922
2021-04-22,24.59000015258789,21.199060440063477
2021-04-23,24.450000762939453,21.078365325927734
2021-04-26,24.450000762939453,21.078365325927734
2021-04-27,24.459999084472656,21.086984634399414
2021-04-28,24.3700008392334,21.009397506713867
2021-04-29,24.3799991607666,21.01801872253418
2021-04-30,24.579999923706055,21.190439224243164
2021-05-03,24.469999313354492,21.09560775756836
2021-05-04,24.579999923706055,21.190439224243164
2021-05-05,24.56999969482422,21.18181800842285
2021-05-06,24.450000762939453,21.078365325927734
2021-05-07,24.270000457763672,20.923187255859375
2021-05-10,24.270000457763672,20.923187255859375
2021-05-11,24.25,20.905946731567383
2021-05-12,24.43000030517578,21.061124801635742
2021-05-13,24.389999389648438,21.026641845703125
2021-05-14,24.290000915527344,20.9404296875
2021-05-17,24.260000228881836,20.914566040039062
2021-05-18,24.149999618530273,20.819734573364258
2021-05-19,24.260000228881836,20.914566040039062
2021-05-20,24.139999389648438,20.811115264892578
2021-05-21,24.219999313354492,20.880081176757812
2021-05-24,24.15999984741211,20.828357696533203
2021-05-25,24.1299991607666,20.802492141723633
2021-05-26,24.219999313354492,20.880081176757812
2021-05-27,24.200000762939453,20.86284065246582
2021-05-28,24.219999313354492,20.880081176757812
2021-06-01,24.18000030517578,20.845598220825195
2021-06-02,24.18000030517578,20.845598220825195
2021-06-03,24.329999923706055,20.97491455078125
2021-06-04,24.239999771118164,20.89732551574707
2021-06-07,24.200000762939453,20.86284065246582
2021-06-08,24.229999542236328,20.888702392578125
2021-06-09,24.25,20.905946731567383
2021-06-10,24.229999542236328,20.888702392578125
2021-06-11,24.350000381469727,20.992155075073242
2021-06-14,24.329999923706055,20.97491455078125
2021-06-15,24.350000381469727,20.992155075073242
2021-06-16,24.549999237060547,21.16457748413086
2021-06-17,24.739999771118164,21.32837677001953
2021-06-18,24.81999969482422,21.397342681884766
2021-06-21,24.700000762939453,21.29389190673828
2021-06-22,24.65999984741211,21.2594051361084
2021-06-23,24.700000762939453,21.29389190673828
2021-06-24,24.68000030517578,21.276649475097656
2021-06-25,24.690000534057617,21.28527069091797
2021-06-28,24.700000762939453,21.29389190673828
2021-06-29,24.760000228881836,21.345617294311523
2021-06-30,24.829999923706055,21.405961990356445
2021-07-01,24.899999618530273,21.466312408447266
2021-07-02,24.799999237060547,21.38010025024414
2021-07-06,24.889999389648438,21.45768928527832
2021-07-07,24.93000030517578,21.49217414855957
2021-07-08,24.829999923706055,21.405961990356445
2021-07-09,24.770000457763672,21.354238510131836
2021-07-12,24.799999237060547,21.38010025024414
2021-07-13,24.950000762939453,21.509416580200195
2021-07-14,24.829999923706055,21.405961990356445
2021-07-15,24.899999618530273,21.466312408447266
2021-07-16,24.93000030517578,21.49217414855957
2021-07-19,24.969999313354492,21.526655197143555
2021-07-20,25.0,21.552518844604492
2021-07-21,24.940000534057617,21.500795364379883
2021-07-22,24.969999313354492,21.526655197143555
2021-07-23,24.979999542236328,21.5352783203125
2021-07-26,24.899999618530273,21.466312408447266
2021-07-27,24.860000610351562,21.431827545166016
2021-07-28,24.790000915527344,21.37148094177246
2021-07-29,24.700000762939453,21.29389190673828
2021-07-30,24.770000457763672,21.354238510131836
2021-08-02,24.739999771118164,21.32837677001953
2021-08-03,24.75,21.33699607849121
2021-08-04,24.790000915527344,21.37148094177246
2021-08-05,24.790000915527344,21.37148094177246
2021-08-06,24.93000030517578,21.49217414855957
2021-08-09,24.979999542236328,21.5352783203125
2021-08-10,25.0,21.552518844604492
2021-08-11,24.950000762939453,21.509416580200195
2021-08-12,24.979999542236328,21.5352783203125
2021-08-13,24.860000610351562,21.431827545166016
2021-08-16,24.8799991607666,21.44906997680664
2021-08-17,25.030000686645508,21.578384399414062
2021-08-18,25.030000686645508,21.578384399414062
2021-08-19,25.149999618530273,21.681835174560547
2021-08-20,25.1200008392334,21.655973434448242
2021-08-23,24.969999313354492,21.526655197143555
2021-08-24,24.950000762939453,21.509416580200195
2021-08-25,24.93000030517578,21.49217414855957
2021-08-26,25.0,21.552518844604492
2021-08-27,24.889999389648438,21.45768928527832
2021-08-30,24.889999389648438,21.45768928527832
2021-08-31,24.889999389648438,21.45768928527832
2021-09-01,24.84000015258789,21.414583206176758
2021-09-02,24.780000686645508,21.36285972595215
2021-09-03,24.729999542236328,21.319753646850586
2021-09-07,24.850000381469727,21.423206329345703
2021-09-08,24.889999389648438,21.45768928527832
2021-09-09,24.829999923706055,21.405961990356445
2021-09-10,24.8700008392334,21.44045066833496
2021-09-13,24.8700008392334,21.44045066833496
2021-09-14,24.8700008392334,21.44045066833496
2021-09-15,24.81999969482422,21.397342681884766
2021-09-16,24.93000030517578,21.49217414855957
2021-09-17,25.020000457763672,21.56976318359375
2021-09-20,25.030000686645508,21.578384399414062
2021-09-21,25.010000228881836,21.561141967773438
2021-09-22,25.079999923706055,21.621488571166992
2021-09-23,24.979999542236328,21.5352783203125
2021-09-24,25.049999237060547,21.595624923706055
2021-09-27,25.079999923706055,21.621488571166992
2021-09-28,25.170000076293945,21.699079513549805
2021-09-29,25.350000381469727,21.85425567626953
2021-09-30,25.309999465942383,21.819772720336914
2021-10-01,25.260000228881836,21.776668548583984
2021-10-04,25.18000030517578,21.707700729370117
2021-10-05,25.229999542236328,21.750804901123047
2021-10-06,25.299999237060547,21.81114959716797
2021-10-07,25.290000915527344,21.802532196044922
2021-10-08,25.270000457763672,21.785287857055664
2021-10-11,25.34000015258789,21.84563636779785
2021-10-12,25.3700008392334,21.87150001525879
2021-10-13,25.229999542236328,21.750804901123047
2021-10-14,25.229999542236328,21.750804901123047
2021-10-15,25.200000762939453,21.72494125366211
2021-10-18,25.209999084472656,21.733562469482422
2021-10-19,25.149999618530273,21.681835174560547
2021-10-20,25.110000610351562,21.64735221862793
2021-10-21,25.170000076293945,21.699079513549805
2021-10-22,25.1200008392334,21.655973434448242
2021-10-25,25.15999984741211,21.69045639038086
2021-10-26,25.209999084472656,21.733562469482422
2021-10-27,25.200000762939453,21.72494125366211
2021-10-28,25.049999237060547,21.595624923706055
2021-10-29,25.25,21.768047332763672
2021-11-01,25.170000076293945,21.699079513549805
2021-11-02,25.229999542236328,21.750804901123047
2021-11-03,25.170000076293945,21.699079513549805
2021-11-04,25.299999237060547,21.81114959716797
2021-11-05,25.280000686645508,21.793909072875977
2021-11-08,25.229999542236328,21.750804901123047
2021-11-09,25.200000762939453,21.72494125366211
2021-11-10,25.469999313354492,21.95770835876465
2021-11-11,25.530000686645508,22.009435653686523
2021-11-12,25.5,21.983572006225586
2021-11-15,25.639999389648438,22.104267120361328
2021-11-16,25.739999771118164,22.190473556518555
2021-11-17,25.690000534057617,22.147371292114258
2021-11-18,25.6200008392334,22.087024688720703
2021-11-19,25.75,22.199094772338867
2021-11-22,25.8799991607666,22.311168670654297
2021-11-23,25.8700008392334,22.302549362182617
2021-11-24,25.969999313354492,22.38875961303711
2021-11-26,25.770000457763672,22.216339111328125
2021-11-29,25.81999969482422,22.259443283081055
2021-11-30,25.700000762939453,22.15599250793457
2021-12-01,25.770000457763672,22.216339111328125
2021-12-02,25.780000686645508,22.22496223449707
2021-12-03,25.770000457763672,22.216339111328125
2021-12-06,25.809999465942383,22.250823974609375
2021-12-07,25.81999969482422,22.259443283081055
2021-12-08,25.700000762939453,22.15599250793457
2021-12-09,25.790000915527344,22.23358154296875
2021-12-10,25.75,22.199094772338867
2021-12-13,25.829999923706055,22.26806640625
2021-12-14,25.8799991607666,22.311168670654297
2021-12-15,25.84000015258789,22.276687622070312
2021-12-16,25.729999542236328,22.181854248046875
2021-12-17,25.90999984741211,22.337032318115234
2021-12-20,25.8799991607666,22.311168670654297
2021-12-21,25.850000381469727,22.285306930541992
2021-12-22,25.75,22.199094772338867
2021-12-23,25.729999542236328,22.181854248046875
2021-12-27,25.739999771118164,22.190473556518555
2021-12-28,25.770000457763672,22.216339111328125
2021-12-29,25.700000762939453,22.15599250793457
2021-12-30,25.739999771118164,22.190473556518555
2021-12-31,25.6299991607666,22.095643997192383
2022-01-03,25.790000915527344,22.23358154296875
2022-01-04,25.809999465942383,22.250823974609375
2022-01-05,25.780000686645508,22.22496223449707
2022-01-06,25.799999237060547,22.242202758789062
2022-01-07,25.65999984741211,22.12150764465332
2022-01-10,25.719999313354492,22.173233032226562
2022-01-11,25.610000610351562,22.07840347290039
2022-01-12,25.440000534057617,21.93184471130371
2022-01-13,25.43000030517578,21.92322540283203
2022-01-14,25.5,21.983572006225586
2022-01-18,25.65999984741211,22.12150764465332
2022-01-19,25.600000381469727,22.069782257080078
2022-01-20,25.68000030517578,22.138750076293945
2022-01-21,25.610000610351562,22.07840347290039
2022-01-24,25.690000534057617,22.147371292114258
2022-01-25,25.700000762939453,22.15599250793457
2022-01-26,25.84000015258789,22.276687622070312
2022-01-27,26.059999465942383,22.466346740722656
2022-01-28,26.049999237060547,22.457725524902344
2022-01-31,25.8700008392334,22.302549362182617
2022-02-01,25.799999237060547,22.242202758789062
2022-02-02,25.700000762939453,22.15599250793457
2022-02-03,25.56999969482422,22.043916702270508
2022-02-04,25.549999237060547,22.026674270629883
2022-02-07,25.559999465942383,22.035297393798828
2022-02-08,25.600000381469727,22.069782257080078
2022-02-09,25.56999969482422,22.043916702270508
2022-02-10,25.610000610351562,22.07840347290039
2022-02-11,25.719999313354492,22.173233032226562
2022-02-14,25.790000915527344,22.23358154296875
2022-02-15,25.690000534057617,22.147371292114258
2022-02-16,25.639999389648438,22.104267120361328
2022-02-17,25.649999618530273,22.112886428833008
2022-02-18,25.719999313354492,22.173233032226562
2022-02-22,25.729999542236328,22.181854248046875
2022-02-23,25.760000228881836,22.20771598815918
2022-02-24,25.969999313354492,22.38875961303711
2022-02-25,25.84000015258789,22.276687622070312
2022-02-28,25.8799991607666,22.311168670654297
2022-03-01,26.079999923706055,22.48358917236328
2022-03-02,26.059999465942383,22.466346740722656
2022-03-03,26.15999984741211,22.55255889892578
2022-03-04,26.360000610351562,22.724979400634766
2022-03-07,26.549999237060547,22.888778686523438
2022-03-08,26.5,22.845672607421875
2022-03-09,26.239999771118164,22.62152671813965
2022-03-10,26.3700008392334,22.733598709106445
2022-03-11,26.510000228881836,22.854293823242188
2022-03-14,26.5,22.845672607421875
2022-03-15,26.469999313354492,22.819808959960938
2022-03-16,26.280000686645508,22.656009674072266
2022-03-17,26.219999313354492,22.604284286499023
2022-03-18,26.25,22.63014793395996
2022-03-21,26.350000381469727,22.716358184814453
2022-03-22,26.34000015258789,22.70773696899414
2022-03-23,26.3700008392334,22.733598709106445
2022-03-24,26.399999618530273,22.759462356567383
2022-03-25,26.40999984741211,22.768083572387695
2022-03-28,26.489999771118164,22.837051391601562
2022-03-29,26.329999923706055,22.699115753173828
2022-03-30,26.190000534057617,22.57842254638672
2022-03-31,26.299999237060547,22.67325210571289
2022-04-01,26.34000015258789,22.70773696899414
2022-04-04,26.459999084472656,22.811187744140625
2022-04-05,26.600000381469727,22.931882858276367
2022-04-06,26.6200008392334,22.949125289916992
2022-04-07,26.670000076293945,22.992229461669922
2022-04-08,26.670000076293945,22.992229461669922
2022-04-11,26.729999542236328,23.043956756591797
2022-04-12,26.81999969482422,23.121543884277344
2022-04-13,26.709999084472656,23.026714324951172
2022-04-14,26.829999923706055,23.130163192749023
2022-04-18,26.940000534057617,23.22499656677246
2022-04-19,27.0,23.276721954345703
2022-04-20,26.809999465942383,23.11292266845703
2022-04-21,26.889999389648438,23.18189239501953
2022-04-22,27.049999237060547,23.319828033447266
2022-04-25,27.18000030517578,23.431901931762695
2022-04-26,27.350000381469727,23.578458786010742
2022-04-27,27.520000457763672,23.72501564025879
2022-04-28,27.68000030517578,23.862951278686523
2022-04-29,27.56999969482422,23.76811981201172
2022-05-02,27.709999084472656,23.888813018798828
2022-05-03,27.65999984741211,23.84571075439453
2022-05-04,27.43000030517578,23.64742660522461
2022-05-05,27.65999984741211,23.84571075439453
2022-05-06,27.709999084472656,23.888813018798828
2022-05-09,27.719999313354492,23.89743423461914
2022-05-10,27.780000686645508,23.94916343688965
2022-05-11,27.809999465942383,23.975025177001953
2022-05-12,28.049999237060547,24.181928634643555
2022-05-13,27.969999313354492,24.112960815429688
2022-05-16,27.860000610351562,24.018131256103516
2022-05-17,27.6299991607666,23.81984519958496
2022-05-18,27.770000457763672,23.940540313720703
2022-05-19,27.479999542236328,23.690532684326172
2022-05-20,27.540000915527344,23.74225616455078
2022-05-23,27.290000915527344,23.5267333984375
2022-05-24,27.209999084472656,23.457763671875
2022-05-25,27.309999465942383,23.543973922729492
2022-05-26,27.219999313354492,23.466384887695312
2022-05-27,27.15999984741211,23.414657592773438
2022-05-31,27.209999084472656,23.457763671875
2022-06-01,27.420000076293945,23.638805389404297
2022-06-02,27.18000030517578,23.431901931762695
2022-06-03,27.299999237060547,23.535350799560547
2022-06-06,27.360000610351562,23.587080001831055
2022-06-07,27.329999923706055,23.561216354370117
2022-06-08,27.40999984741211,23.630184173583984
2022-06-09,27.610000610351562,23.80260467529297
2022-06-10,27.829999923706055,23.992267608642578
2022-06-13,28.100000381469727,24.225032806396484
2022-06-14,28.15999984741211,24.27676010131836
2022-06-15,27.940000534057617,24.087099075317383
2022-06-16,27.670000076293945,23.854331970214844
2022-06-17,27.950000762939453,24.095720291137695
2022-06-21,27.850000381469727,24.00950813293457
2022-06-22,27.809999465942383,23.975025177001953
2022-06-23,27.84000015258789,24.000886917114258
2022-06-24,27.780000686645508,23.94916343688965
2022-06-27,27.729999542236328,23.90605354309082
2022-06-28,27.889999389648438,24.043991088867188
2022-06-29,28.049999237060547,24.181928634643555
2022-06-30,27.959999084472656,24.104339599609375
2022-07-01,28.049999237060547,24.181928634643555
2022-07-05,28.450000762939453,24.526769638061523
2022-07-06,28.579999923706055,24.63884162902832
2022-07-07,28.59000015258789,24.647462844848633
2022-07-08,28.56999969482422,24.63022232055664
2022-07-11,28.899999618530273,24.914714813232422
2022-07-12,28.889999389648438,24.90609359741211
2022-07-13,28.829999923706055,24.854366302490234
2022-07-14,29.030000686645508,25.02678871154785
2022-07-15,28.860000610351562,24.880229949951172
2022-07-18,28.700000762939453,24.742294311523438
2022-07-19,28.520000457763672,24.58711814880371
2022-07-20,28.600000381469727,24.656085968017578
2022-07-21,28.520000457763672,24.58711814880371
2022-07-22,28.479999542236328,24.55263328552246
2022-07-25,28.440000534057617,24.51814842224121
2022-07-26,28.65999984741211,24.707809448242188
2022-07-27,28.420000076293945,24.500905990600586
2022-07-28,28.399999618530273,24.48366355895996
2022-07-29,28.290000915527344,24.38883399963379
2022-08-01,28.18000030517578,24.294002532958984
2022-08-02,28.360000610351562,24.44917869567871
2022-08-03,28.440000534057617,24.51814842224121
2022-08-04,28.260000228881836,24.36297035217285
2022-08-05,28.5,24.569873809814453
2022-08-08,28.459999084472656,24.535388946533203
2022-08-09,28.43000030517578,24.5095272064209
2022-08-10,28.1200008392334,24.242277145385742
2022-08-11,28.139999389648438,24.259517669677734
2022-08-12,28.25,24.354347229003906
2022-08-15,28.5,24.569873809814453
2022-08-16,28.489999771118164,24.561254501342773
2022-08-17,28.530000686645508,24.59573745727539
2022-08-18,28.75,24.785400390625
2022-08-19,28.93000030517578,24.94057846069336
2022-08-22,29.170000076293945,25.147480010986328
2022-08-23,29.049999237060547,25.044029235839844
2022-08-24,29.06999969482422,25.06127166748047
2022-08-25,29.020000457763672,25.018165588378906
2022-08-26,29.1299991607666,25.112995147705078
2022-08-29,29.139999389648438,25.121618270874023
2022-08-30,29.1299991607666,25.112995147705078
2022-08-31,29.110000610351562,25.09575653076172
2022-09-01,29.3700008392334,25.319902420043945
2022-09-02,29.3799991607666,25.328521728515625
2022-09-06,29.549999237060547,25.475078582763672
2022-09-07,29.34000015258789,25.294038772583008
2022-09-08,29.399999618530273,25.34576416015625
2022-09-09,29.190000534057617,25.164724349975586
2022-09-12,29.040000915527344,25.035411834716797
2022-09-13,29.440000534057617,25.3802490234375
2022-09-14,29.3799991607666,25.328521728515625
2022-09-15,29.399999618530273,25.34576416015625
2022-09-16,29.399999618530273,25.34576416015625
2022-09-19,29.3799991607666,25.328521728515625
2022-09-20,29.520000457763672,25.449216842651367
2022-09-21,29.809999465942383,25.69922637939453
2022-09-22,29.850000381469727,25.73371124267578
2022-09-23,30.31999969482422,26.138898849487305
2022-09-26,30.65999984741211,26.4320125579834
2022-09-27,30.670000076293945,26.44063377380371
2022-09-28,30.270000457763672,26.095792770385742
2022-09-29,30.149999618530273,25.992340087890625
2022-09-30,30.149999618530273,25.992340087890625
2022-10-03,30.010000228881836,25.871646881103516
2022-10-04,29.600000381469727,25.518184661865234
2022-10-05,29.8799991607666,25.759572982788086
2022-10-06,30.18000030517578,26.018203735351562
2022-10-07,30.299999237060547,26.12165641784668
2022-10-10,30.43000030517578,26.23373031616211
2022-10-11,30.450000762939453,26.2509708404541
2022-10-12,30.450000762939453,26.2509708404541
2022-10-13,30.25,26.078548431396484
2022-10-14,30.459999084472656,26.25959014892578
2022-10-17,30.149999618530273,25.992340087890625
2022-10-18,30.1299991607666,25.975099563598633
2022-10-19,30.350000381469727,26.164762496948242
2022-10-20,30.3700008392334,26.182003021240234
2022-10-21,30.110000610351562,25.957855224609375
2022-10-24,30.139999389648438,25.983718872070312
2022-10-25,29.809999465942383,25.69922637939453
2022-10-26,29.5,25.431976318359375
2022-10-27,29.729999542236328,25.63025665283203
2022-10-28,29.780000686645508,25.673364639282227
2022-10-31,30.030000686645508,25.888887405395508
2022-11-01,30.020000457763672,25.880268096923828
2022-11-02,30.149999618530273,25.992340087890625
2022-11-03,30.399999618530273,26.20786476135254
2022-11-04,29.829999923706055,25.716468811035156
2022-11-07,29.65999984741211,25.56991195678711
2022-11-08,29.530000686645508,25.457839965820312
2022-11-09,29.75,25.64750099182129
2022-11-10,29.06999969482422,25.06127166748047
2022-11-11,28.649999618530273,24.699188232421875
2022-11-14,28.780000686645508,24.811262130737305
2022-11-15,28.68000030517578,24.725053787231445
2022-11-16,28.6200008392334,24.67332649230957
2022-11-17,28.729999542236328,24.768157958984375
2022-11-18,28.809999465942383,24.83712387084961
2022-11-21,29.059999465942383,25.052650451660156
2022-11-22,28.8799991607666,24.897472381591797
2022-11-23,28.579999923706055,24.63884162902832
2022-11-25,28.579999923706055,24.63884162902832
2022-11-28,28.790000915527344,24.81988525390625
2022-11-29,28.84000015258789,24.86298942565918
2022-11-30,28.610000610351562,24.664705276489258
2022-12-01,28.260000228881836,24.36297035217285
2022-12-02,28.229999542236328,24.33710479736328
2022-12-05,28.459999084472656,24.535388946533203
2022-12-06,28.479999542236328,24.55263328552246
2022-12-07,28.389999389648438,24.475040435791016
2022-12-08,28.299999237060547,24.3974552154541
2022-12-09,28.360000610351562,24.44917869567871
2022-12-12,28.3799991607666,24.466421127319336
2022-12-13,28.1299991607666,24.250898361206055
2022-12-14,28.0,24.138824462890625
2022-12-15,28.260000228881836,24.36297035217285
2022-12-16,28.309999465942383,24.40607452392578
2022-12-19,28.06999969482422,24.41216278076172
2022-12-20,27.8799991607666,24.24692153930664
2022-12-21,27.950000762939453,24.30780029296875
2022-12-22,27.989999771118164,24.342586517333984
2022-12-23,27.979999542236328,24.333890914916992
2022-12-27,27.969999313354492,24.325193405151367
2022-12-28,28.06999969482422,24.41216278076172
2022-12-29,27.899999618530273,24.264314651489258
2022-12-30,27.809999465942383,24.1860408782959
2023-01-03,28.110000610351562,24.446949005126953
2023-01-04,28.010000228881836,24.359981536865234
2023-01-05,28.270000457763672,24.586101531982422
2023-01-06,27.899999618530273,24.264314651489258
2023-01-09,27.729999542236328,24.11646842956543
2023-01-10,27.75,24.133859634399414
2023-01-11,27.75,24.133859634399414
2023-01-12,27.479999542236328,23.899045944213867
2023-01-13,27.469999313354492,23.890348434448242
2023-01-17,27.549999237060547,23.959922790527344
2023-01-18,27.549999237060547,23.959922790527344
2023-01-19,27.479999542236328,23.899045944213867
2023-01-20,27.440000534057617,23.8642578125
2023-01-23,27.479999542236328,23.899045944213867
2023-01-24,27.450000762939453,23.872955322265625
2023-01-25,27.360000610351562,23.79468536376953
2023-01-26,27.43000030517578,23.855562210083008
2023-01-27,27.469999313354492,23.890348434448242
2023-01-30,27.56999969482422,23.977317810058594
2023-01-31,27.510000228881836,23.92513656616211
2023-02-01,27.25,23.699016571044922
2023-02-02,27.43000030517578,23.855562210083008
2023-02-03,27.790000915527344,24.168651580810547
2023-02-06,27.950000762939453,24.30780029296875
2023-02-07,27.899999618530273,24.264314651489258
2023-02-08,27.93000030517578,24.2904052734375
2023-02-09,27.889999389648438,24.255617141723633
2023-02-10,27.979999542236328,24.333890914916992
2023-02-13,27.899999618530273,24.264314651489258
2023-02-14,27.8799991607666,24.24692153930664
2023-02-15,28.06999969482422,24.41216278076172
2023-02-16,28.110000610351562,24.446949005126953
2023-02-17,28.09000015258789,24.429555892944336
2023-02-21,28.18000030517578,24.507827758789062
2023-02-22,28.270000457763672,24.586101531982422
2023-02-23,28.280000686645508,24.594797134399414
2023-02-24,28.489999771118164,24.77743148803711
2023-02-27,28.34000015258789,24.6469783782959
2023-02-28,28.420000076293945,24.716554641723633
2023-03-01,28.270000457763672,24.586101531982422
2023-03-02,28.420000076293945,24.716554641723633
2023-03-03,28.309999465942383,24.620885848999023
2023-03-06,28.270000457763672,24.586101531982422
2023-03-07,28.6200008392334,24.890491485595703
2023-03-08,28.610000610351562,24.881793975830078
2023-03-09,28.530000686645508,24.812219619750977
2023-03-10,28.350000381469727,24.655675888061523
2023-03-13,28.09000015258789,24.429555892944336
2023-03-14,28.09000015258789,24.429555892944336
2023-03-15,28.389999389648438,24.690462112426758
2023-03-16,28.360000610351562,24.664371490478516
2023-03-17,28.200000762939453,24.525222778320312
2023-03-20,28.040000915527344,24.386072158813477
2023-03-21,28.030000686645508,24.37737464904785
2023-03-22,27.81999969482422,24.194740295410156
2023-03-23,27.860000610351562,24.22952651977539
2023-03-24,28.030000686645508,24.37737464904785
2023-03-27,27.940000534057617,24.299102783203125
2023-03-28,27.84000015258789,24.212133407592773
2023-03-29,27.90999984741211,24.273012161254883
2023-03-30,27.780000686645508,24.15995216369629
2023-03-31,27.8799991607666,24.24692153930664
2023-04-03,27.75,24.133859634399414
2023-04-04,27.639999389648438,24.03819465637207
2023-04-05,27.719999313354492,24.107770919799805
2023-04-06,27.739999771118164,24.125164031982422
2023-04-10,27.899999618530273,24.264314651489258
2023-04-11,27.799999237060547,24.177345275878906
2023-04-12,27.649999618530273,24.046892166137695
2023-04-13,27.520000457763672,23.933834075927734
2023-04-14,27.68000030517578,24.07298469543457
2023-04-17,27.81999969482422,24.194740295410156
2023-04-18,27.719999313354492,24.107770919799805
2023-04-19,27.780000686645508,24.15995216369629
2023-04-20,27.780000686645508,24.15995216369629
2023-04-21,27.75,24.133859634399414
2023-04-24,27.65999984741211,24.05558967590332
2023-04-25,27.790000915527344,24.168651580810547
2023-04-26,27.700000762939453,24.090377807617188
2023-04-27,27.709999084472656,24.09907341003418
2023-04-28,27.75,24.133859634399414
2023-05-01,27.889999389648438,24.255617141723633
2023-05-02,27.81999969482422,24.194740295410156
2023-05-03,27.670000076293945,24.064287185668945
2023-05-04,27.700000762939453,24.090377807617188
2023-05-05,27.65999984741211,24.05558967590332
2023-05-08,27.700000762939453,24.090377807617188
2023-05-09,27.790000915527344,24.168651580810547
2023-05-10,27.739999771118164,24.125164031982422
2023-05-11,27.920000076293945,24.281709671020508
2023-05-12,28.100000381469727,24.43825340270996
2023-05-15,28.020000457763672,24.36867904663086
2023-05-16,28.09000015258789,24.429555892944336
2023-05-17,28.139999389648438,24.473039627075195
2023-05-18,28.350000381469727,24.655675888061523
2023-05-19,28.270000457763672,24.586101531982422
2023-05-22,28.290000915527344,24.60349464416504
2023-05-23,28.3700008392334,24.673070907592773
2023-05-24,28.469999313354492,24.76003646850586
2023-05-25,28.600000381469727,24.873098373413086
2023-05-26,28.59000015258789,24.86440086364746
2023-05-30,28.559999465942383,24.838308334350586
2023-05-31,28.610000610351562,24.881793975830078
2023-06-01,28.270000457763672,24.586101531982422
2023-06-02,28.56999969482422,24.847007751464844
2023-06-05,28.520000457763672,24.803524017333984
2023-06-06,28.610000610351562,24.881793975830078
2023-06-07,28.6200008392334,24.890491485595703
2023-06-08,28.389999389648438,24.690462112426758
2023-06-09,28.479999542236328,24.768735885620117
2023-06-12,28.489999771118164,24.77743148803711
2023-06-13,28.399999618530273,24.69915771484375
2023-06-14,28.260000228881836,24.577404022216797
2023-06-15,28.100000381469727,24.43825340270996
2023-06-16,28.149999618530273,24.481735229492188
2023-06-20,28.229999542236328,24.551313400268555
2023-06-21,28.100000381469727,24.43825340270996
2023-06-22,28.200000762939453,24.525222778320312
2023-06-23,28.350000381469727,24.655675888061523
2023-06-26,28.31999969482422,24.62958526611328
2023-06-27,28.25,24.56870460510254
2023-06-28,28.3799991607666,24.681766510009766
2023-06-29,28.5,24.7861270904541
2023-06-30,28.3799991607666,24.681766510009766
2023-07-03,28.40999984741211,24.707855224609375
2023-07-05,28.540000915527344,24.8209171295166
2023-07-06,28.469999313354492,24.76003646850586
2023-07-07,28.229999542236328,24.551313400268555
2023-07-10,28.15999984741211,24.490432739257812
2023-07-11,28.09000015258789,24.429555892944336
2023-07-12,27.760000228881836,24.142559051513672
2023-07-13,27.56999969482422,23.977317810058594
2023-07-14,27.6200008392334,24.020803451538086
2023-07-17,27.59000015258789,23.99471092224121
2023-07-18,27.610000610351562,24.01210594177246
2023-07-19,27.719999313354492,24.107770919799805
2023-07-20,27.8799991607666,24.24692153930664
2023-07-21,27.959999084472656,24.31649398803711
2023-07-24,28.059999465942383,24.40346336364746
2023-07-25,28.030000686645508,24.37737464904785
2023-07-26,27.950000762939453,24.30780029296875
2023-07-27,28.209999084472656,24.533916473388672
2023-07-28,28.170000076293945,24.49913215637207
2023-07-31,28.219999313354492,24.542613983154297
2023-08-01,28.350000381469727,24.655675888061523
2023-08-02,28.450000762939453,24.742645263671875
2023-08-03,28.43000030517578,24.725250244140625
2023-08-04,28.290000915527344,24.60349464416504
2023-08-07,28.309999465942383,24.620885848999023
2023-08-08,28.440000534057617,24.733945846557617
2023-08-09,28.459999084472656,24.751338958740234
2023-08-10,28.510000228881836,24.794824600219727
2023-08-11,28.56999969482422,24.847007751464844
2023-08-14,28.670000076293945,24.933977127075195
2023-08-15,28.68000030517578,24.942672729492188
2023-08-16,28.760000228881836,25.01224708557129
2023-08-17,28.75,25.003549575805664
2023-08-18,28.770000457763672,25.020946502685547
2023-08-21,28.739999771118164,24.994853973388672
2023-08-22,28.84000015258789,25.081823348999023
2023-08-23,28.739999771118164,24.994853973388672
2023-08-24,28.969999313354492,25.194881439208984
2023-08-25,29.010000228881836,25.22966957092285
2023-08-28,28.959999084472656,25.18618392944336
2023-08-29,28.799999237060547,25.047033309936523
2023-08-30,28.75,25.003549575805664
2023-08-31,28.889999389648438,25.125307083129883
2023-09-01,29.06999969482422,25.281850814819336
2023-09-05,29.219999313354492,25.412303924560547
2023-09-06,29.229999542236328,25.421001434326172
2023-09-07,29.299999237060547,25.48187828063965
2023-09-08,29.329999923706055,25.507970809936523
2023-09-11,29.190000534057617,25.386213302612305
2023-09-12,29.239999771118164,25.429698944091797
2023-09-13,29.260000228881836,25.447092056274414
2023-09-14,29.440000534057617,25.603635787963867
2023-09-15,29.420000076293945,25.58624267578125
2023-09-18,29.3700008392334,25.542757034301758
2023-09-19,29.389999389648438,25.560152053833008
2023-09-20,29.440000534057617,25.603635787963867
2023-09-21,29.459999084472656,25.621028900146484
2023-09-22,29.530000686645508,25.681909561157227
2023-09-25,29.639999389648438,25.77757453918457
2023-09-26,29.729999542236328,25.855846405029297
2023-09-27,29.8700008392334,25.977602005004883
2023-09-28,29.709999084472656,25.838451385498047
2023-09-29,29.729999542236328,25.855846405029297
2023-10-02,29.959999084472656,26.055871963500977
2023-10-03,29.989999771118164,26.08196449279785
2023-10-04,29.899999618530273,26.003692626953125
2023-10-05,29.799999237060547,25.916723251342773
2023-10-06,29.739999771118164,25.86454200744629
2023-10-09,29.729999542236328,25.855846405029297
2023-10-10,29.65999984741211,25.794965744018555
2023-10-11,29.65999984741211,25.794965744018555
2023-10-12,29.90999984741211,26.012388229370117
2023-10-13,29.93000030517578,26.02978515625
2023-10-16,29.799999237060547,25.916723251342773
2023-10-17,29.809999465942383,25.925418853759766
2023-10-18,29.920000076293945,26.021085739135742
2023-10-19,29.829999923706055,25.94281578063965
2023-10-20,29.84000015258789,25.95151138305664
2023-10-23,29.690000534057617,25.82105827331543
2023-10-24,29.860000610351562,25.96890640258789
2023-10-25,29.940000534057617,26.038480758666992
2023-10-26,30.010000228881836,26.09935760498047
2023-10-27,29.969999313354492,26.0645694732666
2023-10-30,29.850000381469727,25.960206985473633
2023-10-31,30.030000686645508,26.11675262451172
2023-11-01,30.040000915527344,26.125450134277344
2023-11-02,29.889999389648438,25.9949951171875
2023-11-03,29.610000610351562,25.751483917236328
2023-11-06,29.639999389648438,25.77757453918457
2023-11-07,29.739999771118164,25.86454200744629
2023-11-08,29.729999542236328,25.855846405029297
2023-11-09,29.860000610351562,25.96890640258789
2023-11-10,29.84000015258789,25.95151138305664
2023-11-13,29.799999237060547,25.916723251342773
2023-11-14,29.329999923706055,25.507970809936523
2023-11-15,29.440000534057617,25.603635787963867
2023-11-16,29.459999084472656,25.621028900146484
2023-11-17,29.299999237060547,25.48187828063965
2023-11-20,29.209999084472656,25.403606414794922
2023-11-21,29.239999771118164,25.429698944091797
2023-11-22,29.34000015258789,25.516666412353516
2023-11-24,29.209999084472656,25.403606414794922
2023-11-27,29.149999618530273,25.351425170898438
2023-11-28,29.049999237060547,25.264455795288086
2023-11-29,29.079999923706055,25.29054832458496
2023-11-30,29.290000915527344,25.47318458557129
2023-12-01,29.200000762939453,25.39491081237793
2023-12-04,29.329999923706055,25.507970809936523
2023-12-05,29.440000534057617,25.603635787963867
2023-12-06,29.510000228881836,25.664514541625977
2023-12-07,29.350000381469727,25.52536392211914
2023-12-08,29.459999084472656,25.621028900146484
2023-12-11,29.5,25.65581703186035
2023-12-12,29.420000076293945,25.58624267578125
2023-12-13,29.170000076293945,25.368820190429688
2023-12-14,28.899999618530273,25.134002685546875
2023-12-15,29.09000015258789,25.299243927001953
2023-12-18,27.34000015258789,25.295543670654297
2023-12-19,27.219999313354492,25.18451690673828
2023-12-20,27.34000015258789,25.295543670654297
2023-12-21,27.15999984741211,25.129003524780273
2023-12-22,27.149999618530273,25.1197509765625
2023-12-26,27.09000015258789,25.064237594604492
2023-12-27,26.950000762939453,24.934709548950195
2023-12-28,27.040000915527344,25.01797866821289
2023-12-29,27.09000015258789,25.064237594604492
2024-01-02,27.31999969482422,25.27703857421875
2024-01-03,27.40999984741211,25.360309600830078
2024-01-04,27.40999984741211,25.360309600830078
2024-01-05,27.40999984741211,25.360309600830078
2024-01-08,27.360000610351562,25.314048767089844
2024-01-09,27.450000762939453,25.39731788635254
2024-01-10,27.399999618530273,25.351057052612305
2024-01-11,27.420000076293945,25.36956024169922
2024-01-12,27.450000762939453,25.39731788635254
2024-01-16,27.690000534057617,25.61937141418457
2024-01-17,27.709999084472656,25.637874603271484
2024-01-18,27.739999771118164,25.665632247924805
2024-01-19,27.700000762939453,25.628623962402344
2024-01-22,27.709999084472656,25.637874603271484
2024-01-23,27.780000686645508,25.702640533447266
2024-01-24,27.700000762939453,25.628623962402344
2024-01-25,27.780000686645508,25.702640533447266
2024-01-26,27.780000686645508,25.702640533447266
2024-01-29,27.780000686645508,25.702640533447266
2024-01-30,27.760000228881836,25.68413734436035
2024-01-31,27.829999923706055,25.7489013671875
2024-02-01,27.690000534057617,25.61937141418457
2024-02-02,27.940000534057617,25.850677490234375
2024-02-05,28.09000015258789,25.989459991455078
2024-02-06,28.010000228881836,25.915441513061523
2024-02-07,27.979999542236328,25.887685775756836
2024-02-08,28.010000228881836,25.915441513061523
2024-02-09,27.989999771118164,25.896936416625977
2024-02-12,28.020000457763672,25.924694061279297
2024-02-13,28.239999771118164,26.12824249267578
2024-02-14,28.190000534057617,26.081981658935547
2024-02-15,28.079999923706055,25.980207443237305
2024-02-16,28.09000015258789,25.989459991455078
2024-02-20,28.049999237060547,25.952449798583984
2024-02-21,28.020000457763672,25.924694061279297
2024-02-22,28.020000457763672,25.924694061279297
2024-02-23,28.040000915527344,25.943199157714844
2024-02-26,27.989999771118164,25.896936416625977
2024-02-27,28.010000228881836,25.915441513061523
2024-02-28,28.030000686645508,25.933948516845703
2024-02-29,28.09000015258789,25.989459991455078
2024-03-01,28.040000915527344,25.943199157714844
2024-03-04,28.040000915527344,25.943199157714844
2024-03-05,28.010000228881836,25.915441513061523
2024-03-06,27.90999984741211,25.822919845581055
2024-03-07,27.770000457763672,25.693389892578125
2024-03-08,27.780000686645508,25.702640533447266
2024-03-11,27.809999465942383,25.730396270751953
2024-03-12,27.829999923706055,25.7489013671875
2024-03-13,27.799999237060547,25.721145629882812
2024-03-14,27.950000762939453,25.85993003845215
2024-03-15,27.979999542236328,25.887685775756836
2024-03-18,28.040000915527344,25.943199157714844
2024-03-19,28.110000610351562,26.007963180541992
2024-03-20,27.979999542236328,25.887685775756836
2024-03-21,28.170000076293945,26.0634765625
2024-03-22,28.31999969482422,26.202259063720703
2024-03-25,28.25,26.137495040893555
2024-03-26,28.270000457763672,26.1560001373291
2024-03-27,28.290000915527344,26.174503326416016
2024-03-28,28.3700008392334,26.24852180480957
2024-04-01,28.479999542236328,26.350296020507812
2024-04-02,28.440000534057617,26.31328773498535
2024-04-03,28.309999465942383,26.193008422851562
2024-04-04,28.309999465942383,26.193008422851562
2024-04-05,28.34000015258789,26.220766067504883
2024-04-08,28.299999237060547,26.18375587463379
2024-04-09,28.290000915527344,26.174503326416016
2024-04-10,28.59000015258789,26.452070236206055
2024-04-11,28.610000610351562,26.4705753326416
2024-04-12,28.84000015258789,26.68337631225586
2024-04-15,28.889999389648438,26.72963523864746
2024-04-16,28.93000030517578,26.766645431518555
2024-04-17,28.84000015258789,26.68337631225586
2024-04-18,28.899999618530273,26.738889694213867
2024-04-19,28.899999618530273,26.738889694213867
2024-04-22,28.90999984741211,26.748140335083008
2024-04-23,28.790000915527344,26.637115478515625
2024-04-24,28.81999969482422,26.664871215820312
2024-04-25,28.760000228881836,26.609357833862305
2024-04-26,28.889999389648438,26.72963523864746
2024-04-29,28.799999237060547,26.646366119384766
2024-04-30,28.979999542236328,26.81290626525879
2024-05-01,28.950000762939453,26.7851505279541
2024-05-02,28.729999542236328,26.581600189208984
2024-05-03,28.649999618530273,26.50758171081543
2024-05-06,28.68000030517578,26.53533935546875
2024-05-07,28.760000228881836,26.609357833862305
2024-05-08,28.799999237060547,26.646366119384766
2024-05-09,28.700000762939453,26.553844451904297
2024-05-10,28.739999771118164,26.590852737426758
2024-05-13,28.729999542236328,26.581600189208984
2024-05-14,28.670000076293945,26.52608871459961
2024-05-15,28.489999771118164,26.359548568725586
2024-05-16,28.559999465942383,26.424312591552734
2024-05-17,28.559999465942383,26.424312591552734
2024-05-20,28.600000381469727,26.461322784423828
2024-05-21,28.600000381469727,26.461322784423828
2024-05-22,28.690000534057617,26.544593811035156
2024-05-23,28.75,26.600107192993164
2024-05-24,28.65999984741211,26.516836166381836
2024-05-28,28.6200008392334,26.479827880859375
2024-05-29,28.780000686645508,26.62786293029785
2024-05-30,28.690000534057617,26.544593811035156
2024-05-31,28.670000076293945,26.52608871459961
2024-06-03,28.520000457763672,26.387304306030273
2024-06-04,28.530000686645508,26.396556854248047
2024-06-05,28.56999969482422,26.43356704711914
2024-06-06,28.530000686645508,26.396556854248047
2024-06-07,28.770000457763672,26.618610382080078
2024-06-10,28.84000015258789,26.68337631225586
2024-06-11,28.8799991607666,26.72038459777832
2024-06-12,28.75,26.600107192993164
2024-06-13,28.860000610351562,26.701879501342773
2024-06-14,28.989999771118164,26.822158813476562
2024-06-17,28.920000076293945,26.75739288330078
2024-06-18,28.90999984741211,26.748140335083008
2024-06-20,29.030000686645508,26.859169006347656
2024-06-21,29.100000381469727,26.923933029174805
2024-06-24,29.0,26.831411361694336
2024-06-25,29.030000686645508,26.859169006347656
2024-06-26,29.170000076293945,26.988697052001953
2024-06-27,29.1299991607666,26.951688766479492
2024-06-28,29.1299991607666,26.951688766479492
2024-07-01,29.139999389648438,26.960941314697266
2024-07-02,29.100000381469727,26.923933029174805
2024-07-03,28.979999542236328,26.81290626525879
2024-07-05,28.8799991607666,26.72038459777832
2024-07-08,28.93000030517578,26.766645431518555
2024-07-09,28.969999313354492,26.803653717041016
2024-07-10,28.940000534057617,26.775897979736328
2024-07-11,28.790000915527344,26.637115478515625
2024-07-12,28.690000534057617,26.544593811035156
2024-07-15,28.739999771118164,26.590852737426758
2024-07-16,28.739999771118164,26.590852737426758
2024-07-17,28.610000610351562,26.4705753326416
2024-07-18,28.739999771118164,26.590852737426758
2024-07-19,28.81999969482422,26.664871215820312
2024-07-22,28.799999237060547,26.646366119384766
2024-07-23,28.850000381469727,26.692628860473633
2024-07-24,28.84000015258789,26.68337631225586
2024-07-25,28.84000015258789,26.68337631225586
2024-07-26,28.81999969482422,26.664871215820312
2024-07-29,28.899999618530273,26.738889694213867
2024-07-30,28.920000076293945,26.75739288330078
2024-07-31,28.760000228881836,26.609357833862305
2024-08-01,28.860000610351562,26.701879501342773
2024-08-02,28.56999969482422,26.43356704711914
2024-08-05,28.40999984741211,26.28553009033203
2024-08-06,28.5,26.368799209594727
2024-08-07,28.559999465942383,26.424312591552734
2024-08-08,28.600000381469727,26.461322784423828
2024-08-09,28.56999969482422,26.43356704711914
2024-08-12,28.56999969482422,26.43356704711914
2024-08-13,28.420000076293945,26.294782638549805
2024-08-14,28.450000762939453,26.322540283203125
2024-08-15,28.549999237060547,26.41506004333496
2024-08-16,28.40999984741211,26.28553009033203
2024-08-19,28.260000228881836,26.146747589111328
2024-08-20,28.15999984741211,26.05422592163086
2024-08-21,28.06999969482422,25.97095489501953
2024-08-22,28.200000762939453,26.09123420715332
2024-08-23,27.959999084472656,25.869178771972656
2024-08-26,28.020000457763672,25.924694061279297
2024-08-27,27.93000030517578,25.84142303466797
2024-08-28,28.09000015258789,25.989459991455078
2024-08-29,28.190000534057617,26.081981658935547
2024-08-30,28.270000457763672,26.1560001373291
2024-09-03,28.31999969482422,26.202259063720703
2024-09-04,28.18000030517578,26.072731018066406
2024-09-05,28.139999389648438,26.03571891784668
2024-09-06,28.18000030517578,26.072731018066406
2024-09-09,28.299999237060547,26.18375587463379
2024-09-10,28.309999465942383,26.193008422851562
2024-09-11,28.34000015258789,26.220766067504883
2024-09-12,28.219999313354492,26.109737396240234
2024-09-13,28.18000030517578,26.072731018066406
2024-09-16,28.09000015258789,25.989459991455078
2024-09-17,28.18000030517578,26.072731018066406
2024-09-18,28.209999084472656,26.100486755371094
2024-09-19,28.09000015258789,25.989459991455078
2024-09-20,28.139999389648438,26.03571891784668
2024-09-23,28.18000030517578,26.072731018066406
2024-09-24,28.020000457763672,25.924694061279297
2024-09-25,28.209999084472656,26.100486755371094
2024-09-26,28.079999923706055,25.980207443237305
2024-09-27,28.06999969482422,25.97095489501953
2024-09-30,28.18000030517578,26.072731018066406
2024-10-01,28.299999237060547,26.18375587463379
2024-10-02,28.420000076293945,26.294782638549805
2024-10-03,28.510000228881836,26.378053665161133
2024-10-04,28.670000076293945,26.52608871459961
2024-10-07,28.690000534057617,26.544593811035156
2024-10-08,28.690000534057617,26.544593811035156
2024-10-09,28.81999969482422,26.664871215820312
2024-10-10,28.809999465942383,26.65561866760254
2024-10-11,28.829999923706055,26.674121856689453
2024-10-14,28.920000076293945,26.75739288330078
2024-10-15,28.940000534057617,26.775897979736328
2024-10-16,29.020000457763672,26.84991455078125
2024-10-17,29.110000610351562,26.933185577392578
2024-10-18,29.030000686645508,26.859169006347656
2024-10-21,29.15999984741211,26.979446411132812
2024-10-22,29.190000534057617,27.0072021484375
2024-10-23,29.290000915527344,27.09972381591797
2024-10-24,29.18000030517578,26.99795150756836
2024-10-25,29.280000686645508,27.090473175048828
2024-10-28,29.280000686645508,27.090473175048828
2024-10-29,29.290000915527344,27.09972381591797
2024-10-30,29.219999313354492,27.034957885742188
2024-10-31,29.200000762939453,27.016454696655273
2024-11-01,29.31999969482422,27.127479553222656
2024-11-04,29.209999084472656,27.025707244873047
2024-11-05,29.09000015258789,26.91468048095703
2024-11-06,29.559999465942383,27.349533081054688
2024-11-07,29.31999969482422,27.127479553222656
2024-11-08,29.520000457763672,27.31252670288086
2024-11-11,29.690000534057617,27.46981430053711
2024-11-12,29.81999969482422,27.590091705322266
2024-11-13,29.989999771118164,27.747379302978516
2024-11-14,30.110000610351562,27.858407974243164
2024-11-15,30.079999923706055,27.830650329589844
2024-11-18,29.93000030517578,27.69186782836914
2024-11-19,29.920000076293945,27.682613372802734
2024-11-20,30.06999969482422,27.821395874023438
2024-11-21,30.170000076293945,27.91391944885254
2024-11-22,30.329999923706055,28.061954498291016
2024-11-25,30.1200008392334,27.867658615112305
2024-11-26,30.15999984741211,27.904666900634766
2024-11-27,29.899999618530273,27.66411018371582
2024-11-29,29.850000381469727,27.617849349975586
2024-12-02,30.030000686645508,27.78438949584961
2024-12-03,30.020000457763672,27.775136947631836
2024-12-04,30.010000228881836,27.76588249206543
2024-12-05,29.850000381469727,27.617849349975586
2024-12-06,29.93000030517578,27.69186782836914
2024-12-09,29.979999542236328,27.738126754760742
2024-12-10,30.049999237060547,27.802892684936523
2024-12-11,30.149999618530273,27.895414352416992
2024-12-12,30.25,27.98793601989746
2024-12-13,30.260000228881836,27.997190475463867
2024-12-16,30.209999084472656,27.950927734375
2024-12-17,30.239999771118164,27.97868537902832
2024-12-18,30.59000015258789,28.302513122558594
2024-12-19,30.649999618530273,28.3580265045166
2024-12-20,30.5,28.219242095947266
2024-12-23,29.290000915527344,28.322710037231445
2024-12-24,29.3700008392334,28.400068283081055
2024-12-26,29.309999465942383,28.34204864501953
2024-12-27,29.260000228881836,28.293699264526367
2024-12-30,29.290000915527344,28.322710037231445
2024-12-31,29.420000076293945,28.448415756225586
2025-01-02,29.670000076293945,28.690160751342773
2025-01-03,29.579999923706055,28.603132247924805
2025-01-06,29.389999389648438,28.41940689086914
2025-01-07,29.5,28.525774002075195
2025-01-08,29.610000610351562,28.63214111328125
2025-01-10,29.760000228881836,28.77718734741211
2025-01-13,29.850000381469727,28.864215850830078
2025-01-14,29.65999984741211,28.680490493774414
2025-01-15,29.610000610351562,28.63214111328125
2025-01-16,29.610000610351562,28.63214111328125
2025-01-17,29.719999313354492,28.738508224487305
2025-01-21,29.34000015258789,28.371057510375977
2025-01-22,29.389999389648438,28.41940689086914
2025-01-23,29.3799991607666,28.40973663330078
2025-01-24,29.200000762939453,28.235681533813477
2025-01-27,29.209999084472656,28.245349884033203
2025-01-28,29.329999923706055,28.361387252807617
2025-01-29,29.389999389648438,28.41940689086914
2025-01-30,29.389999389648438,28.41940689086914
2025-01-31,29.510000228881836,28.535444259643555
2025-02-03,29.639999389648438,28.661149978637695
2025-02-04,29.3700008392334,28.400068283081055
2025-02-05,29.31999969482422,28.35171890258789
2025-02-06,29.299999237060547,28.332378387451172
2025-02-07,29.43000030517578,28.458086013793945
2025-02-10,29.520000457763672,28.545114517211914
2025-02-11,29.420000076293945,28.448415756225586
2025-02-12,29.440000534057617,28.467756271362305
2025-02-13,29.200000762939453,28.235681533813477
2025-02-14,29.1200008392334,28.158323287963867
2025-02-18,29.18000030517578,28.21634292602539
2025-02-19,29.209999084472656,28.245349884033203
2025-02-20,28.979999542236328,28.022947311401367
2025-02-21,29.079999923706055,28.119644165039062
2025-02-24,29.100000381469727,28.13898468017578
2025-02-25,28.989999771118164,28.032615661621094
2025-02-26,29.049999237060547,28.090635299682617
2025-02-27,29.260000228881836,28.293699264526367
2025-02-28,29.389999389648438,28.41940689086914
2025-03-03,29.110000610351562,28.14865493774414
2025-03-04,28.850000381469727,27.897239685058594
2025-03-05,28.5,27.55879783630371
2025-03-06,28.479999542236328,27.539459228515625
2025-03-07,28.389999389648438,27.452430725097656
2025-03-10,28.40999984741211,27.471771240234375
2025-03-11,28.25,27.317054748535156
2025-03-12,28.31999969482422,27.384742736816406
2025-03-13,28.420000076293945,27.481441497802734
2025-03-14,28.389999389648438,27.452430725097656
2025-03-17,28.280000686645508,27.346065521240234
2025-03-18,28.260000228881836,27.326725006103516
2025-03-19,28.329999923706055,27.394412994384766
2025-03-20,28.40999984741211,27.471771240234375
2025-03-21,28.5,27.55879783630371
2025-03-24,28.549999237060547,27.607147216796875
2025-03-25,28.520000457763672,27.57813835144043
2025-03-26,28.649999618530273,27.70384407043457
2025-03-27,28.559999465942383,27.616817474365234
2025-03-28,28.510000228881836,27.56846809387207
2025-03-31,28.540000915527344,27.59747886657715
2025-04-01,28.56999969482422,27.62648582458496
2025-04-02,28.450000762939453,27.51045036315918
2025-04-03,27.950000762939453,27.026962280273438
2025-04-04,28.260000228881836,27.326725006103516
2025-04-07,28.3799991607666,27.442760467529297
2025-04-08,28.25,27.317054748535156
2025-04-09,28.290000915527344,27.35573387145996
2025-04-10,27.700000762939453,26.785219192504883
2025-04-11,27.450000762939453,26.543476104736328
2025-04-14,27.360000610351562,26.45644760131836
2025-04-15,27.510000228881836,26.60149383544922
2025-04-16,27.280000686645508,26.37908935546875
2025-04-17,27.299999237060547,26.398427963256836
2025-04-21,27.040000915527344,26.147014617919922
2025-04-22,27.190000534057617,26.29206085205078
2025-04-23,27.440000534057617,26.53380584716797
2025-04-24,27.31999969482422,26.417766571044922
2025-04-25,27.389999389648438,26.485454559326172
2025-04-28,27.219999313354492,26.321069717407227
2025-04-29,27.309999465942383,26.408098220825195
2025-04-30,27.40999984741211,26.50479507446289
2025-05-01,27.56999969482422,26.65951156616211
2025-05-02,27.530000686645508,26.620832443237305
2025-05-05,27.479999542236328,26.57248306274414
2025-05-06,27.309999465942383,26.408098220825195
2025-05-07,27.510000228881836,26.60149383544922
2025-05-08,27.739999771118164,26.823896408081055
2025-05-09,27.65999984741211,26.746540069580078
2025-05-12,28.049999237060547,27.123659133911133
2025-05-13,27.809999465942383,26.891584396362305
2025-05-14,27.8700008392334,26.949604034423828
2025-05-15,27.799999237060547,26.881916046142578
2025-05-16,27.8799991607666,26.959272384643555
2025-05-19,27.690000534057617,26.775548934936523
2025-05-20,27.610000610351562,26.698190689086914
2025-05-21,27.489999771118164,26.5821533203125
2025-05-22,27.56999969482422,26.65951156616211
2025-05-23,27.3700008392334,26.46611785888672
2025-05-27,27.520000457763672,26.611164093017578
2025-05-28,27.610000610351562,26.698190689086914
2025-05-29,27.459999084472656,26.553142547607422
2025-05-30,27.450000762939453,26.543476104736328
2025-06-02,27.260000228881836,26.35974884033203
2025-06-03,27.440000534057617,26.53380584716797
2025-06-04,27.31999969482422,26.417766571044922
2025-06-05,27.299999237060547,26.398427963256836
2025-06-06,27.440000534057617,26.53380584716797
2025-06-09,27.3700008392334,26.46611785888672
2025-06-10,27.399999618530273,26.49512481689453
2025-06-11,27.299999237060547,26.398427963256836
2025-06-12,27.100000381469727,26.205034255981445
2025-06-13,27.170000076293945,26.272722244262695
2025-06-16,27.200000762939453,26.30173110961914
2025-06-17,27.3799991607666,26.475786209106445
2025-06-18,27.43000030517578,26.52413558959961
2025-06-20,27.399999618530273,26.49512481689453
2025-06-23,27.290000915527344,26.38875961303711
2025-06-24,27.149999618530273,26.253381729125977
2025-06-25,27.079999923706055,26.185693740844727
2025-06-26,26.969999313354492,26.07932472229004
2025-06-27,27.020000457763672,26.127676010131836
2025-06-30,26.8799991607666,25.992298126220703
2025-07-01,26.8700008392334,25.982629776000977
2025-07-02,26.850000381469727,25.963289260864258
2025-07-03,26.979999542236328,26.0889949798584
2025-07-07,27.06999969482422,26.176023483276367
2025-07-08,27.09000015258789,26.195363998413086
2025-07-09,27.09000015258789,26.195363998413086
2025-07-10,27.139999389648438,26.243711471557617
2025-07-11,27.219999313354492,26.321069717407227
2025-07-14,27.290000915527344,26.38875961303711
2025-07-15,27.440000534057617,26.53380584716797
2025-07-16,27.34000015258789,26.43710708618164
2025-07-17,27.459999084472656,26.553142547607422
2025-07-18,27.420000076293945,26.51446533203125
2025-07-21,27.239999771118164,26.340410232543945
2025-07-22,27.100000381469727,26.205034255981445
2025-07-23,27.059999465942383,26.166353225708008
2025-07-24,27.1299991607666,26.234041213989258
2025-07-25,27.190000534057617,26.29206085205078
2025-07-28,27.5,26.59182357788086
2025-07-29,27.56999969482422,26.65951156616211
2025-07-30,27.84000015258789,26.920595169067383
2025-07-31,27.899999618530273,26.978612899780273
2025-08-01,27.56999969482422,26.65951156616211
2025-08-04,27.559999465942383,26.64984130859375
2025-08-05,27.559999465942383,26.64984130859375
2025-08-06,27.399999618530273,26.49512481689453
2025-08-07,27.3799991607666,26.475786209106445
2025-08-08,27.43000030517578,26.52413558959961
2025-08-11,27.540000915527344,26.630502700805664
2025-08-12,27.399999618530273,26.49512481689453
2025-08-13,27.329999923706055,26.42743682861328
2025-08-14,27.43000030517578,26.52413558959961
2025-08-15,27.34000015258789,26.43710708618164
2025-08-18,27.40999984741211,26.50479507446289
2025-08-19,27.479999542236328,26.57248306274414
2025-08-20,27.459999084472656,26.553142547607422
2025-08-21,27.600000381469727,26.688520431518555
2025-08-22,27.329999923706055,26.42743682861328
2025-08-25,27.549999237060547,26.64017105102539
2025-08-26,27.479999542236328,26.57248306274414
2025-08-27,27.489999771118164,26.5821533203125
2025-08-28,27.389999389648438,26.485454559326172
2025-08-29,27.3700008392334,26.46611785888672
2025-09-02,27.549999237060547,26.64017105102539
2025-09-03,27.5,26.59182357788086
2025-09-04,27.540000915527344,26.630502700805664
2025-09-05,27.399999618530273,26.49512481689453
2025-09-08,27.309999465942383,26.408098220825195
2025-09-09,27.420000076293945,26.51446533203125
2025-09-10,27.440000534057617,26.53380584716797
2025-09-11,27.350000381469727,26.44677734375
2025-09-12,27.389999389648438,26.485454559326172
2025-09-15,27.299999237060547,26.398427963256836
2025-09-16,27.1299991607666,26.234041213989258
2025-09-17,27.219999313354492,26.321069717407227
2025-09-18,27.350000381469727,26.44677734375
2025-09-19,27.43000030517578,26.52413558959961
2025-09-22,27.329999923706055,26.42743682861328
2025-09-23,27.309999465942383,26.408098220825195
2025-09-24,27.510000228881836,26.60149383544922
2025-09-25,27.700000762939453,26.785219192504883
2025-09-26,27.600000381469727,26.688520431518555
2025-09-29,27.540000915527344,26.630502700805664
2025-09-30,27.510000228881836,26.60149383544922
2025-10-01,27.5,26.59182357788086
2025-10-02,27.540000915527344,26.630502700805664
2025-10-03,27.489999771118164,26.5821533203125
2025-10-06,27.6200008392334,26.707860946655273
2025-10-07,27.780000686645508,26.862577438354492
2025-10-08,27.84000015258789,26.920595169067383
2025-10-09,28.030000686645508,27.104320526123047
2025-10-10,27.889999389648438,26.968942642211914
2025-10-13,27.989999771118164,27.065641403198242
2025-10-14,27.90999984741211,26.988283157348633
2025-10-15,27.829999923706055,26.910924911499023
2025-10-16,27.719999313354492,26.80455780029297
2025-10-17,27.75,26.833566665649414
2025-10-20,27.81999969482422,26.901254653930664
2025-10-21,27.93000030517578,27.00762367248535
2025-10-22,27.899999618530273,26.978612899780273
2025-10-23,27.90999984741211,26.988283157348633
2025-10-24,27.90999984741211,26.988283157348633
2025-10-27,27.8799991607666,26.959272384643555
2025-10-28,27.860000610351562,26.9399356842041
2025-10-29,28.020000457763672,27.094650268554688
2025-10-30,28.1299991607666,27.201017379760742
2025-10-31,28.209999084472656,27.27837562561035
2025-11-03,28.229999542236328,27.297714233398438
2025-11-04,28.31999969482422,27.384742736816406
2025-11-05,28.329999923706055,27.394412994384766
2025-11-06,28.18000030517578,27.249366760253906
2025-11-07,28.15999984741211,27.230026245117188
2025-11-10,28.18000030517578,27.249366760253906
2025-11-11,28.139999389648438,27.2106876373291
2025-11-12,28.149999618530273,27.220355987548828
2025-11-13,28.06999969482422,27.14299964904785
2025-11-14,28.110000610351562,27.181678771972656
2025-11-17,28.18000030517578,27.249366760253906
2025-11-18,28.209999084472656,27.27837562561035
2025-11-19,28.389999389648438,27.452430725097656
2025-11-20,28.40999984741211,27.471771240234375
2025-11-21,28.389999389648438,27.452430725097656
2025-11-24,28.389999389648438,27.452430725097656
2025-11-25,28.309999465942383,27.375072479248047
2025-11-26,28.229999542236328,27.297714233398438
2025-11-28,28.209999084472656,27.27837562561035
2025-12-01,28.200000762939453,27.268707275390625
2025-12-02,28.190000534057617,27.259037017822266
2025-12-03,28.049999237060547,27.123659133911133
2025-12-04,28.110000610351562,27.181678771972656
2025-12-05,28.079999923706055,27.152667999267578
2025-12-08,28.1200008392334,27.191349029541016
2025-12-09,28.15999984741211,27.230026245117188
2025-12-10,28.010000228881836,27.084980010986328
2025-12-11,27.90999984741211,26.988283157348633
2025-12-12,27.950000762939453,27.026962280273438
2025-12-15,27.93000030517578,27.00762367248535
2025-12-16,27.899999618530273,26.978612899780273
2025-12-17,27.959999084472656,27.036630630493164
2025-12-18,27.979999542236328,27.055971145629883
2025-12-19,28.06999969482422,27.14299964904785
2025-12-22,27.030000686645508,27.030000686645508
2025-12-23,26.940000534057617,26.940000534057617
2025-12-24,26.950000762939453,26.950000762939453
2025-12-26,26.969999313354492,26.969999313354492
2025-12-29,26.979999542236328,26.979999542236328
2025-12-30,27.049999237060547,27.049999237060547
2025-12-31,27.030000686645508,27.030000686645508
2026-01-02,27.110000610351562,27.110000610351562
2026-01-05,27.06999969482422,27.06999969482422
2026-01-06,27.15999984741211,27.15999984741211
2026-01-07,27.200000762939453,27.200000762939453
2026-01-08,27.270000457763672,27.270000457763672
2026-01-09,27.329999923706055,27.329999923706055
2026-01-12,27.280000686645508,27.280000686645508
2026-01-13,27.350000381469727,27.350000381469727
2026-01-14,27.329999923706055,27.329999923706055
2026-01-15,27.43000030517578,27.43000030517578
2026-01-16,27.43000030517578,27.43000030517578
2026-01-20,27.209999084472656,27.209999084472656
2026-01-21,27.270000457763672,27.270000457763672
2026-01-22,27.149999618530273,27.149999618530273
2026-01-23,26.90999984741211,26.90999984741211
2026-01-26,26.780000686645508,26.780000686645508
2026-01-27,26.469999313354492,26.469999313354492
2026-01-28,26.6299991607666,26.6299991607666
2026-01-29,26.59000015258789,26.59000015258789
2026-01-30,26.850000381469727,26.850000381469727
2026-02-02,26.989999771118164,26.989999771118164
2026-02-03,26.920000076293945,26.920000076293945
2026-02-04,27.010000228881836,27.010000228881836
2026-02-05,27.09000015258789,27.09000015258789
2026-02-06,27.010000228881836,27.010000228881836
2026-02-09,26.790000915527344,26.790000915527344
2026-02-10,26.799999237060547,26.799999237060547
2026-02-11,26.829999923706055,26.829999923706055
2026-02-12,26.81999969482422,26.81999969482422
2026-02-13,26.81999969482422,26.81999969482422
2026-02-17,26.90999984741211,26.90999984741211
2026-02-18,27.079999923706055,27.079999923706055
2026-02-19,27.1200008392334,27.1200008392334
2026-02-20,27.09000015258789,27.09000015258789
2026-02-23,27.09000015258789,27.09000015258789
2026-02-24,27.110000610351562,27.110000610351562
2026-02-25,27.079999923706055,27.079999923706055
2026-02-26,27.100000381469727,27.100000381469727
2026-02-27,27.079999923706055,27.079999923706055
2026-03-02,27.329999923706055,27.329999923706055
2026-03-03,27.459999084472656,27.459999084472656
2026-03-04,27.40999984741211,27.40999984741211
2026-03-05,27.479999542236328,27.479999542236328
2026-03-06,27.469999313354492,27.469999313354492
2026-03-09,27.459999084472656,27.459999084472656
2026-03-10,27.450000762939453,27.450000762939453
2026-03-11,27.549999237060547,27.549999237060547
2026-03-12,27.68000030517578,27.68000030517578
2026-03-13,27.889999389648438,27.889999389648438
2026-03-16,27.729999542236328,27.729999542236328
2026-03-17,27.68000030517578,27.68000030517578
2026-03-18,27.850000381469727,27.850000381469727
2026-03-19,27.579999923706055,27.579999923706055
2026-03-20,27.68000030517578,27.68000030517578
2026-03-23,27.559999465942383,27.559999465942383
2026-03-24,27.649999618530273,27.649999618530273
2026-03-25,27.700000762939453,27.700000762939453
2026-03-26,27.809999465942383,27.809999465942383
2026-03-27,27.84000015258789,27.84000015258789
2026-03-30,27.979999542236328,27.979999542236328
2026-03-31,27.780000686645508,27.780000686645508
2026-04-01,27.729999542236328,27.729999542236328
2026-04-02,27.860000610351562,27.860000610351562
2026-04-06,27.829999923706055,27.829999923706055
2026-04-07,27.75,27.75
2026-04-08,27.530000686645508,27.530000686645508
2026-04-09,27.479999542236328,27.479999542236328
2026-04-10,27.440000534057617,27.440000534057617
2026-04-13,27.3799991607666,27.3799991607666
2026-04-14,27.31999969482422,27.31999969482422
2026-04-15,27.290000915527344,27.290000915527344
2026-04-16,27.3700008392334,27.3700008392334
2026-04-17,27.360000610351562,27.360000610351562
2026-04-20,27.31999969482422,27.31999969482422
2026-04-21,27.469999313354492,27.469999313354492
2026-04-22,27.479999542236328,27.479999542236328
2026-04-23,27.530000686645508,27.530000686645508
2026-04-24,27.479999542236328,27.479999542236328
2026-04-27,27.450000762939453,27.450000762939453
2026-04-28,27.530000686645508,27.530000686645508
2026-04-29,27.610000610351562,27.610000610351562
2026-04-30,27.360000610351562,27.360000610351562
2026-05-01,27.40999984741211,27.40999984741211
2026-05-04,27.479999542236328,27.479999542236328
2026-05-05,27.5,27.5
2026-05-06,27.350000381469727,27.350000381469727
2026-05-07,27.40999984741211,27.40999984741211
2026-05-08,27.34000015258789,27.34000015258789
2026-05-11,27.350000381469727,27.350000381469727
2026-05-12,27.450000762939453,27.450000762939453
2026-05-13,27.510000228881836,27.510000228881836
2026-05-14,27.6200008392334,27.6200008392334
2026-05-15,27.770000457763672,27.770000457763672
2026-05-18,27.700000762939453,27.700000762939453
2026-05-19,27.790000915527344,27.790000915527344
2026-05-20,27.729999542236328,27.729999542236328
2026-05-21,27.729999542236328,27.729999542236328
2026-05-22,27.770000457763672,27.770000457763672
2026-05-26,27.75,27.75
2026-05-27,27.75,27.75
2026-05-28,27.700000762939453,27.700000762939453
2026-05-29,27.65999984741211,27.65999984741211
2026-06-01,27.760000228881836,27.760000228881836
2026-06-02,27.760000228881836,27.760000228881836
2026-06-03,27.860000610351562,27.860000610351562
2026-06-04,27.84000015258789,27.84000015258789
2026-06-05,28.020000457763672,28.020000457763672
2026-06-08,28.030000686645508,28.030000686645508
2026-06-09,28.010000228881836,28.010000228881836
2026-06-10,28.049999237060547,28.049999237060547
2026-06-11,27.950000762939453,27.950000762939453
2026-06-12,27.950000762939453,27.950000762939453
2026-06-15,27.969999313354492,27.969999313354492
2026-06-16,27.93000030517578,27.93000030517578
2026-06-17,28.18000030517578,28.18000030517578
2026-06-18,28.299999237060547,28.299999237060547
2026-06-22,28.360000610351562,28.360000610351562
2026-06-23,28.450000762939453,28.450000762939453
2026-06-24,28.530000686645508,28.530000686645508
2026-06-25,28.479999542236328,28.479999542236328
2026-06-26,28.459999084472656,28.459999084472656
2026-06-29,28.3700008392334,28.3700008392334
2026-06-30,28.40999984741211,28.40999984741211
2026-07-01,28.489999771118164,28.489999771118164
2026-07-02,28.34000015258789,28.34000015258789
2026-07-06,28.31999969482422,28.31999969482422
2026-07-07,28.399999618530273,28.399999618530273
2026-07-08,28.360000610351562,28.360000610351562
2026-07-09,28.360000610351562,28.360000610351562
2026-07-10,28.389999389648438,28.389999389648438
2026-07-13,28.5,28.5
2026-07-14,28.389999389648438,28.389999389648438
2026-07-15,28.25,28.25
2026-07-16,28.34000015258789,28.34000015258789
2026-07-17,28.329999923706055,28.329999923706055
2026-07-20,28.389999389648438,28.389999389648438
2026-07-21,28.479999542236328,28.479999542236328
2026-07-22,28.450000762939453,28.450000762939453
2026-07-23,28.559999465942383,28.559999465942383
2026-07-24,28.579999923706055,28.579999923706055
2026-07-27,28.600000381469727,28.600000381469727
2026-07-28,28.579999923706055,28.579999923706055
2026-07-29,28.420000076293945,28.420000076293945
2026-07-30,28.139999389648438,28.139999389648438
2026-07-31,28.170000076293945,28.170000076293945
2026-08-03,28.170000076293945,28.170000076293945
2026-08-04,28.15999984741211,28.15999984741211
2026-08-05,28.09000015258789,28.09000015258789
2026-08-06,28.190000534057617,28.190000534057617
2026-08-07,28.06999969482422,28.06999969482422
2026-08-10,28.139999389648438,28.139999389648438
2026-08-11,28.139999389648438,28.139999389648438
2026-08-12,28.200000762939453,28.200000762939453
2026-08-13,28.18000030517578,28.18000030517578
2026-08-14,28.110000610351562,28.110000610351562
2026-08-17,28.100000381469727,28.100000381469727
2026-08-18,28.139999389648438,28.139999389648438
2026-08-19,27.8799991607666,27.8799991607666
2026-08-20,27.90999984741211,27.90999984741211
2026-08-21,27.899999618530273,27.899999618530273
2026-08-24,27.959999084472656,27.959999084472656
2026-08-25,27.940000534057617,27.940000534057617
2026-08-26,28.020000457763672,28.020000457763672
2026-08-27,28.020000457763672,28.020000457763672
2026-08-28,28.18000030517578,28.18000030517578
2026-08-31,28.1200008392334,28.1200008392334
