date,close,adjusted_close
2011-01-03,19.360000610351562,14.108526229858398
2011-01-04,19.229999542236328,14.013790130615234
2011-01-05,19.274999618530273,14.046587944030762
2011-01-06,19.174999237060547,13.973710060119629
2011-01-07,19.155000686645508,13.959135055541992
2011-01-10,19.18000030517578,13.977351188659668
2011-01-11,19.334999084472656,14.090310096740723
2011-01-12,19.524999618530273,14.228774070739746
2011-01-13,19.354999542236328,14.104887008666992
2011-01-14,19.399999618530273,14.137681007385254
2011-01-18,19.5049991607666,14.214195251464844
2011-01-19,19.05500030517578,13.886259078979492
2011-01-20,18.78499984741211,13.689496040344238
2011-01-21,18.739999771118164,13.656705856323242
2011-01-24,18.940000534057617,13.802452087402344
2011-01-25,18.96500015258789,13.820672035217285
2011-01-26,19.364999771118164,14.112168312072754
2011-01-27,19.204999923706055,13.995576858520508
2011-01-28,18.905000686645508,13.776945114135742
2011-01-31,19.219999313354492,14.006500244140625
2011-02-01,19.735000610351562,14.381804466247559
2011-02-02,19.700000762939453,14.356304168701172
2011-02-03,19.78499984741211,14.418242454528809
2011-02-04,19.790000915527344,14.421895027160645
2011-02-07,19.895000457763672,14.498411178588867
2011-02-08,19.959999084472656,14.54577350616455
2011-02-09,19.780000686645508,14.41460132598877
2011-02-10,19.815000534057617,14.440109252929688
2011-02-11,19.924999237060547,14.520270347595215
2011-02-14,20.139999389648438,14.676948547363281
2011-02-15,19.90999984741211,14.5093412399292
2011-02-16,20.170000076293945,14.698816299438477
2011-02-17,20.350000381469727,14.829989433288574
2011-02-18,20.125,14.666016578674316
2011-02-22,19.479999542236328,14.195980072021484
2011-02-23,19.334999084472656,14.090310096740723
2011-02-24,19.235000610351562,14.017431259155273
2011-02-25,19.520000457763672,14.22513198852539
2011-02-28,19.729999542236328,14.378165245056152
2011-03-01,19.2450008392334,14.024724006652832
2011-03-02,19.315000534057617,14.075737953186035
2011-03-03,19.704999923706055,14.359946250915527
2011-03-04,19.524999618530273,14.228774070739746
2011-03-07,19.190000534057617,13.984642028808594
2011-03-08,19.40999984741211,14.144966125488281
2011-03-09,19.094999313354492,13.915411949157715
2011-03-10,18.68000030517578,13.612981796264648
2011-03-11,18.954999923706055,13.813392639160156
2011-03-14,18.885000228881836,13.762374877929688
2011-03-15,18.885000228881836,13.762374877929688
2011-03-16,18.5049991607666,13.485450744628906
2011-03-17,18.834999084472656,13.725936889648438
2011-03-18,18.864999771118164,13.793206214904785
2011-03-21,19.190000534057617,14.030827522277832
2011-03-22,19.145000457763672,13.99792766571045
2011-03-23,19.424999237060547,14.202649116516113
2011-03-24,19.510000228881836,14.264802932739258
2011-03-25,19.614999771118164,14.341562271118164
2011-03-28,19.524999618530273,14.27576732635498
2011-03-29,19.729999542236328,14.425651550292969
2011-03-30,19.934999465942383,14.575535774230957
2011-03-31,20.010000228881836,14.630376815795898
2011-04-01,20.084999084472656,14.685211181640625
2011-04-04,20.21500015258789,14.78026008605957
2011-04-05,20.454999923706055,14.95573902130127
2011-04-06,20.28499984741211,14.831438064575195
2011-04-07,20.2450008392334,14.802191734313965
2011-04-08,20.100000381469727,14.696178436279297
2011-04-11,19.875,14.531662940979004
2011-04-12,19.604999542236328,14.334256172180176
2011-04-13,19.489999771118164,14.250176429748535
2011-04-14,19.549999237060547,14.294045448303223
2011-04-15,19.68000030517578,14.3890962600708
2011-04-18,19.405000686645508,14.188028335571289
2011-04-19,19.75,14.440269470214844
2011-04-20,20.010000228881836,14.630376815795898
2011-04-21,20.225000381469727,14.787574768066406
2011-04-25,20.06999969482422,14.674248695373535
2011-04-26,20.295000076293945,14.83875560760498
2011-04-27,20.360000610351562,14.886277198791504
2011-04-28,20.354999542236328,14.8826265335083
2011-04-29,20.434999465942383,14.94111156463623
2011-05-02,20.290000915527344,14.835100173950195
2011-05-03,20.104999542236328,14.699833869934082
2011-05-04,19.75,14.440269470214844
2011-05-05,19.514999389648438,14.268452644348145
2011-05-06,19.674999237060547,14.385437965393066
2011-05-09,19.959999084472656,14.5938138961792
2011-05-10,20.1299991607666,14.718117713928223
2011-05-11,19.594999313354492,14.326947212219238
2011-05-12,19.575000762939453,14.312322616577148
2011-05-13,19.325000762939453,14.129532814025879
2011-05-16,19.2549991607666,14.078352928161621
2011-05-17,19.030000686645508,13.913839340209961
2011-05-18,19.454999923706055,14.224584579467773
2011-05-19,19.450000762939453,14.220926284790039
2011-05-20,19.2549991607666,14.078352928161621
2011-05-23,19.05500030517578,13.932121276855469
2011-05-24,19.149999618530273,14.001582145690918
2011-05-25,19.420000076293945,14.198995590209961
2011-05-26,19.46500015258789,14.231902122497559
2011-05-27,19.674999237060547,14.385437965393066
2011-05-31,19.875,14.531662940979004
2011-06-01,19.2549991607666,14.078352928161621
2011-06-02,19.28499984741211,14.100289344787598
2011-06-03,19.040000915527344,13.921157836914062
2011-06-06,18.850000381469727,13.782238006591797
2011-06-07,18.920000076293945,13.833420753479004
2011-06-08,18.725000381469727,13.690839767456055
2011-06-09,19.03499984741211,13.917496681213379
2011-06-10,18.795000076293945,13.742024421691895
2011-06-13,18.684999465942383,13.661595344543457
2011-06-14,19.045000076293945,13.924808502197266
2011-06-15,18.604999542236328,13.60309886932373
2011-06-16,18.424999237060547,13.471494674682617
2011-06-17,18.31999969482422,13.469661712646484
2011-06-20,18.475000381469727,13.583619117736816
2011-06-21,18.950000762939453,13.932865142822266
2011-06-22,18.8700008392334,13.874045372009277
2011-06-23,18.854999542236328,13.863015174865723
2011-06-24,18.735000610351562,13.774787902832031
2011-06-27,18.774999618530273,13.804194450378418
2011-06-28,19.139999389648438,14.072561264038086
2011-06-29,19.44499969482422,14.296804428100586
2011-06-30,19.684999465942383,14.473265647888184
2011-07-01,19.864999771118164,14.605611801147461
2011-07-05,19.889999389648438,14.62398624420166
2011-07-06,19.969999313354492,14.682807922363281
2011-07-07,20.270000457763672,14.90338134765625
2011-07-08,20.114999771118164,14.789420127868652
2011-07-11,19.709999084472656,14.49164867401123
2011-07-12,19.6299991607666,14.432823181152344
2011-07-13,19.799999237060547,14.557820320129395
2011-07-14,19.610000610351562,14.418118476867676
2011-07-15,19.78499984741211,14.54678726196289
2011-07-18,19.549999237060547,14.374008178710938
2011-07-19,19.844999313354492,14.590904235839844
2011-07-20,19.829999923706055,14.579872131347656
2011-07-21,20.06999969482422,14.756340026855469
2011-07-22,19.975000381469727,14.68648910522461
2011-07-25,19.924999237060547,14.649724006652832
2011-07-26,19.709999084472656,14.49164867401123
2011-07-27,19.260000228881836,14.160788536071777
2011-07-28,19.219999313354492,14.131373405456543
2011-07-29,19.0049991607666,13.973301887512207
2011-08-01,18.940000534057617,13.925505638122559
2011-08-02,18.354999542236328,13.495391845703125
2011-08-03,18.450000762939453,13.565240859985352
2011-08-04,17.200000762939453,12.646188735961914
2011-08-05,17.15999984741211,12.616776466369629
2011-08-08,15.904999732971191,11.694047927856445
2011-08-09,16.885000228881836,12.414580345153809
2011-08-10,16.30500030517578,11.988141059875488
2011-08-11,17.110000610351562,12.580013275146484
2011-08-12,17.219999313354492,12.660888671875
2011-08-15,17.4950008392334,12.863082885742188
2011-08-16,17.21500015258789,12.65721607208252
2011-08-17,17.264999389648438,12.69397258758545
2011-08-18,16.260000228881836,11.955057144165039
2011-08-19,16.0,11.763891220092773
2011-08-22,16.0,11.763891220092773
2011-08-23,16.565000534057617,12.179304122924805
2011-08-24,16.799999237060547,12.352086067199707
2011-08-25,16.614999771118164,12.216070175170898
2011-08-26,16.96500015258789,12.473407745361328
2011-08-29,17.479999542236328,12.852051734924316
2011-08-30,17.625,12.958659172058105
2011-08-31,17.670000076293945,12.991751670837402
2011-09-01,17.43000030517578,12.815292358398438
2011-09-02,16.985000610351562,12.488109588623047
2011-09-06,16.895000457763672,12.4219388961792
2011-09-07,17.3799991607666,12.778532028198242
2011-09-08,17.149999618530273,12.609418869018555
2011-09-09,16.584999084472656,12.194007873535156
2011-09-12,16.475000381469727,12.113136291503906
2011-09-13,16.7450008392334,12.311653137207031
2011-09-14,17.0049991607666,12.502808570861816
2011-09-15,17.295000076293945,12.716032981872559
2011-09-16,17.260000228881836,12.757798194885254
2011-09-19,17.0049991607666,12.569306373596191
2011-09-20,16.80500030517578,12.421483039855957
2011-09-21,16.045000076293945,11.859724044799805
2011-09-22,15.145000457763672,11.194486618041992
2011-09-23,15.119999885559082,11.176007270812988
2011-09-26,15.604999542236328,11.534496307373047
2011-09-27,15.930000305175781,11.774723052978516
2011-09-28,15.225000381469727,11.253618240356445
2011-09-29,15.239999771118164,11.264704704284668
2011-09-30,14.680000305175781,10.85077953338623
2011-10-03,14.265000343322754,10.544032096862793
2011-10-04,14.819999694824219,10.954261779785156
2011-10-05,15.40999984741211,11.390363693237305
2011-10-06,15.800000190734863,11.678633689880371
2011-10-07,15.5600004196167,11.501235961914062
2011-10-10,16.21500015258789,11.985377311706543
2011-10-11,16.235000610351562,12.000164031982422
2011-10-12,16.395000457763672,12.118427276611328
2011-10-13,16.309999465942383,12.055601119995117
2011-10-14,16.739999771118164,12.37343692779541
2011-10-17,16.170000076293945,11.952119827270508
2011-10-18,16.584999084472656,12.258864402770996
2011-10-19,16.104999542236328,11.904072761535645
2011-10-20,16.2549991607666,12.014945983886719
2011-10-21,16.684999465942383,12.332783699035645
2011-10-24,17.084999084472656,12.628439903259277
2011-10-25,16.649999618530273,12.30691146850586
2011-10-26,16.950000762939453,12.528661727905273
2011-10-27,17.8700008392334,13.208683967590332
2011-10-28,17.9950008392334,13.30107593536377
2011-10-31,17.225000381469727,12.731928825378418
2011-11-01,16.764999389648438,12.391911506652832
2011-11-02,17.18000030517578,12.698663711547852
2011-11-03,17.530000686645508,12.957368850708008
2011-11-04,17.489999771118164,12.92780590057373
2011-11-07,17.639999389648438,13.03867244720459
2011-11-08,17.850000381469727,13.193892478942871
2011-11-09,16.979999542236328,12.550834655761719
2011-11-10,17.184999465942383,12.702356338500977
2011-11-11,17.584999084472656,12.99802017211914
2011-11-14,17.399999618530273,12.861278533935547
2011-11-15,17.434999465942383,12.887146949768066
2011-11-16,17.024999618530273,12.58409595489502
2011-11-17,16.540000915527344,12.225605010986328
2011-11-18,16.6299991607666,12.292130470275879
2011-11-21,16.34000015258789,12.077775955200195
2011-11-22,16.21500015258789,11.985377311706543
2011-11-23,15.78499984741211,11.667545318603516
2011-11-25,15.704999923706055,11.608407974243164
2011-11-28,16.295000076293945,12.044510841369629
2011-11-29,16.325000762939453,12.06668758392334
2011-11-30,17.260000228881836,12.757798194885254
2011-12-01,17.149999618530273,12.67648696899414
2011-12-02,17.0,12.565618515014648
2011-12-05,17.200000762939453,12.713447570800781
2011-12-06,17.360000610351562,12.83171272277832
2011-12-07,17.375,12.842798233032227
2011-12-08,16.834999084472656,12.443655014038086
2011-12-09,17.049999237060547,12.602570533752441
2011-12-12,16.645000457763672,12.303217887878418
2011-12-13,16.364999771118164,12.09625244140625
2011-12-14,16.165000915527344,11.948419570922852
2011-12-15,16.274999618530273,12.029727935791016
2011-12-16,16.264999389648438,12.10601806640625
2011-12-19,15.975000381469727,11.89017391204834
2011-12-20,16.604999542236328,12.359079360961914
2011-12-21,16.6299991607666,12.377687454223633
2011-12-22,16.795000076293945,12.500496864318848
2011-12-23,16.954999923706055,12.619588851928711
2011-12-27,16.950000762939453,12.61586856842041
2011-12-28,16.545000076293945,12.31442642211914
2011-12-29,16.760000228881836,12.474449157714844
2011-12-30,16.75,12.46700382232666
2012-01-03,17.21500015258789,12.813101768493652
2012-01-04,17.360000610351562,12.921031951904297
2012-01-05,17.40999984741211,12.958244323730469
2012-01-06,17.385000228881836,12.93963623046875
2012-01-09,17.420000076293945,12.965688705444336
2012-01-10,17.7450008392334,13.2075834274292
2012-01-11,17.920000076293945,13.3378324508667
2012-01-12,18.170000076293945,13.523907661437988
2012-01-13,18.049999237060547,13.43459415435791
2012-01-17,18.149999618530273,13.509024620056152
2012-01-18,18.354999542236328,13.66160774230957
2012-01-19,18.3700008392334,13.672771453857422
2012-01-20,18.290000915527344,13.613229751586914
2012-01-23,18.280000686645508,13.605783462524414
2012-01-24,18.280000686645508,13.605783462524414
2012-01-25,18.56999969482422,13.821630477905273
2012-01-26,18.565000534057617,13.817904472351074
2012-01-27,18.59000015258789,13.836516380310059
2012-01-30,18.56999969482422,13.821630477905273
2012-01-31,18.59000015258789,13.836516380310059
2012-02-01,18.774999618530273,13.974213600158691
2012-02-02,18.684999465942383,13.907221794128418
2012-02-03,18.940000534057617,14.097020149230957
2012-02-06,18.834999084472656,14.018868446350098
2012-02-07,18.815000534057617,14.003981590270996
2012-02-08,18.834999084472656,14.018868446350098
2012-02-09,18.854999542236328,14.033757209777832
2012-02-10,18.524999618530273,13.788140296936035
2012-02-13,18.575000762939453,13.825349807739258
2012-02-14,18.334999084472656,13.646717071533203
2012-02-15,18.350000381469727,13.657886505126953
2012-02-16,18.674999237060547,13.899781227111816
2012-02-17,18.684999465942383,13.907221794128418
2012-02-21,18.795000076293945,13.989099502563477
2012-02-22,18.764999389648438,13.96677303314209
2012-02-23,18.78499984741211,13.981658935546875
2012-02-24,18.774999618530273,13.974213600158691
2012-02-27,18.780000686645508,13.97792911529541
2012-02-28,18.84000015258789,14.022592544555664
2012-02-29,18.485000610351562,13.7583646774292
2012-03-01,18.690000534057617,13.910943984985352
2012-03-02,18.645000457763672,13.877449989318848
2012-03-05,18.344999313354492,13.654158592224121
2012-03-06,17.969999313354492,13.375049591064453
2012-03-07,18.014999389648438,13.408539772033691
2012-03-08,18.315000534057617,13.63183307647705
2012-03-09,18.31999969482422,13.635553359985352
2012-03-12,18.219999313354492,13.561125755310059
2012-03-13,18.520000457763672,13.784416198730469
2012-03-14,18.450000762939453,13.732314109802246
2012-03-15,18.584999084472656,13.832791328430176
2012-03-16,18.549999237060547,13.859315872192383
2012-03-19,18.665000915527344,13.945234298706055
2012-03-20,18.559999465942383,13.866788864135742
2012-03-21,18.559999465942383,13.866788864135742
2012-03-22,18.260000228881836,13.64264965057373
2012-03-23,18.454999923706055,13.788342475891113
2012-03-26,18.69499969482422,13.967645645141602
2012-03-27,18.655000686645508,13.937766075134277
2012-03-28,18.395000457763672,13.743515014648438
2012-03-29,18.420000076293945,13.762191772460938
2012-03-30,18.485000610351562,13.810755729675293
2012-04-02,18.7450008392334,14.005008697509766
2012-04-03,18.604999542236328,13.900408744812012
2012-04-04,18.344999313354492,13.706156730651855
2012-04-05,18.239999771118164,13.627708435058594
2012-04-09,17.975000381469727,13.429717063903809
2012-04-10,17.604999542236328,13.153274536132812
2012-04-11,17.795000076293945,13.295231819152832
2012-04-12,18.280000686645508,13.657590866088867
2012-04-13,18.065000534057617,13.496960639953613
2012-04-16,18.1200008392334,13.538049697875977
2012-04-17,18.364999771118164,13.721100807189941
2012-04-18,18.315000534057617,13.683741569519043
2012-04-19,18.25,13.635176658630371
2012-04-20,18.239999771118164,13.627708435058594
2012-04-23,18.014999389648438,13.459601402282715
2012-04-24,18.014999389648438,13.459601402282715
2012-04-25,18.395000457763672,13.743515014648438
2012-04-26,18.375,13.728568077087402
2012-04-27,18.46500015258789,13.795809745788574
2012-04-30,18.334999084472656,13.698677062988281
2012-05-01,18.44499969482422,13.780868530273438
2012-05-02,18.354999542236328,13.713624000549316
2012-05-03,18.145000457763672,13.55672836303711
2012-05-04,17.84000015258789,13.328857421875
2012-05-07,17.854999542236328,13.340055465698242
2012-05-08,17.770000457763672,13.276552200317383
2012-05-09,17.610000610351562,13.157011032104492
2012-05-10,17.55500030517578,13.115920066833496
2012-05-11,17.5049991607666,13.078563690185547
2012-05-14,17.264999389648438,12.899250984191895
2012-05-15,17.0049991607666,12.704992294311523
2012-05-16,16.81999969482422,12.56677532196045
2012-05-17,16.450000762939453,12.290335655212402
2012-05-18,16.385000228881836,12.241772651672363
2012-05-21,16.864999771118164,12.600397109985352
2012-05-22,16.760000228881836,12.521952629089355
2012-05-23,16.959999084472656,12.671377182006836
2012-05-24,17.065000534057617,12.749824523925781
2012-05-25,16.9950008392334,12.697529792785645
2012-05-29,17.290000915527344,12.91793155670166
2012-05-30,16.979999542236328,12.68631649017334
2012-05-31,16.90999984741211,12.634015083312988
2012-06-01,16.549999237060547,12.36505126953125
2012-06-04,16.565000534057617,12.376254081726074
2012-06-05,16.725000381469727,12.495796203613281
2012-06-06,17.145000457763672,12.809595108032227
2012-06-07,17.174999237060547,12.83200740814209
2012-06-08,17.290000915527344,12.91793155670166
2012-06-11,16.969999313354492,12.678845405578613
2012-06-12,17.28499984741211,12.914191246032715
2012-06-13,17.020000457763672,12.716201782226562
2012-06-14,17.15999984741211,12.820796012878418
2012-06-15,17.264999389648438,12.969161033630371
2012-06-18,17.354999542236328,13.03676700592041
2012-06-19,17.684999465942383,13.284658432006836
2012-06-20,17.584999084472656,13.209535598754883
2012-06-21,17.010000228881836,12.777608871459961
2012-06-22,17.100000381469727,12.845218658447266
2012-06-25,16.885000228881836,12.683710098266602
2012-06-26,16.940000534057617,12.725024223327637
2012-06-27,17.125,12.863998413085938
2012-06-28,17.1299991607666,12.867753028869629
2012-06-29,17.645000457763672,13.254612922668457
2012-07-02,17.55500030517578,13.187005043029785
2012-07-03,17.80500030517578,13.374802589416504
2012-07-05,17.780000686645508,13.3560209274292
2012-07-06,17.575000762939453,13.202031135559082
2012-07-09,17.46500015258789,13.119394302368164
2012-07-10,17.204999923706055,12.924088478088379
2012-07-11,17.149999618530273,12.882773399353027
2012-07-12,17.065000534057617,12.818924903869629
2012-07-13,17.3700008392334,13.048038482666016
2012-07-16,17.30500030517578,12.999205589294434
2012-07-17,17.524999618530273,13.164467811584473
2012-07-18,17.6299991607666,13.243342399597168
2012-07-19,17.81999969482422,13.386070251464844
2012-07-20,17.709999084472656,13.30343246459961
2012-07-23,17.43000030517578,13.093107223510742
2012-07-24,17.15999984741211,12.890280723571777
2012-07-25,17.15999984741211,12.890280723571777
2012-07-26,17.239999771118164,12.95037841796875
2012-07-27,17.55500030517578,13.187005043029785
2012-07-30,17.540000915527344,13.175738334655762
2012-07-31,17.420000076293945,13.085594177246094
2012-08-01,17.424999237060547,13.089347839355469
2012-08-02,17.219999313354492,12.935359001159668
2012-08-03,17.559999465942383,13.190760612487793
2012-08-06,17.719999313354492,13.310949325561523
2012-08-07,17.924999237060547,13.464938163757324
2012-08-08,17.94499969482422,13.479966163635254
2012-08-09,18.045000076293945,13.555081367492676
2012-08-10,18.030000686645508,13.54382038116455
2012-08-13,17.93000030517578,13.468692779541016
2012-08-14,17.850000381469727,13.408602714538574
2012-08-15,17.8799991607666,13.431136131286621
2012-08-16,18.145000457763672,13.63020133972168
2012-08-17,18.1200008392334,13.61142349243164
2012-08-20,18.084999084472656,13.58513069152832
2012-08-21,18.110000610351562,13.603912353515625
2012-08-22,18.260000228881836,13.71658706665039
2012-08-23,17.954999923706055,13.487473487854004
2012-08-24,17.920000076293945,13.461181640625
2012-08-27,17.815000534057617,13.382309913635254
2012-08-28,17.774999618530273,13.352263450622559
2012-08-29,17.815000534057617,13.382309913635254
2012-08-30,17.655000686645508,13.262120246887207
2012-08-31,17.825000762939453,13.389824867248535
2012-09-04,17.594999313354492,13.217049598693848
2012-09-05,17.674999237060547,13.277145385742188
2012-09-06,18.1200008392334,13.61142349243164
2012-09-07,18.475000381469727,13.878089904785156
2012-09-10,18.44499969482422,13.855550765991211
2012-09-11,18.510000228881836,13.90438175201416
2012-09-12,18.485000610351562,13.885603904724121
2012-09-13,18.940000534057617,14.22739315032959
2012-09-14,19.174999237060547,14.403914451599121
2012-09-17,18.8799991607666,14.18232250213623
2012-09-18,18.829999923706055,14.144761085510254
2012-09-19,18.934999465942383,14.223636627197266
2012-09-20,18.905000686645508,14.201095581054688
2012-09-21,18.725000381469727,14.139552116394043
2012-09-24,18.670000076293945,14.098024368286133
2012-09-25,18.3700008392334,13.871489524841309
2012-09-26,18.280000686645508,13.803535461425781
2012-09-27,18.5049991607666,13.973430633544922
2012-09-28,18.399999618530273,13.89414119720459
2012-10-01,18.459999084472656,13.939452171325684
2012-10-02,18.360000610351562,13.86394214630127
2012-10-03,18.274999618530273,13.799756050109863
2012-10-04,18.510000228881836,13.977206230163574
2012-10-05,18.600000381469727,14.045166015625
2012-10-08,18.565000534057617,14.018742561340332
2012-10-09,18.389999389648438,13.88659381866455
2012-10-10,18.190000534057617,13.735573768615723
2012-10-11,18.264999389648438,13.792205810546875
2012-10-12,18.184999465942383,13.731796264648438
2012-10-15,18.34000015258789,13.848833084106445
2012-10-16,18.780000686645508,14.18109130859375
2012-10-17,18.934999465942383,14.298134803771973
2012-10-18,18.940000534057617,14.301909446716309
2012-10-19,18.545000076293945,14.00363826751709
2012-10-22,18.6299991607666,14.067826271057129
2012-10-23,18.06999969482422,13.6449556350708
2012-10-24,18.059999465942383,13.637405395507812
2012-10-25,18.020000457763672,13.607206344604492
2012-10-26,18.05500030517578,13.633625984191895
2012-10-31,18.014999389648438,13.603425979614258
2012-11-01,18.364999771118164,13.867716789245605
2012-11-02,18.03499984741211,13.61851978302002
2012-11-05,18.15999984741211,13.712920188903809
2012-11-06,18.350000381469727,13.856390953063965
2012-11-07,18.059999465942383,13.637405395507812
2012-11-08,17.815000534057617,13.452400207519531
2012-11-09,17.780000686645508,13.425971984863281
2012-11-12,17.780000686645508,13.425971984863281
2012-11-13,17.75,13.403322219848633
2012-11-14,17.450000762939453,13.176786422729492
2012-11-15,17.389999389648438,13.131477355957031
2012-11-16,17.43000030517578,13.161683082580566
2012-11-19,17.924999237060547,13.535462379455566
2012-11-20,17.940000534057617,13.546792030334473
2012-11-21,17.969999313354492,13.569443702697754
2012-11-23,18.200000762939453,13.743119239807129
2012-11-26,18.21500015258789,13.754450798034668
2012-11-27,18.135000228881836,13.694036483764648
2012-11-28,18.209999084472656,13.7506742477417
2012-11-29,18.334999084472656,13.845057487487793
2012-11-30,18.350000381469727,13.856390953063965
2012-12-03,18.010000228881836,13.599647521972656
2012-12-04,18.045000076293945,13.626079559326172
2012-12-05,17.829999923706055,13.463730812072754
2012-12-06,17.875,13.497711181640625
2012-12-07,18.024999618530273,13.610976219177246
2012-12-10,18.139999389648438,13.697813987731934
2012-12-11,18.28499984741211,13.8073091506958
2012-12-12,18.239999771118164,13.773329734802246
2012-12-13,18.190000534057617,13.735573768615723
2012-12-14,18.325000762939453,13.837512016296387
2012-12-17,18.510000228881836,13.977206230163574
2012-12-18,18.729999542236328,14.14333438873291
2012-12-19,18.649999618530273,14.08292293548584
2012-12-20,18.829999923706055,14.21884536743164
2012-12-21,18.5,14.093145370483398
2012-12-24,18.594999313354492,14.165517807006836
2012-12-26,18.709999084472656,14.253122329711914
2012-12-27,18.645000457763672,14.203611373901367
2012-12-28,18.40999984741211,14.024587631225586
2012-12-31,18.770000457763672,14.298834800720215
2013-01-02,19.239999771118164,14.656876564025879
2013-01-03,19.100000381469727,14.550223350524902
2013-01-04,19.334999084472656,14.729242324829102
2013-01-07,19.295000076293945,14.69877815246582
2013-01-08,19.325000762939453,14.721628189086914
2013-01-09,19.450000762939453,14.816856384277344
2013-01-10,19.53499984741211,14.881607055664062
2013-01-11,19.5049991607666,14.858743667602539
2013-01-14,19.510000228881836,14.862564086914062
2013-01-15,19.530000686645508,14.877793312072754
2013-01-16,19.389999389648438,14.77114486694336
2013-01-17,19.540000915527344,14.885416030883789
2013-01-18,19.670000076293945,14.984441757202148
2013-01-22,19.860000610351562,15.12918472290039
2013-01-23,19.75,15.045388221740723
2013-01-24,19.809999465942383,15.091093063354492
2013-01-25,19.8799991607666,15.14441967010498
2013-01-28,19.690000534057617,14.999680519104004
2013-01-29,19.799999237060547,15.083479881286621
2013-01-30,19.690000534057617,14.999680519104004
2013-01-31,19.510000228881836,14.862564086914062
2013-02-01,19.75,15.045388221740723
2013-02-04,19.559999465942383,14.900651931762695
2013-02-05,19.65999984741211,14.976829528808594
2013-02-06,19.68000030517578,14.992066383361816
2013-02-07,19.575000762939453,14.912076950073242
2013-02-08,19.690000534057617,14.999680519104004
2013-02-11,19.665000915527344,14.980634689331055
2013-02-12,19.674999237060547,14.988250732421875
2013-02-13,19.7450008392334,15.041581153869629
2013-02-14,19.68000030517578,14.992066383361816
2013-02-15,19.674999237060547,14.988250732421875
2013-02-19,19.59000015258789,14.923504829406738
2013-02-20,19.040000915527344,14.504522323608398
2013-02-21,18.864999771118164,14.371200561523438
2013-02-22,19.114999771118164,14.56164836883545
2013-02-25,18.674999237060547,14.226462364196777
2013-02-26,18.875,14.37882137298584
2013-02-27,19.209999084472656,14.634017944335938
2013-02-28,19.2450008392334,14.660682678222656
2013-03-01,19.2549991607666,14.668298721313477
2013-03-04,19.280000686645508,14.687347412109375
2013-03-05,19.40999984741211,14.786377906799316
2013-03-06,19.579999923706055,14.915884971618652
2013-03-07,19.635000228881836,14.957784652709961
2013-03-08,19.795000076293945,15.079670906066895
2013-03-11,19.905000686645508,15.16346549987793
2013-03-12,19.920000076293945,15.17489242553711
2013-03-13,19.8700008392334,15.136805534362793
2013-03-14,19.989999771118164,15.228219032287598
2013-03-15,19.924999237060547,15.241215705871582
2013-03-18,19.78499984741211,15.134135246276855
2013-03-19,19.700000762939453,15.069111824035645
2013-03-20,19.850000381469727,15.183854103088379
2013-03-21,19.510000228881836,14.92377758026123
2013-03-22,19.53499984741211,14.942900657653809
2013-03-25,19.385000228881836,14.828160285949707
2013-03-26,19.520000457763672,14.931426048278809
2013-03-27,19.514999389648438,14.927594184875488
2013-03-28,19.59000015258789,14.984971046447754
2013-04-01,19.420000076293945,14.854930877685547
2013-04-02,19.229999542236328,14.709602355957031
2013-04-03,19.06999969482422,14.587207794189453
2013-04-04,19.235000610351562,14.713418006896973
2013-04-05,19.155000686645508,14.652225494384766
2013-04-08,19.21500015258789,14.698123931884766
2013-04-09,19.440000534057617,14.870235443115234
2013-04-10,19.575000762939453,14.97350025177002
2013-04-11,19.65999984741211,15.0385160446167
2013-04-12,19.3700008392334,14.81668758392334
2013-04-15,18.655000686645508,14.26976203918457
2013-04-16,18.9950008392334,14.5298433303833
2013-04-17,18.71500015258789,14.315653800964355
2013-04-18,18.65999984741211,14.27359390258789
2013-04-19,18.8799991607666,14.44186782836914
2013-04-22,19.059999465942383,14.579562187194824
2013-04-23,19.225000381469727,14.70577621459961
2013-04-24,19.514999389648438,14.927594184875488
2013-04-25,19.729999542236328,15.092068672180176
2013-04-26,19.450000762939453,14.877883911132812
2013-04-29,19.7450008392334,15.103536605834961
2013-04-30,19.774999618530273,15.126483917236328
2013-05-01,19.424999237060547,14.858755111694336
2013-05-02,19.565000534057617,14.965848922729492
2013-05-03,19.90999984741211,15.229748725891113
2013-05-06,19.96500015258789,15.271817207336426
2013-05-07,20.155000686645508,15.417160987854004
2013-05-08,20.329999923706055,15.551020622253418
2013-05-09,20.30500030517578,15.531899452209473
2013-05-10,20.28499984741211,15.51659870147705
2013-05-13,20.139999389648438,15.405681610107422
2013-05-14,20.389999389648438,15.596915245056152
2013-05-15,20.5049991607666,15.684882164001465
2013-05-16,20.40999984741211,15.61221694946289
2013-05-17,20.6299991607666,15.78050422668457
2013-05-20,20.649999618530273,15.795794486999512
2013-05-21,20.625,15.776671409606934
2013-05-22,20.344999313354492,15.562491416931152
2013-05-23,20.354999542236328,15.57013988494873
2013-05-24,20.28499984741211,15.51659870147705
2013-05-28,20.469999313354492,15.658105850219727
2013-05-29,20.405000686645508,15.60838794708252
2013-05-30,20.469999313354492,15.658105850219727
2013-05-31,20.149999618530273,15.413333892822266
2013-06-03,20.25,15.489826202392578
2013-06-04,20.225000381469727,15.47070026397705
2013-06-05,19.774999618530273,15.126483917236328
2013-06-06,19.905000686645508,15.225922584533691
2013-06-07,20.09000015258789,15.367439270019531
2013-06-10,20.184999465942383,15.440104484558105
2013-06-11,19.905000686645508,15.225922584533691
2013-06-12,19.80500030517578,15.149433135986328
2013-06-13,20.170000076293945,15.428632736206055
2013-06-14,20.024999618530273,15.317719459533691
2013-06-17,20.19499969482422,15.447752952575684
2013-06-18,20.28499984741211,15.51659870147705
2013-06-19,20.1299991607666,15.398031234741211
2013-06-20,19.610000610351562,15.00027084350586
2013-06-21,19.395000457763672,14.949402809143066
2013-06-24,19.084999084472656,14.710453987121582
2013-06-25,19.200000762939453,14.79909610748291
2013-06-26,19.290000915527344,14.868468284606934
2013-06-27,19.280000686645508,14.860757827758789
2013-06-28,19.174999237060547,14.779823303222656
2013-07-01,19.28499984741211,14.86461353302002
2013-07-02,19.225000381469727,14.818365097045898
2013-07-03,19.229999542236328,14.822219848632812
2013-07-05,19.360000610351562,14.92242431640625
2013-07-08,19.469999313354492,15.007208824157715
2013-07-09,19.770000457763672,15.238450050354004
2013-07-10,19.764999389648438,15.234582901000977
2013-07-11,20.084999084472656,15.481244087219238
2013-07-12,20.014999389648438,15.42728328704834
2013-07-15,20.065000534057617,15.465827941894531
2013-07-16,19.915000915527344,15.35020637512207
2013-07-17,20.100000381469727,15.492801666259766
2013-07-18,20.110000610351562,15.50051498413086
2013-07-19,20.239999771118164,15.60071086883545
2013-07-22,20.260000228881836,15.616132736206055
2013-07-23,20.31999969482422,15.662381172180176
2013-07-24,20.1299991607666,15.515924453735352
2013-07-25,20.31999969482422,15.662381172180176
2013-07-26,20.2450008392334,15.604558944702148
2013-07-29,20.360000610351562,15.693207740783691
2013-07-30,20.309999465942383,15.654664993286133
2013-07-31,20.239999771118164,15.60071086883545
2013-08-01,20.389999389648438,15.716330528259277
2013-08-02,20.5049991607666,15.80496883392334
2013-08-05,20.450000762939453,15.762580871582031
2013-08-06,20.260000228881836,15.616132736206055
2013-08-07,20.270000457763672,15.623838424682617
2013-08-08,20.56999969482422,15.855076789855957
2013-08-09,20.690000534057617,15.947563171386719
2013-08-12,20.65999984741211,15.924439430236816
2013-08-13,20.735000610351562,15.982251167297363
2013-08-14,20.690000534057617,15.947563171386719
2013-08-15,20.540000915527344,15.831947326660156
2013-08-16,20.3799991607666,15.708621978759766
2013-08-19,20.219999313354492,15.585304260253906
2013-08-20,20.334999084472656,15.67393684387207
2013-08-21,20.18000030517578,15.554461479187012
2013-08-22,20.420000076293945,15.73945140838623
2013-08-23,20.584999084472656,15.8666353225708
2013-08-26,20.584999084472656,15.8666353225708
2013-08-27,20.225000381469727,15.58914852142334
2013-08-28,20.184999465942383,15.558313369750977
2013-08-29,20.25,15.608423233032227
2013-08-30,20.21500015258789,15.581439971923828
2013-09-03,20.334999084472656,15.67393684387207
2013-09-04,20.524999618530273,15.820384979248047
2013-09-05,20.559999465942383,15.847360610961914
2013-09-06,20.53499984741211,15.828095436096191
2013-09-09,20.844999313354492,16.067039489746094
2013-09-10,21.030000686645508,16.209632873535156
2013-09-11,21.15999984741211,16.30983543395996
2013-09-12,20.940000534057617,16.1402587890625
2013-09-13,21.079999923706055,16.248170852661133
2013-09-16,21.315000534057617,16.429311752319336
2013-09-17,21.2549991607666,16.38306427001953
2013-09-18,21.7450008392334,16.76074981689453
2013-09-19,21.670000076293945,16.702939987182617
2013-09-20,21.309999465942383,16.507728576660156
2013-09-23,21.149999618530273,16.383785247802734
2013-09-24,21.139999389648438,16.376033782958984
2013-09-25,21.19499969482422,16.418638229370117
2013-09-26,21.334999084472656,16.527095794677734
2013-09-27,21.079999923706055,16.329553604125977
2013-09-30,21.0049991607666,16.27145767211914
2013-10-01,21.094999313354492,16.34117317199707
2013-10-02,21.149999618530273,16.383785247802734
2013-10-03,20.969999313354492,16.244348526000977
2013-10-04,21.274999618530273,16.480613708496094
2013-10-07,21.014999389648438,16.279207229614258
2013-10-08,20.68000030517578,16.019695281982422
2013-10-09,20.709999084472656,16.04294204711914
2013-10-10,21.149999618530273,16.383785247802734
2013-10-11,21.274999618530273,16.480613708496094
2013-10-14,21.350000381469727,16.53870964050293
2013-10-15,21.219999313354492,16.438007354736328
2013-10-16,21.434999465942383,16.60455322265625
2013-10-17,21.71500015258789,16.821462631225586
2013-10-18,21.780000686645508,16.87180519104004
2013-10-21,21.774999618530273,16.867935180664062
2013-10-22,22.09000015258789,17.111953735351562
2013-10-23,21.94499969482422,16.999624252319336
2013-10-24,22.05500030517578,17.0848388671875
2013-10-25,22.1200008392334,17.135190963745117
2013-10-28,22.010000228881836,17.049983978271484
2013-10-29,22.05500030517578,17.0848388671875
2013-10-30,21.920000076293945,16.980260848999023
2013-10-31,21.885000228881836,16.953149795532227
2013-11-01,21.834999084472656,16.91441535949707
2013-11-04,21.924999237060547,16.984128952026367
2013-11-05,21.829999923706055,16.91054344177246
2013-11-06,21.979999542236328,17.0267391204834
2013-11-07,21.690000534057617,16.802091598510742
2013-11-08,22.094999313354492,17.115819931030273
2013-11-11,22.084999084472656,17.108074188232422
2013-11-12,22.014999389648438,17.053852081298828
2013-11-13,22.135000228881836,17.146804809570312
2013-11-14,22.31999969482422,17.290117263793945
2013-11-15,22.46500015258789,17.40244483947754
2013-11-18,22.325000762939453,17.293994903564453
2013-11-19,22.2549991607666,17.23976707458496
2013-11-20,22.075000762939453,17.1003360748291
2013-11-21,22.2549991607666,17.23976707458496
2013-11-22,22.3700008392334,17.328855514526367
2013-11-25,22.229999542236328,17.220399856567383
2013-11-26,22.174999237060547,17.177797317504883
2013-11-27,22.190000534057617,17.18941307067871
2013-11-29,22.170000076293945,17.17392921447754
2013-12-02,22.114999771118164,17.131317138671875
2013-12-03,21.854999542236328,16.929912567138672
2013-12-04,21.959999084472656,17.01124382019043
2013-12-05,21.834999084472656,16.91441535949707
2013-12-06,22.135000228881836,17.146804809570312
2013-12-09,22.25,17.235897064208984
2013-12-10,22.315000534057617,17.2862491607666
2013-12-11,21.934999465942383,16.991878509521484
2013-12-12,21.889999389648438,16.957015991210938
2013-12-13,21.9950008392334,17.038354873657227
2013-12-16,22.084999084472656,17.108074188232422
2013-12-17,22.229999542236328,17.220399856567383
2013-12-18,22.5,17.429555892944336
2013-12-19,22.53499984741211,17.456668853759766
2013-12-20,22.46500015258789,17.512014389038086
2013-12-23,22.575000762939453,17.59776496887207
2013-12-24,22.81999969482422,17.788742065429688
2013-12-26,22.94499969482422,17.886180877685547
2013-12-27,23.014999389648438,17.940753936767578
2013-12-30,23.030000686645508,17.952451705932617
2013-12-31,23.110000610351562,18.014814376831055
2014-01-02,22.924999237060547,17.870594024658203
2014-01-03,22.8700008392334,17.82771873474121
2014-01-06,22.7450008392334,17.730283737182617
2014-01-07,22.704999923706055,17.69910430908203
2014-01-08,22.84000015258789,17.804338455200195
2014-01-09,22.75,17.734176635742188
2014-01-10,22.81999969482422,17.788742065429688
2014-01-13,22.510000228881836,17.54709815979004
2014-01-14,22.825000762939453,17.792638778686523
2014-01-15,22.96500015258789,17.901775360107422
2014-01-16,23.020000457763672,17.944643020629883
2014-01-17,22.96500015258789,17.901775360107422
2014-01-21,23.104999542236328,18.010906219482422
2014-01-22,22.8799991607666,17.83551788330078
2014-01-23,22.540000915527344,17.570478439331055
2014-01-24,21.934999465942383,17.09886932373047
2014-01-27,21.844999313354492,17.028705596923828
2014-01-28,21.969999313354492,17.126150131225586
2014-01-29,22.059999465942383,17.196306228637695
2014-01-30,22.165000915527344,17.27815818786621
2014-01-31,22.020000457763672,17.165128707885742
2014-02-03,21.5049991607666,16.7636661529541
2014-02-04,21.69499969482422,16.91178321838379
2014-02-05,21.719999313354492,16.93126106262207
2014-02-06,22.045000076293945,17.184616088867188
2014-02-07,22.350000381469727,17.4223690032959
2014-02-10,22.459999084472656,17.508106231689453
2014-02-11,22.719999313354492,17.71079444885254
2014-02-12,22.68000030517578,17.679607391357422
2014-02-13,22.875,17.831615447998047
2014-02-14,23.059999465942383,17.975830078125
2014-02-18,23.075000762939453,17.98752784729004
2014-02-19,22.915000915527344,17.8627986907959
2014-02-20,23.155000686645508,18.049880981445312
2014-02-21,23.094999313354492,18.00311851501465
2014-02-24,23.014999389648438,17.940753936767578
2014-02-25,23.100000381469727,18.007009506225586
2014-02-26,23.274999618530273,18.14342498779297
2014-02-27,23.459999084472656,18.28764533996582
2014-02-28,23.540000915527344,18.350000381469727
2014-03-03,23.485000610351562,18.30712890625
2014-03-04,23.854999542236328,18.595550537109375
2014-03-05,23.90999984741211,18.638427734375
2014-03-06,24.0,18.708585739135742
2014-03-07,23.895000457763672,18.62673568725586
2014-03-10,23.875,18.611143112182617
2014-03-11,23.6299991607666,18.42015838623047
2014-03-12,23.6200008392334,18.412363052368164
2014-03-13,23.450000762939453,18.279842376708984
2014-03-14,23.450000762939453,18.279842376708984
2014-03-17,23.639999389648438,18.427959442138672
2014-03-18,23.774999618530273,18.533185958862305
2014-03-19,23.565000534057617,18.369482040405273
2014-03-20,23.8799991607666,18.61504364013672
2014-03-21,23.684999465942383,18.536781311035156
2014-03-24,23.5,18.391992568969727
2014-03-25,23.6299991607666,18.493732452392578
2014-03-26,23.290000915527344,18.227636337280273
2014-03-27,23.225000381469727,18.1767635345459
2014-03-28,23.385000228881836,18.301992416381836
2014-03-31,23.639999389648438,18.50156593322754
2014-04-01,23.770000457763672,18.603307723999023
2014-04-02,23.94499969482422,18.74026870727539
2014-04-03,23.975000381469727,18.76374053955078
2014-04-04,23.670000076293945,18.525033950805664
2014-04-07,23.325000762939453,18.25503158569336
2014-04-08,23.415000915527344,18.32547378540039
2014-04-09,23.770000457763672,18.603307723999023
2014-04-10,23.295000076293945,18.231548309326172
2014-04-11,23.014999389648438,18.012409210205078
2014-04-14,23.200000762939453,18.157203674316406
2014-04-15,23.34000015258789,18.266775131225586
2014-04-16,23.684999465942383,18.536781311035156
2014-04-17,23.760000228881836,18.595476150512695
2014-04-21,23.764999389648438,18.599384307861328
2014-04-22,23.850000381469727,18.665912628173828
2014-04-23,23.854999542236328,18.66982078552246
2014-04-24,23.75,18.587650299072266
2014-04-25,23.579999923706055,18.454599380493164
2014-04-28,23.479999542236328,18.3763370513916
2014-04-29,23.645000457763672,18.505474090576172
2014-04-30,23.834999084472656,18.6541690826416
2014-05-01,23.684999465942383,18.536781311035156
2014-05-02,23.774999618530273,18.607210159301758
2014-05-05,23.905000686645508,18.708959579467773
2014-05-06,23.78499984741211,18.615041732788086
2014-05-07,23.969999313354492,18.75983238220215
2014-05-08,23.875,18.68547821044922
2014-05-09,23.875,18.68547821044922
2014-05-12,24.18000030517578,18.924179077148438
2014-05-13,24.200000762939453,18.93984603881836
2014-05-14,24.204999923706055,18.94374656677246
2014-05-15,23.864999771118164,18.677650451660156
2014-05-16,23.950000762939453,18.74418067932129
2014-05-19,24.049999237060547,18.822444915771484
2014-05-20,23.920000076293945,18.720703125
2014-05-21,24.030000686645508,18.806793212890625
2014-05-22,24.084999084472656,18.849830627441406
2014-05-23,24.290000915527344,19.01027488708496
2014-05-27,24.290000915527344,19.01027488708496
2014-05-28,24.299999237060547,19.018096923828125
2014-05-29,24.545000076293945,19.209848403930664
2014-05-30,24.540000915527344,19.2059383392334
2014-06-02,24.639999389648438,19.28419303894043
2014-06-03,24.584999084472656,19.24114990234375
2014-06-04,24.625,19.2724552154541
2014-06-05,24.739999771118164,19.36245346069336
2014-06-06,24.860000610351562,19.456382751464844
2014-06-09,24.795000076293945,19.405508041381836
2014-06-10,24.829999923706055,19.43290138244629
2014-06-11,24.690000534057617,19.32332992553711
2014-06-12,24.479999542236328,19.158977508544922
2014-06-13,24.575000762939453,19.233325958251953
2014-06-16,24.520000457763672,19.190282821655273
2014-06-17,24.56999969482422,19.22941017150879
2014-06-18,24.834999084472656,19.436809539794922
2014-06-19,24.78499984741211,19.397680282592773
2014-06-20,24.81999969482422,19.51601791381836
2014-06-23,24.854999542236328,19.543535232543945
2014-06-24,24.6200008392334,19.3587589263916
2014-06-25,24.815000534057617,19.5120906829834
2014-06-26,24.809999465942383,19.508155822753906
2014-06-27,24.735000610351562,19.449182510375977
2014-06-30,24.81999969482422,19.51601791381836
2014-07-01,24.8799991607666,19.563194274902344
2014-07-02,24.90999984741211,19.586780548095703
2014-07-03,25.06999969482422,19.71259117126465
2014-07-07,24.860000610351562,19.547470092773438
2014-07-08,24.795000076293945,19.49636459350586
2014-07-09,24.8799991607666,19.563194274902344
2014-07-10,24.770000457763672,19.476703643798828
2014-07-11,24.815000534057617,19.5120906829834
2014-07-14,24.799999237060547,19.500295639038086
2014-07-15,24.75,19.460973739624023
2014-07-16,24.920000076293945,19.594648361206055
2014-07-17,24.815000534057617,19.5120906829834
2014-07-18,24.969999313354492,19.633970260620117
2014-07-21,24.899999618530273,19.57892608642578
2014-07-22,24.934999465942383,19.6064395904541
2014-07-23,25.040000915527344,19.68900489807129
2014-07-24,25.010000228881836,19.665414810180664
2014-07-25,25.05500030517578,19.700801849365234
2014-07-28,25.1200008392334,19.75191307067871
2014-07-29,24.940000534057617,19.610374450683594
2014-07-30,24.809999465942383,19.508155822753906
2014-07-31,24.325000762939453,19.126798629760742
2014-08-01,24.344999313354492,19.14252471923828
2014-08-04,24.635000228881836,19.370548248291016
2014-08-05,24.3799991607666,19.170042037963867
2014-08-06,24.559999465942383,19.311580657958984
2014-08-07,24.344999313354492,19.14252471923828
2014-08-08,24.600000381469727,19.343029022216797
2014-08-11,24.575000762939453,19.323368072509766
2014-08-12,24.655000686645508,19.386280059814453
2014-08-13,24.790000915527344,19.492431640625
2014-08-14,24.790000915527344,19.492431640625
2014-08-15,24.864999771118164,19.55139923095703
2014-08-18,25.110000610351562,19.744049072265625
2014-08-19,25.184999465942383,19.803014755249023
2014-08-20,25.219999313354492,19.83054542541504
2014-08-21,25.184999465942383,19.803014755249023
2014-08-22,25.084999084472656,19.72438621520996
2014-08-25,25.18000030517578,19.799089431762695
2014-08-26,25.204999923706055,19.81874656677246
2014-08-27,25.204999923706055,19.81874656677246
2014-08-28,25.225000381469727,19.834468841552734
2014-08-29,25.264999389648438,19.86591911315918
2014-09-02,25.18000030517578,19.799089431762695
2014-09-03,25.219999313354492,19.83054542541504
2014-09-04,25.219999313354492,19.83054542541504
2014-09-05,25.329999923706055,19.917030334472656
2014-09-08,25.229999542236328,19.83839988708496
2014-09-09,25.024999618530273,19.677209854125977
2014-09-10,25.024999618530273,19.677209854125977
2014-09-11,24.989999771118164,19.649688720703125
2014-09-12,24.875,19.559263229370117
2014-09-15,24.90999984741211,19.586780548095703
2014-09-16,25.024999618530273,19.677209854125977
2014-09-17,25.174999237060547,19.795156478881836
2014-09-18,25.344999313354492,19.928823471069336
2014-09-19,25.219999313354492,19.92251205444336
2014-09-22,25.209999084472656,19.914608001708984
2014-09-23,25.079999923706055,19.81191635131836
2014-09-24,25.34000015258789,20.01729965209961
2014-09-25,24.954999923706055,19.713176727294922
2014-09-26,25.200000762939453,19.90671157836914
2014-09-29,25.094999313354492,19.823762893676758
2014-09-30,24.795000076293945,19.586774826049805
2014-10-01,24.209999084472656,19.12465476989746
2014-10-02,24.149999618530273,19.077260971069336
2014-10-03,24.219999313354492,19.132558822631836
2014-10-06,24.21500015258789,19.12860870361328
2014-10-07,23.790000915527344,18.792882919311523
2014-10-08,24.100000381469727,19.03775978088379
2014-10-09,23.510000228881836,18.57170295715332
2014-10-10,23.149999618530273,18.287315368652344
2014-10-13,22.55500030517578,17.81729507446289
2014-10-14,22.625,17.87259292602539
2014-10-15,22.780000686645508,17.995031356811523
2014-10-16,23.0049991607666,18.172767639160156
2014-10-17,23.309999465942383,18.413700103759766
2014-10-20,23.665000915527344,18.694143295288086
2014-10-21,24.174999237060547,19.097013473510742
2014-10-22,23.979999542236328,18.94297218322754
2014-10-23,23.959999084472656,18.927175521850586
2014-10-24,24.139999389648438,19.06936264038086
2014-10-27,23.635000228881836,18.670442581176758
2014-10-28,23.8700008392334,18.8560791015625
2014-10-29,23.575000762939453,18.623043060302734
2014-10-30,23.7549991607666,18.76523208618164
2014-10-31,24.200000762939453,19.116762161254883
2014-11-03,24.030000686645508,18.982471466064453
2014-11-04,23.780000686645508,18.78497886657715
2014-11-05,24.010000228881836,18.96666717529297
2014-11-06,24.204999923706055,19.12070655822754
2014-11-07,24.31999969482422,19.211557388305664
2014-11-10,24.385000228881836,19.262903213500977
2014-11-11,24.5049991607666,19.35769271850586
2014-11-12,24.565000534057617,19.405092239379883
2014-11-13,24.56999969482422,19.409040451049805
2014-11-14,24.645000457763672,19.468286514282227
2014-11-17,24.639999389648438,19.464336395263672
2014-11-18,24.934999465942383,19.697372436523438
2014-11-19,24.899999618530273,19.66972541809082
2014-11-20,25.030000686645508,19.77242088317871
2014-11-21,25.334999084472656,20.013351440429688
2014-11-24,25.219999313354492,19.92251205444336
2014-11-25,25.1299991607666,19.851409912109375
2014-11-26,25.149999618530273,19.86720848083496
2014-11-28,24.579999923706055,19.416940689086914
2014-12-01,24.325000762939453,19.215496063232422
2014-12-02,24.469999313354492,19.330045700073242
2014-12-03,24.829999923706055,19.614423751831055
2014-12-04,24.905000686645508,19.673675537109375
2014-12-05,24.885000228881836,19.65787696838379
2014-12-08,24.489999771118164,19.345842361450195
2014-12-09,24.55500030517578,19.397193908691406
2014-12-10,24.049999237060547,18.998268127441406
2014-12-11,24.06999969482422,19.014066696166992
2014-12-12,23.399999618530273,18.48480224609375
2014-12-15,23.274999618530273,18.38605499267578
2014-12-16,23.094999313354492,18.243871688842773
2014-12-17,23.725000381469727,18.74152946472168
2014-12-18,24.264999389648438,19.16810417175293
2014-12-19,24.40999984741211,19.404203414916992
2014-12-22,24.424999237060547,19.416120529174805
2014-12-23,24.614999771118164,19.567157745361328
2014-12-24,24.530000686645508,19.49959373474121
2014-12-26,24.614999771118164,19.567157745361328
2014-12-29,24.614999771118164,19.567157745361328
2014-12-30,24.530000686645508,19.49959373474121
2014-12-31,24.290000915527344,19.308801651000977
2015-01-02,24.325000762939453,19.336631774902344
2015-01-05,23.704999923706055,18.843780517578125
2015-01-06,23.4950008392334,18.67684555053711
2015-01-07,23.760000228881836,18.88749885559082
2015-01-08,24.325000762939453,19.336631774902344
2015-01-09,24.200000762939453,19.237266540527344
2015-01-12,24.145000457763672,19.193544387817383
2015-01-13,23.875,18.978912353515625
2015-01-14,23.594999313354492,18.75633430480957
2015-01-15,23.549999237060547,18.72056007385254
2015-01-16,23.924999237060547,19.018659591674805
2015-01-20,23.96500015258789,19.050453186035156
2015-01-21,24.200000762939453,19.237266540527344
2015-01-22,24.5049991607666,19.47972297668457
2015-01-23,24.125,19.177648544311523
2015-01-26,24.229999542236328,19.261110305786133
2015-01-27,24.065000534057617,19.129953384399414
2015-01-28,23.6299991607666,18.784154891967773
2015-01-29,23.940000534057617,19.030582427978516
2015-01-30,23.844999313354492,18.95506477355957
2015-02-02,24.059999465942383,19.125978469848633
2015-02-03,24.59000015258789,19.54728889465332
2015-02-04,24.43000030517578,19.42009925842285
2015-02-05,25.020000457763672,19.889102935791016
2015-02-06,24.959999084472656,19.841411590576172
2015-02-09,24.93000030517578,19.817567825317383
2015-02-10,25.114999771118164,19.96462631225586
2015-02-11,25.075000762939453,19.93282699584961
2015-02-12,25.5049991607666,20.27464485168457
2015-02-13,25.719999313354492,20.445552825927734
2015-02-17,25.75,20.469404220581055
2015-02-18,25.81999969482422,20.525053024291992
2015-02-19,25.889999389648438,20.5806884765625
2015-02-20,25.96500015258789,20.640310287475586
2015-02-23,25.934999465942383,20.61646842956543
2015-02-24,26.045000076293945,20.703907012939453
2015-02-25,25.969999313354492,20.644289016723633
2015-02-26,25.80500030517578,20.513126373291016
2015-02-27,25.7450008392334,20.46542739868164
2015-03-02,25.915000915527344,20.600570678710938
2015-03-03,25.774999618530273,20.489276885986328
2015-03-04,25.684999465942383,20.417739868164062
2015-03-05,25.575000762939453,20.330293655395508
2015-03-06,25.229999542236328,20.056041717529297
2015-03-09,25.264999389648438,20.0838623046875
2015-03-10,24.8799991607666,19.77781867980957
2015-03-11,24.850000381469727,19.753965377807617
2015-03-12,25.15999984741211,20.000398635864258
2015-03-13,24.920000076293945,19.80961036682129
2015-03-16,24.8799991607666,19.77781867980957
2015-03-17,24.604999542236328,19.559215545654297
2015-03-18,24.979999542236328,19.857311248779297
2015-03-19,24.549999237060547,19.515493392944336
2015-03-20,24.614999771118164,19.641164779663086
2015-03-23,24.614999771118164,19.641164779663086
2015-03-24,24.53499984741211,19.57733154296875
2015-03-25,24.260000228881836,19.357894897460938
2015-03-26,24.315000534057617,19.401784896850586
2015-03-27,24.30500030517578,19.393810272216797
2015-03-30,24.635000228881836,19.657119750976562
2015-03-31,24.389999389648438,19.461627960205078
2015-04-01,24.459999084472656,19.517484664916992
2015-04-02,24.485000610351562,19.53743553161621
2015-04-06,24.68000030517578,19.693031311035156
2015-04-07,24.639999389648438,19.661117553710938
2015-04-08,24.709999084472656,19.71697235107422
2015-04-09,24.780000686645508,19.7728214263916
2015-04-10,24.850000381469727,19.828676223754883
2015-04-13,24.75,19.748886108398438
2015-04-14,24.854999542236328,19.832664489746094
2015-04-15,25.094999313354492,20.024169921875
2015-04-16,25.040000915527344,19.98029136657715
2015-04-17,24.809999465942383,19.796764373779297
2015-04-20,24.989999771118164,19.940385818481445
2015-04-21,24.80500030517578,19.792768478393555
2015-04-22,24.854999542236328,19.832664489746094
2015-04-23,24.920000076293945,19.884532928466797
2015-04-24,25.1299991607666,20.052104949951172
2015-04-27,25.350000381469727,20.227649688720703
2015-04-28,25.385000228881836,20.255571365356445
2015-04-29,25.3700008392334,20.243606567382812
2015-04-30,25.209999084472656,20.115938186645508
2015-05-01,25.625,20.447080612182617
2015-05-04,25.55500030517578,20.391220092773438
2015-05-05,25.264999389648438,20.159818649291992
2015-05-06,25.270000457763672,20.1638126373291
2015-05-07,25.3799991607666,20.251585006713867
2015-05-08,25.78499984741211,20.574745178222656
2015-05-11,25.665000915527344,20.479000091552734
2015-05-12,25.395000457763672,20.26355743408203
2015-05-13,25.364999771118164,20.239622116088867
2015-05-14,25.6299991607666,20.451066970825195
2015-05-15,25.7549991607666,20.550809860229492
2015-05-18,25.639999389648438,20.459049224853516
2015-05-19,25.514999389648438,20.35930061340332
2015-05-20,25.5,20.347335815429688
2015-05-21,25.59000015258789,20.41914939880371
2015-05-22,25.559999465942383,20.39521026611328
2015-05-26,25.239999771118164,20.13987922668457
2015-05-27,25.405000686645508,20.271535873413086
2015-05-28,25.469999313354492,20.323396682739258
2015-05-29,25.30500030517578,20.19173812866211
2015-06-01,25.315000534057617,20.19972038269043
2015-06-02,25.395000457763672,20.26355743408203
2015-06-03,25.420000076293945,20.28350067138672
2015-06-04,25.1200008392334,20.04412269592285
2015-06-05,25.0049991607666,19.952362060546875
2015-06-08,24.915000915527344,19.880552291870117
2015-06-09,24.93000030517578,19.892518997192383
2015-06-10,25.190000534057617,20.099987030029297
2015-06-11,25.25,20.14785385131836
2015-06-12,25.100000381469727,20.02816390991211
2015-06-15,24.94499969482422,19.904481887817383
2015-06-16,25.075000762939453,20.008214950561523
2015-06-17,25.18000030517578,20.09199333190918
2015-06-18,25.389999389648438,20.259557723999023
2015-06-19,25.104999542236328,20.12369155883789
2015-06-22,25.200000762939453,20.19984245300293
2015-06-23,25.1299991607666,20.14373779296875
2015-06-24,24.809999465942383,19.887231826782227
2015-06-25,24.790000915527344,19.871196746826172
2015-06-26,24.69499969482422,19.795053482055664
2015-06-29,24.1200008392334,19.334135055541992
2015-06-30,24.19499969482422,19.394262313842773
2015-07-01,24.329999923706055,19.502471923828125
2015-07-02,24.2549991607666,19.442350387573242
2015-07-06,24.05500030517578,19.28203010559082
2015-07-07,23.975000381469727,19.217906951904297
2015-07-08,23.450000762939453,18.797077178955078
2015-07-09,23.520000457763672,18.85318946838379
2015-07-10,23.850000381469727,19.11771583557129
2015-07-13,24.110000610351562,19.326120376586914
2015-07-14,24.2450008392334,19.43433380126953
2015-07-15,24.05500030517578,19.28203010559082
2015-07-16,23.9950008392334,19.233945846557617
2015-07-17,23.829999923706055,19.1016845703125
2015-07-20,23.6299991607666,18.941364288330078
2015-07-21,23.485000610351562,18.82512855529785
2015-07-22,23.385000228881836,18.744977951049805
2015-07-23,23.045000076293945,18.472442626953125
2015-07-24,22.540000915527344,18.067644119262695
2015-07-27,22.290000915527344,17.86724853515625
2015-07-28,22.7549991607666,18.239974975585938
2015-07-29,22.920000076293945,18.372249603271484
2015-07-30,23.03499984741211,18.46441650390625
2015-07-31,22.975000381469727,18.416330337524414
2015-08-03,22.795000076293945,18.272045135498047
2015-08-04,22.895000457763672,18.35219955444336
2015-08-05,23.010000228881836,18.444385528564453
2015-08-06,22.93000030517578,18.380258560180664
2015-08-07,22.610000610351562,18.123748779296875
2015-08-10,23.165000915527344,18.568626403808594
2015-08-11,22.735000610351562,18.22395133972168
2015-08-12,22.81999969482422,18.29207992553711
2015-08-13,22.7549991607666,18.239974975585938
2015-08-14,22.860000610351562,18.324146270751953
2015-08-17,22.989999771118164,18.42835235595703
2015-08-18,22.84000015258789,18.30811309814453
2015-08-19,22.559999465942383,18.08367347717285
2015-08-20,22.135000228881836,17.74300193786621
2015-08-21,21.594999313354492,17.310148239135742
2015-08-24,20.690000534057617,16.584716796875
2015-08-25,20.364999771118164,16.324207305908203
2015-08-26,20.915000915527344,16.76507568359375
2015-08-27,21.674999237060547,17.374271392822266
2015-08-28,21.799999237060547,17.474464416503906
2015-08-31,21.68000030517578,17.37828254699707
2015-09-01,21.020000457763672,16.8492431640625
2015-09-02,21.31999969482422,17.08971405029297
2015-09-03,21.450000762939453,17.193923950195312
2015-09-04,21.024999618530273,16.853242874145508
2015-09-08,21.549999237060547,17.274076461791992
2015-09-09,21.385000228881836,17.14181137084961
2015-09-10,21.434999465942383,17.181894302368164
2015-09-11,21.405000686645508,17.15784454345703
2015-09-14,21.149999618530273,16.953439712524414
2015-09-15,21.30500030517578,17.07769012451172
2015-09-16,21.610000610351562,17.322166442871094
2015-09-17,21.510000228881836,17.24201202392578
2015-09-18,20.940000534057617,16.87848663330078
2015-09-21,21.010000228881836,16.934906005859375
2015-09-22,20.6200008392334,16.620555877685547
2015-09-23,20.18000030517578,16.265897750854492
2015-09-24,20.125,16.221561431884766
2015-09-25,20.100000381469727,16.201414108276367
2015-09-28,19.475000381469727,15.697637557983398
2015-09-29,19.549999237060547,15.75809097290039
2015-09-30,19.959999084472656,16.08856773376465
2015-10-01,20.184999465942383,16.269922256469727
2015-10-02,20.68000030517578,16.668914794921875
2015-10-05,21.219999313354492,17.10417938232422
2015-10-06,21.4950008392334,17.32584571838379
2015-10-07,21.780000686645508,17.55556297302246
2015-10-08,22.084999084472656,17.801403045654297
2015-10-09,22.075000762939453,17.79334259033203
2015-10-12,21.885000228881836,17.64019012451172
2015-10-13,21.799999237060547,17.571680068969727
2015-10-14,21.975000381469727,17.71273422241211
2015-10-15,22.03499984741211,17.761096954345703
2015-10-16,22.045000076293945,17.769166946411133
2015-10-19,21.889999389648438,17.644222259521484
2015-10-20,21.924999237060547,17.672439575195312
2015-10-21,21.729999542236328,17.5152587890625
2015-10-22,22.325000762939453,17.994857788085938
2015-10-23,22.510000228881836,18.143972396850586
2015-10-26,22.325000762939453,17.994857788085938
2015-10-27,22.229999542236328,17.91827964782715
2015-10-28,22.565000534057617,18.18830108642578
2015-10-29,22.610000610351562,18.22456932067871
2015-10-30,22.639999389648438,18.248756408691406
2015-11-02,22.780000686645508,18.361604690551758
2015-11-03,22.8700008392334,18.43414306640625
2015-11-04,22.719999313354492,18.3132381439209
2015-11-05,22.604999542236328,18.220548629760742
2015-11-06,22.665000915527344,18.26890754699707
2015-11-09,22.510000228881836,18.143972396850586
2015-11-10,22.344999313354492,18.010974884033203
2015-11-11,22.3700008392334,18.031126022338867
2015-11-12,21.920000076293945,17.668407440185547
2015-11-13,22.200000762939453,17.894100189208984
2015-11-16,22.485000610351562,18.123823165893555
2015-11-17,22.459999084472656,18.10366439819336
2015-11-18,22.860000610351562,18.426088333129883
2015-11-19,22.834999084472656,18.40593719482422
2015-11-20,22.764999389648438,18.349519729614258
2015-11-23,22.795000076293945,18.373693466186523
2015-11-24,22.985000610351562,18.52684211730957
2015-11-25,22.84000015258789,18.40996551513672
2015-11-27,22.809999465942383,18.385780334472656
2015-11-30,22.864999771118164,18.43011474609375
2015-12-01,23.024999618530273,18.559083938598633
2015-12-02,22.71500015258789,18.3092098236084
2015-12-03,22.514999389648438,18.14800453186035
2015-12-04,22.90999984741211,18.466386795043945
2015-12-07,22.5,18.135913848876953
2015-12-08,22.075000762939453,17.79334259033203
2015-12-09,22.739999771118164,18.329362869262695
2015-12-10,22.56999969482422,18.19232749938965
2015-12-11,21.969999313354492,17.708709716796875
2015-12-14,21.68000030517578,17.47496795654297
2015-12-15,21.799999237060547,17.571680068969727
2015-12-16,22.024999618530273,17.753034591674805
2015-12-17,21.584999084472656,17.398380279541016
2015-12-18,21.135000228881836,17.163286209106445
2015-12-21,21.325000762939453,17.317584991455078
2015-12-22,21.594999313354492,17.536848068237305
2015-12-23,22.104999542236328,17.951004028320312
2015-12-24,22.05500030517578,17.910400390625
2015-12-28,21.899999618530273,17.78453254699707
2015-12-29,22.104999542236328,17.951004028320312
2015-12-30,21.899999618530273,17.78453254699707
2015-12-31,21.709999084472656,17.630229949951172
2016-01-04,21.3700008392334,17.354127883911133
2016-01-05,21.360000610351562,17.346006393432617
2016-01-06,20.799999237060547,16.891244888305664
2016-01-07,20.235000610351562,16.432411193847656
2016-01-08,20.030000686645508,16.26594352722168
2016-01-11,19.690000534057617,15.989837646484375
2016-01-12,19.719999313354492,16.01419448852539
2016-01-13,19.264999389648438,15.644702911376953
2016-01-14,19.524999618530273,15.85583782196045
2016-01-15,19.125,15.531013488769531
2016-01-19,18.889999389648438,15.340168952941895
2016-01-20,18.75,15.226481437683105
2016-01-21,18.915000915527344,15.3604736328125
2016-01-22,19.2549991607666,15.636576652526855
2016-01-25,18.639999389648438,15.1371488571167
2016-01-26,18.959999084472656,15.397012710571289
2016-01-27,18.809999465942383,15.275203704833984
2016-01-28,18.84000015258789,15.29957103729248
2016-01-29,19.385000228881836,15.742148399353027
2016-02-01,19.46500015258789,15.807116508483887
2016-02-02,19.334999084472656,15.701542854309082
2016-02-03,19.985000610351562,16.22939682006836
2016-02-04,20.540000915527344,16.680103302001953
2016-02-05,20.30500030517578,16.4892635345459
2016-02-08,19.770000457763672,16.0548038482666
2016-02-09,20.014999389648438,16.253755569458008
2016-02-10,19.825000762939453,16.099464416503906
2016-02-11,19.395000457763672,15.750269889831543
2016-02-12,19.969999313354492,16.217212677001953
2016-02-16,20.274999618530273,16.46489143371582
2016-02-17,20.674999237060547,16.78972816467285
2016-02-18,20.614999771118164,16.74100685119629
2016-02-19,20.375,16.54610824584961
2016-02-22,20.764999389648438,16.862815856933594
2016-02-23,20.2549991607666,16.44865608215332
2016-02-24,20.46500015258789,16.61919593811035
2016-02-25,20.729999542236328,16.834396362304688
2016-02-26,21.030000686645508,17.07801628112793
2016-02-29,20.899999618530273,16.972448348999023
2016-03-01,21.434999465942383,17.406904220581055
2016-03-02,21.350000381469727,17.3378849029541
2016-03-03,21.479999542236328,17.443452835083008
2016-03-04,21.729999542236328,17.646472930908203
2016-03-07,21.979999542236328,17.849491119384766
2016-03-08,21.549999237060547,17.50029945373535
2016-03-09,21.684999465942383,17.60993003845215
2016-03-10,21.799999237060547,17.703317642211914
2016-03-11,22.200000762939453,18.028148651123047
2016-03-14,22.049999237060547,17.906341552734375
2016-03-15,22.100000381469727,17.946943283081055
2016-03-16,22.28499984741211,18.09718132019043
2016-03-17,22.69499969482422,18.430130004882812
2016-03-18,22.709999084472656,18.506319046020508
2016-03-21,22.815000534057617,18.591888427734375
2016-03-22,22.55500030517578,18.38001251220703
2016-03-23,22.274999618530273,18.151844024658203
2016-03-24,22.274999618530273,18.151844024658203
2016-03-28,22.3700008392334,18.22925567626953
2016-03-29,22.4950008392334,18.33112144470215
2016-03-30,22.594999313354492,18.412609100341797
2016-03-31,22.405000686645508,18.257781982421875
2016-04-01,22.6200008392334,18.432987213134766
2016-04-04,22.325000762939453,18.19259262084961
2016-04-05,22.184999465942383,18.078502655029297
2016-04-06,22.440000534057617,18.286298751831055
2016-04-07,22.114999771118164,18.02145767211914
2016-04-08,22.260000228881836,18.13962173461914
2016-04-11,22.360000610351562,18.221111297607422
2016-04-12,22.670000076293945,18.473724365234375
2016-04-13,22.895000457763672,18.65708351135254
2016-04-14,22.90999984741211,18.669301986694336
2016-04-15,23.014999389648438,18.754873275756836
2016-04-18,23.1200008392334,18.84042739868164
2016-04-19,23.614999771118164,19.243806838989258
2016-04-20,23.545000076293945,19.186765670776367
2016-04-21,23.440000534057617,19.1012020111084
2016-04-22,23.604999542236328,19.23565673828125
2016-04-25,23.524999618530273,19.170461654663086
2016-04-26,23.71500015258789,19.325298309326172
2016-04-27,23.915000915527344,19.488277435302734
2016-04-28,23.690000534057617,19.304927825927734
2016-04-29,23.549999237060547,19.19084358215332
2016-05-02,23.635000228881836,19.26010513305664
2016-05-03,23.2450008392334,18.94229507446289
2016-05-04,23.010000228881836,18.750789642333984
2016-05-05,22.895000457763672,18.65708351135254
2016-05-06,23.079999923706055,18.807832717895508
2016-05-09,22.799999237060547,18.579669952392578
2016-05-10,23.18000030517578,18.889324188232422
2016-05-11,23.100000381469727,18.82413673400879
2016-05-12,23.200000762939453,18.905624389648438
2016-05-13,22.975000381469727,18.72226905822754
2016-05-16,23.3700008392334,19.044160842895508
2016-05-17,23.25,18.94637107849121
2016-05-18,22.895000457763672,18.65708351135254
2016-05-19,22.975000381469727,18.72226905822754
2016-05-20,23.139999389648438,18.856725692749023
2016-05-23,23.40999984741211,19.076749801635742
2016-05-24,23.565000534057617,19.203062057495117
2016-05-25,23.854999542236328,19.43937873840332
2016-05-26,23.600000381469727,19.23158073425293
2016-05-27,23.59000015258789,19.223434448242188
2016-05-31,23.469999313354492,19.125642776489258
2016-06-01,23.5,19.150096893310547
2016-06-02,23.6299991607666,19.256027221679688
2016-06-03,23.829999923706055,19.419004440307617
2016-06-06,24.075000762939453,19.61865997314453
2016-06-07,24.084999084472656,19.626808166503906
2016-06-08,24.225000381469727,19.74089241027832
2016-06-09,24.049999237060547,19.598285675048828
2016-06-10,23.8700008392334,19.451602935791016
2016-06-13,23.604999542236328,19.23565673828125
2016-06-14,23.43000030517578,19.093053817749023
2016-06-15,23.53499984741211,19.178617477416992
2016-06-16,23.614999771118164,19.243806838989258
2016-06-17,23.600000381469727,19.3277530670166
2016-06-20,23.735000610351562,19.438310623168945
2016-06-21,23.670000076293945,19.385080337524414
2016-06-22,23.69499969482422,19.405553817749023
2016-06-23,24.059999465942383,19.704479217529297
2016-06-24,23.010000228881836,18.844554901123047
2016-06-27,22.235000610351562,18.20985221862793
2016-06-28,22.424999237060547,18.36545753479004
2016-06-29,22.80500030517578,18.67667007446289
2016-06-30,23.170000076293945,18.97559356689453
2016-07-01,23.18000030517578,18.983781814575195
2016-07-05,22.760000228881836,18.639814376831055
2016-07-06,22.850000381469727,18.713523864746094
2016-07-07,22.90999984741211,18.762657165527344
2016-07-08,23.479999542236328,19.22947120666504
2016-07-11,23.594999313354492,19.32365608215332
2016-07-12,24.024999618530273,19.675811767578125
2016-07-13,24.09000015258789,19.729045867919922
2016-07-14,24.30500030517578,19.905128479003906
2016-07-15,24.389999389648438,19.9747371673584
2016-07-18,24.549999237060547,20.105772018432617
2016-07-19,24.405000686645508,19.987024307250977
2016-07-20,24.415000915527344,19.995214462280273
2016-07-21,24.264999389648438,19.87236785888672
2016-07-22,24.329999923706055,19.925601959228516
2016-07-25,24.290000915527344,19.892837524414062
2016-07-26,24.475000381469727,20.044349670410156
2016-07-27,24.5049991607666,20.068920135498047
2016-07-28,24.469999313354492,20.040254592895508
2016-07-29,24.344999313354492,19.937889099121094
2016-08-01,24.209999084472656,19.82732391357422
2016-08-02,24.145000457763672,19.774093627929688
2016-08-03,24.204999923706055,19.823230743408203
2016-08-04,24.30500030517578,19.905128479003906
2016-08-05,24.385000228881836,19.970640182495117
2016-08-08,24.434999465942383,20.011594772338867
2016-08-09,24.360000610351562,19.950172424316406
2016-08-10,24.364999771118164,19.954267501831055
2016-08-11,24.469999313354492,20.040254592895508
2016-08-12,24.209999084472656,19.82732391357422
2016-08-15,24.454999923706055,20.02797508239746
2016-08-16,24.325000762939453,19.921506881713867
2016-08-17,24.30500030517578,19.905128479003906
2016-08-18,24.459999084472656,20.032066345214844
2016-08-19,24.4950008392334,20.06073570251465
2016-08-22,24.459999084472656,20.032066345214844
2016-08-23,24.670000076293945,20.204051971435547
2016-08-24,24.385000228881836,19.970640182495117
2016-08-25,24.5049991607666,20.068920135498047
2016-08-26,24.364999771118164,19.954267501831055
2016-08-29,24.584999084472656,20.134435653686523
2016-08-30,24.524999618530273,20.085298538208008
2016-08-31,24.280000686645508,19.88465118408203
2016-09-01,24.3799991607666,19.9665470123291
2016-09-02,24.625,20.16719627380371
2016-09-06,24.56999969482422,20.12215232849121
2016-09-07,24.53499984741211,20.093486785888672
2016-09-08,24.43000030517578,20.00749969482422
2016-09-09,23.719999313354492,19.426023483276367
2016-09-12,23.94499969482422,19.61029815673828
2016-09-13,23.5,19.2458553314209
2016-09-14,23.44499969482422,19.2008056640625
2016-09-15,23.594999313354492,19.32365608215332
2016-09-16,23.3799991607666,19.246273040771484
2016-09-19,23.415000915527344,19.275089263916016
2016-09-20,23.344999313354492,19.217466354370117
2016-09-21,23.700000762939453,19.50969696044922
2016-09-22,23.774999618530273,19.571439743041992
2016-09-23,23.655000686645508,19.472658157348633
2016-09-26,23.545000076293945,19.382102966308594
2016-09-27,23.614999771118164,19.439727783203125
2016-09-28,23.885000228881836,19.661983489990234
2016-09-29,23.700000762939453,19.50969696044922
2016-09-30,23.875,19.65376091003418
2016-10-03,23.844999313354492,19.629056930541992
2016-10-04,23.520000457763672,19.361526489257812
2016-10-05,23.68000030517578,19.49323272705078
2016-10-06,23.875,19.65376091003418
2016-10-07,23.43000030517578,19.287433624267578
2016-10-10,23.56999969482422,19.40267562866211
2016-10-11,23.25,19.139265060424805
2016-10-12,23.204999923706055,19.102218627929688
2016-10-13,23.084999084472656,19.003433227539062
2016-10-14,23.15999984741211,19.065174102783203
2016-10-17,23.18000030517578,19.08163833618164
2016-10-18,23.389999389648438,19.2545108795166
2016-10-19,23.559999465942383,19.394447326660156
2016-10-20,23.540000915527344,19.377986907958984
2016-10-21,23.530000686645508,19.369752883911133
2016-10-24,23.584999084472656,19.41503143310547
2016-10-25,23.3700008392334,19.23804473876953
2016-10-26,23.334999084472656,19.209228515625
2016-10-27,23.30500030517578,19.184534072875977
2016-10-28,23.364999771118164,19.233930587768555
2016-10-31,23.375,19.242162704467773
2016-11-01,23.239999771118164,19.131031036376953
2016-11-02,23.114999771118164,19.028127670288086
2016-11-03,23.1200008392334,19.032243728637695
2016-11-04,23.200000762939453,19.098102569580078
2016-11-07,23.55500030517578,19.390338897705078
2016-11-08,23.6299991607666,19.452077865600586
2016-11-09,24.1299991607666,19.863676071166992
2016-11-10,24.40999984741211,20.094165802001953
2016-11-11,24.075000762939453,19.818395614624023
2016-11-14,24.1299991607666,19.863676071166992
2016-11-15,24.229999542236328,19.94598388671875
2016-11-16,24.184999465942383,19.90894889831543
2016-11-17,24.19499969482422,19.91718101501465
2016-11-18,24.15999984741211,19.888362884521484
2016-11-21,24.44499969482422,20.12297821044922
2016-11-22,24.594999313354492,20.246456146240234
2016-11-23,24.704999923706055,20.337011337280273
2016-11-25,24.780000686645508,20.398752212524414
2016-11-28,24.68000030517578,20.31643295288086
2016-11-29,24.704999923706055,20.337011337280273
2016-11-30,24.969999313354492,20.55515480041504
2016-12-01,24.979999542236328,20.563383102416992
2016-12-02,24.989999771118164,20.571613311767578
2016-12-05,25.184999465942383,20.732141494750977
2016-12-06,25.21500015258789,20.756837844848633
2016-12-07,25.575000762939453,21.053180694580078
2016-12-08,25.7450008392334,21.19312858581543
2016-12-09,25.75,21.197250366210938
2016-12-12,25.635000228881836,21.102581024169922
2016-12-13,25.594999313354492,21.069652557373047
2016-12-14,25.290000915527344,20.818578720092773
2016-12-15,25.454999923706055,20.95440673828125
2016-12-16,25.209999084472656,20.8897705078125
2016-12-19,25.15999984741211,20.848339080810547
2016-12-20,25.18000030517578,20.864912033081055
2016-12-21,25.190000534057617,20.87320327758789
2016-12-22,25.084999084472656,20.78619384765625
2016-12-23,25.135000228881836,20.827619552612305
2016-12-27,25.270000457763672,20.939489364624023
2016-12-28,25.014999389648438,20.728185653686523
2016-12-29,25.014999389648438,20.728185653686523
2016-12-30,24.850000381469727,20.59146499633789
2017-01-03,24.9950008392334,20.711618423461914
2017-01-04,25.360000610351562,21.014060974121094
2017-01-05,25.28499984741211,20.95191192626953
2017-01-06,25.309999465942383,20.972631454467773
2017-01-09,25.30500030517578,20.968490600585938
2017-01-10,25.31999969482422,20.98091697692871
2017-01-11,25.524999618530273,21.15078353881836
2017-01-12,25.475000381469727,21.10935401916504
2017-01-13,25.434999465942383,21.076210021972656
2017-01-17,25.31999969482422,20.98091697692871
2017-01-18,25.479999542236328,21.11350440979004
2017-01-19,25.31999969482422,20.98091697692871
2017-01-20,25.545000076293945,21.167369842529297
2017-01-23,25.594999313354492,21.208797454833984
2017-01-24,26.2549991607666,21.755693435668945
2017-01-25,26.43000030517578,21.90069580078125
2017-01-26,26.5,21.95870590209961
2017-01-27,26.405000686645508,21.879987716674805
2017-01-30,26.135000228881836,21.656261444091797
2017-01-31,25.979999542236328,21.527814865112305
2017-02-01,26.110000610351562,21.635540008544922
2017-02-02,25.9950008392334,21.54024314880371
2017-02-03,26.040000915527344,21.577531814575195
2017-02-06,25.969999313354492,21.51953125
2017-02-07,25.764999389648438,21.349655151367188
2017-02-08,25.825000762939453,21.399375915527344
2017-02-09,25.815000534057617,21.391094207763672
2017-02-10,26.049999237060547,21.585826873779297
2017-02-13,26.264999389648438,21.763978958129883
2017-02-14,26.260000228881836,21.75983238220215
2017-02-15,26.225000381469727,21.73082733154297
2017-02-16,26.225000381469727,21.73082733154297
2017-02-17,26.149999618530273,21.668678283691406
2017-02-21,26.235000610351562,21.73911476135254
2017-02-22,26.30500030517578,21.797121047973633
2017-02-23,26.15999984741211,21.67696189880371
2017-02-24,26.21500015258789,21.72254753112793
2017-02-27,26.149999618530273,21.668678283691406
2017-02-28,26.125,21.647966384887695
2017-03-01,26.635000228881836,22.070568084716797
2017-03-02,26.350000381469727,21.83441162109375
2017-03-03,26.329999923706055,21.817832946777344
2017-03-06,26.15999984741211,21.67696189880371
2017-03-07,26.014999389648438,21.556825637817383
2017-03-08,26.014999389648438,21.556825637817383
2017-03-09,25.934999465942383,21.490528106689453
2017-03-10,26.05500030517578,21.58995819091797
2017-03-13,26.1299991607666,21.652114868164062
2017-03-14,25.905000686645508,21.465669631958008
2017-03-15,26.31999969482422,21.809551239013672
2017-03-16,26.139999389648438,21.660396575927734
2017-03-17,26.170000076293945,21.75349235534668
2017-03-20,26.315000534057617,21.874021530151367
2017-03-21,25.875,21.508285522460938
2017-03-22,25.950000762939453,21.570621490478516
2017-03-23,26.059999465942383,21.662057876586914
2017-03-24,25.829999923706055,21.47087287902832
2017-03-27,25.885000228881836,21.51658821105957
2017-03-28,26.184999465942383,21.76596450805664
2017-03-29,26.204999923706055,21.7825870513916
2017-03-30,26.209999084472656,21.786741256713867
2017-03-31,26.204999923706055,21.7825870513916
2017-04-03,26.104999542236328,21.699460983276367
2017-04-04,26.200000762939453,21.7784366607666
2017-04-05,26.18000030517578,21.761808395385742
2017-04-06,26.31999969482422,21.878183364868164
2017-04-07,26.295000076293945,21.85740089416504
2017-04-10,26.299999237060547,21.861557006835938
2017-04-11,26.229999542236328,21.80337142944336
2017-04-12,25.905000686645508,21.53321647644043
2017-04-13,25.655000686645508,21.32541275024414
2017-04-17,25.84000015258789,21.47918701171875
2017-04-18,25.809999465942383,21.454256057739258
2017-04-19,25.844999313354492,21.483339309692383
2017-04-20,26.1299991607666,21.720247268676758
2017-04-21,26.100000381469727,21.695310592651367
2017-04-24,26.399999618530273,21.944683074951172
2017-04-25,26.825000762939453,22.29796028137207
2017-04-26,26.81999969482422,22.293792724609375
2017-04-27,26.760000228881836,22.243927001953125
2017-04-28,26.53499984741211,22.056894302368164
2017-05-01,26.549999237060547,22.069364547729492
2017-05-02,26.594999313354492,22.10677146911621
2017-05-03,26.334999084472656,21.89065170288086
2017-05-04,26.364999771118164,21.915590286254883
2017-05-05,26.739999771118164,22.227298736572266
2017-05-08,26.524999618530273,22.048580169677734
2017-05-09,26.325000762939453,21.882341384887695
2017-05-10,26.40999984741211,21.95299530029297
2017-05-11,26.3700008392334,21.919748306274414
2017-05-12,26.30500030517578,21.865711212158203
2017-05-15,26.53499984741211,22.056894302368164
2017-05-16,26.540000915527344,22.06105613708496
2017-05-17,25.979999542236328,21.59556007385254
2017-05-18,25.9950008392334,21.6080265045166
2017-05-19,26.219999313354492,21.795055389404297
2017-05-22,26.25,21.819995880126953
2017-05-23,26.270000457763672,21.836618423461914
2017-05-24,26.44499969482422,21.982084274291992
2017-05-25,26.415000915527344,21.957155227661133
2017-05-26,26.46500015258789,21.998708724975586
2017-05-30,26.459999084472656,21.99455451965332
2017-05-31,26.540000915527344,22.06105613708496
2017-06-01,26.860000610351562,22.32705307006836
2017-06-02,26.924999237060547,22.38108253479004
2017-06-05,26.84000015258789,22.310422897338867
2017-06-06,26.854999542236328,22.322895050048828
2017-06-07,26.889999389648438,22.351985931396484
2017-06-08,26.969999313354492,22.418487548828125
2017-06-09,27.315000534057617,22.705265045166016
2017-06-12,27.209999084472656,22.617982864379883
2017-06-13,27.549999237060547,22.900606155395508
2017-06-14,27.260000228881836,22.659547805786133
2017-06-15,27.020000457763672,22.460044860839844
2017-06-16,27.010000228881836,22.556917190551758
2017-06-19,27.225000381469727,22.736474990844727
2017-06-20,27.075000762939453,22.611207962036133
2017-06-21,26.790000915527344,22.373193740844727
2017-06-22,26.81999969482422,22.39824676513672
2017-06-23,26.924999237060547,22.48593521118164
2017-06-26,27.0049991607666,22.55274772644043
2017-06-27,26.84000015258789,22.414949417114258
2017-06-28,27.084999084472656,22.61956024169922
2017-06-29,26.760000228881836,22.34814453125
2017-06-30,26.905000686645508,22.46923828125
2017-07-03,27.139999389648438,22.665496826171875
2017-07-05,27.049999237060547,22.59033203125
2017-07-06,26.93000030517578,22.4901123046875
2017-07-07,27.06999969482422,22.607032775878906
2017-07-10,27.239999771118164,22.749004364013672
2017-07-11,27.200000762939453,22.715606689453125
2017-07-12,27.514999389648438,22.978666305541992
2017-07-13,27.485000610351562,22.953611373901367
2017-07-14,27.625,23.070539474487305
2017-07-17,27.68000030517578,23.1164608001709
2017-07-18,27.565000534057617,23.02042007446289
2017-07-19,27.829999923706055,23.241731643676758
2017-07-20,27.625,23.070539474487305
2017-07-21,27.6299991607666,23.0747013092041
2017-07-24,27.604999542236328,23.0538272857666
2017-07-25,27.899999618530273,23.30019187927246
2017-07-26,27.729999542236328,23.158222198486328
2017-07-27,27.6299991607666,23.0747013092041
2017-07-28,27.530000686645508,22.991191864013672
2017-07-31,27.31999969482422,22.815811157226562
2017-08-01,27.34000015258789,22.832515716552734
2017-08-02,27.364999771118164,22.853395462036133
2017-08-03,27.15999984741211,22.682193756103516
2017-08-04,27.290000915527344,22.790761947631836
2017-08-07,27.30500030517578,22.80329132080078
2017-08-08,27.09000015258789,22.62373161315918
2017-08-09,27.114999771118164,22.64461326599121
2017-08-10,26.80500030517578,22.385723114013672
2017-08-11,26.739999771118164,22.331436157226562
2017-08-14,26.989999771118164,22.540224075317383
2017-08-15,26.9950008392334,22.544397354125977
2017-08-16,27.260000228881836,22.765703201293945
2017-08-17,26.844999313354492,22.419126510620117
2017-08-18,26.854999542236328,22.42747688293457
2017-08-21,26.8799991607666,22.4483585357666
2017-08-22,27.229999542236328,22.74065399169922
2017-08-23,27.18000030517578,22.698894500732422
2017-08-24,27.1299991607666,22.657136917114258
2017-08-25,27.21500015258789,22.728124618530273
2017-08-28,27.2549991607666,22.761533737182617
2017-08-29,27.125,22.652963638305664
2017-08-30,27.325000762939453,22.819995880126953
2017-08-31,27.53499984741211,22.995365142822266
2017-09-01,27.71500015258789,23.14569091796875
2017-09-05,27.399999618530273,22.882625579833984
2017-09-06,27.469999313354492,22.941083908081055
2017-09-07,27.514999389648438,22.978666305541992
2017-09-08,27.5049991607666,22.970314025878906
2017-09-11,27.864999771118164,23.27096176147461
2017-09-12,28.100000381469727,23.467220306396484
2017-09-13,28.09000015258789,23.458866119384766
2017-09-14,28.184999465942383,23.5382022857666
2017-09-15,28.03499984741211,23.53904151916504
2017-09-18,28.190000534057617,23.6691837310791
2017-09-19,28.334999084472656,23.790931701660156
2017-09-20,28.434999465942383,23.874895095825195
2017-09-21,28.375,23.824508666992188
2017-09-22,28.274999618530273,23.740554809570312
2017-09-25,28.325000762939453,23.782533645629883
2017-09-26,28.200000762939453,23.67758560180664
2017-09-27,28.200000762939453,23.67758560180664
2017-09-28,28.399999618530273,23.845510482788086
2017-09-29,28.399999618530273,23.845510482788086
2017-10-02,28.709999084472656,24.105796813964844
2017-10-03,28.829999923706055,24.20654296875
2017-10-04,28.84000015258789,24.214942932128906
2017-10-05,29.014999389648438,24.361879348754883
2017-10-06,28.950000762939453,24.307313919067383
2017-10-09,28.94499969482422,24.3031063079834
2017-10-10,28.96500015258789,24.31989860534668
2017-10-11,28.979999542236328,24.332489013671875
2017-10-12,29.03499984741211,24.378673553466797
2017-10-13,29.174999237060547,24.49622344970703
2017-10-16,29.155000686645508,24.479427337646484
2017-10-17,29.079999923706055,24.416458129882812
2017-10-18,29.010000228881836,24.357688903808594
2017-10-19,29.1200008392334,24.450042724609375
2017-10-20,29.3700008392334,24.659944534301758
2017-10-23,29.315000534057617,24.613771438598633
2017-10-24,29.479999542236328,24.752307891845703
2017-10-25,29.325000762939453,24.622167587280273
2017-10-26,29.71500015258789,24.949628829956055
2017-10-27,29.559999465942383,24.819475173950195
2017-10-30,29.420000076293945,24.701929092407227
2017-10-31,29.5,24.769102096557617
2017-11-01,29.645000457763672,24.890850067138672
2017-11-02,29.43000030517578,24.710325241088867
2017-11-03,29.415000915527344,24.697736740112305
2017-11-06,29.290000915527344,24.59278106689453
2017-11-07,29.31999969482422,24.61796760559082
2017-11-08,29.350000381469727,24.643156051635742
2017-11-09,29.100000381469727,24.43325424194336
2017-11-10,29.05500030517578,24.39546775817871
2017-11-13,29.204999923706055,24.52140998840332
2017-11-14,28.940000534057617,24.29891014099121
2017-11-15,28.764999389648438,24.151973724365234
2017-11-16,29.114999771118164,24.44584083557129
2017-11-17,29.155000686645508,24.479427337646484
2017-11-20,29.19499969482422,24.513011932373047
2017-11-21,29.350000381469727,24.643156051635742
2017-11-22,29.270000457763672,24.575986862182617
2017-11-24,29.420000076293945,24.701929092407227
2017-11-27,29.2450008392334,24.55500030517578
2017-11-28,29.56999969482422,24.827877044677734
2017-11-29,29.614999771118164,24.86565589904785
2017-11-30,29.780000686645508,25.004196166992188
2017-12-01,29.53499984741211,24.79848861694336
2017-12-04,29.84000015258789,25.054576873779297
2017-12-05,29.690000534057617,24.928632736206055
2017-12-06,29.514999389648438,24.781692504882812
2017-12-07,29.71500015258789,24.949628829956055
2017-12-08,29.71500015258789,24.949628829956055
2017-12-11,29.7549991607666,24.98320770263672
2017-12-12,29.760000228881836,24.987407684326172
2017-12-13,29.84000015258789,25.054576873779297
2017-12-14,29.510000228881836,24.777498245239258
2017-12-15,29.540000915527344,24.9243106842041
2017-12-18,29.975000381469727,25.291336059570312
2017-12-19,29.940000534057617,25.261812210083008
2017-12-20,29.950000762939453,25.270252227783203
2017-12-21,30.05500030517578,25.358837127685547
2017-12-22,30.170000076293945,25.455875396728516
2017-12-26,30.145000457763672,25.43477439880371
2017-12-27,30.184999465942383,25.468528747558594
2017-12-28,30.31999969482422,25.582433700561523
2017-12-29,30.264999389648438,25.536029815673828
2018-01-02,30.69499969482422,25.898836135864258
2018-01-03,30.90999984741211,26.08024024963379
2018-01-04,31.18000030517578,26.30805778503418
2018-01-05,31.43000030517578,26.51899528503418
2018-01-08,31.475000381469727,26.556961059570312
2018-01-09,31.424999237060547,26.514772415161133
2018-01-10,31.235000610351562,26.354461669921875
2018-01-11,31.645000457763672,26.700401306152344
2018-01-12,31.69499969482422,26.742584228515625
2018-01-16,31.325000762939453,26.430400848388672
2018-01-17,31.469999313354492,26.552745819091797
2018-01-18,31.450000762939453,26.53587532043457
2018-01-19,31.639999389648438,26.696182250976562
2018-01-22,31.565000534057617,26.632896423339844
2018-01-23,31.559999465942383,26.62867546081543
2018-01-24,31.69499969482422,26.742584228515625
2018-01-25,31.905000686645508,26.91977882385254
2018-01-26,32.04499816894531,27.03789520263672
2018-01-29,31.68000030517578,26.729930877685547
2018-01-30,31.450000762939453,26.53587532043457
2018-01-31,31.475000381469727,26.556961059570312
2018-02-01,31.045000076293945,26.194154739379883
2018-02-02,30.229999542236328,25.506498336791992
2018-02-05,29.075000762939453,24.531970977783203
2018-02-06,30.024999618530273,25.333526611328125
2018-02-07,29.7549991607666,25.105716705322266
2018-02-08,28.709999084472656,24.2239990234375
2018-02-09,29.209999084472656,24.645872116088867
2018-02-12,29.799999237060547,25.143686294555664
2018-02-13,29.725000381469727,25.08040428161621
2018-02-14,30.125,25.41790008544922
2018-02-15,30.350000381469727,25.60774803161621
2018-02-16,30.239999771118164,25.514930725097656
2018-02-20,30.104999542236328,25.401029586791992
2018-02-21,30.0,25.312435150146484
2018-02-22,30.200000762939453,25.481185913085938
2018-02-23,30.645000457763672,25.85665512084961
2018-02-26,30.780000686645508,25.970558166503906
2018-02-27,30.354999542236328,25.611961364746094
2018-02-28,29.815000534057617,25.156339645385742
2018-03-01,29.510000228881836,24.898996353149414
2018-03-02,29.479999542236328,24.87367820739746
2018-03-05,29.8700008392334,25.202749252319336
2018-03-06,30.200000762939453,25.481185913085938
2018-03-07,30.09000015258789,25.38837242126465
2018-03-08,30.114999771118164,25.409467697143555
2018-03-09,30.65999984741211,25.869304656982422
2018-03-12,30.584999084472656,25.806028366088867
2018-03-13,30.459999084472656,25.700557708740234
2018-03-14,30.084999084472656,25.384153366088867
2018-03-15,29.690000534057617,25.050870895385742
2018-03-16,29.575000762939453,25.04918098449707
2018-03-19,29.149999618530273,24.68921661376953
2018-03-20,29.1200008392334,24.663808822631836
2018-03-21,29.450000762939453,24.943307876586914
2018-03-22,28.56999969482422,24.19797134399414
2018-03-23,28.010000228881836,23.723661422729492
2018-03-26,28.584999084472656,24.210678100585938
2018-03-27,28.295000076293945,23.96504783630371
2018-03-28,27.934999465942383,23.66014289855957
2018-03-29,28.469999313354492,24.11327362060547
2018-04-02,27.850000381469727,23.588151931762695
2018-04-03,28.2450008392334,23.922712326049805
2018-04-04,28.43000030517578,24.07940101623535
2018-04-05,28.959999084472656,24.528287887573242
2018-04-06,28.2549991607666,23.931177139282227
2018-04-09,28.40999984741211,24.06245231628418
2018-04-10,28.9950008392334,24.557933807373047
2018-04-11,28.780000686645508,24.375839233398438
2018-04-12,29.084999084472656,24.634159088134766
2018-04-13,29.05500030517578,24.60875701904297
2018-04-16,29.44499969482422,24.939069747924805
2018-04-17,29.780000686645508,25.222808837890625
2018-04-18,29.9950008392334,25.404905319213867
2018-04-19,29.65999984741211,25.121170043945312
2018-04-20,29.5,24.985654830932617
2018-04-23,29.415000915527344,24.913667678833008
2018-04-24,28.6200008392334,24.240318298339844
2018-04-25,28.774999618530273,24.371604919433594
2018-04-26,28.954999923706055,24.5240535736084
2018-04-27,28.8799991607666,24.46053123474121
2018-04-30,28.5049991607666,24.142921447753906
2018-05-01,28.479999542236328,24.12174415588379
2018-05-02,28.415000915527344,24.066696166992188
2018-05-03,28.545000076293945,24.17679786682129
2018-05-04,28.899999618530273,24.47747039794922
2018-05-07,28.889999389648438,24.468997955322266
2018-05-08,28.829999923706055,24.418184280395508
2018-05-09,29.2450008392334,24.769683837890625
2018-05-10,29.454999923706055,24.94754409790039
2018-05-11,29.44499969482422,24.939069747924805
2018-05-14,29.559999465942383,25.036470413208008
2018-05-15,29.469999313354492,24.960241317749023
2018-05-16,29.81999969482422,25.256685256958008
2018-05-17,29.889999389648438,25.31597328186035
2018-05-18,29.93000030517578,25.3498477935791
2018-05-21,30.09000015258789,25.485368728637695
2018-05-22,29.84000015258789,25.27362632751465
2018-05-23,29.770000457763672,25.214340209960938
2018-05-24,29.665000915527344,25.12540626525879
2018-05-25,29.5049991607666,24.989892959594727
2018-05-29,28.9950008392334,24.557933807373047
2018-05-30,29.334999084472656,24.845901489257812
2018-05-31,29.09000015258789,24.638397216796875
2018-06-01,29.53499984741211,25.01529884338379
2018-06-04,29.704999923706055,25.159286499023438
2018-06-05,29.93000030517578,25.3498477935791
2018-06-06,30.485000610351562,25.81991958618164
2018-06-07,30.329999923706055,25.688644409179688
2018-06-08,30.415000915527344,25.76063346862793
2018-06-11,30.459999084472656,25.79875373840332
2018-06-12,30.5,25.832630157470703
2018-06-13,30.170000076293945,25.55313491821289
2018-06-14,30.21500015258789,25.59123992919922
2018-06-15,29.864999771118164,25.41254997253418
2018-06-18,29.790000915527344,25.348731994628906
2018-06-19,29.2450008392334,24.884984970092773
2018-06-20,29.149999618530273,24.80414390563965
2018-06-21,28.84000015258789,24.540369033813477
2018-06-22,29.260000228881836,24.897743225097656
2018-06-25,28.80500030517578,24.510583877563477
2018-06-26,28.915000915527344,24.60417938232422
2018-06-27,28.825000762939453,24.52759552001953
2018-06-28,28.934999465942383,24.62120246887207
2018-06-29,29.03499984741211,24.706295013427734
2018-07-02,28.8799991607666,24.574398040771484
2018-07-03,28.829999923706055,24.531850814819336
2018-07-05,29.079999923706055,24.744583129882812
2018-07-06,29.225000381469727,24.867963790893555
2018-07-09,29.485000610351562,25.08919906616211
2018-07-10,29.735000610351562,25.301929473876953
2018-07-11,29.235000610351562,24.876476287841797
2018-07-12,29.30500030517578,24.936037063598633
2018-07-13,29.290000915527344,24.923276901245117
2018-07-16,29.05500030517578,24.723308563232422
2018-07-17,29.434999465942383,25.046655654907227
2018-07-18,29.15999984741211,24.812652587890625
2018-07-19,29.264999389648438,24.902000427246094
2018-07-20,29.145000457763672,24.79988670349121
2018-07-23,28.985000610351562,24.663745880126953
2018-07-24,29.360000610351562,24.982837677001953
2018-07-25,29.59000015258789,25.17854881286621
2018-07-26,29.760000228881836,25.32320213317871
2018-07-27,29.649999618530273,25.229604721069336
2018-07-30,29.594999313354492,25.18280029296875
2018-07-31,29.864999771118164,25.41254997253418
2018-08-01,29.559999465942383,25.153018951416016
2018-08-02,29.364999771118164,24.98708724975586
2018-08-03,29.645000457763672,25.225345611572266
2018-08-06,29.635000228881836,25.21683692932129
2018-08-07,29.735000610351562,25.301929473876953
2018-08-08,29.610000610351562,25.19556427001953
2018-08-09,29.770000457763672,25.33171272277832
2018-08-10,29.34000015258789,24.9658203125
2018-08-13,29.045000076293945,24.714792251586914
2018-08-14,29.290000915527344,24.923276901245117
2018-08-15,28.825000762939453,24.52759552001953
2018-08-16,29.0,24.6765079498291
2018-08-17,29.21500015258789,24.859453201293945
2018-08-20,29.420000076293945,25.033889770507812
2018-08-21,29.53499984741211,25.131746292114258
2018-08-22,29.385000228881836,25.004114151000977
2018-08-23,29.184999465942383,24.833925247192383
2018-08-24,29.565000534057617,25.157276153564453
2018-08-27,29.969999313354492,25.50189208984375
2018-08-28,29.854999542236328,25.40403938293457
2018-08-29,30.079999923706055,25.59549331665039
2018-08-30,29.725000381469727,25.293420791625977
2018-08-31,29.635000228881836,25.21683692932129
2018-09-04,29.43000030517578,25.042400360107422
2018-09-05,29.625,25.208330154418945
2018-09-06,29.684999465942383,25.259384155273438
2018-09-07,29.489999771118164,25.093454360961914
2018-09-10,29.524999618530273,25.12324333190918
2018-09-11,29.584999084472656,25.174297332763672
2018-09-12,29.600000381469727,25.187055587768555
2018-09-13,29.71500015258789,25.284910202026367
2018-09-14,29.704999923706055,25.27640724182129
2018-09-17,29.809999465942383,25.36574935913086
2018-09-18,29.84000015258789,25.39127540588379
2018-09-19,30.165000915527344,25.667827606201172
2018-09-20,30.489999771118164,25.94437599182129
2018-09-21,30.280000686645508,25.88837432861328
2018-09-24,29.854999542236328,25.525014877319336
2018-09-25,29.700000762939453,25.392488479614258
2018-09-26,29.405000686645508,25.140270233154297
2018-09-27,29.149999618530273,24.92226219177246
2018-09-28,28.96500015258789,24.76408576965332
2018-10-01,29.2549991607666,25.012027740478516
2018-10-02,29.3799991607666,25.118900299072266
2018-10-03,29.170000076293945,24.939353942871094
2018-10-04,29.03499984741211,24.823938369750977
2018-10-05,28.81999969482422,24.640119552612305
2018-10-08,28.80500030517578,24.627302169799805
2018-10-09,27.850000381469727,23.810800552368164
2018-10-10,27.1200008392334,23.186681747436523
2018-10-11,26.80500030517578,22.9173583984375
2018-10-12,26.8799991607666,22.981481552124023
2018-10-15,26.790000915527344,22.9045352935791
2018-10-16,27.219999313354492,23.272180557250977
2018-10-17,27.045000076293945,23.1225528717041
2018-10-18,26.739999771118164,22.861787796020508
2018-10-19,26.549999237060547,22.699342727661133
2018-10-22,26.34000015258789,22.519805908203125
2018-10-23,26.079999923706055,22.297513961791992
2018-10-24,25.2549991607666,21.592164993286133
2018-10-25,25.579999923706055,21.870027542114258
2018-10-26,25.43000030517578,21.741790771484375
2018-10-29,25.3700008392334,21.690488815307617
2018-10-30,25.950000762939453,22.186370849609375
2018-10-31,26.30500030517578,22.48988151550293
2018-11-01,27.045000076293945,23.1225528717041
2018-11-02,26.979999542236328,23.06698226928711
2018-11-05,27.059999465942383,23.1353759765625
2018-11-06,27.5049991607666,23.515838623046875
2018-11-07,28.0,23.939050674438477
2018-11-08,27.8799991607666,23.836454391479492
2018-11-09,27.489999771118164,23.503015518188477
2018-11-12,27.084999084472656,23.156753540039062
2018-11-13,27.0049991607666,23.088359832763672
2018-11-14,26.975000381469727,23.062707901000977
2018-11-15,27.344999313354492,23.379039764404297
2018-11-16,27.6200008392334,23.61416244506836
2018-11-19,27.225000381469727,23.276445388793945
2018-11-20,26.729999542236328,22.853242874145508
2018-11-21,26.94499969482422,23.037057876586914
2018-11-23,26.655000686645508,22.78911590576172
2018-11-26,26.959999084472656,23.049880981445312
2018-11-27,26.6299991607666,22.767744064331055
2018-11-28,27.040000915527344,23.118282318115234
2018-11-29,27.235000610351562,23.284996032714844
2018-11-30,27.30500030517578,23.3448486328125
2018-12-03,27.78499984741211,23.755233764648438
2018-12-04,26.959999084472656,23.049880981445312
2018-12-06,26.594999313354492,22.737821578979492
2018-12-07,25.954999923706055,22.190645217895508
2018-12-10,26.024999618530273,22.250486373901367
2018-12-11,25.940000534057617,22.17782211303711
2018-12-12,26.165000915527344,22.37018394470215
2018-12-13,25.860000610351562,22.109420776367188
2018-12-14,25.65999984741211,21.938425064086914
2018-12-17,25.219999313354492,21.562238693237305
2018-12-18,25.360000610351562,21.68194007873535
2018-12-19,25.014999389648438,21.386974334716797
2018-12-20,24.68000030517578,21.100555419921875
2018-12-21,24.299999237060547,20.910818099975586
2018-12-24,23.670000076293945,20.36867904663086
2018-12-26,24.729999542236328,21.28084373474121
2018-12-27,25.184999465942383,21.672378540039062
2018-12-28,25.049999237060547,21.556209564208984
2018-12-31,25.260000228881836,21.736921310424805
2019-01-02,25.389999389648438,21.848785400390625
2019-01-03,24.670000076293945,21.22921371459961
2019-01-04,25.639999389648438,22.063922882080078
2019-01-07,25.729999542236328,22.141366958618164
2019-01-08,26.0,22.37371063232422
2019-01-09,26.010000228881836,22.382314682006836
2019-01-10,26.239999771118164,22.58024024963379
2019-01-11,26.135000228881836,22.48988151550293
2019-01-14,25.934999465942383,22.317773818969727
2019-01-15,25.764999389648438,22.171483993530273
2019-01-16,25.864999771118164,22.25753402709961
2019-01-17,26.31999969482422,22.649080276489258
2019-01-18,26.7549991607666,23.023408889770508
2019-01-22,26.385000228881836,22.70500946044922
2019-01-23,26.204999923706055,22.55011749267578
2019-01-24,26.065000534057617,22.429643630981445
2019-01-25,26.559999465942383,22.855607986450195
2019-01-28,26.520000457763672,22.82118797302246
2019-01-29,26.795000076293945,23.057832717895508
2019-01-30,27.079999923706055,23.30307388305664
2019-01-31,26.674999237060547,22.95456314086914
2019-02-01,26.7549991607666,23.023408889770508
2019-02-04,26.709999084472656,22.984683990478516
2019-02-05,26.905000686645508,23.15248680114746
2019-02-06,26.7450008392334,23.014802932739258
2019-02-07,26.375,22.6964111328125
2019-02-08,26.350000381469727,22.674894332885742
2019-02-11,26.389999389648438,22.709314346313477
2019-02-12,26.979999542236328,23.217025756835938
2019-02-13,27.014999389648438,23.247146606445312
2019-02-14,26.875,23.126672744750977
2019-02-15,27.239999771118164,23.440765380859375
2019-02-19,27.40999984741211,23.58705711364746
2019-02-20,27.8799991607666,23.99150276184082
2019-02-21,27.770000457763672,23.8968448638916
2019-02-22,27.889999389648438,24.000104904174805
2019-02-25,28.06999969482422,24.15500259399414
2019-02-26,27.90999984741211,24.017318725585938
2019-02-27,27.864999771118164,23.978591918945312
2019-02-28,27.524999618530273,23.68601417541504
2019-03-01,27.489999771118164,23.655893325805664
2019-03-04,27.614999771118164,23.763463973999023
2019-03-05,27.485000610351562,23.651592254638672
2019-03-06,27.545000076293945,23.703222274780273
2019-03-07,27.31999969482422,23.50960350036621
2019-03-08,27.364999771118164,23.5483341217041
2019-03-11,27.7549991607666,23.883939743041992
2019-03-12,27.860000610351562,23.974294662475586
2019-03-13,27.9950008392334,24.090465545654297
2019-03-14,27.78499984741211,23.90975570678711
2019-03-15,27.700000762939453,23.9395694732666
2019-03-18,27.764999389648438,23.995742797851562
2019-03-19,27.729999542236328,23.965496063232422
2019-03-20,27.704999923706055,23.943891525268555
2019-03-21,28.0,24.19883918762207
2019-03-22,27.165000915527344,23.47719955444336
2019-03-25,27.114999771118164,23.433990478515625
2019-03-26,27.280000686645508,23.576583862304688
2019-03-27,27.2450008392334,23.54633903503418
2019-03-28,27.510000228881836,23.775358200073242
2019-03-29,27.75,23.982784271240234
2019-04-01,28.165000915527344,24.34144401550293
2019-04-02,28.260000228881836,24.42354965209961
2019-04-03,28.6299991607666,24.743318557739258
2019-04-04,28.920000076293945,24.99394989013672
2019-04-05,28.90999984741211,24.985305786132812
2019-04-08,28.920000076293945,24.99394989013672
2019-04-09,28.709999084472656,24.81245994567871
2019-04-10,28.69499969482422,24.79949378967285
2019-04-11,28.68000030517578,24.786527633666992
2019-04-12,29.059999465942383,25.114940643310547
2019-04-15,28.924999237060547,24.998262405395508
2019-04-16,29.05500030517578,25.110614776611328
2019-04-17,28.875,24.955055236816406
2019-04-18,28.90999984741211,24.985305786132812
2019-04-22,28.71500015258789,24.8167781829834
2019-04-23,28.844999313354492,24.929128646850586
2019-04-24,28.665000915527344,24.7735652923584
2019-04-25,28.299999237060547,24.458110809326172
2019-04-26,28.53499984741211,24.66121482849121
2019-04-29,28.479999542236328,24.613679885864258
2019-04-30,28.725000381469727,24.82541847229004
2019-05-01,28.204999923706055,24.376008987426758
2019-05-02,28.059999465942383,24.25069808959961
2019-05-03,28.334999084472656,24.488359451293945
2019-05-06,27.93000030517578,24.138343811035156
2019-05-07,27.440000534057617,23.714860916137695
2019-05-08,27.415000915527344,23.693256378173828
2019-05-09,27.200000762939453,23.507450103759766
2019-05-10,27.56999969482422,23.82720947265625
2019-05-13,26.950000762939453,23.291385650634766
2019-05-14,27.18000030517578,23.490163803100586
2019-05-15,27.110000610351562,23.429668426513672
2019-05-16,27.489999771118164,23.758075714111328
2019-05-17,27.325000762939453,23.615474700927734
2019-05-20,26.934999465942383,23.278417587280273
2019-05-21,27.350000381469727,23.637081146240234
2019-05-22,27.15999984741211,23.472877502441406
2019-05-23,26.7450008392334,23.114219665527344
2019-05-24,26.895000457763672,23.243850708007812
2019-05-28,26.625,23.0105037689209
2019-05-29,26.6299991607666,23.01482582092285
2019-05-30,26.674999237060547,23.053720474243164
2019-05-31,26.375,22.79444694519043
2019-06-03,27.204999923706055,23.511770248413086
2019-06-04,27.969999313354492,24.172916412353516
2019-06-05,28.174999237060547,24.350082397460938
2019-06-06,28.510000228881836,24.639610290527344
2019-06-07,28.764999389648438,24.8599910736084
2019-06-10,28.815000534057617,24.9032039642334
2019-06-11,28.795000076293945,24.885915756225586
2019-06-12,28.889999389648438,24.968017578125
2019-06-13,29.059999465942383,25.114940643310547
2019-06-14,28.934999465942383,25.006906509399414
2019-06-17,28.670000076293945,24.77788543701172
2019-06-18,28.895000457763672,24.97234344482422
2019-06-19,28.735000610351562,24.834060668945312
2019-06-20,29.100000381469727,25.14950942993164
2019-06-21,28.834999084472656,25.06952476501465
2019-06-24,28.94499969482422,25.165159225463867
2019-06-25,28.959999084472656,25.17820167541504
2019-06-26,28.90999984741211,25.13473129272461
2019-06-27,29.0049991607666,25.217323303222656
2019-06-28,29.25,25.430330276489258
2019-07-01,29.475000381469727,25.62595558166504
2019-07-02,29.44499969482422,25.59986114501953
2019-07-03,29.594999313354492,25.73027992248535
2019-07-05,29.459999084472656,25.612911224365234
2019-07-08,29.1200008392334,25.317306518554688
2019-07-09,28.834999084472656,25.06952476501465
2019-07-10,28.774999618530273,25.017358779907227
2019-07-11,28.899999618530273,25.126035690307617
2019-07-12,29.184999465942383,25.373815536499023
2019-07-15,29.204999923706055,25.391206741333008
2019-07-16,29.274999618530273,25.452062606811523
2019-07-17,29.014999389648438,25.22601890563965
2019-07-18,29.139999389648438,25.334693908691406
2019-07-19,29.204999923706055,25.391206741333008
2019-07-22,29.1299991607666,25.325992584228516
2019-07-23,29.729999542236328,25.84764862060547
2019-07-24,29.709999084472656,25.830263137817383
2019-07-25,29.4950008392334,25.643335342407227
2019-07-26,29.530000686645508,25.673770904541016
2019-07-29,29.43000030517578,25.586828231811523
2019-07-30,29.625,25.75636100769043
2019-07-31,29.170000076293945,25.360776901245117
2019-08-01,29.0049991607666,25.217323303222656
2019-08-02,28.665000915527344,24.921724319458008
2019-08-05,28.125,24.452238082885742
2019-08-06,28.15999984741211,24.48267364501953
2019-08-07,28.549999237060547,24.821741104125977
2019-08-08,29.094999313354492,25.295574188232422
2019-08-09,28.864999771118164,25.095605850219727
2019-08-12,28.415000915527344,24.70437240600586
2019-08-13,28.719999313354492,24.969541549682617
2019-08-14,27.809999465942383,24.178375244140625
2019-08-15,27.81999969482422,24.187068939208984
2019-08-16,28.309999465942383,24.613080978393555
2019-08-19,28.53499984741211,24.808698654174805
2019-08-20,28.200000762939453,24.517446517944336
2019-08-21,28.344999313354492,24.643512725830078
2019-08-22,28.155000686645508,24.478328704833984
2019-08-23,27.475000381469727,23.887126922607422
2019-08-26,27.565000534057617,23.965368270874023
2019-08-27,27.584999084472656,23.98276138305664
2019-08-28,27.799999237060547,24.169681549072266
2019-08-29,28.155000686645508,24.478328704833984
2019-08-30,28.344999313354492,24.643512725830078
2019-09-03,28.1200008392334,24.447900772094727
2019-09-04,28.46500015258789,24.747840881347656
2019-09-05,28.510000228881836,24.786964416503906
2019-09-06,28.6200008392334,24.882598876953125
2019-09-09,28.469999313354492,24.752187728881836
2019-09-10,28.75,24.99562644958496
2019-09-11,29.024999618530273,25.234712600708008
2019-09-12,29.25,25.430330276489258
2019-09-13,29.56999969482422,25.708541870117188
2019-09-16,29.084999084472656,25.286882400512695
2019-09-17,29.31999969482422,25.491193771362305
2019-09-18,29.334999084472656,25.504228591918945
2019-09-19,29.385000228881836,25.547700881958008
2019-09-20,29.170000076293945,25.4882869720459
2019-09-23,29.100000381469727,25.427120208740234
2019-09-24,28.850000381469727,25.20867347717285
2019-09-25,29.0,25.339740753173828
2019-09-26,28.934999465942383,25.282947540283203
2019-09-27,28.854999542236328,25.213041305541992
2019-09-30,29.100000381469727,25.427120208740234
2019-10-01,28.415000915527344,24.82857894897461
2019-10-02,27.905000686645508,24.382951736450195
2019-10-03,28.0049991607666,24.470321655273438
2019-10-04,28.155000686645508,24.601396560668945
2019-10-07,28.05500030517578,24.514013290405273
2019-10-08,27.565000534057617,24.085861206054688
2019-10-09,27.875,24.356731414794922
2019-10-10,28.1299991607666,24.579544067382812
2019-10-11,28.674999237060547,25.05576515197754
2019-10-14,28.469999313354492,24.876636505126953
2019-10-15,28.670000076293945,25.0513916015625
2019-10-16,28.729999542236328,25.103822708129883
2019-10-17,28.80500030517578,25.16935920715332
2019-10-18,28.7549991607666,25.125667572021484
2019-10-21,28.665000915527344,25.047019958496094
2019-10-22,28.545000076293945,24.942169189453125
2019-10-23,28.725000381469727,25.09945297241211
2019-10-24,28.815000534057617,25.17809295654297
2019-10-25,29.1299991607666,25.453330993652344
2019-10-28,29.219999313354492,25.531980514526367
2019-10-29,29.399999618530273,25.689258575439453
2019-10-30,29.424999237060547,25.711097717285156
2019-10-31,29.094999313354492,25.42275047302246
2019-11-01,29.5049991607666,25.781002044677734
2019-11-04,29.735000610351562,25.981975555419922
2019-11-05,29.78499984741211,26.025663375854492
2019-11-06,29.764999389648438,26.00818634033203
2019-11-07,29.96500015258789,26.182947158813477
2019-11-08,30.084999084472656,26.287790298461914
2019-11-11,30.040000915527344,26.24847984313965
2019-11-12,30.19499969482422,26.383913040161133
2019-11-13,30.020000457763672,26.231002807617188
2019-11-14,30.204999923706055,26.392654418945312
2019-11-15,30.18000030517578,26.370811462402344
2019-11-18,30.104999542236328,26.30527114868164
2019-11-19,30.040000915527344,26.24847984313965
2019-11-20,29.665000915527344,25.920804977416992
2019-11-21,29.614999771118164,25.87711524963379
2019-11-22,29.665000915527344,25.920804977416992
2019-11-25,29.860000610351562,26.09119987487793
2019-11-26,30.010000228881836,26.222261428833008
2019-11-27,30.1299991607666,26.327112197875977
2019-11-29,30.020000457763672,26.231002807617188
2019-12-02,29.719999313354492,25.9688720703125
2019-12-03,29.530000686645508,25.802846908569336
2019-12-04,29.594999313354492,25.859642028808594
2019-12-05,29.7450008392334,25.99071502685547
2019-12-06,30.049999237060547,26.25721549987793
2019-12-09,29.989999771118164,26.204790115356445
2019-12-10,29.809999465942383,26.04750633239746
2019-12-11,30.03499984741211,26.24410629272461
2019-12-12,30.454999923706055,26.611099243164062
2019-12-13,30.219999313354492,26.405757904052734
2019-12-16,30.350000381469727,26.519350051879883
2019-12-17,30.395000457763672,26.55867576599121
2019-12-18,30.354999542236328,26.52372169494629
2019-12-19,30.459999084472656,26.615467071533203
2019-12-20,30.440000534057617,26.744619369506836
2019-12-23,30.524999618530273,26.81930160522461
2019-12-24,30.559999465942383,26.85004997253418
2019-12-26,30.69499969482422,26.968660354614258
2019-12-27,30.579999923706055,26.867624282836914
2019-12-30,30.485000610351562,26.78415870666504
2019-12-31,30.709999084472656,26.981842041015625
2020-01-02,30.350000381469727,26.66554832458496
2020-01-03,29.860000610351562,26.235036849975586
2020-01-06,29.729999542236328,26.12081527709961
2020-01-07,29.69499969482422,26.090068817138672
2020-01-08,29.799999237060547,26.182315826416016
2020-01-09,29.90999984741211,26.27896499633789
2020-01-10,29.790000915527344,26.17352867126465
2020-01-13,30.174999237060547,26.51179313659668
2020-01-14,30.049999237060547,26.401968002319336
2020-01-15,30.2549991607666,26.582080841064453
2020-01-16,30.434999465942383,26.74022674560547
2020-01-17,30.56999969482422,26.858837127685547
2020-01-21,30.239999771118164,26.568897247314453
2020-01-22,30.1200008392334,26.46347427368164
2020-01-23,30.084999084472656,26.432714462280273
2020-01-24,29.8700008392334,26.243824005126953
2020-01-27,29.225000381469727,25.6771183013916
2020-01-28,29.55500030517578,25.967058181762695
2020-01-29,29.649999618530273,26.050525665283203
2020-01-30,29.46500015258789,25.887985229492188
2020-01-31,28.815000534057617,25.316898345947266
2020-02-03,29.420000076293945,25.848447799682617
2020-02-04,29.940000534057617,26.305320739746094
2020-02-05,30.4950008392334,26.792940139770508
2020-02-06,30.479999542236328,26.779766082763672
2020-02-07,30.045000076293945,26.3975772857666
2020-02-10,30.030000686645508,26.384397506713867
2020-02-11,30.19499969482422,26.52936363220215
2020-02-12,30.360000610351562,26.674335479736328
2020-02-13,30.25,26.577686309814453
2020-02-14,30.2549991607666,26.582080841064453
2020-02-18,30.18000030517578,26.51618766784668
2020-02-19,30.260000228881836,26.58647346496582
2020-02-20,30.309999465942383,26.630399703979492
2020-02-21,30.170000076293945,26.507400512695312
2020-02-24,29.31999969482422,25.760589599609375
2020-02-25,28.05500030517578,24.64915657043457
2020-02-26,27.959999084472656,24.565690994262695
2020-02-27,26.649999618530273,23.414722442626953
2020-02-28,26.360000610351562,23.15992546081543
2020-03-02,27.489999771118164,24.15274429321289
2020-03-03,27.25,23.941884994506836
2020-03-04,28.3799991607666,24.934701919555664
2020-03-05,27.479999542236328,24.143957138061523
2020-03-06,26.764999389648438,23.515762329101562
2020-03-09,24.260000228881836,21.314863204956055
2020-03-10,25.2450008392334,22.18029022216797
2020-03-11,24.045000076293945,21.125967025756836
2020-03-12,21.729999542236328,19.092004776000977
2020-03-13,23.2549991607666,20.431869506835938
2020-03-16,20.69499969482422,18.182655334472656
2020-03-17,21.975000381469727,19.307262420654297
2020-03-18,20.56999969482422,18.072824478149414
2020-03-19,21.094999313354492,18.53409194946289
2020-03-20,20.34000015258789,17.870750427246094
2020-03-23,19.174999237060547,16.959745407104492
2020-03-24,21.43000030517578,18.9542293548584
2020-03-25,21.93000030517578,19.396461486816406
2020-03-26,22.959999084472656,20.30746841430664
2020-03-27,22.1299991607666,19.5733585357666
2020-03-30,22.834999084472656,20.1969051361084
2020-03-31,22.520000457763672,19.918298721313477
2020-04-01,21.5049991607666,19.02055549621582
2020-04-02,21.829999923706055,19.308013916015625
2020-04-03,21.30500030517578,18.843666076660156
2020-04-06,22.889999389648438,20.24555015563965
2020-04-07,23.5,20.78508186340332
2020-04-08,24.649999618530273,21.802221298217773
2020-04-09,25.709999084472656,22.739763259887695
2020-04-13,25.145000457763672,22.24003791809082
2020-04-14,25.469999313354492,22.52748680114746
2020-04-15,24.299999237060547,21.49266242980957
2020-04-16,24.15999984741211,21.368839263916016
2020-04-17,25.1299991607666,22.22677230834961
2020-04-20,24.510000228881836,21.67839813232422
2020-04-21,23.905000686645508,21.143295288085938
2020-04-22,24.375,21.558996200561523
2020-04-23,24.545000076293945,21.709352493286133
2020-04-24,24.93000030517578,22.049875259399414
2020-04-27,25.594999313354492,22.63804817199707
2020-04-28,26.06999969482422,23.058176040649414
2020-04-29,26.735000610351562,23.646350860595703
2020-04-30,25.940000534057617,22.943195343017578
2020-05-01,25.395000457763672,22.46115493774414
2020-05-04,25.485000610351562,22.540756225585938
2020-05-05,25.549999237060547,22.59824562072754
2020-05-06,25.110000610351562,22.20907974243164
2020-05-07,25.625,22.66458511352539
2020-05-08,26.239999771118164,23.208539962768555
2020-05-11,25.84000015258789,22.854745864868164
2020-05-12,25.44499969482422,22.5053768157959
2020-05-13,24.90999984741211,22.03218650817871
2020-05-14,25.21500015258789,22.301952362060547
2020-05-15,25.434999465942383,22.49653434753418
2020-05-18,26.594999313354492,23.522523880004883
2020-05-19,26.34000015258789,23.296979904174805
2020-05-20,26.760000228881836,23.668460845947266
2020-05-21,26.5049991607666,23.44291877746582
2020-05-22,26.46500015258789,23.40753746032715
2020-05-26,27.190000534057617,24.048786163330078
2020-05-27,27.46500015258789,24.292011260986328
2020-05-28,27.719999313354492,24.517553329467773
2020-05-29,27.725000381469727,24.52197265625
2020-06-01,27.915000915527344,24.69002342224121
2020-06-02,28.420000076293945,25.136686325073242
2020-06-03,29.065000534057617,25.70716667175293
2020-06-04,29.170000076293945,25.800039291381836
2020-06-05,29.915000915527344,26.458967208862305
2020-06-08,29.954999923706055,26.49434471130371
2020-06-09,29.59000015258789,26.17151641845703
2020-06-10,29.2549991607666,25.875213623046875
2020-06-11,26.9950008392334,23.876312255859375
2020-06-12,27.520000457763672,24.34065818786621
2020-06-15,27.809999465942383,24.59715461730957
2020-06-16,28.389999389648438,25.110143661499023
2020-06-17,28.155000686645508,24.902297973632812
2020-06-18,28.174999237060547,24.91998863220215
2020-06-19,28.09000015258789,24.84480094909668
2020-06-22,28.040000915527344,24.936853408813477
2020-06-23,28.104999542236328,24.994659423828125
2020-06-24,27.28499984741211,24.26540756225586
2020-06-25,27.625,24.567781448364258
2020-06-26,27.2450008392334,24.22983169555664
2020-06-29,27.774999618530273,24.70118522644043
2020-06-30,28.174999237060547,25.056913375854492
2020-07-01,28.235000610351562,25.11027717590332
2020-07-02,28.764999389648438,25.581615447998047
2020-07-06,29.174999237060547,25.94624137878418
2020-07-07,29.184999465942383,25.955137252807617
2020-07-08,28.770000457763672,25.586069107055664
2020-07-09,28.5,25.345945358276367
2020-07-10,28.9950008392334,25.786163330078125
2020-07-13,28.9950008392334,25.786163330078125
2020-07-14,29.725000381469727,26.435375213623047
2020-07-15,30.225000381469727,26.88004493713379
2020-07-16,30.325000762939453,26.968971252441406
2020-07-17,30.579999923706055,27.195749282836914
2020-07-20,30.315000534057617,26.960081100463867
2020-07-21,30.579999923706055,27.195749282836914
2020-07-22,30.934999465942383,27.5114688873291
2020-07-23,30.84000015258789,27.42698097229004
2020-07-24,30.735000610351562,27.333600997924805
2020-07-27,31.18000030517578,27.729351043701172
2020-07-28,30.4950008392334,27.120162963867188
2020-07-29,30.7450008392334,27.342496871948242
2020-07-30,30.149999618530273,26.813344955444336
2020-07-31,30.18000030517578,26.84002113342285
2020-08-03,30.010000228881836,26.688831329345703
2020-08-04,30.434999465942383,27.06679916381836
2020-08-05,30.8799991607666,27.462549209594727
2020-08-06,30.75,27.346940994262695
2020-08-07,30.854999542236328,27.440322875976562
2020-08-10,31.155000686645508,27.707115173339844
2020-08-11,31.100000381469727,27.658205032348633
2020-08-12,31.28499984741211,27.82273292541504
2020-08-13,31.280000686645508,27.818283081054688
2020-08-14,31.315000534057617,27.849416732788086
2020-08-17,31.454999923706055,27.973915100097656
2020-08-18,31.325000762939453,27.858304977416992
2020-08-19,31.235000610351562,27.77826499938965
2020-08-20,31.125,27.680442810058594
2020-08-21,30.94499969482422,27.520355224609375
2020-08-24,31.489999771118164,28.005048751831055
2020-08-25,31.364999771118164,27.893878936767578
2020-08-26,31.69499969482422,28.18735694885254
2020-08-27,31.610000610351562,28.111764907836914
2020-08-28,31.985000610351562,28.445262908935547
2020-08-31,31.4950008392334,28.00949478149414
2020-09-01,32.380001068115234,28.796554565429688
2020-09-02,33.1150016784668,29.450212478637695
2020-09-03,32.20000076293945,28.6364688873291
2020-09-04,32.220001220703125,28.65425682067871
2020-09-08,31.614999771118164,28.1162109375
2020-09-09,32.43000030517578,28.84101676940918
2020-09-10,32.125,28.56976890563965
2020-09-11,32.53499984741211,28.934396743774414
2020-09-14,33.005001068115234,29.35239028930664
2020-09-15,33.165000915527344,29.49467658996582
2020-09-16,33.189998626708984,29.516910552978516
2020-09-17,33.435001373291016,29.73480224609375
2020-09-18,32.86000061035156,29.22342872619629
2020-09-21,31.604999542236328,28.239662170410156
2020-09-22,31.665000915527344,28.293272018432617
2020-09-23,30.735000610351562,27.462305068969727
2020-09-24,30.954999923706055,27.658878326416016
2020-09-25,31.229999542236328,27.904590606689453
2020-09-28,31.735000610351562,28.355825424194336
2020-09-29,31.5,28.145843505859375
2020-09-30,31.81999969482422,28.431774139404297
2020-10-01,31.3700008392334,28.029685974121094
2020-10-02,31.649999618530273,28.279874801635742
2020-10-05,32.255001068115234,28.820459365844727
2020-10-06,31.850000381469727,28.458580017089844
2020-10-07,32.66999816894531,29.191261291503906
2020-10-08,33.0,29.486125946044922
2020-10-09,33.255001068115234,29.713966369628906
2020-10-12,33.20000076293945,29.664825439453125
2020-10-13,32.904998779296875,29.40123748779297
2020-10-14,33.0,29.486125946044922
2020-10-15,32.904998779296875,29.40123748779297
2020-10-16,33.1349983215332,29.60675048828125
2020-10-19,32.75,29.26274299621582
2020-10-20,32.82500076293945,29.329757690429688
2020-10-21,32.70000076293945,29.218069076538086
2020-10-22,32.880001068115234,29.378904342651367
2020-10-23,33.0,29.486125946044922
2020-10-26,32.17499923706055,28.74896812438965
2020-10-27,31.8700008392334,28.47644805908203
2020-10-28,30.969999313354492,27.672279357910156
2020-10-29,31.610000610351562,28.2441349029541
2020-10-30,31.59000015258789,28.226259231567383
2020-11-02,32.63999938964844,29.164457321166992
2020-11-03,33.150001525878906,29.620155334472656
2020-11-04,32.584999084472656,29.11531639099121
2020-11-05,33.915000915527344,30.30368995666504
2020-11-06,34.0,30.37964630126953
2020-11-09,34.76499938964844,31.063182830810547
2020-11-10,35.17499923706055,31.429513931274414
2020-11-11,34.650001525878906,30.960432052612305
2020-11-12,33.91999816894531,30.308156967163086
2020-11-13,34.505001068115234,30.83087158203125
2020-11-16,35.185001373291016,31.4384708404541
2020-11-17,35.05500030517578,31.32229995727539
2020-11-18,34.76499938964844,31.063182830810547
2020-11-19,34.90999984741211,31.192750930786133
2020-11-20,34.880001068115234,31.165943145751953
2020-11-23,35.16999816894531,31.425052642822266
2020-11-24,36.04499816894531,32.20689392089844
2020-11-25,35.66999816894531,31.871814727783203
2020-11-27,35.85499954223633,32.0371208190918
2020-11-30,35.494998931884766,31.715450286865234
2020-12-01,35.8849983215332,32.06391906738281
2020-12-02,35.42499923706055,31.652904510498047
2020-12-03,35.18000030517578,31.434005737304688
2020-12-04,35.88999938964844,32.06839370727539
2020-12-07,35.654998779296875,31.858423233032227
2020-12-08,35.85499954223633,32.0371208190918
2020-12-09,35.875,32.054988861083984
2020-12-10,35.654998779296875,31.858423233032227
2020-12-11,35.45000076293945,31.675251007080078
2020-12-14,35.0,31.273160934448242
2020-12-15,35.6349983215332,31.840545654296875
2020-12-16,35.53499984741211,31.751192092895508
2020-12-17,35.94499969482422,32.11753845214844
2020-12-18,36.10499954223633,32.26049041748047
2020-12-21,35.73500061035156,32.08943557739258
2020-12-22,35.51499938964844,31.89188003540039
2020-12-23,35.564998626708984,31.936779022216797
2020-12-24,35.790000915527344,32.13881301879883
2020-12-28,35.650001525878906,32.01309585571289
2020-12-29,35.564998626708984,31.936779022216797
2020-12-30,36.05500030517578,32.37678909301758
2020-12-31,36.19499969482422,32.50251007080078
2021-01-04,35.849998474121094,32.19269561767578
2021-01-05,36.654998779296875,32.91557693481445
2021-01-06,38.154998779296875,34.262550354003906
2021-01-07,38.439998626708984,34.51847457885742
2021-01-08,38.255001068115234,34.35235595703125
2021-01-11,38.255001068115234,34.35235595703125
2021-01-12,38.7400016784668,34.78787612915039
2021-01-13,38.345001220703125,34.43317794799805
2021-01-14,38.21500015258789,34.316444396972656
2021-01-15,37.66999816894531,33.82703399658203
2021-01-19,37.79999923706055,33.943763732910156
2021-01-20,37.92499923706055,34.05601119995117
2021-01-21,37.369998931884766,33.557640075683594
2021-01-22,37.189998626708984,33.395999908447266
2021-01-25,36.994998931884766,33.22089385986328
2021-01-26,36.48500061035156,32.762916564941406
2021-01-27,35.40999984741211,31.797582626342773
2021-01-28,36.02000045776367,32.34536361694336
2021-01-29,35.31999969482422,31.716773986816406
2021-02-01,35.73500061035156,32.08943557739258
2021-02-02,36.20500183105469,32.5114860534668
2021-02-03,36.275001525878906,32.5743408203125
2021-02-04,36.14500045776367,32.45760726928711
2021-02-05,36.76499938964844,33.01436233520508
2021-02-08,37.06999969482422,33.28824234008789
2021-02-09,36.79499816894531,33.041297912597656
2021-02-10,36.755001068115234,33.005374908447266
2021-02-11,36.790000915527344,33.03681564331055
2021-02-12,37.16999816894531,33.37803649902344
2021-02-16,37.099998474121094,33.315189361572266
2021-02-17,37.08000183105469,33.297218322753906
2021-02-18,36.849998474121094,33.0906867980957
2021-02-19,37.525001525878906,33.69682693481445
2021-02-22,37.66999816894531,33.82703399658203
2021-02-23,37.79999923706055,33.943763732910156
2021-02-24,38.130001068115234,34.2401123046875
2021-02-25,37.25,33.44987487792969
2021-02-26,36.775001525878906,33.023338317871094
2021-03-01,37.70500183105469,33.85846710205078
2021-03-02,37.915000915527344,34.04704284667969
2021-03-03,37.540000915527344,33.710296630859375
2021-03-04,36.810001373291016,33.05476760864258
2021-03-05,37.654998779296875,33.813560485839844
2021-03-08,38.15999984741211,34.26703643798828
2021-03-09,38.39500045776367,34.47806930541992
2021-03-10,39.029998779296875,35.048282623291016
2021-03-11,39.2400016784668,35.23686981201172
2021-03-12,39.345001220703125,35.331146240234375
2021-03-15,39.38999938964844,35.371559143066406
2021-03-16,39.064998626708984,35.079708099365234
2021-03-17,39.415000915527344,35.39400863647461
2021-03-18,39.19499969482422,35.19646072387695
2021-03-19,39.0,35.02134323120117
2021-03-22,38.86000061035156,35.04298400878906
2021-03-23,38.04999923706055,34.31255340576172
2021-03-24,38.32500076293945,34.56053161621094
2021-03-25,38.880001068115234,35.0610237121582
2021-03-26,39.845001220703125,35.931243896484375
2021-03-29,39.709999084472656,35.80950164794922
2021-03-30,39.595001220703125,35.70579528808594
2021-03-31,39.400001525878906,35.52995300292969
2021-04-01,39.744998931884766,35.841064453125
2021-04-05,40.23500061035156,36.28293228149414
2021-04-06,40.32500076293945,36.36408996582031
2021-04-07,39.630001068115234,35.73735427856445
2021-04-08,39.68000030517578,35.78244400024414
2021-04-09,40.025001525878906,36.093563079833984
2021-04-12,40.165000915527344,36.21980667114258
2021-04-13,40.06999969482422,36.13413619995117
2021-04-14,40.36000061035156,36.39565658569336
2021-04-15,40.834999084472656,36.823997497558594
2021-04-16,41.33000183105469,37.2703742980957
2021-04-19,41.13999938964844,37.099037170410156
2021-04-20,40.744998931884766,36.742835998535156
2021-04-21,41.48500061035156,37.4101676940918
2021-04-22,40.78499984741211,36.77890396118164
2021-04-23,41.45500183105469,37.38309860229492
2021-04-26,41.70000076293945,37.604042053222656
2021-04-27,41.59000015258789,37.50482940673828
2021-04-28,41.70500183105469,37.608543395996094
2021-04-29,41.96500015258789,37.84300994873047
2021-04-30,41.52000045776367,37.44171905517578
2021-05-03,42.13999938964844,38.000816345214844
2021-05-04,42.599998474121094,38.41563034057617
2021-05-05,43.13999938964844,38.902591705322266
2021-05-06,43.505001068115234,39.23173904418945
2021-05-07,43.935001373291016,39.619503021240234
2021-05-10,43.7400016784668,39.44366455078125
2021-05-11,43.8849983215332,39.57441329956055
2021-05-12,42.779998779296875,38.577945709228516
2021-05-13,43.435001373291016,39.16862106323242
2021-05-14,43.95500183105469,39.63753890991211
2021-05-17,44.34000015258789,39.98472595214844
2021-05-18,43.849998474121094,39.54285430908203
2021-05-19,43.18000030517578,38.93866729736328
2021-05-20,43.20500183105469,38.961212158203125
2021-05-21,43.29999923706055,39.046875
2021-05-24,43.685001373291016,39.394065856933594
2021-05-25,43.314998626708984,39.06040573120117
2021-05-26,43.33000183105469,39.073936462402344
2021-05-27,43.67499923706055,39.38504409790039
2021-05-28,43.630001068115234,39.34447479248047
2021-06-01,44.2400016784668,39.89454650878906
2021-06-02,43.869998931884766,39.560890197753906
2021-06-03,43.86000061035156,39.5518684387207
2021-06-04,43.95500183105469,39.63753890991211
2021-06-07,43.41999816894531,39.155094146728516
2021-06-08,43.5,39.227237701416016
2021-06-09,43.15999984741211,38.92061996459961
2021-06-10,42.900001525878906,38.68616485595703
2021-06-11,43.060001373291016,38.8304557800293
2021-06-14,42.529998779296875,38.352508544921875
2021-06-15,42.439998626708984,38.27135467529297
2021-06-16,41.970001220703125,37.8475227355957
2021-06-17,41.03499984741211,37.004356384277344
2021-06-18,40.369998931884766,36.4046745300293
2021-06-21,41.029998779296875,37.16047668457031
2021-06-22,41.19499969482422,37.30992126464844
2021-06-23,40.93000030517578,37.06990432739258
2021-06-24,41.060001373291016,37.18764114379883
2021-06-25,41.064998626708984,37.19217300415039
2021-06-28,41.064998626708984,37.19217300415039
2021-06-29,41.04499816894531,37.17404556274414
2021-06-30,41.154998779296875,37.273677825927734
2021-07-01,41.380001068115234,37.47746276855469
2021-07-02,41.439998626708984,37.531803131103516
2021-07-06,40.82500076293945,36.97481155395508
2021-07-07,41.25,37.359718322753906
2021-07-08,40.689998626708984,36.852535247802734
2021-07-09,41.4900016784668,37.57709884643555
2021-07-12,41.625,37.6993522644043
2021-07-13,41.244998931884766,37.355201721191406
2021-07-14,41.15999984741211,37.278221130371094
2021-07-15,41.165000915527344,37.282737731933594
2021-07-16,40.54499816894531,36.72120666503906
2021-07-19,39.67499923706055,35.933258056640625
2021-07-20,40.125,36.340824127197266
2021-07-21,40.564998626708984,36.739322662353516
2021-07-22,40.58000183105469,36.75291061401367
2021-07-23,40.8650016784668,37.01103973388672
2021-07-26,41.209999084472656,37.3234977722168
2021-07-27,41.26499938964844,37.37331008911133
2021-07-28,41.3849983215332,37.48198699951172
2021-07-29,41.84000015258789,37.894081115722656
2021-07-30,42.0099983215332,38.04804992675781
2021-08-02,41.5,37.58614730834961
2021-08-03,41.93000030517578,37.9755973815918
2021-08-04,41.529998779296875,37.61331558227539
2021-08-05,41.470001220703125,37.55896759033203
2021-08-06,42.06999969482422,38.102394104003906
2021-08-09,42.02000045776367,38.05710220336914
2021-08-10,42.654998779296875,38.6322135925293
2021-08-11,43.255001068115234,39.175636291503906
2021-08-12,43.185001373291016,39.112239837646484
2021-08-13,43.224998474121094,39.14845657348633
2021-08-16,43.0099983215332,38.9537353515625
2021-08-17,42.51499938964844,38.50542449951172
2021-08-18,42.02000045776367,38.05710220336914
2021-08-19,41.64500045776367,37.717472076416016
2021-08-20,41.88999938964844,37.939361572265625
2021-08-23,42.25,38.26542282104492
2021-08-24,42.51499938964844,38.50542449951172
2021-08-25,42.709999084472656,38.68203353881836
2021-08-26,42.415000915527344,38.41485595703125
2021-08-27,42.974998474121094,38.92204284667969
2021-08-30,42.93000030517578,38.88128662109375
2021-08-31,42.80500030517578,38.76808166503906
2021-09-01,42.69499969482422,38.6684455871582
2021-09-02,42.970001220703125,38.917510986328125
2021-09-03,42.685001373291016,38.65938949584961
2021-09-07,42.404998779296875,38.405799865722656
2021-09-08,42.0,38.038997650146484
2021-09-09,42.01499938964844,38.052574157714844
2021-09-10,42.005001068115234,38.043521881103516
2021-09-13,41.994998931884766,38.03446960449219
2021-09-14,41.53499984741211,37.61784744262695
2021-09-15,41.974998474121094,38.01634216308594
2021-09-16,41.52000045776367,37.60425567626953
2021-09-17,40.665000915527344,36.82989501953125
2021-09-20,39.709999084472656,36.122188568115234
2021-09-21,39.6150016784668,36.03578186035156
2021-09-22,40.025001525878906,36.408729553222656
2021-09-23,40.595001220703125,36.92723083496094
2021-09-24,40.53499984741211,36.872650146484375
2021-09-27,40.849998474121094,37.1591911315918
2021-09-28,40.345001220703125,36.6998176574707
2021-09-29,40.18000030517578,36.54972457885742
2021-09-30,39.55500030517578,35.981197357177734
2021-10-01,40.185001373291016,36.55426788330078
2021-10-04,40.0099983215332,36.395076751708984
2021-10-05,40.3650016784668,36.718013763427734
2021-10-06,40.290000915527344,36.649784088134766
2021-10-07,40.814998626708984,37.127342224121094
2021-10-08,40.59000015258789,36.92268371582031
2021-10-11,40.595001220703125,36.92723083496094
2021-10-12,40.650001525878906,36.977256774902344
2021-10-13,40.95500183105469,37.254703521728516
2021-10-14,41.95000076293945,38.15980529785156
2021-10-15,42.07500076293945,38.27350997924805
2021-10-18,42.04499816894531,38.246219635009766
2021-10-19,42.26499938964844,38.44635009765625
2021-10-20,42.60499954223633,38.75562286376953
2021-10-21,42.494998931884766,38.65556335449219
2021-10-22,42.415000915527344,38.582786560058594
2021-10-25,42.84000015258789,38.96938705444336
2021-10-26,42.959999084472656,39.07855224609375
2021-10-27,42.345001220703125,38.51911926269531
2021-10-28,42.76499938964844,38.90116882324219
2021-10-29,42.560001373291016,38.71469497680664
2021-11-01,42.65999984741211,38.8056526184082
2021-11-02,43.14500045776367,39.246829986572266
2021-11-03,43.595001220703125,39.656185150146484
2021-11-04,43.56999969482422,39.63343811035156
2021-11-05,43.90999984741211,39.942710876464844
2021-11-08,44.459999084472656,40.44301986694336
2021-11-09,44.665000915527344,40.6295051574707
2021-11-10,44.36000061035156,40.35205841064453
2021-11-11,44.71500015258789,40.67498779296875
2021-11-12,45.04999923706055,40.979713439941406
2021-11-15,44.845001220703125,40.793243408203125
2021-11-16,44.720001220703125,40.679534912109375
2021-11-17,44.42499923706055,40.411190032958984
2021-11-18,44.23500061035156,40.23835372924805
2021-11-19,44.154998779296875,40.16557312011719
2021-11-22,44.224998474121094,40.2292594909668
2021-11-23,44.27000045776367,40.27019119262695
2021-11-24,43.95500183105469,39.9836540222168
2021-11-26,43.20000076293945,39.296871185302734
2021-11-29,43.400001525878906,39.47880554199219
2021-11-30,42.32500076293945,38.500919342041016
2021-12-01,41.89500045776367,38.109771728515625
2021-12-02,42.75,38.88751983642578
2021-12-03,42.654998779296875,38.80110549926758
2021-12-06,43.279998779296875,39.3696403503418
2021-12-07,43.939998626708984,39.970008850097656
2021-12-08,44.125,40.13829040527344
2021-12-09,43.880001068115234,39.915435791015625
2021-12-10,44.150001525878906,40.161033630371094
2021-12-13,43.8849983215332,39.91996765136719
2021-12-14,43.84000015258789,39.8790397644043
2021-12-15,43.935001373291016,39.965457916259766
2021-12-16,44.3849983215332,40.374794006347656
2021-12-17,43.83000183105469,39.86994934082031
2021-12-20,42.83000183105469,39.157737731933594
2021-12-21,43.369998931884766,39.65143966674805
2021-12-22,43.71500015258789,39.966854095458984
2021-12-23,44.154998779296875,40.36912536621094
2021-12-27,44.81999969482422,40.977115631103516
2021-12-28,45.08000183105469,41.21481704711914
2021-12-29,45.26499938964844,41.38395690917969
2021-12-30,45.10499954223633,41.23767852783203
2021-12-31,45.30500030517578,41.42052459716797
2022-01-03,44.71500015258789,40.881107330322266
2022-01-04,45.26499938964844,41.38395690917969
2022-01-05,45.2599983215332,41.3793830871582
2022-01-06,44.689998626708984,40.85826110839844
2022-01-07,44.650001525878906,40.82168197631836
2022-01-10,44.19499969482422,40.40570068359375
2022-01-11,44.68000030517578,40.8491096496582
2022-01-12,45.130001068115234,41.260536193847656
2022-01-13,44.779998779296875,40.94054412841797
2022-01-14,44.400001525878906,40.593116760253906
2022-01-18,43.814998626708984,40.058284759521484
2022-01-19,43.70500183105469,39.95771026611328
2022-01-20,43.06999969482422,39.37715530395508
2022-01-21,42.02000045776367,38.41718292236328
2022-01-24,42.04499816894531,38.440040588378906
2022-01-25,41.665000915527344,38.09261703491211
2022-01-26,41.22999954223633,37.69491958618164
2022-01-27,41.369998931884766,37.82292175292969
2022-01-28,41.61000061035156,38.042335510253906
2022-01-31,42.224998474121094,38.6046028137207
2022-02-01,42.875,39.19887161254883
2022-02-02,43.0099983215332,39.32229995727539
2022-02-03,42.2599983215332,38.63661193847656
2022-02-04,41.560001373291016,37.99662399291992
2022-02-07,41.35499954223633,37.8092041015625
2022-02-08,41.994998931884766,38.39432144165039
2022-02-09,42.90999984741211,39.230873107910156
2022-02-10,42.65999984741211,39.0023078918457
2022-02-11,42.0,38.398902893066406
2022-02-14,41.654998779296875,38.08347702026367
2022-02-15,42.41999816894531,38.78288650512695
2022-02-16,42.72999954223633,39.066314697265625
2022-02-17,42.0,38.398902893066406
2022-02-18,41.93000030517578,38.334903717041016
2022-02-22,41.334999084472656,37.79090881347656
2022-02-23,40.80500030517578,37.306358337402344
2022-02-24,40.685001373291016,37.196651458740234
2022-02-25,42.16999816894531,38.554325103759766
2022-02-28,41.689998626708984,38.115474700927734
2022-03-01,40.72999954223633,37.23779296875
2022-03-02,41.625,38.05604934692383
2022-03-03,41.67499923706055,38.10176467895508
2022-03-04,41.529998779296875,37.96919250488281
2022-03-07,40.09000015258789,36.65266036987305
2022-03-08,39.8849983215332,36.46524429321289
2022-03-09,41.119998931884766,37.59434509277344
2022-03-10,41.22999954223633,37.69491958618164
2022-03-11,40.92499923706055,37.41606903076172
2022-03-14,40.8650016784668,37.36121368408203
2022-03-15,41.334999084472656,37.79090881347656
2022-03-16,41.98500061035156,38.38518524169922
2022-03-17,42.790000915527344,39.121177673339844
2022-03-18,43.04999923706055,39.35887145996094
2022-03-21,43.244998931884766,39.68602752685547
2022-03-22,43.47999954223633,39.90169906616211
2022-03-23,43.279998779296875,39.71814727783203
2022-03-24,44.150001525878906,40.51655960083008
2022-03-25,44.64500045776367,40.970829010009766
2022-03-28,44.44499969482422,40.78728103637695
2022-03-29,44.81999969482422,41.13142013549805
2022-03-30,44.66999816894531,40.99375534057617
2022-03-31,44.07500076293945,40.447723388671875
2022-04-01,44.540000915527344,40.874454498291016
2022-04-04,44.54999923706055,40.88363265991211
2022-04-05,44.19499969482422,40.55784606933594
2022-04-06,43.685001373291016,40.08982849121094
2022-04-07,43.970001220703125,40.35136413574219
2022-04-08,44.2400016784668,40.599151611328125
2022-04-11,44.02000045776367,40.397247314453125
2022-04-12,44.029998779296875,40.406429290771484
2022-04-13,44.68000030517578,41.002933502197266
2022-04-14,44.529998779296875,40.865272521972656
2022-04-18,44.56999969482422,40.90198516845703
2022-04-19,44.9900016784668,41.28742218017578
2022-04-20,45.275001525878906,41.54896545410156
2022-04-21,44.53499984741211,40.869869232177734
2022-04-22,42.869998931884766,39.34189224243164
2022-04-25,42.75,39.231773376464844
2022-04-26,42.09000015258789,38.626094818115234
2022-04-27,42.709999084472656,39.195064544677734
2022-04-28,43.3849983215332,39.81450653076172
2022-04-29,42.51499938964844,39.01610565185547
2022-05-02,42.3849983215332,38.89680480957031
2022-05-03,42.86000061035156,39.33271026611328
2022-05-04,44.25,40.60832214355469
2022-05-05,42.880001068115234,39.35107421875
2022-05-06,42.26499938964844,38.78668975830078
2022-05-09,40.93000030517578,37.561553955078125
2022-05-10,40.67499923706055,37.32752990722656
2022-05-11,40.69499969482422,37.345890045166016
2022-05-12,40.619998931884766,37.27706527709961
2022-05-13,41.244998931884766,37.85062789916992
2022-05-16,41.16999816894531,37.78179931640625
2022-05-17,42.334999084472656,38.850921630859375
2022-05-18,41.02000045776367,37.64414596557617
2022-05-19,41.310001373291016,37.9102783203125
2022-05-20,41.209999084472656,37.81850814819336
2022-05-23,41.96500015258789,38.51137161254883
2022-05-24,41.724998474121094,38.29111862182617
2022-05-25,41.90999984741211,38.460899353027344
2022-05-26,42.68000030517578,39.16752624511719
2022-05-27,43.68000030517578,40.085227966308594
2022-05-31,43.01499938964844,39.4749641418457
2022-06-01,42.584999084472656,39.08034133911133
2022-06-02,43.7599983215332,40.15864562988281
2022-06-03,43.334999084472656,39.76862716674805
2022-06-06,43.744998931884766,40.1448860168457
2022-06-07,44.060001373291016,40.433963775634766
2022-06-08,43.14500045776367,39.594261169433594
2022-06-09,42.125,38.658206939697266
2022-06-10,40.834999084472656,37.474361419677734
2022-06-13,39.2400016784668,36.01063919067383
2022-06-14,38.939998626708984,35.735321044921875
2022-06-15,38.93000030517578,35.72615051269531
2022-06-16,37.525001525878906,34.4367790222168
2022-06-17,37.459999084472656,34.37711715698242
2022-06-21,37.76499938964844,34.896907806396484
2022-06-22,37.279998779296875,34.448734283447266
2022-06-23,36.77000045776367,33.97747039794922
2022-06-24,38.22999954223633,35.32659149169922
2022-06-27,37.915000915527344,35.03551483154297
2022-06-28,37.5099983215332,34.6612663269043
2022-06-29,37.2400016784668,34.411781311035156
2022-06-30,36.79999923706055,34.00519561767578
2022-07-01,37.060001373291016,34.245452880859375
2022-07-05,36.314998626708984,33.557029724121094
2022-07-06,36.54499816894531,33.76955795288086
2022-07-07,36.869998931884766,34.06986999511719
2022-07-08,36.5099983215332,33.73721694946289
2022-07-11,36.40999984741211,33.644813537597656
2022-07-12,36.34000015258789,33.58012771606445
2022-07-13,36.130001068115234,33.38608169555664
2022-07-14,35.46500015258789,32.771583557128906
2022-07-15,36.02000045776367,33.28443145751953
2022-07-18,36.10499954223633,33.362979888916016
2022-07-19,37.20500183105469,34.379432678222656
2022-07-20,37.27000045776367,34.43950653076172
2022-07-21,37.79999923706055,34.92924880981445
2022-07-22,37.529998779296875,34.679752349853516
2022-07-25,37.685001373291016,34.822975158691406
2022-07-26,37.43000030517578,34.587337493896484
2022-07-27,37.880001068115234,35.003177642822266
2022-07-28,38.54999923706055,35.62228775024414
2022-07-29,39.064998626708984,36.098182678222656
2022-08-01,38.75,35.80710220336914
2022-08-02,38.35499954223633,35.44209671020508
2022-08-03,38.39500045776367,35.479068756103516
2022-08-04,38.41999816894531,35.502159118652344
2022-08-05,38.55500030517578,35.626914978027344
2022-08-08,38.77000045776367,35.825584411621094
2022-08-09,38.58000183105469,35.65000915527344
2022-08-10,39.67499923706055,36.6618537902832
2022-08-11,39.810001373291016,36.786598205566406
2022-08-12,40.560001373291016,37.47964096069336
2022-08-15,40.53499984741211,37.4565315246582
2022-08-16,40.7599983215332,37.66444778442383
2022-08-17,40.20000076293945,37.1469841003418
2022-08-18,40.32500076293945,37.26247787475586
2022-08-19,39.584999084472656,36.57868194580078
2022-08-22,38.95500183105469,35.99653625488281
2022-08-23,39.34000015258789,36.35228729248047
2022-08-24,39.42499923706055,36.43083190917969
2022-08-25,40.31999969482422,37.25786590576172
2022-08-26,39.084999084472656,36.11665725708008
2022-08-29,38.810001373291016,35.8625373840332
2022-08-30,38.17499923706055,35.2757682800293
2022-08-31,37.70500183105469,34.841468811035156
2022-09-01,37.209999084472656,34.384056091308594
2022-09-02,37.17499923706055,34.35171127319336
2022-09-06,37.060001373291016,34.245452880859375
2022-09-07,38.084999084472656,35.19260025024414
2022-09-08,38.45500183105469,35.534507751464844
2022-09-09,39.03499984741211,36.070457458496094
2022-09-12,39.400001525878906,36.407737731933594
2022-09-13,37.994998931884766,35.10944366455078
2022-09-14,37.529998779296875,34.679752349853516
2022-09-15,37.03499984741211,34.222347259521484
2022-09-16,36.45000076293945,33.6817741394043
2022-09-19,36.845001220703125,34.239349365234375
2022-09-20,36.14500045776367,33.58884811401367
2022-09-21,35.35499954223633,32.85471725463867
2022-09-22,34.93000030517578,32.45977783203125
2022-09-23,34.21500015258789,31.795337677001953
2022-09-26,33.65999984741211,31.27958106994629
2022-09-27,33.73500061035156,31.349281311035156
2022-09-28,34.60499954223633,32.15775680541992
2022-09-29,34.095001220703125,31.683826446533203
2022-09-30,34.005001068115234,31.600187301635742
2022-10-03,35.11000061035156,32.62704086303711
2022-10-04,36.400001525878906,33.8258171081543
2022-10-05,35.9900016784668,33.44480895996094
2022-10-06,35.61000061035156,33.09168243408203
2022-10-07,34.72999954223633,32.27391052246094
2022-10-10,34.80500030517578,32.34360885620117
2022-10-11,34.53499984741211,32.09269714355469
2022-10-12,34.275001525878906,31.851091384887695
2022-10-13,35.279998779296875,32.7850227355957
2022-10-14,34.09000015258789,31.679174423217773
2022-10-17,34.939998626708984,32.46906280517578
2022-10-18,35.625,33.105621337890625
2022-10-19,35.20500183105469,32.71531677246094
2022-10-20,34.95000076293945,32.478355407714844
2022-10-21,36.15999984741211,33.602787017822266
2022-10-24,35.95000076293945,33.40764236450195
2022-10-25,36.84000015258789,34.23469161987305
2022-10-26,37.099998474121094,34.47631072998047
2022-10-27,37.005001068115234,34.38803482055664
2022-10-28,37.375,34.73186492919922
2022-10-31,37.040000915527344,34.420555114746094
2022-11-01,37.1349983215332,34.50883483886719
2022-11-02,36.16999816894531,33.61207962036133
2022-11-03,36.44499969482422,33.86763381958008
2022-11-04,37.709999084472656,35.04317092895508
2022-11-07,38.005001068115234,35.31731033325195
2022-11-08,38.65999984741211,35.92598342895508
2022-11-09,38.03499984741211,35.345191955566406
2022-11-10,40.13999938964844,37.301326751708984
2022-11-11,40.625,37.75202178955078
2022-11-14,40.56999969482422,37.700904846191406
2022-11-15,40.5099983215332,37.6451530456543
2022-11-16,40.1150016784668,37.27809524536133
2022-11-17,39.72999954223633,36.920326232910156
2022-11-18,39.994998931884766,37.16658020019531
2022-11-21,40.130001068115234,37.292030334472656
2022-11-22,41.040000915527344,38.137672424316406
2022-11-23,41.20000076293945,38.28636169433594
2022-11-25,41.185001373291016,38.272422790527344
2022-11-28,40.26499938964844,37.41747283935547
2022-11-29,40.400001525878906,37.54293441772461
2022-11-30,41.375,38.44898223876953
2022-12-01,41.42499923706055,38.495445251464844
2022-12-02,41.880001068115234,38.918270111083984
2022-12-05,41.04999923706055,38.14696502685547
2022-12-06,40.685001373291016,37.80778503417969
2022-12-07,40.595001220703125,37.72414779663086
2022-12-08,40.89500045776367,38.0029296875
2022-12-09,40.4900016784668,37.62656784057617
2022-12-12,40.84000015258789,37.95181655883789
2022-12-13,41.404998779296875,38.476863861083984
2022-12-14,40.959999084472656,38.06332778930664
2022-12-15,39.709999084472656,36.901737213134766
2022-12-16,39.540000915527344,36.74375534057617
2022-12-19,38.775001525878906,36.26628875732422
2022-12-20,39.029998779296875,36.50478744506836
2022-12-21,39.369998931884766,36.822784423828125
2022-12-22,38.9900016784668,36.467369079589844
2022-12-23,39.2599983215332,36.71990203857422
2022-12-27,39.29499816894531,36.75264358520508
2022-12-28,38.69499969482422,36.19145965576172
2022-12-29,39.1150016784668,36.58428955078125
2022-12-30,38.84000015258789,36.32708740234375
2023-01-03,38.79999923706055,36.28966522216797
2023-01-04,39.474998474121094,36.920997619628906
2023-01-05,38.849998474121094,36.3364372253418
2023-01-06,40.185001373291016,37.585060119628906
2023-01-09,40.439998626708984,37.82355880737305
2023-01-10,40.845001220703125,38.202362060546875
2023-01-11,41.48500061035156,38.80094528198242
2023-01-12,41.63999938964844,38.9459228515625
2023-01-13,41.89500045776367,39.18442153930664
2023-01-17,41.474998474121094,38.79159927368164
2023-01-18,40.88999938964844,38.24444580078125
2023-01-19,40.57500076293945,37.949825286865234
2023-01-20,41.38999938964844,38.712093353271484
2023-01-23,41.525001525878906,38.83835983276367
2023-01-24,41.54999923706055,38.86174011230469
2023-01-25,41.6349983215332,38.94123840332031
2023-01-26,41.834999084472656,39.128299713134766
2023-01-27,41.70000076293945,39.002044677734375
2023-01-30,41.415000915527344,38.735477447509766
2023-01-31,42.32500076293945,39.58659744262695
2023-02-01,42.60499954223633,39.848487854003906
2023-02-02,42.470001220703125,39.72222900390625
2023-02-03,41.70500183105469,39.00672149658203
2023-02-06,41.244998931884766,38.57647705078125
2023-02-07,41.79999923706055,39.09556579589844
2023-02-08,41.46500015258789,38.78224182128906
2023-02-09,40.8650016784668,38.221065521240234
2023-02-10,41.01499938964844,38.36135482788086
2023-02-13,41.22999954223633,38.56245040893555
2023-02-14,41.32500076293945,38.65129852294922
2023-02-15,41.505001068115234,38.81965637207031
2023-02-16,41.03499984741211,38.38005447387695
2023-02-17,40.650001525878906,38.01997375488281
2023-02-21,39.97999954223633,37.3933219909668
2023-02-22,40.279998779296875,37.67390823364258
2023-02-23,40.32500076293945,37.715999603271484
2023-02-24,40.595001220703125,37.968536376953125
2023-02-27,40.72999954223633,38.09479522705078
2023-02-28,40.915000915527344,38.267822265625
2023-03-01,41.23500061035156,38.56712341308594
2023-03-02,41.70500183105469,39.00672149658203
2023-03-03,42.29999923706055,39.56321716308594
2023-03-06,41.6150016784668,38.92253875732422
2023-03-07,40.79499816894531,38.15559387207031
2023-03-08,40.994998931884766,38.3426513671875
2023-03-09,39.939998626708984,37.35590744018555
2023-03-10,39.09000015258789,36.56090545654297
2023-03-13,38.689998626708984,36.1867790222168
2023-03-14,39.185001373291016,36.64976501464844
2023-03-15,37.915000915527344,35.4619255065918
2023-03-16,38.349998474121094,35.868778228759766
2023-03-17,37.755001068115234,35.312278747558594
2023-03-20,38.3650016784668,36.038883209228516
2023-03-21,38.83000183105469,36.4756965637207
2023-03-22,38.13999938964844,35.8275260925293
2023-03-23,38.095001220703125,35.785255432128906
2023-03-24,38.404998779296875,36.076446533203125
2023-03-27,38.689998626708984,36.34416961669922
2023-03-28,38.875,36.51795959472656
2023-03-29,39.415000915527344,37.02521896362305
2023-03-30,39.685001373291016,37.27884292602539
2023-03-31,40.33000183105469,37.88473892211914
2023-04-03,40.584999084472656,38.12427520751953
2023-04-04,40.0,37.57474899291992
2023-04-05,39.90999984741211,37.49020004272461
2023-04-06,39.814998626708984,37.40095901489258
2023-04-10,40.005001068115234,37.57944107055664
2023-04-11,40.314998626708984,37.870643615722656
2023-04-12,40.345001220703125,37.89883804321289
2023-04-13,40.7599983215332,38.288665771484375
2023-04-14,40.46500015258789,38.011558532714844
2023-04-17,40.70000076293945,38.23230743408203
2023-04-18,40.869998931884766,38.39199447631836
2023-04-19,40.755001068115234,38.283973693847656
2023-04-20,40.709999084472656,38.24169921875
2023-04-21,40.349998474121094,37.90352249145508
2023-04-24,40.625,38.16184616088867
2023-04-25,39.744998931884766,37.33521270751953
2023-04-26,39.275001525878906,36.89370346069336
2023-04-27,39.810001373291016,37.396263122558594
2023-04-28,40.275001525878906,37.83306884765625
2023-05-01,40.255001068115234,37.814292907714844
2023-05-02,39.8650016784668,37.44793701171875
2023-05-03,39.42499923706055,37.034610748291016
2023-05-04,39.16999816894531,36.79507064819336
2023-05-05,39.83000183105469,37.41505813598633
2023-05-08,39.70000076293945,37.292938232421875
2023-05-09,39.34000015258789,36.95476531982422
2023-05-10,39.3650016784668,36.978248596191406
2023-05-11,38.97999954223633,36.6165885925293
2023-05-12,39.04999923706055,36.68234634399414
2023-05-15,39.380001068115234,36.99233627319336
2023-05-16,38.72999954223633,36.38175582885742
2023-05-17,38.98500061035156,36.62129592895508
2023-05-18,39.21500015258789,36.83734130859375
2023-05-19,39.314998626708984,36.93128204345703
2023-05-22,39.11000061035156,36.73870849609375
2023-05-23,38.505001068115234,36.170387268066406
2023-05-24,38.064998626708984,35.757076263427734
2023-05-25,37.93000030517578,35.63025665283203
2023-05-26,38.119998931884766,35.80873107910156
2023-05-30,37.915000915527344,35.61616516113281
2023-05-31,37.5099983215332,35.235713958740234
2023-06-01,38.0099983215332,35.705406188964844
2023-06-02,39.28499984741211,36.903099060058594
2023-06-05,39.255001068115234,36.874908447265625
2023-06-06,39.505001068115234,37.10976028442383
2023-06-07,39.974998474121094,37.551265716552734
2023-06-08,39.83000183105469,37.41505813598633
2023-06-09,39.5,37.10506057739258
2023-06-12,39.68000030517578,37.27415084838867
2023-06-13,40.599998474121094,38.13837432861328
2023-06-14,40.43000030517578,37.97867202758789
2023-06-15,40.775001525878906,38.302757263183594
2023-06-16,40.875,38.39669418334961
2023-06-20,40.125,37.87704086303711
2023-06-21,40.255001068115234,37.999759674072266
2023-06-22,40.15999984741211,37.91007614135742
2023-06-23,39.834999084472656,37.6032829284668
2023-06-26,40.25,37.99503707885742
2023-06-27,40.81999969482422,38.53308868408203
2023-06-28,40.540000915527344,38.2687873840332
2023-06-29,41.04999923706055,38.75020980834961
2023-06-30,41.435001373291016,39.11363983154297
2023-07-03,41.59000015258789,39.25996017456055
2023-07-05,40.564998626708984,38.292381286621094
2023-07-06,40.27000045776367,38.013912200927734
2023-07-07,40.619998931884766,38.34430694580078
2023-07-10,40.61000061035156,38.33487319946289
2023-07-11,41.0099983215332,38.71245574951172
2023-07-12,41.54999923706055,39.22220230102539
2023-07-13,41.875,39.52899932861328
2023-07-14,41.630001068115234,39.29772186279297
2023-07-17,41.66999816894531,39.335472106933594
2023-07-18,41.994998931884766,39.64227294921875
2023-07-19,41.77000045776367,39.42988204956055
2023-07-20,41.869998931884766,39.52427673339844
2023-07-21,41.875,39.52899932861328
2023-07-24,42.005001068115234,39.65171813964844
2023-07-25,42.7599983215332,40.36441421508789
2023-07-26,42.6150016784668,40.227535247802734
2023-07-27,42.34000015258789,39.96794509887695
2023-07-28,42.6349983215332,40.24641799926758
2023-07-31,42.86000061035156,40.45881271362305
2023-08-01,42.66999816894531,40.27945327758789
2023-08-02,42.13999938964844,39.779144287109375
2023-08-03,41.880001068115234,39.533714294433594
2023-08-04,41.78499984741211,39.444034576416016
2023-08-07,42.060001373291016,39.703636169433594
2023-08-08,41.6150016784668,39.283565521240234
2023-08-09,41.44499969482422,39.12308120727539
2023-08-10,41.474998474121094,39.15140151977539
2023-08-11,41.36000061035156,39.042850494384766
2023-08-14,41.45000076293945,39.127803802490234
2023-08-15,40.775001525878906,38.49061965942383
2023-08-16,40.5,38.23102569580078
2023-08-17,40.41999816894531,38.155513763427734
2023-08-18,40.415000915527344,38.15079116821289
2023-08-21,40.41999816894531,38.155513763427734
2023-08-22,40.3849983215332,38.122474670410156
2023-08-23,40.45000076293945,38.18383026123047
2023-08-24,40.279998779296875,38.02334976196289
2023-08-25,40.400001525878906,38.13662338256836
2023-08-28,40.69499969482422,38.41510772705078
2023-08-29,41.369998931884766,39.052284240722656
2023-08-30,41.46500015258789,39.14196014404297
2023-08-31,41.44499969482422,39.12308120727539
2023-09-01,41.90999984741211,39.562034606933594
2023-09-05,41.1349983215332,38.830448150634766
2023-09-06,41.04499816894531,38.745487213134766
2023-09-07,40.86000061035156,38.57086181640625
2023-09-08,40.900001525878906,38.608619689941406
2023-09-11,41.07500076293945,38.77381134033203
2023-09-12,40.97999954223633,38.68413543701172
2023-09-13,40.7400016784668,38.457584381103516
2023-09-14,41.314998626708984,39.0003662109375
2023-09-15,40.85499954223633,38.56614303588867
2023-09-18,40.4900016784668,38.40584182739258
2023-09-19,40.45500183105469,38.37263870239258
2023-09-20,40.029998779296875,37.969512939453125
2023-09-21,39.224998474121094,37.20595169067383
2023-09-22,39.185001373291016,37.16801834106445
2023-09-25,39.494998931884766,37.462059020996094
2023-09-26,38.92499923706055,36.92139434814453
2023-09-27,38.91999816894531,36.916648864746094
2023-09-28,39.34000015258789,37.31502914428711
2023-09-29,39.275001525878906,37.25337600708008
2023-10-02,38.755001068115234,36.76015090942383
2023-10-03,38.650001525878906,36.66054916381836
2023-10-04,39.10499954223633,37.09212875366211
2023-10-05,38.630001068115234,36.64158248901367
2023-10-06,38.994998931884766,36.987789154052734
2023-10-09,39.04499816894531,37.03521728515625
2023-10-10,39.459999084472656,37.42885208129883
2023-10-11,39.55500030517578,37.51896286010742
2023-10-12,38.96500015258789,36.959327697753906
2023-10-13,38.81999969482422,36.821800231933594
2023-10-16,39.20000076293945,37.1822395324707
2023-10-17,39.584999084472656,37.54741287231445
2023-10-18,38.560001373291016,36.57518005371094
2023-10-19,38.11000061035156,36.14834213256836
2023-10-20,37.650001525878906,35.71202850341797
2023-10-23,37.22999954223633,35.313636779785156
2023-10-24,37.66999816894531,35.73099136352539
2023-10-25,37.22999954223633,35.313636779785156
2023-10-26,37.4900016784668,35.56025695800781
2023-10-27,37.474998474121094,35.5460319519043
2023-10-30,37.86000061035156,35.91122055053711
2023-10-31,38.029998779296875,36.07245635986328
2023-11-01,38.04999923706055,36.0914306640625
2023-11-02,38.78499984741211,36.788597106933594
2023-11-03,39.39500045776367,37.36720657348633
2023-11-06,39.20000076293945,37.1822395324707
2023-11-07,38.439998626708984,36.46135711669922
2023-11-08,38.560001373291016,36.57518005371094
2023-11-09,38.22999954223633,36.26216506958008
2023-11-10,38.68000030517578,36.68901062011719
2023-11-13,38.625,36.636837005615234
2023-11-14,39.76499938964844,37.7181510925293
2023-11-15,39.939998626708984,37.8841438293457
2023-11-16,40.060001373291016,37.99797439575195
2023-11-17,40.1349983215332,38.06910705566406
2023-11-20,40.20500183105469,38.13551330566406
2023-11-21,40.36000061035156,38.282527923583984
2023-11-22,40.3849983215332,38.306243896484375
2023-11-24,40.560001373291016,38.472232818603516
2023-11-27,40.5099983215332,38.4248046875
2023-11-28,40.59000015258789,38.50069808959961
2023-11-29,40.79999923706055,38.69987869262695
2023-11-30,41.20500183105469,39.08403396606445
2023-12-01,41.67499923706055,39.52983856201172
2023-12-04,41.189998626708984,39.0698127746582
2023-12-05,40.625,38.53388214111328
2023-12-06,40.540000915527344,38.45326614379883
2023-12-07,40.814998626708984,38.714111328125
2023-12-08,40.96500015258789,38.85638427734375
2023-12-11,41.255001068115234,39.131465911865234
2023-12-12,41.494998931884766,39.359107971191406
2023-12-13,42.0,39.83811950683594
2023-12-14,42.69499969482422,40.497337341308594
2023-12-15,42.584999084472656,40.39299774169922
2023-12-18,42.35499954223633,40.455562591552734
2023-12-19,42.744998931884766,40.828067779541016
2023-12-20,42.09000015258789,40.20245361328125
2023-12-21,42.53499984741211,40.62749099731445
2023-12-22,42.79999923706055,40.8806037902832
2023-12-26,43.0,41.07163619995117
2023-12-27,43.10499954223633,41.171932220458984
2023-12-28,42.939998626708984,41.01432800292969
2023-12-29,42.77000045776367,40.85195541381836
2024-01-02,42.69499969482422,40.78031921386719
2024-01-03,42.23500061035156,40.340938568115234
2024-01-04,42.099998474121094,40.21199417114258
2024-01-05,42.16999816894531,40.27885437011719
2024-01-08,42.349998474121094,40.45078659057617
2024-01-09,41.8650016784668,39.987545013427734
2024-01-10,41.810001373291016,39.935001373291016
2024-01-11,41.685001373291016,39.81561279296875
2024-01-12,41.724998474121094,39.85381317138672
2024-01-16,41.244998931884766,39.39534378051758
2024-01-17,40.94499969482422,39.108795166015625
2024-01-18,41.07500076293945,39.23296356201172
2024-01-19,41.1150016784668,39.27117919921875
2024-01-22,41.23500061035156,39.38579177856445
2024-01-23,41.369998931884766,39.51473617553711
2024-01-24,40.810001373291016,38.9798469543457
2024-01-25,41.2400016784668,39.390567779541016
2024-01-26,41.255001068115234,39.40489196777344
2024-01-29,41.459999084472656,39.60070037841797
2024-01-30,41.650001525878906,39.78218078613281
2024-01-31,41.10499954223633,39.26162338256836
2024-02-01,41.790000915527344,39.9159049987793
2024-02-02,41.54499816894531,39.681884765625
2024-02-05,40.4900016784668,38.6742057800293
2024-02-06,41.20500183105469,39.35713577270508
2024-02-07,41.53499984741211,39.67233657836914
2024-02-08,41.47999954223633,39.61979675292969
2024-02-09,41.56999969482422,39.70576858520508
2024-02-12,41.900001525878906,40.02096939086914
2024-02-13,41.310001373291016,39.457427978515625
2024-02-14,41.57500076293945,39.71054458618164
2024-02-15,42.36000061035156,40.46034240722656
2024-02-16,42.584999084472656,40.67524719238281
2024-02-20,42.494998931884766,40.58928298950195
2024-02-21,42.72999954223633,40.813743591308594
2024-02-22,43.15999984741211,41.224464416503906
2024-02-23,43.415000915527344,41.46802520751953
2024-02-26,43.154998779296875,41.21968460083008
2024-02-27,43.314998626708984,41.37251281738281
2024-02-28,43.45000076293945,41.501461029052734
2024-02-29,43.779998779296875,41.81665802001953
2024-03-01,43.97999954223633,42.007686614990234
2024-03-04,44.29999923706055,42.31333923339844
2024-03-05,44.064998626708984,42.08887481689453
2024-03-06,44.38999938964844,42.39930725097656
2024-03-07,44.935001373291016,42.91986083984375
2024-03-08,44.67499923706055,42.6715202331543
2024-03-11,45.18000030517578,43.15386962890625
2024-03-12,45.17499923706055,43.14909744262695
2024-03-13,45.619998931884766,43.57414245605469
2024-03-14,45.380001068115234,43.344905853271484
2024-03-15,45.400001525878906,43.36400604248047
2024-03-18,45.31999969482422,43.443092346191406
2024-03-19,45.32500076293945,43.447879791259766
2024-03-20,45.779998779296875,43.88404083251953
2024-03-21,45.970001220703125,44.0661735534668
2024-03-22,45.685001373291016,43.792972564697266
2024-03-25,45.70000076293945,43.8073616027832
2024-03-26,45.665000915527344,43.773807525634766
2024-03-27,46.31999969482422,44.40167236328125
2024-03-28,46.44499969482422,44.52150344848633
2024-04-01,46.334999084472656,44.416053771972656
2024-04-02,46.165000915527344,44.25309371948242
2024-04-03,46.439998626708984,44.51670455932617
2024-04-04,45.970001220703125,44.0661735534668
2024-04-05,46.3849983215332,44.463985443115234
2024-04-08,46.41999816894531,44.49753189086914
2024-04-09,46.529998779296875,44.60297775268555
2024-04-10,45.80500030517578,43.90801239013672
2024-04-11,45.77000045776367,43.874454498291016
2024-04-12,44.959999084472656,43.09800338745117
2024-04-15,44.744998931884766,42.89190673828125
2024-04-16,44.400001525878906,42.561187744140625
2024-04-17,44.5,42.65705108642578
2024-04-18,44.51499938964844,42.67142868041992
2024-04-19,44.47999954223633,42.63787841796875
2024-04-22,44.525001525878906,42.6810188293457
2024-04-23,44.13999938964844,42.31196212768555
2024-04-24,44.16999816894531,42.34071350097656
2024-04-25,44.48500061035156,42.642677307128906
2024-04-26,44.7599983215332,42.906280517578125
2024-04-29,45.1349983215332,43.26575469970703
2024-04-30,44.314998626708984,42.47971725463867
2024-05-01,44.54499816894531,42.70018768310547
2024-05-02,44.314998626708984,42.47971725463867
2024-05-03,44.76499938964844,42.91108322143555
2024-05-06,45.03499984741211,43.16989517211914
2024-05-07,45.56999969482422,43.6827392578125
2024-05-08,45.36000061035156,43.4814338684082
2024-05-09,45.8650016784668,43.96552276611328
2024-05-10,45.91999816894531,44.018245697021484
2024-05-13,45.88999938964844,43.98948287963867
2024-05-14,45.935001373291016,44.032615661621094
2024-05-15,46.01499938964844,44.10930633544922
2024-05-16,45.685001373291016,43.792972564697266
2024-05-17,46.07500076293945,44.16682052612305
2024-05-20,46.13999938964844,44.2291259765625
2024-05-21,46.13999938964844,44.2291259765625
2024-05-22,45.689998626708984,43.79776382446289
2024-05-23,45.28499984741211,43.4095458984375
2024-05-24,45.68000030517578,43.78818130493164
2024-05-28,45.505001068115234,43.620426177978516
2024-05-29,44.85499954223633,42.99735641479492
2024-05-30,45.220001220703125,43.34722900390625
2024-05-31,45.76499938964844,43.869659423828125
2024-06-03,45.494998931884766,43.61084747314453
2024-06-04,44.9900016784668,43.12676239013672
2024-06-05,45.29999923706055,43.42391586303711
2024-06-06,45.349998474121094,43.47184371948242
2024-06-07,44.89500045776367,43.03569793701172
2024-06-10,44.849998474121094,42.99256134033203
2024-06-11,44.834999084472656,42.97817611694336
2024-06-12,44.91999816894531,43.05965042114258
2024-06-13,44.904998779296875,43.04528045654297
2024-06-14,44.4900016784668,42.647464752197266
2024-06-17,44.81999969482422,42.96379470825195
2024-06-18,44.77000045776367,42.915870666503906
2024-06-20,44.814998626708984,42.95900344848633
2024-06-21,44.81999969482422,42.96379470825195
2024-06-24,44.89500045776367,43.24070739746094
2024-06-25,44.32500076293945,42.691707611083984
2024-06-26,44.29499816894531,42.66281509399414
2024-06-27,44.16999816894531,42.54241943359375
2024-06-28,44.154998779296875,42.527976989746094
2024-07-01,43.474998474121094,41.873023986816406
2024-07-02,43.55500030517578,41.950077056884766
2024-07-03,43.880001068115234,42.26311111450195
2024-07-05,43.95000076293945,42.33052444458008
2024-07-08,44.08000183105469,42.45573806762695
2024-07-09,43.630001068115234,42.02231979370117
2024-07-10,44.21500015258789,42.58576965332031
2024-07-11,44.81999969482422,43.1684684753418
2024-07-12,45.25,43.58262252807617
2024-07-15,45.1349983215332,43.471858978271484
2024-07-16,46.0099983215332,44.31462097167969
2024-07-17,45.915000915527344,44.223121643066406
2024-07-18,45.459999084472656,43.784889221191406
2024-07-19,45.05500030517578,43.394805908203125
2024-07-22,45.20500183105469,43.53927993774414
2024-07-23,45.3849983215332,43.712650299072266
2024-07-24,44.80500030517578,43.154029846191406
2024-07-25,44.93000030517578,43.2744140625
2024-07-26,45.665000915527344,43.98233413696289
2024-07-29,45.744998931884766,44.05938720703125
2024-07-30,45.595001220703125,43.9149169921875
2024-07-31,46.06999969482422,44.37240982055664
2024-08-01,45.8849983215332,44.19422912597656
2024-08-02,45.02000045776367,43.36109924316406
2024-08-05,44.01499938964844,42.39312744140625
2024-08-06,44.2400016784668,42.60984802246094
2024-08-07,43.63999938964844,42.03194808959961
2024-08-08,44.314998626708984,42.68207931518555
2024-08-09,44.279998779296875,42.64836883544922
2024-08-12,44.084999084472656,42.46055221557617
2024-08-13,44.525001525878906,42.88433837890625
2024-08-14,44.525001525878906,42.88433837890625
2024-08-15,45.22999954223633,43.56336212158203
2024-08-16,45.28499984741211,43.616336822509766
2024-08-19,45.5,43.82341766357422
2024-08-20,45.334999084472656,43.66449737548828
2024-08-21,45.85499954223633,44.16533279418945
2024-08-22,45.7599983215332,44.07383346557617
2024-08-23,46.3650016784668,44.65653991699219
2024-08-26,46.56999969482422,44.85398864746094
2024-08-27,46.57500076293945,44.85879898071289
2024-08-28,46.375,44.66617202758789
2024-08-29,46.630001068115234,44.91177749633789
2024-08-30,47.13999938964844,45.40298080444336
2024-09-03,46.06999969482422,44.37240982055664
2024-09-04,45.880001068115234,44.189414978027344
2024-09-05,45.52000045776367,43.842674255371094
2024-09-06,44.94499969482422,43.28886413574219
2024-09-09,45.380001068115234,43.70783233642578
2024-09-10,45.400001525878906,43.72710037231445
2024-09-11,45.5099983215332,43.83303451538086
2024-09-12,45.93000030517578,44.237571716308594
2024-09-13,46.345001220703125,44.63727569580078
2024-09-16,46.775001525878906,45.05143737792969
2024-09-17,46.8650016784668,45.13811492919922
2024-09-18,46.665000915527344,44.94548416137695
2024-09-19,47.369998931884766,45.62450408935547
2024-09-20,47.03499984741211,45.30185317993164
2024-09-23,47.23500061035156,45.69754409790039
2024-09-24,47.880001068115234,46.32154846191406
2024-09-25,47.560001373291016,46.011959075927734
2024-09-26,48.54499816894531,46.964900970458984
2024-09-27,48.459999084472656,46.882659912109375
2024-09-30,48.189998626708984,46.62145233154297
2024-10-01,48.06999969482422,46.50536346435547
2024-10-02,47.8849983215332,46.32638168334961
2024-10-03,47.35499954223633,45.81363296508789
2024-10-04,47.584999084472656,46.0361442565918
2024-10-07,47.44499969482422,45.90070724487305
2024-10-08,47.224998474121094,45.6878662109375
2024-10-09,47.525001525878906,45.97809600830078
2024-10-10,47.6349983215332,46.08451843261719
2024-10-11,47.94499969482422,46.384429931640625
2024-10-14,48.220001220703125,46.65047836303711
2024-10-15,48.16999816894531,46.60210037231445
2024-10-16,48.54499816894531,46.964900970458984
2024-10-17,48.619998931884766,47.03746032714844
2024-10-18,48.814998626708984,47.22611618041992
2024-10-21,48.439998626708984,46.86331558227539
2024-10-22,47.994998931884766,46.43280029296875
2024-10-23,47.8650016784668,46.30703353881836
2024-10-24,47.279998779296875,45.74107360839844
2024-10-25,46.97999954223633,45.45083999633789
2024-10-28,47.369998931884766,45.82814407348633
2024-10-29,47.064998626708984,45.5330696105957
2024-10-30,47.31999969482422,45.77976989746094
2024-10-31,46.69499969482422,45.17511749267578
2024-11-01,46.564998626708984,45.04935073852539
2024-11-04,46.77000045776367,45.24767303466797
2024-11-05,46.84000015258789,45.31539535522461
2024-11-06,47.48500061035156,45.93940353393555
2024-11-07,47.66999816894531,46.11838150024414
2024-11-08,47.23500061035156,45.69754409790039
2024-11-11,47.029998779296875,45.49921417236328
2024-11-12,46.22999954223633,44.725250244140625
2024-11-13,46.34000015258789,44.8316764831543
2024-11-14,45.959999084472656,44.46403884887695
2024-11-15,45.63999938964844,44.154457092285156
2024-11-18,45.994998931884766,44.497894287109375
2024-11-19,45.845001220703125,44.352783203125
2024-11-20,46.220001220703125,44.715576171875
2024-11-21,46.78499984741211,45.262184143066406
2024-11-22,47.04499816894531,45.51372146606445
2024-11-25,47.529998779296875,45.982933044433594
2024-11-26,47.17499923706055,45.63949203491211
2024-11-27,47.150001525878906,45.61531066894531
2024-11-29,47.38999938964844,45.847496032714844
2024-12-02,47.36000061035156,45.81846618652344
2024-12-03,47.209999084472656,45.67335891723633
2024-12-04,46.75,45.22832489013672
2024-12-05,46.1349983215332,44.63334274291992
2024-12-06,45.95500183105469,44.459205627441406
2024-12-09,45.94499969482422,44.449527740478516
2024-12-10,45.474998474121094,43.99482345581055
2024-12-11,45.314998626708984,43.840030670166016
2024-12-12,45.0,43.535282135009766
2024-12-13,44.6150016784668,43.162818908691406
2024-12-16,44.220001220703125,42.78067398071289
2024-12-17,43.974998474121094,42.54365158081055
2024-12-18,42.724998474121094,41.33433532714844
2024-12-19,42.26499938964844,40.88930892944336
2024-12-20,42.790000915527344,41.397220611572266
2024-12-23,42.53499984741211,41.3651237487793
2024-12-24,42.76499938964844,41.588802337646484
2024-12-26,42.70000076293945,41.52558898925781
2024-12-27,42.470001220703125,41.30192184448242
2024-12-30,41.900001525878906,40.74759292602539
2024-12-31,42.06999969482422,40.91291427612305
2025-01-02,41.60499954223633,40.46070098876953
2025-01-03,41.595001220703125,40.45098114013672
2025-01-06,41.875,40.72328567504883
2025-01-07,41.849998474121094,40.69896697998047
2025-01-08,42.08000183105469,40.92264938354492
2025-01-10,41.650001525878906,40.50447082519531
2025-01-13,42.58000183105469,41.40888977050781
2025-01-14,43.11000061035156,41.924312591552734
2025-01-15,43.52000045776367,42.32303237915039
2025-01-16,43.880001068115234,42.67313766479492
2025-01-17,44.165000915527344,42.950294494628906
2025-01-21,44.72999954223633,43.499755859375
2025-01-22,44.369998931884766,43.149658203125
2025-01-23,44.6150016784668,43.38792037963867
2025-01-24,44.5,43.27608108520508
2025-01-27,44.525001525878906,43.30039596557617
2025-01-28,44.380001068115234,43.15938949584961
2025-01-29,44.29999923706055,43.081581115722656
2025-01-30,44.720001220703125,43.49003982543945
2025-01-31,44.39500045776367,43.17397689819336
2025-02-03,44.439998626708984,43.21773147583008
2025-02-04,44.56999969482422,43.344154357910156
2025-02-05,44.53499984741211,43.31011962890625
2025-02-06,44.689998626708984,43.46085739135742
2025-02-07,44.14500045776367,42.930843353271484
2025-02-10,44.369998931884766,43.149658203125
2025-02-11,44.630001068115234,43.40250778198242
2025-02-12,44.310001373291016,43.09130859375
2025-02-13,45.08000183105469,43.84012985229492
2025-02-14,44.92499923706055,43.689395904541016
2025-02-18,45.494998931884766,44.243717193603516
2025-02-19,44.959999084472656,43.72343063354492
2025-02-20,44.85499954223633,43.62132263183594
2025-02-21,44.03499984741211,42.82387161254883
2025-02-24,43.98500061035156,42.77524948120117
2025-02-25,44.32500076293945,43.10589599609375
2025-02-26,44.30500030517578,43.086448669433594
2025-02-27,44.005001068115234,42.79469680786133
2025-02-28,44.380001068115234,43.15938949584961
2025-03-03,43.4900016784668,42.29386520385742
2025-03-04,42.900001525878906,41.7200927734375
2025-03-05,44.02000045776367,42.809288024902344
2025-03-06,43.790000915527344,42.58561325073242
2025-03-07,43.90999984741211,42.70231246948242
2025-03-10,42.994998931884766,41.812477111816406
2025-03-11,42.665000915527344,41.49155044555664
2025-03-12,42.46500015258789,41.29705810546875
2025-03-13,42.435001373291016,41.26787567138672
2025-03-14,42.9900016784668,41.807613372802734
2025-03-17,43.529998779296875,42.33275604248047
2025-03-18,43.45500183105469,42.25982666015625
2025-03-19,43.599998474121094,42.40083694458008
2025-03-20,43.32500076293945,42.133399963378906
2025-03-21,42.89500045776367,41.71522903442383
2025-03-24,43.27000045776367,42.28049850463867
2025-03-25,43.2599983215332,42.27072525024414
2025-03-26,43.34000015258789,42.348899841308594
2025-03-27,43.31999969482422,42.3293571472168
2025-03-28,42.525001525878906,41.55253601074219
2025-03-31,42.9900016784668,42.00690841674805
2025-04-01,43.150001525878906,42.163246154785156
2025-04-02,43.505001068115234,42.51012420654297
2025-04-03,41.540000915527344,40.59006118774414
2025-04-04,38.939998626708984,38.04951858520508
2025-04-07,38.314998626708984,37.43880844116211
2025-04-08,37.1349983215332,36.285797119140625
2025-04-09,40.380001068115234,39.45658874511719
2025-04-10,39.09000015258789,38.196083068847656
2025-04-11,40.25,39.32956314086914
2025-04-14,40.73500061035156,39.803466796875
2025-04-15,40.415000915527344,39.49078369140625
2025-04-16,40.099998474121094,39.182987213134766
2025-04-17,40.375,39.45170211791992
2025-04-21,39.7599983215332,38.85076141357422
2025-04-22,40.689998626708984,39.759498596191406
2025-04-23,40.7400016784668,39.80835723876953
2025-04-24,41.619998931884766,40.66823196411133
2025-04-25,41.310001373291016,40.365318298339844
2025-04-28,41.3849983215332,40.438602447509766
2025-04-29,41.72999954223633,40.77571105957031
2025-04-30,41.94499969482422,40.98579788208008
2025-05-01,41.7599983215332,40.805030822753906
2025-05-02,42.46500015258789,41.49391174316406
2025-05-05,42.150001525878906,41.18611145019531
2025-05-06,41.845001220703125,40.888092041015625
2025-05-07,41.6150016784668,40.66334915161133
2025-05-08,42.16999816894531,41.205650329589844
2025-05-09,42.279998779296875,41.31313705444336
2025-05-12,43.2599983215332,42.27072525024414
2025-05-13,43.04499816894531,42.060638427734375
2025-05-14,42.650001525878906,41.674678802490234
2025-05-15,43.084999084472656,42.099727630615234
2025-05-16,43.525001525878906,42.529666900634766
2025-05-19,43.6349983215332,42.63715362548828
2025-05-20,43.560001373291016,42.56386947631836
2025-05-21,42.97999954223633,41.99713134765625
2025-05-22,42.935001373291016,41.953163146972656
2025-05-23,42.849998474121094,41.87010192871094
2025-05-27,43.599998474121094,42.60294723510742
2025-05-28,43.005001068115234,42.02155685424805
2025-05-29,43.165000915527344,42.17789840698242
2025-05-30,43.16999816894531,42.18278121948242
2025-06-02,43.42499923706055,42.43195724487305
2025-06-03,43.869998931884766,42.86677551269531
2025-06-04,44.03499984741211,43.02799987792969
2025-06-05,43.775001525878906,42.77395248413086
2025-06-06,43.88999938964844,42.886322021484375
2025-06-09,44.185001373291016,43.17457580566406
2025-06-10,44.459999084472656,43.44328689575195
2025-06-11,44.02000045776367,43.01334762573242
2025-06-12,44.20500183105469,43.19411849975586
2025-06-13,43.689998626708984,42.69089126586914
2025-06-16,44.060001373291016,43.052433013916016
2025-06-17,43.630001068115234,42.632266998291016
2025-06-18,43.505001068115234,42.51012420654297
2025-06-20,43.209999084472656,42.221866607666016
2025-06-23,43.470001220703125,42.69230270385742
2025-06-24,43.83000183105469,43.045860290527344
2025-06-25,43.40999984741211,42.63337326049805
2025-06-26,43.88999938964844,43.10478591918945
2025-06-27,43.94499969482422,43.15879821777344
2025-06-30,43.904998779296875,43.1195182800293
2025-07-01,45.040000915527344,44.23421096801758
2025-07-02,45.71500015258789,44.89713668823242
2025-07-03,45.685001373291016,44.867671966552734
2025-07-07,45.244998931884766,44.43553924560547
2025-07-08,45.6150016784668,44.79892349243164
2025-07-09,45.88999938964844,45.069000244140625
2025-07-10,46.1349983215332,45.30961990356445
2025-07-11,45.7599983215332,44.94132995605469
2025-07-14,45.505001068115234,44.69089126586914
2025-07-15,44.56999969482422,43.772621154785156
2025-07-16,44.689998626708984,43.89047622680664
2025-07-17,45.005001068115234,44.1998405456543
2025-07-18,45.11000061035156,44.30295944213867
2025-07-21,45.34000015258789,44.52884292602539
2025-07-22,45.96500015258789,45.14266586303711
2025-07-23,46.119998931884766,45.294883728027344
2025-07-24,45.64500045776367,44.82838821411133
2025-07-25,46.185001373291016,45.358726501464844
2025-07-28,45.51499938964844,44.700714111328125
2025-07-29,45.34000015258789,44.52884292602539
2025-07-30,44.42499923706055,43.630210876464844
2025-07-31,43.8650016784668,43.080230712890625
2025-08-01,43.36000061035156,42.58427047729492
2025-08-04,43.935001373291016,43.148983001708984
2025-08-05,44.244998931884766,43.45343017578125
2025-08-06,43.76499938964844,42.98202133178711
2025-08-07,43.95500183105469,43.16862869262695
2025-08-08,44.17499923706055,43.38468551635742
2025-08-11,44.07500076293945,43.286476135253906
2025-08-12,44.650001525878906,43.85118865966797
2025-08-13,45.4900016784668,44.67616271972656
2025-08-14,45.01499938964844,44.20965576171875
2025-08-15,45.01499938964844,44.20965576171875
2025-08-18,44.755001068115234,43.95431137084961
2025-08-19,45.025001525878906,44.219482421875
2025-08-20,45.060001373291016,44.25385665893555
2025-08-21,45.19499969482422,44.38644027709961
2025-08-22,46.09000015258789,45.26542663574219
2025-08-25,45.834999084472656,45.014991760253906
2025-08-26,45.959999084472656,45.137752532958984
2025-08-27,46.07500076293945,45.25069046020508
2025-08-28,46.07500076293945,45.25069046020508
2025-08-29,46.13999938964844,45.31452941894531
2025-09-02,45.79499816894531,44.97570037841797
2025-09-03,45.48500061035156,44.67124938964844
2025-09-04,45.65999984741211,44.843116760253906
2025-09-05,45.97999954223633,45.15739059448242
2025-09-08,46.02000045776367,45.19668197631836
2025-09-09,45.27000045776367,44.4600944519043
2025-09-10,45.35499954223633,44.543575286865234
2025-09-11,46.30500030517578,45.47657775878906
2025-09-12,45.84000015258789,45.019901275634766
2025-09-15,45.470001220703125,44.65652084350586
2025-09-16,45.33000183105469,44.51902770996094
2025-09-17,45.435001373291016,44.62214279174805
2025-09-18,45.435001373291016,44.62214279174805
2025-09-19,45.415000915527344,44.60250473022461
2025-09-22,45.185001373291016,44.58721160888672
2025-09-23,45.040000915527344,44.44412612915039
2025-09-24,44.4900016784668,43.901405334472656
2025-09-25,43.90999984741211,43.329078674316406
2025-09-26,44.41999816894531,43.83232498168945
2025-09-29,44.59000015258789,44.00008010864258
2025-09-30,44.810001373291016,44.21717071533203
2025-10-01,44.34000015258789,43.75339126586914
2025-10-02,44.85499954223633,44.261573791503906
2025-10-03,44.93000030517578,44.33557891845703
2025-10-06,44.88999938964844,44.29611587524414
2025-10-07,44.709999084472656,44.118492126464844
2025-10-08,44.95000076293945,44.355316162109375
2025-10-09,44.334999084472656,43.748451232910156
2025-10-10,43.42499923706055,42.850494384765625
2025-10-13,44.1150016784668,43.53136444091797
2025-10-14,44.55500030517578,43.965545654296875
2025-10-15,44.35499954223633,43.7681884765625
2025-10-16,44.025001525878906,43.44255828857422
2025-10-17,43.939998626708984,43.35867691040039
2025-10-20,44.46500015258789,43.87673568725586
2025-10-21,44.29499816894531,43.708984375
2025-10-22,44.15999984741211,43.575767517089844
2025-10-23,44.689998626708984,44.098758697509766
2025-10-24,44.505001068115234,43.91620635986328
2025-10-27,44.48500061035156,43.89646911621094
2025-10-28,44.54499816894531,43.95567321777344
2025-10-29,43.66999816894531,43.09225082397461
2025-10-30,43.084999084472656,42.514991760253906
2025-10-31,42.834999084472656,42.2682991027832
2025-11-03,42.56999969482422,42.00680160522461
2025-11-04,42.36000061035156,41.799583435058594
2025-11-05,42.61000061035156,42.0462760925293
2025-11-06,42.400001525878906,41.839054107666016
2025-11-07,42.90999984741211,42.34230422973633
2025-11-10,43.314998626708984,42.74195098876953
2025-11-11,43.76499938964844,43.18599319458008
2025-11-12,44.07500076293945,43.49189376831055
2025-11-13,43.78499984741211,43.20573043823242
2025-11-14,43.3849983215332,42.81101989746094
2025-11-17,42.724998474121094,42.159751892089844
2025-11-18,42.7599983215332,42.19429397583008
2025-11-19,42.869998931884766,42.302833557128906
2025-11-20,42.22999954223633,41.67129898071289
2025-11-21,43.17499923706055,42.60380172729492
2025-11-24,43.2599983215332,42.68767166137695
2025-11-25,43.904998779296875,43.32414245605469
2025-11-26,44.44499969482422,43.856998443603516
2025-11-28,44.70000076293945,44.10862350463867
2025-12-01,44.59000015258789,44.00008010864258
2025-12-02,44.185001373291016,43.600440979003906
2025-12-03,44.494998931884766,43.906333923339844
2025-12-04,44.23500061035156,43.649776458740234
2025-12-05,44.09000015258789,43.50669860839844
2025-12-08,43.47999954223633,42.904762268066406
2025-12-09,43.38999938964844,42.81595230102539
2025-12-10,44.2400016784668,43.65470886230469
2025-12-11,45.119998931884766,44.523067474365234
2025-12-12,45.150001525878906,44.55267333984375
2025-12-15,45.119998931884766,44.523067474365234
2025-12-16,45.0,44.40465545654297
2025-12-17,45.189998626708984,44.59214401245117
2025-12-18,45.16999816894531,44.57240676879883
2025-12-19,45.369998931884766,44.7697639465332
2025-12-22,45.66999816894531,45.298423767089844
2025-12-23,45.75,45.37777328491211
2025-12-24,45.84000015258789,45.467041015625
2025-12-26,46.11000061035156,45.73484420776367
2025-12-29,45.7400016784668,45.367855072021484
2025-12-30,45.72999954223633,45.357933044433594
2025-12-31,45.349998474121094,44.98102569580078
2026-01-02,46.119998931884766,45.74475860595703
2026-01-05,46.58000183105469,46.201019287109375
2026-01-06,47.5,47.1135368347168
2026-01-07,46.68000030517578,46.300209045410156
2026-01-08,47.5,47.1135368347168
2026-01-09,48.2599983215332,47.86735153198242
2026-01-12,48.52000045776367,48.12523651123047
2026-01-13,48.72999954223633,48.333526611328125
2026-01-14,48.75,48.353363037109375
2026-01-15,48.959999084472656,48.56165313720703
2026-01-16,48.68000030517578,48.283931732177734
2026-01-20,48.189998626708984,47.79792022705078
2026-01-21,49.2400016784668,48.83938217163086
2026-01-22,49.52000045776367,49.11709976196289
2026-01-23,49.970001220703125,49.56344223022461
2026-01-26,50.029998779296875,49.622947692871094
2026-01-27,49.97999954223633,49.57335662841797
2026-01-28,49.95000076293945,49.543601989746094
2026-01-29,50.0,49.59319305419922
2026-01-30,49.27000045776367,48.86913299560547
2026-02-02,49.650001525878906,49.24604415893555
2026-02-03,50.70000076293945,50.28750228881836
2026-02-04,51.88999938964844,51.46781921386719
2026-02-05,50.5,50.08912658691406
2026-02-06,51.5099983215332,51.09090805053711
2026-02-09,52.18000030517578,51.75545883178711
2026-02-10,52.90999984741211,52.47951889038086
2026-02-11,53.619998931884766,53.183738708496094
2026-02-12,52.83000183105469,52.40017318725586
2026-02-13,53.310001373291016,52.87626647949219
2026-02-17,52.70000076293945,52.2712287902832
2026-02-18,53.02000045776367,52.588623046875
2026-02-19,52.83000183105469,52.40017318725586
2026-02-20,52.959999084472656,52.529109954833984
2026-02-23,52.959999084472656,52.529109954833984
2026-02-24,53.36000061035156,52.92585754394531
2026-02-25,53.060001373291016,52.628299713134766
2026-02-26,53.0,52.56878662109375
2026-02-27,53.40999984741211,52.97544860839844
2026-03-02,53.25,52.81675338745117
2026-03-03,51.939998626708984,51.51741027832031
2026-03-04,51.91999816894531,51.4975700378418
2026-03-05,50.83000183105469,50.41644287109375
2026-03-06,49.86000061035156,49.4543342590332
2026-03-09,49.9900016784668,49.583274841308594
2026-03-10,49.880001068115234,49.47417449951172
2026-03-11,49.84000015258789,49.43449783325195
2026-03-12,49.68000030517578,49.27579879760742
2026-03-13,49.189998626708984,48.7897834777832
2026-03-16,49.400001525878906,48.998077392578125
2026-03-17,49.52000045776367,49.11709976196289
2026-03-18,48.47999954223633,48.08556365966797
2026-03-19,47.7400016784668,47.35158157348633
2026-03-20,46.97999954223633,46.5977668762207
2026-03-23,47.54999923706055,47.372867584228516
2026-03-24,48.45000076293945,48.26951599121094
2026-03-25,49.40999984741211,49.2259407043457
2026-03-26,49.09000015258789,48.90713119506836
2026-03-27,48.90999984741211,48.72780227661133
2026-03-30,49.09000015258789,48.90713119506836
2026-03-31,49.970001220703125,49.78385543823242
2026-04-01,50.459999084472656,50.27202606201172
2026-04-02,50.40999984741211,50.22221374511719
2026-04-06,50.220001220703125,50.03292465209961
2026-04-07,50.08000183105469,49.8934440612793
2026-04-08,51.75,51.55722427368164
2026-04-09,51.66999816894531,51.47751998901367
2026-04-10,51.959999084472656,51.76643753051758
2026-04-13,52.189998626708984,51.995582580566406
2026-04-14,52.0099983215332,51.816253662109375
2026-04-15,51.380001068115234,51.188602447509766
2026-04-16,51.75,51.55722427368164
2026-04-17,51.880001068115234,51.68674087524414
2026-04-20,52.22999954223633,52.03543472290039
2026-04-21,51.77000045776367,51.5771484375
2026-04-22,51.83000183105469,51.636924743652344
2026-04-23,51.810001373291016,51.617000579833984
2026-04-24,51.91999816894531,51.726585388183594
2026-04-27,51.779998779296875,51.58710861206055
2026-04-28,51.400001525878906,51.208526611328125
2026-04-29,50.959999084472656,50.770164489746094
2026-04-30,51.470001220703125,51.27826690673828
2026-05-01,51.349998474121094,51.15871047973633
2026-05-04,50.650001525878906,50.46132278442383
2026-05-05,51.529998779296875,51.33803939819336
2026-05-06,52.40999984741211,52.21476364135742
2026-05-07,51.400001525878906,51.208526611328125
2026-05-08,51.59000015258789,51.39781951904297
2026-05-11,52.2599983215332,52.0653190612793
2026-05-12,52.13999938964844,51.945770263671875
2026-05-13,52.060001373291016,51.86606979370117
2026-05-14,51.66999816894531,51.47751998901367
2026-05-15,50.29999923706055,50.11262130737305
2026-05-18,50.220001220703125,50.03292465209961
2026-05-19,49.040000915527344,48.85731887817383
2026-05-20,49.720001220703125,49.534786224365234
2026-05-21,50.02000045776367,49.83366775512695
2026-05-22,50.290000915527344,50.1026611328125
2026-05-26,50.9900016784668,50.80005645751953
2026-05-27,51.18000030517578,50.98934555053711
2026-05-28,51.36000061035156,51.16867446899414
2026-05-29,51.150001525878906,50.95945739746094
2026-06-01,50.91999816894531,50.73031234741211
2026-06-02,51.52000045776367,51.32807922363281
2026-06-03,51.630001068115234,51.43767166137695
2026-06-04,51.619998931884766,51.427703857421875
2026-06-05,50.630001068115234,50.4413948059082
2026-06-08,49.959999084472656,49.773887634277344
2026-06-09,50.77000045776367,50.580875396728516
2026-06-10,49.599998474121094,49.41522979736328
2026-06-11,51.220001220703125,51.029197692871094
2026-06-12,52.18000030517578,51.98562240600586
2026-06-15,52.5,52.30442810058594
2026-06-16,52.720001220703125,52.52360916137695
2026-06-17,52.02000045776367,51.82621765136719
2026-06-18,51.810001373291016,51.617000579833984
2026-06-22,51.619998931884766,51.619998931884766
2026-06-23,50.869998931884766,50.869998931884766
2026-06-24,51.15999984741211,51.15999984741211
2026-06-25,51.84000015258789,51.84000015258789
2026-06-26,51.599998474121094,51.599998474121094
2026-06-29,50.65999984741211,50.65999984741211
2026-06-30,50.83000183105469,50.83000183105469
2026-07-01,51.02000045776367,51.02000045776367
2026-07-02,52.0099983215332,52.0099983215332
2026-07-06,51.97999954223633,51.97999954223633
2026-07-07,51.5099983215332,51.5099983215332
2026-07-08,50.15999984741211,50.15999984741211
2026-07-09,50.2599983215332,50.2599983215332
2026-07-10,50.88999938964844,50.88999938964844
2026-07-13,50.58000183105469,50.58000183105469
2026-07-14,50.63999938964844,50.63999938964844
2026-07-15,50.5,50.5
2026-07-16,50.88999938964844,50.88999938964844
2026-07-17,50.529998779296875,50.529998779296875
2026-07-20,50.029998779296875,50.029998779296875
2026-07-21,50.099998474121094,50.099998474121094
2026-07-22,50.81999969482422,50.81999969482422
2026-07-23,50.290000915527344,50.290000915527344
2026-07-24,51.2599983215332,51.2599983215332
2026-07-27,51.38999938964844,51.38999938964844
2026-07-28,52.34000015258789,52.34000015258789
2026-07-29,51.7400016784668,51.7400016784668
2026-07-30,51.63999938964844,51.63999938964844
2026-07-31,50.43000030517578,50.43000030517578
2026-08-03,51.0099983215332,51.0099983215332
2026-08-04,52.0,52.0
2026-08-05,52.63999938964844,52.63999938964844
2026-08-06,52.16999816894531,52.16999816894531
2026-08-07,52.86000061035156,52.86000061035156
2026-08-10,53.18000030517578,53.18000030517578
2026-08-11,53.2400016784668,53.2400016784668
2026-08-12,52.58000183105469,52.58000183105469
2026-08-13,52.310001373291016,52.310001373291016
2026-08-14,52.540000915527344,52.540000915527344
2026-08-17,52.2400016784668,52.2400016784668
2026-08-18,51.779998779296875,51.779998779296875
2026-08-19,52.52000045776367,52.52000045776367
2026-08-20,52.41999816894531,52.41999816894531
2026-08-21,53.540000915527344,53.540000915527344
2026-08-24,53.58000183105469,53.58000183105469
2026-08-25,53.58000183105469,53.58000183105469
2026-08-26,53.66999816894531,53.66999816894531
2026-08-27,53.22999954223633,53.22999954223633
2026-08-28,53.18000030517578,53.18000030517578
2026-08-31,52.689998626708984,52.689998626708984
