date,close,adjusted_close
2011-01-03,34.380001068115234,20.390417098999023
2011-01-04,34.084999084472656,20.215456008911133
2011-01-05,34.220001220703125,20.29551887512207
2011-01-06,33.89500045776367,20.102764129638672
2011-01-07,34.13999938964844,20.248071670532227
2011-01-10,34.005001068115234,20.16800308227539
2011-01-11,34.56999969482422,20.503101348876953
2011-01-12,35.04499816894531,20.784814834594727
2011-01-13,34.94499969482422,20.725505828857422
2011-01-14,35.32500076293945,20.950883865356445
2011-01-18,35.54499816894531,21.081363677978516
2011-01-19,35.1150016784668,20.826337814331055
2011-01-20,34.8650016784668,20.67806053161621
2011-01-21,35.04999923706055,20.787784576416016
2011-01-24,35.18000030517578,20.864883422851562
2011-01-25,35.08000183105469,20.805583953857422
2011-01-26,35.91999816894531,21.30376625061035
2011-01-27,35.709999084472656,21.179224014282227
2011-01-28,35.55500030517578,21.08728790283203
2011-01-31,36.57500076293945,21.692245483398438
2011-02-01,37.16999816894531,22.045127868652344
2011-02-02,37.13999938964844,22.02734375
2011-02-03,37.15999984741211,22.039201736450195
2011-02-04,37.064998626708984,21.982852935791016
2011-02-07,37.279998779296875,22.110363006591797
2011-02-08,37.154998779296875,22.036235809326172
2011-02-09,36.685001373291016,21.75748062133789
2011-02-10,37.060001373291016,21.97989273071289
2011-02-11,37.05500030517578,21.9769344329834
2011-02-14,37.869998931884766,22.460294723510742
2011-02-15,37.474998474121094,22.226015090942383
2011-02-16,37.974998474121094,22.522567749023438
2011-02-17,38.349998474121094,22.744977951049805
2011-02-18,38.5099983215332,22.839868545532227
2011-02-22,38.1349983215332,22.617464065551758
2011-02-23,38.90999984741211,23.077102661132812
2011-02-24,38.36000061035156,22.750917434692383
2011-02-25,38.970001220703125,23.112695693969727
2011-02-28,39.27000045776367,23.290620803833008
2011-03-01,38.53499984741211,22.85469627380371
2011-03-02,38.755001068115234,22.98517608642578
2011-03-03,39.41999816894531,23.37958335876465
2011-03-04,39.16999816894531,23.2313175201416
2011-03-07,38.89500045776367,23.068206787109375
2011-03-08,38.57500076293945,22.878429412841797
2011-03-09,38.310001373291016,22.721248626708984
2011-03-10,36.915000915527344,21.893890380859375
2011-03-11,37.55500030517578,22.273473739624023
2011-03-14,37.7599983215332,22.39505386352539
2011-03-15,37.474998474121094,22.226015090942383
2011-03-16,36.875,21.870174407958984
2011-03-17,38.0,22.53739356994629
2011-03-18,37.69499969482422,22.431766510009766
2011-03-21,38.84000015258789,23.113136291503906
2011-03-22,38.755001068115234,23.06255531311035
2011-03-23,38.85499954223633,23.1220645904541
2011-03-24,38.994998931884766,23.205381393432617
2011-03-25,39.345001220703125,23.41366195678711
2011-03-28,39.25,23.357133865356445
2011-03-29,39.72999954223633,23.64277458190918
2011-03-30,40.005001068115234,23.80640983581543
2011-03-31,39.875,23.729055404663086
2011-04-01,39.994998931884766,23.80046844482422
2011-04-04,40.02000045776367,23.815349578857422
2011-04-05,40.13999938964844,23.886747360229492
2011-04-06,39.720001220703125,23.636817932128906
2011-04-07,39.720001220703125,23.636817932128906
2011-04-08,39.86000061035156,23.720130920410156
2011-04-11,39.07500076293945,23.252981185913086
2011-04-12,37.8650016784668,22.532928466796875
2011-04-13,38.02000045776367,22.62517738342285
2011-04-14,38.279998779296875,22.779890060424805
2011-04-15,38.595001220703125,22.967350006103516
2011-04-18,38.02000045776367,22.62517738342285
2011-04-19,38.404998779296875,22.85427474975586
2011-04-20,39.310001373291016,23.392837524414062
2011-04-21,39.4900016784668,23.499950408935547
2011-04-25,39.28499984741211,23.377958297729492
2011-04-26,39.67499923706055,23.610044479370117
2011-04-27,39.654998779296875,23.5981388092041
2011-04-28,39.650001525878906,23.595169067382812
2011-04-29,40.2400016784668,23.946264266967773
2011-05-02,39.70500183105469,23.62789535522461
2011-05-03,38.709999084472656,23.035783767700195
2011-05-04,38.025001525878906,22.628149032592773
2011-05-05,37.23500061035156,22.15802764892578
2011-05-06,37.400001525878906,22.256216049194336
2011-05-09,38.05500030517578,22.64600372314453
2011-05-10,38.23500061035156,22.753114700317383
2011-05-11,37.130001068115234,22.095531463623047
2011-05-12,37.07500076293945,22.06281852722168
2011-05-13,36.89500045776367,21.955699920654297
2011-05-16,36.6150016784668,21.789064407348633
2011-05-17,36.6150016784668,21.789064407348633
2011-05-18,37.35499954223633,22.22944450378418
2011-05-19,37.36000061035156,22.23241424560547
2011-05-20,37.314998626708984,22.205631256103516
2011-05-23,36.73500061035156,21.86048126220703
2011-05-24,37.255001068115234,22.169937133789062
2011-05-25,37.8849983215332,22.544832229614258
2011-05-26,38.07500076293945,22.657896041870117
2011-05-27,38.16999816894531,22.714431762695312
2011-05-31,38.55500030517578,22.94353675842285
2011-06-01,37.6349983215332,22.396055221557617
2011-06-02,37.619998931884766,22.38713836669922
2011-06-03,37.630001068115234,22.393089294433594
2011-06-06,36.779998779296875,21.887271881103516
2011-06-07,36.779998779296875,21.887271881103516
2011-06-08,36.88999938964844,21.952722549438477
2011-06-09,37.38999938964844,22.250274658203125
2011-06-10,36.665000915527344,21.818832397460938
2011-06-13,36.084999084472656,21.473682403564453
2011-06-14,36.85499954223633,21.9318904876709
2011-06-15,36.0099983215332,21.429046630859375
2011-06-16,36.064998626708984,21.461780548095703
2011-06-17,35.84000015258789,21.406536102294922
2011-06-20,35.939998626708984,21.466257095336914
2011-06-21,36.654998779296875,21.89331817626953
2011-06-22,36.54999923706055,21.830598831176758
2011-06-23,36.150001525878906,21.591691970825195
2011-06-24,35.46500015258789,21.18255043029785
2011-06-27,35.654998779296875,21.296035766601562
2011-06-28,36.69499969482422,21.917205810546875
2011-06-29,37.125,22.17403793334961
2011-06-30,37.67499923706055,22.502532958984375
2011-07-01,38.029998779296875,22.71457290649414
2011-07-05,38.26499938964844,22.85493278503418
2011-07-06,38.19499969482422,22.813127517700195
2011-07-07,38.77000045776367,23.15656280517578
2011-07-08,38.44499969482422,22.962451934814453
2011-07-11,37.53499984741211,22.41891860961914
2011-07-12,37.39500045776367,22.335302352905273
2011-07-13,37.67499923706055,22.502532958984375
2011-07-14,37.42499923706055,22.353225708007812
2011-07-15,38.43000030517578,22.9534854888916
2011-07-18,38.29999923706055,22.875843048095703
2011-07-19,39.0,23.293933868408203
2011-07-20,38.900001525878906,23.234201431274414
2011-07-21,39.665000915527344,23.691133499145508
2011-07-22,39.8650016784668,23.810585021972656
2011-07-25,39.70500183105469,23.715024948120117
2011-07-26,39.51499938964844,23.601530075073242
2011-07-27,38.77000045776367,23.15656280517578
2011-07-28,38.61000061035156,23.060998916625977
2011-07-29,38.224998474121094,22.83104133605957
2011-08-01,38.16999816894531,22.798192977905273
2011-08-02,37.10499954223633,22.162090301513672
2011-08-03,36.89500045776367,22.036663055419922
2011-08-04,34.3650016784668,20.525537490844727
2011-08-05,34.03499984741211,20.32844352722168
2011-08-08,31.139999389648438,18.599313735961914
2011-08-09,32.724998474121094,19.546005249023438
2011-08-10,31.594999313354492,18.871065139770508
2011-08-11,33.23500061035156,19.850614547729492
2011-08-12,33.47999954223633,19.996950149536133
2011-08-15,34.61000061035156,20.671876907348633
2011-08-16,34.03499984741211,20.32844352722168
2011-08-17,34.16999816894531,20.409072875976562
2011-08-18,32.189998626708984,19.22645378112793
2011-08-19,31.6200008392334,18.886011123657227
2011-08-22,31.364999771118164,18.733699798583984
2011-08-23,32.779998779296875,19.578845977783203
2011-08-24,32.974998474121094,19.6953182220459
2011-08-25,32.279998779296875,19.280208587646484
2011-08-26,32.904998779296875,19.65350914001465
2011-08-29,33.8650016784668,20.226896286010742
2011-08-30,34.064998626708984,20.34635353088379
2011-08-31,34.31999969482422,20.498666763305664
2011-09-01,34.060001373291016,20.34337043762207
2011-09-02,33.11000061035156,19.775955200195312
2011-09-06,32.75,19.560930252075195
2011-09-07,33.95000076293945,20.27766990661621
2011-09-08,33.55500030517578,20.04174041748047
2011-09-09,32.44499969482422,19.378759384155273
2011-09-12,32.599998474121094,19.47134017944336
2011-09-13,32.689998626708984,19.525089263916016
2011-09-14,33.095001220703125,19.766996383666992
2011-09-15,33.75,20.158220291137695
2011-09-16,33.54499816894531,20.11444091796875
2011-09-19,33.01499938964844,19.796642303466797
2011-09-20,32.810001373291016,19.673717498779297
2011-09-21,31.44499969482422,18.855226516723633
2011-09-22,29.670000076293945,17.790889739990234
2011-09-23,29.350000381469727,17.599014282226562
2011-09-26,30.420000076293945,18.24061393737793
2011-09-27,30.864999771118164,18.50743865966797
2011-09-28,29.854999542236328,17.901826858520508
2011-09-29,30.139999389648438,18.07271957397461
2011-09-30,29.2549991607666,17.542041778564453
2011-10-03,28.260000228881836,16.94542121887207
2011-10-04,29.184999465942383,17.500072479248047
2011-10-05,30.260000228881836,18.144670486450195
2011-10-06,30.829999923706055,18.48645782470703
2011-10-07,30.450000762939453,18.258604049682617
2011-10-10,31.829999923706055,19.086082458496094
2011-10-11,31.895000457763672,19.12506103515625
2011-10-12,32.064998626708984,19.22699737548828
2011-10-13,32.02000045776367,19.200010299682617
2011-10-14,33.29999923706055,19.9675350189209
2011-10-17,32.69499969482422,19.604759216308594
2011-10-18,33.744998931884766,20.234359741210938
2011-10-19,33.39500045776367,20.024497985839844
2011-10-20,33.654998779296875,20.18040657043457
2011-10-21,34.275001525878906,20.552169799804688
2011-10-24,34.724998474121094,20.821998596191406
2011-10-25,34.0,20.38727569580078
2011-10-26,34.73500061035156,20.82799530029297
2011-10-27,36.275001525878906,21.751420974731445
2011-10-28,36.52000045776367,21.898330688476562
2011-10-31,34.85499954223633,20.899946212768555
2011-11-01,33.72999954223633,20.225374221801758
2011-11-02,34.744998931884766,20.833993911743164
2011-11-03,35.65999984741211,21.382648468017578
2011-11-04,35.630001068115234,21.364662170410156
2011-11-07,35.82500076293945,21.481582641601562
2011-11-08,36.40999984741211,21.83237075805664
2011-11-09,34.79999923706055,20.866973876953125
2011-11-10,35.404998779296875,21.229747772216797
2011-11-11,36.130001068115234,21.664470672607422
2011-11-14,35.654998779296875,21.37965202331543
2011-11-15,35.6150016784668,21.355667114257812
2011-11-16,35.08000183105469,21.03487777709961
2011-11-17,34.279998779296875,20.555160522460938
2011-11-18,34.07500076293945,20.432239532470703
2011-11-21,33.46500015258789,20.06647300720215
2011-11-22,33.150001525878906,19.87759017944336
2011-11-23,32.14500045776367,19.274967193603516
2011-11-25,31.915000915527344,19.137056350708008
2011-11-28,33.11000061035156,19.853607177734375
2011-11-29,33.584999084472656,20.138423919677734
2011-11-30,35.435001373291016,21.24773597717285
2011-12-01,35.2400016784668,21.130813598632812
2011-12-02,35.209999084472656,21.112821578979492
2011-12-05,35.64500045776367,21.373661041259766
2011-12-06,35.63999938964844,21.370655059814453
2011-12-07,35.29999923706055,21.166776657104492
2011-12-08,34.314998626708984,20.576154708862305
2011-12-09,35.095001220703125,21.04385757446289
2011-12-12,34.275001525878906,20.552169799804688
2011-12-13,33.95500183105469,20.360292434692383
2011-12-14,33.0,19.787641525268555
2011-12-15,32.86000061035156,19.70369529724121
2011-12-16,33.06999969482422,19.913549423217773
2011-12-19,32.4900016784668,19.564300537109375
2011-12-20,33.82500076293945,20.36819076538086
2011-12-21,34.20000076293945,20.593990325927734
2011-12-22,34.599998474121094,20.834861755371094
2011-12-23,34.79999923706055,20.95529556274414
2011-12-27,34.88999938964844,21.00949478149414
2011-12-28,34.224998474121094,20.609046936035156
2011-12-29,34.58000183105469,20.82282066345215
2011-12-30,34.564998626708984,20.813785552978516
2012-01-03,35.525001525878906,21.391862869262695
2012-01-04,35.599998474121094,21.437026977539062
2012-01-05,35.43000030517578,21.334659576416016
2012-01-06,35.220001220703125,21.208209991455078
2012-01-09,35.38999938964844,21.310571670532227
2012-01-10,35.70500183105469,21.500255584716797
2012-01-11,35.224998474121094,21.21122169494629
2012-01-12,34.89500045776367,21.012510299682617
2012-01-13,34.720001220703125,20.907123565673828
2012-01-17,34.96500015258789,21.054655075073242
2012-01-18,35.540000915527344,21.400896072387695
2012-01-19,35.685001373291016,21.48821449279785
2012-01-20,35.689998626708984,21.491222381591797
2012-01-23,35.974998474121094,21.6628360748291
2012-01-24,35.869998931884766,21.599609375
2012-01-25,36.310001373291016,21.864561080932617
2012-01-26,35.814998626708984,21.566497802734375
2012-01-27,35.7400016784668,21.521337509155273
2012-01-30,35.56999969482422,21.418964385986328
2012-01-31,35.345001220703125,21.28346824645996
2012-02-01,35.48500061035156,21.36777687072754
2012-02-02,35.755001068115234,21.530363082885742
2012-02-03,36.3849983215332,21.909727096557617
2012-02-06,36.81999969482422,22.171663284301758
2012-02-07,37.0099983215332,22.286069869995117
2012-02-08,36.8849983215332,22.210798263549805
2012-02-09,36.88999938964844,22.21381378173828
2012-02-10,36.52000045776367,21.99102020263672
2012-02-13,36.810001373291016,22.1656494140625
2012-02-14,36.875,22.20479393005371
2012-02-15,36.814998626708984,22.16865348815918
2012-02-16,37.29499816894531,22.45769500732422
2012-02-17,37.435001373291016,22.541990280151367
2012-02-21,37.689998626708984,22.695554733276367
2012-02-22,37.775001525878906,22.746726989746094
2012-02-23,37.96500015258789,22.861141204833984
2012-02-24,38.1150016784668,22.951467514038086
2012-02-27,37.994998931884766,22.879199981689453
2012-02-28,37.869998931884766,22.80394172668457
2012-02-29,37.439998626708984,22.54500961303711
2012-03-01,37.79999923706055,22.761791229248047
2012-03-02,37.369998931884766,22.502845764160156
2012-03-05,37.130001068115234,22.358333587646484
2012-03-06,36.525001525878906,21.994022369384766
2012-03-07,36.83000183105469,22.177684783935547
2012-03-08,37.130001068115234,22.358333587646484
2012-03-09,37.095001220703125,22.337261199951172
2012-03-12,36.88999938964844,22.21381378173828
2012-03-13,37.334999084472656,22.48178482055664
2012-03-14,36.974998474121094,22.26500129699707
2012-03-15,37.03499984741211,22.301132202148438
2012-03-16,37.400001525878906,22.607908248901367
2012-03-19,37.56999969482422,22.71068000793457
2012-03-20,37.005001068115234,22.369136810302734
2012-03-21,36.564998626708984,22.103160858154297
2012-03-22,35.7400016784668,21.604459762573242
2012-03-23,36.130001068115234,21.8402042388916
2012-03-26,36.400001525878906,22.003416061401367
2012-03-27,36.03499984741211,21.782779693603516
2012-03-28,35.584999084472656,21.510753631591797
2012-03-29,35.584999084472656,21.510753631591797
2012-03-30,35.875,21.686063766479492
2012-04-02,36.224998474121094,21.897632598876953
2012-04-03,35.90999984741211,21.707218170166016
2012-04-04,35.45000076293945,21.429155349731445
2012-04-05,35.25,21.308252334594727
2012-04-09,34.80500030517578,21.039260864257812
2012-04-10,34.119998931884766,20.625179290771484
2012-04-11,34.130001068115234,20.631229400634766
2012-04-12,34.875,21.081571578979492
2012-04-13,34.349998474121094,20.76421546936035
2012-04-16,34.119998931884766,20.625179290771484
2012-04-17,34.67499923706055,20.960670471191406
2012-04-18,34.60499954223633,20.918365478515625
2012-04-19,34.560001373291016,20.891162872314453
2012-04-20,34.47999954223633,20.84280776977539
2012-04-23,34.44499969482422,20.82164192199707
2012-04-24,34.70000076293945,20.97579002380371
2012-04-25,35.04499816894531,21.1843318939209
2012-04-26,35.415000915527344,21.407995223999023
2012-04-27,35.400001525878906,21.398929595947266
2012-04-30,35.619998931884766,21.53190803527832
2012-05-01,36.130001068115234,21.8402042388916
2012-05-02,35.540000915527344,21.483558654785156
2012-05-03,34.95000076293945,21.12691307067871
2012-05-04,34.150001525878906,20.6433162689209
2012-05-07,34.04999923706055,20.582866668701172
2012-05-08,33.939998626708984,20.516374588012695
2012-05-09,33.775001525878906,20.416637420654297
2012-05-10,33.91999816894531,20.504283905029297
2012-05-11,33.66999816894531,20.35317039489746
2012-05-14,33.11000061035156,20.014644622802734
2012-05-15,32.560001373291016,19.68218421936035
2012-05-16,32.375,19.570344924926758
2012-05-17,32.16999816894531,19.446428298950195
2012-05-18,31.969999313354492,19.325531005859375
2012-05-21,32.70500183105469,19.769824981689453
2012-05-22,32.625,19.721471786499023
2012-05-23,32.744998931884766,19.79401206970215
2012-05-24,32.720001220703125,19.778900146484375
2012-05-25,32.564998626708984,19.68520736694336
2012-05-29,33.11000061035156,20.014644622802734
2012-05-30,32.095001220703125,19.401090621948242
2012-05-31,31.815000534057617,19.23183822631836
2012-06-01,31.020000457763672,18.751270294189453
2012-06-04,30.9950008392334,18.736148834228516
2012-06-05,31.260000228881836,18.896345138549805
2012-06-06,32.224998474121094,19.479673385620117
2012-06-07,32.244998931884766,19.491762161254883
2012-06-08,32.25,19.49479103088379
2012-06-11,31.809999465942383,19.22881317138672
2012-06-12,32.2599983215332,19.500837326049805
2012-06-13,31.850000381469727,19.25299072265625
2012-06-14,32.349998474121094,19.555238723754883
2012-06-15,32.810001373291016,19.929096221923828
2012-06-18,32.51499938964844,19.749908447265625
2012-06-19,32.98500061035156,20.03538703918457
2012-06-20,32.85499954223633,19.95643424987793
2012-06-21,31.510000228881836,19.13946533203125
2012-06-22,31.719999313354492,19.26702308654785
2012-06-25,31.010000228881836,18.83576011657715
2012-06-26,31.344999313354492,19.039243698120117
2012-06-27,31.9950008392334,19.434059143066406
2012-06-28,32.21500015258789,19.56768798828125
2012-06-29,33.185001373291016,20.156879425048828
2012-07-02,33.20000076293945,20.16598129272461
2012-07-03,33.994998931884766,20.648883819580078
2012-07-05,33.54999923706055,20.378582000732422
2012-07-06,33.14500045776367,20.132577896118164
2012-07-09,32.994998931884766,20.041467666625977
2012-07-10,32.47999954223633,19.728652954101562
2012-07-11,32.91999816894531,19.995912551879883
2012-07-12,32.810001373291016,19.929096221923828
2012-07-13,33.3849983215332,20.27836036682129
2012-07-16,33.494998931884766,20.345169067382812
2012-07-17,33.915000915527344,20.60028648376465
2012-07-18,34.209999084472656,20.779470443725586
2012-07-19,34.314998626708984,20.843244552612305
2012-07-20,34.39500045776367,20.891843795776367
2012-07-23,34.064998626708984,20.6914005279541
2012-07-24,33.52000045776367,20.36036491394043
2012-07-25,33.54499816894531,20.375545501708984
2012-07-26,34.5,20.955615997314453
2012-07-27,35.11000061035156,21.326143264770508
2012-07-30,35.209999084472656,21.386877059936523
2012-07-31,34.82500076293945,21.15302848815918
2012-08-01,34.994998931884766,21.256290435791016
2012-08-02,34.40999984741211,20.900949478149414
2012-08-03,35.220001220703125,21.39295768737793
2012-08-06,35.314998626708984,21.450658798217773
2012-08-07,35.845001220703125,21.772584915161133
2012-08-08,35.875,21.79080581665039
2012-08-09,36.119998931884766,21.939626693725586
2012-08-10,36.185001373291016,21.979101181030273
2012-08-13,36.04999923706055,21.897104263305664
2012-08-14,35.98500061035156,21.857622146606445
2012-08-15,35.97999954223633,21.854583740234375
2012-08-16,36.29999923706055,22.04896354675293
2012-08-17,36.28499984741211,22.03984832763672
2012-08-20,36.15999984741211,21.963918685913086
2012-08-21,36.04499816894531,21.89406967163086
2012-08-22,36.18000030517578,21.9760684967041
2012-08-23,35.779998779296875,21.733102798461914
2012-08-24,35.9900016784668,21.860660552978516
2012-08-27,36.005001068115234,21.869770050048828
2012-08-28,36.029998779296875,21.884965896606445
2012-08-29,35.790000915527344,21.739173889160156
2012-08-30,35.40999984741211,21.50836181640625
2012-08-31,35.76499938964844,21.72398567199707
2012-09-04,35.4900016784668,21.55695343017578
2012-09-05,35.35499954223633,21.47496223449707
2012-09-06,36.099998474121094,21.927471160888672
2012-09-07,36.724998474121094,22.307100296020508
2012-09-10,36.564998626708984,22.209922790527344
2012-09-11,36.95500183105469,22.446809768676758
2012-09-12,37.18000030517578,22.583478927612305
2012-09-13,37.78499984741211,22.950950622558594
2012-09-14,38.28499984741211,23.254667282104492
2012-09-17,37.994998931884766,23.07851219177246
2012-09-18,37.724998474121094,22.914514541625977
2012-09-19,37.36000061035156,22.69281005859375
2012-09-20,37.46500015258789,22.756589889526367
2012-09-21,37.34000015258789,22.78221321105957
2012-09-24,37.150001525878906,22.666288375854492
2012-09-25,36.744998931884766,22.4191837310791
2012-09-26,36.39500045776367,22.20564842224121
2012-09-27,36.88999938964844,22.507654190063477
2012-09-28,36.71500015258789,22.4008846282959
2012-10-01,36.900001525878906,22.513757705688477
2012-10-02,36.96500015258789,22.553415298461914
2012-10-03,36.5099983215332,22.275806427001953
2012-10-04,36.875,22.498504638671875
2012-10-05,36.790000915527344,22.446640014648438
2012-10-08,36.849998474121094,22.483251571655273
2012-10-09,36.900001525878906,22.513757705688477
2012-10-10,36.209999084472656,22.092761993408203
2012-10-11,36.47999954223633,22.257495880126953
2012-10-12,36.279998779296875,22.13547706604004
2012-10-15,36.46500015258789,22.24835205078125
2012-10-16,37.04499816894531,22.60222816467285
2012-10-17,37.5099983215332,22.885929107666016
2012-10-18,37.505001068115234,22.88288116455078
2012-10-19,36.915000915527344,22.522903442382812
2012-10-22,36.72999954223633,22.410037994384766
2012-10-23,35.875,21.888370513916016
2012-10-24,35.599998474121094,21.720582962036133
2012-10-25,35.935001373291016,21.92498207092285
2012-10-26,35.97999954223633,21.95243263244629
2012-10-31,35.970001220703125,21.94633674621582
2012-11-01,36.125,22.040908813476562
2012-11-02,35.529998779296875,21.67786979675293
2012-11-05,35.79999923706055,21.842609405517578
2012-11-06,36.375,22.193437576293945
2012-11-07,35.42499923706055,21.613807678222656
2012-11-08,34.78499984741211,21.223331451416016
2012-11-09,34.775001525878906,21.21722412109375
2012-11-12,34.845001220703125,21.25994300842285
2012-11-13,34.70000076293945,21.171470642089844
2012-11-14,34.279998779296875,20.915212631225586
2012-11-15,34.32500076293945,20.94268035888672
2012-11-16,34.459999084472656,21.025039672851562
2012-11-19,35.255001068115234,21.510101318359375
2012-11-20,35.1150016784668,21.424680709838867
2012-11-21,35.30500030517578,21.540599822998047
2012-11-23,35.80500030517578,21.845664978027344
2012-11-26,35.45500183105469,21.632116317749023
2012-11-27,35.15999984741211,21.45213508605957
2012-11-28,35.47999954223633,21.647369384765625
2012-11-29,35.560001373291016,21.696186065673828
2012-11-30,35.529998779296875,21.67786979675293
2012-12-03,35.334999084472656,21.55889892578125
2012-12-04,35.20500183105469,21.479583740234375
2012-12-05,35.45000076293945,21.629072189331055
2012-12-06,35.564998626708984,21.699230194091797
2012-12-07,35.779998779296875,21.830408096313477
2012-12-10,35.7400016784668,21.806013107299805
2012-12-11,35.95000076293945,21.93413543701172
2012-12-12,36.08000183105469,22.01344871520996
2012-12-13,35.744998931884766,21.809053421020508
2012-12-14,35.61000061035156,21.726686477661133
2012-12-17,35.935001373291016,21.92498207092285
2012-12-18,36.595001220703125,22.327665328979492
2012-12-19,36.345001220703125,22.17513084411621
2012-12-20,36.59000015258789,22.324613571166992
2012-12-21,36.03499984741211,22.09803009033203
2012-12-24,35.7599983215332,21.929384231567383
2012-12-26,35.599998474121094,21.831262588500977
2012-12-27,35.53499984741211,21.791400909423828
2012-12-28,34.915000915527344,21.411197662353516
2012-12-31,35.709999084472656,21.898717880249023
2013-01-02,36.5,22.3831729888916
2013-01-03,36.4900016784668,22.377052307128906
2013-01-04,36.89500045776367,22.625411987304688
2013-01-07,36.61000061035156,22.450647354125977
2013-01-08,36.4900016784668,22.377052307128906
2013-01-09,36.43000030517578,22.340251922607422
2013-01-10,36.7599983215332,22.54261589050293
2013-01-11,36.80500030517578,22.57021713256836
2013-01-14,36.810001373291016,22.573284149169922
2013-01-15,36.974998474121094,22.674467086791992
2013-01-16,37.13999938964844,22.775653839111328
2013-01-17,37.375,22.919769287109375
2013-01-18,37.744998931884766,23.146665573120117
2013-01-22,38.10499954223633,23.3674259185791
2013-01-23,37.974998474121094,23.287708282470703
2013-01-24,38.084999084472656,23.35515594482422
2013-01-25,38.44499969482422,23.5759220123291
2013-01-28,38.380001068115234,23.536067962646484
2013-01-29,39.0,23.916269302368164
2013-01-30,38.80500030517578,23.79669189453125
2013-01-31,38.67499923706055,23.71697235107422
2013-02-01,39.03499984741211,23.93773651123047
2013-02-04,38.665000915527344,23.710832595825195
2013-02-05,39.0,23.916269302368164
2013-02-06,39.025001525878906,23.931610107421875
2013-02-07,38.92499923706055,23.870283126831055
2013-02-08,39.290000915527344,24.094106674194336
2013-02-11,39.095001220703125,23.97453498840332
2013-02-12,39.20000076293945,24.03892707824707
2013-02-13,39.34000015258789,24.124774932861328
2013-02-14,39.68000030517578,24.33327293395996
2013-02-15,39.224998474121094,24.054248809814453
2013-02-19,39.68000030517578,24.33327293395996
2013-02-20,38.849998474121094,23.824296951293945
2013-02-21,38.58000183105469,23.65871810913086
2013-02-22,38.98500061035156,23.907073974609375
2013-02-25,37.96500015258789,23.28157615661621
2013-02-26,38.34000015258789,23.51154136657715
2013-02-27,38.92499923706055,23.870283126831055
2013-02-28,38.845001220703125,23.82122039794922
2013-03-01,38.89500045776367,23.851882934570312
2013-03-04,38.810001373291016,23.799753189086914
2013-03-05,39.060001373291016,23.95306968688965
2013-03-06,39.10499954223633,23.980663299560547
2013-03-07,39.30500030517578,24.103317260742188
2013-03-08,39.494998931884766,24.219831466674805
2013-03-11,39.51499938964844,24.232093811035156
2013-03-12,39.560001373291016,24.259693145751953
2013-03-13,39.470001220703125,24.20449447631836
2013-03-14,40.0099983215332,24.53564453125
2013-03-15,39.79999923706055,24.516239166259766
2013-03-18,39.47999954223633,24.319120407104492
2013-03-19,39.04499816894531,24.051176071166992
2013-03-20,39.26499938964844,24.18668556213379
2013-03-21,39.064998626708984,24.063488006591797
2013-03-22,39.375,24.254444122314453
2013-03-25,39.224998474121094,24.16204833984375
2013-03-26,39.63999938964844,24.417686462402344
2013-03-27,39.77000045776367,24.497760772705078
2013-03-28,39.654998779296875,24.426925659179688
2013-04-01,39.57500076293945,24.37763786315918
2013-04-02,39.349998474121094,24.23904800415039
2013-04-03,38.6150016784668,23.78631019592285
2013-04-04,38.564998626708984,23.75550079345703
2013-04-05,38.650001525878906,23.8078556060791
2013-04-08,38.90999984741211,23.968013763427734
2013-04-09,39.2400016784668,24.171287536621094
2013-04-10,39.45000076293945,24.30064582824707
2013-04-11,39.619998931884766,24.405357360839844
2013-04-12,39.0,24.023448944091797
2013-04-15,37.40999984741211,23.044034957885742
2013-04-16,37.869998931884766,23.327388763427734
2013-04-17,37.040000915527344,22.816118240356445
2013-04-18,37.35499954223633,23.010164260864258
2013-04-19,37.279998779296875,22.963956832885742
2013-04-22,37.68000030517578,23.210351943969727
2013-04-23,38.1150016784668,23.478309631347656
2013-04-24,38.625,23.792461395263672
2013-04-25,38.654998779296875,23.810941696166992
2013-04-26,38.59000015258789,23.770893096923828
2013-04-29,38.97999954223633,24.011133193969727
2013-04-30,39.1349983215332,24.106613159179688
2013-05-01,38.525001525878906,23.730867385864258
2013-05-02,39.029998779296875,24.041927337646484
2013-05-03,39.73500061035156,24.476194381713867
2013-05-06,40.005001068115234,24.642520904541016
2013-05-07,40.314998626708984,24.83347511291504
2013-05-08,40.380001068115234,24.87350845336914
2013-05-09,40.345001220703125,24.851947784423828
2013-05-10,40.1349983215332,24.72260093688965
2013-05-13,40.130001068115234,24.71951675415039
2013-05-14,40.70000076293945,25.07062339782715
2013-05-15,40.584999084472656,24.999788284301758
2013-05-16,40.3849983215332,24.87659454345703
2013-05-17,41.060001373291016,25.292390823364258
2013-05-20,41.63999938964844,25.6496639251709
2013-05-21,41.55500030517578,25.597301483154297
2013-05-22,41.07500076293945,25.301624298095703
2013-05-23,41.095001220703125,25.313949584960938
2013-05-24,40.85499954223633,25.166120529174805
2013-05-28,41.28499984741211,25.430984497070312
2013-05-29,41.19499969482422,25.37553596496582
2013-05-30,41.099998474121094,25.317026138305664
2013-05-31,40.25,24.793441772460938
2013-06-03,40.63999938964844,25.033666610717773
2013-06-04,40.31999969482422,24.8365535736084
2013-06-05,39.849998474121094,24.547035217285156
2013-06-06,40.150001525878906,24.731830596923828
2013-06-07,40.654998779296875,25.042903900146484
2013-06-10,40.540000915527344,24.972063064575195
2013-06-11,39.92499923706055,24.593236923217773
2013-06-12,39.68000030517578,24.44232177734375
2013-06-13,40.345001220703125,24.851947784423828
2013-06-14,39.95500183105469,24.611724853515625
2013-06-17,40.529998779296875,24.965913772583008
2013-06-18,40.7599983215332,25.107585906982422
2013-06-19,40.3849983215332,24.87659454345703
2013-06-20,39.20500183105469,24.149734497070312
2013-06-21,39.084999084472656,24.191198348999023
2013-06-24,38.505001068115234,23.832216262817383
2013-06-25,39.0,24.138586044311523
2013-06-26,39.2400016784668,24.287132263183594
2013-06-27,39.314998626708984,24.333560943603516
2013-06-28,39.150001525878906,24.23143196105957
2013-07-01,39.43000030517578,24.404727935791016
2013-07-02,39.51499938964844,24.45734214782715
2013-07-03,39.4900016784668,24.441875457763672
2013-07-05,39.97999954223633,24.745147705078125
2013-07-08,40.2400016784668,24.906076431274414
2013-07-09,40.650001525878906,25.15984344482422
2013-07-10,40.400001525878906,25.005102157592773
2013-07-11,40.724998474121094,25.206254959106445
2013-07-12,40.95500183105469,25.348609924316406
2013-07-15,40.91999816894531,25.326950073242188
2013-07-16,40.66999816894531,25.172208786010742
2013-07-17,40.849998474121094,25.28362464904785
2013-07-18,41.28499984741211,25.55286407470703
2013-07-19,41.86000061035156,25.90875244140625
2013-07-22,41.724998474121094,25.8252010345459
2013-07-23,41.79499816894531,25.86851692199707
2013-07-24,41.33000183105469,25.580717086791992
2013-07-25,41.60499954223633,25.75092124938965
2013-07-26,41.5,25.685922622680664
2013-07-29,41.154998779296875,25.472408294677734
2013-07-30,41.07500076293945,25.42288589477539
2013-07-31,41.209999084472656,25.506441116333008
2013-08-01,41.880001068115234,25.921123504638672
2013-08-02,41.69499969482422,25.806629180908203
2013-08-05,41.595001220703125,25.744735717773438
2013-08-06,41.34000015258789,25.586904525756836
2013-08-07,41.19499969482422,25.49715232849121
2013-08-08,41.41999816894531,25.636415481567383
2013-08-09,41.29499816894531,25.559051513671875
2013-08-12,41.119998931884766,25.45073699951172
2013-08-13,41.19499969482422,25.49715232849121
2013-08-14,41.005001068115234,25.379568099975586
2013-08-15,40.779998779296875,25.24030113220215
2013-08-16,40.6150016784668,25.138174057006836
2013-08-19,39.970001220703125,24.73895263671875
2013-08-20,40.21500015258789,24.890605926513672
2013-08-21,39.994998931884766,24.754430770874023
2013-08-22,40.59000015258789,25.12270164489746
2013-08-23,40.880001068115234,25.30219078063965
2013-08-26,40.810001373291016,25.25886344909668
2013-08-27,40.55500030517578,25.10103988647461
2013-08-28,41.22999954223633,25.518821716308594
2013-08-29,40.79999923706055,25.252683639526367
2013-08-30,40.78499984741211,25.243391036987305
2013-09-03,41.084999084472656,25.42908477783203
2013-09-04,41.30500030517578,25.56523895263672
2013-09-05,41.44499969482422,25.651891708374023
2013-09-06,41.439998626708984,25.648792266845703
2013-09-09,41.904998779296875,25.936599731445312
2013-09-10,41.91999816894531,25.945878982543945
2013-09-11,42.2400016784668,26.14395523071289
2013-09-12,41.9900016784668,25.989221572875977
2013-09-13,41.974998474121094,25.97992515563965
2013-09-16,41.96500015258789,25.973735809326172
2013-09-17,42.154998779296875,26.091344833374023
2013-09-18,42.665000915527344,26.406991958618164
2013-09-19,42.560001373291016,26.34200668334961
2013-09-20,42.02000045776367,26.128419876098633
2013-09-23,41.814998626708984,26.000946044921875
2013-09-24,41.85499954223633,26.025819778442383
2013-09-25,41.845001220703125,26.01959991455078
2013-09-26,41.91999816894531,26.06622886657715
2013-09-27,41.775001525878906,25.976064682006836
2013-09-30,41.45500183105469,25.777088165283203
2013-10-01,41.720001220703125,25.941879272460938
2013-10-02,41.814998626708984,26.000946044921875
2013-10-03,41.45000076293945,25.77399253845215
2013-10-04,41.869998931884766,26.0351505279541
2013-10-07,41.525001525878906,25.820627212524414
2013-10-08,41.08000183105469,25.543916702270508
2013-10-09,40.935001373291016,25.453754425048828
2013-10-10,41.69499969482422,25.926332473754883
2013-10-11,42.14500045776367,26.20615005493164
2013-10-14,42.43000030517578,26.38335609436035
2013-10-15,42.275001525878906,26.28697395324707
2013-10-16,42.90999984741211,26.681825637817383
2013-10-17,43.0,26.73779296875
2013-10-18,43.470001220703125,27.030046463012695
2013-10-21,43.275001525878906,26.908794403076172
2013-10-22,43.51499938964844,27.058019638061523
2013-10-23,42.834999084472656,26.63519859313965
2013-10-24,43.040000915527344,26.762659072875977
2013-10-25,43.29999923706055,26.924333572387695
2013-10-28,43.334999084472656,26.946088790893555
2013-10-29,43.63999938964844,27.135753631591797
2013-10-30,43.345001220703125,26.95231056213379
2013-10-31,43.19499969482422,26.85903549194336
2013-11-01,43.040000915527344,26.762659072875977
2013-11-04,43.57500076293945,27.095325469970703
2013-11-05,43.18000030517578,26.849720001220703
2013-11-06,43.310001373291016,26.930561065673828
2013-11-07,42.63999938964844,26.513948440551758
2013-11-08,43.275001525878906,26.908794403076172
2013-11-11,43.35499954223633,26.958526611328125
2013-11-12,42.95500183105469,26.709806442260742
2013-11-13,43.33000183105469,26.94298553466797
2013-11-14,43.59000015258789,27.104660034179688
2013-11-15,43.83000183105469,27.253894805908203
2013-11-18,43.494998931884766,27.04558753967285
2013-11-19,43.56999969482422,27.09222412109375
2013-11-20,43.46500015258789,27.026935577392578
2013-11-21,43.880001068115234,27.284982681274414
2013-11-22,44.1150016784668,27.431108474731445
2013-11-25,43.71500015258789,27.18238639831543
2013-11-26,43.60499954223633,27.11397933959961
2013-11-27,43.310001373291016,26.930561065673828
2013-11-29,43.220001220703125,26.874589920043945
2013-12-02,43.25,26.893247604370117
2013-12-03,43.35499954223633,26.958526611328125
2013-12-04,43.21500015258789,26.871484756469727
2013-12-05,43.06999969482422,26.78132438659668
2013-12-06,43.20500183105469,26.86526107788086
2013-12-09,43.26499938964844,26.902565002441406
2013-12-10,43.1349983215332,26.821733474731445
2013-12-11,42.525001525878906,26.44243049621582
2013-12-12,42.70500183105469,26.554353713989258
2013-12-13,42.564998626708984,26.467304229736328
2013-12-16,42.935001373291016,26.6973819732666
2013-12-17,42.689998626708984,26.54503631591797
2013-12-18,43.334999084472656,26.946088790893555
2013-12-19,43.459999084472656,27.02383041381836
2013-12-20,43.334999084472656,27.07161521911621
2013-12-23,43.380001068115234,27.0997257232666
2013-12-24,43.619998931884766,27.249650955200195
2013-12-26,43.93000030517578,27.44330596923828
2013-12-27,44.14500045776367,27.577621459960938
2013-12-30,43.83000183105469,27.380842208862305
2013-12-31,44.255001068115234,27.646345138549805
2014-01-02,43.625,27.252779006958008
2014-01-03,43.46500015258789,27.152822494506836
2014-01-06,43.525001525878906,27.19029998779297
2014-01-07,43.85499954223633,27.396465301513672
2014-01-08,43.54999923706055,27.20591926574707
2014-01-09,43.415000915527344,27.121583938598633
2014-01-10,43.45000076293945,27.143463134765625
2014-01-13,42.584999084472656,26.60308265686035
2014-01-14,43.13999938964844,26.949800491333008
2014-01-15,43.01499938964844,26.871707916259766
2014-01-16,43.07500076293945,26.90919303894043
2014-01-17,43.005001068115234,26.865468978881836
2014-01-21,43.36000061035156,27.08723258972168
2014-01-22,43.560001373291016,27.212160110473633
2014-01-23,43.064998626708984,26.902938842773438
2014-01-24,42.165000915527344,26.34071159362793
2014-01-27,42.01499938964844,26.246994018554688
2014-01-28,42.334999084472656,26.4469051361084
2014-01-29,42.099998474121094,26.30010414123535
2014-01-30,42.23500061035156,26.38443374633789
2014-01-31,41.689998626708984,26.043975830078125
2014-02-03,40.94499969482422,25.578567504882812
2014-02-04,41.3650016784668,25.8409423828125
2014-02-05,40.959999084472656,25.587936401367188
2014-02-06,41.56999969482422,25.969003677368164
2014-02-07,42.02000045776367,26.250123977661133
2014-02-10,41.814998626708984,26.12206268310547
2014-02-11,42.36000061035156,26.4625244140625
2014-02-12,42.2599983215332,26.40005874633789
2014-02-13,42.459999084472656,26.524988174438477
2014-02-14,43.01499938964844,26.871707916259766
2014-02-18,43.209999084472656,26.99352264404297
2014-02-19,43.26499938964844,27.027881622314453
2014-02-20,43.54999923706055,27.20591926574707
2014-02-21,43.20500183105469,26.99039649963379
2014-02-24,43.85499954223633,27.396465301513672
2014-02-25,43.834999084472656,27.383956909179688
2014-02-26,43.560001373291016,27.212160110473633
2014-02-27,43.60499954223633,27.240280151367188
2014-02-28,43.82500076293945,27.37770652770996
2014-03-03,43.54499816894531,27.202796936035156
2014-03-04,44.02000045776367,27.499536514282227
2014-03-05,43.61000061035156,27.24340057373047
2014-03-06,43.92499923706055,27.440187454223633
2014-03-07,44.0099983215332,27.493284225463867
2014-03-10,44.08000183105469,27.537019729614258
2014-03-11,43.58000183105469,27.224658966064453
2014-03-12,43.584999084472656,27.227787017822266
2014-03-13,43.150001525878906,26.956050872802734
2014-03-14,43.189998626708984,26.981035232543945
2014-03-17,43.41999816894531,27.124713897705078
2014-03-18,43.78499984741211,27.352739334106445
2014-03-19,43.45500183105469,27.146581649780273
2014-03-20,43.625,27.252779006958008
2014-03-21,43.529998779296875,27.327167510986328
2014-03-24,43.439998626708984,27.27066421508789
2014-03-25,43.83000183105469,27.5155029296875
2014-03-26,43.625,27.386810302734375
2014-03-27,43.97999954223633,27.60967445373535
2014-03-28,44.529998779296875,27.95494842529297
2014-03-31,44.529998779296875,27.95494842529297
2014-04-01,44.79499816894531,28.12131118774414
2014-04-02,44.95500183105469,28.221757888793945
2014-04-03,45.244998931884766,28.4038143157959
2014-04-04,45.08000183105469,28.30022430419922
2014-04-07,44.32500076293945,27.82625961303711
2014-04-08,44.77000045776367,28.10560417175293
2014-04-09,44.974998474121094,28.234310150146484
2014-04-10,44.349998474121094,27.841943740844727
2014-04-11,44.224998474121094,27.76346778869629
2014-04-14,44.83000183105469,28.143280029296875
2014-04-15,45.43000030517578,28.51995086669922
2014-04-16,45.974998474121094,28.862085342407227
2014-04-17,46.39500045776367,29.125747680664062
2014-04-21,46.709999084472656,29.3234920501709
2014-04-22,46.6349983215332,29.27641487121582
2014-04-23,46.880001068115234,29.430233001708984
2014-04-24,46.89500045776367,29.43964958190918
2014-04-25,46.6150016784668,29.263864517211914
2014-04-28,46.69499969482422,29.3140869140625
2014-04-29,46.90999984741211,29.44905662536621
2014-04-30,46.869998931884766,29.423934936523438
2014-05-01,46.76499938964844,29.3580322265625
2014-05-02,46.86000061035156,29.417673110961914
2014-05-05,47.08000183105469,29.555789947509766
2014-05-06,47.150001525878906,29.599729537963867
2014-05-07,47.560001373291016,29.857126235961914
2014-05-08,46.880001068115234,29.430233001708984
2014-05-09,46.834999084472656,29.4019775390625
2014-05-12,47.165000915527344,29.60914421081543
2014-05-13,47.34000015258789,29.718996047973633
2014-05-14,47.36000061035156,29.7315673828125
2014-05-15,46.81999969482422,29.39255714416504
2014-05-16,46.70000076293945,29.317222595214844
2014-05-19,46.845001220703125,29.408254623413086
2014-05-20,46.709999084472656,29.3234920501709
2014-05-21,47.21500015258789,29.64052963256836
2014-05-22,47.16999816894531,29.61229133605957
2014-05-23,47.07500076293945,29.55263328552246
2014-05-27,47.20500183105469,29.634254455566406
2014-05-28,47.28499984741211,29.684476852416992
2014-05-29,47.689998626708984,29.93873405456543
2014-05-30,47.654998779296875,29.916746139526367
2014-06-02,47.595001220703125,29.87908172607422
2014-06-03,47.7599983215332,29.982669830322266
2014-06-04,47.73500061035156,29.966968536376953
2014-06-05,48.0099983215332,30.139610290527344
2014-06-06,48.404998779296875,30.387584686279297
2014-06-09,48.47999954223633,30.434669494628906
2014-06-10,48.400001525878906,30.384450912475586
2014-06-11,48.584999084472656,30.500577926635742
2014-06-12,48.744998931884766,30.60103416442871
2014-06-13,49.209999084472656,30.892942428588867
2014-06-16,49.505001068115234,31.078140258789062
2014-06-17,49.470001220703125,31.05617332458496
2014-06-18,49.845001220703125,31.291589736938477
2014-06-19,50.20000076293945,31.51445198059082
2014-06-20,50.46500015258789,31.82790756225586
2014-06-23,50.64500045776367,31.941423416137695
2014-06-24,49.58000183105469,31.269744873046875
2014-06-25,49.95500183105469,31.506250381469727
2014-06-26,50.0099983215332,31.540935516357422
2014-06-27,50.0099983215332,31.540935516357422
2014-06-30,50.04999923706055,31.566160202026367
2014-07-01,50.08000183105469,31.58509063720703
2014-07-02,50.005001068115234,31.537782669067383
2014-07-03,50.19499969482422,31.657623291015625
2014-07-07,49.810001373291016,31.414794921875
2014-07-08,49.72999954223633,31.364341735839844
2014-07-09,50.060001373291016,31.572477340698242
2014-07-10,49.58000183105469,31.269744873046875
2014-07-11,49.20000076293945,31.03008460998535
2014-07-14,49.625,31.29812240600586
2014-07-15,49.40999984741211,31.16251564025879
2014-07-16,50.15999984741211,31.635547637939453
2014-07-17,49.349998474121094,31.124675750732422
2014-07-18,49.494998931884766,31.216136932373047
2014-07-21,49.56999969482422,31.26343536376953
2014-07-22,49.92499923706055,31.48733139038086
2014-07-23,50.244998931884766,31.689149856567383
2014-07-24,50.290000915527344,31.71752166748047
2014-07-25,49.91999816894531,31.48417091369629
2014-07-28,49.79999923706055,31.40850067138672
2014-07-29,49.67499923706055,31.32965660095215
2014-07-30,49.380001068115234,31.14359474182129
2014-07-31,48.314998626708984,30.471900939941406
2014-08-01,47.92499923706055,30.22593116760254
2014-08-04,48.72999954223633,30.73363494873047
2014-08-05,47.665000915527344,30.061965942382812
2014-08-06,47.80500030517578,30.15026092529297
2014-08-07,47.505001068115234,29.9610595703125
2014-08-08,48.29999923706055,30.46245002746582
2014-08-11,48.30500030517578,30.46561050415039
2014-08-12,47.95000076293945,30.24171257019043
2014-08-13,48.10499954223633,30.33946418762207
2014-08-14,47.83000183105469,30.166027069091797
2014-08-15,48.185001373291016,30.389923095703125
2014-08-18,48.314998626708984,30.471900939941406
2014-08-19,48.685001373291016,30.705280303955078
2014-08-20,48.790000915527344,30.77149772644043
2014-08-21,48.83000183105469,30.796720504760742
2014-08-22,48.505001068115234,30.591747283935547
2014-08-25,48.935001373291016,30.862943649291992
2014-08-26,49.185001373291016,31.02061653137207
2014-08-27,49.084999084472656,30.957557678222656
2014-08-28,49.095001220703125,30.96384620666504
2014-08-29,49.369998931884766,31.137296676635742
2014-09-02,48.744998931884766,30.74310874938965
2014-09-03,48.875,30.82509994506836
2014-09-04,48.21500015258789,30.408842086791992
2014-09-05,48.540000915527344,30.613821029663086
2014-09-08,47.78499984741211,30.137643814086914
2014-09-09,47.57500076293945,30.005203247070312
2014-09-10,47.459999084472656,29.93266487121582
2014-09-11,47.4900016784668,29.951589584350586
2014-09-12,46.779998779296875,29.50379753112793
2014-09-15,47.11000061035156,29.711938858032227
2014-09-16,47.68000030517578,30.07141876220703
2014-09-17,47.41999816894531,29.907445907592773
2014-09-18,47.17499923706055,29.75292205810547
2014-09-19,46.89500045776367,29.728517532348633
2014-09-22,46.20500183105469,29.29109764099121
2014-09-23,46.06999969482422,29.205516815185547
2014-09-24,46.11000061035156,29.230871200561523
2014-09-25,45.404998779296875,28.783952713012695
2014-09-26,45.9900016784668,29.154808044433594
2014-09-29,45.8849983215332,29.08823013305664
2014-09-30,45.310001373291016,28.723724365234375
2014-10-01,44.3849983215332,28.137332916259766
2014-10-02,44.154998779296875,27.991527557373047
2014-10-03,44.084999084472656,27.947154998779297
2014-10-06,44.1349983215332,27.97884750366211
2014-10-07,43.560001373291016,27.614330291748047
2014-10-08,43.98500061035156,27.88375473022461
2014-10-09,42.369998931884766,26.85995101928711
2014-10-10,41.775001525878906,26.482746124267578
2014-10-13,40.48500061035156,25.664981842041016
2014-10-14,39.974998474121094,25.341659545898438
2014-10-15,40.279998779296875,25.535022735595703
2014-10-16,41.0,25.991456985473633
2014-10-17,41.349998474121094,26.21332359313965
2014-10-20,41.709999084472656,26.441547393798828
2014-10-21,42.97999954223633,27.246652603149414
2014-10-22,42.165000915527344,26.72998809814453
2014-10-23,42.95000076293945,27.227636337280273
2014-10-24,42.79999923706055,27.13254737854004
2014-10-27,41.900001525878906,26.56200408935547
2014-10-28,42.85499954223633,27.167409896850586
2014-10-29,42.994998931884766,27.25615692138672
2014-10-30,42.84000015258789,27.157894134521484
2014-10-31,43.709999084472656,27.709421157836914
2014-11-03,43.02000045776367,27.272003173828125
2014-11-04,42.1349983215332,26.71097755432129
2014-11-05,42.875,27.18008804321289
2014-11-06,43.415000915527344,27.52241325378418
2014-11-07,43.89500045776367,27.82671356201172
2014-11-10,43.5,27.5762996673584
2014-11-11,43.630001068115234,27.658714294433594
2014-11-12,43.244998931884766,27.414644241333008
2014-11-13,42.66999816894531,27.050128936767578
2014-11-14,43.10499954223633,27.325889587402344
2014-11-17,42.880001068115234,27.183259963989258
2014-11-18,42.915000915527344,27.205442428588867
2014-11-19,43.13999938964844,27.348081588745117
2014-11-20,43.68000030517578,27.690406799316406
2014-11-21,44.25,28.0517578125
2014-11-24,43.90999984741211,27.83620834350586
2014-11-25,43.19499969482422,27.382951736450195
2014-11-26,42.650001525878906,27.03745460510254
2014-11-28,39.90999984741211,25.300464630126953
2014-12-01,40.04999923706055,25.38921546936035
2014-12-02,40.48500061035156,25.664981842041016
2014-12-03,40.97999954223633,25.978769302368164
2014-12-04,40.625,25.75372314453125
2014-12-05,40.13999938964844,25.446264266967773
2014-12-08,38.51499938964844,24.416114807128906
2014-12-09,38.935001373291016,24.68236541748047
2014-12-10,37.73500061035156,23.921646118164062
2014-12-11,37.709999084472656,23.905794143676758
2014-12-12,37.0099983215332,23.46204376220703
2014-12-15,36.68000030517578,23.252845764160156
2014-12-16,37.005001068115234,23.45887565612793
2014-12-17,38.540000915527344,24.431961059570312
2014-12-18,39.279998779296875,24.901081085205078
2014-12-19,40.28499984741211,25.69683265686035
2014-12-22,39.875,25.435300827026367
2014-12-23,40.36000061035156,25.744670867919922
2014-12-24,40.064998626708984,25.556499481201172
2014-12-26,40.05500030517578,25.55011749267578
2014-12-29,40.20000076293945,25.64261817932129
2014-12-30,39.880001068115234,25.438493728637695
2014-12-31,39.58000183105469,25.24713134765625
2015-01-02,39.76499938964844,25.365137100219727
2015-01-05,38.119998931884766,24.315826416015625
2015-01-06,37.560001373291016,23.958620071411133
2015-01-07,37.63999938964844,24.0096435546875
2015-01-08,38.48500061035156,24.548646926879883
2015-01-09,38.18000030517578,24.35409927368164
2015-01-12,37.08000183105469,23.652435302734375
2015-01-13,36.78499984741211,23.464265823364258
2015-01-14,36.900001525878906,23.537622451782227
2015-01-15,36.43000030517578,23.237815856933594
2015-01-16,37.6150016784668,23.99370002746582
2015-01-20,37.65999984741211,24.022409439086914
2015-01-21,38.42499923706055,24.5103816986084
2015-01-22,38.60499954223633,24.625198364257812
2015-01-23,38.33000183105469,24.44978141784668
2015-01-26,38.880001068115234,24.800615310668945
2015-01-27,38.85499954223633,24.784666061401367
2015-01-28,37.32500076293945,23.808719635009766
2015-01-29,37.45000076293945,23.888446807861328
2015-01-30,37.775001525878906,24.09575653076172
2015-02-02,38.93000030517578,24.83251190185547
2015-02-03,39.994998931884766,25.5118465423584
2015-02-04,39.334999084472656,25.090839385986328
2015-02-05,39.900001525878906,25.45124626159668
2015-02-06,39.90999984741211,25.45762825012207
2015-02-09,39.95000076293945,25.483144760131836
2015-02-10,39.93000030517578,25.470380783081055
2015-02-11,39.650001525878906,25.291778564453125
2015-02-12,40.16999816894531,25.62346649169922
2015-02-13,41.02000045776367,26.165672302246094
2015-02-17,41.14500045776367,26.245412826538086
2015-02-18,40.654998779296875,25.93283462524414
2015-02-19,40.46500015258789,25.811649322509766
2015-02-20,40.27000045776367,25.687257766723633
2015-02-23,40.10499954223633,25.58201026916504
2015-02-24,40.21500015258789,25.652183532714844
2015-02-25,40.435001373291016,25.792499542236328
2015-02-26,39.685001373291016,25.31411361694336
2015-02-27,39.5099983215332,25.202472686767578
2015-03-02,39.23500061035156,25.027055740356445
2015-03-03,39.380001068115234,25.119552612304688
2015-03-04,39.32500076293945,25.084463119506836
2015-03-05,39.09000015258789,24.9345760345459
2015-03-06,38.38999938964844,24.488056182861328
2015-03-09,38.1150016784668,24.31264305114746
2015-03-10,37.584999084472656,23.974573135375977
2015-03-11,37.69499969482422,24.044727325439453
2015-03-12,37.45500183105469,23.891647338867188
2015-03-13,37.314998626708984,23.802339553833008
2015-03-16,37.81999969482422,24.12446403503418
2015-03-17,37.67499923706055,24.031965255737305
2015-03-18,38.77000045776367,24.730438232421875
2015-03-19,38.154998779296875,24.338151931762695
2015-03-20,38.45500183105469,24.696186065673828
2015-03-23,38.31999969482422,24.60948944091797
2015-03-24,38.064998626708984,24.445716857910156
2015-03-25,38.560001373291016,24.763620376586914
2015-03-26,38.51499938964844,24.73471450805664
2015-03-27,38.20000076293945,24.532421112060547
2015-03-30,39.02000045776367,25.059030532836914
2015-03-31,38.790000915527344,24.911331176757812
2015-04-01,38.779998779296875,24.904903411865234
2015-04-02,38.86000061035156,24.956281661987305
2015-04-06,39.560001373291016,25.405824661254883
2015-04-07,39.584999084472656,25.421886444091797
2015-04-08,39.26499938964844,25.21636962890625
2015-04-09,39.89500045776367,25.620960235595703
2015-04-10,40.06999969482422,25.73335838317871
2015-04-13,39.66999816894531,25.47646141052246
2015-04-14,40.3849983215332,25.935646057128906
2015-04-15,41.349998474121094,26.555389404296875
2015-04-16,41.255001068115234,26.494380950927734
2015-04-17,40.95500183105469,26.301715850830078
2015-04-20,41.11000061035156,26.401260375976562
2015-04-21,40.67499923706055,26.12189483642578
2015-04-22,40.94499969482422,26.295286178588867
2015-04-23,41.224998474121094,26.475099563598633
2015-04-24,40.9900016784668,26.324195861816406
2015-04-27,40.94499969482422,26.295286178588867
2015-04-28,41.150001525878906,26.426944732666016
2015-04-29,41.470001220703125,26.6324520111084
2015-04-30,41.34000015258789,26.548967361450195
2015-05-01,41.435001373291016,26.609970092773438
2015-05-04,41.33000183105469,26.542531967163086
2015-05-05,40.81999969482422,26.21502113342285
2015-05-06,40.65999984741211,26.112255096435547
2015-05-07,40.220001220703125,25.829696655273438
2015-05-08,40.880001068115234,26.253541946411133
2015-05-11,40.11000061035156,25.759044647216797
2015-05-12,40.29499816894531,25.877853393554688
2015-05-13,40.189998626708984,25.810415267944336
2015-05-14,40.17499923706055,25.800783157348633
2015-05-15,40.334999084472656,25.903545379638672
2015-05-18,40.369998931884766,25.926013946533203
2015-05-19,39.79499816894531,25.556745529174805
2015-05-20,39.869998931884766,25.60491180419922
2015-05-21,40.244998931884766,25.845739364624023
2015-05-22,40.099998474121094,25.752622604370117
2015-05-26,39.46500015258789,25.344820022583008
2015-05-27,39.39500045776367,25.299861907958984
2015-05-28,39.2400016784668,25.200328826904297
2015-05-29,39.19499969482422,25.17142677307129
2015-06-01,39.095001220703125,25.107200622558594
2015-06-02,39.3650016784668,25.280593872070312
2015-06-03,39.095001220703125,25.107200622558594
2015-06-04,38.564998626708984,24.766836166381836
2015-06-05,38.834999084472656,24.940227508544922
2015-06-08,38.6150016784668,24.798938751220703
2015-06-09,38.61000061035156,24.79572296142578
2015-06-10,39.084999084472656,25.10077667236328
2015-06-11,38.90999984741211,24.988393783569336
2015-06-12,38.474998474121094,24.709030151367188
2015-06-15,38.3849983215332,24.651241302490234
2015-06-16,38.685001373291016,24.843896865844727
2015-06-17,38.59000015258789,24.782878875732422
2015-06-18,38.564998626708984,24.766836166381836
2015-06-19,37.95500183105469,24.53701400756836
2015-06-22,38.41999816894531,24.837615966796875
2015-06-23,38.54499816894531,24.918426513671875
2015-06-24,38.30500030517578,24.763277053833008
2015-06-25,37.915000915527344,24.511150360107422
2015-06-26,38.040000915527344,24.59195327758789
2015-06-29,37.31999969482422,24.126493453979492
2015-06-30,37.58000183105469,24.294578552246094
2015-07-01,37.099998474121094,23.98426055908203
2015-07-02,37.26499938964844,24.090944290161133
2015-07-06,36.775001525878906,23.774166107177734
2015-07-07,37.11000061035156,23.990734100341797
2015-07-08,36.36000061035156,23.505878448486328
2015-07-09,36.54499816894531,23.625478744506836
2015-07-10,36.744998931884766,23.75477409362793
2015-07-13,37.005001068115234,23.922863006591797
2015-07-14,37.27000045776367,24.094173431396484
2015-07-15,36.6150016784668,23.67072868347168
2015-07-16,36.665000915527344,23.70305824279785
2015-07-17,36.220001220703125,23.415372848510742
2015-07-20,35.7400016784668,23.105060577392578
2015-07-21,35.755001068115234,23.114765167236328
2015-07-22,35.46500015258789,22.92728614807129
2015-07-23,35.435001373291016,22.907894134521484
2015-07-24,34.755001068115234,22.468286514282227
2015-07-27,34.255001068115234,22.145048141479492
2015-07-28,35.23500061035156,22.77858543395996
2015-07-29,35.71500015258789,23.08890724182129
2015-07-30,35.46500015258789,22.92728614807129
2015-07-31,34.689998626708984,22.42625617980957
2015-08-03,33.959999084472656,21.954334259033203
2015-08-04,33.845001220703125,21.879989624023438
2015-08-05,33.59000015258789,21.71514320373535
2015-08-06,34.125,22.060998916625977
2015-08-07,33.51499938964844,21.66664695739746
2015-08-10,34.584999084472656,22.358379364013672
2015-08-11,34.650001525878906,22.400407791137695
2015-08-12,35.279998779296875,22.807682037353516
2015-08-13,34.744998931884766,22.46181297302246
2015-08-14,34.66999816894531,22.413330078125
2015-08-17,34.744998931884766,22.46181297302246
2015-08-18,34.6150016784668,22.377777099609375
2015-08-19,33.65999984741211,21.760391235351562
2015-08-20,32.900001525878906,21.269071578979492
2015-08-21,31.75,20.525615692138672
2015-08-24,30.045000076293945,19.423377990722656
2015-08-25,29.610000610351562,19.142166137695312
2015-08-26,30.6299991607666,19.801565170288086
2015-08-27,32.14500045776367,20.78097915649414
2015-08-28,32.875,21.25290870666504
2015-08-31,33.21500015258789,21.47270393371582
2015-09-01,32.04499816894531,20.716327667236328
2015-09-02,32.34000015258789,20.907047271728516
2015-09-03,32.43000030517578,20.965229034423828
2015-09-04,31.895000457763672,20.619356155395508
2015-09-08,32.39500045776367,20.942596435546875
2015-09-09,31.78499984741211,20.548250198364258
2015-09-10,31.969999313354492,20.6678466796875
2015-09-11,31.684999465942383,20.483600616455078
2015-09-14,31.40999984741211,20.30582046508789
2015-09-15,31.760000228881836,20.53208351135254
2015-09-16,32.65999984741211,21.11391830444336
2015-09-17,32.63999938964844,21.100982666015625
2015-09-18,31.549999237060547,20.546772003173828
2015-09-21,31.729999542236328,20.663997650146484
2015-09-22,31.395000457763672,20.445837020874023
2015-09-23,30.989999771118164,20.182079315185547
2015-09-24,31.125,20.270002365112305
2015-09-25,31.184999465942383,20.309072494506836
2015-09-28,29.940000534057617,19.498275756835938
2015-09-29,29.895000457763672,19.46896743774414
2015-09-30,30.600000381469727,19.92808723449707
2015-10-01,30.65999984741211,19.96717071533203
2015-10-02,31.924999237060547,20.790996551513672
2015-10-05,32.88999938964844,21.41944694519043
2015-10-06,33.619998931884766,21.894853591918945
2015-10-07,34.04499816894531,22.171627044677734
2015-10-08,34.69499969482422,22.594940185546875
2015-10-09,34.470001220703125,22.448413848876953
2015-10-12,34.025001525878906,22.15860939025879
2015-10-13,33.66999816894531,21.927419662475586
2015-10-14,33.959999084472656,22.116275787353516
2015-10-15,34.56999969482422,22.513540267944336
2015-10-16,34.6150016784668,22.542844772338867
2015-10-19,33.93000030517578,22.09674072265625
2015-10-20,34.025001525878906,22.15860939025879
2015-10-21,33.60499954223633,21.88508415222168
2015-10-22,34.209999084472656,22.27907943725586
2015-10-23,34.130001068115234,22.226993560791016
2015-10-26,33.29499816894531,21.683195114135742
2015-10-27,32.89500045776367,21.422697067260742
2015-10-28,33.625,21.898107528686523
2015-10-29,33.79499816894531,22.00881576538086
2015-10-30,34.01499938964844,22.15209197998047
2015-11-02,34.810001373291016,22.669836044311523
2015-11-03,35.70000076293945,23.249441146850586
2015-11-04,35.380001068115234,23.041046142578125
2015-11-05,35.08000183105469,22.845674514770508
2015-11-06,34.900001525878906,22.728450775146484
2015-11-09,34.55500030517578,22.503767013549805
2015-11-10,34.630001068115234,22.552608489990234
2015-11-11,33.89500045776367,22.073945999145508
2015-11-12,33.125,21.57248878479004
2015-11-13,32.9900016784668,21.484567642211914
2015-11-16,34.09000015258789,22.200937271118164
2015-11-17,33.71500015258789,21.95672607421875
2015-11-18,34.27000045776367,22.318166732788086
2015-11-19,33.810001373291016,22.01859474182129
2015-11-20,33.45000076293945,21.784147262573242
2015-11-23,33.689998626708984,21.94043731689453
2015-11-24,34.40999984741211,22.409337997436523
2015-11-25,34.130001068115234,22.226993560791016
2015-11-27,33.8849983215332,22.067428588867188
2015-11-30,34.0099983215332,22.14883804321289
2015-12-01,34.279998779296875,22.324674606323242
2015-12-02,33.220001220703125,21.634355545043945
2015-12-03,32.55500030517578,21.201282501220703
2015-12-04,32.349998474121094,21.067768096923828
2015-12-07,31.1200008392334,20.26674461364746
2015-12-08,30.799999237060547,20.05834197998047
2015-12-09,31.204999923706055,20.32209587097168
2015-12-10,31.405000686645508,20.45235252380371
2015-12-11,30.229999542236328,19.687131881713867
2015-12-14,30.389999389648438,19.79133415222168
2015-12-15,31.155000686645508,20.289533615112305
2015-12-16,30.950000762939453,20.156030654907227
2015-12-17,30.190000534057617,19.66108512878418
2015-12-18,29.395000457763672,19.316740036010742
2015-12-21,29.424999237060547,19.336450576782227
2015-12-22,29.770000457763672,19.56316566467285
2015-12-23,31.065000534057617,20.414173126220703
2015-12-24,30.78499984741211,20.230167388916016
2015-12-28,30.225000381469727,19.862171173095703
2015-12-29,30.434999465942383,20.00016975402832
2015-12-30,30.024999618530273,19.73073959350586
2015-12-31,30.15999984741211,19.819454193115234
2016-01-04,30.149999618530273,19.81287956237793
2016-01-05,30.264999389648438,19.888456344604492
2016-01-06,29.100000381469727,19.122880935668945
2016-01-07,28.389999389648438,18.65630531311035
2016-01-08,28.024999618530273,18.416452407836914
2016-01-11,27.424999237060547,18.02216339111328
2016-01-12,27.489999771118164,18.06488609313965
2016-01-13,26.829999923706055,17.631166458129883
2016-01-14,27.985000610351562,18.390165328979492
2016-01-15,27.174999237060547,17.857877731323242
2016-01-19,26.59000015258789,17.473453521728516
2016-01-20,25.885000228881836,17.010164260864258
2016-01-21,26.690000534057617,17.539167404174805
2016-01-22,27.8700008392334,18.314594268798828
2016-01-25,26.56999969482422,17.460304260253906
2016-01-26,27.575000762939453,18.1207332611084
2016-01-27,27.44499969482422,18.035308837890625
2016-01-28,28.280000686645508,18.58402442932129
2016-01-29,29.104999542236328,19.12616729736328
2016-02-01,28.6200008392334,18.807453155517578
2016-02-02,27.665000915527344,18.179880142211914
2016-02-03,28.649999618530273,18.82716941833496
2016-02-04,28.635000228881836,18.81730842590332
2016-02-05,27.969999313354492,18.380308151245117
2016-02-08,27.825000762939453,18.285024642944336
2016-02-09,27.155000686645508,17.844738006591797
2016-02-10,27.045000076293945,17.77245330810547
2016-02-11,26.93000030517578,17.69687843322754
2016-02-12,27.639999389648438,18.1634578704834
2016-02-16,27.915000915527344,18.344173431396484
2016-02-17,28.829999923706055,18.945457458496094
2016-02-18,28.469999313354492,18.708881378173828
2016-02-19,28.405000686645508,18.666168212890625
2016-02-22,29.1299991607666,19.142595291137695
2016-02-23,28.135000228881836,18.488739013671875
2016-02-24,28.420000076293945,18.6760311126709
2016-02-25,28.44499969482422,18.692455291748047
2016-02-26,28.614999771118164,18.80416488647461
2016-02-29,28.290000915527344,18.590595245361328
2016-03-01,29.030000686645508,19.07688331604004
2016-03-02,29.739999771118164,19.54345703125
2016-03-03,30.190000534057617,19.839170455932617
2016-03-04,30.479999542236328,20.029735565185547
2016-03-07,31.19499969482422,20.499597549438477
2016-03-08,29.885000228881836,19.63873863220215
2016-03-09,30.3700008392334,19.95745086669922
2016-03-10,30.395000457763672,19.97388458251953
2016-03-11,31.18000030517578,20.489742279052734
2016-03-14,30.975000381469727,20.355022430419922
2016-03-15,30.915000915527344,20.31559944152832
2016-03-16,31.450000762939453,20.667173385620117
2016-03-17,31.8799991607666,20.949745178222656
2016-03-18,31.7450008392334,21.009965896606445
2016-03-21,31.635000228881836,20.93716812133789
2016-03-22,31.459999084472656,20.82134246826172
2016-03-23,30.770000457763672,20.364681243896484
2016-03-24,30.920000076293945,20.463951110839844
2016-03-28,30.7549991607666,20.35474967956543
2016-03-29,30.899999618530273,20.45072364807129
2016-03-30,30.959999084472656,20.490428924560547
2016-03-31,30.94499969482422,20.480501174926758
2016-04-01,30.530000686645508,20.205841064453125
2016-04-04,30.30500030517578,20.056930541992188
2016-04-05,30.100000381469727,19.921247482299805
2016-04-06,30.75,20.351444244384766
2016-04-07,30.56999969482422,20.2323055267334
2016-04-08,31.184999465942383,20.639341354370117
2016-04-11,31.05500030517578,20.553300857543945
2016-04-12,31.979999542236328,21.16550064086914
2016-04-13,32.130001068115234,21.264772415161133
2016-04-14,32.20500183105469,21.314414978027344
2016-04-15,31.770000457763672,21.026512145996094
2016-04-18,32.29499816894531,21.373979568481445
2016-04-19,32.939998626708984,21.800857543945312
2016-04-20,33.23500061035156,21.996105194091797
2016-04-21,33.040000915527344,21.867040634155273
2016-04-22,33.52000045776367,22.184724807739258
2016-04-25,33.14500045776367,21.936534881591797
2016-04-26,33.67499923706055,22.287307739257812
2016-04-27,34.314998626708984,22.71088409423828
2016-04-28,33.80500030517578,22.37335205078125
2016-04-29,33.75,22.33694839477539
2016-05-02,33.71500015258789,22.31378746032715
2016-05-03,32.91999816894531,21.78762435913086
2016-05-04,32.44499969482422,21.47325325012207
2016-05-05,32.709999084472656,21.64864158630371
2016-05-06,32.6349983215332,21.599000930786133
2016-05-09,32.15999984741211,21.284629821777344
2016-05-10,32.724998474121094,21.658567428588867
2016-05-11,32.82500076293945,21.724748611450195
2016-05-12,32.915000915527344,21.784318923950195
2016-05-13,32.494998931884766,21.50634002685547
2016-05-16,33.04499816894531,21.870359420776367
2016-05-17,33.20000076293945,21.972938537597656
2016-05-18,32.880001068115234,21.761152267456055
2016-05-19,32.8849983215332,21.764467239379883
2016-05-20,33.08000183105469,21.89352035522461
2016-05-23,32.994998931884766,21.83726692199707
2016-05-24,33.15999984741211,21.94646644592285
2016-05-25,33.685001373291016,22.293930053710938
2016-05-26,33.54499816894531,22.201274871826172
2016-05-27,33.564998626708984,22.214506149291992
2016-05-31,33.435001373291016,22.12847328186035
2016-06-01,33.44499969482422,22.135087966918945
2016-06-02,33.400001525878906,22.105304718017578
2016-06-03,33.27000045776367,22.019268035888672
2016-06-06,34.005001068115234,22.505720138549805
2016-06-07,34.775001525878906,23.015331268310547
2016-06-08,34.69499969482422,22.96238136291504
2016-06-09,34.43000030517578,22.786996841430664
2016-06-10,33.685001373291016,22.293930053710938
2016-06-13,33.584999084472656,22.22774314880371
2016-06-14,33.564998626708984,22.214506149291992
2016-06-15,33.48500061035156,22.161561965942383
2016-06-16,33.32500076293945,22.0556697845459
2016-06-17,33.44499969482422,22.280839920043945
2016-06-20,33.73500061035156,22.47403907775879
2016-06-21,34.1349983215332,22.74051284790039
2016-06-22,33.94499969482422,22.613941192626953
2016-06-23,34.505001068115234,22.987010955810547
2016-06-24,33.38999938964844,22.24420166015625
2016-06-27,32.31999969482422,21.5313720703125
2016-06-28,33.220001220703125,22.130952835083008
2016-06-29,33.849998474121094,22.550647735595703
2016-06-30,34.119998931884766,22.730520248413086
2016-07-01,34.29999923706055,22.850435256958008
2016-07-05,33.61000061035156,22.390762329101562
2016-07-06,33.755001068115234,22.48736572265625
2016-07-07,33.40999984741211,22.257526397705078
2016-07-08,33.85499954223633,22.55398178100586
2016-07-11,33.91999816894531,22.59728240966797
2016-07-12,34.7599983215332,23.156885147094727
2016-07-13,34.459999084472656,22.957027435302734
2016-07-14,34.6349983215332,23.0736083984375
2016-07-15,34.6150016784668,23.060293197631836
2016-07-18,34.63999938964844,23.076940536499023
2016-07-19,34.44499969482422,22.9470272064209
2016-07-20,34.39500045776367,22.91372299194336
2016-07-21,34.05500030517578,22.687217712402344
2016-07-22,34.15999984741211,22.757171630859375
2016-07-25,33.47999954223633,22.304161071777344
2016-07-26,33.67499923706055,22.43406105041504
2016-07-27,33.345001220703125,22.21422004699707
2016-07-28,33.349998474121094,22.21755599975586
2016-07-29,33.689998626708984,22.44405746459961
2016-08-01,32.58000183105469,21.704587936401367
2016-08-02,32.875,21.901113510131836
2016-08-03,33.5099983215332,22.32414436340332
2016-08-04,33.459999084472656,22.29082679748535
2016-08-05,33.76499938964844,22.494022369384766
2016-08-08,34.21500015258789,22.793811798095703
2016-08-09,34.03499984741211,22.67389488220215
2016-08-10,33.665000915527344,22.427404403686523
2016-08-11,34.15999984741211,22.757171630859375
2016-08-12,34.349998474121094,22.88374137878418
2016-08-15,34.625,23.066951751708984
2016-08-16,34.68000030517578,23.103591918945312
2016-08-17,34.78499984741211,23.17354393005371
2016-08-18,35.5,23.64986228942871
2016-08-19,35.20500183105469,23.453346252441406
2016-08-22,34.79999923706055,23.183528900146484
2016-08-23,35.04499816894531,23.34674835205078
2016-08-24,34.904998779296875,23.25348472595215
2016-08-25,34.810001373291016,23.19019317626953
2016-08-26,34.689998626708984,23.110246658325195
2016-08-29,34.92499923706055,23.266815185546875
2016-08-30,34.80500030517578,23.186866760253906
2016-08-31,34.255001068115234,22.820457458496094
2016-09-01,34.154998779296875,22.75383758544922
2016-09-02,34.540000915527344,23.010330200195312
2016-09-06,35.060001373291016,23.35674476623535
2016-09-07,35.2599983215332,23.48998260498047
2016-09-08,35.91999816894531,23.92966651916504
2016-09-09,34.849998474121094,23.21684455871582
2016-09-12,35.19499969482422,23.446678161621094
2016-09-13,34.189998626708984,22.777158737182617
2016-09-14,33.78499984741211,22.507354736328125
2016-09-15,34.20500183105469,22.787151336669922
2016-09-16,33.724998474121094,22.603172302246094
2016-09-19,33.70500183105469,22.589771270751953
2016-09-20,33.459999084472656,22.42556381225586
2016-09-21,34.23500061035156,22.94498634338379
2016-09-22,34.275001525878906,22.9717960357666
2016-09-23,33.81999969482422,22.66684341430664
2016-09-26,33.66999816894531,22.566308975219727
2016-09-27,33.44499969482422,22.41551399230957
2016-09-28,34.88999938964844,23.38397789001465
2016-09-29,34.83000183105469,23.343761444091797
2016-09-30,35.30500030517578,23.66212272644043
2016-10-03,35.279998779296875,23.64536476135254
2016-10-04,34.91999816894531,23.40409278869629
2016-10-05,35.45500183105469,23.762651443481445
2016-10-06,35.5099983215332,23.79952049255371
2016-10-07,35.30500030517578,23.66212272644043
2016-10-10,35.86000061035156,24.034095764160156
2016-10-11,35.45000076293945,23.759302139282227
2016-10-12,35.29999923706055,23.65876579284668
2016-10-13,35.10499954223633,23.5280818939209
2016-10-14,34.900001525878906,23.390689849853516
2016-10-17,34.72999954223633,23.276748657226562
2016-10-18,34.869998931884766,23.370573043823242
2016-10-19,35.3650016784668,23.702341079711914
2016-10-20,35.32500076293945,23.675519943237305
2016-10-21,35.095001220703125,23.52137565612793
2016-10-24,34.9900016784668,23.451004028320312
2016-10-25,34.83000183105469,23.343761444091797
2016-10-26,34.90999984741211,23.397382736206055
2016-10-27,34.779998779296875,23.31025505065918
2016-10-28,34.685001373291016,23.24658966064453
2016-10-31,34.310001373291016,22.995248794555664
2016-11-01,34.314998626708984,22.99860954284668
2016-11-02,33.935001373291016,22.743919372558594
2016-11-03,34.06999969482422,22.834402084350586
2016-11-04,33.8849983215332,22.710411071777344
2016-11-07,34.6150016784668,23.199668884277344
2016-11-08,34.65999984741211,23.229827880859375
2016-11-09,35.224998474121094,23.608503341674805
2016-11-10,35.375,23.709047317504883
2016-11-11,34.72999954223633,23.276748657226562
2016-11-14,34.92499923706055,23.407440185546875
2016-11-15,35.90999984741211,24.06760597229004
2016-11-16,35.65999984741211,23.900049209594727
2016-11-17,35.41999816894531,23.739192962646484
2016-11-18,35.564998626708984,23.836383819580078
2016-11-21,36.40999984741211,24.4027099609375
2016-11-22,36.38999938964844,24.389314651489258
2016-11-23,36.540000915527344,24.489845275878906
2016-11-25,36.36000061035156,24.369203567504883
2016-11-28,35.85499954223633,24.03074073791504
2016-11-29,35.415000915527344,23.7358455657959
2016-11-30,37.21500015258789,24.942237854003906
2016-12-01,37.30500030517578,25.0025634765625
2016-12-02,37.415000915527344,25.0762939453125
2016-12-05,37.744998931884766,25.297456741333008
2016-12-06,37.67499923706055,25.250534057617188
2016-12-07,37.974998474121094,25.45160484313965
2016-12-08,38.18000030517578,25.589004516601562
2016-12-09,38.29999923706055,25.669431686401367
2016-12-12,38.47999954223633,25.790075302124023
2016-12-13,38.915000915527344,26.081615447998047
2016-12-14,38.1349983215332,25.558839797973633
2016-12-15,38.220001220703125,25.61580467224121
2016-12-16,38.255001068115234,25.774824142456055
2016-12-19,38.08000183105469,25.65691375732422
2016-12-20,37.994998931884766,25.59963607788086
2016-12-21,38.05500030517578,25.64006805419922
2016-12-22,38.209999084472656,25.744503021240234
2016-12-23,38.17499923706055,25.720924377441406
2016-12-27,38.2599983215332,25.778186798095703
2016-12-28,37.845001220703125,25.498584747314453
2016-12-29,37.77000045776367,25.448049545288086
2016-12-30,37.65999984741211,25.373931884765625
2017-01-03,38.084999084472656,25.660287857055664
2017-01-04,38.005001068115234,25.606388092041016
2017-01-05,37.90999984741211,25.542377471923828
2017-01-06,37.94499969482422,25.56595802307129
2017-01-09,37.39500045776367,25.195390701293945
2017-01-10,37.05500030517578,24.966310501098633
2017-01-11,37.45500183105469,25.23581314086914
2017-01-12,37.29999923706055,25.131380081176758
2017-01-13,37.189998626708984,25.05726432800293
2017-01-17,37.41999816894531,25.21223258972168
2017-01-18,37.334999084472656,25.154958724975586
2017-01-19,37.130001068115234,25.0168399810791
2017-01-20,37.27000045776367,25.11115837097168
2017-01-23,36.875,24.845033645629883
2017-01-24,37.279998779296875,25.11789894104004
2017-01-25,37.474998474121094,25.249286651611328
2017-01-26,37.505001068115234,25.269500732421875
2017-01-27,37.1150016784668,25.006736755371094
2017-01-30,36.435001373291016,24.54857635498047
2017-01-31,36.45000076293945,24.558677673339844
2017-02-01,36.18000030517578,24.37675666809082
2017-02-02,36.3849983215332,24.51488494873047
2017-02-03,36.70000076293945,24.72711944580078
2017-02-06,36.38999938964844,24.51826286315918
2017-02-07,35.875,24.171260833740234
2017-02-08,35.959999084472656,24.228530883789062
2017-02-09,36.3650016784668,24.50141143798828
2017-02-10,36.63999938964844,24.68669319152832
2017-02-13,36.709999084472656,24.733858108520508
2017-02-14,36.83000183105469,24.81471061706543
2017-02-15,36.685001373291016,24.717016220092773
2017-02-16,36.185001373291016,24.380128860473633
2017-02-17,35.98500061035156,24.245386123657227
2017-02-21,36.22999954223633,24.41045570373535
2017-02-22,35.68000030517578,24.03988265991211
2017-02-23,35.83000183105469,24.140941619873047
2017-02-24,35.494998931884766,23.915233612060547
2017-02-27,35.79999923706055,24.120729446411133
2017-02-28,35.689998626708984,24.046615600585938
2017-03-01,36.404998779296875,24.52835464477539
2017-03-02,36.060001373291016,24.295909881591797
2017-03-03,35.994998931884766,24.252111434936523
2017-03-06,36.07500076293945,24.306013107299805
2017-03-07,35.755001068115234,24.090415954589844
2017-03-08,34.82500076293945,23.463821411132812
2017-03-09,35.05500030517578,23.618778228759766
2017-03-10,35.005001068115234,23.58509063720703
2017-03-13,35.0099983215332,23.588459014892578
2017-03-14,34.6150016784668,23.322322845458984
2017-03-15,35.3849983215332,23.84111976623535
2017-03-16,35.1349983215332,23.672677993774414
2017-03-17,34.900001525878906,23.6553897857666
2017-03-20,34.849998474121094,23.62150764465332
2017-03-21,34.60499954223633,23.455446243286133
2017-03-22,34.55500030517578,23.421550750732422
2017-03-23,34.415000915527344,23.32666015625
2017-03-24,34.279998779296875,23.23515510559082
2017-03-27,34.119998931884766,23.126705169677734
2017-03-28,34.60499954223633,23.455446243286133
2017-03-29,35.08000183105469,23.777402877807617
2017-03-30,35.06999969482422,23.770626068115234
2017-03-31,34.95000076293945,23.689287185668945
2017-04-03,34.88999938964844,23.648622512817383
2017-04-04,35.14500045776367,23.821456909179688
2017-04-05,35.03499984741211,23.746902465820312
2017-04-06,35.314998626708984,23.936681747436523
2017-04-07,35.18000030517578,23.845186233520508
2017-04-10,35.44499969482422,24.024803161621094
2017-04-11,35.45000076293945,24.028188705444336
2017-04-12,35.29999923706055,23.92652130126953
2017-04-13,34.654998779296875,23.48933219909668
2017-04-17,34.72999954223633,23.54017448425293
2017-04-18,34.404998779296875,23.319881439208984
2017-04-19,33.900001525878906,22.97759246826172
2017-04-20,34.064998626708984,23.089427947998047
2017-04-21,33.89500045776367,22.974201202392578
2017-04-24,34.095001220703125,23.10976219177246
2017-04-25,34.3849983215332,23.30632972717285
2017-04-26,34.27000045776367,23.22838020324707
2017-04-27,33.89500045776367,22.974201202392578
2017-04-28,33.91999816894531,22.991146087646484
2017-05-01,33.82500076293945,22.926755905151367
2017-05-02,33.654998779296875,22.8115291595459
2017-05-03,33.75,22.87592315673828
2017-05-04,33.130001068115234,22.455684661865234
2017-05-05,33.654998779296875,22.8115291595459
2017-05-08,33.89500045776367,22.974201202392578
2017-05-09,33.6150016784668,22.78441619873047
2017-05-10,34.060001373291016,23.08603858947754
2017-05-11,33.9900016784668,23.038591384887695
2017-05-12,33.875,22.96065330505371
2017-05-15,34.13999938964844,23.14026641845703
2017-05-16,33.970001220703125,23.02503204345703
2017-05-17,33.6349983215332,22.797977447509766
2017-05-18,33.625,22.791196823120117
2017-05-19,34.040000915527344,23.072486877441406
2017-05-22,33.96500015258789,23.02164649963379
2017-05-23,34.04499816894531,23.075864791870117
2017-05-24,33.8650016784668,22.95386505126953
2017-05-25,33.25,22.537015914916992
2017-05-26,33.30500030517578,22.574296951293945
2017-05-30,32.86000061035156,22.27267074584961
2017-05-31,32.720001220703125,22.177776336669922
2017-06-01,32.92499923706055,22.31673812866211
2017-06-02,32.54499816894531,22.059162139892578
2017-06-05,32.60499954223633,22.099834442138672
2017-06-06,32.9900016784668,22.360788345336914
2017-06-07,32.525001525878906,22.045612335205078
2017-06-08,32.43000030517578,21.981220245361328
2017-06-09,33.209999084472656,22.50990104675293
2017-06-12,33.44499969482422,22.669193267822266
2017-06-13,33.69499969482422,22.838645935058594
2017-06-14,33.084999084472656,22.4251766204834
2017-06-15,32.834999084472656,22.2557315826416
2017-06-16,33.150001525878906,22.623918533325195
2017-06-19,32.939998626708984,22.480600357055664
2017-06-20,32.52000045776367,22.193960189819336
2017-06-21,31.9950008392334,21.835668563842773
2017-06-22,31.975000381469727,21.8220157623291
2017-06-23,32.189998626708984,21.9687442779541
2017-06-26,32.119998931884766,21.920970916748047
2017-06-27,32.06999969482422,21.88685417175293
2017-06-28,32.244998931884766,22.006284713745117
2017-06-29,32.314998626708984,22.054054260253906
2017-06-30,32.459999084472656,22.153018951416016
2017-07-03,33.084999084472656,22.579561233520508
2017-07-05,32.415000915527344,22.12230110168457
2017-07-06,32.05500030517578,21.876615524291992
2017-07-07,32.005001068115234,21.842491149902344
2017-07-10,32.11000061035156,21.914152145385742
2017-07-11,32.28499984741211,22.033586502075195
2017-07-12,32.375,22.095008850097656
2017-07-13,32.505001068115234,22.183725357055664
2017-07-14,32.70000076293945,22.316808700561523
2017-07-17,32.65999984741211,22.28951072692871
2017-07-18,32.505001068115234,22.183725357055664
2017-07-19,32.97999954223633,22.507902145385742
2017-07-20,32.880001068115234,22.439655303955078
2017-07-21,32.55500030517578,22.217849731445312
2017-07-24,32.494998931884766,22.176902770996094
2017-07-25,32.904998779296875,22.45671844482422
2017-07-26,32.939998626708984,22.480600357055664
2017-07-27,33.275001525878906,22.709232330322266
2017-07-28,33.23500061035156,22.681936264038086
2017-07-31,33.310001373291016,22.733121871948242
2017-08-01,33.30500030517578,22.729703903198242
2017-08-02,33.18000030517578,22.64439582824707
2017-08-03,32.71500015258789,22.32704734802246
2017-08-04,32.81999969482422,22.398710250854492
2017-08-07,32.56999969482422,22.228084564208984
2017-08-08,32.494998931884766,22.176902770996094
2017-08-09,32.525001525878906,22.19738006591797
2017-08-10,32.18000030517578,21.96192741394043
2017-08-11,31.969999313354492,21.818603515625
2017-08-14,31.875,21.75377082824707
2017-08-15,31.7549991607666,21.671875
2017-08-16,31.450000762939453,21.46371841430664
2017-08-17,31.0049991607666,21.16002082824707
2017-08-18,31.15999984741211,21.26580238342285
2017-08-21,31.0,21.1566104888916
2017-08-22,31.204999923706055,21.29651641845703
2017-08-23,31.34000015258789,21.388648986816406
2017-08-24,31.360000610351562,21.402297973632812
2017-08-25,31.5,21.49784278869629
2017-08-28,31.360000610351562,21.402297973632812
2017-08-29,31.31999969482422,21.374998092651367
2017-08-30,31.334999084472656,21.385234832763672
2017-08-31,31.485000610351562,21.48760414123535
2017-09-01,31.790000915527344,21.695756912231445
2017-09-05,31.96500015258789,21.8151912689209
2017-09-06,32.48500061035156,22.170080184936523
2017-09-07,32.54499816894531,22.211027145385742
2017-09-08,32.20000076293945,21.97557830810547
2017-09-11,32.505001068115234,22.183725357055664
2017-09-12,32.70500183105469,22.32022476196289
2017-09-13,33.1150016784668,22.60002899169922
2017-09-14,33.275001525878906,22.709232330322266
2017-09-15,32.91999816894531,22.7628116607666
2017-09-18,33.060001373291016,22.859628677368164
2017-09-19,33.19499969482422,22.952964782714844
2017-09-20,33.41999816894531,23.108545303344727
2017-09-21,33.43000030517578,23.115455627441406
2017-09-22,33.599998474121094,23.23301124572754
2017-09-25,34.084999084472656,23.56837272644043
2017-09-26,34.06999969482422,23.557994842529297
2017-09-27,34.21500015258789,23.65825843811035
2017-09-28,34.244998931884766,23.678991317749023
2017-09-29,34.2400016784668,23.6755428314209
2017-10-02,34.22999954223633,23.66862678527832
2017-10-03,34.19499969482422,23.64443016052246
2017-10-04,34.16999816894531,23.627140045166016
2017-10-05,34.32500076293945,23.73431396484375
2017-10-06,34.03499984741211,23.53380012512207
2017-10-09,34.10499954223633,23.582197189331055
2017-10-10,34.1349983215332,23.60294532775879
2017-10-11,34.21500015258789,23.65825843811035
2017-10-12,34.09000015258789,23.57182502746582
2017-10-13,34.06999969482422,23.557994842529297
2017-10-16,34.14500045776367,23.60984992980957
2017-10-17,34.165000915527344,23.623680114746094
2017-10-18,33.92499923706055,23.45773696899414
2017-10-19,33.81999969482422,23.3851261138916
2017-10-20,33.8849983215332,23.430068969726562
2017-10-23,33.709999084472656,23.30907440185547
2017-10-24,33.775001525878906,23.35401153564453
2017-10-25,33.540000915527344,23.19152069091797
2017-10-26,33.61000061035156,23.23992919921875
2017-10-27,33.66999816894531,23.281414031982422
2017-10-30,33.845001220703125,23.40241050720215
2017-10-31,33.95500183105469,23.478483200073242
2017-11-01,34.34000015258789,23.744686126708984
2017-11-02,34.2400016784668,23.6755428314209
2017-11-03,34.34000015258789,23.744686126708984
2017-11-06,35.125,24.287485122680664
2017-11-07,35.08000183105469,24.256370544433594
2017-11-08,34.90999984741211,24.138822555541992
2017-11-09,35.01499938964844,24.211423873901367
2017-11-10,34.83000183105469,24.083507537841797
2017-11-13,34.630001068115234,23.94521141052246
2017-11-14,34.06999969482422,23.557994842529297
2017-11-15,33.685001373291016,23.291790008544922
2017-11-16,33.54999923706055,23.198429107666016
2017-11-17,33.71500015258789,23.31252670288086
2017-11-20,33.6349983215332,23.257213592529297
2017-11-21,33.709999084472656,23.30907440185547
2017-11-22,33.845001220703125,23.40241050720215
2017-11-24,33.939998626708984,23.468097686767578
2017-11-27,33.595001220703125,23.229549407958984
2017-11-28,33.85499954223633,23.409337997436523
2017-11-29,34.040000915527344,23.53725242614746
2017-11-30,34.54999923706055,23.8898983001709
2017-12-01,34.84000015258789,24.090415954589844
2017-12-04,34.82500076293945,24.080041885375977
2017-12-05,34.67499923706055,23.97632598876953
2017-12-06,34.224998474121094,23.665172576904297
2017-12-07,34.32500076293945,23.73431396484375
2017-12-08,34.63999938964844,23.952133178710938
2017-12-11,34.88999938964844,24.1249942779541
2017-12-12,34.79499816894531,24.059303283691406
2017-12-13,34.744998931884766,24.024723052978516
2017-12-14,34.619998931884766,23.938297271728516
2017-12-15,34.36000061035156,23.91672134399414
2017-12-18,34.625,24.10117530822754
2017-12-19,34.67499923706055,24.135984420776367
2017-12-20,35.165000915527344,24.477054595947266
2017-12-21,35.90999984741211,24.995615005493164
2017-12-22,35.98500061035156,25.047822952270508
2017-12-26,36.29999923706055,25.267072677612305
2017-12-27,36.18000030517578,25.18355369567871
2017-12-28,36.23500061035156,25.22183609008789
2017-12-29,36.130001068115234,25.14874839782715
2018-01-02,36.724998474121094,25.562904357910156
2018-01-03,37.275001525878906,25.945741653442383
2018-01-04,37.5,26.10235595703125
2018-01-05,37.48500061035156,26.091920852661133
2018-01-08,37.709999084472656,26.248533248901367
2018-01-09,37.6150016784668,26.18241310119629
2018-01-10,37.56999969482422,26.151077270507812
2018-01-11,38.34000015258789,26.687049865722656
2018-01-12,38.709999084472656,26.944591522216797
2018-01-16,38.220001220703125,26.603519439697266
2018-01-17,38.55500030517578,26.836700439453125
2018-01-18,38.2400016784668,26.617448806762695
2018-01-19,38.189998626708984,26.582639694213867
2018-01-22,39.01499938964844,27.156890869140625
2018-01-23,38.95500183105469,27.11513328552246
2018-01-24,38.849998474121094,27.04203987121582
2018-01-25,38.54499816894531,26.829744338989258
2018-01-26,38.755001068115234,26.975921630859375
2018-01-29,38.16999816894531,26.568727493286133
2018-01-30,37.400001525878906,26.03274917602539
2018-01-31,37.42499923706055,26.050151824951172
2018-02-01,37.810001373291016,26.318140029907227
2018-02-02,36.22999954223633,25.218360900878906
2018-02-05,34.709999084472656,24.16034507751465
2018-02-06,34.98500061035156,24.35176658630371
2018-02-07,34.400001525878906,23.94456672668457
2018-02-08,33.36000061035156,23.220657348632812
2018-02-09,33.334999084472656,23.203258514404297
2018-02-12,33.880001068115234,23.582612991333008
2018-02-13,33.7400016784668,23.485164642333984
2018-02-14,34.22999954223633,23.826236724853516
2018-02-15,34.14500045776367,23.767065048217773
2018-02-16,34.060001373291016,23.707901000976562
2018-02-20,33.875,23.57912826538086
2018-02-21,33.30500030517578,23.182369232177734
2018-02-22,33.66999816894531,23.436429977416992
2018-02-23,34.400001525878906,23.94456672668457
2018-02-26,34.60499954223633,24.087255477905273
2018-02-27,34.154998779296875,23.774028778076172
2018-02-28,33.369998931884766,23.227617263793945
2018-03-01,33.31999969482422,23.192821502685547
2018-03-02,33.474998474121094,23.300704956054688
2018-03-05,33.83000183105469,23.547809600830078
2018-03-06,33.849998474121094,23.56172752380371
2018-03-07,33.595001220703125,23.384233474731445
2018-03-08,33.584999084472656,23.377269744873047
2018-03-09,34.224998474121094,23.82274627685547
2018-03-12,34.21500015258789,23.815792083740234
2018-03-13,33.970001220703125,23.64525604248047
2018-03-14,33.77000045776367,23.506046295166016
2018-03-15,33.595001220703125,23.384233474731445
2018-03-16,33.654998779296875,23.59278678894043
2018-03-19,33.1349983215332,23.228256225585938
2018-03-20,33.415000915527344,23.424537658691406
2018-03-21,34.290000915527344,24.037933349609375
2018-03-22,33.59000015258789,23.547222137451172
2018-03-23,33.3849983215332,23.403507232666016
2018-03-26,33.98500061035156,23.824125289916992
2018-03-27,33.665000915527344,23.599796295166016
2018-03-28,33.0099983215332,23.140628814697266
2018-03-29,33.70500183105469,23.62784194946289
2018-04-02,33.029998779296875,23.15464210510254
2018-04-03,33.73500061035156,23.64887046813965
2018-04-04,33.689998626708984,23.617319107055664
2018-04-05,34.29499816894531,24.04143524169922
2018-04-06,33.67499923706055,23.6068115234375
2018-04-09,33.834999084472656,23.718971252441406
2018-04-10,34.95500183105469,24.504112243652344
2018-04-11,35.31999969482422,24.75998306274414
2018-04-12,35.314998626708984,24.7564754486084
2018-04-13,35.70500183105469,25.029876708984375
2018-04-16,36.06999969482422,25.285741806030273
2018-04-17,36.209999084472656,25.38388442993164
2018-04-18,36.779998779296875,25.783475875854492
2018-04-19,36.82500076293945,25.81501579284668
2018-04-20,36.650001525878906,25.692344665527344
2018-04-23,36.875,25.850065231323242
2018-04-24,36.47999954223633,25.57316780090332
2018-04-25,36.77000045776367,25.776464462280273
2018-04-26,37.30500030517578,26.151508331298828
2018-04-27,36.90999984741211,25.874597549438477
2018-04-30,36.904998779296875,25.871091842651367
2018-05-01,36.68000030517578,25.71337127685547
2018-05-02,36.83000183105469,25.818519592285156
2018-05-03,36.744998931884766,25.75893211364746
2018-05-04,36.92499923706055,25.88511848449707
2018-05-07,36.974998474121094,25.920167922973633
2018-05-08,37.26499938964844,26.12346649169922
2018-05-09,38.025001525878906,26.656238555908203
2018-05-10,38.310001373291016,26.856033325195312
2018-05-11,38.3650016784668,26.89458465576172
2018-05-14,38.630001068115234,27.080358505249023
2018-05-15,38.63999938964844,27.087369918823242
2018-05-16,38.775001525878906,27.181995391845703
2018-05-17,39.36000061035156,27.59210205078125
2018-05-18,39.05500030517578,27.378286361694336
2018-05-21,39.45500183105469,27.658695220947266
2018-05-22,38.93000030517578,27.290664672851562
2018-05-23,38.92499923706055,27.28715705871582
2018-05-24,38.28499984741211,26.8385009765625
2018-05-25,37.290000915527344,26.140989303588867
2018-05-29,37.17499923706055,26.060367584228516
2018-05-30,38.29999923706055,26.849008560180664
2018-05-31,38.0099983215332,26.645719528198242
2018-06-01,38.189998626708984,26.77190399169922
2018-06-04,37.86000061035156,26.54056739807129
2018-06-05,37.77000045776367,26.47747230529785
2018-06-06,37.95000076293945,26.603666305541992
2018-06-07,38.525001525878906,27.00675392150879
2018-06-08,38.45000076293945,26.954166412353516
2018-06-11,38.650001525878906,27.09437370300293
2018-06-12,38.35499954223633,26.887569427490234
2018-06-13,38.209999084472656,26.785930633544922
2018-06-14,38.154998779296875,26.74736976623535
2018-06-15,37.084999084472656,26.17289161682129
2018-06-18,37.45500183105469,26.434017181396484
2018-06-19,37.369998931884766,26.3740234375
2018-06-20,37.53499984741211,26.490478515625
2018-06-21,36.84000015258789,25.99997329711914
2018-06-22,37.57500076293945,26.518705368041992
2018-06-25,36.81999969482422,25.985858917236328
2018-06-26,37.28499984741211,26.314043045043945
2018-06-27,37.78499984741211,26.666915893554688
2018-06-28,37.73500061035156,26.63163185119629
2018-06-29,37.970001220703125,26.7974796295166
2018-07-02,37.40999984741211,26.402257919311523
2018-07-03,37.64500045776367,26.56810760498047
2018-07-05,37.60499954223633,26.539880752563477
2018-07-06,37.834999084472656,26.70220375061035
2018-07-09,38.400001525878906,27.100955963134766
2018-07-10,38.685001373291016,27.302093505859375
2018-07-11,37.8650016784668,26.723371505737305
2018-07-12,37.93000030517578,26.76924705505371
2018-07-13,38.130001068115234,26.910398483276367
2018-07-16,37.689998626708984,26.59986114501953
2018-07-17,37.540000915527344,26.494003295898438
2018-07-18,37.564998626708984,26.511646270751953
2018-07-19,37.57500076293945,26.518705368041992
2018-07-20,37.44499969482422,26.426950454711914
2018-07-23,37.279998779296875,26.31051254272461
2018-07-24,37.75,26.642213821411133
2018-07-25,38.064998626708984,26.864526748657227
2018-07-26,38.47999954223633,27.15741729736328
2018-07-27,38.314998626708984,27.040964126586914
2018-07-30,38.630001068115234,27.26327896118164
2018-07-31,38.560001373291016,27.213878631591797
2018-08-01,38.025001525878906,26.8362979888916
2018-08-02,37.814998626708984,26.68808937072754
2018-08-03,37.619998931884766,26.55045509338379
2018-08-06,37.7599983215332,26.649274826049805
2018-08-07,38.040000915527344,26.846879959106445
2018-08-08,37.76499938964844,26.652801513671875
2018-08-09,37.415000915527344,26.40578842163086
2018-08-10,37.64500045776367,26.56810760498047
2018-08-13,37.165000915527344,26.229345321655273
2018-08-14,37.255001068115234,26.292871475219727
2018-08-15,35.95500183105469,25.37537956237793
2018-08-16,36.21500015258789,25.55887222290039
2018-08-17,36.30500030517578,25.622398376464844
2018-08-20,36.54999923706055,25.795307159423828
2018-08-21,36.73500061035156,25.92586326599121
2018-08-22,37.17499923706055,26.236406326293945
2018-08-23,37.0,26.112899780273438
2018-08-24,37.27000045776367,26.303457260131836
2018-08-27,37.54499816894531,26.497529983520508
2018-08-28,37.3849983215332,26.384613037109375
2018-08-29,37.6150016784668,26.546934127807617
2018-08-30,37.5099983215332,26.47283363342285
2018-08-31,37.220001220703125,26.268163681030273
2018-09-04,37.13999938964844,26.211702346801758
2018-09-05,37.09000015258789,26.17641830444336
2018-09-06,36.404998779296875,25.692975997924805
2018-09-07,36.400001525878906,25.68944549560547
2018-09-10,36.3849983215332,25.678850173950195
2018-09-11,36.72999954223633,25.92234230041504
2018-09-12,36.91999816894531,26.05643081665039
2018-09-13,36.935001373291016,26.067020416259766
2018-09-14,37.130001068115234,26.204641342163086
2018-09-17,37.189998626708984,26.24698257446289
2018-09-18,37.435001373291016,26.419897079467773
2018-09-19,37.54999923706055,26.501056671142578
2018-09-20,37.560001373291016,26.508119583129883
2018-09-21,37.54999923706055,26.68328094482422
2018-09-24,38.099998474121094,27.074108123779297
2018-09-25,38.345001220703125,27.248212814331055
2018-09-26,37.974998474121094,26.98529052734375
2018-09-27,37.974998474121094,26.98529052734375
2018-09-28,37.869998931884766,26.910676956176758
2018-10-01,38.39500045776367,27.283737182617188
2018-10-02,38.435001373291016,27.312179565429688
2018-10-03,38.744998931884766,27.532455444335938
2018-10-04,38.584999084472656,27.41876792907715
2018-10-05,38.58000183105469,27.41520881652832
2018-10-08,38.54999923706055,27.393898010253906
2018-10-09,38.89500045776367,27.63905143737793
2018-10-10,37.67499923706055,26.772109985351562
2018-10-11,36.400001525878906,25.8660888671875
2018-10-12,36.5,25.937149047851562
2018-10-15,36.19499969482422,25.720409393310547
2018-10-16,36.494998931884766,25.933597564697266
2018-10-17,36.26499938964844,25.770158767700195
2018-10-18,36.084999084472656,25.642244338989258
2018-10-19,35.76499938964844,25.41484832763672
2018-10-22,35.369998931884766,25.13416290283203
2018-10-23,34.44499969482422,24.47684669494629
2018-10-24,33.084999084472656,23.510417938232422
2018-10-25,33.4900016784668,23.7982234954834
2018-10-26,33.2400016784668,23.620567321777344
2018-10-29,32.619998931884766,23.179988861083984
2018-10-30,33.375,23.71650505065918
2018-10-31,33.58000183105469,23.862178802490234
2018-11-01,33.8650016784668,24.064697265625
2018-11-02,33.779998779296875,24.00429344177246
2018-11-05,34.345001220703125,24.405790328979492
2018-11-06,34.505001068115234,24.519487380981445
2018-11-07,35.06999969482422,24.920978546142578
2018-11-08,34.310001373291016,24.380918502807617
2018-11-09,34.25,24.338279724121094
2018-11-12,33.540000915527344,23.83375358581543
2018-11-13,32.77000045776367,23.28658103942871
2018-11-14,32.71500015258789,23.247499465942383
2018-11-15,33.19499969482422,23.588590621948242
2018-11-16,33.59000015258789,23.869281768798828
2018-11-19,33.58000183105469,23.862178802490234
2018-11-20,32.47999954223633,23.080509185791016
2018-11-21,32.9900016784668,23.442916870117188
2018-11-23,31.954999923706055,22.707441329956055
2018-11-26,32.435001373291016,23.048538208007812
2018-11-27,32.345001220703125,22.984569549560547
2018-11-28,32.900001525878906,23.378965377807617
2018-11-29,33.1150016784668,23.531736373901367
2018-11-30,33.05500030517578,23.48910903930664
2018-12-03,33.790000915527344,24.011404037475586
2018-12-04,32.81999969482422,23.322113037109375
2018-12-06,32.21500015258789,22.89219856262207
2018-12-07,32.03499984741211,22.764291763305664
2018-12-10,31.53499984741211,22.408985137939453
2018-12-11,31.545000076293945,22.416088104248047
2018-12-12,31.670000076293945,22.50491714477539
2018-12-13,31.770000457763672,22.575979232788086
2018-12-14,31.045000076293945,22.060787200927734
2018-12-17,30.479999542236328,21.659297943115234
2018-12-18,29.760000228881836,21.147655487060547
2018-12-19,29.40999984741211,20.89894676208496
2018-12-20,28.594999313354492,20.31980323791504
2018-12-21,28.05500030517578,20.12255859375
2018-12-24,26.920000076293945,19.308475494384766
2018-12-26,28.594999313354492,20.509872436523438
2018-12-27,28.7450008392334,20.61745834350586
2018-12-28,28.524999618530273,20.45966339111328
2018-12-31,28.674999237060547,20.567258834838867
2019-01-02,29.239999771118164,20.972501754760742
2019-01-03,28.950000762939453,20.76449966430664
2019-01-04,29.934999465942383,21.47098731994629
2019-01-07,30.3799991607666,21.790170669555664
2019-01-08,30.614999771118164,21.958728790283203
2019-01-09,31.100000381469727,22.306594848632812
2019-01-10,31.190000534057617,22.371143341064453
2019-01-11,31.0049991607666,22.238449096679688
2019-01-14,30.93000030517578,22.184663772583008
2019-01-15,31.040000915527344,22.263559341430664
2019-01-16,31.0,22.234865188598633
2019-01-17,31.28499984741211,22.439289093017578
2019-01-18,31.920000076293945,22.894737243652344
2019-01-22,31.225000381469727,22.39625358581543
2019-01-23,30.905000686645508,22.166725158691406
2019-01-24,31.06999969482422,22.285072326660156
2019-01-25,31.46500015258789,22.568389892578125
2019-01-28,31.149999618530273,22.342453002929688
2019-01-29,31.2450008392334,22.410593032836914
2019-01-30,31.684999465942383,22.726184844970703
2019-01-31,31.889999389648438,22.87322425842285
2019-02-01,32.44499969482422,23.27130126953125
2019-02-04,32.52000045776367,23.325098037719727
2019-02-05,32.56999969482422,23.3609561920166
2019-02-06,32.33000183105469,23.18882179260254
2019-02-07,31.614999771118164,22.675981521606445
2019-02-08,31.469999313354492,22.571977615356445
2019-02-11,31.6200008392334,22.679569244384766
2019-02-12,32.02000045776367,22.96647071838379
2019-02-13,32.41999816894531,23.25336456298828
2019-02-14,32.53499984741211,23.335847854614258
2019-02-15,33.060001373291016,23.712413787841797
2019-02-19,33.15999984741211,23.784135818481445
2019-02-20,33.29999923706055,23.884552001953125
2019-02-21,32.78499984741211,23.515167236328125
2019-02-22,32.880001068115234,23.58330535888672
2019-02-25,32.935001373291016,23.622756958007812
2019-02-26,32.83000183105469,23.547443389892578
2019-02-27,32.95500183105469,23.637102127075195
2019-02-28,32.625,23.400409698486328
2019-03-01,33.224998474121094,23.83075523376465
2019-03-04,33.28499984741211,23.87379264831543
2019-03-05,33.17499923706055,23.794893264770508
2019-03-06,32.755001068115234,23.493650436401367
2019-03-07,32.560001373291016,23.353792190551758
2019-03-08,31.950000762939453,22.916259765625
2019-03-11,32.45000076293945,23.274890899658203
2019-03-12,32.65999984741211,23.42551040649414
2019-03-13,32.9900016784668,23.662202835083008
2019-03-14,33.025001525878906,23.687305450439453
2019-03-15,32.755001068115234,23.67790985107422
2019-03-18,33.209999084472656,24.00681495666504
2019-03-19,33.119998931884766,23.941755294799805
2019-03-20,33.40999984741211,24.151391983032227
2019-03-21,33.64500045776367,24.321266174316406
2019-03-22,32.73500061035156,23.663454055786133
2019-03-25,32.75,23.674293518066406
2019-03-26,33.220001220703125,24.014047622680664
2019-03-27,32.98500061035156,23.84417152404785
2019-03-28,33.11000061035156,23.934528350830078
2019-03-29,33.060001373291016,23.898386001586914
2019-04-01,33.494998931884766,24.212839126586914
2019-04-02,33.26499938964844,24.04657745361328
2019-04-03,32.94499969482422,23.81525421142578
2019-04-04,33.220001220703125,24.014047622680664
2019-04-05,33.80500030517578,24.43692970275879
2019-04-08,33.95500183105469,24.54536247253418
2019-04-09,33.540000915527344,24.24536895751953
2019-04-10,33.665000915527344,24.335731506347656
2019-04-11,33.689998626708984,24.353796005249023
2019-04-12,33.779998779296875,24.418859481811523
2019-04-15,33.58000183105469,24.27428436279297
2019-04-16,33.79999923706055,24.433317184448242
2019-04-17,33.755001068115234,24.400789260864258
2019-04-18,33.595001220703125,24.285127639770508
2019-04-22,34.30500030517578,24.798376083374023
2019-04-23,34.25,24.75861358642578
2019-04-24,33.650001525878906,24.324888229370117
2019-04-25,33.54499816894531,24.248985290527344
2019-04-26,33.11000061035156,23.934528350830078
2019-04-29,33.08000183105469,23.91284942626953
2019-04-30,33.05500030517578,23.894775390625
2019-05-01,32.39500045776367,23.417673110961914
2019-05-02,31.829999923706055,23.00925064086914
2019-05-03,32.125,23.222490310668945
2019-05-06,32.154998779296875,23.244178771972656
2019-05-07,31.875,23.04177474975586
2019-05-08,31.875,23.04177474975586
2019-05-09,31.875,23.04177474975586
2019-05-10,32.025001525878906,23.150203704833984
2019-05-13,31.475000381469727,22.75262451171875
2019-05-14,31.860000610351562,23.030929565429688
2019-05-15,32.025001525878906,23.150203704833984
2019-05-16,32.20000076293945,23.276716232299805
2019-05-17,31.875,23.04177474975586
2019-05-20,31.889999389648438,23.052616119384766
2019-05-21,32.2599983215332,23.32008171081543
2019-05-22,31.760000228881836,22.958641052246094
2019-05-23,30.69499969482422,22.18877601623535
2019-05-24,30.809999465942383,22.271909713745117
2019-05-28,30.489999771118164,22.040592193603516
2019-05-29,30.295000076293945,21.899625778198242
2019-05-30,29.90999984741211,21.62131690979004
2019-05-31,29.385000228881836,21.241804122924805
2019-06-03,29.760000228881836,21.51288414001465
2019-06-04,30.274999618530273,21.88516616821289
2019-06-05,29.940000534057617,21.64300537109375
2019-06-06,30.4950008392334,22.044208526611328
2019-06-07,30.635000228881836,22.145404815673828
2019-06-10,30.725000381469727,22.21046257019043
2019-06-11,30.78499984741211,22.253833770751953
2019-06-12,30.350000381469727,21.93938636779785
2019-06-13,30.704999923706055,22.196002960205078
2019-06-14,30.5049991607666,22.051429748535156
2019-06-17,30.760000228881836,22.23576545715332
2019-06-18,31.184999465942383,22.542987823486328
2019-06-19,31.149999618530273,22.51769256591797
2019-06-20,31.84000015258789,23.0164737701416
2019-06-21,31.780000686645508,23.18279457092285
2019-06-24,31.4950008392334,22.974889755249023
2019-06-25,31.2450008392334,22.792518615722656
2019-06-26,31.725000381469727,23.142675399780273
2019-06-27,31.489999771118164,22.97124671936035
2019-06-28,31.854999542236328,23.237504959106445
2019-07-01,31.885000228881836,23.259389877319336
2019-07-02,31.375,22.887357711791992
2019-07-03,31.5,22.978544235229492
2019-07-05,31.545000076293945,23.011371612548828
2019-07-08,31.59000015258789,23.044193267822266
2019-07-09,31.614999771118164,23.062427520751953
2019-07-10,32.02000045776367,23.357872009277344
2019-07-11,32.084999084472656,23.40528678894043
2019-07-12,32.220001220703125,23.503768920898438
2019-07-15,31.93000030517578,23.292221069335938
2019-07-16,31.59000015258789,23.044193267822266
2019-07-17,31.229999542236328,22.781587600708008
2019-07-18,31.235000610351562,22.785226821899414
2019-07-19,31.3799991607666,22.891006469726562
2019-07-22,31.524999618530273,22.996774673461914
2019-07-23,31.610000610351562,23.05878257751465
2019-07-24,31.7450008392334,23.157262802124023
2019-07-25,31.385000228881836,22.894655227661133
2019-07-26,31.225000381469727,22.777935028076172
2019-07-29,31.100000381469727,22.686752319335938
2019-07-30,31.450000762939453,22.942068099975586
2019-07-31,31.350000381469727,22.86911964416504
2019-08-01,30.639999389648438,22.35118865966797
2019-08-02,30.200000762939453,22.03022003173828
2019-08-05,29.299999237060547,21.373689651489258
2019-08-06,29.264999389648438,21.348161697387695
2019-08-07,29.045000076293945,21.187673568725586
2019-08-08,29.8799991607666,21.79678726196289
2019-08-09,29.549999237060547,21.556060791015625
2019-08-12,29.200000762939453,21.300743103027344
2019-08-13,29.469999313354492,21.497703552246094
2019-08-14,28.315000534057617,20.655155181884766
2019-08-15,28.139999389648438,20.527498245239258
2019-08-16,28.510000228881836,20.797405242919922
2019-08-19,29.139999389648438,21.256975173950195
2019-08-20,28.895000457763672,21.0782527923584
2019-08-21,29.079999923706055,21.21320343017578
2019-08-22,28.950000762939453,21.11837387084961
2019-08-23,27.979999542236328,20.410776138305664
2019-08-26,28.100000381469727,20.49831771850586
2019-08-27,27.924999237060547,20.370662689208984
2019-08-28,28.325000762939453,20.66245460510254
2019-08-29,28.739999771118164,20.965181350708008
2019-08-30,28.739999771118164,20.965181350708008
2019-09-03,28.600000381469727,20.863059997558594
2019-09-04,29.0,21.154848098754883
2019-09-05,29.360000610351562,21.417457580566406
2019-09-06,29.514999389648438,21.530529022216797
2019-09-09,30.104999542236328,21.960920333862305
2019-09-10,30.459999084472656,22.21988296508789
2019-09-11,30.489999771118164,22.241769790649414
2019-09-12,30.299999237060547,22.103166580200195
2019-09-13,30.540000915527344,22.278240203857422
2019-09-16,31.565000534057617,23.025959014892578
2019-09-17,31.125,22.704988479614258
2019-09-18,30.975000381469727,22.595569610595703
2019-09-19,30.895000457763672,22.53721046447754
2019-09-20,30.639999389648438,22.55561065673828
2019-09-23,30.649999618530273,22.56297492980957
2019-09-24,30.165000915527344,22.205944061279297
2019-09-25,30.21500015258789,22.24275016784668
2019-09-26,29.81999969482422,21.95197296142578
2019-09-27,29.815000534057617,21.94828987121582
2019-09-30,29.600000381469727,21.790016174316406
2019-10-01,28.915000915527344,21.28575897216797
2019-10-02,28.204999923706055,20.76308822631836
2019-10-03,28.510000228881836,20.98761558532715
2019-10-04,28.690000534057617,21.12012481689453
2019-10-07,28.434999465942383,20.932401657104492
2019-10-08,27.950000762939453,20.57537269592285
2019-10-09,28.204999923706055,20.76308822631836
2019-10-10,28.559999465942383,21.024417877197266
2019-10-11,28.94499969482422,21.307844161987305
2019-10-14,28.93000030517578,21.296796798706055
2019-10-15,29.049999237060547,21.385129928588867
2019-10-16,28.645000457763672,21.086994171142578
2019-10-17,28.665000915527344,21.101720809936523
2019-10-18,28.514999389648438,20.991296768188477
2019-10-21,29.024999618530273,21.366727828979492
2019-10-22,29.399999618530273,21.64278793334961
2019-10-23,29.645000457763672,21.823144912719727
2019-10-24,29.520000457763672,21.731124877929688
2019-10-25,29.760000228881836,21.907800674438477
2019-10-28,29.59000015258789,21.78265380859375
2019-10-29,29.709999084472656,21.870996475219727
2019-10-30,29.104999542236328,21.425617218017578
2019-10-31,28.979999542236328,21.333600997924805
2019-11-01,29.639999389648438,21.819461822509766
2019-11-04,30.604999542236328,22.529848098754883
2019-11-05,30.645000457763672,22.559295654296875
2019-11-06,30.020000457763672,22.099193572998047
2019-11-07,30.469999313354492,22.43047332763672
2019-11-08,30.344999313354492,22.338449478149414
2019-11-11,30.174999237060547,22.213300704956055
2019-11-12,30.020000457763672,22.099193572998047
2019-11-13,29.889999389648438,22.00349998474121
2019-11-14,29.809999465942383,21.944602966308594
2019-11-15,30.040000915527344,22.113924026489258
2019-11-18,29.674999237060547,21.84522819519043
2019-11-19,29.235000610351562,21.521320343017578
2019-11-20,29.530000686645508,21.738483428955078
2019-11-21,30.014999389648438,22.095516204833984
2019-11-22,29.915000915527344,22.02190589904785
2019-11-25,29.94499969482422,22.043989181518555
2019-11-26,29.670000076293945,21.8415470123291
2019-11-27,29.7450008392334,21.896757125854492
2019-11-29,29.44499969482422,21.675907135009766
2019-12-02,29.44499969482422,21.675907135009766
2019-12-03,29.0049991607666,21.35201072692871
2019-12-04,29.440000534057617,21.672229766845703
2019-12-05,29.299999237060547,21.569169998168945
2019-12-06,29.860000610351562,21.981412887573242
2019-12-09,29.825000762939453,21.955652236938477
2019-12-10,29.885000228881836,21.99981689453125
2019-12-11,29.834999084472656,21.9630126953125
2019-12-12,30.385000228881836,22.367887496948242
2019-12-13,30.155000686645508,22.198579788208008
2019-12-16,30.559999465942383,22.496721267700195
2019-12-17,30.579999923706055,22.511444091796875
2019-12-18,30.69499969482422,22.59610366821289
2019-12-19,30.684999465942383,22.5887393951416
2019-12-20,30.68000030517578,22.805421829223633
2019-12-23,30.9950008392334,23.039573669433594
2019-12-24,30.979999542236328,23.028417587280273
2019-12-26,30.969999313354492,23.020986557006836
2019-12-27,30.84000015258789,22.924352645874023
2019-12-30,29.850000381469727,22.85201072692871
2019-12-31,30.020000457763672,22.982149124145508
2020-01-02,30.290000915527344,23.188854217529297
2020-01-03,30.200000762939453,23.119953155517578
2020-01-06,30.434999465942383,23.29985809326172
2020-01-07,30.354999542236328,23.23861312866211
2020-01-08,29.854999542236328,22.855836868286133
2020-01-09,30.075000762939453,23.024255752563477
2020-01-10,29.905000686645508,22.89410972595215
2020-01-13,29.915000915527344,22.90176773071289
2020-01-14,29.920000076293945,22.905597686767578
2020-01-15,29.700000762939453,22.737173080444336
2020-01-16,29.75,22.775447845458984
2020-01-17,29.559999465942383,22.62999725341797
2020-01-21,29.030000686645508,22.224246978759766
2020-01-22,28.75,22.0098876953125
2020-01-23,28.639999389648438,21.925678253173828
2020-01-24,28.309999465942383,21.67304039001465
2020-01-27,27.524999618530273,21.07207489013672
2020-01-28,27.649999618530273,21.167774200439453
2020-01-29,27.360000610351562,20.94576072692871
2020-01-30,27.579999923706055,21.114177703857422
2020-01-31,26.719999313354492,20.455799102783203
2020-02-03,26.3700008392334,20.18785285949707
2020-02-04,26.46500015258789,20.260578155517578
2020-02-05,27.459999084472656,21.02231216430664
2020-02-06,27.18000030517578,20.80795669555664
2020-02-07,26.989999771118164,20.662504196166992
2020-02-10,26.854999542236328,20.55915069580078
2020-02-11,27.155000686645508,20.788816452026367
2020-02-12,27.520000457763672,21.068246841430664
2020-02-13,27.434999465942383,21.003173828125
2020-02-14,27.290000915527344,20.892168045043945
2020-02-18,27.065000534057617,20.719919204711914
2020-02-19,27.424999237060547,20.995519638061523
2020-02-20,27.395000457763672,20.972549438476562
2020-02-21,27.06999969482422,20.72374153137207
2020-02-24,25.81999969482422,19.766794204711914
2020-02-25,24.68000030517578,18.894052505493164
2020-02-26,23.934999465942383,18.323715209960938
2020-02-27,22.655000686645508,17.34379005432129
2020-02-28,22.635000228881836,17.328479766845703
2020-03-02,23.549999237060547,18.028966903686523
2020-03-03,22.829999923706055,17.477766036987305
2020-03-04,23.3700008392334,17.891172409057617
2020-03-05,22.514999389648438,17.236608505249023
2020-03-06,21.25,16.268178939819336
2020-03-09,16.969999313354492,12.99157428741455
2020-03-10,17.774999618530273,13.607853889465332
2020-03-11,16.834999084472656,12.888225555419922
2020-03-12,14.734999656677246,11.280545234680176
2020-03-13,16.094999313354492,12.321707725524902
2020-03-16,13.904999732971191,10.64513111114502
2020-03-17,14.0,10.71785831451416
2020-03-18,11.989999771118164,9.179079055786133
2020-03-19,12.805000305175781,9.80301284790039
2020-03-20,12.930000305175781,9.898710250854492
2020-03-23,11.78499984741211,9.224027633666992
2020-03-24,13.675000190734863,10.703315734863281
2020-03-25,14.319999694824219,11.208150863647461
2020-03-26,15.194999694824219,11.8930082321167
2020-03-27,14.164999961853027,11.086832046508789
2020-03-30,14.3100004196167,11.200325965881348
2020-03-31,14.529999732971191,11.372517585754395
2020-04-01,13.8100004196167,10.808979034423828
2020-04-02,15.074999809265137,11.799084663391113
2020-04-03,14.914999961853027,11.673852920532227
2020-04-06,15.704999923706055,12.292181968688965
2020-04-07,16.040000915527344,12.554381370544434
2020-04-08,17.110000610351562,13.391862869262695
2020-04-09,16.954999923706055,13.27054214477539
2020-04-13,16.899999618530273,13.227497100830078
2020-04-14,16.81999969482422,13.16487979888916
2020-04-15,16.030000686645508,12.54655647277832
2020-04-16,15.345000267028809,12.01041316986084
2020-04-17,16.975000381469727,13.286200523376465
2020-04-20,16.44499969482422,12.871371269226074
2020-04-21,16.155000686645508,12.644392967224121
2020-04-22,16.729999542236328,13.094439506530762
2020-04-23,17.270000457763672,13.517093658447266
2020-04-24,17.309999465942383,13.54840087890625
2020-04-27,17.684999465942383,13.841913223266602
2020-04-28,18.09000015258789,14.158904075622559
2020-04-29,19.43000030517578,15.207710266113281
2020-04-30,19.0,14.87115478515625
2020-05-01,17.924999237060547,14.029756546020508
2020-05-04,18.545000076293945,14.51502513885498
2020-05-05,18.559999465942383,14.526765823364258
2020-05-06,18.075000762939453,14.147160530090332
2020-05-07,18.545000076293945,14.51502513885498
2020-05-08,19.389999389648438,15.176401138305664
2020-05-11,19.049999237060547,14.910284042358398
2020-05-12,18.71500015258789,14.648085594177246
2020-05-13,17.864999771118164,13.982795715332031
2020-05-14,18.065000534057617,14.139335632324219
2020-05-15,17.9950008392334,14.084548950195312
2020-05-18,19.46500015258789,15.235102653503418
2020-05-19,18.920000076293945,14.808537483215332
2020-05-20,19.674999237060547,15.399468421936035
2020-05-21,19.360000610351562,15.152921676635742
2020-05-22,19.239999771118164,15.058996200561523
2020-05-26,19.774999618530273,15.477738380432129
2020-05-27,20.030000686645508,15.677325248718262
2020-05-28,19.469999313354492,15.239014625549316
2020-05-29,19.3799991607666,15.168577194213867
2020-06-01,19.719999313354492,15.434691429138184
2020-06-02,20.270000457763672,15.865168571472168
2020-06-03,20.864999771118164,16.330873489379883
2020-06-04,20.8700008392334,16.33478546142578
2020-06-05,22.420000076293945,17.547958374023438
2020-06-08,23.43000030517578,18.338478088378906
2020-06-09,22.549999237060547,17.64970588684082
2020-06-10,21.440000534057617,16.780921936035156
2020-06-11,19.420000076293945,15.199883460998535
2020-06-12,19.90999984741211,15.583399772644043
2020-06-15,19.969999313354492,15.63036060333252
2020-06-16,20.545000076293945,16.080411911010742
2020-06-17,19.844999313354492,15.532526016235352
2020-06-18,20.09000015258789,15.724286079406738
2020-06-19,19.78499984741211,15.485560417175293
2020-06-22,19.625,15.557306289672852
2020-06-23,19.645000457763672,15.573160171508789
2020-06-24,18.55500030517578,14.709088325500488
2020-06-25,18.90999984741211,14.990506172180176
2020-06-26,18.2549991607666,14.471266746520996
2020-06-29,18.5,14.665483474731445
2020-06-30,18.924999237060547,15.002397537231445
2020-07-01,18.46500015258789,14.637741088867188
2020-07-02,18.670000076293945,14.800248146057129
2020-07-06,18.725000381469727,14.843846321105957
2020-07-07,18.1299991607666,14.372177124023438
2020-07-08,18.114999771118164,14.360286712646484
2020-07-09,17.219999313354492,13.65079402923584
2020-07-10,17.770000457763672,14.08679485321045
2020-07-13,17.674999237060547,14.011483192443848
2020-07-14,18.295000076293945,14.502981185913086
2020-07-15,18.690000534057617,14.8161039352417
2020-07-16,18.604999542236328,14.748724937438965
2020-07-17,18.344999313354492,14.542613983154297
2020-07-20,18.040000915527344,14.300829887390137
2020-07-21,19.1299991607666,15.164905548095703
2020-07-22,18.895000457763672,14.978617668151855
2020-07-23,18.860000610351562,14.950870513916016
2020-07-24,18.7549991607666,14.867629051208496
2020-07-27,18.774999618530273,14.883487701416016
2020-07-28,18.454999923706055,14.62981128692627
2020-07-29,18.84000015258789,14.935014724731445
2020-07-30,18.100000381469727,14.348398208618164
2020-07-31,18.014999389648438,14.281010627746582
2020-08-03,18.079999923706055,14.332540512084961
2020-08-04,18.520000457763672,14.681339263916016
2020-08-05,18.71500015258789,14.835925102233887
2020-08-06,18.565000534057617,14.717015266418457
2020-08-07,18.59000015258789,14.736835479736328
2020-08-10,19.165000915527344,15.192651748657227
2020-08-11,19.100000381469727,15.141125679016113
2020-08-12,19.290000915527344,15.291740417480469
2020-08-13,18.915000915527344,14.994470596313477
2020-08-14,19.094999313354492,15.137158393859863
2020-08-17,18.985000610351562,15.049957275390625
2020-08-18,18.7450008392334,14.859707832336426
2020-08-19,18.530000686645508,14.6892671585083
2020-08-20,18.1299991607666,14.372177124023438
2020-08-21,18.014999389648438,14.281010627746582
2020-08-24,18.510000228881836,14.673416137695312
2020-08-25,18.25,14.467306137084961
2020-08-26,17.864999771118164,14.162104606628418
2020-08-27,17.899999618530273,14.189850807189941
2020-08-28,18.219999313354492,14.443521499633789
2020-08-31,17.825000762939453,14.130396842956543
2020-09-01,17.704999923706055,14.03526782989502
2020-09-02,17.6200008392334,13.967883110046387
2020-09-03,17.489999771118164,13.864831924438477
2020-09-04,17.434999465942383,13.82122802734375
2020-09-08,16.799999237060547,13.317849159240723
2020-09-09,16.915000915527344,13.409012794494629
2020-09-10,16.295000076293945,12.917518615722656
2020-09-11,16.309999465942383,12.929408073425293
2020-09-14,16.434999465942383,13.0285005569458
2020-09-15,16.315000534057617,12.933372497558594
2020-09-16,16.969999313354492,13.452608108520508
2020-09-17,16.9950008392334,13.472428321838379
2020-09-18,16.80500030517578,13.321810722351074
2020-09-21,15.984999656677246,12.88024616241455
2020-09-22,15.819999694824219,12.747293472290039
2020-09-23,15.104999542236328,12.171167373657227
2020-09-24,15.100000381469727,12.167141914367676
2020-09-25,15.09000015258789,12.159085273742676
2020-09-28,15.444999694824219,12.445131301879883
2020-09-29,15.020000457763672,12.102679252624512
2020-09-30,14.975000381469727,12.06641960144043
2020-10-01,14.515000343322754,11.695765495300293
2020-10-02,14.654999732971191,11.808572769165039
2020-10-05,15.095000267028809,12.16311264038086
2020-10-06,14.869999885559082,11.981812477111816
2020-10-07,15.079999923706055,12.151026725769043
2020-10-08,15.645000457763672,12.606285095214844
2020-10-09,15.395000457763672,12.404844284057617
2020-10-12,15.4350004196167,12.43707275390625
2020-10-13,15.194999694824219,12.243692398071289
2020-10-14,15.260000228881836,12.296065330505371
2020-10-15,15.444999694824219,12.445131301879883
2020-10-16,15.095000267028809,12.16311264038086
2020-10-19,14.774999618530273,11.90526294708252
2020-10-20,14.949999809265137,12.046274185180664
2020-10-21,14.664999961853027,11.816631317138672
2020-10-22,15.270000457763672,12.304121017456055
2020-10-23,15.194999694824219,12.243692398071289
2020-10-26,14.649999618530273,11.804545402526855
2020-10-27,14.460000038146973,11.651446342468262
2020-10-28,13.854999542236328,11.163955688476562
2020-10-29,14.279999732971191,11.506407737731934
2020-10-30,14.359999656677246,11.570871353149414
2020-11-02,14.850000381469727,11.965697288513184
2020-11-03,14.765000343322754,11.897209167480469
2020-11-04,14.78499984741211,11.913322448730469
2020-11-05,14.78499984741211,11.913322448730469
2020-11-06,14.46500015258789,11.655478477478027
2020-11-09,16.530000686645508,13.319395065307617
2020-11-10,17.065000534057617,13.750482559204102
2020-11-11,16.889999389648438,13.609469413757324
2020-11-12,16.344999313354492,13.170324325561523
2020-11-13,16.940000534057617,13.649758338928223
2020-11-16,18.05500030517578,14.548192977905273
2020-11-17,18.239999771118164,14.697263717651367
2020-11-18,17.709999084472656,14.270203590393066
2020-11-19,18.0,14.503877639770508
2020-11-20,17.905000686645508,14.427327156066895
2020-11-23,19.170000076293945,15.446627616882324
2020-11-24,20.155000686645508,16.240314483642578
2020-11-25,19.684999465942383,15.861600875854492
2020-11-27,19.454999923706055,15.676270484924316
2020-11-30,18.3799991607666,14.810067176818848
2020-12-01,18.46500015258789,14.878561973571777
2020-12-02,19.065000534057617,15.362021446228027
2020-12-03,19.264999389648438,15.52318286895752
2020-12-04,20.315000534057617,16.36923599243164
2020-12-07,19.84000015258789,15.986495971679688
2020-12-08,20.135000228881836,16.224197387695312
2020-12-09,20.18000030517578,16.260459899902344
2020-12-10,20.799999237060547,16.760028839111328
2020-12-11,20.559999465942383,16.566648483276367
2020-12-14,19.84000015258789,15.986495971679688
2020-12-15,20.229999542236328,16.30074119567871
2020-12-16,20.1299991607666,16.220163345336914
2020-12-17,20.03499984741211,16.14362144470215
2020-12-18,19.700000762939453,15.873687744140625
2020-12-21,19.065000534057617,15.567481994628906
2020-12-22,18.7450008392334,15.306190490722656
2020-12-23,19.15999984741211,15.645051002502441
2020-12-24,19.059999465942383,15.563399314880371
2020-12-28,18.940000534057617,15.465409278869629
2020-12-29,18.815000534057617,15.363346099853516
2020-12-30,19.110000610351562,15.604227066040039
2020-12-31,18.950000762939453,15.473578453063965
2021-01-04,18.979999542236328,15.49807071685791
2021-01-05,19.829999923706055,16.192142486572266
2021-01-06,20.434999465942383,16.686147689819336
2021-01-07,20.735000610351562,16.931114196777344
2021-01-08,20.709999084472656,16.91069984436035
2021-01-11,21.03499984741211,17.176084518432617
2021-01-12,21.770000457763672,17.77623748779297
2021-01-13,21.600000381469727,17.637426376342773
2021-01-14,22.239999771118164,18.160017013549805
2021-01-15,21.375,17.45370864868164
2021-01-19,21.80500030517578,17.804821014404297
2021-01-20,21.885000228881836,17.870147705078125
2021-01-21,21.145000457763672,17.265899658203125
2021-01-22,21.03499984741211,17.176084518432617
2021-01-25,20.81999969482422,17.000526428222656
2021-01-26,20.375,16.637163162231445
2021-01-27,20.100000381469727,16.41261100769043
2021-01-28,20.334999084472656,16.6044979095459
2021-01-29,19.65999984741211,16.053327560424805
2021-02-01,19.799999237060547,16.16764259338379
2021-02-02,20.014999389648438,16.343196868896484
2021-02-03,20.8700008392334,17.041353225708008
2021-02-04,21.100000381469727,17.229158401489258
2021-02-05,21.280000686645508,17.376134872436523
2021-02-08,22.170000076293945,18.10286521911621
2021-02-09,21.934999465942383,17.910968780517578
2021-02-10,22.354999542236328,18.253923416137695
2021-02-11,22.010000228881836,17.972213745117188
2021-02-12,22.334999084472656,18.237592697143555
2021-02-16,22.895000457763672,18.69485855102539
2021-02-17,23.235000610351562,18.97248649597168
2021-02-18,22.709999084472656,18.54379653930664
2021-02-19,23.09000015258789,18.854089736938477
2021-02-22,23.889999389648438,19.507320404052734
2021-02-23,24.28499984741211,19.829858779907227
2021-02-24,25.145000457763672,20.532093048095703
2021-02-25,24.65999984741211,20.136064529418945
2021-02-26,24.075000762939453,19.658384323120117
2021-03-01,24.700000762939453,20.16872787475586
2021-03-02,24.565000534057617,20.05849266052246
2021-03-03,24.924999237060547,20.352447509765625
2021-03-04,25.520000457763672,20.83829689025879
2021-03-05,26.475000381469727,21.61810302734375
2021-03-08,26.524999618530273,21.65892791748047
2021-03-09,26.059999465942383,21.279233932495117
2021-03-10,26.719999313354492,21.818151473999023
2021-03-11,26.729999542236328,21.826318740844727
2021-03-12,26.78499984741211,21.871227264404297
2021-03-15,26.479999542236328,21.622177124023438
2021-03-16,25.725000381469727,21.005687713623047
2021-03-17,25.924999237060547,21.16899299621582
2021-03-18,24.760000228881836,20.217721939086914
2021-03-19,24.764999389648438,20.2218017578125
2021-03-22,24.270000457763672,20.02787971496582
2021-03-23,23.915000915527344,19.73493194580078
2021-03-24,24.514999389648438,20.23005485534668
2021-03-25,24.604999542236328,20.304323196411133
2021-03-26,25.21500015258789,20.807701110839844
2021-03-29,24.915000915527344,20.560142517089844
2021-03-30,24.700000762939453,20.382720947265625
2021-03-31,24.530000686645508,20.2424373626709
2021-04-01,25.155000686645508,20.75819206237793
2021-04-05,24.55500030517578,20.26306915283203
2021-04-06,24.489999771118164,20.20942497253418
2021-04-07,24.575000762939453,20.279569625854492
2021-04-08,24.2549991607666,20.015499114990234
2021-04-09,24.094999313354492,19.88346290588379
2021-04-12,23.905000686645508,19.726680755615234
2021-04-13,23.93000030517578,19.747310638427734
2021-04-14,24.594999313354492,20.296070098876953
2021-04-15,24.395000457763672,20.131031036376953
2021-04-16,24.200000762939453,19.97011375427246
2021-04-19,24.174999237060547,19.949481964111328
2021-04-20,23.53499984741211,19.421348571777344
2021-04-21,23.834999084472656,19.668909072875977
2021-04-22,23.55500030517578,19.43785285949707
2021-04-23,23.770000457763672,19.61527442932129
2021-04-26,23.93000030517578,19.747310638427734
2021-04-27,24.219999313354492,19.986618041992188
2021-04-28,25.05500030517578,20.675668716430664
2021-04-29,25.334999084472656,20.9067325592041
2021-04-30,24.69499969482422,20.37859535217285
2021-05-03,25.375,20.939735412597656
2021-05-04,25.389999389648438,20.952117919921875
2021-05-05,26.209999084472656,21.6287841796875
2021-05-06,26.344999313354492,21.740188598632812
2021-05-07,26.815000534057617,22.12804412841797
2021-05-10,26.825000762939453,22.13629150390625
2021-05-11,26.135000228881836,21.56690216064453
2021-05-12,26.260000228881836,21.67005157470703
2021-05-13,25.940000534057617,21.405982971191406
2021-05-14,26.7450008392334,22.070280075073242
2021-05-17,27.364999771118164,22.5819091796875
2021-05-18,26.729999542236328,22.057899475097656
2021-05-19,26.065000534057617,21.509132385253906
2021-05-20,26.024999618530273,21.476125717163086
2021-05-21,26.079999923706055,21.521509170532227
2021-05-24,26.34000015258789,21.736064910888672
2021-05-25,25.80500030517578,21.294578552246094
2021-05-26,26.03499984741211,21.484373092651367
2021-05-27,26.05500030517578,21.50088119506836
2021-05-28,26.104999542236328,21.54214096069336
2021-06-01,27.110000610351562,22.37148094177246
2021-06-02,27.614999771118164,22.7882137298584
2021-06-03,27.690000534057617,22.850099563598633
2021-06-04,27.875,23.002765655517578
2021-06-07,27.7549991607666,22.903743743896484
2021-06-08,27.9950008392334,23.10179328918457
2021-06-09,27.81999969482422,22.957374572753906
2021-06-10,27.78499984741211,22.928491592407227
2021-06-11,27.690000534057617,22.850099563598633
2021-06-14,27.56999969482422,22.75107765197754
2021-06-15,28.094999313354492,23.184310913085938
2021-06-16,27.94499969482422,23.060529708862305
2021-06-17,26.9950008392334,22.276580810546875
2021-06-18,26.19499969482422,21.61641502380371
2021-06-21,27.03499984741211,22.5375919342041
2021-06-22,27.21500015258789,22.68764877319336
2021-06-23,27.290000915527344,22.750167846679688
2021-06-24,27.524999618530273,22.946075439453125
2021-06-25,27.670000076293945,23.066953659057617
2021-06-28,26.735000610351562,22.28749656677246
2021-06-29,26.604999542236328,22.179121017456055
2021-06-30,26.934999465942383,22.454227447509766
2021-07-01,27.405000686645508,22.846038818359375
2021-07-02,27.344999313354492,22.7960205078125
2021-07-06,26.454999923706055,22.054075241088867
2021-07-07,26.024999618530273,21.69561004638672
2021-07-08,25.875,21.570560455322266
2021-07-09,26.424999237060547,22.029064178466797
2021-07-12,26.385000228881836,21.99571418762207
2021-07-13,26.184999465942383,21.828989028930664
2021-07-14,25.405000686645508,21.17874526977539
2021-07-15,25.049999237060547,20.882801055908203
2021-07-16,24.34000015258789,20.29091453552246
2021-07-19,23.479999542236328,19.573978424072266
2021-07-20,23.795000076293945,19.83658218383789
2021-07-21,24.625,20.52850341796875
2021-07-22,24.350000381469727,20.29925537109375
2021-07-23,24.260000228881836,20.224224090576172
2021-07-26,24.860000610351562,20.72441291809082
2021-07-27,24.6299991607666,20.532672882080078
2021-07-28,24.854999542236328,20.72024154663086
2021-07-29,25.094999313354492,20.920312881469727
2021-07-30,24.69499969482422,20.58686065673828
2021-08-02,24.510000228881836,20.432634353637695
2021-08-03,24.93000030517578,20.782766342163086
2021-08-04,24.2549991607666,20.220056533813477
2021-08-05,24.530000686645508,20.44930648803711
2021-08-06,24.7549991607666,20.63687515258789
2021-08-09,24.405000686645508,20.345104217529297
2021-08-10,24.834999084472656,20.703571319580078
2021-08-11,25.030000686645508,20.866132736206055
2021-08-12,25.0049991607666,20.845287322998047
2021-08-13,24.709999084472656,20.599365234375
2021-08-16,24.2549991607666,20.220056533813477
2021-08-17,24.0049991607666,20.011642456054688
2021-08-18,23.5049991607666,19.594820022583008
2021-08-19,22.895000457763672,19.0862979888916
2021-08-20,22.94499969482422,19.12798500061035
2021-08-23,23.80500030517578,19.84491539001465
2021-08-24,24.200000762939453,20.17420768737793
2021-08-25,24.385000228881836,20.328428268432617
2021-08-26,24.014999389648438,20.01997947692871
2021-08-27,24.655000686645508,20.553516387939453
2021-08-30,24.364999771118164,20.311756134033203
2021-08-31,24.200000762939453,20.17420768737793
2021-09-01,23.844999313354492,19.878259658813477
2021-09-02,24.450000762939453,20.38262176513672
2021-09-03,24.309999465942383,20.265907287597656
2021-09-07,24.165000915527344,20.14503288269043
2021-09-08,23.854999542236328,19.886594772338867
2021-09-09,23.905000686645508,19.928281784057617
2021-09-10,23.895000457763672,19.919944763183594
2021-09-13,24.579999923706055,20.49099349975586
2021-09-14,24.225000381469727,20.195043563842773
2021-09-15,25.1299991607666,20.949493408203125
2021-09-16,24.844999313354492,20.711910247802734
2021-09-17,24.65999984741211,20.55768394470215
2021-09-20,23.6200008392334,19.92991828918457
2021-09-21,23.674999237060547,19.9763240814209
2021-09-22,24.405000686645508,20.59227752685547
2021-09-23,25.260000228881836,21.313701629638672
2021-09-24,25.450000762939453,21.474018096923828
2021-09-27,26.354999542236328,22.237634658813477
2021-09-28,26.44499969482422,22.31357192993164
2021-09-29,26.44499969482422,22.31357192993164
2021-09-30,26.045000076293945,21.97606658935547
2021-10-01,26.920000076293945,22.714366912841797
2021-10-04,27.360000610351562,23.085630416870117
2021-10-05,27.520000457763672,23.22062873840332
2021-10-06,27.229999542236328,22.975936889648438
2021-10-07,27.440000534057617,23.153127670288086
2021-10-08,28.28499984741211,23.866117477416992
2021-10-11,28.18000030517578,23.77751922607422
2021-10-12,28.204999923706055,23.798614501953125
2021-10-13,28.18000030517578,23.77751922607422
2021-10-14,28.524999618530273,24.068620681762695
2021-10-15,28.665000915527344,24.186752319335938
2021-10-18,28.684999465942383,24.203624725341797
2021-10-19,29.010000228881836,24.47784996032715
2021-10-20,29.2450008392334,24.676137924194336
2021-10-21,28.704999923706055,24.22049903869629
2021-10-22,28.975000381469727,24.448314666748047
2021-10-25,29.399999618530273,24.806922912597656
2021-10-26,29.56999969482422,24.95036506652832
2021-10-27,28.719999313354492,24.233154296875
2021-10-28,28.924999237060547,24.406129837036133
2021-10-29,28.735000610351562,24.24581527709961
2021-11-01,29.229999542236328,24.663476943969727
2021-11-02,28.954999923706055,24.431440353393555
2021-11-03,28.71500015258789,24.22894287109375
2021-11-04,28.7549991607666,24.26268768310547
2021-11-05,29.1299991607666,24.579105377197266
2021-11-08,29.395000457763672,24.802703857421875
2021-11-09,29.514999389648438,24.903953552246094
2021-11-10,28.735000610351562,24.24581527709961
2021-11-11,28.844999313354492,24.3386287689209
2021-11-12,28.774999618530273,24.27956199645996
2021-11-15,29.014999389648438,24.48206901550293
2021-11-16,29.059999465942383,24.520038604736328
2021-11-17,28.614999771118164,24.144559860229492
2021-11-18,28.44499969482422,24.001117706298828
2021-11-19,27.334999084472656,23.064533233642578
2021-11-22,27.81999969482422,23.473758697509766
2021-11-23,28.674999237060547,24.195186614990234
2021-11-24,28.954999923706055,24.431440353393555
2021-11-26,27.790000915527344,23.448448181152344
2021-11-29,27.950000762939453,23.583450317382812
2021-11-30,27.295000076293945,23.030776977539062
2021-12-01,27.0049991607666,22.786083221435547
2021-12-02,27.790000915527344,23.448448181152344
2021-12-03,27.56999969482422,23.2628173828125
2021-12-06,27.979999542236328,23.608760833740234
2021-12-07,28.635000228881836,24.16143226623535
2021-12-08,28.6299991607666,24.157215118408203
2021-12-09,28.40999984741211,23.971590042114258
2021-12-10,28.6200008392334,24.14877700805664
2021-12-13,27.825000762939453,23.477983474731445
2021-12-14,27.709999084472656,23.38094139099121
2021-12-15,27.575000762939453,23.26703643798828
2021-12-16,27.75,23.414701461791992
2021-12-17,27.184999465942383,22.937965393066406
2021-12-20,26.5049991607666,22.653778076171875
2021-12-21,27.260000228881836,23.2990779876709
2021-12-22,27.434999465942383,23.448644638061523
2021-12-23,27.450000762939453,23.461469650268555
2021-12-27,28.049999237060547,23.974288940429688
2021-12-28,28.030000686645508,23.957191467285156
2021-12-29,27.850000381469727,23.803346633911133
2021-12-30,27.68000030517578,23.658050537109375
2021-12-31,27.75,23.717884063720703
2022-01-03,28.610000610351562,24.452917098999023
2022-01-04,29.600000381469727,25.299072265625
2022-01-05,29.594999313354492,25.294795989990234
2022-01-06,30.2549991607666,25.85890007019043
2022-01-07,30.670000076293945,26.21359634399414
2022-01-10,30.575000762939453,26.132400512695312
2022-01-11,31.614999771118164,27.021289825439453
2022-01-12,31.674999237060547,27.072566986083984
2022-01-13,31.514999389648438,26.93581771850586
2022-01-14,32.255001068115234,27.56829261779785
2022-01-18,32.3849983215332,27.67940330505371
2022-01-19,32.150001525878906,27.47854995727539
2022-01-20,31.854999542236328,27.226415634155273
2022-01-21,31.225000381469727,26.68795394897461
2022-01-24,31.434999465942383,26.86744499206543
2022-01-25,32.654998779296875,27.910171508789062
2022-01-26,32.599998474121094,27.863162994384766
2022-01-27,32.95500183105469,28.166580200195312
2022-01-28,32.814998626708984,28.046926498413086
2022-01-31,32.959999084472656,28.170856475830078
2022-02-01,34.1349983215332,29.175125122070312
2022-02-02,34.244998931884766,29.269140243530273
2022-02-03,33.91999816894531,28.991365432739258
2022-02-04,34.45000076293945,29.444358825683594
2022-02-07,34.88999938964844,29.82042694091797
2022-02-08,34.13999938964844,29.179401397705078
2022-02-09,34.42499923706055,29.422988891601562
2022-02-10,34.209999084472656,29.239229202270508
2022-02-11,35.20500183105469,30.08966064453125
2022-02-14,34.375,29.38025665283203
2022-02-15,34.01499938964844,29.07256317138672
2022-02-16,34.290000915527344,29.30760955810547
2022-02-17,34.23500061035156,29.26059913635254
2022-02-18,34.025001525878906,29.081111907958984
2022-02-22,33.474998474121094,28.61102294921875
2022-02-23,33.81999969482422,28.905895233154297
2022-02-24,33.55500030517578,28.679405212402344
2022-02-25,34.439998626708984,29.435806274414062
2022-02-28,35.290000915527344,30.162307739257812
2022-03-01,35.64500045776367,30.465721130371094
2022-03-02,36.459999084472656,31.162303924560547
2022-03-03,36.560001373291016,31.247770309448242
2022-03-04,37.6150016784668,32.14947509765625
2022-03-07,38.16999816894531,32.62383270263672
2022-03-08,38.77000045776367,33.13665008544922
2022-03-09,37.584999084472656,32.12384033203125
2022-03-10,38.73500061035156,33.10674285888672
2022-03-11,38.42499923706055,32.84178161621094
2022-03-14,37.275001525878906,31.858888626098633
2022-03-15,35.90999984741211,30.692214965820312
2022-03-16,35.744998931884766,30.551191329956055
2022-03-17,36.974998474121094,31.60247039794922
2022-03-18,36.939998626708984,31.572547912597656
2022-03-21,38.064998626708984,32.84529113769531
2022-03-22,37.78499984741211,32.603694915771484
2022-03-23,38.435001373291016,33.16455841064453
2022-03-24,38.529998779296875,33.246524810791016
2022-03-25,39.375,33.97565460205078
2022-03-28,38.400001525878906,33.13435745239258
2022-03-29,38.29999923706055,33.04806900024414
2022-03-30,38.744998931884766,33.43204116821289
2022-03-31,38.220001220703125,32.97903823852539
2022-04-01,38.529998779296875,33.246524810791016
2022-04-04,38.58000183105469,33.289676666259766
2022-04-05,37.974998474121094,32.76763153076172
2022-04-06,38.20000076293945,32.96177673339844
2022-04-07,38.70000076293945,33.393218994140625
2022-04-08,39.76499938964844,34.31217956542969
2022-04-11,38.56999969482422,33.28104782104492
2022-04-12,39.209999084472656,33.833282470703125
2022-04-13,39.79499816894531,34.33806610107422
2022-04-14,39.92499923706055,34.45023727416992
2022-04-18,40.5099983215332,34.95501708984375
2022-04-19,40.18000030517578,34.6702766418457
2022-04-20,40.334999084472656,34.804012298583984
2022-04-21,39.05500030517578,33.699554443359375
2022-04-22,38.099998474121094,32.87549591064453
2022-04-25,36.84000015258789,31.788272857666016
2022-04-26,36.88999938964844,31.831409454345703
2022-04-27,37.43000030517578,32.29737091064453
2022-04-28,38.564998626708984,33.276729583740234
2022-04-29,37.57500076293945,32.422481536865234
2022-05-02,38.17499923706055,32.940216064453125
2022-05-03,39.244998931884766,33.86348342895508
2022-05-04,40.875,35.26996994018555
2022-05-05,40.2599983215332,34.739295959472656
2022-05-06,41.459999084472656,35.774757385253906
2022-05-09,38.029998779296875,32.815093994140625
2022-05-10,38.375,33.11278533935547
2022-05-11,38.88999938964844,33.557159423828125
2022-05-12,39.05500030517578,33.699554443359375
2022-05-13,40.38999938964844,34.851470947265625
2022-05-16,41.45500183105469,35.77043914794922
2022-05-17,41.935001373291016,36.18462371826172
2022-05-18,40.86000061035156,35.25702667236328
2022-05-19,40.709999084472656,35.127593994140625
2022-05-20,40.8849983215332,35.27860641479492
2022-05-23,41.96500015258789,36.21049499511719
2022-05-24,42.125,36.34856414794922
2022-05-25,42.994998931884766,37.099266052246094
2022-05-26,43.470001220703125,37.50912094116211
2022-05-27,44.26499938964844,38.19511032104492
2022-05-31,43.599998474121094,37.621299743652344
2022-06-01,44.310001373291016,38.23393630981445
2022-06-02,44.16999816894531,38.11314010620117
2022-06-03,44.755001068115234,38.617916107177734
2022-06-06,44.70500183105469,38.57478713989258
2022-06-07,46.040000915527344,39.726707458496094
2022-06-08,46.13999938964844,39.81300735473633
2022-06-09,45.119998931884766,38.932865142822266
2022-06-10,44.35499954223633,38.27276611328125
2022-06-13,42.040000915527344,36.27521514892578
2022-06-14,42.119998931884766,36.3442497253418
2022-06-15,41.189998626708984,35.541770935058594
2022-06-16,38.869998931884766,33.53989791870117
2022-06-17,36.744998931884766,31.70630645751953
2022-06-21,38.220001220703125,33.348873138427734
2022-06-22,36.689998626708984,32.01387023925781
2022-06-23,35.33000183105469,30.82720947265625
2022-06-24,35.79499816894531,31.23293685913086
2022-06-27,36.845001220703125,32.14912796020508
2022-06-28,37.84000015258789,33.01730728149414
2022-06-29,36.525001525878906,31.86991310119629
2022-06-30,35.755001068115234,31.198047637939453
2022-07-01,36.290000915527344,31.664852142333984
2022-07-05,34.849998474121094,30.408376693725586
2022-07-06,34.255001068115234,29.889211654663086
2022-07-07,35.4900016784668,30.966819763183594
2022-07-08,35.474998474121094,30.953718185424805
2022-07-11,35.1349983215332,30.657058715820312
2022-07-12,34.45000076293945,30.05936050415039
2022-07-13,34.39500045776367,30.011375427246094
2022-07-14,33.744998931884766,29.4442081451416
2022-07-15,34.29499816894531,29.924110412597656
2022-07-18,35.08000183105469,30.60906410217285
2022-07-19,36.15999984741211,31.551420211791992
2022-07-20,36.5099983215332,31.856813430786133
2022-07-21,35.869998931884766,31.298385620117188
2022-07-22,35.57500076293945,31.040977478027344
2022-07-25,36.880001068115234,32.179656982421875
2022-07-26,36.54499816894531,31.88735580444336
2022-07-27,37.369998931884766,32.607208251953125
2022-07-28,37.58000183105469,32.79044723510742
2022-07-29,39.209999084472656,34.21269989013672
2022-08-01,38.400001525878906,33.50593566894531
2022-08-02,38.310001373291016,33.42740249633789
2022-08-03,37.209999084472656,32.46759796142578
2022-08-04,35.83000183105469,31.263484954833984
2022-08-05,36.540000915527344,31.882991790771484
2022-08-08,36.72999954223633,32.04877853393555
2022-08-09,37.375,32.611572265625
2022-08-10,37.64500045776367,32.84716033935547
2022-08-11,38.939998626708984,33.977115631103516
2022-08-12,39.23500061035156,34.23451232910156
2022-08-15,38.470001220703125,33.567020416259766
2022-08-16,38.380001068115234,33.48848342895508
2022-08-17,38.70000076293945,33.7677001953125
2022-08-18,39.7400016784668,34.67515182495117
2022-08-19,39.72999954223633,34.66642761230469
2022-08-22,39.654998779296875,34.60098648071289
2022-08-23,41.084999084472656,35.848731994628906
2022-08-24,41.59000015258789,36.289371490478516
2022-08-25,41.90999984741211,36.56858444213867
2022-08-26,41.41999816894531,36.14103317260742
2022-08-29,42.04499816894531,36.68638229370117
2022-08-30,40.619998931884766,35.44300079345703
2022-08-31,40.25,35.120155334472656
2022-09-01,39.2599983215332,34.25633239746094
2022-09-02,39.97999954223633,34.884559631347656
2022-09-06,39.61000061035156,34.56171417236328
2022-09-07,39.150001525878906,34.16035461425781
2022-09-08,39.31999969482422,34.308677673339844
2022-09-09,40.29999923706055,35.16377258300781
2022-09-12,41.040000915527344,35.80946731567383
2022-09-13,40.005001068115234,34.906375885009766
2022-09-14,41.1349983215332,35.89236068725586
2022-09-15,40.07500076293945,34.96746063232422
2022-09-16,39.220001220703125,34.22142791748047
2022-09-19,38.81999969482422,34.24171447753906
2022-09-20,38.54999923706055,34.003562927246094
2022-09-21,37.98500061035156,33.505191802978516
2022-09-22,37.849998474121094,33.38611602783203
2022-09-23,35.2400016784668,31.083927154541016
2022-09-26,34.375,30.320940017700195
2022-09-27,34.7599983215332,30.660541534423828
2022-09-28,36.29999923706055,32.01891326904297
2022-09-29,36.29999923706055,32.01891326904297
2022-09-30,36.0099983215332,31.763118743896484
2022-10-03,38.04499816894531,33.55811309814453
2022-10-04,39.68000030517578,35.00028610229492
2022-10-05,40.5,35.72358703613281
2022-10-06,41.220001220703125,36.35866928100586
2022-10-07,40.900001525878906,36.076412200927734
2022-10-10,40.060001373291016,35.335479736328125
2022-10-11,39.7400016784668,35.05320739746094
2022-10-12,40.060001373291016,35.335479736328125
2022-10-13,41.69499969482422,36.777652740478516
2022-10-14,40.13999938964844,35.406044006347656
2022-10-17,40.63999938964844,35.847068786621094
2022-10-18,40.994998931884766,36.16019821166992
2022-10-19,42.20500183105469,37.22750473022461
2022-10-20,42.244998931884766,37.26279067993164
2022-10-21,43.46500015258789,38.33890914916992
2022-10-24,43.66999816894531,38.519718170166016
2022-10-25,43.71500015258789,38.55942153930664
2022-10-26,44.310001373291016,39.08424377441406
2022-10-27,44.470001220703125,39.22538375854492
2022-10-28,44.625,39.362091064453125
2022-10-31,45.0,39.69287109375
2022-11-01,45.435001373291016,40.07656478881836
2022-11-02,44.34000015258789,39.110713958740234
2022-11-03,45.15999984741211,39.83400344848633
2022-11-04,45.709999084472656,40.31913375854492
2022-11-07,46.494998931884766,41.01155471801758
2022-11-08,46.540000915527344,41.05125427246094
2022-11-09,44.26499938964844,39.04454803466797
2022-11-10,45.25,39.91338348388672
2022-11-11,46.564998626708984,41.07330322265625
2022-11-14,46.54999923706055,41.06006622314453
2022-11-15,47.040000915527344,41.49227523803711
2022-11-16,46.08000183105469,40.64550018310547
2022-11-17,46.18000030517578,40.73370361328125
2022-11-18,45.814998626708984,40.41175079345703
2022-11-21,45.19499969482422,39.864864349365234
2022-11-22,46.61000061035156,41.11298751831055
2022-11-23,46.10499954223633,40.66755676269531
2022-11-25,45.935001373291016,40.51760482788086
2022-11-28,44.67499923706055,39.40620040893555
2022-11-29,45.349998474121094,40.0015869140625
2022-11-30,45.57500076293945,40.200042724609375
2022-12-01,45.42499923706055,40.0677490234375
2022-12-02,45.154998779296875,39.829586029052734
2022-12-05,43.814998626708984,38.647621154785156
2022-12-06,42.65999984741211,37.62884521484375
2022-12-07,42.560001373291016,37.5406379699707
2022-12-08,42.369998931884766,37.37303924560547
2022-12-09,41.34000015258789,36.464515686035156
2022-12-12,42.42499923706055,37.42155838012695
2022-12-13,43.22999954223633,38.13161087036133
2022-12-14,42.96500015258789,37.89787292480469
2022-12-15,42.70500183105469,37.66852951049805
2022-12-16,42.18000030517578,37.205448150634766
2022-12-19,41.744998931884766,37.20099639892578
2022-12-20,42.375,37.76242446899414
2022-12-21,43.18000030517578,38.47979736328125
2022-12-22,42.185001373291016,37.593101501464844
2022-12-23,43.529998779296875,38.79169464111328
2022-12-27,43.994998931884766,39.20608139038086
2022-12-28,43.0099983215332,38.32829284667969
2022-12-29,43.459999084472656,38.729312896728516
2022-12-30,43.73500061035156,38.9743766784668
2023-01-03,42.20000076293945,37.60646438598633
2023-01-04,42.19499969482422,37.602012634277344
2023-01-05,42.96500015258789,38.28819274902344
2023-01-06,43.779998779296875,39.01447677612305
2023-01-09,43.625,38.87635040283203
2023-01-10,43.935001373291016,39.152618408203125
2023-01-11,44.06999969482422,39.27291488647461
2023-01-12,44.90999984741211,40.021484375
2023-01-13,44.974998474121094,40.079402923583984
2023-01-17,45.06999969482422,40.164066314697266
2023-01-18,44.244998931884766,39.42886734008789
2023-01-19,44.79499816894531,39.91899490356445
2023-01-20,45.2400016784668,40.31555938720703
2023-01-23,45.29999923706055,40.3690299987793
2023-01-24,45.125,40.213077545166016
2023-01-25,45.130001068115234,40.21753692626953
2023-01-26,46.55500030517578,41.487422943115234
2023-01-27,45.6150016784668,40.64974594116211
2023-01-30,44.56999969482422,39.71848678588867
2023-01-31,44.96500015258789,40.070491790771484
2023-02-01,44.08000183105469,39.281822204589844
2023-02-02,43.07500076293945,38.38621520996094
2023-02-03,42.97999954223633,38.30156326293945
2023-02-06,42.78499984741211,38.12778854370117
2023-02-07,44.17499923706055,39.36648178100586
2023-02-08,43.779998779296875,39.01447677612305
2023-02-09,43.404998779296875,38.680294036865234
2023-02-10,45.10499954223633,40.195247650146484
2023-02-13,44.9900016784668,40.0927734375
2023-02-14,45.005001068115234,40.10614013671875
2023-02-15,44.2400016784668,39.424415588378906
2023-02-16,43.80500030517578,39.0367546081543
2023-02-17,42.244998931884766,37.646575927734375
2023-02-21,42.03499984741211,37.45942687988281
2023-02-22,41.755001068115234,37.209903717041016
2023-02-23,42.3849983215332,37.771331787109375
2023-02-24,42.33000183105469,37.72231674194336
2023-02-27,42.45500183105469,37.83371353149414
2023-02-28,41.845001220703125,37.290103912353516
2023-03-01,42.66999816894531,38.02531814575195
2023-03-02,43.04499816894531,38.35948944091797
2023-03-03,43.630001068115234,38.880802154541016
2023-03-06,43.650001525878906,38.89863204956055
2023-03-07,42.88999938964844,38.22135543823242
2023-03-08,42.45000076293945,37.82925796508789
2023-03-09,41.849998474121094,37.294559478759766
2023-03-10,41.314998626708984,36.81779861450195
2023-03-13,40.474998474121094,36.06923294067383
2023-03-14,40.875,36.425689697265625
2023-03-15,38.68000030517578,34.469627380371094
2023-03-16,39.099998474121094,34.84390640258789
2023-03-17,38.48500061035156,34.295860290527344
2023-03-20,38.849998474121094,34.98244094848633
2023-03-21,40.19499969482422,36.193546295166016
2023-03-22,39.34000015258789,35.423667907714844
2023-03-23,38.79499816894531,34.93291473388672
2023-03-24,38.94499969482422,35.067989349365234
2023-03-27,39.775001525878906,35.81535720825195
2023-03-28,40.38999938964844,36.369136810302734
2023-03-29,40.95000076293945,36.87339401245117
2023-03-30,41.130001068115234,37.035465240478516
2023-03-31,41.415000915527344,37.29209899902344
2023-04-03,43.290000915527344,38.980438232421875
2023-04-04,42.505001068115234,38.27358627319336
2023-04-05,43.14500045776367,38.849876403808594
2023-04-06,42.4900016784668,38.26008224487305
2023-04-10,42.83000183105469,38.56623840332031
2023-04-11,43.23500061035156,38.930912017822266
2023-04-12,43.26499938964844,38.957923889160156
2023-04-13,43.53499984741211,39.2010498046875
2023-04-14,43.6150016784668,39.27308654785156
2023-04-17,43.099998474121094,38.809349060058594
2023-04-18,43.27000045776367,38.96242904663086
2023-04-19,43.119998931884766,38.827354431152344
2023-04-20,42.7400016784668,38.485191345214844
2023-04-21,42.4900016784668,38.26008224487305
2023-04-24,43.13999938964844,38.845375061035156
2023-04-25,42.33000183105469,38.116004943847656
2023-04-26,41.76499938964844,37.60724639892578
2023-04-27,41.915000915527344,37.74231719970703
2023-04-28,42.564998626708984,38.327613830566406
2023-05-01,42.084999084472656,37.8953971862793
2023-05-02,40.255001068115234,36.24757766723633
2023-05-03,39.494998931884766,35.563228607177734
2023-05-04,39.05500030517578,35.16703414916992
2023-05-05,40.1150016784668,36.12150955200195
2023-05-08,40.1150016784668,36.12150955200195
2023-05-09,40.130001068115234,36.13501739501953
2023-05-10,39.67499923706055,35.72531509399414
2023-05-11,39.20000076293945,35.297603607177734
2023-05-12,39.2599983215332,35.35163116455078
2023-05-15,39.459999084472656,35.531715393066406
2023-05-16,38.4900016784668,34.658287048339844
2023-05-17,39.22999954223633,35.324615478515625
2023-05-18,39.51499938964844,35.581241607666016
2023-05-19,39.81999969482422,35.85587692260742
2023-05-22,39.654998779296875,35.70730209350586
2023-05-23,40.08000183105469,36.089996337890625
2023-05-24,40.255001068115234,36.24757766723633
2023-05-25,39.540000915527344,35.603755950927734
2023-05-26,39.3849983215332,35.46417999267578
2023-05-30,38.97999954223633,35.09950637817383
2023-05-31,38.29499816894531,34.482688903808594
2023-06-01,38.77000045776367,34.91040802001953
2023-06-02,39.95000076293945,35.97294235229492
2023-06-05,39.685001373291016,35.73432159423828
2023-06-06,40.005001068115234,36.0224609375
2023-06-07,41.064998626708984,36.97693634033203
2023-06-08,40.88999938964844,36.81936264038086
2023-06-09,40.665000915527344,36.616756439208984
2023-06-12,40.275001525878906,36.26558303833008
2023-06-13,40.46500015258789,36.43667221069336
2023-06-14,40.04999923706055,36.06298828125
2023-06-15,40.4900016784668,36.459171295166016
2023-06-16,40.43000030517578,36.4051513671875
2023-06-20,39.18000030517578,35.590335845947266
2023-06-21,39.4900016784668,35.87193298339844
2023-06-22,38.959999084472656,35.3904914855957
2023-06-23,38.68000030517578,35.13615036010742
2023-06-26,39.375,35.7674674987793
2023-06-27,39.46500015258789,35.8492317199707
2023-06-28,39.8650016784668,36.21257400512695
2023-06-29,40.32500076293945,36.63043212890625
2023-06-30,40.584999084472656,36.866607666015625
2023-07-03,40.68000030517578,36.95290756225586
2023-07-05,40.45500183105469,36.748512268066406
2023-07-06,39.54499816894531,35.921897888183594
2023-07-07,40.39500045776367,36.69401550292969
2023-07-10,40.709999084472656,36.980159759521484
2023-07-11,41.60499954223633,37.79315185546875
2023-07-12,41.9900016784668,38.14288330078125
2023-07-13,41.83000183105469,37.9975471496582
2023-07-14,40.724998474121094,36.993778228759766
2023-07-17,40.64500045776367,36.921112060546875
2023-07-18,41.05500030517578,37.293548583984375
2023-07-19,41.29499816894531,37.51155471801758
2023-07-20,41.779998779296875,37.952125549316406
2023-07-21,42.150001525878906,38.28822326660156
2023-07-24,42.83000183105469,38.90592956542969
2023-07-25,43.05500030517578,39.11030578613281
2023-07-26,43.06999969482422,39.123924255371094
2023-07-27,42.79499816894531,38.87413024902344
2023-07-28,42.92499923706055,38.992225646972656
2023-07-31,43.7400016784668,39.7325553894043
2023-08-01,43.53499984741211,39.54633331298828
2023-08-02,42.96500015258789,39.02854919433594
2023-08-03,43.400001525878906,39.42369842529297
2023-08-04,43.459999084472656,39.478206634521484
2023-08-07,43.5099983215332,39.52361297607422
2023-08-08,43.724998474121094,39.71892166137695
2023-08-09,44.275001525878906,40.21853256225586
2023-08-10,44.27000045776367,40.21399688720703
2023-08-11,44.95000076293945,40.83168029785156
2023-08-14,44.7599983215332,40.659095764160156
2023-08-15,43.83000183105469,39.814308166503906
2023-08-16,43.45000076293945,39.4691162109375
2023-08-17,43.970001220703125,39.94148254394531
2023-08-18,44.404998779296875,40.33662414550781
2023-08-21,44.125,40.082275390625
2023-08-22,43.78499984741211,39.7734260559082
2023-08-23,43.67499923706055,39.67350387573242
2023-08-24,43.375,39.4009895324707
2023-08-25,43.79499816894531,39.782508850097656
2023-08-28,44.09000015258789,40.050479888916016
2023-08-29,44.209999084472656,40.159488677978516
2023-08-30,44.43000030517578,40.35933303833008
2023-08-31,44.459999084472656,40.3865852355957
2023-09-01,45.369998931884766,41.21321487426758
2023-09-05,45.61000061035156,41.43122100830078
2023-09-06,45.630001068115234,41.44938278198242
2023-09-07,45.584999084472656,41.40850830078125
2023-09-08,46.025001525878906,41.80819320678711
2023-09-11,45.41999816894531,41.25862503051758
2023-09-12,46.4900016784668,42.2305908203125
2023-09-13,46.13999938964844,41.91265869140625
2023-09-14,46.68000030517578,42.4031867980957
2023-09-15,46.005001068115234,41.79003143310547
2023-09-18,46.05500030517578,42.144168853759766
2023-09-19,45.625,41.750675201416016
2023-09-20,45.20000076293945,41.36176681518555
2023-09-21,44.58000183105469,40.79441833496094
2023-09-22,44.654998779296875,40.8630485534668
2023-09-25,45.21500015258789,41.3754997253418
2023-09-26,44.95500183105469,41.1375732421875
2023-09-27,46.07500076293945,42.162471771240234
2023-09-28,46.125,42.20822525024414
2023-09-29,45.19499969482422,41.35719299316406
2023-10-02,44.29499816894531,40.53361511230469
2023-10-03,44.26499938964844,40.506168365478516
2023-10-04,42.875,39.23420333862305
2023-10-05,42.61000061035156,38.991703033447266
2023-10-06,42.8650016784668,39.22505569458008
2023-10-09,44.29499816894531,40.53361511230469
2023-10-10,44.349998474121094,40.583953857421875
2023-10-11,43.779998779296875,40.06235122680664
2023-10-12,43.83000183105469,40.10810852050781
2023-10-13,44.79499816894531,40.99115753173828
2023-10-16,45.095001220703125,41.26568603515625
2023-10-17,45.564998626708984,41.69577407836914
2023-10-18,45.97999954223633,42.07553482055664
2023-10-19,45.900001525878906,42.00232696533203
2023-10-20,45.130001068115234,41.2977180480957
2023-10-23,44.400001525878906,40.62971496582031
2023-10-24,43.775001525878906,40.05778121948242
2023-10-25,43.69499969482422,39.98457336425781
2023-10-26,43.35499954223633,39.673439025878906
2023-10-27,42.314998626708984,38.72175598144531
2023-10-30,42.45500183105469,38.84986877441406
2023-10-31,42.595001220703125,38.97797775268555
2023-11-01,42.494998931884766,38.88646697998047
2023-11-02,43.779998779296875,40.06235122680664
2023-11-03,43.34000015258789,39.65971755981445
2023-11-06,42.849998474121094,39.211326599121094
2023-11-07,41.900001525878906,38.34199905395508
2023-11-08,41.375,37.861572265625
2023-11-09,41.25,37.747196197509766
2023-11-10,41.70500183105469,38.16355514526367
2023-11-13,42.005001068115234,38.43807601928711
2023-11-14,42.380001068115234,38.78123474121094
2023-11-15,42.29999923706055,38.708030700683594
2023-11-16,41.474998474121094,37.95308303833008
2023-11-17,42.345001220703125,38.749210357666016
2023-11-20,42.404998779296875,38.804107666015625
2023-11-21,42.310001373291016,38.7171745300293
2023-11-22,42.290000915527344,38.69887161254883
2023-11-24,42.46500015258789,38.85901641845703
2023-11-27,42.314998626708984,38.72175598144531
2023-11-28,42.32500076293945,38.73090362548828
2023-11-29,42.0099983215332,38.442649841308594
2023-11-30,42.290000915527344,38.69887161254883
2023-12-01,42.5099983215332,38.90019607543945
2023-12-04,42.314998626708984,38.72175598144531
2023-12-05,41.57500076293945,38.044593811035156
2023-12-06,40.95500183105469,37.47724151611328
2023-12-07,40.67499923706055,37.22101974487305
2023-12-08,41.1150016784668,37.623661041259766
2023-12-11,41.165000915527344,37.66940689086914
2023-12-12,40.599998474121094,37.152381896972656
2023-12-13,41.165000915527344,37.66940689086914
2023-12-14,42.375,38.77666091918945
2023-12-15,42.150001525878906,38.57076644897461
2023-12-18,42.09000015258789,38.88581466674805
2023-12-19,42.595001220703125,39.35236358642578
2023-12-20,42.20000076293945,38.9874267578125
2023-12-21,42.3650016784668,39.139869689941406
2023-12-22,42.4900016784668,39.25535202026367
2023-12-26,42.85499954223633,39.59256362915039
2023-12-27,42.665000915527344,39.417030334472656
2023-12-28,42.01499938964844,38.81651306152344
2023-12-29,41.91999816894531,38.72874450683594
2024-01-02,42.369998931884766,39.14448547363281
2024-01-03,43.060001373291016,39.781959533691406
2024-01-04,42.30500030517578,39.084442138671875
2024-01-05,42.34000015258789,39.11677169799805
2024-01-08,41.849998474121094,38.6640739440918
2024-01-09,41.18000030517578,38.04507827758789
2024-01-10,40.775001525878906,37.6709098815918
2024-01-11,40.880001068115234,37.767921447753906
2024-01-12,41.34000015258789,38.192901611328125
2024-01-16,40.35499954223633,37.28288650512695
2024-01-17,40.02000045776367,36.973388671875
2024-01-18,39.95500183105469,36.91333770751953
2024-01-19,40.084999084472656,37.03343963623047
2024-01-22,40.23500061035156,37.17202377319336
2024-01-23,40.31999969482422,37.25054931640625
2024-01-24,40.89500045776367,37.78178024291992
2024-01-25,41.814998626708984,38.63174057006836
2024-01-26,42.125,38.91813659667969
2024-01-29,42.064998626708984,38.86271286010742
2024-01-30,42.5,39.26458740234375
2024-01-31,41.70500183105469,38.53011703491211
2024-02-01,41.70000076293945,38.5255012512207
2024-02-02,41.7599983215332,38.58092498779297
2024-02-05,41.654998779296875,38.483917236328125
2024-02-06,41.790000915527344,38.608646392822266
2024-02-07,41.875,38.68717956542969
2024-02-08,42.30500030517578,39.084442138671875
2024-02-09,41.654998779296875,38.483917236328125
2024-02-12,42.1150016784668,38.908905029296875
2024-02-13,41.689998626708984,38.51625442504883
2024-02-14,41.650001525878906,38.47929763793945
2024-02-15,42.810001373291016,39.550994873046875
2024-02-16,42.78499984741211,39.52790069580078
2024-02-20,42.39500045776367,39.16758728027344
2024-02-21,43.189998626708984,39.90206527709961
2024-02-22,43.26499938964844,39.97135543823242
2024-02-23,42.97999954223633,39.70804977416992
2024-02-26,43.130001068115234,39.84663009643555
2024-02-27,42.94499969482422,39.67572021484375
2024-02-28,42.86000061035156,39.59718704223633
2024-02-29,43.06999969482422,39.791194915771484
2024-03-01,43.56999969482422,40.25313949584961
2024-03-04,43.10499954223633,39.82353210449219
2024-03-05,43.42499923706055,40.119178771972656
2024-03-06,43.560001373291016,40.24390411376953
2024-03-07,43.93000030517578,40.585731506347656
2024-03-08,44.084999084472656,40.72893142700195
2024-03-11,44.540000915527344,41.149295806884766
2024-03-12,44.470001220703125,41.08462142944336
2024-03-13,45.18000030517578,41.74057388305664
2024-03-14,45.64500045776367,42.170169830322266
2024-03-15,45.779998779296875,42.29489517211914
2024-03-18,45.56999969482422,42.44112014770508
2024-03-19,46.09000015258789,42.925411224365234
2024-03-20,46.025001525878906,42.8648796081543
2024-03-21,46.29999923706055,43.12099838256836
2024-03-22,46.20000076293945,43.02785873413086
2024-03-25,46.630001068115234,43.42833709716797
2024-03-26,46.27000045776367,43.09305191040039
2024-03-27,46.70000076293945,43.49352264404297
2024-03-28,47.20500183105469,43.96385192871094
2024-04-01,47.55500030517578,44.28982162475586
2024-04-02,48.220001220703125,44.90916442871094
2024-04-03,48.54999923706055,45.21650695800781
2024-04-04,48.52000045776367,45.18856430053711
2024-04-05,49.040000915527344,45.6728630065918
2024-04-08,48.72999954223633,45.38414001464844
2024-04-09,48.744998931884766,45.39811706542969
2024-04-10,48.89500045776367,45.53782272338867
2024-04-11,48.86000061035156,45.505218505859375
2024-04-12,48.064998626708984,44.764801025390625
2024-04-15,47.6150016784668,44.345703125
2024-04-16,47.20000076293945,43.959197998046875
2024-04-17,47.064998626708984,43.83346176147461
2024-04-18,46.91999816894531,43.698421478271484
2024-04-19,47.48500061035156,44.22463607788086
2024-04-22,47.79499816894531,44.51334762573242
2024-04-23,48.060001373291016,44.760154724121094
2024-04-24,48.095001220703125,44.79274368286133
2024-04-25,48.314998626708984,44.997642517089844
2024-04-26,47.869998931884766,44.583194732666016
2024-04-29,48.19499969482422,44.88587951660156
2024-04-30,46.7599983215332,43.54940414428711
2024-05-01,46.01499938964844,42.85556411743164
2024-05-02,46.279998779296875,43.10236740112305
2024-05-03,46.28499984741211,43.10702133178711
2024-05-06,46.650001525878906,43.44696044921875
2024-05-07,46.60499954223633,43.405052185058594
2024-05-08,46.54999923706055,43.35382843017578
2024-05-09,47.17499923706055,43.935916900634766
2024-05-10,46.915000915527344,43.69377136230469
2024-05-13,46.790000915527344,43.577354431152344
2024-05-14,46.849998474121094,43.63322830200195
2024-05-15,46.95500183105469,43.73101806640625
2024-05-16,46.82500076293945,43.609947204589844
2024-05-17,47.47999954223633,44.219974517822266
2024-05-20,47.16999816894531,43.93125915527344
2024-05-21,46.939998626708984,43.71704864501953
2024-05-22,46.040000915527344,42.878849029541016
2024-05-23,45.619998931884766,42.48767852783203
2024-05-24,45.685001373291016,42.548221588134766
2024-05-28,46.154998779296875,42.9859504699707
2024-05-29,45.34000015258789,42.22690200805664
2024-05-30,45.470001220703125,42.34798049926758
2024-05-31,46.599998474121094,43.400394439697266
2024-06-03,45.380001068115234,42.26416015625
2024-06-04,44.94499969482422,41.859031677246094
2024-06-05,44.939998626708984,41.854373931884766
2024-06-06,45.17499923706055,42.073238372802734
2024-06-07,44.994998931884766,41.90559387207031
2024-06-10,45.334999084472656,42.22225570678711
2024-06-11,45.244998931884766,42.138431549072266
2024-06-12,44.7599983215332,41.68673324584961
2024-06-13,44.349998474121094,41.30488204956055
2024-06-14,44.02000045776367,40.9975471496582
2024-06-17,44.1349983215332,41.10464096069336
2024-06-18,44.31999969482422,41.276939392089844
2024-06-20,45.1349983215332,42.03598403930664
2024-06-21,44.875,41.7938346862793
2024-06-24,45.63999938964844,42.847652435302734
2024-06-25,45.744998931884766,42.946231842041016
2024-06-26,45.29499816894531,42.523765563964844
2024-06-27,45.400001525878906,42.62234878540039
2024-06-28,45.57500076293945,42.78663635253906
2024-07-01,45.599998474121094,42.81010818481445
2024-07-02,45.564998626708984,42.77724075317383
2024-07-03,45.76499938964844,42.96500778198242
2024-07-05,45.04999923706055,42.29375457763672
2024-07-08,44.775001525878906,42.03558349609375
2024-07-09,44.380001068115234,41.66474914550781
2024-07-10,44.68000030517578,41.94639205932617
2024-07-11,45.14500045776367,42.38294219970703
2024-07-12,45.2599983215332,42.490909576416016
2024-07-15,45.94499969482422,43.133995056152344
2024-07-16,46.150001525878906,43.326454162597656
2024-07-17,46.61000061035156,43.75830841064453
2024-07-18,46.69499969482422,43.838111877441406
2024-07-19,46.185001373291016,43.35931396484375
2024-07-22,45.89500045776367,43.08705520629883
2024-07-23,45.165000915527344,42.40171813964844
2024-07-24,45.16999816894531,42.40640640258789
2024-07-25,45.95000076293945,43.13868713378906
2024-07-26,46.095001220703125,43.27482223510742
2024-07-29,45.70000076293945,42.903987884521484
2024-07-30,46.40999984741211,43.57054901123047
2024-07-31,46.60499954223633,43.75362014770508
2024-08-01,45.369998931884766,42.594173431396484
2024-08-02,44.20000076293945,41.49576187133789
2024-08-05,43.224998474121094,40.580413818359375
2024-08-06,43.4900016784668,40.829200744628906
2024-08-07,43.665000915527344,40.99349594116211
2024-08-08,44.60499954223633,41.87598419189453
2024-08-09,44.70500183105469,41.96986389160156
2024-08-12,44.92499923706055,42.17639923095703
2024-08-13,44.4900016784668,41.76801681518555
2024-08-14,44.75,42.012107849121094
2024-08-15,45.28499984741211,42.51437759399414
2024-08-16,45.23500061035156,42.46744155883789
2024-08-19,45.540000915527344,42.753780364990234
2024-08-20,44.34000015258789,41.627197265625
2024-08-21,44.415000915527344,41.69760513305664
2024-08-22,44.529998779296875,41.80556869506836
2024-08-23,45.19499969482422,42.42988586425781
2024-08-26,45.599998474121094,42.81010818481445
2024-08-27,45.17499923706055,42.411109924316406
2024-08-28,44.8849983215332,42.138851165771484
2024-08-29,45.470001220703125,42.68806076049805
2024-08-30,45.63999938964844,42.847652435302734
2024-09-03,44.505001068115234,41.782100677490234
2024-09-04,43.88999938964844,41.20473098754883
2024-09-05,43.54999923706055,40.88553237915039
2024-09-06,43.005001068115234,40.37386703491211
2024-09-09,43.314998626708984,40.6649055480957
2024-09-10,42.56999969482422,39.965484619140625
2024-09-11,42.17499923706055,39.59465408325195
2024-09-12,42.55500030517578,39.95140838623047
2024-09-13,42.79499816894531,40.17671585083008
2024-09-16,43.28499984741211,40.636741638183594
2024-09-17,43.869998931884766,41.185951232910156
2024-09-18,43.95500183105469,41.26575469970703
2024-09-19,44.47999954223633,41.758628845214844
2024-09-20,44.380001068115234,41.66474914550781
2024-09-23,44.560001373291016,42.1792106628418
2024-09-24,44.45000076293945,42.07508850097656
2024-09-25,43.58000183105469,41.25156784057617
2024-09-26,42.724998474121094,40.4422492980957
2024-09-27,43.595001220703125,41.26576614379883
2024-09-30,43.900001525878906,41.554473876953125
2024-10-01,44.900001525878906,42.501041412353516
2024-10-02,45.36000061035156,42.93646240234375
2024-10-03,46.15999984741211,43.6937255859375
2024-10-04,46.59000015258789,44.100746154785156
2024-10-07,46.755001068115234,44.25693130493164
2024-10-08,45.53499984741211,43.102115631103516
2024-10-09,45.810001373291016,43.3624267578125
2024-10-10,46.119998931884766,43.655860900878906
2024-10-11,46.404998779296875,43.925628662109375
2024-10-14,46.3849983215332,43.906700134277344
2024-10-15,44.88999938964844,42.4915771484375
2024-10-16,45.10499954223633,42.69508743286133
2024-10-17,45.31999969482422,42.89860153198242
2024-10-18,45.16999816894531,42.756614685058594
2024-10-21,45.03499984741211,42.62882995605469
2024-10-22,45.13999938964844,42.72821807861328
2024-10-23,44.904998779296875,42.50577163696289
2024-10-24,44.900001525878906,42.501041412353516
2024-10-25,44.8849983215332,42.486846923828125
2024-10-28,44.599998474121094,42.21707534790039
2024-10-29,43.91999816894531,41.573402404785156
2024-10-30,44.02000045776367,41.66805648803711
2024-10-31,44.29499816894531,41.928367614746094
2024-11-01,44.01499938964844,41.663330078125
2024-11-04,44.78499984741211,42.392189025878906
2024-11-05,45.084999084472656,42.6761589050293
2024-11-06,46.779998779296875,44.28059387207031
2024-11-07,46.564998626708984,44.077083587646484
2024-11-08,46.875,44.370521545410156
2024-11-11,47.13999938964844,44.62136459350586
2024-11-12,46.88999938964844,44.38471984863281
2024-11-13,47.255001068115234,44.730220794677734
2024-11-14,47.435001373291016,44.900604248046875
2024-11-15,47.3650016784668,44.834346771240234
2024-11-18,47.994998931884766,45.4306755065918
2024-11-19,47.689998626708984,45.1419792175293
2024-11-20,48.16999816894531,45.59632873535156
2024-11-21,48.560001373291016,45.965492248535156
2024-11-22,48.6349983215332,46.03649139404297
2024-11-25,47.67499923706055,45.12777328491211
2024-11-26,47.61000061035156,45.066253662109375
2024-11-27,47.560001373291016,45.0189208984375
2024-11-29,47.76499938964844,45.21296691894531
2024-12-02,47.2599983215332,44.73495101928711
2024-12-03,47.255001068115234,44.730220794677734
2024-12-04,46.1150016784668,43.65113067626953
2024-12-05,46.29499816894531,43.82150650024414
2024-12-06,45.5099983215332,43.078453063964844
2024-12-09,45.435001373291016,43.00746536254883
2024-12-10,45.125,42.714019775390625
2024-12-11,45.20000076293945,42.78501510620117
2024-12-12,44.834999084472656,42.43951416015625
2024-12-13,44.61000061035156,42.226539611816406
2024-12-16,43.630001068115234,41.29889678955078
2024-12-17,43.30500030517578,40.99126052856445
2024-12-18,42.025001525878906,39.7796516418457
2024-12-19,41.65999984741211,39.43415069580078
2024-12-20,42.06999969482422,39.82224655151367
2024-12-23,41.96500015258789,40.05610275268555
2024-12-24,42.31999969482422,40.39495849609375
2024-12-26,42.28499984741211,40.361549377441406
2024-12-27,42.279998779296875,40.356773376464844
2024-12-30,42.275001525878906,40.35200500488281
2024-12-31,42.83000183105469,40.88175964355469
2025-01-02,43.33000183105469,41.35901641845703
2025-01-03,43.73500061035156,41.74558639526367
2025-01-06,43.53499984741211,41.554691314697266
2025-01-07,43.970001220703125,41.96990203857422
2025-01-08,44.01499938964844,42.01285171508789
2025-01-10,44.19499969482422,42.184661865234375
2025-01-13,45.125,43.07236099243164
2025-01-14,45.61000061035156,43.535301208496094
2025-01-15,46.28499984741211,44.179595947265625
2025-01-16,46.619998931884766,44.49935531616211
2025-01-17,46.97999954223633,44.84298324584961
2025-01-21,46.7400016784668,44.61389923095703
2025-01-22,45.88999938964844,43.80256271362305
2025-01-23,46.099998474121094,44.00300979614258
2025-01-24,45.654998779296875,43.57825469970703
2025-01-27,45.18000030517578,43.12486267089844
2025-01-28,44.75,42.714420318603516
2025-01-29,44.849998474121094,42.809871673583984
2025-01-30,45.08000183105469,43.02940368652344
2025-01-31,43.81999969482422,41.826725006103516
2025-02-03,44.095001220703125,42.08921432495117
2025-02-04,45.02000045776367,42.97213363647461
2025-02-05,45.1150016784668,43.06281661987305
2025-02-06,44.28499984741211,42.27056884765625
2025-02-07,44.279998779296875,42.26580047607422
2025-02-10,45.255001068115234,43.196449279785156
2025-02-11,45.619998931884766,43.54484558105469
2025-02-12,44.52000045776367,42.4948844909668
2025-02-13,44.85499954223633,42.814640045166016
2025-02-14,45.03499984741211,42.98645782470703
2025-02-18,45.650001525878906,43.57347869873047
2025-02-19,46.0099983215332,43.91710662841797
2025-02-20,46.43000030517578,44.31800079345703
2025-02-21,45.46500015258789,43.39690017700195
2025-02-24,45.474998474121094,43.40644073486328
2025-02-25,44.81999969482422,42.78123092651367
2025-02-26,44.564998626708984,42.53783416748047
2025-02-27,44.80500030517578,42.76691818237305
2025-02-28,45.5,43.430301666259766
2025-03-03,43.90999984741211,41.912628173828125
2025-03-04,43.48500061035156,41.50696563720703
2025-03-05,42.849998474121094,40.900848388671875
2025-03-06,42.97999954223633,41.024932861328125
2025-03-07,43.71500015258789,41.72650146484375
2025-03-10,44.040000915527344,42.036712646484375
2025-03-11,43.689998626708984,41.70263671875
2025-03-12,43.88999938964844,41.89353561401367
2025-03-13,43.59000015258789,41.607181549072266
2025-03-14,44.880001068115234,42.83850860595703
2025-03-17,45.595001220703125,43.52098846435547
2025-03-18,45.66999816894531,43.592567443847656
2025-03-19,46.415000915527344,44.30368423461914
2025-03-20,46.584999084472656,44.46595001220703
2025-03-21,46.2599983215332,44.155731201171875
2025-03-24,46.42499923706055,44.658836364746094
2025-03-25,46.6150016784668,44.84161376953125
2025-03-26,46.88999938964844,45.10615158081055
2025-03-27,46.435001373291016,44.668460845947266
2025-03-28,46.21500015258789,44.456825256347656
2025-03-31,46.724998474121094,44.947425842285156
2025-04-01,47.0,45.21196365356445
2025-04-02,47.064998626708984,45.27449035644531
2025-04-03,43.369998931884766,41.720062255859375
2025-04-04,39.380001068115234,37.88185501098633
2025-04-07,39.125,37.63655471801758
2025-04-08,38.220001220703125,36.76598358154297
2025-04-09,41.18000030517578,39.61337661743164
2025-04-10,38.4900016784668,37.02571105957031
2025-04-11,39.44499969482422,37.94437789916992
2025-04-14,39.584999084472656,38.07905197143555
2025-04-15,39.525001525878906,38.02133560180664
2025-04-16,39.849998474121094,38.3339729309082
2025-04-17,40.75,39.19973373413086
2025-04-21,39.685001373291016,38.17524719238281
2025-04-22,40.69499969482422,39.146827697753906
2025-04-23,40.619998931884766,39.074676513671875
2025-04-24,41.27000045776367,39.699951171875
2025-04-25,41.19499969482422,39.627803802490234
2025-04-28,41.48500061035156,39.90677261352539
2025-04-29,41.3650016784668,39.79133987426758
2025-04-30,40.25,38.718753814697266
2025-05-01,40.400001525878906,38.8630485534668
2025-05-02,40.9900016784668,39.430606842041016
2025-05-05,40.25,38.718753814697266
2025-05-06,40.2599983215332,38.72837448120117
2025-05-07,40.275001525878906,38.74280548095703
2025-05-08,40.80500030517578,39.25264358520508
2025-05-09,41.21500015258789,39.64704513549805
2025-05-12,42.290000915527344,40.681148529052734
2025-05-13,42.8849983215332,41.25351333618164
2025-05-14,42.625,41.0034065246582
2025-05-15,42.80500030517578,41.17655944824219
2025-05-16,42.7400016784668,41.11402893066406
2025-05-19,42.185001373291016,40.580142974853516
2025-05-20,41.79499816894531,40.204978942871094
2025-05-21,41.025001525878906,39.464271545410156
2025-05-22,40.8650016784668,39.310359954833984
2025-05-23,40.994998931884766,39.43540954589844
2025-05-27,41.349998474121094,39.77690124511719
2025-05-28,40.82500076293945,39.27188491821289
2025-05-29,41.130001068115234,39.56528091430664
2025-05-30,40.76499938964844,39.21416091918945
2025-06-02,41.29999923706055,39.72880935668945
2025-06-03,41.790000915527344,40.20016860961914
2025-06-04,40.974998474121094,39.41617202758789
2025-06-05,40.935001373291016,39.3776969909668
2025-06-06,41.70500183105469,40.118404388427734
2025-06-09,41.78499984741211,40.19535827636719
2025-06-10,42.529998779296875,40.912017822265625
2025-06-11,43.14500045776367,41.50362777709961
2025-06-12,43.29499816894531,41.647911071777344
2025-06-13,44.04999923706055,42.37418746948242
2025-06-16,43.91999816894531,42.2491340637207
2025-06-17,44.33000183105469,42.64353942871094
2025-06-18,44.040000915527344,42.36457061767578
2025-06-20,44.4900016784668,42.797454833984375
2025-06-23,43.01499938964844,41.71517562866211
2025-06-24,42.45500183105469,41.17210006713867
2025-06-25,42.27000045776367,40.99268341064453
2025-06-26,42.875,41.579402923583984
2025-06-27,42.650001525878906,41.3612060546875
2025-06-30,42.404998779296875,41.12360763549805
2025-07-01,42.72999954223633,41.43878936767578
2025-07-02,43.46500015258789,42.15157699584961
2025-07-03,43.51499938964844,42.20006561279297
2025-07-07,43.095001220703125,41.79275894165039
2025-07-08,44.255001068115234,42.91770553588867
2025-07-09,44.029998779296875,42.699501037597656
2025-07-10,44.3650016784668,43.02437973022461
2025-07-11,44.564998626708984,43.21833801269531
2025-07-14,44.07500076293945,42.74314880371094
2025-07-15,43.439998626708984,42.1273307800293
2025-07-16,43.064998626708984,41.763668060302734
2025-07-17,43.33000183105469,42.02065658569336
2025-07-18,42.97999954223633,41.68123245239258
2025-07-21,42.53499984741211,41.24967575073242
2025-07-22,42.73500061035156,41.44363784790039
2025-07-23,43.404998779296875,42.09339141845703
2025-07-24,43.71500015258789,42.39402389526367
2025-07-25,43.54999923706055,42.2340087890625
2025-07-28,44.04499816894531,42.71405029296875
2025-07-29,44.474998474121094,43.13105392456055
2025-07-30,43.84000015258789,42.51524353027344
2025-07-31,43.60499954223633,42.28734588623047
2025-08-01,42.79499816894531,41.50182342529297
2025-08-04,42.70000076293945,41.40969467163086
2025-08-05,42.755001068115234,41.46303176879883
2025-08-06,42.36000061035156,41.0799674987793
2025-08-07,42.19499969482422,40.91995620727539
2025-08-08,42.46500015258789,41.18179702758789
2025-08-11,42.125,40.85206985473633
2025-08-12,42.33000183105469,41.05087661743164
2025-08-13,42.81999969482422,41.52606964111328
2025-08-14,42.779998779296875,41.487274169921875
2025-08-15,42.779998779296875,41.487274169921875
2025-08-18,42.525001525878906,41.239986419677734
2025-08-19,42.540000915527344,41.2545280456543
2025-08-20,42.89500045776367,41.59880065917969
2025-08-21,43.189998626708984,41.8848876953125
2025-08-22,44.06999969482422,42.73829650878906
2025-08-25,44.185001373291016,42.849822998046875
2025-08-26,44.1150016784668,42.78193664550781
2025-08-27,44.61000061035156,43.26197814941406
2025-08-28,44.95000076293945,43.591705322265625
2025-08-29,45.19499969482422,43.82929611206055
2025-09-02,45.2599983215332,43.892333984375
2025-09-03,44.244998931884766,42.90800476074219
2025-09-04,44.540000915527344,43.194091796875
2025-09-05,43.68000030517578,42.36008071899414
2025-09-08,43.58000183105469,42.26310348510742
2025-09-09,43.790000915527344,42.466758728027344
2025-09-10,44.55500030517578,43.208641052246094
2025-09-11,44.564998626708984,43.21833801269531
2025-09-12,44.29999923706055,42.961341857910156
2025-09-15,44.150001525878906,42.81587600708008
2025-09-16,44.88999938964844,43.53351593017578
2025-09-17,44.994998931884766,43.63534164428711
2025-09-18,44.85499954223633,43.49957275390625
2025-09-19,44.2599983215332,42.92255401611328
2025-09-22,43.834999084472656,42.8731575012207
2025-09-23,44.59000015258789,43.61159133911133
2025-09-24,45.16999816894531,44.178871154785156
2025-09-25,45.57500076293945,44.57497787475586
2025-09-26,45.994998931884766,44.98576736450195
2025-09-29,45.150001525878906,44.159305572509766
2025-09-30,44.66999816894531,43.68983459472656
2025-10-01,44.66999816894531,43.68983459472656
2025-10-02,44.220001220703125,43.249717712402344
2025-10-03,44.45500183105469,43.47956085205078
2025-10-06,44.67499923706055,43.69472885131836
2025-10-07,44.744998931884766,43.76319122314453
2025-10-08,44.48500061035156,43.5088996887207
2025-10-09,43.880001068115234,42.91717529296875
2025-10-10,42.61000061035156,41.675045013427734
2025-10-13,43.189998626708984,42.242313385009766
2025-10-14,43.185001373291016,42.237422943115234
2025-10-15,43.15999984741211,42.21297073364258
2025-10-16,42.63999938964844,41.70438003540039
2025-10-17,42.9900016784668,42.04670333862305
2025-10-20,43.44499969482422,42.49171829223633
2025-10-21,43.345001220703125,42.39391326904297
2025-10-22,43.900001525878906,42.93673324584961
2025-10-23,44.48500061035156,43.5088996887207
2025-10-24,44.03499984741211,43.06877136230469
2025-10-27,44.13999938964844,43.171470642089844
2025-10-28,43.68000030517578,42.721561431884766
2025-10-29,44.005001068115234,43.039432525634766
2025-10-30,43.744998931884766,42.785133361816406
2025-10-31,44.064998626708984,43.098114013671875
2025-11-03,44.06999969482422,43.103004455566406
2025-11-04,43.595001220703125,42.638427734375
2025-11-05,43.709999084472656,42.75090408325195
2025-11-06,44.1349983215332,43.16657638549805
2025-11-07,44.77000045776367,43.78764343261719
2025-11-10,45.17499923706055,44.18375778198242
2025-11-11,45.76499938964844,44.76081085205078
2025-11-12,45.125,44.134857177734375
2025-11-13,45.2400016784668,44.24733352661133
2025-11-14,46.0099983215332,45.00043487548828
2025-11-17,45.16999816894531,44.178871154785156
2025-11-18,45.529998779296875,44.530967712402344
2025-11-19,44.939998626708984,43.95391082763672
2025-11-20,44.43000030517578,43.455108642578125
2025-11-21,44.709999084472656,43.72896194458008
2025-11-24,44.584999084472656,43.60670471191406
2025-11-25,44.30500030517578,43.332847595214844
2025-11-26,44.63999938964844,43.66049575805664
2025-11-28,45.224998474121094,44.23265838623047
2025-12-01,45.65999984741211,44.658119201660156
2025-12-02,45.06999969482422,44.081058502197266
2025-12-03,45.915000915527344,44.90752029418945
2025-12-04,46.11000061035156,45.09823989868164
2025-12-05,45.91999816894531,44.91240692138672
2025-12-08,45.41999816894531,44.423377990722656
2025-12-09,45.70000076293945,44.69723892211914
2025-12-10,46.18000030517578,45.16670608520508
2025-12-11,45.959999084472656,44.951534271240234
2025-12-12,45.5099983215332,44.51140594482422
2025-12-15,45.189998626708984,44.198429107666016
2025-12-16,43.810001373291016,42.84870910644531
2025-12-17,44.779998779296875,43.79742431640625
2025-12-18,44.130001068115234,43.16169357299805
2025-12-19,44.130001068115234,43.16169357299805
2025-12-22,44.209999084472656,43.608524322509766
2025-12-23,44.5,43.89457702636719
2025-12-24,44.369998931884766,43.7663459777832
2025-12-26,44.20000076293945,43.59865951538086
2025-12-29,44.619998931884766,44.01294708251953
2025-12-30,44.959999084472656,44.34832000732422
2025-12-31,44.709999084472656,44.101722717285156
2026-01-02,45.650001525878906,45.02893829345703
2026-01-05,46.88999938964844,46.2520637512207
2026-01-06,45.63999938964844,45.019065856933594
2026-01-07,45.130001068115234,44.51601028442383
2026-01-08,46.54999923706055,45.91668701171875
2026-01-09,46.66999816894531,46.03505325317383
2026-01-12,46.34000015258789,45.70954895019531
2026-01-13,47.0,46.36056900024414
2026-01-14,48.060001373291016,47.40614700317383
2026-01-15,47.61000061035156,46.9622688293457
2026-01-16,47.689998626708984,47.04117965698242
2026-01-20,47.599998474121094,46.9524040222168
2026-01-21,48.75,48.08675765991211
2026-01-22,48.90999984741211,48.24458312988281
2026-01-23,49.189998626708984,48.52077102661133
2026-01-26,49.220001220703125,48.55036544799805
2026-01-27,49.66999816894531,48.994239807128906
2026-01-28,50.04999923706055,49.36907196044922
2026-01-29,50.5099983215332,49.82281494140625
2026-01-30,51.04999923706055,50.355464935302734
2026-02-02,50.04999923706055,49.36907196044922
2026-02-03,51.66999816894531,50.9670295715332
2026-02-04,52.83000183105469,52.11125183105469
2026-02-05,52.209999084472656,51.49968719482422
2026-02-06,53.25,52.52553939819336
2026-02-09,53.63999938964844,52.91023254394531
2026-02-10,53.58000183105469,52.85104751586914
2026-02-11,54.97999954223633,54.231998443603516
2026-02-12,53.97999954223633,53.245601654052734
2026-02-13,54.349998474121094,53.61056900024414
2026-02-17,53.75,53.018733978271484
2026-02-18,54.779998779296875,54.03472137451172
2026-02-19,55.18000030517578,54.42927932739258
2026-02-20,54.880001068115234,54.13336181640625
2026-02-23,55.150001525878906,54.399688720703125
2026-02-24,55.099998474121094,54.350364685058594
2026-02-25,54.869998931884766,54.123497009277344
2026-02-26,55.04999923706055,54.301048278808594
2026-02-27,55.91999816894531,55.159210205078125
2026-03-02,57.040000915527344,56.26397705078125
2026-03-03,56.52000045776367,55.75104904174805
2026-03-04,56.189998626708984,55.425537109375
2026-03-05,56.47999954223633,55.71159362792969
2026-03-06,56.56999969482422,55.80036926269531
2026-03-09,56.31999969482422,55.553768157958984
2026-03-10,55.599998474121094,54.843563079833984
2026-03-11,56.97999954223633,56.20478820800781
2026-03-12,57.5099983215332,56.727577209472656
2026-03-13,57.70000076293945,56.91499328613281
2026-03-16,57.900001525878906,57.11227798461914
2026-03-17,58.5099983215332,57.71397399902344
2026-03-18,58.43000030517578,57.63506317138672
2026-03-19,59.36000061035156,58.55241012573242
2026-03-20,59.310001373291016,58.503089904785156
2026-03-23,59.630001068115234,59.203041076660156
2026-03-24,60.84000015258789,60.40437698364258
2026-03-25,60.56999969482422,60.13631057739258
2026-03-26,61.52000045776367,61.07950973510742
2026-03-27,62.560001373291016,62.112064361572266
2026-03-30,61.959999084472656,61.516357421875
2026-03-31,61.2599983215332,60.82136917114258
2026-04-01,58.970001220703125,58.547767639160156
2026-04-02,59.25,58.82576370239258
2026-04-06,59.68000030517578,59.252685546875
2026-04-07,60.15999984741211,59.729248046875
2026-04-08,58.04999923706055,57.63435363769531
2026-04-09,57.33000183105469,56.91950988769531
2026-04-10,56.939998626708984,56.53230285644531
2026-04-13,57.11000061035156,56.70108413696289
2026-04-14,55.95000076293945,55.54939270019531
2026-04-15,55.7599983215332,55.360748291015625
2026-04-16,56.58000183105469,56.17488098144531
2026-04-17,55.02000045776367,54.62604904174805
2026-04-20,55.06999969482422,54.675689697265625
2026-04-21,55.869998931884766,55.46996307373047
2026-04-22,56.540000915527344,56.13516616821289
2026-04-23,56.97999954223633,56.57201385498047
2026-04-24,56.869998931884766,56.46280288696289
2026-04-27,56.77000045776367,56.363521575927734
2026-04-28,57.709999084472656,57.29678726196289
2026-04-29,59.029998779296875,58.607337951660156
2026-04-30,59.650001525878906,59.222900390625
2026-05-01,58.849998474121094,58.42862319946289
2026-05-04,59.38999938964844,58.964759826660156
2026-05-05,59.45000076293945,59.024330139160156
2026-05-06,57.0,56.59187316894531
2026-05-07,55.95000076293945,55.54939270019531
2026-05-08,55.70000076293945,55.30118179321289
2026-05-11,57.16999816894531,56.76065444946289
2026-05-12,57.56999969482422,57.15779113769531
2026-05-13,57.630001068115234,57.21736145019531
2026-05-14,58.06999969482422,57.654212951660156
2026-05-15,59.439998626708984,59.014400482177734
2026-05-18,60.58000183105469,60.146240234375
2026-05-19,61.290000915527344,60.851158142089844
2026-05-20,59.79999923706055,59.371822357177734
2026-05-21,59.130001068115234,58.70662307739258
2026-05-22,59.4900016784668,59.06404495239258
2026-05-26,57.849998474121094,57.43578338623047
2026-05-27,56.9900016784668,56.581947326660156
2026-05-28,56.95000076293945,56.542232513427734
2026-05-29,56.290000915527344,55.886959075927734
2026-06-01,57.29999923706055,56.88972473144531
2026-06-02,57.959999084472656,57.54499816894531
2026-06-03,58.709999084472656,58.28962707519531
2026-06-04,58.75,58.329341888427734
2026-06-05,57.66999816894531,57.25707244873047
2026-06-08,58.33000183105469,57.912349700927734
2026-06-09,57.38999938964844,56.97908020019531
2026-06-10,58.25,57.832923889160156
2026-06-11,57.119998931884766,56.71101379394531
2026-06-12,57.54999923706055,57.137935638427734
2026-06-15,55.54999923706055,55.15225601196289
2026-06-16,55.36000061035156,54.96361541748047
2026-06-17,54.66999816894531,54.2785530090332
2026-06-18,53.77000045776367,53.38500213623047
2026-06-22,54.060001373291016,54.060001373291016
2026-06-23,54.459999084472656,54.459999084472656
2026-06-24,53.56999969482422,53.56999969482422
2026-06-25,54.09000015258789,54.09000015258789
2026-06-26,53.84000015258789,53.84000015258789
2026-06-29,53.58000183105469,53.58000183105469
2026-06-30,53.11000061035156,53.11000061035156
2026-07-01,52.810001373291016,52.810001373291016
2026-07-02,53.220001220703125,53.220001220703125
2026-07-06,53.130001068115234,53.130001068115234
2026-07-07,54.63999938964844,54.63999938964844
2026-07-08,55.599998474121094,55.599998474121094
2026-07-09,54.81999969482422,54.81999969482422
2026-07-10,55.08000183105469,55.08000183105469
2026-07-13,56.7400016784668,56.7400016784668
2026-07-14,56.95000076293945,56.95000076293945
2026-07-15,56.5,56.5
2026-07-16,57.02000045776367,57.02000045776367
2026-07-17,57.68000030517578,57.68000030517578
2026-07-20,57.939998626708984,57.939998626708984
2026-07-21,58.5,58.5
2026-07-22,59.20000076293945,59.20000076293945
2026-07-23,59.380001068115234,59.380001068115234
2026-07-24,59.619998931884766,59.619998931884766
2026-07-27,58.36000061035156,58.36000061035156
2026-07-28,57.56999969482422,57.56999969482422
2026-07-29,58.650001525878906,58.650001525878906
2026-07-30,58.959999084472656,58.959999084472656
2026-07-31,59.54999923706055,59.54999923706055
2026-08-03,58.790000915527344,58.790000915527344
2026-08-04,58.52000045776367,58.52000045776367
2026-08-05,57.310001373291016,57.310001373291016
2026-08-06,58.15999984741211,58.15999984741211
2026-08-07,57.5,57.5
2026-08-10,60.18000030517578,60.18000030517578
2026-08-11,60.93000030517578,60.93000030517578
2026-08-12,61.029998779296875,61.029998779296875
2026-08-13,61.060001373291016,61.060001373291016
2026-08-14,61.90999984741211,61.90999984741211
2026-08-17,62.58000183105469,62.58000183105469
2026-08-18,63.68000030517578,63.68000030517578
2026-08-19,63.58000183105469,63.58000183105469
2026-08-20,63.75,63.75
2026-08-21,63.63999938964844,63.63999938964844
2026-08-24,63.11000061035156,63.11000061035156
2026-08-25,62.060001373291016,62.060001373291016
2026-08-26,62.43000030517578,62.43000030517578
2026-08-27,62.290000915527344,62.290000915527344
2026-08-28,62.68000030517578,62.68000030517578
2026-08-31,63.959999084472656,63.959999084472656
