date,close,adjusted_close
2011-01-03,13.241267204284668,9.989595413208008
2011-01-04,13.225020408630371,9.977339744567871
2011-01-05,13.379365921020508,10.093777656555176
2011-01-06,13.290007591247559,10.026369094848633
2011-01-07,13.176279067993164,9.94056510925293
2011-01-10,13.143786430358887,9.916051864624023
2011-01-11,13.192525863647461,9.952821731567383
2011-01-12,13.411860466003418,10.118297576904297
2011-01-13,13.37124252319336,10.087657928466797
2011-01-14,13.582452774047852,10.246996879577637
2011-01-18,13.501218795776367,10.185711860656738
2011-01-19,13.200650215148926,9.958951950073242
2011-01-20,13.26563835144043,10.007981300354004
2011-01-21,13.37124252319336,10.087657928466797
2011-01-24,13.354995727539062,10.075395584106445
2011-01-25,13.330625534057617,10.0570068359375
2011-01-26,13.322502136230469,10.050883293151855
2011-01-27,13.436230659484863,10.13668155670166
2011-01-28,13.200650215148926,9.958951950073242
2011-01-31,13.322502136230469,10.050883293151855
2011-02-01,13.598699569702148,10.259254455566406
2011-02-02,13.493095397949219,10.179584503173828
2011-02-03,13.501218795776367,10.185711860656738
2011-02-04,13.493095397949219,10.179584503173828
2011-02-07,13.688057899475098,10.32667064666748
2011-02-08,13.785539627075195,10.4002103805542
2011-02-09,13.688057899475098,10.32667064666748
2011-02-10,13.688057899475098,10.32667064666748
2011-02-11,13.874897956848145,10.46762466430664
2011-02-14,13.88302230834961,10.473755836486816
2011-02-15,13.866774559020996,10.461491584777832
2011-02-16,13.939886093139648,10.516654968261719
2011-02-17,13.923639297485352,10.504398345947266
2011-02-18,13.956132888793945,10.528913497924805
2011-02-22,13.525588989257812,10.204096794128418
2011-02-23,13.468725204467773,10.161197662353516
2011-02-24,13.436230659484863,10.13668155670166
2011-02-25,13.62307071685791,10.277640342712402
2011-02-28,13.688057899475098,10.32667064666748
2011-03-01,13.395612716674805,10.106039047241211
2011-03-02,13.31437873840332,10.044754981994629
2011-03-03,13.590577125549316,10.25312614440918
2011-03-04,13.419983863830566,10.124427795410156
2011-03-07,13.330625534057617,10.0570068359375
2011-03-08,13.62307071685791,10.277640342712402
2011-03-09,13.62307071685791,10.277640342712402
2011-03-10,13.346872329711914,10.06926441192627
2011-03-11,13.436230659484863,10.13668155670166
2011-03-14,13.31437873840332,10.044754981994629
2011-03-15,13.160032272338867,9.92830753326416
2011-03-16,12.916328430175781,9.744457244873047
2011-03-17,13.070673942565918,9.860896110534668
2011-03-18,13.216897010803223,9.997305870056152
2011-03-21,13.281885147094727,10.04646110534668
2011-03-22,13.208772659301758,9.99116325378418
2011-03-23,13.176279067993164,9.966584205627441
2011-03-24,13.241267204284668,10.015741348266602
2011-03-25,13.273760795593262,10.040318489074707
2011-03-28,13.23314380645752,10.009594917297363
2011-03-29,13.257513999938965,10.028031349182129
2011-03-30,13.363119125366211,10.10790729522705
2011-03-31,13.31437873840332,10.07104206085205
2011-04-01,13.428107261657715,10.15706729888916
2011-04-04,13.411860466003418,10.144780158996582
2011-04-05,13.40373706817627,10.138629913330078
2011-04-06,13.558082580566406,10.25538158416748
2011-04-07,13.493095397949219,10.206225395202637
2011-04-08,13.37124252319336,10.114056587219238
2011-04-11,13.37124252319336,10.114056587219238
2011-04-12,13.322502136230469,10.077187538146973
2011-04-13,13.225020408630371,10.00345230102539
2011-04-14,13.103167533874512,9.91128158569336
2011-04-15,13.111291885375977,9.91742992401123
2011-04-18,12.932575225830078,9.782242774963379
2011-04-19,12.973193168640137,9.812968254089355
2011-04-20,13.005685806274414,9.837546348571777
2011-04-21,13.078798294067383,9.892848014831543
2011-04-25,13.06255054473877,9.880560874938965
2011-04-26,13.143786430358887,9.942004203796387
2011-04-27,13.225020408630371,10.00345230102539
2011-04-28,13.330625534057617,10.083328247070312
2011-04-29,13.306255340576172,10.064902305603027
2011-05-02,13.249390602111816,10.021883010864258
2011-05-03,13.306255340576172,10.064902305603027
2011-05-04,13.192525863647461,9.97887134552002
2011-05-05,13.021932601928711,9.849833488464355
2011-05-06,13.086920738220215,9.898991584777832
2011-05-09,13.054427146911621,9.87441349029541
2011-05-10,13.176279067993164,9.966584205627441
2011-05-11,12.997563362121582,9.831401824951172
2011-05-12,12.997563362121582,9.831401824951172
2011-05-13,12.810723304748535,9.690074920654297
2011-05-16,12.794475555419922,9.677787780761719
2011-05-17,12.891958236694336,9.751521110534668
2011-05-18,12.948822021484375,9.794534683227539
2011-05-19,12.948822021484375,9.794534683227539
2011-05-20,12.770106315612793,9.659350395202637
2011-05-23,12.591388702392578,9.52416706085205
2011-05-24,12.575141906738281,9.511879920959473
2011-05-25,12.583266258239746,9.518028259277344
2011-05-26,12.648253440856934,9.567178726196289
2011-05-27,12.737611770629883,9.634774208068848
2011-05-31,12.867587089538574,9.733087539672852
2011-06-01,12.437043190002441,9.407421112060547
2011-06-02,12.44516658782959,9.413566589355469
2011-06-03,12.363931655883789,9.352120399475098
2011-06-06,12.128351211547852,9.173925399780273
2011-06-07,12.103981018066406,9.155496597290039
2011-06-08,11.990251541137695,9.06946849822998
2011-06-09,12.128351211547852,9.173925399780273
2011-06-10,12.04711627960205,9.112480163574219
2011-06-13,12.168968200683594,9.204648971557617
2011-06-14,12.233956336975098,9.25380802154541
2011-06-15,11.96588134765625,9.051033020019531
2011-06-16,12.030868530273438,9.10019302368164
2011-06-17,12.095856666564941,9.182206153869629
2011-06-20,12.08773422241211,9.176037788391113
2011-06-21,12.258326530456543,9.30553913116455
2011-06-22,12.18521499633789,9.250041961669922
2011-06-23,12.063363075256348,9.157543182373047
2011-06-24,11.990251541137695,9.102041244506836
2011-06-27,12.112104415893555,9.194538116455078
2011-06-28,12.168968200683594,9.237707138061523
2011-06-29,12.420796394348145,9.428873062133789
2011-06-30,12.469536781311035,9.4658784866333
2011-07-01,12.696993827819824,9.63854694366455
2011-07-05,12.583266258239746,9.552212715148926
2011-07-06,12.518278121948242,9.502875328063965
2011-07-07,12.721364974975586,9.657044410705566
2011-07-08,12.558895111083984,9.533710479736328
2011-07-11,12.217708587646484,9.27470874786377
2011-07-12,12.168968200683594,9.237707138061523
2011-07-13,12.177091598510742,9.243876457214355
2011-07-14,12.08773422241211,9.176037788391113
2011-07-15,12.063363075256348,9.157543182373047
2011-07-18,11.900894165039062,9.034208297729492
2011-07-19,12.04711627960205,9.145207405090332
2011-07-20,12.18521499633789,9.250041961669922
2011-07-21,12.477660179138184,9.472042083740234
2011-07-22,12.44516658782959,9.447375297546387
2011-07-25,12.35580825805664,9.379538536071777
2011-07-26,12.339561462402344,9.367209434509277
2011-07-27,12.04711627960205,9.145207405090332
2011-07-28,12.0552396774292,9.151374816894531
2011-07-29,12.022746086120605,9.126708030700684
2011-08-01,11.982128143310547,9.095871925354004
2011-08-02,11.65718936920166,8.84920597076416
2011-08-03,11.714054107666016,8.89237117767334
2011-08-04,11.121040344238281,8.442203521728516
2011-08-05,10.909829139709473,8.281871795654297
2011-08-08,9.878148078918457,7.49869966506958
2011-08-09,10.641755104064941,8.078371047973633
2011-08-10,9.902518272399902,7.517197608947754
2011-08-11,10.454915046691895,7.936534404754639
2011-08-12,10.381802558898926,7.881035804748535
2011-08-15,10.714865684509277,8.133871078491211
2011-08-16,10.503656387329102,7.97353458404541
2011-08-17,10.568642616271973,8.022868156433105
2011-08-18,10.056863784790039,7.634363651275635
2011-08-19,9.853776931762695,7.48020076751709
2011-08-22,9.731925010681152,7.38770055770874
2011-08-23,10.048741340637207,7.628199100494385
2011-08-24,10.316816329956055,7.8317036628723145
2011-08-25,10.284321784973145,7.80703592300415
2011-08-26,10.373680114746094,7.874871253967285
2011-08-29,10.804224014282227,8.201701164245605
2011-08-30,10.73111343383789,8.146203994750977
2011-08-31,10.86921215057373,8.251038551330566
2011-09-01,10.625508308410645,8.066035270690918
2011-09-02,10.186840057373047,7.733035564422607
2011-09-06,10.008123397827148,7.597367763519287
2011-09-07,10.487408638000488,7.961202621459961
2011-09-08,10.259950637817383,7.788534164428711
2011-09-09,9.935011863708496,7.541867256164551
2011-09-12,10.048741340637207,7.628199100494385
2011-09-13,10.113728523254395,7.6775360107421875
2011-09-14,10.235581398010254,7.770033836364746
2011-09-15,10.495532035827637,7.9673686027526855
2011-09-16,10.487408638000488,7.992130279541016
2011-09-19,10.203086853027344,7.775460243225098
2011-09-20,10.17059326171875,7.750698566436768
2011-09-21,9.666936874389648,7.366874694824219
2011-09-22,9.390739440917969,7.156394004821777
2011-09-23,9.488221168518066,7.230680465698242
2011-09-26,9.91064167022705,7.552596092224121
2011-09-27,9.959383010864258,7.589740753173828
2011-09-28,9.675061225891113,7.373066425323486
2011-09-29,9.943136215209961,7.577356338500977
2011-09-30,9.593826293945312,7.311161994934082
2011-10-03,9.16328239440918,6.983057498931885
2011-10-04,9.528838157653809,7.261633396148682
2011-10-05,9.666936874389648,7.366874694824219
2011-10-06,9.967506408691406,7.5959320068359375
2011-10-07,9.61007308959961,7.323541641235352
2011-10-10,10.105605125427246,7.701173782348633
2011-10-11,10.097481727600098,7.694979667663574
2011-10-12,10.357433319091797,7.893083572387695
2011-10-13,10.113728523254395,7.707361698150635
2011-10-14,10.235581398010254,7.8002214431762695
2011-10-17,9.9187650680542,7.55878210067749
2011-10-18,10.38992691040039,7.917840480804443
2011-10-19,10.243703842163086,7.806410789489746
2011-10-20,10.398050308227539,7.924033164978027
2011-10-21,10.666125297546387,8.128331184387207
2011-10-24,10.901705741882324,8.307853698730469
2011-10-25,10.576766967773438,8.060225486755371
2011-10-26,10.763607025146484,8.202611923217773
2011-10-27,11.40536117553711,8.69167423248291
2011-10-28,11.413484573364258,8.697863578796387
2011-10-31,10.966693878173828,8.357378005981445
2011-11-01,10.44679069519043,7.96117639541626
2011-11-02,10.75548267364502,8.196423530578613
2011-11-03,10.942322731018066,8.338804244995117
2011-11-04,10.796100616455078,8.227376937866211
2011-11-07,10.852965354919434,8.270715713500977
2011-11-08,11.056052207946777,8.425477981567383
2011-11-09,10.454915046691895,7.967369556427002
2011-11-10,10.503656387329102,8.004512786865234
2011-11-11,10.75548267364502,8.196423530578613
2011-11-14,10.536149024963379,8.029274940490723
2011-11-15,10.584890365600586,8.066418647766113
2011-11-16,10.324938774108887,7.868314743041992
2011-11-17,10.121851921081543,7.713551044464111
2011-11-18,10.154346466064453,7.738315105438232
2011-11-21,9.902518272399902,7.546402454376221
2011-11-22,9.813159942626953,7.478303909301758
2011-11-23,9.545084953308105,7.274018287658691
2011-11-25,9.569456100463867,7.29258918762207
2011-11-28,9.853776931762695,7.509259223937988
2011-11-29,9.805036544799805,7.4721198081970215
2011-11-30,10.406173706054688,7.930224418640137
2011-12-01,10.349309921264648,7.886889457702637
2011-12-02,10.487408638000488,7.992130279541016
2011-12-05,10.69861888885498,8.153087615966797
2011-12-06,10.706742286682129,8.159276962280273
2011-12-07,10.83671760559082,8.258330345153809
2011-12-08,10.414297103881836,7.936416149139404
2011-12-09,10.641755104064941,8.10975170135498
2011-12-12,10.38992691040039,7.917840480804443
2011-12-13,10.243703842163086,7.806410789489746
2011-12-14,10.203086853027344,7.775460243225098
2011-12-15,10.211210250854492,7.7816481590271
2011-12-16,10.186840057373047,7.812800884246826
2011-12-19,9.959383010864258,7.638354301452637
2011-12-20,10.333063125610352,7.9249491691589355
2011-12-21,10.38992691040039,7.968555927276611
2011-12-22,10.609260559082031,8.136778831481934
2011-12-23,10.682372093200684,8.192850112915039
2011-12-27,10.625508308410645,8.149236679077148
2011-12-28,10.454915046691895,8.018400192260742
2011-12-29,10.61738395690918,8.143009185791016
2011-12-30,10.56052017211914,8.099394798278809
2012-01-03,10.83671760559082,8.311226844787598
2012-01-04,10.804224014282227,8.28630542755127
2012-01-05,10.950447082519531,8.39845085144043
2012-01-06,10.885458946228027,8.34860897064209
2012-01-09,10.942322731018066,8.392215728759766
2012-01-10,11.137287139892578,8.54174518585205
2012-01-11,11.26726245880127,8.641429901123047
2012-01-12,11.307880401611328,8.67258358001709
2012-01-13,11.226645469665527,8.610283851623535
2012-01-17,11.137287139892578,8.54174518585205
2012-01-18,11.307880401611328,8.67258358001709
2012-01-19,11.413484573364258,8.753576278686523
2012-01-20,11.48659610748291,8.809650421142578
2012-01-23,11.527214050292969,8.840805053710938
2012-01-24,11.510967254638672,8.828339576721191
2012-01-25,11.535337448120117,8.847034454345703
2012-01-26,11.437854766845703,8.772269248962402
2012-01-27,11.478472709655762,8.803417205810547
2012-01-30,11.372867584228516,8.722426414489746
2012-01-31,11.421607971191406,8.759809494018555
2012-02-01,11.600324630737305,8.896872520446777
2012-02-02,11.65718936920166,8.940485954284668
2012-02-03,11.974004745483398,9.183466911315918
2012-02-06,11.91714096069336,9.139851570129395
2012-02-07,11.909016609191895,9.133625030517578
2012-02-08,11.998374938964844,9.20215892791748
2012-02-09,11.949633598327637,9.164774894714355
2012-02-10,11.835906028747559,9.077552795410156
2012-02-13,11.941511154174805,9.158548355102539
2012-02-14,11.827781677246094,9.071324348449707
2012-02-15,11.754671096801758,9.015247344970703
2012-02-16,11.941511154174805,9.158548355102539
2012-02-17,12.01462173461914,9.214617729187012
2012-02-21,12.006499290466309,9.20838737487793
2012-02-22,11.852152824401855,9.090014457702637
2012-02-23,11.957757949829102,9.171006202697754
2012-02-24,11.91714096069336,9.139851570129395
2012-02-27,12.006499290466309,9.20838737487793
2012-02-28,12.038992881774902,9.233311653137207
2012-02-29,11.990251541137695,9.195928573608398
2012-03-01,12.120226860046387,9.295615196228027
2012-03-02,12.079609870910645,9.264464378356934
2012-03-05,12.030868530273438,9.227079391479492
2012-03-06,11.738424301147461,9.002792358398438
2012-03-07,11.884647369384766,9.114934921264648
2012-03-08,11.998374938964844,9.20215892791748
2012-03-09,12.095856666564941,9.276923179626465
2012-03-12,12.063363075256348,9.252001762390137
2012-03-13,12.526400566101074,9.607129096984863
2012-03-14,12.542648315429688,9.619588851928711
2012-03-15,12.761981964111328,9.787803649902344
2012-03-16,12.770106315612793,9.825308799743652
2012-03-19,12.835092544555664,9.8753080368042
2012-03-20,12.900080680847168,9.925309181213379
2012-03-21,12.843216896057129,9.881559371948242
2012-03-22,12.672623634338379,9.750306129455566
2012-03-23,12.778228759765625,9.831557273864746
2012-03-26,12.981315612792969,9.987812042236328
2012-03-27,12.859463691711426,9.894060134887695
2012-03-28,12.891958236694336,9.919060707092285
2012-03-29,12.761981964111328,9.819058418273926
2012-03-30,12.835092544555664,9.8753080368042
2012-04-02,12.932575225830078,9.950311660766602
2012-04-03,12.859463691711426,9.894060134887695
2012-04-04,12.656376838684082,9.737804412841797
2012-04-05,12.623883247375488,9.712806701660156
2012-04-09,12.428919792175293,9.562799453735352
2012-04-10,12.160844802856445,9.356544494628906
2012-04-11,12.35580825805664,9.506547927856445
2012-04-12,12.583266258239746,9.681557655334473
2012-04-13,12.290820121765137,9.456546783447266
2012-04-16,12.380179405212402,9.525301933288574
2012-04-17,12.542648315429688,9.650304794311523
2012-04-18,12.461413383483887,9.58780288696289
2012-04-19,12.404548645019531,9.544050216674805
2012-04-20,12.339561462402344,9.494047164916992
2012-04-23,12.250203132629395,9.425294876098633
2012-04-24,12.388301849365234,9.531546592712402
2012-04-25,12.49390697479248,9.612799644470215
2012-04-26,12.599513053894043,9.69405460357666
2012-04-27,12.607636451721191,9.700304985046387
2012-04-30,12.534524917602539,9.644052505493164
2012-05-01,12.66450023651123,9.744058609008789
2012-05-02,12.56701946258545,9.669053077697754
2012-05-03,12.461413383483887,9.58780288696289
2012-05-04,12.266449928283691,9.437796592712402
2012-05-07,12.339561462402344,9.494047164916992
2012-05-08,12.258326530456543,9.431547164916992
2012-05-09,12.120226860046387,9.32529354095459
2012-05-10,12.168968200683594,9.362793922424316
2012-05-11,12.030868530273438,9.25654125213623
2012-05-14,11.787164688110352,9.069032669067383
2012-05-15,11.722176551818848,9.01903247833252
2012-05-16,11.551584243774414,8.88778018951416
2012-05-17,11.31600284576416,8.706521987915039
2012-05-18,11.186027526855469,8.606521606445312
2012-05-21,11.291632652282715,8.687772750854492
2012-05-22,11.380990982055664,8.756523132324219
2012-05-23,11.421607971191406,8.787771224975586
2012-05-24,11.429732322692871,8.794025421142578
2012-05-25,11.389115333557129,8.762774467468262
2012-05-29,11.551584243774414,8.88778018951416
2012-05-30,11.283509254455566,8.681519508361816
2012-05-31,11.380990982055664,8.756523132324219
2012-06-01,10.958569526672363,8.431512832641602
2012-06-04,10.852965354919434,8.350262641906738
2012-06-05,11.031682014465332,8.48776626586914
2012-06-06,11.356620788574219,8.737777709960938
2012-06-07,11.34849739074707,8.731524467468262
2012-06-08,11.48659610748291,8.837776184082031
2012-06-11,11.275385856628418,8.675271034240723
2012-06-12,11.445979118347168,8.806528091430664
2012-06-13,11.40536117553711,8.775276184082031
2012-06-14,11.543460845947266,8.8815279006958
2012-06-15,11.649065971374512,9.005877494812012
2012-06-18,11.584077835083008,8.955636978149414
2012-06-19,11.779041290283203,9.106362342834473
2012-06-20,11.803412437438965,9.125201225280762
2012-06-21,11.543460845947266,8.924234390258789
2012-06-22,11.649065971374512,9.005877494812012
2012-06-25,11.40536117553711,8.817471504211426
2012-06-26,11.462225914001465,8.861434936523438
2012-06-27,11.600324630737305,8.968194961547852
2012-06-28,11.592201232910156,8.961912155151367
2012-06-29,11.892769813537598,9.194287300109863
2012-07-02,11.96588134765625,9.250804901123047
2012-07-03,12.030868530273438,9.301048278808594
2012-07-05,11.852152824401855,9.162884712219238
2012-07-06,11.754671096801758,9.087520599365234
2012-07-09,11.738424301147461,9.07496166229248
2012-07-10,11.649065971374512,9.005877494812012
2012-07-11,11.74654769897461,9.081239700317383
2012-07-12,11.62469482421875,8.987039566040039
2012-07-13,11.949633598327637,9.238245010375977
2012-07-16,11.925264358520508,9.219406127929688
2012-07-17,11.990251541137695,9.26965045928955
2012-07-18,11.93338680267334,9.225685119628906
2012-07-19,11.860276222229004,9.169163703918457
2012-07-20,11.681559562683105,9.030999183654785
2012-07-23,11.584077835083008,8.955636978149414
2012-07-24,11.551584243774414,8.93051528930664
2012-07-25,11.592201232910156,8.961912155151367
2012-07-26,11.770917892456055,9.100079536437988
2012-07-27,11.990251541137695,9.26965045928955
2012-07-30,11.96588134765625,9.250804901123047
2012-07-31,11.909016609191895,9.206847190856934
2012-08-01,11.852152824401855,9.162884712219238
2012-08-02,11.76279354095459,9.093801498413086
2012-08-03,12.038992881774902,9.30732536315918
2012-08-06,12.08773422241211,9.345013618469238
2012-08-07,12.136473655700684,9.382691383361816
2012-08-08,12.136473655700684,9.382691383361816
2012-08-09,12.128351211547852,9.37641429901123
2012-08-10,12.136473655700684,9.382691383361816
2012-08-13,12.144598007202148,9.388976097106934
2012-08-14,12.128351211547852,9.37641429901123
2012-08-15,12.168968200683594,9.40781307220459
2012-08-16,12.250203132629395,9.470617294311523
2012-08-17,12.290820121765137,9.502017974853516
2012-08-20,12.32331371307373,9.527138710021973
2012-08-21,12.363931655883789,9.558540344238281
2012-08-22,12.347684860229492,9.545976638793945
2012-08-23,12.22583293914795,9.45177936553955
2012-08-24,12.290820121765137,9.502017974853516
2012-08-27,12.282696723937988,9.495735168457031
2012-08-28,12.266449928283691,9.483174324035645
2012-08-29,12.290820121765137,9.502017974853516
2012-08-30,12.22583293914795,9.45177936553955
2012-08-31,12.315191268920898,9.520856857299805
2012-09-04,12.315191268920898,9.520856857299805
2012-09-05,12.315191268920898,9.520856857299805
2012-09-06,12.607636451721191,9.746946334838867
2012-09-07,12.737611770629883,9.847434043884277
2012-09-10,12.63200569152832,9.765791893005371
2012-09-11,12.737611770629883,9.847434043884277
2012-09-12,12.78635311126709,9.885112762451172
2012-09-13,13.119415283203125,10.142603874206543
2012-09-14,13.225020408630371,10.224246978759766
2012-09-17,13.103167533874512,10.130045890808105
2012-09-18,13.038180351257324,10.079801559448242
2012-09-19,13.030056953430176,10.073517799377441
2012-09-20,12.95694637298584,10.016997337341309
2012-09-21,12.859463691711426,9.982945442199707
2012-09-24,12.867587089538574,9.989249229431152
2012-09-25,12.672623634338379,9.837900161743164
2012-09-26,12.591388702392578,9.774832725524902
2012-09-27,12.705118179321289,9.863123893737793
2012-09-28,12.66450023651123,9.83159351348877
2012-10-01,12.721364974975586,9.875737190246582
2012-10-02,12.745735168457031,9.8946533203125
2012-10-03,12.859463691711426,9.982945442199707
2012-10-04,13.054427146911621,10.134295463562012
2012-10-05,13.046303749084473,10.12799072265625
2012-10-08,13.038180351257324,10.121685028076172
2012-10-09,12.95694637298584,10.058622360229492
2012-10-10,12.948822021484375,10.052314758300781
2012-10-11,13.021932601928711,10.109068870544434
2012-10-12,12.843216896057129,9.970333099365234
2012-10-15,12.989439010620117,10.083846092224121
2012-10-16,13.070673942565918,10.146907806396484
2012-10-17,13.241267204284668,10.27934455871582
2012-10-18,13.26563835144043,10.298261642456055
2012-10-19,13.086920738220215,10.159523010253906
2012-10-22,13.086920738220215,10.159523010253906
2012-10-23,12.867587089538574,9.989249229431152
2012-10-24,12.867587089538574,9.989249229431152
2012-10-25,12.900080680847168,10.01447582244873
2012-10-26,12.835092544555664,9.964021682739258
2012-10-31,12.916328430175781,10.027088165283203
2012-11-01,13.078798294067383,10.153219223022461
2012-11-02,12.997563362121582,10.090150833129883
2012-11-05,12.973193168640137,10.071235656738281
2012-11-06,13.119415283203125,10.184746742248535
2012-11-07,12.680747032165527,9.844202995300293
2012-11-08,12.575141906738281,9.762219429016113
2012-11-09,12.591388702392578,9.774832725524902
2012-11-12,12.61575984954834,9.793753623962402
2012-11-13,12.526400566101074,9.724386215209961
2012-11-14,12.307066917419434,9.55411148071289
2012-11-15,12.331438064575195,9.573030471801758
2012-11-16,12.412672996520996,9.636094093322754
2012-11-19,12.648253440856934,9.818976402282715
2012-11-20,12.713240623474121,9.869428634643555
2012-11-21,12.713240623474121,9.869428634643555
2012-11-23,12.867587089538574,9.989249229431152
2012-11-26,12.818845748901367,9.951412200927734
2012-11-27,12.705118179321289,9.863123893737793
2012-11-28,12.75385856628418,9.900959968566895
2012-11-29,12.818845748901367,9.951412200927734
2012-11-30,12.802599906921387,9.938802719116211
2012-12-03,12.75385856628418,9.900959968566895
2012-12-04,12.721364974975586,9.875737190246582
2012-12-05,12.875711441040039,9.995555877685547
2012-12-06,12.916328430175781,10.027088165283203
2012-12-07,13.021932601928711,10.109068870544434
2012-12-10,12.989439010620117,10.083846092224121
2012-12-11,13.054427146911621,10.134295463562012
2012-12-12,13.111291885375977,10.178442001342773
2012-12-13,13.046303749084473,10.12799072265625
2012-12-14,12.997563362121582,10.090150833129883
2012-12-17,13.26563835144043,10.298261642456055
2012-12-18,13.460600852966309,10.449614524841309
2012-12-19,13.379365921020508,10.386550903320312
2012-12-20,13.566205978393555,10.531597137451172
2012-12-21,13.322502136230469,10.407218933105469
2012-12-24,13.298131942749023,10.38818073272705
2012-12-26,13.298131942749023,10.38818073272705
2012-12-27,13.249390602111816,10.350104331970215
2012-12-28,13.143786430358887,10.267607688903809
2012-12-31,13.31437873840332,10.400872230529785
2013-01-02,13.704304695129395,10.70547103881836
2013-01-03,13.688057899475098,10.692781448364258
2013-01-04,13.8505277633667,10.819698333740234
2013-01-07,13.818034172058105,10.794316291809082
2013-01-08,13.777417182922363,10.76258659362793
2013-01-09,13.761170387268066,10.749894142150879
2013-01-10,13.9317626953125,10.88315486907959
2013-01-11,13.899269104003906,10.857769966125488
2013-01-14,13.858652114868164,10.826041221618652
2013-01-15,13.915515899658203,10.870464324951172
2013-01-16,13.923639297485352,10.876811027526855
2013-01-17,13.915515899658203,10.870464324951172
2013-01-18,13.9317626953125,10.88315486907959
2013-01-22,14.061738014221191,10.984688758850098
2013-01-23,14.053614616394043,10.978346824645996
2013-01-24,14.126726150512695,11.035457611083984
2013-01-25,14.1917142868042,11.086225509643555
2013-01-28,14.134849548339844,11.041803359985352
2013-01-29,14.1917142868042,11.086225509643555
2013-01-30,14.126726150512695,11.035457611083984
2013-01-31,14.118602752685547,11.029111862182617
2013-02-01,14.305442810058594,11.175065994262695
2013-02-04,14.142972946166992,11.048150062561035
2013-02-05,14.281071662902832,11.156025886535645
2013-02-06,14.305442810058594,11.175065994262695
2013-02-07,14.264824867248535,11.143338203430176
2013-02-08,14.297319412231445,11.168720245361328
2013-02-11,14.362306594848633,11.219489097595215
2013-02-12,14.476036071777344,11.308330535888672
2013-02-13,14.443541526794434,11.28294563293457
2013-02-14,14.49228286743164,11.321017265319824
2013-02-15,14.427294731140137,11.270254135131836
2013-02-19,14.565394401550293,11.378133773803711
2013-02-20,14.346059799194336,11.206794738769531
2013-02-21,14.232331275939941,11.117953300476074
2013-02-22,14.41104793548584,11.257561683654785
2013-02-25,14.02112102508545,10.952960968017578
2013-02-26,14.094231605529785,11.010075569152832
2013-02-27,14.313566207885742,11.181412696838379
2013-02-28,14.289196014404297,11.162379264831543
2013-03-01,14.329813003540039,11.19410514831543
2013-03-04,14.451664924621582,11.289291381835938
2013-03-05,14.573516845703125,11.384478569030762
2013-03-06,14.670998573303223,11.460630416870117
2013-03-07,14.776603698730469,11.54312515258789
2013-03-08,14.817221641540527,11.57485580444336
2013-03-11,14.930950164794922,11.663698196411133
2013-03-12,14.849716186523438,11.600240707397461
2013-03-13,14.89033317565918,11.631967544555664
2013-03-14,14.987814903259277,11.708120346069336
2013-03-15,14.987814903259277,11.74759578704834
2013-03-18,14.841591835021973,11.632984161376953
2013-03-19,14.760356903076172,11.569313049316406
2013-03-20,14.85783863067627,11.645718574523926
2013-03-21,14.679122924804688,11.505640029907227
2013-03-22,14.768481254577637,11.57568359375
2013-03-25,14.727864265441895,11.543844223022461
2013-03-26,14.825345039367676,11.620253562927246
2013-03-27,14.75223445892334,11.562946319580078
2013-03-28,14.792851448059082,11.594781875610352
2013-04-01,14.71973991394043,11.537473678588867
2013-04-02,14.809098243713379,11.60751724243164
2013-04-03,14.565394401550293,11.416499137878418
2013-04-04,14.695369720458984,11.518376350402832
2013-04-05,14.646629333496094,11.480171203613281
2013-04-08,14.792851448059082,11.594781875610352
2013-04-09,14.83346939086914,11.62662124633789
2013-04-10,15.036556243896484,11.78580093383789
2013-04-11,15.069049835205078,11.811270713806152
2013-04-12,15.004061698913574,11.76032829284668
2013-04-15,14.687246322631836,11.512005805969238
2013-04-16,14.914703369140625,11.690292358398438
2013-04-17,14.638504981994629,11.473801612854004
2013-04-18,14.484159469604492,11.352829933166504
2013-04-19,14.687246322631836,11.512005805969238
2013-04-22,14.703493118286133,11.52474308013916
2013-04-23,14.97156810760498,11.734862327575684
2013-04-24,15.06092643737793,11.804903030395508
2013-04-25,15.150283813476562,11.874939918518066
2013-04-26,15.085296630859375,11.824003219604492
2013-04-29,15.150283813476562,11.874939918518066
2013-04-30,15.190901756286621,11.906778335571289
2013-05-01,15.020309448242188,11.773070335388184
2013-05-02,15.150283813476562,11.874939918518066
2013-05-03,15.312753677368164,12.002285957336426
2013-05-06,15.47522258758545,12.129631996154785
2013-05-07,15.556458473205566,12.193302154541016
2013-05-08,15.686433792114258,12.295180320739746
2013-05-09,15.572705268859863,12.206042289733887
2013-05-10,15.637693405151367,12.256977081298828
2013-05-13,15.686433792114258,12.295180320739746
2013-05-14,15.954508781433105,12.505303382873535
2013-05-15,16.100730895996094,12.619909286499023
2013-05-16,15.995125770568848,12.53713607788086
2013-05-17,16.206335067749023,12.702685356140137
2013-05-20,16.23883056640625,12.72815227508545
2013-05-21,16.279447555541992,12.759989738464355
2013-05-22,16.108854293823242,12.626276969909668
2013-05-23,16.01137351989746,12.549871444702148
2013-05-24,16.027620315551758,12.562605857849121
2013-05-28,16.190088272094727,12.689950942993164
2013-05-29,16.190088272094727,12.689950942993164
2013-05-30,16.385053634643555,12.842768669128418
2013-05-31,16.11697769165039,12.632645606994629
2013-06-03,16.133224487304688,12.64538288116455
2013-06-04,15.9870023727417,12.530768394470215
2013-06-05,15.72705078125,12.32701587677002
2013-06-06,15.946385383605957,12.498936653137207
2013-06-07,16.222583770751953,12.71541976928711
2013-06-10,16.2307071685791,12.721786499023438
2013-06-11,15.962632179260254,12.511665344238281
2013-06-12,15.792038917541504,12.37795639038086
2013-06-13,16.092607498168945,12.613543510437012
2013-06-14,15.881397247314453,12.447999000549316
2013-06-17,16.035743713378906,12.568974494934082
2013-06-18,16.141347885131836,12.651749610900879
2013-06-19,15.922015190124512,12.479832649230957
2013-06-20,15.580828666687012,12.212409019470215
2013-06-21,15.532088279724121,12.223274230957031
2013-06-24,15.255889892578125,12.005916595458984
2013-06-25,15.540210723876953,12.22966480255127
2013-06-26,15.694557189941406,12.351134300231934
2013-06-27,15.89764404296875,12.510957717895508
2013-06-28,15.800162315368652,12.434239387512207
2013-07-01,15.848902702331543,12.472599983215332
2013-07-02,15.865150451660156,12.485384941101074
2013-07-03,15.81640911102295,12.447025299072266
2013-07-05,16.100730895996094,12.670778274536133
2013-07-08,16.222583770751953,12.76667594909668
2013-07-09,16.360681533813477,12.875353813171387
2013-07-10,16.263200759887695,12.798640251159668
2013-07-11,16.41754722595215,12.920103073120117
2013-07-12,16.531274795532227,13.009607315063477
2013-07-15,16.604387283325195,13.067142486572266
2013-07-16,16.539398193359375,13.015996932983398
2013-07-17,16.612510681152344,13.073535919189453
2013-07-18,16.831844329833984,13.246145248413086
2013-07-19,16.839967727661133,13.252533912658691
2013-07-22,16.95369529724121,13.342035293579102
2013-07-23,16.888708114624023,13.290895462036133
2013-07-24,16.766855239868164,13.19499683380127
2013-07-25,16.783103942871094,13.207785606384277
2013-07-26,16.766855239868164,13.19499683380127
2013-07-29,16.645004272460938,13.099103927612305
2013-07-30,16.63688087463379,13.0927095413208
2013-07-31,16.645004272460938,13.099103927612305
2013-08-01,16.91307830810547,13.31007194519043
2013-08-02,16.90495491027832,13.303680419921875
2013-08-05,16.872461318969727,13.278111457824707
2013-08-06,16.718114852905273,13.156638145446777
2013-08-07,16.604387283325195,13.067142486572266
2013-08-08,16.645004272460938,13.099103927612305
2013-08-09,16.5881404876709,13.054357528686523
2013-08-12,16.523151397705078,13.003210067749023
2013-08-13,16.604387283325195,13.067142486572266
2013-08-14,16.539398193359375,13.015996932983398
2013-08-15,16.29569435119629,12.824209213256836
2013-08-16,16.263200759887695,12.798640251159668
2013-08-19,16.051990509033203,12.632421493530273
2013-08-20,16.206335067749023,12.753886222839355
2013-08-21,16.092607498168945,12.664387702941895
2013-08-22,16.279447555541992,12.811424255371094
2013-08-23,16.29569435119629,12.824209213256836
2013-08-26,16.190088272094727,12.741101264953613
2013-08-27,15.800162315368652,12.434239387512207
2013-08-28,15.824533462524414,12.453418731689453
2013-08-29,15.865150451660156,12.485384941101074
2013-08-30,15.792038917541504,12.427846908569336
2013-09-03,15.922015190124512,12.530137062072754
2013-09-04,16.043867111206055,12.626032829284668
2013-09-05,16.084484100341797,12.65799617767334
2013-09-06,16.084484100341797,12.65799617767334
2013-09-09,16.271324157714844,12.805030822753906
2013-09-10,16.46628761291504,12.958460807800293
2013-09-11,16.482534408569336,12.971248626708984
2013-09-12,16.360681533813477,12.875353813171387
2013-09-13,16.409423828125,12.913710594177246
2013-09-16,16.5881404876709,13.054357528686523
2013-09-17,16.669374465942383,13.118285179138184
2013-09-18,16.815597534179688,13.233360290527344
2013-09-19,16.750608444213867,13.182208061218262
2013-09-20,16.596263885498047,13.112255096435547
2013-09-23,16.360681533813477,12.926130294799805
2013-09-24,16.255077362060547,12.842694282531738
2013-09-25,16.34443473815918,12.913293838500977
2013-09-26,16.34443473815918,12.913293838500977
2013-09-27,16.28757095336914,12.868367195129395
2013-09-30,16.17384147644043,12.778511047363281
2013-10-01,16.28757095336914,12.868367195129395
2013-10-02,16.279447555541992,12.86194896697998
2013-10-03,16.157594680786133,12.765677452087402
2013-10-04,16.28757095336914,12.868367195129395
2013-10-07,16.100730895996094,12.720747947692871
2013-10-08,15.89764404296875,12.560297966003418
2013-10-09,15.954508781433105,12.605223655700684
2013-10-10,16.409423828125,12.964639663696289
2013-10-11,16.498781204223633,13.035235404968262
2013-10-14,16.580015182495117,13.099418640136719
2013-10-15,16.45816421508789,13.003149032592773
2013-10-16,16.80747413635254,13.279128074645996
2013-10-17,16.95369529724121,13.394654273986816
2013-10-18,16.986190795898438,13.420328140258789
2013-10-21,16.95369529724121,13.394654273986816
2013-10-22,16.986190795898438,13.420328140258789
2013-10-23,16.84809112548828,13.311216354370117
2013-10-24,16.872461318969727,13.330476760864258
2013-10-25,16.945573806762695,13.388235092163086
2013-10-28,16.90495491027832,13.356146812438965
2013-10-29,16.95369529724121,13.394654273986816
2013-10-30,16.888708114624023,13.343311309814453
2013-10-31,16.709991455078125,13.20211124420166
2013-11-01,16.750608444213867,13.234196662902832
2013-11-04,16.75873374938965,13.240616798400879
2013-11-05,16.669374465942383,13.170021057128906
2013-11-06,16.750608444213867,13.234196662902832
2013-11-07,16.56376838684082,13.086583137512207
2013-11-08,16.945573806762695,13.388235092163086
2013-11-11,16.95369529724121,13.394654273986816
2013-11-12,16.791227340698242,13.266292572021484
2013-11-13,16.937448501586914,13.381815910339355
2013-11-14,17.08367156982422,13.497345924377441
2013-11-15,17.164907455444336,13.56152629852295
2013-11-18,17.156782150268555,13.555107116699219
2013-11-19,17.181154251098633,13.574363708496094
2013-11-20,17.132413864135742,13.535853385925293
2013-11-21,17.376117706298828,13.728394508361816
2013-11-22,17.457351684570312,13.79257869720459
2013-11-25,17.481721878051758,13.811833381652832
2013-11-26,17.46547508239746,13.798999786376953
2013-11-27,17.51421546936035,13.837505340576172
2013-11-29,17.449228286743164,13.786161422729492
2013-12-02,17.441104888916016,13.779741287231445
2013-12-03,17.262388229370117,13.63854694366455
2013-12-04,17.30300521850586,13.670629501342773
2013-12-05,17.140535354614258,13.54227066040039
2013-12-06,17.376117706298828,13.728394508361816
2013-12-09,17.449228286743164,13.786161422729492
2013-12-10,17.384239196777344,13.734813690185547
2013-12-11,17.14866065979004,13.548689842224121
2013-12-12,17.14866065979004,13.548689842224121
2013-12-13,17.164907455444336,13.56152629852295
2013-12-16,17.270511627197266,13.644959449768066
2013-12-17,17.156782150268555,13.555107116699219
2013-12-18,17.554832458496094,13.869598388671875
2013-12-19,17.53046226501465,13.850337982177734
2013-12-20,17.554832458496094,13.93481731414795
2013-12-23,17.63606834411621,13.999296188354492
2013-12-24,17.668561935424805,14.025094032287598
2013-12-26,17.70918083190918,14.057333946228027
2013-12-27,17.7010555267334,14.050887107849121
2013-12-30,17.668561935424805,14.025094032287598
2013-12-31,17.757919311523438,14.096024513244629
2014-01-02,17.660438537597656,14.018643379211426
2014-01-03,17.782291412353516,14.115371704101562
2014-01-06,17.798538208007812,14.128263473510742
2014-01-07,17.80666160583496,14.134714126586914
2014-01-08,17.863525390625,14.179855346679688
2014-01-09,17.928512573242188,14.231441497802734
2014-01-10,17.896018981933594,14.205645561218262
2014-01-13,17.627944946289062,13.992847442626953
2014-01-14,17.774166107177734,14.108920097351074
2014-01-15,17.98537826538086,14.27657699584961
2014-01-16,17.87164878845215,14.186300277709961
2014-01-17,17.81478500366211,14.141164779663086
2014-01-21,17.831031799316406,14.154059410095215
2014-01-22,17.839155197143555,14.160503387451172
2014-01-23,17.546709060668945,13.92836856842041
2014-01-24,17.14866065979004,13.61240005493164
2014-01-27,17.043054580688477,13.528573036193848
2014-01-28,17.270511627197266,13.709121704101562
2014-01-29,17.067424774169922,13.547914505004883
2014-01-30,17.311128616333008,13.741361618041992
2014-01-31,17.108041763305664,13.580156326293945
2014-02-03,16.67749786376953,13.238399505615234
2014-02-04,16.839967727661133,13.367361068725586
2014-02-05,16.823720932006836,13.35446548461914
2014-02-06,17.08367156982422,13.560813903808594
2014-02-07,17.29488182067871,13.728471755981445
2014-02-10,17.311128616333008,13.741361618041992
2014-02-11,17.489845275878906,13.88322925567627
2014-02-12,17.489845275878906,13.88322925567627
2014-02-13,17.554832458496094,13.93481731414795
2014-02-14,17.579204559326172,13.954154968261719
2014-02-18,17.611698150634766,13.979957580566406
2014-02-19,17.36799430847168,13.786502838134766
2014-02-20,17.41673469543457,13.825193405151367
2014-02-21,17.449228286743164,13.850987434387207
2014-02-24,17.579204559326172,13.954154968261719
2014-02-25,17.47359848022461,13.870331764221191
2014-02-26,17.449228286743164,13.850987434387207
2014-02-27,17.53858757019043,13.921921730041504
2014-02-28,17.627944946289062,13.992847442626953
2014-03-03,17.489845275878906,13.88322925567627
2014-03-04,17.847278594970703,14.166956901550293
2014-03-05,18.03411865234375,14.315266609191895
2014-03-06,18.09098243713379,14.360403060913086
2014-03-07,18.172218322753906,14.424890518188477
2014-03-10,18.180341720581055,14.431329727172852
2014-03-11,18.058488845825195,14.334609985351562
2014-03-12,18.0259952545166,14.308818817138672
2014-03-13,17.822908401489258,14.147612571716309
2014-03-14,17.70918083190918,14.057333946228027
2014-03-17,17.896018981933594,14.205645561218262
2014-03-18,17.98537826538086,14.27657699584961
2014-03-19,17.97725486755371,14.270123481750488
2014-03-20,18.26157569885254,14.495817184448242
2014-03-21,18.19658851623535,14.497757911682129
2014-03-24,18.188465118408203,14.491289138793945
2014-03-25,18.172218322753906,14.47834587097168
2014-03-26,17.98537826538086,14.329490661621094
2014-03-27,17.887895584106445,14.251816749572754
2014-03-28,17.96100616455078,14.310063362121582
2014-03-31,18.147846221923828,14.4589204788208
2014-04-01,18.180341720581055,14.484810829162598
2014-04-02,18.220958709716797,14.517179489135742
2014-04-03,18.188465118408203,14.491289138793945
2014-04-04,18.009748458862305,14.348901748657227
2014-04-07,17.733549118041992,14.128846168518066
2014-04-08,17.757919311523438,14.148258209228516
2014-04-09,17.91226577758789,14.271232604980469
2014-04-10,17.497968673706055,13.941143989562988
2014-04-11,17.286758422851562,13.772868156433105
2014-04-14,17.42485809326172,13.882902145385742
2014-04-15,17.587326049804688,14.012344360351562
2014-04-16,17.725425720214844,14.122371673583984
2014-04-17,17.757919311523438,14.148258209228516
2014-04-21,17.74167251586914,14.135315895080566
2014-04-22,17.863525390625,14.232400894165039
2014-04-23,17.904142379760742,14.26476001739502
2014-04-24,17.896018981933594,14.258288383483887
2014-04-25,17.749797821044922,14.14178466796875
2014-04-28,17.64419174194336,14.05765151977539
2014-04-29,17.81478500366211,14.193563461303711
2014-04-30,17.839155197143555,14.21298599243164
2014-05-01,17.87164878845215,14.23886775970459
2014-05-02,17.863525390625,14.232400894165039
2014-05-05,17.790414810180664,14.174148559570312
2014-05-06,17.53858757019043,13.973515510559082
2014-05-07,17.774166107177734,14.161202430725098
2014-05-08,17.822908401489258,14.20003890991211
2014-05-09,17.81478500366211,14.193563461303711
2014-05-12,17.993501663208008,14.335953712463379
2014-05-13,17.97725486755371,14.323010444641113
2014-05-14,17.847278594970703,14.219449996948242
2014-05-15,17.64419174194336,14.05765151977539
2014-05-16,17.668561935424805,14.077068328857422
2014-05-19,17.757919311523438,14.148258209228516
2014-05-20,17.652315139770508,14.064116477966309
2014-05-21,17.76604461669922,14.15473461151123
2014-05-22,17.847278594970703,14.219449996948242
2014-05-23,17.904142379760742,14.26476001739502
2014-05-27,18.058488845825195,14.387734413146973
2014-05-28,18.0259952545166,14.361839294433594
2014-05-29,18.066612243652344,14.394201278686523
2014-05-30,18.107229232788086,14.426565170288086
2014-06-02,18.15597152709961,14.465399742126465
2014-06-03,18.180341720581055,14.484810829162598
2014-06-04,18.229082107543945,14.52364730834961
2014-06-05,18.399675369262695,14.659568786621094
2014-06-06,18.521526336669922,14.756648063659668
2014-06-09,18.60276222229004,14.821369171142578
2014-06-10,18.59463882446289,14.814894676208496
2014-06-11,18.47278594970703,14.717812538146973
2014-06-12,18.359058380126953,14.627199172973633
2014-06-13,18.3671817779541,14.633673667907715
2014-06-16,18.277822494506836,14.562484741210938
2014-06-17,18.464662551879883,14.711339950561523
2014-06-18,18.570268630981445,14.795487403869629
2014-06-19,18.5458984375,14.7760648727417
2014-06-20,18.5458984375,14.83454418182373
2014-06-23,18.586515426635742,14.867030143737793
2014-06-24,18.464662551879883,14.76956844329834
2014-06-25,18.48090934753418,14.782564163208008
2014-06-26,18.415922164916992,14.730581283569336
2014-06-27,18.489032745361328,14.789057731628418
2014-06-30,18.47278594970703,14.776062965393066
2014-07-01,18.586515426635742,14.867030143737793
2014-07-02,18.570268630981445,14.854034423828125
2014-07-03,18.71649169921875,14.971003532409668
2014-07-07,18.635255813598633,14.906023979187012
2014-07-08,18.47278594970703,14.776062965393066
2014-07-09,18.521526336669922,14.815058708190918
2014-07-10,18.399675369262695,14.717582702636719
2014-07-11,18.43216896057129,14.743578910827637
2014-07-14,18.5458984375,14.83454418182373
2014-07-15,18.675872802734375,14.938508987426758
2014-07-16,18.64337921142578,14.912517547607422
2014-07-17,18.399675369262695,14.717582702636719
2014-07-18,18.610885620117188,14.8865327835083
2014-07-21,18.562145233154297,14.847542762756348
2014-07-22,18.619009017944336,14.893023490905762
2014-07-23,18.659626007080078,14.925517082214355
2014-07-24,18.700244903564453,14.958003997802734
2014-07-25,18.59463882446289,14.873533248901367
2014-07-28,18.60276222229004,14.880029678344727
2014-07-29,18.505279541015625,14.802056312561035
2014-07-30,18.586515426635742,14.867030143737793
2014-07-31,18.2047119140625,14.561634063720703
2014-08-01,18.050365447998047,14.438179016113281
2014-08-04,18.19658851623535,14.555140495300293
2014-08-05,18.009748458862305,14.405685424804688
2014-08-06,18.08285903930664,14.464168548583984
2014-08-07,18.001625061035156,14.399191856384277
2014-08-08,18.180341720581055,14.542144775390625
2014-08-11,18.19658851623535,14.555140495300293
2014-08-12,18.237205505371094,14.587626457214355
2014-08-13,18.318439483642578,14.652607917785645
2014-08-14,18.43216896057129,14.743578910827637
2014-08-15,18.342811584472656,14.672101020812988
2014-08-18,18.5458984375,14.83454418182373
2014-08-19,18.578392028808594,14.860540390014648
2014-08-20,18.627132415771484,14.899526596069336
2014-08-21,18.846466064453125,15.074962615966797
2014-08-22,18.781478881835938,15.02298641204834
2014-08-25,18.94394874572754,15.15294361114502
2014-08-26,18.98456573486328,15.185428619384766
2014-08-27,18.94394874572754,15.15294361114502
2014-08-28,18.887083053588867,15.107446670532227
2014-08-29,18.976442337036133,15.178933143615723
2014-09-02,19.04955291748047,15.237410545349121
2014-09-03,19.017059326171875,15.211419105529785
2014-09-04,19.033306121826172,15.22441577911377
2014-09-05,19.057676315307617,15.24390697479248
2014-09-08,19.065799713134766,15.250407218933105
2014-09-09,18.87083625793457,15.094460487365723
2014-09-10,18.968318939208984,15.172428131103516
2014-09-11,19.017059326171875,15.211419105529785
2014-09-12,19.000812530517578,15.198426246643066
2014-09-15,18.99268913269043,15.191926956176758
2014-09-16,19.073923110961914,15.256904602050781
2014-09-17,19.1551570892334,15.321882247924805
2014-09-18,19.341997146606445,15.471336364746094
2014-09-19,19.21202278137207,15.430880546569824
2014-09-22,19.082046508789062,15.326492309570312
2014-09-23,18.952070236206055,15.222097396850586
2014-09-24,19.057676315307617,15.30691146850586
2014-09-25,18.740861892700195,15.052447319030762
2014-09-26,18.919578552246094,15.195990562438965
2014-09-29,18.854589462280273,15.143794059753418
2014-09-30,18.82209587097168,15.117692947387695
2014-10-01,18.59463882446289,14.935003280639648
2014-10-02,18.64337921142578,14.974150657653809
2014-10-03,18.911453247070312,15.189464569091797
2014-10-06,18.854589462280273,15.143794059753418
2014-10-07,18.53777313232422,14.88933277130127
2014-10-08,18.887083053588867,15.169892311096191
2014-10-09,18.489032745361328,14.850183486938477
2014-10-10,18.342811584472656,14.73273754119873
2014-10-13,18.180341720581055,14.602249145507812
2014-10-14,18.25345230102539,14.660968780517578
2014-10-15,17.904142379760742,14.380404472351074
2014-10-16,17.904142379760742,14.380404472351074
2014-10-17,18.13159942626953,14.563100814819336
2014-10-20,18.237205505371094,14.64791488647461
2014-10-21,18.578392028808594,14.921955108642578
2014-10-22,18.407798767089844,14.78493595123291
2014-10-23,18.586515426635742,14.928479194641113
2014-10-24,18.76523208618164,15.072019577026367
2014-10-27,18.789602279663086,15.091597557067871
2014-10-28,18.99268913269043,15.254718780517578
2014-10-29,19.04142951965332,15.293862342834473
2014-10-30,19.147035598754883,15.378683090209961
2014-10-31,19.366369247436523,15.554849624633789
2014-11-03,19.43947982788086,15.61357307434082
2014-11-04,19.447603225708008,15.620094299316406
2014-11-05,19.577579498291016,15.724492073059082
2014-11-06,19.61007308959961,15.750593185424805
2014-11-07,19.618196487426758,15.757112503051758
2014-11-10,19.72380256652832,15.841933250427246
2014-11-11,19.6588134765625,15.789741516113281
2014-11-12,19.618196487426758,15.757112503051758
2014-11-13,19.61007308959961,15.750593185424805
2014-11-14,19.545085906982422,15.698396682739258
2014-11-17,19.545085906982422,15.698396682739258
2014-11-18,19.61007308959961,15.750593185424805
2014-11-19,19.569456100463867,15.717960357666016
2014-11-20,19.569456100463867,15.717960357666016
2014-11-21,19.66693687438965,15.796257972717285
2014-11-24,19.796913146972656,15.90066146850586
2014-11-25,19.78066635131836,15.887608528137207
2014-11-26,19.805036544799805,15.907187461853027
2014-11-28,19.8212833404541,15.920234680175781
2014-12-01,19.683183670043945,15.809309959411621
2014-12-02,19.870023727416992,15.959385871887207
2014-12-03,19.959383010864258,16.03114891052246
2014-12-04,19.983753204345703,16.05072593688965
2014-12-05,20.1624698638916,16.19427490234375
2014-12-08,20.259950637817383,16.27255630493164
2014-12-09,20.211210250854492,16.233413696289062
2014-12-10,19.95125961303711,16.024625778198242
2014-12-11,20.0,16.06377410888672
2014-12-12,19.61007308959961,15.750593185424805
2014-12-15,19.43135643005371,15.607049942016602
2014-12-16,19.244516372680664,15.45698070526123
2014-12-17,19.683183670043945,15.809309959411621
2014-12-18,20.138099670410156,16.174694061279297
2014-12-19,20.04874038696289,16.185182571411133
2014-12-22,20.186840057373047,16.296676635742188
2014-12-23,20.300569534301758,16.388484954833984
2014-12-24,20.268075942993164,16.36225128173828
2014-12-26,20.268075942993164,16.36225128173828
2014-12-29,20.3411865234375,16.42127799987793
2014-12-30,20.316816329956055,16.401607513427734
2014-12-31,20.089357376098633,16.21796989440918
2015-01-02,20.089357376098633,16.21796989440918
2015-01-05,19.66693687438965,15.876956939697266
2015-01-06,19.366369247436523,15.634312629699707
2015-01-07,19.569456100463867,15.798262596130371
2015-01-08,19.861900329589844,16.034360885620117
2015-01-09,19.593826293945312,15.8179349899292
2015-01-12,19.43135643005371,15.686777114868164
2015-01-13,19.366369247436523,15.634312629699707
2015-01-14,19.090171813964844,15.411345481872559
2015-01-15,18.854589462280273,15.221156120300293
2015-01-16,19.082046508789062,15.404790878295898
2015-01-20,19.000812530517578,15.339200019836426
2015-01-21,19.04955291748047,15.37855339050293
2015-01-22,19.520715713500977,15.758916854858398
2015-01-23,19.30950355529785,15.588411331176758
2015-01-26,19.406986236572266,15.667108535766602
2015-01-27,19.195775985717773,15.496594429016113
2015-01-28,18.846466064453125,15.214595794677734
2015-01-29,19.000812530517578,15.339200019836426
2015-01-30,18.692119598388672,15.089993476867676
2015-02-02,18.99268913269043,15.332646369934082
2015-02-03,19.30950355529785,15.588411331176758
2015-02-04,19.26076316833496,15.54905891418457
2015-02-05,19.455726623535156,15.706452369689941
2015-02-06,19.61007308959961,15.831055641174316
2015-02-09,19.512590408325195,15.752359390258789
2015-02-10,19.66693687438965,15.876956939697266
2015-02-11,19.66693687438965,15.876956939697266
2015-02-12,19.861900329589844,16.034360885620117
2015-02-13,19.845653533935547,16.021244049072266
2015-02-17,19.910642623901367,16.073701858520508
2015-02-18,19.788789749145508,15.975334167480469
2015-02-19,19.707555770874023,15.909749984741211
2015-02-20,19.853776931762695,16.027799606323242
2015-02-23,19.805036544799805,15.988445281982422
2015-02-24,19.902517318725586,16.0671443939209
2015-02-25,19.902517318725586,16.0671443939209
2015-02-26,19.853776931762695,16.027799606323242
2015-02-27,19.78066635131836,15.968778610229492
2015-03-02,19.926889419555664,16.086820602416992
2015-03-03,19.870023727416992,16.040910720825195
2015-03-04,19.748172760009766,15.942532539367676
2015-03-05,19.82940673828125,16.00811195373535
2015-03-06,19.683183670043945,15.89007568359375
2015-03-09,19.77254295349121,15.9622163772583
2015-03-10,19.350122451782227,15.621195793151855
2015-03-11,19.471973419189453,15.719562530517578
2015-03-12,19.89439582824707,16.060592651367188
2015-03-13,19.756296157836914,15.949100494384766
2015-03-16,20.0,16.14583396911621
2015-03-17,19.95125961303711,16.106487274169922
2015-03-18,20.064987182617188,16.19830322265625
2015-03-19,19.87814712524414,16.047475814819336
2015-03-20,20.073110580444336,16.265352249145508
2015-03-23,19.959383010864258,16.173194885253906
2015-03-24,19.796913146972656,16.041545867919922
2015-03-25,19.4800968170166,15.784831047058105
2015-03-26,19.463851928710938,15.77166748046875
2015-03-27,19.43947982788086,15.751913070678711
2015-03-30,19.72380256652832,15.98230266571045
2015-03-31,19.585702896118164,15.870405197143555
2015-04-01,19.569456100463867,15.857231140136719
2015-04-02,19.66693687438965,15.936222076416016
2015-04-06,19.699430465698242,15.962557792663574
2015-04-07,19.593826293945312,15.876978874206543
2015-04-08,19.66693687438965,15.936222076416016
2015-04-09,19.699430465698242,15.962557792663574
2015-04-10,19.691307067871094,15.955968856811523
2015-04-13,19.764419555664062,16.015209197998047
2015-04-14,19.764419555664062,16.015209197998047
2015-04-15,19.8375301361084,16.074460983276367
2015-04-16,19.870023727416992,16.100784301757812
2015-04-17,19.60194969177246,15.883562088012695
2015-04-20,19.683183670043945,15.949393272399902
2015-04-21,19.585702896118164,15.870405197143555
2015-04-22,19.72380256652832,15.98230266571045
2015-04-23,19.756296157836914,16.008628845214844
2015-04-24,19.72380256652832,15.98230266571045
2015-04-27,19.65069007873535,15.92306137084961
2015-04-28,19.764419555664062,16.015209197998047
2015-04-29,19.756296157836914,16.008628845214844
2015-04-30,19.60194969177246,15.883562088012695
2015-05-01,19.77254295349121,16.021800994873047
2015-05-04,19.967506408691406,16.179777145385742
2015-05-05,19.788789749145508,16.03496551513672
2015-05-06,19.691307067871094,15.955968856811523
2015-05-07,19.82940673828125,16.067873001098633
2015-05-08,20.11372947692871,16.298263549804688
2015-05-11,20.040616989135742,16.239015579223633
2015-05-12,19.967506408691406,16.179777145385742
2015-05-13,19.975629806518555,16.186359405517578
2015-05-14,20.154346466064453,16.331174850463867
2015-05-15,20.064987182617188,16.258771896362305
2015-05-18,20.1787166595459,16.350921630859375
2015-05-19,20.292444229125977,16.443077087402344
2015-05-20,20.235580444335938,16.396997451782227
2015-05-21,20.186840057373047,16.35750961303711
2015-05-22,20.194963455200195,16.364091873168945
2015-05-26,19.967506408691406,16.179777145385742
2015-05-27,20.186840057373047,16.35750961303711
2015-05-28,20.1624698638916,16.337759017944336
2015-05-29,19.983753204345703,16.19294548034668
2015-06-01,20.0,16.206104278564453
2015-06-02,20.032493591308594,16.23243522644043
2015-06-03,20.203086853027344,16.37067222595215
2015-06-04,20.024370193481445,16.22585678100586
2015-06-05,20.138099670410156,16.318008422851562
2015-06-08,20.016246795654297,16.21927261352539
2015-06-09,20.064987182617188,16.258771896362305
2015-06-10,20.34930992126465,16.489160537719727
2015-06-11,20.430543899536133,16.554975509643555
2015-06-12,20.3411865234375,16.482572555541992
2015-06-15,20.251827239990234,16.410171508789062
2015-06-16,20.365556716918945,16.5023193359375
2015-06-17,20.3411865234375,16.482572555541992
2015-06-18,20.528026580810547,16.633968353271484
2015-06-19,20.097482681274414,16.356298446655273
2015-06-22,20.406173706054688,16.60753059387207
2015-06-23,20.44679069519043,16.640581130981445
2015-06-24,20.27619743347168,16.501747131347656
2015-06-25,20.154346466064453,16.40257453918457
2015-06-26,20.21933364868164,16.455467224121094
2015-06-29,19.731924057006836,16.05879020690918
2015-06-30,19.805036544799805,16.118288040161133
2015-07-01,20.10560417175293,16.36290740966797
2015-07-02,20.016246795654297,16.29018211364746
2015-07-06,19.935012817382812,16.224071502685547
2015-07-07,19.975629806518555,16.25712776184082
2015-07-08,19.626319885253906,15.97283935546875
2015-07-09,19.78066635131836,16.09846305847168
2015-07-10,20.016246795654297,16.29018211364746
2015-07-13,20.259950637817383,16.488513946533203
2015-07-14,20.308692932128906,16.5281925201416
2015-07-15,20.479284286499023,16.667024612426758
2015-07-16,20.682371139526367,16.832305908203125
2015-07-17,20.625507354736328,16.786033630371094
2015-07-20,20.649877548217773,16.805864334106445
2015-07-21,20.625507354736328,16.786033630371094
2015-07-22,20.77985382080078,16.911643981933594
2015-07-23,20.601137161254883,16.766189575195312
2015-07-24,20.406173706054688,16.60753059387207
2015-07-27,20.259950637817383,16.488513946533203
2015-07-28,20.3411865234375,16.554636001586914
2015-07-29,20.544273376464844,16.719913482666016
2015-07-30,20.544273376464844,16.719913482666016
2015-07-31,20.479284286499023,16.667024612426758
2015-08-03,20.454914093017578,16.647188186645508
2015-08-04,20.422420501708984,16.620750427246094
2015-08-05,20.5036563873291,16.686859130859375
2015-08-06,20.430543899536133,16.627361297607422
2015-08-07,20.471162796020508,16.66041374206543
2015-08-10,20.66612434387207,16.819087982177734
2015-08-11,20.479284286499023,16.667024612426758
2015-08-12,20.292444229125977,16.514972686767578
2015-08-13,20.365556716918945,16.57447052001953
2015-08-14,20.51177978515625,16.693471908569336
2015-08-17,20.552396774291992,16.726526260375977
2015-08-18,20.536148071289062,16.71330451965332
2015-08-19,20.34930992126465,16.561250686645508
2015-08-20,19.918764114379883,16.21084976196289
2015-08-21,19.203899383544922,15.629059791564941
2015-08-24,18.3834285736084,14.961322784423828
2015-08-25,18.139724731445312,14.762981414794922
2015-08-26,18.82209587097168,15.318321228027344
2015-08-27,19.285133361816406,15.69516658782959
2015-08-28,19.195775985717773,15.622444152832031
2015-08-31,19.033306121826172,15.49022102355957
2015-09-01,18.415922164916992,14.987764358520508
2015-09-02,18.667749404907227,15.192707061767578
2015-09-03,18.77335548400879,15.278660774230957
2015-09-04,18.399675369262695,14.9745454788208
2015-09-08,18.87083625793457,15.35799503326416
2015-09-09,18.610885620117188,15.146437644958496
2015-09-10,18.700244903564453,15.219160079956055
2015-09-11,18.781478881835938,15.285272598266602
2015-09-14,18.740861892700195,15.252214431762695
2015-09-15,19.008935928344727,15.470385551452637
2015-09-16,19.130788803100586,15.569552421569824
2015-09-17,18.862712860107422,15.351380348205566
2015-09-18,18.407798767089844,15.054414749145508
2015-09-21,18.619009017944336,15.22714614868164
2015-09-22,18.3834285736084,15.034483909606934
2015-09-23,18.391551971435547,15.04112434387207
2015-09-24,18.26157569885254,14.934829711914062
2015-09-25,18.529651641845703,15.154070854187012
2015-09-28,18.099105834960938,14.80195426940918
2015-09-29,18.13159942626953,14.828530311584473
2015-09-30,18.407798767089844,15.054414749145508
2015-10-01,18.415922164916992,15.061054229736328
2015-10-02,18.440292358398438,15.080986976623535
2015-10-05,18.830219268798828,15.399879455566406
2015-10-06,18.740861892700195,15.326801300048828
2015-10-07,18.887083053588867,15.446385383605957
2015-10-08,19.000812530517578,15.539397239685059
2015-10-09,18.87895965576172,15.439741134643555
2015-10-12,18.895206451416016,15.453023910522461
2015-10-13,18.748985290527344,15.333446502685547
2015-10-14,18.59463882446289,15.207221031188965
2015-10-15,19.017059326171875,15.552684783935547
2015-10-16,19.130788803100586,15.6456880569458
2015-10-19,19.114540100097656,15.632407188415527
2015-10-20,19.228269577026367,15.725418090820312
2015-10-21,19.090171813964844,15.61247730255127
2015-10-22,19.398862838745117,15.864936828613281
2015-10-23,19.61007308959961,16.03766441345215
2015-10-26,19.528837203979492,15.971226692199707
2015-10-27,19.415109634399414,15.878229141235352
2015-10-28,19.870023727416992,16.25025749206543
2015-10-29,19.845653533935547,16.23033332824707
2015-10-30,19.56133270263672,15.997806549072266
2015-11-02,19.82940673828125,16.217041015625
2015-11-03,19.861900329589844,16.243623733520508
2015-11-04,19.805036544799805,16.197111129760742
2015-11-05,19.88627052307129,16.263545989990234
2015-11-06,20.089357376098633,16.429641723632812
2015-11-09,19.870023727416992,16.25025749206543
2015-11-10,19.959383010864258,16.32333755493164
2015-11-11,19.89439582824707,16.270193099975586
2015-11-12,19.593826293945312,16.02437973022461
2015-11-13,19.43135643005371,15.891504287719727
2015-11-16,19.66693687438965,16.084171295166016
2015-11-17,19.626319885253906,16.050952911376953
2015-11-18,19.975629806518555,16.336627960205078
2015-11-19,20.00812339782715,16.363203048706055
2015-11-20,20.040616989135742,16.3897762298584
2015-11-23,19.959383010864258,16.32333755493164
2015-11-24,19.902517318725586,16.276836395263672
2015-11-25,19.918764114379883,16.290122985839844
2015-11-27,19.967506408691406,16.32999038696289
2015-11-30,19.95125961303711,16.316699981689453
2015-12-01,20.17059326171875,16.49607276916504
2015-12-02,19.935012817382812,16.30341148376465
2015-12-03,19.61007308959961,16.03766441345215
2015-12-04,20.129976272583008,16.462854385375977
2015-12-07,19.94313621520996,16.31005859375
2015-12-08,19.691307067871094,16.104101181030273
2015-12-09,19.463851928710938,15.918085098266602
2015-12-10,19.4800968170166,15.931370735168457
2015-12-11,19.04955291748047,15.579262733459473
2015-12-14,19.090171813964844,15.61247730255127
2015-12-15,19.536962509155273,15.977869987487793
2015-12-16,19.853776931762695,16.236974716186523
2015-12-17,19.569456100463867,16.00444793701172
2015-12-18,18.927701950073242,15.576594352722168
2015-12-21,19.114540100097656,15.730358123779297
2015-12-22,19.293258666992188,15.877436637878418
2015-12-23,19.520715713500977,16.064619064331055
2015-12-24,19.50446891784668,16.05124855041504
2015-12-28,19.48822021484375,16.037874221801758
2015-12-29,19.691307067871094,16.204998016357422
2015-12-30,19.55320930480957,16.091350555419922
2015-12-31,19.358245849609375,15.930912017822266
2016-01-04,18.98456573486328,15.623391151428223
2016-01-05,19.057676315307617,15.683562278747559
2016-01-06,18.76523208618164,15.442889213562012
2016-01-07,18.237205505371094,15.00834846496582
2016-01-08,17.952884674072266,14.77436637878418
2016-01-11,17.97725486755371,14.794422149658203
2016-01-12,18.115352630615234,14.908064842224121
2016-01-13,17.64419174194336,14.52032470703125
2016-01-14,17.798538208007812,14.64735221862793
2016-01-15,17.400487899780273,14.319766998291016
2016-01-19,17.392364501953125,14.313084602355957
2016-01-20,17.051177978515625,14.032307624816895
2016-01-21,16.97806739807129,13.972140312194824
2016-01-22,17.286758422851562,14.226179122924805
2016-01-25,16.937448501586914,13.938709259033203
2016-01-26,17.221771240234375,14.172693252563477
2016-01-27,17.156782150268555,14.119213104248047
2016-01-28,17.164907455444336,14.125894546508789
2016-01-29,17.64419174194336,14.52032470703125
2016-02-01,17.57107925415039,14.460158348083496
2016-02-02,17.08367156982422,14.059046745300293
2016-02-03,17.099918365478516,14.072413444519043
2016-02-04,17.24614143371582,14.192752838134766
2016-02-05,17.01868438720703,14.005562782287598
2016-02-08,16.5881404876709,13.65124797821045
2016-02-09,16.56376838684082,13.631190299987793
2016-02-10,16.474411010742188,13.557658195495605
2016-02-11,15.970754623413086,13.143167495727539
2016-02-12,16.645004272460938,13.698041915893555
2016-02-16,16.91307830810547,13.918655395507812
2016-02-17,17.140535354614258,14.105844497680664
2016-02-18,17.043054580688477,14.025620460510254
2016-02-19,17.043054580688477,14.025620460510254
2016-02-22,17.311128616333008,14.246232032775879
2016-02-23,17.002437591552734,13.992192268371582
2016-02-24,16.961820602416992,13.958768844604492
2016-02-25,17.197399139404297,14.15263843536377
2016-02-26,17.31925392150879,14.252922058105469
2016-02-29,17.132413864135742,14.099160194396973
2016-03-01,17.70918083190918,14.573811531066895
2016-03-02,17.904142379760742,14.734251976013184
2016-03-03,18.0259952545166,14.834531784057617
2016-03-04,18.099105834960938,14.894699096679688
2016-03-07,18.09098243713379,14.888018608093262
2016-03-08,17.798538208007812,14.64735221862793
2016-03-09,17.822908401489258,14.667403221130371
2016-03-10,17.80666160583496,14.654029846191406
2016-03-11,18.269699096679688,15.035088539123535
2016-03-14,18.21283531188965,14.988293647766113
2016-03-15,18.2047119140625,14.981610298156738
2016-03-16,18.164094924926758,14.948179244995117
2016-03-17,18.3834285736084,15.128684043884277
2016-03-18,18.464662551879883,15.262983322143555
2016-03-21,18.43216896057129,15.236126899719238
2016-03-22,18.37530517578125,15.189117431640625
2016-03-23,18.237205505371094,15.074960708618164
2016-03-24,18.123477935791016,14.980958938598633
2016-03-28,18.180341720581055,15.027962684631348
2016-03-29,18.21283531188965,15.054819107055664
2016-03-30,18.318439483642578,15.142112731933594
2016-03-31,18.277822494506836,15.10853099822998
2016-04-01,18.440292358398438,15.242838859558105
2016-04-04,18.350933074951172,15.168973922729492
2016-04-05,18.09098243713379,14.9541015625
2016-04-06,18.188465118408203,15.034676551818848
2016-04-07,17.847278594970703,14.752653121948242
2016-04-08,17.91226577758789,14.806373596191406
2016-04-11,17.98537826538086,14.866803169250488
2016-04-12,18.21283531188965,15.054819107055664
2016-04-13,18.627132415771484,15.397275924682617
2016-04-14,18.667749404907227,15.4308500289917
2016-04-15,18.60276222229004,15.3771390914917
2016-04-18,18.740861892700195,15.491290092468262
2016-04-19,18.976442337036133,15.686025619506836
2016-04-20,19.122665405273438,15.80689525604248
2016-04-21,18.952070236206055,15.665868759155273
2016-04-22,19.130788803100586,15.813605308532715
2016-04-25,19.090171813964844,15.780027389526367
2016-04-26,19.21202278137207,15.880754470825195
2016-04-27,19.244516372680664,15.90761947631836
2016-04-28,19.04142951965332,15.739738464355469
2016-04-29,18.93582534790039,15.652448654174805
2016-05-02,19.10641860961914,15.793462753295898
2016-05-03,18.862712860107422,15.592007637023926
2016-05-04,18.71649169921875,15.471145629882812
2016-05-05,18.70836639404297,15.464426040649414
2016-05-06,18.789602279663086,15.531579971313477
2016-05-09,18.740861892700195,15.491290092468262
2016-05-10,19.008935928344727,15.712882995605469
2016-05-11,18.805849075317383,15.545008659362793
2016-05-12,18.81397247314453,15.551719665527344
2016-05-13,18.586515426635742,15.363704681396484
2016-05-16,18.683996200561523,15.444286346435547
2016-05-17,18.578392028808594,15.35699462890625
2016-05-18,18.903331756591797,15.625588417053223
2016-05-19,18.724613189697266,15.477855682373047
2016-05-20,18.854589462280273,15.585297584533691
2016-05-23,18.838342666625977,15.571864128112793
2016-05-24,19.122665405273438,15.80689525604248
2016-05-25,19.32575035095215,15.974764823913574
2016-05-26,19.21202278137207,15.880754470825195
2016-05-27,19.341997146606445,15.988189697265625
2016-05-31,19.293258666992188,15.947911262512207
2016-06-01,19.33387565612793,15.981476783752441
2016-06-02,19.374492645263672,16.015050888061523
2016-06-03,19.09829330444336,15.786746978759766
2016-06-06,19.21202278137207,15.880754470825195
2016-06-07,19.171405792236328,15.847177505493164
2016-06-08,19.187652587890625,15.860617637634277
2016-06-09,19.04955291748047,15.746460914611816
2016-06-10,18.81397247314453,15.551719665527344
2016-06-13,18.683996200561523,15.444286346435547
2016-06-14,18.407798767089844,15.215978622436523
2016-06-15,18.43216896057129,15.236126899719238
2016-06-16,18.48090934753418,15.276412010192871
2016-06-17,18.3671817779541,15.263582229614258
2016-06-20,18.47278594970703,15.351343154907227
2016-06-21,18.578392028808594,15.439108848571777
2016-06-22,18.562145233154297,15.425603866577148
2016-06-23,18.952070236206055,15.749640464782715
2016-06-24,17.93663787841797,14.905794143676758
2016-06-27,17.42485809326172,14.480491638183594
2016-06-28,17.87164878845215,14.851788520812988
2016-06-29,18.277822494506836,15.189324378967285
2016-06-30,18.570268630981445,15.432355880737305
2016-07-01,18.47278594970703,15.351343154907227
2016-07-05,18.19658851623535,15.121814727783203
2016-07-06,18.245328903198242,15.16231918334961
2016-07-07,18.269699096679688,15.182575225830078
2016-07-08,18.619009017944336,15.472857475280762
2016-07-11,18.724613189697266,15.560623168945312
2016-07-12,18.960195541381836,15.756396293640137
2016-07-13,18.960195541381836,15.756396293640137
2016-07-14,19.1389102935791,15.904913902282715
2016-07-15,19.10641860961914,15.877907752990723
2016-07-18,19.171405792236328,15.931913375854492
2016-07-19,19.179529190063477,15.93867015838623
2016-07-20,19.21202278137207,15.965669631958008
2016-07-21,19.114540100097656,15.884661674499512
2016-07-22,19.236392974853516,15.985918998718262
2016-07-25,19.195775985717773,15.952164649963379
2016-07-26,19.21202278137207,15.965669631958008
2016-07-27,19.203899383544922,15.958922386169434
2016-07-28,19.244516372680664,15.99267864227295
2016-07-29,19.21202278137207,15.965669631958008
2016-08-01,19.16328239440918,15.925168991088867
2016-08-02,19.000812530517578,15.790149688720703
2016-08-03,19.195775985717773,15.952164649963379
2016-08-04,19.147035598754883,15.911666870117188
2016-08-05,19.512590408325195,16.21544075012207
2016-08-08,19.536962509155273,16.235698699951172
2016-08-09,19.55320930480957,16.249197006225586
2016-08-10,19.398862838745117,16.120941162109375
2016-08-11,19.43947982788086,16.154693603515625
2016-08-12,19.38261604309082,16.107437133789062
2016-08-15,19.512590408325195,16.21544075012207
2016-08-16,19.463851928710938,16.17494773864746
2016-08-17,19.528837203979492,16.228946685791016
2016-08-18,19.512590408325195,16.21544075012207
2016-08-19,19.50446891784668,16.20870018005371
2016-08-22,19.50446891784668,16.20870018005371
2016-08-23,19.528837203979492,16.228946685791016
2016-08-24,19.520715713500977,16.22220230102539
2016-08-25,19.56133270263672,16.255958557128906
2016-08-26,19.585702896118164,16.27620506286621
2016-08-29,19.756296157836914,16.417972564697266
2016-08-30,19.935012817382812,16.566495895385742
2016-08-31,19.95125961303711,16.579994201660156
2016-09-01,19.870023727416992,16.51247787475586
2016-09-02,19.959383010864258,16.586742401123047
2016-09-06,19.926889419555664,16.559738159179688
2016-09-07,19.918764114379883,16.552989959716797
2016-09-08,19.902517318725586,16.539485931396484
2016-09-09,19.528837203979492,16.228946685791016
2016-09-12,19.748172760009766,16.41122055053711
2016-09-13,19.398862838745117,16.120941162109375
2016-09-14,19.350122451782227,16.08043670654297
2016-09-15,19.463851928710938,16.17494773864746
2016-09-16,19.187652587890625,16.02164649963379
2016-09-19,19.309999465942383,16.123802185058594
2016-09-20,19.31999969482422,16.13216209411621
2016-09-21,19.440000534057617,16.232357025146484
2016-09-22,19.479999542236328,16.26576042175293
2016-09-23,19.3799991607666,16.1822566986084
2016-09-26,19.06999969482422,15.923406600952148
2016-09-27,19.219999313354492,16.048660278320312
2016-09-28,19.309999465942383,16.123802185058594
2016-09-29,19.040000915527344,15.898351669311523
2016-09-30,19.299999237060547,16.11545753479004
2016-10-03,19.209999084472656,16.040311813354492
2016-10-04,19.290000915527344,16.10710906982422
2016-10-05,19.600000381469727,16.365957260131836
2016-10-06,19.6299991607666,16.39100456237793
2016-10-07,19.6200008392334,16.382654190063477
2016-10-10,19.719999313354492,16.466154098510742
2016-10-11,19.540000915527344,16.31585693359375
2016-10-12,19.520000457763672,16.29916000366211
2016-10-13,19.329999923706055,16.1405086517334
2016-10-14,19.420000076293945,16.21565818786621
2016-10-17,19.329999923706055,16.1405086517334
2016-10-18,19.489999771118164,16.274110794067383
2016-10-19,19.65999984741211,16.416059494018555
2016-10-20,19.65999984741211,16.416059494018555
2016-10-21,19.649999618530273,16.407705307006836
2016-10-24,19.709999084472656,16.457809448242188
2016-10-25,19.690000534057617,16.44110679626465
2016-10-26,19.809999465942383,16.541303634643555
2016-10-27,19.860000610351562,16.583059310913086
2016-10-28,19.770000457763672,16.507904052734375
2016-10-31,19.739999771118164,16.482851028442383
2016-11-01,19.65999984741211,16.416059494018555
2016-11-02,19.530000686645508,16.307504653930664
2016-11-03,19.549999237060547,16.324209213256836
2016-11-04,19.489999771118164,16.274110794067383
2016-11-07,19.979999542236328,16.683258056640625
2016-11-08,19.989999771118164,16.691606521606445
2016-11-09,20.84000015258789,17.401355743408203
2016-11-10,21.610000610351562,18.0443058013916
2016-11-11,21.670000076293945,18.09440040588379
2016-11-14,22.200000762939453,18.53695297241211
2016-11-15,22.18000030517578,18.520252227783203
2016-11-16,21.860000610351562,18.253047943115234
2016-11-17,22.15999984741211,18.503549575805664
2016-11-18,22.15999984741211,18.503549575805664
2016-11-21,22.239999771118164,18.57034683227539
2016-11-22,22.25,18.57870101928711
2016-11-23,22.3799991607666,18.687255859375
2016-11-25,22.40999984741211,18.712303161621094
2016-11-28,22.149999618530273,18.495195388793945
2016-11-29,22.209999084472656,18.545299530029297
2016-11-30,22.510000228881836,18.795795440673828
2016-12-01,22.899999618530273,19.12144660949707
2016-12-02,22.649999618530273,18.912702560424805
2016-12-05,22.920000076293945,19.13814926147461
2016-12-06,23.1200008392334,19.305147171020508
2016-12-07,23.479999542236328,19.605754852294922
2016-12-08,23.700000762939453,19.789445877075195
2016-12-09,23.75,19.83119773864746
2016-12-12,23.520000457763672,19.639150619506836
2016-12-13,23.579999923706055,19.689250946044922
2016-12-14,23.469999313354492,19.59739875793457
2016-12-15,23.670000076293945,19.764392852783203
2016-12-16,23.360000610351562,19.594120025634766
2016-12-19,23.3700008392334,19.602514266967773
2016-12-20,23.65999984741211,19.845762252807617
2016-12-21,23.600000381469727,19.795433044433594
2016-12-22,23.540000915527344,19.745101928710938
2016-12-23,23.579999923706055,19.778661727905273
2016-12-27,23.610000610351562,19.803821563720703
2016-12-28,23.3700008392334,19.602514266967773
2016-12-29,23.200000762939453,19.459917068481445
2016-12-30,23.25,19.50185775756836
2017-01-03,23.510000228881836,19.719945907592773
2017-01-04,23.700000762939453,19.879310607910156
2017-01-05,23.459999084472656,19.678003311157227
2017-01-06,23.540000915527344,19.745101928710938
2017-01-09,23.3799991607666,19.610897064208984
2017-01-10,23.43000030517578,19.652841567993164
2017-01-11,23.579999923706055,19.778661727905273
2017-01-12,23.3799991607666,19.610897064208984
2017-01-13,23.510000228881836,19.719945907592773
2017-01-17,22.950000762939453,19.25021743774414
2017-01-18,23.139999389648438,19.409591674804688
2017-01-19,23.040000915527344,19.32571029663086
2017-01-20,23.149999618530273,19.417980194091797
2017-01-23,23.0,19.29216194152832
2017-01-24,23.290000915527344,19.5354061126709
2017-01-25,23.68000030517578,19.862539291381836
2017-01-26,23.739999771118164,19.912860870361328
2017-01-27,23.649999618530273,19.837369918823242
2017-01-30,23.459999084472656,19.678003311157227
2017-01-31,23.309999465942383,19.552181243896484
2017-02-01,23.34000015258789,19.577350616455078
2017-02-02,23.25,19.50185775756836
2017-02-03,23.719999313354492,19.896081924438477
2017-02-06,23.610000610351562,19.803821563720703
2017-02-07,23.549999237060547,19.75349235534668
2017-02-08,23.389999389648438,19.61928939819336
2017-02-09,23.709999084472656,19.8876953125
2017-02-10,23.780000686645508,19.94641876220703
2017-02-13,24.049999237060547,20.172887802124023
2017-02-14,24.329999923706055,20.407745361328125
2017-02-15,24.520000457763672,20.567119598388672
2017-02-16,24.459999084472656,20.51679229736328
2017-02-17,24.469999313354492,20.525177001953125
2017-02-21,24.59000015258789,20.625835418701172
2017-02-22,24.610000610351562,20.642610549926758
2017-02-23,24.610000610351562,20.642610549926758
2017-02-24,24.420000076293945,20.483234405517578
2017-02-27,24.549999237060547,20.592288970947266
2017-02-28,24.540000915527344,20.58388900756836
2017-03-01,25.239999771118164,21.171049118041992
2017-03-02,24.850000381469727,20.843921661376953
2017-03-03,24.969999313354492,20.94457244873047
2017-03-06,24.780000686645508,20.785200119018555
2017-03-07,24.709999084472656,20.72649383544922
2017-03-08,24.719999313354492,20.73487091064453
2017-03-09,24.809999465942383,20.81036949157715
2017-03-10,24.790000915527344,20.793596267700195
2017-03-13,24.850000381469727,20.843921661376953
2017-03-14,24.780000686645508,20.785200119018555
2017-03-15,24.739999771118164,20.75165557861328
2017-03-16,24.780000686645508,20.785200119018555
2017-03-17,24.450000762939453,20.581491470336914
2017-03-20,24.25,20.413143157958984
2017-03-21,23.56999969482422,19.840726852416992
2017-03-22,23.520000457763672,19.79863929748535
2017-03-23,23.56999969482422,19.840726852416992
2017-03-24,23.540000915527344,19.81547737121582
2017-03-27,23.450000762939453,19.73971176147461
2017-03-28,23.770000457763672,20.009082794189453
2017-03-29,23.6200008392334,19.88282012939453
2017-03-30,23.93000030517578,20.143770217895508
2017-03-31,23.729999542236328,19.97541046142578
2017-04-03,23.68000030517578,19.933324813842773
2017-04-04,23.649999618530273,19.9080753326416
2017-04-05,23.469999313354492,19.75655174255371
2017-04-06,23.6200008392334,19.88282012939453
2017-04-07,23.520000457763672,19.79863929748535
2017-04-10,23.459999084472656,19.748130798339844
2017-04-11,23.389999389648438,19.689208984375
2017-04-12,23.200000762939453,19.52927017211914
2017-04-13,22.899999618530273,19.276737213134766
2017-04-17,23.299999237060547,19.613449096679688
2017-04-18,23.079999923706055,19.42825698852539
2017-04-19,23.010000228881836,19.36933135986328
2017-04-20,23.399999618530273,19.69762420654297
2017-04-21,23.15999984741211,19.495601654052734
2017-04-24,23.68000030517578,19.933324813842773
2017-04-25,23.889999389648438,20.110095977783203
2017-04-26,23.8700008392334,20.093263626098633
2017-04-27,23.760000228881836,20.00066566467285
2017-04-28,23.530000686645508,19.80706214904785
2017-05-01,23.68000030517578,19.933324813842773
2017-05-02,23.649999618530273,19.9080753326416
2017-05-03,23.84000015258789,20.068012237548828
2017-05-04,23.8799991607666,20.101680755615234
2017-05-05,23.84000015258789,20.068012237548828
2017-05-08,23.81999969482422,20.051172256469727
2017-05-09,23.729999542236328,19.97541046142578
2017-05-10,23.809999465942383,20.04275131225586
2017-05-11,23.65999984741211,19.91649627685547
2017-05-12,23.559999465942383,19.832311630249023
2017-05-15,23.739999771118164,19.983827590942383
2017-05-16,23.809999465942383,20.04275131225586
2017-05-17,23.059999465942383,19.411420822143555
2017-05-18,23.149999618530273,19.4871826171875
2017-05-19,23.350000381469727,19.655540466308594
2017-05-22,23.40999984741211,19.70604705810547
2017-05-23,23.59000015258789,19.85756492614746
2017-05-24,23.579999923706055,19.84915542602539
2017-05-25,23.6200008392334,19.88282012939453
2017-05-26,23.610000610351562,19.874399185180664
2017-05-30,23.450000762939453,19.73971176147461
2017-05-31,23.25,19.571361541748047
2017-06-01,23.540000915527344,19.81547737121582
2017-06-02,23.450000762939453,19.73971176147461
2017-06-05,23.489999771118164,19.77338409423828
2017-06-06,23.389999389648438,19.689208984375
2017-06-07,23.56999969482422,19.840726852416992
2017-06-08,23.84000015258789,20.068012237548828
2017-06-09,24.290000915527344,20.446809768676758
2017-06-12,24.34000015258789,20.488901138305664
2017-06-13,24.469999313354492,20.598329544067383
2017-06-14,24.510000228881836,20.632001876831055
2017-06-15,24.40999984741211,20.54782485961914
2017-06-16,24.290000915527344,20.525007247924805
2017-06-19,24.540000915527344,20.736255645751953
2017-06-20,24.329999923706055,20.55880355834961
2017-06-21,24.1299991607666,20.389806747436523
2017-06-22,23.979999542236328,20.2630558013916
2017-06-23,23.889999389648438,20.187007904052734
2017-06-26,24.020000457763672,20.29686164855957
2017-06-27,24.139999389648438,20.398263931274414
2017-06-28,24.520000457763672,20.719358444213867
2017-06-29,24.690000534057617,20.863006591796875
2017-06-30,24.670000076293945,20.84610939025879
2017-07-03,25.030000686645508,21.150310516357422
2017-07-05,25.06999969482422,21.184106826782227
2017-07-06,24.8799991607666,21.0235538482666
2017-07-07,25.049999237060547,21.167203903198242
2017-07-10,25.020000457763672,21.141860961914062
2017-07-11,24.799999237060547,20.955955505371094
2017-07-12,24.8799991607666,21.0235538482666
2017-07-13,25.030000686645508,21.150310516357422
2017-07-14,24.920000076293945,21.057363510131836
2017-07-17,24.84000015258789,20.98975944519043
2017-07-18,24.799999237060547,20.955955505371094
2017-07-19,24.809999465942383,20.96441078186035
2017-07-20,24.799999237060547,20.955955505371094
2017-07-21,24.799999237060547,20.955955505371094
2017-07-24,24.90999984741211,21.04891014099121
2017-07-25,25.219999313354492,21.31085205078125
2017-07-26,25.049999237060547,21.167203903198242
2017-07-27,24.90999984741211,21.04891014099121
2017-07-28,24.90999984741211,21.04891014099121
2017-07-31,25.09000015258789,21.20100975036621
2017-08-01,25.270000457763672,21.35310173034668
2017-08-02,25.309999465942383,21.386911392211914
2017-08-03,25.219999313354492,21.31085205078125
2017-08-04,25.389999389648438,21.454505920410156
2017-08-07,25.350000381469727,21.42070770263672
2017-08-08,25.280000686645508,21.36155891418457
2017-08-09,25.280000686645508,21.36155891418457
2017-08-10,24.829999923706055,20.981307983398438
2017-08-11,24.729999542236328,20.896806716918945
2017-08-14,25.06999969482422,21.184106826782227
2017-08-15,25.09000015258789,21.20100975036621
2017-08-16,25.040000915527344,21.158761978149414
2017-08-17,24.610000610351562,20.79541015625
2017-08-18,24.6200008392334,20.80385971069336
2017-08-21,24.549999237060547,20.744707107543945
2017-08-22,24.81999969482422,20.97286033630371
2017-08-23,24.739999771118164,20.905258178710938
2017-08-24,24.739999771118164,20.905258178710938
2017-08-25,24.809999465942383,20.96441078186035
2017-08-28,24.649999618530273,20.82921028137207
2017-08-29,24.56999969482422,20.76160430908203
2017-08-30,24.670000076293945,20.84610939025879
2017-08-31,24.700000762939453,20.871450424194336
2017-09-01,24.770000457763672,20.93060874938965
2017-09-05,24.239999771118164,20.48276138305664
2017-09-06,24.299999237060547,20.53346061706543
2017-09-07,23.8799991607666,20.178558349609375
2017-09-08,24.100000381469727,20.364456176757812
2017-09-11,24.520000457763672,20.719358444213867
2017-09-12,24.809999465942383,20.96441078186035
2017-09-13,24.850000381469727,20.998205184936523
2017-09-14,24.799999237060547,20.955955505371094
2017-09-15,24.770000457763672,21.017892837524414
2017-09-18,25.059999465942383,21.26396942138672
2017-09-19,25.25,21.425189971923828
2017-09-20,25.399999618530273,21.552467346191406
2017-09-21,25.459999084472656,21.603384017944336
2017-09-22,25.43000030517578,21.577922821044922
2017-09-25,25.399999618530273,21.552467346191406
2017-09-26,25.389999389648438,21.543981552124023
2017-09-27,25.700000762939453,21.807024002075195
2017-09-28,25.739999771118164,21.84096336364746
2017-09-29,25.860000610351562,21.942792892456055
2017-10-02,26.079999923706055,22.129465103149414
2017-10-03,26.170000076293945,22.20583152770996
2017-10-04,26.049999237060547,22.1040096282959
2017-10-05,26.31999969482422,22.33310890197754
2017-10-06,26.350000381469727,22.35856056213379
2017-10-09,26.25,22.273717880249023
2017-10-10,26.3700008392334,22.375534057617188
2017-10-11,26.31999969482422,22.33310890197754
2017-10-12,26.1200008392334,22.16340446472168
2017-10-13,26.1299991607666,22.171892166137695
2017-10-16,26.299999237060547,22.316143035888672
2017-10-17,26.170000076293945,22.20583152770996
2017-10-18,26.309999465942383,22.324623107910156
2017-10-19,26.329999923706055,22.341594696044922
2017-10-20,26.639999389648438,22.604633331298828
2017-10-23,26.6200008392334,22.587669372558594
2017-10-24,26.809999465942383,22.748882293701172
2017-10-25,26.649999618530273,22.613121032714844
2017-10-26,26.799999237060547,22.74040412902832
2017-10-27,26.780000686645508,22.723432540893555
2017-10-30,26.670000076293945,22.630090713500977
2017-10-31,26.600000381469727,22.570697784423828
2017-11-01,26.639999389648438,22.604633331298828
2017-11-02,26.889999389648438,22.8167667388916
2017-11-03,26.780000686645508,22.723432540893555
2017-11-06,26.75,22.69797706604004
2017-11-07,26.3799991607666,22.384021759033203
2017-11-08,26.25,22.273717880249023
2017-11-09,26.15999984741211,22.19734764099121
2017-11-10,26.079999923706055,22.129465103149414
2017-11-13,26.1200008392334,22.16340446472168
2017-11-14,26.110000610351562,22.15492057800293
2017-11-15,26.18000030517578,22.21432113647461
2017-11-16,26.190000534057617,22.222801208496094
2017-11-17,26.15999984741211,22.19734764099121
2017-11-20,26.280000686645508,22.29916763305664
2017-11-21,26.360000610351562,22.367053985595703
2017-11-22,26.229999542236328,22.25674819946289
2017-11-24,26.219999313354492,22.248258590698242
2017-11-27,26.200000762939453,22.231287002563477
2017-11-28,26.8799991607666,22.808284759521484
2017-11-29,27.34000015258789,23.1986026763916
2017-11-30,27.520000457763672,23.351335525512695
2017-12-01,27.579999923706055,23.402252197265625
2017-12-04,28.0,23.75862693786621
2017-12-05,27.850000381469727,23.631349563598633
2017-12-06,27.75,23.546491622924805
2017-12-07,27.84000015258789,23.622867584228516
2017-12-08,28.010000228881836,23.76711082458496
2017-12-11,27.940000534057617,23.707721710205078
2017-12-12,28.219999313354492,23.945301055908203
2017-12-13,27.8700008392334,23.648317337036133
2017-12-14,27.690000534057617,23.495590209960938
2017-12-15,27.809999465942383,23.70699691772461
2017-12-18,28.059999465942383,23.920108795166016
2017-12-19,27.940000534057617,23.817813873291016
2017-12-20,27.889999389648438,23.775190353393555
2017-12-21,28.1299991607666,23.97978401184082
2017-12-22,28.049999237060547,23.911579132080078
2017-12-26,27.969999313354492,23.843387603759766
2017-12-27,28.0,23.86896514892578
2017-12-28,28.110000610351562,23.96272850036621
2017-12-29,27.90999984741211,23.792238235473633
2018-01-02,27.920000076293945,23.800765991210938
2018-01-03,28.06999969482422,23.92863655090332
2018-01-04,28.329999923706055,24.15027618408203
2018-01-05,28.40999984741211,24.218467712402344
2018-01-08,28.3700008392334,24.184371948242188
2018-01-09,28.59000015258789,24.371915817260742
2018-01-10,28.829999923706055,24.576509475708008
2018-01-11,28.969999313354492,24.695850372314453
2018-01-12,29.229999542236328,24.917491912841797
2018-01-16,29.149999618530273,24.849294662475586
2018-01-17,29.3700008392334,25.036836624145508
2018-01-18,29.329999923706055,25.00273895263672
2018-01-19,29.540000915527344,25.18174934387207
2018-01-22,29.780000686645508,25.386348724365234
2018-01-23,29.809999465942383,25.411922454833984
2018-01-24,30.010000228881836,25.582414627075195
2018-01-25,29.950000762939453,25.531265258789062
2018-01-26,30.170000076293945,25.718809127807617
2018-01-29,30.049999237060547,25.61651611328125
2018-01-30,29.65999984741211,25.2840576171875
2018-01-31,29.739999771118164,25.35225486755371
2018-02-01,30.020000457763672,25.590938568115234
2018-02-02,29.360000610351562,25.028310775756836
2018-02-05,27.8799991607666,23.766664505004883
2018-02-06,28.389999389648438,24.201425552368164
2018-02-07,28.40999984741211,24.218467712402344
2018-02-08,27.15999984741211,23.152891159057617
2018-02-09,27.68000030517578,23.596172332763672
2018-02-12,28.06999969482422,23.92863655090332
2018-02-13,28.190000534057617,24.03093147277832
2018-02-14,28.860000610351562,24.602083206176758
2018-02-15,29.020000457763672,24.73847770690918
2018-02-16,28.979999542236328,24.704376220703125
2018-02-20,28.889999389648438,24.627655029296875
2018-02-21,28.93000030517578,24.661752700805664
2018-02-22,28.690000534057617,24.4571590423584
2018-02-23,29.1200008392334,24.8237247467041
2018-02-26,29.559999465942383,25.198806762695312
2018-02-27,29.280000686645508,24.960121154785156
2018-02-28,28.8700008392334,24.610607147216797
2018-03-01,28.3700008392334,24.184371948242188
2018-03-02,28.440000534057617,24.24404525756836
2018-03-05,28.84000015258789,24.585033416748047
2018-03-06,28.959999084472656,24.68732261657715
2018-03-07,28.90999984741211,24.64470672607422
2018-03-08,29.0,24.72142791748047
2018-03-09,29.700000762939453,25.318147659301758
2018-03-12,29.600000381469727,25.2329044342041
2018-03-13,29.270000457763672,24.95158576965332
2018-03-14,28.940000534057617,24.6702823638916
2018-03-15,28.950000762939453,24.678804397583008
2018-03-16,28.8700008392334,24.700193405151367
2018-03-19,28.65999984741211,24.520523071289062
2018-03-20,28.729999542236328,24.58041000366211
2018-03-21,28.719999313354492,24.571861267089844
2018-03-22,27.65999984741211,23.664953231811523
2018-03-23,26.81999969482422,22.946279525756836
2018-03-26,27.690000534057617,23.69062042236328
2018-03-27,27.149999618530273,23.22861671447754
2018-03-28,27.200000762939453,23.271394729614258
2018-03-29,27.56999969482422,23.587955474853516
2018-04-02,26.959999084472656,23.066055297851562
2018-04-03,27.329999923706055,23.382617950439453
2018-04-04,27.6200008392334,23.630739212036133
2018-04-05,27.84000015258789,23.81896209716797
2018-04-06,27.170000076293945,23.245725631713867
2018-04-09,27.31999969482422,23.374065399169922
2018-04-10,27.729999542236328,23.724849700927734
2018-04-11,27.399999618530273,23.4425106048584
2018-04-12,27.8799991607666,23.853178024291992
2018-04-13,27.459999084472656,23.493844985961914
2018-04-16,27.579999923706055,23.596515655517578
2018-04-17,27.579999923706055,23.596515655517578
2018-04-18,27.450000762939453,23.485288619995117
2018-04-19,27.8700008392334,23.844623565673828
2018-04-20,27.8799991607666,23.853178024291992
2018-04-23,27.850000381469727,23.827518463134766
2018-04-24,27.670000076293945,23.67351531982422
2018-04-25,27.649999618530273,23.656402587890625
2018-04-26,27.65999984741211,23.664953231811523
2018-04-27,27.700000762939453,23.699180603027344
2018-04-30,27.450000762939453,23.485288619995117
2018-05-01,27.459999084472656,23.493844985961914
2018-05-02,27.149999618530273,23.22861671447754
2018-05-03,26.920000076293945,23.031841278076172
2018-05-04,27.270000457763672,23.331287384033203
2018-05-07,27.450000762939453,23.485288619995117
2018-05-08,27.639999389648438,23.647846221923828
2018-05-09,28.049999237060547,23.99862289428711
2018-05-10,28.280000686645508,24.195415496826172
2018-05-11,28.260000228881836,24.17829704284668
2018-05-14,28.239999771118164,24.16118621826172
2018-05-15,28.190000534057617,24.118408203125
2018-05-16,28.239999771118164,24.16118621826172
2018-05-17,28.18000030517578,24.109848022460938
2018-05-18,27.950000762939453,23.91307258605957
2018-05-21,28.149999618530273,24.084186553955078
2018-05-22,28.34000015258789,24.24673843383789
2018-05-23,28.15999984741211,24.092735290527344
2018-05-24,27.940000534057617,23.904512405395508
2018-05-25,27.850000381469727,23.827518463134766
2018-05-29,26.920000076293945,23.031841278076172
2018-05-30,27.40999984741211,23.45107078552246
2018-05-31,27.18000030517578,23.254287719726562
2018-06-01,27.479999542236328,23.510955810546875
2018-06-04,27.56999969482422,23.587955474853516
2018-06-05,27.450000762939453,23.485288619995117
2018-06-06,27.950000762939453,23.91307258605957
2018-06-07,28.040000915527344,23.99007797241211
2018-06-08,28.079999923706055,24.024295806884766
2018-06-11,28.020000457763672,23.972957611083984
2018-06-12,27.950000762939453,23.91307258605957
2018-06-13,27.850000381469727,23.827518463134766
2018-06-14,27.59000015258789,23.605070114135742
2018-06-15,27.469999313354492,23.60420799255371
2018-06-18,27.420000076293945,23.561243057250977
2018-06-19,27.350000381469727,23.501096725463867
2018-06-20,27.280000686645508,23.440946578979492
2018-06-21,27.200000762939453,23.37220573425293
2018-06-22,27.06999969482422,23.260496139526367
2018-06-25,26.780000686645508,23.011316299438477
2018-06-26,26.690000534057617,22.933977127075195
2018-06-27,26.360000610351562,22.650421142578125
2018-06-28,26.59000015258789,22.848051071166992
2018-06-29,26.59000015258789,22.848051071166992
2018-07-02,26.719999313354492,22.959753036499023
2018-07-03,26.479999542236328,22.753528594970703
2018-07-05,26.540000915527344,22.805082321166992
2018-07-06,26.670000076293945,22.91678810119629
2018-07-09,27.280000686645508,23.440946578979492
2018-07-10,27.18000030517578,23.35502052307129
2018-07-11,27.049999237060547,23.243316650390625
2018-07-12,27.100000381469727,23.286277770996094
2018-07-13,26.979999542236328,23.18316650390625
2018-07-16,27.459999084472656,23.595619201660156
2018-07-17,27.489999771118164,23.621395111083984
2018-07-18,27.93000030517578,23.999473571777344
2018-07-19,27.510000228881836,23.638578414916992
2018-07-20,27.559999465942383,23.68154525756836
2018-07-23,27.940000534057617,24.00806427001953
2018-07-24,28.020000457763672,24.07680892944336
2018-07-25,28.079999923706055,24.12836456298828
2018-07-26,28.06999969482422,24.119775772094727
2018-07-27,28.1299991607666,24.17132568359375
2018-07-30,28.149999618530273,24.188512802124023
2018-07-31,27.950000762939453,24.01665496826172
2018-08-01,27.950000762939453,24.01665496826172
2018-08-02,27.959999084472656,24.02525520324707
2018-08-03,28.1200008392334,24.162729263305664
2018-08-06,28.270000457763672,24.291624069213867
2018-08-07,28.399999618530273,24.403335571289062
2018-08-08,28.469999313354492,24.463481903076172
2018-08-09,28.299999237060547,24.317405700683594
2018-08-10,27.969999313354492,24.03384780883789
2018-08-13,27.700000762939453,23.801841735839844
2018-08-14,27.959999084472656,24.02525520324707
2018-08-15,27.739999771118164,23.83621597290039
2018-08-16,28.110000610351562,24.15414047241211
2018-08-17,28.170000076293945,24.205699920654297
2018-08-20,28.260000228881836,24.28303337097168
2018-08-21,28.3700008392334,24.377553939819336
2018-08-22,28.270000457763672,24.291624069213867
2018-08-23,28.139999389648438,24.179916381835938
2018-08-24,28.239999771118164,24.265846252441406
2018-08-27,28.6200008392334,24.59237289428711
2018-08-28,28.59000015258789,24.566591262817383
2018-08-29,28.579999923706055,24.55800437927246
2018-08-30,28.360000610351562,24.36896514892578
2018-08-31,28.329999923706055,24.343183517456055
2018-09-04,28.469999313354492,24.463481903076172
2018-09-05,28.489999771118164,24.480667114257812
2018-09-06,28.360000610351562,24.36896514892578
2018-09-07,28.329999923706055,24.343183517456055
2018-09-10,28.299999237060547,24.317405700683594
2018-09-11,28.329999923706055,24.343183517456055
2018-09-12,28.06999969482422,24.119775772094727
2018-09-13,28.030000686645508,24.085405349731445
2018-09-14,28.229999542236328,24.25725746154785
2018-09-17,28.110000610351562,24.15414047241211
2018-09-18,28.25,24.274438858032227
2018-09-19,28.729999542236328,24.686893463134766
2018-09-20,28.979999542236328,24.901710510253906
2018-09-21,28.739999771118164,24.805042266845703
2018-09-24,28.420000076293945,24.528858184814453
2018-09-25,28.309999465942383,24.43391227722168
2018-09-26,27.969999313354492,24.140466690063477
2018-09-27,27.8700008392334,24.054157257080078
2018-09-28,27.579999923706055,23.803869247436523
2018-10-01,27.690000534057617,23.898807525634766
2018-10-02,27.690000534057617,23.898807525634766
2018-10-03,27.950000762939453,24.123212814331055
2018-10-04,28.139999389648438,24.287189483642578
2018-10-05,28.0,24.166366577148438
2018-10-08,28.190000534057617,24.330347061157227
2018-10-09,28.079999923706055,24.23540496826172
2018-10-10,27.209999084472656,23.484519958496094
2018-10-11,26.399999618530273,22.785425186157227
2018-10-12,26.43000030517578,22.811323165893555
2018-10-15,26.309999465942383,22.707744598388672
2018-10-16,26.75,23.087501525878906
2018-10-17,27.020000457763672,23.320539474487305
2018-10-18,26.56999969482422,22.932147979736328
2018-10-19,26.670000076293945,23.018455505371094
2018-10-22,26.100000381469727,22.52650260925293
2018-10-23,25.889999389648438,22.345252990722656
2018-10-24,25.239999771118164,21.784250259399414
2018-10-25,25.6299991607666,22.120853424072266
2018-10-26,25.260000228881836,21.801513671875
2018-10-29,25.479999542236328,21.991390228271484
2018-10-30,25.920000076293945,22.37114143371582
2018-10-31,26.280000686645508,22.681856155395508
2018-11-01,26.399999618530273,22.785425186157227
2018-11-02,26.3799991607666,22.76816749572754
2018-11-05,26.799999237060547,23.130661010742188
2018-11-06,26.940000534057617,23.251489639282227
2018-11-07,27.290000915527344,23.553569793701172
2018-11-08,27.3700008392334,23.622623443603516
2018-11-09,27.1200008392334,23.406848907470703
2018-11-12,26.579999923706055,22.94078254699707
2018-11-13,26.729999542236328,23.070240020751953
2018-11-14,26.3700008392334,22.759532928466797
2018-11-15,26.760000228881836,23.09613609313965
2018-11-16,26.790000915527344,23.122028350830078
2018-11-19,26.780000686645508,23.1134033203125
2018-11-20,26.190000534057617,22.604175567626953
2018-11-21,26.209999084472656,22.621435165405273
2018-11-23,26.0,22.44019317626953
2018-11-26,26.530000686645508,22.897624969482422
2018-11-27,26.549999237060547,22.914888381958008
2018-11-28,27.059999465942383,23.355060577392578
2018-11-29,26.829999923706055,23.156553268432617
2018-11-30,26.969999313354492,23.27737808227539
2018-12-03,27.139999389648438,23.42410659790039
2018-12-04,25.959999084472656,22.40567398071289
2018-12-06,25.600000381469727,22.094959259033203
2018-12-07,25.110000610351562,21.672048568725586
2018-12-10,24.760000228881836,21.369964599609375
2018-12-11,24.520000457763672,21.162832260131836
2018-12-12,24.65999984741211,21.283655166625977
2018-12-13,24.479999542236328,21.128307342529297
2018-12-14,24.239999771118164,20.921159744262695
2018-12-17,24.0,20.714025497436523
2018-12-18,23.90999984741211,20.63634490966797
2018-12-19,23.610000610351562,20.377418518066406
2018-12-20,23.399999618530273,20.196176528930664
2018-12-21,22.790000915527344,19.79233741760254
2018-12-24,22.309999465942383,19.375476837158203
2018-12-26,23.31999969482422,20.252620697021484
2018-12-27,23.600000381469727,20.495792388916016
2018-12-28,23.59000015258789,20.48710823059082
2018-12-31,23.81999969482422,20.686853408813477
2019-01-02,24.020000457763672,20.860551834106445
2019-01-03,23.479999542236328,20.391576766967773
2019-01-04,24.260000228881836,21.06898307800293
2019-01-07,24.290000915527344,21.095043182373047
2019-01-08,24.309999465942383,21.11240577697754
2019-01-09,24.43000030517578,21.21662139892578
2019-01-10,24.440000534057617,21.225303649902344
2019-01-11,24.5,21.277414321899414
2019-01-14,24.670000076293945,21.425048828125
2019-01-15,24.889999389648438,21.616111755371094
2019-01-16,25.420000076293945,22.076406478881836
2019-01-17,25.559999465942383,22.197980880737305
2019-01-18,26.0,22.58011245727539
2019-01-22,25.700000762939453,22.319570541381836
2019-01-23,25.729999542236328,22.345623016357422
2019-01-24,25.790000915527344,22.39773178100586
2019-01-25,26.0,22.58011245727539
2019-01-28,25.920000076293945,22.51063346862793
2019-01-29,25.829999923706055,22.432466506958008
2019-01-30,25.979999542236328,22.5627384185791
2019-01-31,25.940000534057617,22.52800941467285
2019-02-01,26.049999237060547,22.62353515625
2019-02-04,26.15999984741211,22.719072341918945
2019-02-05,26.09000015258789,22.658275604248047
2019-02-06,26.059999465942383,22.632217407226562
2019-02-07,25.799999237060547,22.406415939331055
2019-02-08,25.670000076293945,22.293516159057617
2019-02-11,25.75,22.362998962402344
2019-02-12,26.1299991607666,22.693017959594727
2019-02-13,26.200000762939453,22.75380516052246
2019-02-14,25.8799991607666,22.47589111328125
2019-02-15,26.43000030517578,22.95355224609375
2019-02-19,26.469999313354492,22.988290786743164
2019-02-20,26.639999389648438,23.13592529296875
2019-02-21,26.5,23.014345169067383
2019-02-22,26.459999084472656,22.97960662841797
2019-02-25,26.56999969482422,23.075138092041016
2019-02-26,26.489999771118164,23.005661010742188
2019-02-27,26.59000015258789,23.09250831604004
2019-02-28,26.520000457763672,23.031715393066406
2019-03-01,26.690000534057617,23.17935562133789
2019-03-04,26.520000457763672,23.031715393066406
2019-03-05,26.420000076293945,22.944866180419922
2019-03-06,26.25,22.797231674194336
2019-03-07,25.979999542236328,22.5627384185791
2019-03-08,25.969999313354492,22.554059982299805
2019-03-11,26.239999771118164,22.788551330566406
2019-03-12,26.299999237060547,22.840652465820312
2019-03-13,26.479999542236328,22.996976852416992
2019-03-14,26.579999923706055,23.083824157714844
2019-03-15,26.6299991607666,23.245311737060547
2019-03-18,26.899999618530273,23.480989456176758
2019-03-19,26.690000534057617,23.297683715820312
2019-03-20,26.139999389648438,22.817584991455078
2019-03-21,26.059999465942383,22.747753143310547
2019-03-22,25.34000015258789,22.11927032470703
2019-03-25,25.229999542236328,22.02324676513672
2019-03-26,25.530000686645508,22.285120010375977
2019-03-27,25.420000076293945,22.189104080200195
2019-03-28,25.639999389648438,22.381141662597656
2019-03-29,25.709999084472656,22.44223976135254
2019-04-01,26.34000015258789,22.99216651916504
2019-04-02,26.31999969482422,22.97470474243164
2019-04-03,26.399999618530273,23.044540405273438
2019-04-04,26.559999465942383,23.1842041015625
2019-04-05,26.600000381469727,23.21912384033203
2019-04-08,26.6299991607666,23.245311737060547
2019-04-09,26.40999984741211,23.053272247314453
2019-04-10,26.489999771118164,23.12310218811035
2019-04-11,26.649999618530273,23.262765884399414
2019-04-12,27.139999389648438,23.69048500061035
2019-04-15,26.969999313354492,23.542098999023438
2019-04-16,27.350000381469727,23.87380027770996
2019-04-17,27.420000076293945,23.93490219116211
2019-04-18,27.34000015258789,23.865068435668945
2019-04-22,27.260000228881836,23.795236587524414
2019-04-23,27.43000030517578,23.94363021850586
2019-04-24,27.399999618530273,23.917442321777344
2019-04-25,27.450000762939453,23.96108627319336
2019-04-26,27.700000762939453,24.179309844970703
2019-04-29,27.979999542236328,24.42371940612793
2019-04-30,28.020000457763672,24.458633422851562
2019-05-01,27.790000915527344,24.25786781311035
2019-05-02,27.81999969482422,24.2840576171875
2019-05-03,28.06999969482422,24.502281188964844
2019-05-06,27.8799991607666,24.33643341064453
2019-05-07,27.420000076293945,23.93490219116211
2019-05-08,27.360000610351562,23.882524490356445
2019-05-09,27.299999237060547,23.83015251159668
2019-05-10,27.479999542236328,23.98727798461914
2019-05-13,26.68000030517578,23.28894805908203
2019-05-14,26.889999389648438,23.47226333618164
2019-05-15,26.790000915527344,23.384973526000977
2019-05-16,27.059999465942383,23.620655059814453
2019-05-17,26.8799991607666,23.46353530883789
2019-05-20,26.90999984741211,23.489717483520508
2019-05-21,27.190000534057617,23.734130859375
2019-05-22,27.030000686645508,23.594467163085938
2019-05-23,26.649999618530273,23.262765884399414
2019-05-24,26.860000610351562,23.446069717407227
2019-05-28,26.549999237060547,23.175477981567383
2019-05-29,26.5,23.131832122802734
2019-05-30,26.40999984741211,23.053272247314453
2019-05-31,26.010000228881836,22.70410919189453
2019-06-03,26.18000030517578,22.852502822875977
2019-06-04,26.889999389648438,23.47226333618164
2019-06-05,27.059999465942383,23.620655059814453
2019-06-06,27.15999984741211,23.70794677734375
2019-06-07,27.1200008392334,23.673032760620117
2019-06-10,27.350000381469727,23.87380027770996
2019-06-11,27.360000610351562,23.882524490356445
2019-06-12,27.09000015258789,23.64683723449707
2019-06-13,27.18000030517578,23.725400924682617
2019-06-14,27.239999771118164,23.777774810791016
2019-06-17,26.989999771118164,23.559555053710938
2019-06-18,27.350000381469727,23.87380027770996
2019-06-19,27.299999237060547,23.83015251159668
2019-06-20,27.420000076293945,23.93490219116211
2019-06-21,27.219999313354492,23.881380081176758
2019-06-24,27.110000610351562,23.784873962402344
2019-06-25,27.020000457763672,23.705913543701172
2019-06-26,26.969999313354492,23.662044525146484
2019-06-27,27.209999084472656,23.872602462768555
2019-06-28,27.600000381469727,24.21477508544922
2019-07-01,27.93000030517578,24.50429916381836
2019-07-02,27.860000610351562,24.442888259887695
2019-07-03,28.079999923706055,24.635908126831055
2019-07-05,28.15999984741211,24.70608901977539
2019-07-08,28.020000457763672,24.5832576751709
2019-07-09,28.06999969482422,24.627126693725586
2019-07-10,27.969999313354492,24.539390563964844
2019-07-11,28.1299991607666,24.679765701293945
2019-07-12,28.31999969482422,24.84646224975586
2019-07-15,28.15999984741211,24.70608901977539
2019-07-16,28.09000015258789,24.64467430114746
2019-07-17,27.850000381469727,24.43410873413086
2019-07-18,28.059999465942383,24.61835479736328
2019-07-19,27.940000534057617,24.513072967529297
2019-07-22,28.0,24.565715789794922
2019-07-23,28.290000915527344,24.82014274597168
2019-07-24,28.579999923706055,25.074575424194336
2019-07-25,28.3799991607666,24.89910125732422
2019-07-26,28.690000534057617,25.171079635620117
2019-07-29,28.469999313354492,24.97806167602539
2019-07-30,28.389999389648438,24.907873153686523
2019-07-31,28.25,24.78504753112793
2019-08-01,27.610000610351562,24.223548889160156
2019-08-02,27.600000381469727,24.21477508544922
2019-08-05,26.68000030517578,23.40761375427246
2019-08-06,27.110000610351562,23.784873962402344
2019-08-07,26.75,23.469026565551758
2019-08-08,27.260000228881836,23.916479110717773
2019-08-09,27.170000076293945,23.837509155273438
2019-08-12,26.649999618530273,23.38129425048828
2019-08-13,26.979999542236328,23.67081642150879
2019-08-14,25.979999542236328,22.79347038269043
2019-08-15,26.110000610351562,22.907529830932617
2019-08-16,26.56999969482422,23.311105728149414
2019-08-19,26.84000015258789,23.547985076904297
2019-08-20,26.479999542236328,23.23214340209961
2019-08-21,26.600000381469727,23.337430953979492
2019-08-22,26.780000686645508,23.495349884033203
2019-08-23,26.100000381469727,22.89875602722168
2019-08-26,26.350000381469727,23.118087768554688
2019-08-27,26.190000534057617,22.97771453857422
2019-08-28,26.43000030517578,23.188278198242188
2019-08-29,26.829999923706055,23.53921890258789
2019-08-30,26.920000076293945,23.61817741394043
2019-09-03,26.639999389648438,23.37251853942871
2019-09-04,26.899999618530273,23.600631713867188
2019-09-05,27.450000762939453,24.083173751831055
2019-09-06,27.440000534057617,24.074398040771484
2019-09-09,27.860000610351562,24.442888259887695
2019-09-10,27.959999084472656,24.53061866760254
2019-09-11,28.1200008392334,24.67099380493164
2019-09-12,28.270000457763672,24.802593231201172
2019-09-13,28.489999771118164,24.99561309814453
2019-09-16,28.389999389648438,24.907873153686523
2019-09-17,28.420000076293945,24.93419647216797
2019-09-18,28.520000457763672,25.021936416625977
2019-09-19,28.389999389648438,24.907873153686523
2019-09-20,28.079999923706055,24.761499404907227
2019-09-23,28.1299991607666,24.805587768554688
2019-09-24,27.860000610351562,24.567495346069336
2019-09-25,28.09000015258789,24.770313262939453
2019-09-26,27.959999084472656,24.655675888061523
2019-09-27,28.06999969482422,24.7526798248291
2019-09-30,28.0,24.690954208374023
2019-10-01,27.40999984741211,24.17068099975586
2019-10-02,26.850000381469727,23.676856994628906
2019-10-03,26.959999084472656,23.773855209350586
2019-10-04,27.459999084472656,24.21476936340332
2019-10-07,27.31999969482422,24.0913143157959
2019-10-08,26.780000686645508,23.615131378173828
2019-10-09,27.030000686645508,23.835580825805664
2019-10-10,27.309999465942383,24.082490921020508
2019-10-11,27.649999618530273,24.382312774658203
2019-10-14,27.690000534057617,24.41758918762207
2019-10-15,28.09000015258789,24.770313262939453
2019-10-16,28.020000457763672,24.708585739135742
2019-10-17,28.040000915527344,24.726226806640625
2019-10-18,28.110000610351562,24.787952423095703
2019-10-21,28.5,25.13186264038086
2019-10-22,28.420000076293945,25.061315536499023
2019-10-23,28.540000915527344,25.167137145996094
2019-10-24,28.5,25.13186264038086
2019-10-25,28.639999389648438,25.255313873291016
2019-10-28,28.790000915527344,25.387596130371094
2019-10-29,28.860000610351562,25.44931411743164
2019-10-30,28.84000015258789,25.43168067932129
2019-10-31,28.700000762939453,25.308225631713867
2019-11-01,29.1200008392334,25.6785888671875
2019-11-04,29.3700008392334,25.899044036865234
2019-11-05,29.479999542236328,25.996044158935547
2019-11-06,29.6299991607666,26.12831687927246
2019-11-07,29.850000381469727,26.32231903076172
2019-11-08,29.84000015258789,26.31350326538086
2019-11-11,29.760000228881836,26.242950439453125
2019-11-12,29.799999237060547,26.27822494506836
2019-11-13,29.610000610351562,26.11068344116211
2019-11-14,29.670000076293945,26.163589477539062
2019-11-15,29.75,26.2341365814209
2019-11-18,29.809999465942383,26.287044525146484
2019-11-19,29.8700008392334,26.339954376220703
2019-11-20,29.729999542236328,26.21649932861328
2019-11-21,29.700000762939453,26.190044403076172
2019-11-22,29.920000076293945,26.384044647216797
2019-11-25,30.110000610351562,26.551589965820312
2019-11-26,30.079999923706055,26.525135040283203
2019-11-27,30.200000762939453,26.63095474243164
2019-11-29,30.149999618530273,26.58686065673828
2019-12-02,29.959999084472656,26.419313430786133
2019-12-03,29.540000915527344,26.048952102661133
2019-12-04,29.81999969482422,26.29586410522461
2019-12-05,29.959999084472656,26.419313430786133
2019-12-06,30.360000610351562,26.772050857543945
2019-12-09,30.290000915527344,26.71031951904297
2019-12-10,30.299999237060547,26.71913719177246
2019-12-11,30.229999542236328,26.65740966796875
2019-12-12,30.81999969482422,27.177682876586914
2019-12-13,30.709999084472656,27.08068084716797
2019-12-16,30.81999969482422,27.177682876586914
2019-12-17,30.940000534057617,27.283504486083984
2019-12-18,30.809999465942383,27.16887092590332
2019-12-19,30.799999237060547,27.16004753112793
2019-12-20,30.68000030517578,27.19195556640625
2019-12-23,30.610000610351562,27.12990951538086
2019-12-24,30.68000030517578,27.19195556640625
2019-12-26,30.850000381469727,27.342632293701172
2019-12-27,30.770000457763672,27.27172088623047
2019-12-30,30.68000030517578,27.19195556640625
2019-12-31,30.780000686645508,27.280588150024414
2020-01-02,31.079999923706055,27.546476364135742
2020-01-03,30.75,27.253999710083008
2020-01-06,30.729999542236328,27.236268997192383
2020-01-07,30.530000686645508,27.059005737304688
2020-01-08,30.729999542236328,27.236268997192383
2020-01-09,30.920000076293945,27.40467071533203
2020-01-10,30.690000534057617,27.20081901550293
2020-01-13,30.899999618530273,27.386945724487305
2020-01-14,30.84000015258789,27.333763122558594
2020-01-15,30.670000076293945,27.18309211730957
2020-01-16,30.940000534057617,27.42239761352539
2020-01-17,31.030000686645508,27.502164840698242
2020-01-21,30.770000457763672,27.27172088623047
2020-01-22,30.860000610351562,27.351491928100586
2020-01-23,30.780000686645508,27.280588150024414
2020-01-24,30.389999389648438,26.934921264648438
2020-01-27,29.920000076293945,26.518360137939453
2020-01-28,30.270000457763672,26.828567504882812
2020-01-29,30.219999313354492,26.784252166748047
2020-01-30,30.600000381469727,27.121047973632812
2020-01-31,29.959999084472656,26.553810119628906
2020-02-03,30.170000076293945,26.73993682861328
2020-02-04,30.459999084472656,26.99696159362793
2020-02-05,31.06999969482422,27.53761100769043
2020-02-06,31.030000686645508,27.502164840698242
2020-02-07,30.920000076293945,27.40467071533203
2020-02-10,31.010000228881836,27.48443031311035
2020-02-11,31.1200008392334,27.58193016052246
2020-02-12,31.139999389648438,27.59965705871582
2020-02-13,31.1299991607666,27.59079360961914
2020-02-14,31.170000076293945,27.62624168395996
2020-02-18,30.899999618530273,27.386945724487305
2020-02-19,31.1299991607666,27.59079360961914
2020-02-20,31.06999969482422,27.53761100769043
2020-02-21,30.770000457763672,27.27172088623047
2020-02-24,29.770000457763672,26.385412216186523
2020-02-25,28.760000228881836,25.490243911743164
2020-02-26,28.549999237060547,25.304115295410156
2020-02-27,27.329999923706055,24.22281837463379
2020-02-28,26.59000015258789,23.56694984436035
2020-03-02,27.950000762939453,24.772335052490234
2020-03-03,26.899999618530273,23.841705322265625
2020-03-04,27.790000915527344,24.63051986694336
2020-03-05,26.450000762939453,23.44287109375
2020-03-06,25.549999237060547,22.645187377929688
2020-03-09,22.809999465942383,20.21670150756836
2020-03-10,24.149999618530273,21.40435791015625
2020-03-11,22.84000015258789,20.243289947509766
2020-03-12,20.3700008392334,18.05411148071289
2020-03-13,23.049999237060547,20.429420471191406
2020-03-16,19.889999389648438,17.628677368164062
2020-03-17,20.969999313354492,18.585895538330078
2020-03-18,19.190000534057617,17.00826644897461
2020-03-19,19.610000610351562,17.380521774291992
2020-03-20,18.90999984741211,16.760099411010742
2020-03-23,17.65999984741211,15.784937858581543
2020-03-24,19.850000381469727,17.742412567138672
2020-03-25,20.389999389648438,18.225080490112305
2020-03-26,21.670000076293945,19.369171142578125
2020-03-27,21.010000228881836,18.779251098632812
2020-03-30,21.40999984741211,19.136775970458984
2020-03-31,20.81999969482422,18.609420776367188
2020-04-01,19.549999237060547,17.47426414489746
2020-04-02,20.040000915527344,17.912242889404297
2020-04-03,19.639999389648438,17.55470848083496
2020-04-06,21.049999237060547,18.815004348754883
2020-04-07,21.260000228881836,19.002700805664062
2020-04-08,22.190000534057617,19.83396339416504
2020-04-09,23.3799991607666,20.89760971069336
2020-04-13,22.530000686645508,20.137863159179688
2020-04-14,22.6299991607666,20.22724151611328
2020-04-15,21.649999618530273,19.35129737854004
2020-04-16,21.270000457763672,19.011638641357422
2020-04-17,22.389999389648438,20.012725830078125
2020-04-20,22.0,19.66412925720215
2020-04-21,21.290000915527344,19.029521942138672
2020-04-22,21.520000457763672,19.235097885131836
2020-04-23,21.43000030517578,19.15465545654297
2020-04-24,21.739999771118164,19.43174171447754
2020-04-27,22.479999542236328,20.09316635131836
2020-04-28,22.719999313354492,20.30768585205078
2020-04-29,23.3799991607666,20.89760971069336
2020-04-30,22.790000915527344,20.370254516601562
2020-05-01,22.059999465942383,19.7177677154541
2020-05-04,21.860000610351562,19.538999557495117
2020-05-05,21.790000915527344,19.476428985595703
2020-05-06,21.31999969482422,19.05632972717285
2020-05-07,21.81999969482422,19.50324249267578
2020-05-08,22.290000915527344,19.92334747314453
2020-05-11,21.860000610351562,19.538999557495117
2020-05-12,21.290000915527344,19.029521942138672
2020-05-13,20.65999984741211,18.466413497924805
2020-05-14,21.190000534057617,18.940134048461914
2020-05-15,21.049999237060547,18.815004348754883
2020-05-18,22.1299991607666,19.780330657958984
2020-05-19,21.59000015258789,19.29766845703125
2020-05-20,22.06999969482422,19.726701736450195
2020-05-21,22.0,19.66412925720215
2020-05-22,21.920000076293945,19.592628479003906
2020-05-26,23.059999465942383,20.61159324645996
2020-05-27,24.059999465942383,21.50541114807129
2020-05-28,23.68000030517578,21.16576385498047
2020-05-29,23.40999984741211,20.924427032470703
2020-06-01,23.68000030517578,21.16576385498047
2020-06-02,23.8700008392334,21.335586547851562
2020-06-03,24.760000228881836,22.13109016418457
2020-06-04,25.299999237060547,22.61375617980957
2020-06-05,26.239999771118164,23.45395278930664
2020-06-08,26.739999771118164,23.900861740112305
2020-06-09,26.170000076293945,23.391382217407227
2020-06-10,25.190000534057617,22.515438079833984
2020-06-11,23.1299991607666,20.674158096313477
2020-06-12,23.829999923706055,21.299833297729492
2020-06-15,24.15999984741211,21.59479331970215
2020-06-16,24.540000915527344,21.9344539642334
2020-06-17,24.170000076293945,21.603734970092773
2020-06-18,24.139999389648438,21.576921463012695
2020-06-19,23.979999542236328,21.433908462524414
2020-06-22,23.709999084472656,21.327762603759766
2020-06-23,23.81999969482422,21.426708221435547
2020-06-24,22.979999542236328,20.671106338500977
2020-06-25,23.59000015258789,21.21982192993164
2020-06-26,22.579999923706055,20.311298370361328
2020-06-29,22.829999923706055,20.536176681518555
2020-06-30,23.139999389648438,20.815032958984375
2020-07-01,22.940000534057617,20.635128021240234
2020-07-02,22.969999313354492,20.662105560302734
2020-07-06,23.40999984741211,21.057905197143555
2020-07-07,22.93000030517578,20.62613296508789
2020-07-08,23.170000076293945,20.84201431274414
2020-07-09,22.68000030517578,20.4012508392334
2020-07-10,23.459999084472656,21.102880477905273
2020-07-13,23.559999465942383,21.19283103942871
2020-07-14,23.68000030517578,21.300779342651367
2020-07-15,24.149999618530273,21.72355079650879
2020-07-16,24.149999618530273,21.72355079650879
2020-07-17,23.950000762939453,21.54365348815918
2020-07-20,23.84000015258789,21.444698333740234
2020-07-21,24.309999465942383,21.86747932434082
2020-07-22,24.309999465942383,21.86747932434082
2020-07-23,24.329999923706055,21.885467529296875
2020-07-24,24.270000457763672,21.831497192382812
2020-07-27,24.06999969482422,21.65159034729004
2020-07-28,24.010000228881836,21.597620010375977
2020-07-29,24.459999084472656,22.002408981323242
2020-07-30,24.020000457763672,21.606616973876953
2020-07-31,24.030000686645508,21.61561393737793
2020-08-03,24.100000381469727,21.67858123779297
2020-08-04,24.0,21.588623046875
2020-08-05,24.329999923706055,21.885467529296875
2020-08-06,24.31999969482422,21.876474380493164
2020-08-07,24.84000015258789,22.344226837158203
2020-08-10,25.020000457763672,22.50614356994629
2020-08-11,25.309999465942383,22.767005920410156
2020-08-12,25.239999771118164,22.704038619995117
2020-08-13,25.079999923706055,22.56011199951172
2020-08-14,25.18000030517578,22.650062561035156
2020-08-17,24.760000228881836,22.27226448059082
2020-08-18,24.600000381469727,22.128339767456055
2020-08-19,24.59000015258789,22.119346618652344
2020-08-20,24.360000610351562,21.912456512451172
2020-08-21,24.309999465942383,21.86747932434082
2020-08-24,24.889999389648438,22.389205932617188
2020-08-25,24.959999084472656,22.452167510986328
2020-08-26,24.84000015258789,22.344226837158203
2020-08-27,25.260000228881836,22.72202491760254
2020-08-28,25.360000610351562,22.81197738647461
2020-08-31,25.059999465942383,22.54212188720703
2020-09-01,25.1299991607666,22.605087280273438
2020-09-02,25.489999771118164,22.928918838500977
2020-09-03,25.100000381469727,22.57810401916504
2020-09-04,25.290000915527344,22.749011993408203
2020-09-08,24.639999389648438,22.16431999206543
2020-09-09,24.889999389648438,22.389205932617188
2020-09-10,24.540000915527344,22.074373245239258
2020-09-11,24.709999084472656,22.22728157043457
2020-09-14,25.049999237060547,22.533126831054688
2020-09-15,24.709999084472656,22.22728157043457
2020-09-16,24.989999771118164,22.479156494140625
2020-09-17,24.729999542236328,22.245281219482422
2020-09-18,24.68000030517578,22.200305938720703
2020-09-21,23.93000030517578,21.644052505493164
2020-09-22,23.729999542236328,21.463159561157227
2020-09-23,23.200000762939453,20.983781814575195
2020-09-24,23.25,21.029014587402344
2020-09-25,23.489999771118164,21.24608039855957
2020-09-28,24.049999237060547,21.752588272094727
2020-09-29,23.75,21.481246948242188
2020-09-30,24.06999969482422,21.77067756652832
2020-10-01,24.110000610351562,21.80685806274414
2020-10-02,24.299999237060547,21.97870445251465
2020-10-05,24.700000762939453,22.340505599975586
2020-10-06,24.450000762939453,22.114376068115234
2020-10-07,24.860000610351562,22.48521614074707
2020-10-08,25.200000762939453,22.79273796081543
2020-10-09,25.229999542236328,22.819868087768555
2020-10-12,25.510000228881836,23.0731201171875
2020-10-13,25.020000457763672,22.629928588867188
2020-10-14,24.780000686645508,22.412853240966797
2020-10-15,24.969999313354492,22.584699630737305
2020-10-16,24.989999771118164,22.602794647216797
2020-10-19,24.610000610351562,22.259096145629883
2020-10-20,24.809999465942383,22.439987182617188
2020-10-21,24.68000030517578,22.322410583496094
2020-10-22,25.170000076293945,22.76559829711914
2020-10-23,25.25,22.837953567504883
2020-10-26,24.68000030517578,22.322410583496094
2020-10-27,24.229999542236328,21.91539192199707
2020-10-28,23.610000610351562,21.354618072509766
2020-10-29,23.790000915527344,21.517425537109375
2020-10-30,23.860000610351562,21.58073616027832
2020-11-02,24.309999465942383,21.987751007080078
2020-11-03,24.850000381469727,22.476163864135742
2020-11-04,24.559999465942383,22.2138729095459
2020-11-05,25.15999984741211,22.75655746459961
2020-11-06,24.959999084472656,22.575658798217773
2020-11-09,27.010000228881836,24.42983055114746
2020-11-10,27.149999618530273,24.556453704833984
2020-11-11,27.040000915527344,24.45696258544922
2020-11-12,26.59000015258789,24.04995346069336
2020-11-13,27.030000686645508,24.447921752929688
2020-11-16,27.6299991607666,24.990604400634766
2020-11-17,27.59000015258789,24.954423904418945
2020-11-18,27.329999923706055,24.719263076782227
2020-11-19,27.420000076293945,24.8006649017334
2020-11-20,27.18000030517578,24.58359146118164
2020-11-23,27.690000534057617,25.044870376586914
2020-11-24,28.65999984741211,25.92220687866211
2020-11-25,28.559999465942383,25.83176612854004
2020-11-27,28.469999313354492,25.75035858154297
2020-11-30,27.8799991607666,25.216724395751953
2020-12-01,28.309999465942383,25.60564613342285
2020-12-02,28.6200008392334,25.886028289794922
2020-12-03,28.6299991607666,25.89507484436035
2020-12-04,28.979999542236328,26.21164321899414
2020-12-07,28.780000686645508,26.03074836730957
2020-12-08,28.770000457763672,26.021705627441406
2020-12-09,28.700000762939453,25.95838737487793
2020-12-10,28.75,26.003616333007812
2020-12-11,28.459999084472656,25.741317749023438
2020-12-14,28.1299991607666,25.442838668823242
2020-12-15,28.610000610351562,25.87698745727539
2020-12-16,28.65999984741211,25.92220687866211
2020-12-17,28.739999771118164,25.994565963745117
2020-12-18,28.489999771118164,25.768447875976562
2020-12-21,28.719999313354492,26.11581802368164
2020-12-22,28.440000534057617,25.861204147338867
2020-12-23,28.90999984741211,26.288578033447266
2020-12-24,28.950000762939453,26.3249568939209
2020-12-28,29.09000015258789,26.452260971069336
2020-12-29,28.989999771118164,26.361330032348633
2020-12-30,29.1200008392334,26.479541778564453
2020-12-31,29.479999542236328,26.806900024414062
2021-01-04,29.079999923706055,26.44316864013672
2021-01-05,29.209999084472656,26.561382293701172
2021-01-06,30.5,27.73440933227539
2021-01-07,30.940000534057617,28.134511947631836
2021-01-08,30.920000076293945,28.116331100463867
2021-01-11,31.020000457763672,28.207260131835938
2021-01-12,31.34000015258789,28.498245239257812
2021-01-13,31.31999969482422,28.48005485534668
2021-01-14,31.459999084472656,28.607358932495117
2021-01-15,30.940000534057617,28.134511947631836
2021-01-19,31.020000457763672,28.207260131835938
2021-01-20,30.889999389648438,28.089048385620117
2021-01-21,30.559999465942383,27.788972854614258
2021-01-22,30.34000015258789,27.58892250061035
2021-01-25,30.1200008392334,27.38887596130371
2021-01-26,29.8799991607666,27.170629501342773
2021-01-27,29.0,26.370426177978516
2021-01-28,29.540000915527344,26.861459732055664
2021-01-29,28.950000762939453,26.3249568939209
2021-02-01,29.329999923706055,26.670503616333008
2021-02-02,30.040000915527344,27.316123962402344
2021-02-03,30.209999084472656,27.470706939697266
2021-02-04,30.8799991607666,28.079952239990234
2021-02-05,30.889999389648438,28.089048385620117
2021-02-08,31.290000915527344,28.45277976989746
2021-02-09,31.299999237060547,28.461868286132812
2021-02-10,31.299999237060547,28.461868286132812
2021-02-11,31.200000762939453,28.370943069458008
2021-02-12,31.520000457763672,28.66192054748535
2021-02-16,32.060001373291016,29.152963638305664
2021-02-17,32.220001220703125,29.298452377319336
2021-02-18,32.029998779296875,29.125680923461914
2021-02-19,32.40999984741211,29.47122573852539
2021-02-22,32.709999084472656,29.744022369384766
2021-02-23,32.90999984741211,29.925888061523438
2021-02-24,33.54999923706055,30.507850646972656
2021-02-25,32.939998626708984,29.953168869018555
2021-02-26,32.310001373291016,29.380287170410156
2021-03-01,33.31999969482422,30.298704147338867
2021-03-02,33.20000076293945,30.189590454101562
2021-03-03,33.459999084472656,30.426008224487305
2021-03-04,33.08000183105469,30.080476760864258
2021-03-05,33.709999084472656,30.653339385986328
2021-03-08,34.13999938964844,31.044355392456055
2021-03-09,33.83000183105469,30.762466430664062
2021-03-10,34.52000045776367,31.389894485473633
2021-03-11,34.41999816894531,31.298961639404297
2021-03-12,34.77000045776367,31.617231369018555
2021-03-15,34.56999969482422,31.435361862182617
2021-03-16,34.209999084472656,31.10801124572754
2021-03-17,34.439998626708984,31.31715202331543
2021-03-18,34.619998931884766,31.4808292388916
2021-03-19,34.220001220703125,31.117103576660156
2021-03-22,33.630001068115234,30.71613883972168
2021-03-23,33.15999984741211,30.286861419677734
2021-03-24,33.279998779296875,30.396459579467773
2021-03-25,33.84000015258789,30.90794563293457
2021-03-26,34.369998931884766,31.39202117919922
2021-03-29,34.06999969482422,31.118022918701172
2021-03-30,34.310001373291016,31.337228775024414
2021-03-31,34.04999923706055,31.09974479675293
2021-04-01,34.470001220703125,31.48335838317871
2021-04-05,34.7400016784668,31.729963302612305
2021-04-06,34.66999816894531,31.66602897644043
2021-04-07,34.84000015258789,31.82129669189453
2021-04-08,34.849998474121094,31.830432891845703
2021-04-09,35.150001525878906,32.10443878173828
2021-04-12,35.29999923706055,32.2414436340332
2021-04-13,34.970001220703125,31.940038681030273
2021-04-14,35.18000030517578,32.1318359375
2021-04-15,35.150001525878906,32.10443878173828
2021-04-16,35.400001525878906,32.33277893066406
2021-04-19,35.29999923706055,32.2414436340332
2021-04-20,34.63999938964844,31.638628005981445
2021-04-21,35.119998931884766,32.07703399658203
2021-04-22,34.72999954223633,31.72083282470703
2021-04-23,35.380001068115234,32.31451416015625
2021-04-26,35.52000045776367,32.442378997802734
2021-04-27,35.79999923706055,32.698116302490234
2021-04-28,35.939998626708984,32.82598876953125
2021-04-29,36.58000183105469,33.41053771972656
2021-04-30,36.2599983215332,33.11825942993164
2021-05-03,36.439998626708984,33.28266525268555
2021-05-04,36.72999954223633,33.547542572021484
2021-05-05,37.029998779296875,33.82154846191406
2021-05-06,37.58000183105469,34.323890686035156
2021-05-07,37.779998779296875,34.50656509399414
2021-05-10,37.75,34.47916030883789
2021-05-11,37.08000183105469,33.867218017578125
2021-05-12,36.70000076293945,33.520137786865234
2021-05-13,37.290000915527344,34.05902099609375
2021-05-14,37.880001068115234,34.597904205322266
2021-05-17,37.95000076293945,34.661834716796875
2021-05-18,37.41999816894531,34.177757263183594
2021-05-19,37.189998626708984,33.967681884765625
2021-05-20,37.209999084472656,33.985939025878906
2021-05-21,37.58000183105469,34.323890686035156
2021-05-24,37.7599983215332,34.4882926940918
2021-05-25,37.380001068115234,34.14122009277344
2021-05-26,37.4900016784668,34.241695404052734
2021-05-27,37.91999816894531,34.634437561035156
2021-05-28,37.9900016784668,34.698368072509766
2021-06-01,38.220001220703125,34.90843200683594
2021-06-02,38.279998779296875,34.9632453918457
2021-06-03,38.369998931884766,35.04544448852539
2021-06-04,38.470001220703125,35.13678741455078
2021-06-07,38.220001220703125,34.90843200683594
2021-06-08,38.119998931884766,34.817100524902344
2021-06-09,37.7599983215332,34.4882926940918
2021-06-10,37.31999969482422,34.086421966552734
2021-06-11,37.560001373291016,34.305625915527344
2021-06-14,37.16999816894531,33.94941711425781
2021-06-15,37.2400016784668,34.01334762573242
2021-06-16,37.20000076293945,33.97682189941406
2021-06-17,36.099998474121094,32.97212219238281
2021-06-18,35.22999954223633,32.177513122558594
2021-06-21,35.90999984741211,32.928504943847656
2021-06-22,35.970001220703125,32.98352813720703
2021-06-23,36.040000915527344,33.047706604003906
2021-06-24,36.4900016784668,33.460350036621094
2021-06-25,36.93000030517578,33.86381912231445
2021-06-28,36.65999984741211,33.61623764038086
2021-06-29,36.529998779296875,33.49703598022461
2021-06-30,36.689998626708984,33.64374542236328
2021-07-01,36.97999954223633,33.909664154052734
2021-07-02,36.939998626708984,33.87299728393555
2021-07-06,36.36000061035156,33.34114074707031
2021-07-07,36.40999984741211,33.387001037597656
2021-07-08,35.68000030517578,32.71759796142578
2021-07-09,36.709999084472656,33.66209030151367
2021-07-12,37.06999969482422,33.9921875
2021-07-13,36.66999816894531,33.62540817260742
2021-07-14,36.5,33.46952438354492
2021-07-15,36.619998931884766,33.579559326171875
2021-07-16,36.119998931884766,33.12106704711914
2021-07-19,35.11000061035156,32.1949348449707
2021-07-20,35.97999954223633,32.99270248413086
2021-07-21,36.599998474121094,33.561214447021484
2021-07-22,36.20000076293945,33.19443893432617
2021-07-23,36.2599983215332,33.24945068359375
2021-07-26,36.470001220703125,33.442012786865234
2021-07-27,36.459999084472656,33.43284225463867
2021-07-28,36.40999984741211,33.387001037597656
2021-07-29,36.810001373291016,33.753787994384766
2021-07-30,36.52000045776367,33.487857818603516
2021-08-02,36.529998779296875,33.49703598022461
2021-08-03,36.939998626708984,33.87299728393555
2021-08-04,36.630001068115234,33.58872985839844
2021-08-05,37.11000061035156,34.028873443603516
2021-08-06,37.86000061035156,34.716609954833984
2021-08-09,37.959999084472656,34.80830764770508
2021-08-10,38.36000061035156,35.17509841918945
2021-08-11,38.79999923706055,35.57856369018555
2021-08-12,38.869998931884766,35.64274978637695
2021-08-13,38.58000183105469,35.376827239990234
2021-08-16,38.47999954223633,35.285125732421875
2021-08-17,38.209999084472656,35.03754806518555
2021-08-18,37.7400016784668,34.6065673828125
2021-08-19,37.459999084472656,34.34981155395508
2021-08-20,37.689998626708984,34.56072235107422
2021-08-23,38.0,34.8449821472168
2021-08-24,38.22999954223633,35.05588912963867
2021-08-25,38.68000030517578,35.46852111816406
2021-08-26,38.4900016784668,35.2943000793457
2021-08-27,39.0,35.761959075927734
2021-08-30,38.45000076293945,35.25762176513672
2021-08-31,38.400001525878906,35.21177673339844
2021-09-01,38.18000030517578,35.01003646850586
2021-09-02,38.310001373291016,35.129249572753906
2021-09-03,38.06999969482422,34.909175872802734
2021-09-07,37.84000015258789,34.698265075683594
2021-09-08,37.75,34.61574172973633
2021-09-09,37.86000061035156,34.716609954833984
2021-09-10,37.58000183105469,34.459861755371094
2021-09-13,38.0099983215332,34.854156494140625
2021-09-14,37.5,34.38649368286133
2021-09-15,37.86000061035156,34.716609954833984
2021-09-16,37.75,34.61574172973633
2021-09-17,37.58000183105469,34.459861755371094
2021-09-20,36.54999923706055,33.66047668457031
2021-09-21,36.5,33.61443328857422
2021-09-22,37.11000061035156,34.17620849609375
2021-09-23,38.02000045776367,35.01426696777344
2021-09-24,38.220001220703125,35.198455810546875
2021-09-27,38.7400016784668,35.677337646484375
2021-09-28,38.099998474121094,35.08793258666992
2021-09-29,38.130001068115234,35.11556625366211
2021-09-30,37.529998779296875,34.562992095947266
2021-10-01,38.150001525878906,35.13398361206055
2021-10-04,37.81999969482422,34.83007049560547
2021-10-05,38.560001373291016,35.511573791503906
2021-10-06,38.599998474121094,35.54840850830078
2021-10-07,38.83000183105469,35.76023483276367
2021-10-08,39.02000045776367,35.935211181640625
2021-10-11,38.630001068115234,35.57603073120117
2021-10-12,38.5099983215332,35.465518951416016
2021-10-13,38.290000915527344,35.26291275024414
2021-10-14,38.93000030517578,35.852325439453125
2021-10-15,39.5099983215332,36.38645935058594
2021-10-18,39.52000045776367,36.39567947387695
2021-10-19,39.90999984741211,36.75484085083008
2021-10-20,40.22999954223633,37.0495491027832
2021-10-21,40.060001373291016,36.89299011230469
2021-10-22,40.619998931884766,37.40870666503906
2021-10-25,40.56999969482422,37.36265563964844
2021-10-26,40.599998474121094,37.39029312133789
2021-10-27,39.93000030517578,36.77326202392578
2021-10-28,40.41999816894531,37.224517822265625
2021-10-29,40.2599983215332,37.07717514038086
2021-11-01,40.279998779296875,37.0955924987793
2021-11-02,40.380001068115234,37.18768310546875
2021-11-03,40.529998779296875,37.325828552246094
2021-11-04,40.0,36.837730407714844
2021-11-05,40.02000045776367,36.85615158081055
2021-11-08,40.2400016784668,37.05875778198242
2021-11-09,40.02000045776367,36.85615158081055
2021-11-10,39.95000076293945,36.791690826416016
2021-11-11,40.060001373291016,36.89299011230469
2021-11-12,40.150001525878906,36.97587585449219
2021-11-15,40.150001525878906,36.97587585449219
2021-11-16,40.11000061035156,36.93903350830078
2021-11-17,39.650001525878906,36.515403747558594
2021-11-18,39.45000076293945,36.331214904785156
2021-11-19,39.02000045776367,35.935211181640625
2021-11-22,39.56999969482422,36.44173049926758
2021-11-23,40.189998626708984,37.012699127197266
2021-11-24,40.099998474121094,36.92981719970703
2021-11-26,38.77000045776367,35.70497131347656
2021-11-29,38.88999938964844,35.81548309326172
2021-11-30,37.959999084472656,34.95900344848633
2021-12-01,37.540000915527344,34.57221984863281
2021-12-02,38.65999984741211,35.60366439819336
2021-12-03,38.029998779296875,35.02346420288086
2021-12-06,38.61000061035156,35.557621002197266
2021-12-07,39.29999923706055,36.19307327270508
2021-12-08,39.09000015258789,35.999671936035156
2021-12-09,39.0099983215332,35.925994873046875
2021-12-10,39.04999923706055,35.96282958984375
2021-12-13,38.630001068115234,35.57603073120117
2021-12-14,38.86000061035156,35.787845611572266
2021-12-15,38.970001220703125,35.889156341552734
2021-12-16,39.459999084472656,36.340423583984375
2021-12-17,38.59000015258789,35.53919982910156
2021-12-20,37.65999984741211,34.8488883972168
2021-12-21,38.439998626708984,35.570655822753906
2021-12-22,38.619998931884766,35.73722457885742
2021-12-23,38.81999969482422,35.92229080200195
2021-12-27,39.220001220703125,36.292442321777344
2021-12-28,39.2400016784668,36.31094741821289
2021-12-29,39.189998626708984,36.264678955078125
2021-12-30,39.119998931884766,36.19990158081055
2021-12-31,39.04999923706055,36.135135650634766
2022-01-03,39.529998779296875,36.579307556152344
2022-01-04,40.56999969482422,37.54166793823242
2022-01-05,40.099998474121094,37.10675048828125
2022-01-06,40.689998626708984,37.652706146240234
2022-01-07,41.16999816894531,38.09687805175781
2022-01-10,41.029998779296875,37.96733093261719
2022-01-11,41.38999938964844,38.30044937133789
2022-01-12,41.41999816894531,38.328224182128906
2022-01-13,41.2599983215332,38.18015670776367
2022-01-14,40.83000183105469,37.78226089477539
2022-01-18,39.91999816894531,36.940181732177734
2022-01-19,39.25,36.320194244384766
2022-01-20,39.0,36.08885192871094
2022-01-21,38.20000076293945,35.34857940673828
2022-01-24,38.310001373291016,35.45036315917969
2022-01-25,38.470001220703125,35.598426818847656
2022-01-26,38.56999969482422,35.690956115722656
2022-01-27,38.220001220703125,35.36708068847656
2022-01-28,38.720001220703125,35.82975769042969
2022-01-31,39.060001373291016,36.14438247680664
2022-02-01,39.599998474121094,36.64406967163086
2022-02-02,39.869998931884766,36.893917083740234
2022-02-03,39.43000030517578,36.486759185791016
2022-02-04,40.099998474121094,37.10675048828125
2022-02-07,40.220001220703125,37.217796325683594
2022-02-08,40.779998779296875,37.73598861694336
2022-02-09,41.040000915527344,37.97658157348633
2022-02-10,40.68000030517578,37.643455505371094
2022-02-11,40.11000061035156,37.11600875854492
2022-02-14,39.65999984741211,36.6995964050293
2022-02-15,40.20000076293945,37.19928741455078
2022-02-16,40.22999954223633,37.227046966552734
2022-02-17,39.22999954223633,36.301692962646484
2022-02-18,39.220001220703125,36.292442321777344
2022-02-22,39.02000045776367,36.107364654541016
2022-02-23,38.34000015258789,35.478126525878906
2022-02-24,37.880001068115234,35.052459716796875
2022-02-25,39.099998474121094,36.181400299072266
2022-02-28,38.52000045776367,35.64469528198242
2022-03-01,37.099998474121094,34.33066940307617
2022-03-02,38.060001373291016,35.219032287597656
2022-03-03,37.939998626708984,35.10798263549805
2022-03-04,37.22999954223633,34.45098114013672
2022-03-07,35.869998931884766,33.19249725341797
2022-03-08,35.65999984741211,32.9981689453125
2022-03-09,36.970001220703125,34.210384368896484
2022-03-10,36.65999984741211,33.92353057861328
2022-03-11,36.400001525878906,33.68293762207031
2022-03-14,36.86000061035156,34.10859680175781
2022-03-15,37.380001068115234,34.58978271484375
2022-03-16,38.43000030517578,35.56140899658203
2022-03-17,38.90999984741211,36.00557327270508
2022-03-18,39.0,36.08885192871094
2022-03-21,38.810001373291016,36.05355453491211
2022-03-22,39.439998626708984,36.63881301879883
2022-03-23,38.709999084472656,35.960655212402344
2022-03-24,39.02000045776367,36.24864959716797
2022-03-25,39.52000045776367,36.713130950927734
2022-03-28,39.40999984741211,36.61094284057617
2022-03-29,39.5,36.694557189941406
2022-03-30,39.220001220703125,36.43443298339844
2022-03-31,38.31999969482422,35.598358154296875
2022-04-01,38.220001220703125,35.50546646118164
2022-04-04,38.04999923706055,35.3475341796875
2022-04-05,37.810001373291016,35.12459182739258
2022-04-06,37.54999923706055,34.88304901123047
2022-04-07,37.5099983215332,34.84589385986328
2022-04-08,37.88999938964844,35.19889831542969
2022-04-11,37.720001220703125,35.04096984863281
2022-04-12,37.310001373291016,34.660091400146484
2022-04-13,37.310001373291016,34.660091400146484
2022-04-14,36.88999938964844,34.269927978515625
2022-04-18,37.11000061035156,34.474300384521484
2022-04-19,37.619998931884766,34.948081970214844
2022-04-20,37.880001068115234,35.189613342285156
2022-04-21,37.279998779296875,34.63223648071289
2022-04-22,36.16999816894531,33.6010627746582
2022-04-25,36.22999954223633,33.65680694580078
2022-04-26,35.31999969482422,32.81142807006836
2022-04-27,35.290000915527344,32.78356170654297
2022-04-28,35.7400016784668,33.20161056518555
2022-04-29,34.5099983215332,32.058956146240234
2022-05-02,34.52000045776367,32.06824493408203
2022-05-03,34.970001220703125,32.48628616333008
2022-05-04,36.040000915527344,33.48029327392578
2022-05-05,34.9900016784668,32.50486373901367
2022-05-06,34.7400016784668,32.27263259887695
2022-05-09,33.90999984741211,31.50157928466797
2022-05-10,33.61000061035156,31.222881317138672
2022-05-11,33.29999923706055,30.93489646911621
2022-05-12,33.04999923706055,30.702659606933594
2022-05-13,33.529998779296875,31.148563385009766
2022-05-16,33.25,30.888450622558594
2022-05-17,34.13999938964844,31.715238571166992
2022-05-18,33.20000076293945,30.84200668334961
2022-05-19,32.97999954223633,30.637630462646484
2022-05-20,32.91999816894531,30.581886291503906
2022-05-23,33.9900016784668,31.575899124145508
2022-05-24,33.91999816894531,31.510866165161133
2022-05-25,34.189998626708984,31.761686325073242
2022-05-26,34.97999954223633,32.49557876586914
2022-05-27,35.56999969482422,33.043670654296875
2022-05-31,35.470001220703125,32.95077896118164
2022-06-01,34.900001525878906,32.421260833740234
2022-06-02,35.380001068115234,32.86716842651367
2022-06-03,34.869998931884766,32.39339065551758
2022-06-06,34.970001220703125,32.48628616333008
2022-06-07,35.2400016784668,32.73711395263672
2022-06-08,34.619998931884766,32.16114044189453
2022-06-09,33.75,31.352943420410156
2022-06-10,32.529998779296875,30.219587326049805
2022-06-13,31.559999465942383,29.318479537963867
2022-06-14,31.290000915527344,29.067657470703125
2022-06-15,31.639999389648438,29.39279556274414
2022-06-16,30.84000015258789,28.649620056152344
2022-06-17,30.93000030517578,28.733226776123047
2022-06-21,31.3799991607666,29.30666160583496
2022-06-22,31.309999465942383,29.241287231445312
2022-06-23,31.190000534057617,29.129215240478516
2022-06-24,32.34000015258789,30.20323371887207
2022-06-27,32.22999954223633,30.100496292114258
2022-06-28,31.90999984741211,29.8016414642334
2022-06-29,31.729999542236328,29.633533477783203
2022-06-30,31.450000762939453,29.372037887573242
2022-07-01,31.8799991607666,29.773622512817383
2022-07-05,31.770000457763672,29.6708927154541
2022-07-06,31.690000534057617,29.59617805480957
2022-07-07,32.150001525878906,30.025785446166992
2022-07-08,32.08000183105469,29.96040916442871
2022-07-11,31.81999969482422,29.717588424682617
2022-07-12,31.6200008392334,29.530807495117188
2022-07-13,31.34000015258789,29.269302368164062
2022-07-14,30.739999771118164,28.708946228027344
2022-07-15,31.780000686645508,29.680234909057617
2022-07-18,31.65999984741211,29.56816291809082
2022-07-19,32.61000061035156,30.45538902282715
2022-07-20,32.72999954223633,30.567462921142578
2022-07-21,32.939998626708984,30.76358413696289
2022-07-22,32.75,30.586137771606445
2022-07-25,32.959999084472656,30.782262802124023
2022-07-26,32.5,30.352664947509766
2022-07-27,33.0,30.819622039794922
2022-07-28,33.2400016784668,31.04376983642578
2022-07-29,33.709999084472656,31.482704162597656
2022-08-01,33.43000030517578,31.221216201782227
2022-08-02,33.060001373291016,30.87565803527832
2022-08-03,33.560001373291016,31.34262466430664
2022-08-04,33.45000076293945,31.239887237548828
2022-08-05,33.689998626708984,31.464027404785156
2022-08-08,33.66999816894531,31.445354461669922
2022-08-09,33.84000015258789,31.604122161865234
2022-08-10,34.599998474121094,32.31391143798828
2022-08-11,35.0099983215332,32.69682312011719
2022-08-12,35.560001373291016,33.210479736328125
2022-08-15,35.54999923706055,33.201141357421875
2022-08-16,35.810001373291016,33.4439697265625
2022-08-17,35.630001068115234,33.275848388671875
2022-08-18,35.66999816894531,33.313201904296875
2022-08-19,34.959999084472656,32.65011978149414
2022-08-22,34.189998626708984,31.930994033813477
2022-08-23,34.04999923706055,31.800247192382812
2022-08-24,34.22999954223633,31.968360900878906
2022-08-25,34.7599983215332,32.46333312988281
2022-08-26,33.720001220703125,31.492053985595703
2022-08-29,33.47999954223633,31.267911911010742
2022-08-30,33.29999923706055,31.099796295166016
2022-08-31,33.04999923706055,30.866321563720703
2022-09-01,33.150001525878906,30.959714889526367
2022-09-02,32.88999938964844,30.716886520385742
2022-09-06,32.810001373291016,30.642175674438477
2022-09-07,33.459999084472656,31.249225616455078
2022-09-08,34.04999923706055,31.800247192382812
2022-09-09,34.36000061035156,32.08976364135742
2022-09-12,34.63999938964844,32.351261138916016
2022-09-13,33.349998474121094,31.14649772644043
2022-09-14,33.25,31.053104400634766
2022-09-15,33.36000061035156,31.155834197998047
2022-09-16,33.060001373291016,30.87565803527832
2022-09-19,33.2599983215332,31.225847244262695
2022-09-20,32.77000045776367,30.76581382751465
2022-09-21,32.09000015258789,30.127405166625977
2022-09-22,31.549999237060547,29.62042999267578
2022-09-23,31.049999237060547,29.1510066986084
2022-09-26,30.559999465942383,28.690975189208984
2022-09-27,30.43000030517578,28.568925857543945
2022-09-28,31.030000686645508,29.132230758666992
2022-09-29,30.639999389648438,28.76608657836914
2022-09-30,30.360000610351562,28.50320816040039
2022-10-03,31.18000030517578,29.273061752319336
2022-10-04,32.34000015258789,30.362117767333984
2022-10-05,32.09000015258789,30.127405166625977
2022-10-06,31.639999389648438,29.704919815063477
2022-10-07,30.889999389648438,29.00079345703125
2022-10-10,30.75,28.869354248046875
2022-10-11,30.360000610351562,28.50320816040039
2022-10-12,30.290000915527344,28.4374942779541
2022-10-13,31.540000915527344,29.611042022705078
2022-10-14,31.010000228881836,29.113454818725586
2022-10-17,31.790000915527344,29.84575653076172
2022-10-18,32.29999923706055,30.324560165405273
2022-10-19,31.770000457763672,29.82697296142578
2022-10-20,31.260000228881836,29.348167419433594
2022-10-21,32.189998626708984,30.221290588378906
2022-10-24,32.619998931884766,30.62499237060547
2022-10-25,33.0099983215332,30.991134643554688
2022-10-26,33.09000015258789,31.066238403320312
2022-10-27,33.36000061035156,31.31972885131836
2022-10-28,34.189998626708984,32.09896469116211
2022-10-31,33.97999954223633,31.901813507080078
2022-11-01,34.06999969482422,31.986312866210938
2022-11-02,33.63999938964844,31.582611083984375
2022-11-03,33.29999923706055,31.263399124145508
2022-11-04,33.90999984741211,31.836095809936523
2022-11-07,34.25,32.15529251098633
2022-11-08,34.45000076293945,32.34307098388672
2022-11-09,33.869998931884766,31.798538208007812
2022-11-10,35.58000183105469,33.403961181640625
2022-11-11,35.869998931884766,33.67621612548828
2022-11-14,35.36000061035156,33.19740676879883
2022-11-15,35.439998626708984,33.272525787353516
2022-11-16,35.27000045776367,33.1129150390625
2022-11-17,35.08000183105469,32.934539794921875
2022-11-18,35.369998931884766,33.2067985534668
2022-11-21,35.47999954223633,33.31007766723633
2022-11-22,35.84000015258789,33.64805221557617
2022-11-23,35.9900016784668,33.78888702392578
2022-11-25,36.11000061035156,33.90154266357422
2022-11-28,35.4900016784668,33.31946563720703
2022-11-29,35.70000076293945,33.516624450683594
2022-11-30,36.310001373291016,34.08931350708008
2022-12-01,36.099998474121094,33.892154693603516
2022-12-02,35.93000030517578,33.7325553894043
2022-12-05,35.040000915527344,32.89698028564453
2022-12-06,34.72999954223633,32.6059455871582
2022-12-07,34.59000015258789,32.47450256347656
2022-12-08,34.619998931884766,32.50266647338867
2022-12-09,34.529998779296875,32.41817855834961
2022-12-12,34.9900016784668,32.850040435791016
2022-12-13,35.08000183105469,32.934539794921875
2022-12-14,34.63999938964844,32.521446228027344
2022-12-15,33.959999084472656,31.883033752441406
2022-12-16,33.70000076293945,31.638940811157227
2022-12-19,33.400001525878906,31.553905487060547
2022-12-20,33.540000915527344,31.686172485351562
2022-12-21,34.060001373291016,32.177433013916016
2022-12-22,33.7599983215332,31.894014358520508
2022-12-23,33.95000076293945,32.073516845703125
2022-12-27,33.939998626708984,32.06406021118164
2022-12-28,33.81999969482422,31.950695037841797
2022-12-29,34.290000915527344,32.394718170166016
2022-12-30,34.20000076293945,32.309696197509766
2023-01-03,34.31999969482422,32.42306137084961
2023-01-04,34.869998931884766,32.94265365600586
2023-01-05,34.61000061035156,32.6970329284668
2023-01-06,35.380001068115234,33.42447280883789
2023-01-09,35.25,33.30165481567383
2023-01-10,35.45000076293945,33.49060821533203
2023-01-11,35.779998779296875,33.80236053466797
2023-01-12,35.849998474121094,33.86850357055664
2023-01-13,36.119998931884766,34.12356948852539
2023-01-17,35.880001068115234,33.89683151245117
2023-01-18,35.209999084472656,33.263858795166016
2023-01-19,34.79999923706055,32.87653350830078
2023-01-20,35.349998474121094,33.3961296081543
2023-01-23,35.7599983215332,33.78346252441406
2023-01-24,35.779998779296875,33.80236053466797
2023-01-25,36.060001373291016,34.06688690185547
2023-01-26,36.25,34.24638748168945
2023-01-27,36.25,34.24638748168945
2023-01-30,36.06999969482422,34.07632827758789
2023-01-31,36.560001373291016,34.53925323486328
2023-02-01,36.560001373291016,34.53925323486328
2023-02-02,36.65999984741211,34.63372039794922
2023-02-03,36.59000015258789,34.567588806152344
2023-02-06,36.58000183105469,34.55814743041992
2023-02-07,37.0,34.954925537109375
2023-02-08,36.779998779296875,34.74709701538086
2023-02-09,36.369998931884766,34.35974884033203
2023-02-10,36.4900016784668,34.47312545776367
2023-02-13,36.90999984741211,34.86990737915039
2023-02-14,36.709999084472656,34.68096160888672
2023-02-15,36.75,34.71874237060547
2023-02-16,36.380001068115234,34.369205474853516
2023-02-17,36.38999938964844,34.3786506652832
2023-02-21,35.63999938964844,33.670101165771484
2023-02-22,35.599998474121094,33.63231658935547
2023-02-23,35.630001068115234,33.66065216064453
2023-02-24,35.65999984741211,33.68899917602539
2023-02-27,35.650001525878906,33.67954635620117
2023-02-28,35.720001220703125,33.74567413330078
2023-03-01,35.599998474121094,33.63231658935547
2023-03-02,35.43000030517578,33.47171401977539
2023-03-03,35.9900016784668,34.000755310058594
2023-03-06,36.02000045776367,34.02909469604492
2023-03-07,35.09000015258789,33.15049743652344
2023-03-08,34.959999084472656,33.027687072753906
2023-03-09,33.540000915527344,31.686172485351562
2023-03-10,32.93000030517578,31.10988998413086
2023-03-13,31.6299991607666,29.88174057006836
2023-03-14,32.27000045776367,30.486371994018555
2023-03-15,31.40999984741211,29.67390251159668
2023-03-16,32.0099983215332,30.240737915039062
2023-03-17,30.979999542236328,29.267671585083008
2023-03-20,31.170000076293945,29.59331703186035
2023-03-21,31.959999084472656,30.343358993530273
2023-03-22,31.219999313354492,29.640790939331055
2023-03-23,31.010000228881836,29.44141387939453
2023-03-24,30.989999771118164,29.42242431640625
2023-03-27,31.420000076293945,29.830677032470703
2023-03-28,31.40999984741211,29.821176528930664
2023-03-29,31.8700008392334,30.257911682128906
2023-03-30,31.799999237060547,30.191450119018555
2023-03-31,32.150001525878906,30.52374839782715
2023-04-03,32.209999084472656,30.580707550048828
2023-04-04,31.90999984741211,30.295888900756836
2023-04-05,31.8700008392334,30.257911682128906
2023-04-06,31.989999771118164,30.37183952331543
2023-04-10,32.060001373291016,30.438302993774414
2023-04-11,32.34000015258789,30.704137802124023
2023-04-12,32.27000045776367,30.637680053710938
2023-04-13,32.560001373291016,30.913005828857422
2023-04-14,32.880001068115234,31.216819763183594
2023-04-17,33.2599983215332,31.577590942382812
2023-04-18,33.36000061035156,31.672542572021484
2023-04-19,33.439998626708984,31.748497009277344
2023-04-20,33.34000015258789,31.65355110168457
2023-04-21,33.220001220703125,31.539634704589844
2023-04-24,33.13999938964844,31.463668823242188
2023-04-25,32.56999969482422,30.922504425048828
2023-04-26,32.2599983215332,30.628177642822266
2023-04-27,32.779998779296875,31.12188148498535
2023-04-28,33.16999816894531,31.49215316772461
2023-05-01,33.08000183105469,31.406713485717773
2023-05-02,32.33000183105469,30.694643020629883
2023-05-03,31.959999084472656,30.343358993530273
2023-05-04,31.549999237060547,29.9540958404541
2023-05-05,32.33000183105469,30.694643020629883
2023-05-08,32.380001068115234,30.74211883544922
2023-05-09,32.2599983215332,30.628177642822266
2023-05-10,32.08000183105469,30.45728874206543
2023-05-11,32.029998779296875,30.409812927246094
2023-05-12,31.899999618530273,30.286394119262695
2023-05-15,32.15999984741211,30.533239364624023
2023-05-16,31.860000610351562,30.248424530029297
2023-05-17,32.5,30.856046676635742
2023-05-18,32.7400016784668,31.083906173706055
2023-05-19,32.599998474121094,30.95098304748535
2023-05-22,32.65999984741211,31.007949829101562
2023-05-23,32.279998779296875,30.647171020507812
2023-05-24,31.860000610351562,30.248424530029297
2023-05-25,31.850000381469727,30.23892593383789
2023-05-26,32.11000061035156,30.48577117919922
2023-05-30,32.099998474121094,30.476276397705078
2023-05-31,31.760000228881836,30.153474807739258
2023-06-01,32.099998474121094,30.476276397705078
2023-06-02,32.79999923706055,31.140865325927734
2023-06-05,32.630001068115234,30.979467391967773
2023-06-06,33.040000915527344,31.368722915649414
2023-06-07,33.16999816894531,31.49215316772461
2023-06-08,33.13999938964844,31.463668823242188
2023-06-09,33.150001525878906,31.473173141479492
2023-06-12,33.13999938964844,31.463668823242188
2023-06-13,33.34000015258789,31.65355110168457
2023-06-14,33.209999084472656,31.530122756958008
2023-06-15,33.650001525878906,31.9478702545166
2023-06-16,33.58000183105469,31.88141441345215
2023-06-20,33.18000030517578,31.642988204956055
2023-06-21,33.13999938964844,31.60484504699707
2023-06-22,32.880001068115234,31.356889724731445
2023-06-23,32.7400016784668,31.22338104248047
2023-06-26,32.66999816894531,31.1566162109375
2023-06-27,32.93000030517578,31.40457534790039
2023-06-28,32.849998474121094,31.328277587890625
2023-06-29,33.41999816894531,31.871871948242188
2023-06-30,33.709999084472656,32.1484375
2023-07-03,33.900001525878906,32.329647064208984
2023-07-05,33.83000183105469,32.26288604736328
2023-07-06,33.540000915527344,31.986324310302734
2023-07-07,33.59000015258789,32.034000396728516
2023-07-10,33.7400016784668,32.17705154418945
2023-07-11,34.13999938964844,32.55852127075195
2023-07-12,34.36000061035156,32.76833724975586
2023-07-13,34.47999954223633,32.882781982421875
2023-07-14,34.25,32.66342544555664
2023-07-17,34.58000183105469,32.97814178466797
2023-07-18,34.970001220703125,33.35007858276367
2023-07-19,35.119998931884766,33.49311828613281
2023-07-20,35.380001068115234,33.74108123779297
2023-07-21,35.2599983215332,33.62663269042969
2023-07-24,35.599998474121094,33.950889587402344
2023-07-25,35.369998931884766,33.73154067993164
2023-07-26,35.58000183105469,33.93182373046875
2023-07-27,35.130001068115234,33.50266647338867
2023-07-28,35.20000076293945,33.56942367553711
2023-07-31,35.33000183105469,33.69340133666992
2023-08-01,35.33000183105469,33.69340133666992
2023-08-02,35.029998779296875,33.40728759765625
2023-08-03,35.04999923706055,33.426368713378906
2023-08-04,34.90999984741211,33.29285430908203
2023-08-07,35.400001525878906,33.760162353515625
2023-08-08,35.08000183105469,33.45498275756836
2023-08-09,34.81999969482422,33.2070198059082
2023-08-10,34.849998474121094,33.235633850097656
2023-08-11,34.91999816894531,33.30238342285156
2023-08-14,34.849998474121094,33.235633850097656
2023-08-15,34.209999084472656,32.625282287597656
2023-08-16,34.15999984741211,32.577598571777344
2023-08-17,33.9900016784668,32.41547775268555
2023-08-18,33.97999954223633,32.40593338012695
2023-08-21,33.939998626708984,32.3677864074707
2023-08-22,33.619998931884766,32.0626106262207
2023-08-23,33.95000076293945,32.3773307800293
2023-08-24,33.83000183105469,32.26288604736328
2023-08-25,33.9900016784668,32.41547775268555
2023-08-28,34.18000030517578,32.5966682434082
2023-08-29,34.4900016784668,32.89231872558594
2023-08-30,34.5099983215332,32.91138458251953
2023-08-31,34.380001068115234,32.787410736083984
2023-09-01,34.689998626708984,33.083045959472656
2023-09-05,34.34000015258789,32.74925994873047
2023-09-06,34.31999969482422,32.730194091796875
2023-09-07,34.22999954223633,32.64435577392578
2023-09-08,34.29999923706055,32.71111297607422
2023-09-11,34.459999084472656,32.86370086669922
2023-09-12,34.689998626708984,33.083045959472656
2023-09-13,34.689998626708984,33.083045959472656
2023-09-14,35.0099983215332,33.388221740722656
2023-09-15,34.83000183105469,33.21656036376953
2023-09-18,34.77000045776367,33.30756759643555
2023-09-19,34.72999954223633,33.26924514770508
2023-09-20,34.4900016784668,33.039344787597656
2023-09-21,33.91999816894531,32.493316650390625
2023-09-22,33.65999984741211,32.24424743652344
2023-09-25,33.7400016784668,32.320892333984375
2023-09-26,33.290000915527344,31.889816284179688
2023-09-27,33.2400016784668,31.841917037963867
2023-09-28,33.47999954223633,32.07182693481445
2023-09-29,33.16999816894531,31.774858474731445
2023-10-02,32.88999938964844,31.506635665893555
2023-10-03,32.369998931884766,31.008512496948242
2023-10-04,32.61000061035156,31.23841667175293
2023-10-05,32.7599983215332,31.38210105895996
2023-10-06,33.040000915527344,31.650325775146484
2023-10-09,33.060001373291016,31.669492721557617
2023-10-10,33.29999923706055,31.899394989013672
2023-10-11,33.349998474121094,31.947294235229492
2023-10-12,33.13999938964844,31.746122360229492
2023-10-13,33.209999084472656,31.81317710876465
2023-10-16,33.560001373291016,32.14845657348633
2023-10-17,33.720001220703125,32.301727294921875
2023-10-18,33.13999938964844,31.746122360229492
2023-10-19,32.70000076293945,31.324628829956055
2023-10-20,32.20000076293945,30.845661163330078
2023-10-23,32.0,30.654069900512695
2023-10-24,32.220001220703125,30.86482048034668
2023-10-25,32.099998474121094,30.749866485595703
2023-10-26,32.029998779296875,30.68280792236328
2023-10-27,31.450000762939453,30.127206802368164
2023-10-30,32.0099983215332,30.663650512695312
2023-10-31,32.36000061035156,30.998929977416992
2023-11-01,32.56999969482422,31.20009994506836
2023-11-02,33.34000015258789,31.937715530395508
2023-11-03,33.779998779296875,32.35919952392578
2023-11-06,33.68000030517578,32.26341247558594
2023-11-07,33.630001068115234,32.215511322021484
2023-11-08,33.66999816894531,32.25382614135742
2023-11-09,33.529998779296875,32.11971664428711
2023-11-10,33.90999984741211,32.48373794555664
2023-11-13,33.86000061035156,32.43584060668945
2023-11-14,34.5,33.048927307128906
2023-11-15,34.689998626708984,33.23093032836914
2023-11-16,34.83000183105469,33.365047454833984
2023-11-17,35.0099983215332,33.537471771240234
2023-11-20,35.150001525878906,33.67158889770508
2023-11-21,35.130001068115234,33.652427673339844
2023-11-22,35.27000045776367,33.78652572631836
2023-11-24,35.380001068115234,33.89190673828125
2023-11-27,35.2599983215332,33.77695083618164
2023-11-28,35.25,33.76737976074219
2023-11-29,35.5,34.006858825683594
2023-11-30,35.900001525878906,34.39004135131836
2023-12-01,36.16999816894531,34.648677825927734
2023-12-04,36.130001068115234,34.61037063598633
2023-12-05,35.95000076293945,34.43793487548828
2023-12-06,35.77000045776367,34.265506744384766
2023-12-07,35.939998626708984,34.4283561706543
2023-12-08,36.130001068115234,34.61037063598633
2023-12-11,36.349998474121094,34.82110595703125
2023-12-12,36.61000061035156,35.07017517089844
2023-12-13,37.20000076293945,35.63536071777344
2023-12-14,37.56999969482422,35.98979568481445
2023-12-15,37.349998474121094,35.77904510498047
2023-12-18,37.290000915527344,35.89842987060547
2023-12-19,37.56999969482422,36.167972564697266
2023-12-20,36.900001525878906,35.522972106933594
2023-12-21,37.2599983215332,35.86954116821289
2023-12-22,37.34000015258789,35.946556091308594
2023-12-26,37.4900016784668,36.09096145629883
2023-12-27,37.61000061035156,36.206485748291016
2023-12-28,37.720001220703125,36.3123779296875
2023-12-29,37.599998474121094,36.19685363769531
2024-01-02,37.7599983215332,36.350887298583984
2024-01-03,37.439998626708984,36.042823791503906
2024-01-04,37.59000015258789,36.187225341796875
2024-01-05,37.75,36.34125518798828
2024-01-08,37.9900016784668,36.57229995727539
2024-01-09,37.75,36.34125518798828
2024-01-10,37.810001373291016,36.39902114868164
2024-01-11,37.66999816894531,36.26424026489258
2024-01-12,37.599998474121094,36.19685363769531
2024-01-16,37.34000015258789,35.946556091308594
2024-01-17,37.27000045776367,35.87916946411133
2024-01-18,37.33000183105469,35.93693161010742
2024-01-19,37.93000030517578,36.5145378112793
2024-01-22,38.11000061035156,36.687828063964844
2024-01-23,38.16999816894531,36.745582580566406
2024-01-24,38.31999969482422,36.889984130859375
2024-01-25,38.5099983215332,37.07290267944336
2024-01-26,38.650001525878906,37.20766830444336
2024-01-29,38.75,37.30393981933594
2024-01-30,39.2400016784668,37.77565383911133
2024-01-31,38.7599983215332,37.31356430053711
2024-02-01,38.81999969482422,37.37133026123047
2024-02-02,38.97999954223633,37.525352478027344
2024-02-05,38.75,37.30393981933594
2024-02-06,38.83000183105469,37.38095474243164
2024-02-07,39.119998931884766,37.66012954711914
2024-02-08,38.970001220703125,37.51572799682617
2024-02-09,39.08000183105469,37.62162780761719
2024-02-12,39.2599983215332,37.79490661621094
2024-02-13,38.72999954223633,37.28468322753906
2024-02-14,39.099998474121094,37.64087677001953
2024-02-15,39.77000045776367,38.28586959838867
2024-02-16,39.630001068115234,38.15110397338867
2024-02-20,39.52000045776367,38.045204162597656
2024-02-21,39.63999938964844,38.16073226928711
2024-02-22,40.099998474121094,38.603553771972656
2024-02-23,40.29999923706055,38.79609680175781
2024-02-26,40.099998474121094,38.603553771972656
2024-02-27,40.209999084472656,38.70945358276367
2024-02-28,40.36000061035156,38.85385513305664
2024-02-29,40.34000015258789,38.83460235595703
2024-03-01,40.290000915527344,38.78647232055664
2024-03-04,40.38999938964844,38.88274002075195
2024-03-05,40.400001525878906,38.892364501953125
2024-03-06,40.61000061035156,39.09452438354492
2024-03-07,40.54999923706055,39.036766052246094
2024-03-08,40.619998931884766,39.10415267944336
2024-03-11,40.689998626708984,39.171546936035156
2024-03-12,40.86000061035156,39.33519744873047
2024-03-13,41.15999984741211,39.62400436401367
2024-03-14,40.83000183105469,39.30632400512695
2024-03-15,40.790000915527344,39.26781463623047
2024-03-18,40.869998931884766,39.49296188354492
2024-03-19,41.06999969482422,39.68622589111328
2024-03-20,41.560001373291016,40.15970993041992
2024-03-21,41.900001525878906,40.488258361816406
2024-03-22,41.41999816894531,40.02442932128906
2024-03-25,41.2599983215332,39.86982345581055
2024-03-26,41.400001525878906,40.00510787963867
2024-03-27,41.88999938964844,40.47858810424805
2024-03-28,42.119998931884766,40.70084762573242
2024-04-01,41.88999938964844,40.47858810424805
2024-04-02,41.66999816894531,40.26600646972656
2024-04-03,41.650001525878906,40.24668502807617
2024-04-04,41.18000030517578,39.792518615722656
2024-04-05,41.56999969482422,40.16937255859375
2024-04-08,41.75,40.34331130981445
2024-04-09,41.5099983215332,40.111392974853516
2024-04-10,40.88999938964844,39.51228332519531
2024-04-11,40.599998474121094,39.2320556640625
2024-04-12,40.060001373291016,38.71025085449219
2024-04-15,39.86000061035156,38.516990661621094
2024-04-16,39.59000015258789,38.25608825683594
2024-04-17,39.689998626708984,38.352718353271484
2024-04-18,39.83000183105469,38.487998962402344
2024-04-19,40.380001068115234,39.01947021484375
2024-04-22,40.869998931884766,39.49296188354492
2024-04-23,41.130001068115234,39.744197845458984
2024-04-24,41.119998931884766,39.734535217285156
2024-04-25,40.880001068115234,39.50262451171875
2024-04-26,40.81999969482422,39.44464874267578
2024-04-29,40.7599983215332,39.38666534423828
2024-04-30,40.36000061035156,39.00014114379883
2024-05-01,40.36000061035156,39.00014114379883
2024-05-02,40.459999084472656,39.096771240234375
2024-05-03,40.54999923706055,39.18374252319336
2024-05-06,41.06999969482422,39.68622589111328
2024-05-07,41.209999084472656,39.821502685546875
2024-05-08,41.36000061035156,39.96645736694336
2024-05-09,41.66999816894531,40.26600646972656
2024-05-10,41.83000183105469,40.42061996459961
2024-05-13,41.65999984741211,40.25634002685547
2024-05-14,41.869998931884766,40.45927047729492
2024-05-15,42.18000030517578,40.75882339477539
2024-05-16,42.18000030517578,40.75882339477539
2024-05-17,42.4900016784668,41.05837631225586
2024-05-20,41.90999984741211,40.497920989990234
2024-05-21,42.18000030517578,40.75882339477539
2024-05-22,41.939998626708984,40.52690887451172
2024-05-23,41.36000061035156,39.96645736694336
2024-05-24,41.61000061035156,40.208030700683594
2024-05-28,41.150001525878906,39.763526916503906
2024-05-29,40.81999969482422,39.44464874267578
2024-05-30,41.040000915527344,39.657230377197266
2024-05-31,41.63999938964844,40.23701477050781
2024-06-03,41.380001068115234,39.98577880859375
2024-06-04,41.189998626708984,39.80217742919922
2024-06-05,41.310001373291016,39.91814041137695
2024-06-06,41.290000915527344,39.8988151550293
2024-06-07,41.47999954223633,40.082401275634766
2024-06-10,41.31999969482422,39.92780685424805
2024-06-11,40.849998474121094,39.473636627197266
2024-06-12,40.810001373291016,39.43498992919922
2024-06-13,40.779998779296875,39.4059944152832
2024-06-14,40.650001525878906,39.280372619628906
2024-06-17,41.0099983215332,39.62824249267578
2024-06-18,41.27000045776367,39.87948989868164
2024-06-20,41.4900016784668,40.09206771850586
2024-06-21,41.33000183105469,39.93746566772461
2024-06-24,41.59000015258789,40.34782409667969
2024-06-25,41.279998779296875,40.047088623046875
2024-06-26,41.02000045776367,39.794857025146484
2024-06-27,40.970001220703125,39.746341705322266
2024-06-28,41.11000061035156,39.882164001464844
2024-07-01,41.20000076293945,39.96947479248047
2024-07-02,41.68000030517578,40.43513488769531
2024-07-03,41.54999923706055,40.30902099609375
2024-07-05,41.540000915527344,40.299320220947266
2024-07-08,41.43000030517578,40.19260787963867
2024-07-09,41.75,40.503047943115234
2024-07-10,41.90999984741211,40.65827178955078
2024-07-11,42.2400016784668,40.978416442871094
2024-07-12,42.380001068115234,41.11423110961914
2024-07-15,43.0,41.71571731567383
2024-07-16,43.4900016784668,42.19108200073242
2024-07-17,43.81999969482422,42.511226654052734
2024-07-18,43.290000915527344,41.99705505371094
2024-07-19,42.849998474121094,41.570194244384766
2024-07-22,43.09000015258789,41.80302810668945
2024-07-23,43.16999816894531,41.88063430786133
2024-07-24,42.58000183105469,41.308258056640625
2024-07-25,42.7400016784668,41.46348190307617
2024-07-26,43.40999984741211,42.11346435546875
2024-07-29,43.349998474121094,42.055259704589844
2024-07-30,43.849998474121094,42.54032897949219
2024-07-31,43.7400016784668,42.43361282348633
2024-08-01,43.119998931884766,41.832130432128906
2024-08-02,42.060001373291016,40.803794860839844
2024-08-05,40.84000015258789,39.6202278137207
2024-08-06,41.5,40.2605094909668
2024-08-07,41.54999923706055,40.30902099609375
2024-08-08,42.220001220703125,40.959014892578125
2024-08-09,42.400001525878906,41.13364028930664
2024-08-12,42.18000030517578,40.920204162597656
2024-08-13,42.529998779296875,41.2597541809082
2024-08-14,43.04999923706055,41.764225006103516
2024-08-15,43.45000076293945,42.15227508544922
2024-08-16,43.77000045776367,42.46271896362305
2024-08-19,44.0099983215332,42.6955451965332
2024-08-20,43.869998931884766,42.55972671508789
2024-08-21,43.79999923706055,42.4918212890625
2024-08-22,44.04999923706055,42.73434829711914
2024-08-23,44.43000030517578,43.10300827026367
2024-08-26,44.56999969482422,43.23882293701172
2024-08-27,44.79999923706055,43.461952209472656
2024-08-28,44.90999984741211,43.56867218017578
2024-08-29,45.310001373291016,43.95672607421875
2024-08-30,45.7400016784668,44.373878479003906
2024-09-03,45.400001525878906,44.044036865234375
2024-09-04,45.45000076293945,44.0925407409668
2024-09-05,44.95000076293945,43.607479095458984
2024-09-06,44.290000915527344,42.967185974121094
2024-09-09,44.95000076293945,43.607479095458984
2024-09-10,44.4900016784668,43.161216735839844
2024-09-11,44.279998779296875,42.95748519897461
2024-09-12,44.380001068115234,43.05450439453125
2024-09-13,44.5099983215332,43.18061065673828
2024-09-16,45.09000015258789,43.743289947509766
2024-09-17,45.33000183105469,43.97612762451172
2024-09-18,45.189998626708984,43.840301513671875
2024-09-19,45.689998626708984,44.32537078857422
2024-09-20,45.65999984741211,44.296268463134766
2024-09-23,45.439998626708984,44.24271774291992
2024-09-24,45.060001373291016,43.87273025512695
2024-09-25,44.790000915527344,43.60984420776367
2024-09-26,45.02000045776367,43.83378219604492
2024-09-27,45.150001525878906,43.960357666015625
2024-09-30,45.31999969482422,44.125877380371094
2024-10-01,45.08000183105469,43.89220428466797
2024-10-02,45.130001068115234,43.940887451171875
2024-10-03,44.88999938964844,43.707210540771484
2024-10-04,45.650001525878906,44.44718551635742
2024-10-07,45.09000015258789,43.90193557739258
2024-10-08,45.349998474121094,44.155086517333984
2024-10-09,45.77000045776367,44.564022064208984
2024-10-10,45.630001068115234,44.42771530151367
2024-10-11,46.5099983215332,45.284523010253906
2024-10-14,46.79999923706055,45.5668830871582
2024-10-15,46.900001525878906,45.664249420166016
2024-10-16,47.47999954223633,46.228965759277344
2024-10-17,47.61000061035156,46.35553741455078
2024-10-18,47.619998931884766,46.365272521972656
2024-10-21,47.2400016784668,45.995296478271484
2024-10-22,47.150001525878906,45.90766525268555
2024-10-23,47.11000061035156,45.86872100830078
2024-10-24,47.150001525878906,45.90766525268555
2024-10-25,46.630001068115234,45.401363372802734
2024-10-28,47.209999084472656,45.96607971191406
2024-10-29,46.91999816894531,45.6837158203125
2024-10-30,47.130001068115234,45.888187408447266
2024-10-31,46.47999954223633,45.255313873291016
2024-11-01,46.63999938964844,45.411102294921875
2024-11-04,46.279998779296875,45.06058120727539
2024-11-05,46.709999084472656,45.4792594909668
2024-11-06,49.54999923706055,48.24442672729492
2024-11-07,48.75,47.46549987792969
2024-11-08,49.189998626708984,47.8939094543457
2024-11-11,49.88999938964844,48.57546615600586
2024-11-12,49.7400016784668,48.42942810058594
2024-11-13,49.77000045776367,48.4586296081543
2024-11-14,49.63999938964844,48.33205032348633
2024-11-15,49.869998931884766,48.555992126464844
2024-11-18,50.02000045776367,48.70204162597656
2024-11-19,49.689998626708984,48.380733489990234
2024-11-20,49.540000915527344,48.23468780517578
2024-11-21,50.16999816894531,48.848087310791016
2024-11-22,50.72999954223633,49.393333435058594
2024-11-25,51.060001373291016,49.714637756347656
2024-11-26,51.15999984741211,49.81200408935547
2024-11-27,51.2599983215332,49.90936279296875
2024-11-29,51.34000015258789,49.98726272583008
2024-12-02,50.83000183105469,49.490699768066406
2024-12-03,50.45000076293945,49.12070846557617
2024-12-04,50.2599983215332,48.93571472167969
2024-12-05,50.40999984741211,49.08176803588867
2024-12-06,50.400001525878906,49.0720329284668
2024-12-09,49.709999084472656,48.400211334228516
2024-12-10,49.70000076293945,48.39047622680664
2024-12-11,49.79999923706055,48.48784255981445
2024-12-12,49.58000183105469,48.27363586425781
2024-12-13,49.540000915527344,48.23468780517578
2024-12-16,49.45000076293945,48.14706039428711
2024-12-17,49.099998474121094,47.80628204345703
2024-12-18,47.630001068115234,46.37501525878906
2024-12-19,47.79999923706055,46.54053497314453
2024-12-20,48.5099983215332,47.2318229675293
2024-12-23,48.41999816894531,47.345252990722656
2024-12-24,48.9900016784668,47.9025993347168
2024-12-26,49.11000061035156,48.01993179321289
2024-12-27,48.75,47.66792678833008
2024-12-30,48.279998779296875,47.20835494995117
2024-12-31,48.33000183105469,47.25725173950195
2025-01-02,48.209999084472656,47.13990783691406
2025-01-03,48.59000015258789,47.51148223876953
2025-01-06,48.439998626708984,47.36480712890625
2025-01-07,48.33000183105469,47.25725173950195
2025-01-08,48.4900016784668,47.41370391845703
2025-01-10,47.31999969482422,46.26966857910156
2025-01-13,47.65999984741211,46.60211944580078
2025-01-14,48.25,47.17902755737305
2025-01-15,49.47999954223633,48.3817253112793
2025-01-16,49.810001373291016,48.70439910888672
2025-01-17,50.22999954223633,49.115074157714844
2025-01-21,50.650001525878906,49.525760650634766
2025-01-22,50.40999984741211,49.29107666015625
2025-01-23,50.70000076293945,49.574642181396484
2025-01-24,50.849998474121094,49.721317291259766
2025-01-27,51.40999984741211,50.268882751464844
2025-01-28,51.31999969482422,50.18088150024414
2025-01-29,51.279998779296875,50.14176559448242
2025-01-30,51.77000045776367,50.62089920043945
2025-01-31,51.470001220703125,50.327552795410156
2025-02-03,51.2599983215332,50.12221145629883
2025-02-04,51.13999938964844,50.004878997802734
2025-02-05,51.68000030517578,50.532894134521484
2025-02-06,52.11000061035156,50.953346252441406
2025-02-07,51.81999969482422,50.66978073120117
2025-02-10,51.40999984741211,50.268882751464844
2025-02-11,51.540000915527344,50.395999908447266
2025-02-12,51.36000061035156,50.21999740600586
2025-02-13,51.70000076293945,50.55244827270508
2025-02-14,51.79999923706055,50.650230407714844
2025-02-18,52.16999816894531,51.01200866699219
2025-02-19,52.189998626708984,51.03157043457031
2025-02-20,51.38999938964844,50.249324798583984
2025-02-21,50.75,49.623531341552734
2025-02-24,50.970001220703125,49.83864974975586
2025-02-25,50.959999084472656,49.82887649536133
2025-02-26,50.849998474121094,49.721317291259766
2025-02-27,51.130001068115234,49.99510192871094
2025-02-28,52.18000030517578,51.021793365478516
2025-03-03,51.7400016784668,50.59156036376953
2025-03-04,49.91999816894531,48.811954498291016
2025-03-05,50.209999084472656,49.095516204833984
2025-03-06,49.380001068115234,48.2839469909668
2025-03-07,49.119998931884766,48.02971267700195
2025-03-10,48.02000045776367,46.95413589477539
2025-03-11,47.61000061035156,46.55323028564453
2025-03-12,47.68000030517578,46.621681213378906
2025-03-13,47.41999816894531,46.36744689941406
2025-03-14,48.52000045776367,47.443031311035156
2025-03-17,49.09000015258789,48.0003776550293
2025-03-18,49.029998779296875,47.94171142578125
2025-03-19,49.56999969482422,48.469722747802734
2025-03-20,49.63999938964844,48.53816604614258
2025-03-21,49.459999084472656,48.36216354370117
2025-03-24,50.150001525878906,49.2149658203125
2025-03-25,50.43000030517578,49.48974609375
2025-03-26,50.279998779296875,49.3425407409668
2025-03-27,50.18000030517578,49.244407653808594
2025-03-28,49.209999084472656,48.29248809814453
2025-03-31,49.810001373291016,48.88130569458008
2025-04-01,49.75,48.822425842285156
2025-04-02,50.15999984741211,49.22477722167969
2025-04-03,47.689998626708984,46.80083084106445
2025-04-04,44.20000076293945,43.37590026855469
2025-04-07,44.09000015258789,43.26795196533203
2025-04-08,43.91999816894531,43.10111999511719
2025-04-09,47.22999954223633,46.34940719604492
2025-04-10,45.90999984741211,45.05402374267578
2025-04-11,46.66999816894531,45.79984664916992
2025-04-14,47.150001525878906,46.27090072631836
2025-04-15,47.27000045776367,46.38866424560547
2025-04-16,46.529998779296875,45.66245651245117
2025-04-17,46.650001525878906,45.78022384643555
2025-04-21,45.650001525878906,44.79887008666992
2025-04-22,47.15999984741211,46.28071594238281
2025-04-23,47.720001220703125,46.83027267456055
2025-04-24,48.25,47.35039138793945
2025-04-25,48.02000045776367,47.12467956542969
2025-04-28,48.16999816894531,47.27187728881836
2025-04-29,48.66999816894531,47.76255798339844
2025-04-30,48.7599983215332,47.85087585449219
2025-05-01,48.75,47.841064453125
2025-05-02,49.7599983215332,48.83223342895508
2025-05-05,49.439998626708984,48.5181999206543
2025-05-06,49.15999984741211,48.2434196472168
2025-05-07,49.45000076293945,48.528018951416016
2025-05-08,49.86000061035156,48.93037414550781
2025-05-09,49.86000061035156,48.93037414550781
2025-05-12,50.869998931884766,49.921539306640625
2025-05-13,51.08000183105469,50.12762451171875
2025-05-14,50.939998626708984,49.990230560302734
2025-05-15,51.279998779296875,50.32389831542969
2025-05-16,51.59000015258789,50.628116607666016
2025-05-19,51.619998931884766,50.657554626464844
2025-05-20,51.34000015258789,50.38277816772461
2025-05-21,50.290000915527344,49.35235595703125
2025-05-22,50.22999954223633,49.2934684753418
2025-05-23,50.04999923706055,49.11682891845703
2025-05-27,50.93000030517578,49.98042297363281
2025-05-28,50.59000015258789,49.646759033203125
2025-05-29,50.849998474121094,49.901912689208984
2025-05-30,50.959999084472656,50.00986099243164
2025-06-02,50.97999954223633,50.02948760986328
2025-06-03,51.08000183105469,50.12762451171875
2025-06-04,50.790000915527344,49.84303283691406
2025-06-05,50.650001525878906,49.70564270019531
2025-06-06,51.279998779296875,50.32389831542969
2025-06-09,51.0,50.04911804199219
2025-06-10,51.060001373291016,50.108001708984375
2025-06-11,51.0,50.04911804199219
2025-06-12,51.0,50.04911804199219
2025-06-13,49.959999084472656,49.028507232666016
2025-06-16,50.529998779296875,49.5878791809082
2025-06-17,50.2400016784668,49.30328369140625
2025-06-18,50.220001220703125,49.283660888671875
2025-06-20,50.36000061035156,49.42104721069336
2025-06-23,50.81999969482422,50.04338836669922
2025-06-24,51.58000183105469,50.791778564453125
2025-06-25,51.40999984741211,50.62437438964844
2025-06-26,51.790000915527344,50.998573303222656
2025-06-27,51.939998626708984,51.146278381347656
2025-06-30,52.369998931884766,51.569705963134766
2025-07-01,52.65999984741211,51.85527420043945
2025-07-02,52.619998931884766,51.81588363647461
2025-07-03,53.189998626708984,52.377174377441406
2025-07-07,52.68000030517578,51.874969482421875
2025-07-08,52.209999084472656,51.41215133666992
2025-07-09,52.400001525878906,51.5992431640625
2025-07-10,52.709999084472656,51.90450668334961
2025-07-11,52.15999984741211,51.3629150390625
2025-07-14,52.54999923706055,51.7469482421875
2025-07-15,51.650001525878906,50.86071014404297
2025-07-16,52.0099983215332,51.215206146240234
2025-07-17,52.5099983215332,51.70756530761719
2025-07-18,52.540000915527344,51.73710632324219
2025-07-21,52.38999938964844,51.589393615722656
2025-07-22,52.68000030517578,51.874969482421875
2025-07-23,53.099998474121094,52.28854751586914
2025-07-24,53.06999969482422,52.25900650024414
2025-07-25,53.439998626708984,52.62335205078125
2025-07-28,53.06999969482422,52.25900650024414
2025-07-29,52.79999923706055,51.99312973022461
2025-07-30,52.70000076293945,51.89466094970703
2025-07-31,52.369998931884766,51.569705963134766
2025-08-01,51.400001525878906,50.61452865600586
2025-08-04,51.90999984741211,51.11673355102539
2025-08-05,51.70000076293945,50.90994644165039
2025-08-06,51.95000076293945,51.156124114990234
2025-08-07,51.369998931884766,50.584983825683594
2025-08-08,51.849998474121094,51.05765151977539
2025-08-11,51.83000183105469,51.037960052490234
2025-08-12,52.459999084472656,51.65833282470703
2025-08-13,52.7599983215332,51.95374298095703
2025-08-14,53.0099983215332,52.19992446899414
2025-08-15,52.459999084472656,51.65833282470703
2025-08-18,52.5,51.697715759277344
2025-08-19,52.599998474121094,51.79618835449219
2025-08-20,52.869998931884766,52.06206512451172
2025-08-21,52.70000076293945,51.89466094970703
2025-08-22,53.56999969482422,52.751365661621094
2025-08-25,53.2599983215332,52.44610595703125
2025-08-26,53.66999816894531,52.84983825683594
2025-08-27,53.779998779296875,52.95815658569336
2025-08-28,53.849998474121094,53.02708435058594
2025-08-29,53.9900016784668,53.16495132446289
2025-09-02,53.59000015258789,52.771060943603516
2025-09-03,53.5,52.682437896728516
2025-09-04,54.060001373291016,53.23387908935547
2025-09-05,53.06999969482422,52.25900650024414
2025-09-08,53.11000061035156,52.29840087890625
2025-09-09,53.34000015258789,52.52488327026367
2025-09-10,53.15999984741211,52.347633361816406
2025-09-11,54.029998779296875,53.2043342590332
2025-09-12,53.79999923706055,52.977848052978516
2025-09-15,53.68000030517578,52.85968780517578
2025-09-16,53.560001373291016,52.741519927978516
2025-09-17,54.08000183105469,53.25357437133789
2025-09-18,54.130001068115234,53.30281066894531
2025-09-19,54.25,53.42097473144531
2025-09-22,54.0,53.3498420715332
2025-09-23,53.7599983215332,53.11273193359375
2025-09-24,53.61000061035156,52.96453857421875
2025-09-25,53.470001220703125,52.82622528076172
2025-09-26,53.86000061035156,53.21153259277344
2025-09-29,54.130001068115234,53.47827911376953
2025-09-30,53.869998931884766,53.22140884399414
2025-10-01,53.38999938964844,52.74718475341797
2025-10-02,53.349998474121094,52.707672119140625
2025-10-03,53.720001220703125,53.07321548461914
2025-10-06,53.70000076293945,53.0534553527832
2025-10-07,53.77000045776367,53.12261199951172
2025-10-08,53.5099983215332,52.86574172973633
2025-10-09,53.31999969482422,52.67802810668945
2025-10-10,52.15999984741211,51.53199768066406
2025-10-13,52.65999984741211,52.02597427368164
2025-10-14,53.2400016784668,52.598995208740234
2025-10-15,53.2400016784668,52.598995208740234
2025-10-16,51.7599983215332,51.136810302734375
2025-10-17,52.18000030517578,51.551753997802734
2025-10-20,52.790000915527344,52.15441131591797
2025-10-21,52.72999954223633,52.09513473510742
2025-10-22,52.43000030517578,51.798744201660156
2025-10-23,52.540000915527344,51.90742492675781
2025-10-24,53.11000061035156,52.470558166503906
2025-10-27,53.33000183105469,52.68791198730469
2025-10-28,52.9900016784668,52.35200500488281
2025-10-29,52.09000015258789,51.46284103393555
2025-10-30,52.22999954223633,51.60115432739258
2025-10-31,52.369998931884766,51.739463806152344
2025-11-03,52.150001525878906,51.522117614746094
2025-11-04,52.41999816894531,51.78886795043945
2025-11-05,52.599998474121094,51.966697692871094
2025-11-06,52.40999984741211,51.778987884521484
2025-11-07,52.779998779296875,52.144527435302734
2025-11-10,52.970001220703125,52.33224105834961
2025-11-11,53.209999084472656,52.56935501098633
2025-11-12,53.66999816894531,53.02381896972656
2025-11-13,52.97999954223633,52.34212112426758
2025-11-14,52.45000076293945,51.818504333496094
2025-11-17,51.45000076293945,50.830543518066406
2025-11-18,51.369998931884766,50.75150680541992
2025-11-19,51.560001373291016,50.93922424316406
2025-11-20,51.11000061035156,50.4946403503418
2025-11-21,51.66999816894531,51.04789352416992
2025-11-24,51.88999938964844,51.2652473449707
2025-11-25,52.540000915527344,51.90742492675781
2025-11-26,52.95000076293945,52.3124885559082
2025-11-28,53.33000183105469,52.68791198730469
2025-12-01,52.88999938964844,52.25320816040039
2025-12-02,52.84000015258789,52.20381164550781
2025-12-03,53.54999923706055,52.9052619934082
2025-12-04,53.65999984741211,53.013938903808594
2025-12-05,53.68000030517578,53.033695220947266
2025-12-08,53.47999954223633,52.83610153198242
2025-12-09,53.279998779296875,52.638511657714844
2025-12-10,53.88999938964844,53.24116516113281
2025-12-11,54.869998931884766,54.20936965942383
2025-12-12,54.95000076293945,54.28840255737305
2025-12-15,54.9900016784668,54.32792663574219
2025-12-16,54.63999938964844,53.98213577270508
2025-12-17,54.630001068115234,53.972259521484375
2025-12-18,54.540000915527344,53.88334274291992
2025-12-19,54.84000015258789,54.17972946166992
2025-12-22,55.31999969482422,54.844970703125
2025-12-23,55.43000030517578,54.95402526855469
2025-12-24,55.72999954223633,55.25144958496094
2025-12-26,55.619998931884766,55.142391204833984
2025-12-29,55.31999969482422,54.844970703125
2025-12-30,55.18000030517578,54.706172943115234
2025-12-31,54.77000045776367,54.29969024658203
2026-01-02,54.93000030517578,54.45832061767578
2026-01-05,56.130001068115234,55.648014068603516
2026-01-06,56.400001525878906,55.91569900512695
2026-01-07,55.61000061035156,55.13248062133789
2026-01-08,55.900001525878906,55.41999053955078
2026-01-09,55.72999954223633,55.25144958496094
2026-01-12,55.290000915527344,54.81522750854492
2026-01-13,54.22999954223633,53.76432800292969
2026-01-14,54.150001525878906,53.685020446777344
2026-01-15,54.369998931884766,53.90312576293945
2026-01-16,54.439998626708984,53.9725227355957
2026-01-20,53.20000076293945,52.7431755065918
2026-01-21,53.459999084472656,53.000938415527344
2026-01-22,53.810001373291016,53.347938537597656
2026-01-23,53.06999969482422,52.614288330078125
2026-01-26,53.40999984741211,52.95137023925781
2026-01-27,53.0,52.544891357421875
2026-01-28,52.9900016784668,52.534976959228516
2026-01-29,53.54999923706055,53.09016799926758
2026-01-30,53.439998626708984,52.981109619140625
2026-02-02,54.029998779296875,53.566043853759766
2026-02-03,53.529998779296875,53.07033920288086
2026-02-04,53.959999084472656,53.49664306640625
2026-02-05,53.290000915527344,52.8323974609375
2026-02-06,54.2599983215332,53.794071197509766
2026-02-09,53.939998626708984,53.4768180847168
2026-02-10,53.54999923706055,53.09016799926758
2026-02-11,52.7400016784668,52.28712463378906
2026-02-12,51.689998626708984,51.24613952636719
2026-02-13,51.650001525878906,51.20648193359375
2026-02-17,52.20000076293945,51.75176239013672
2026-02-18,52.59000015258789,52.13841247558594
2026-02-19,52.150001525878906,51.70219039916992
2026-02-20,52.4900016784668,52.03927230834961
2026-02-23,50.72999954223633,50.29438400268555
2026-02-24,50.97999954223633,50.542236328125
2026-02-25,51.869998931884766,51.42459487915039
2026-02-26,52.5,52.0491828918457
2026-02-27,51.43000030517578,50.988372802734375
2026-03-02,51.29999923706055,50.8594856262207
2026-03-03,51.209999084472656,50.770259857177734
2026-03-04,51.5,51.057769775390625
2026-03-05,51.22999954223633,50.79009246826172
2026-03-06,50.56999969482422,50.1357536315918
2026-03-09,50.33000183105469,49.89781951904297
2026-03-10,50.060001373291016,49.6301383972168
2026-03-11,49.63999938964844,49.2137451171875
2026-03-12,48.83000183105469,48.410701751708984
2026-03-13,48.88999938964844,48.470184326171875
2026-03-16,49.29999923706055,48.87666320800781
2026-03-17,49.560001373291016,49.13443374633789
2026-03-18,48.970001220703125,48.54949951171875
2026-03-19,48.9900016784668,48.5693244934082
2026-03-20,49.08000183105469,48.65855407714844
2026-03-23,49.27000045776367,49.0980110168457
2026-03-24,49.279998779296875,49.107975006103516
2026-03-25,49.34000015258789,49.16776657104492
2026-03-26,49.04999923706055,48.87877655029297
2026-03-27,47.810001373291016,47.64310836791992
2026-03-30,48.36000061035156,48.19118881225586
2026-03-31,49.369998931884766,49.197662353515625
2026-04-01,49.439998626708984,49.267417907714844
2026-04-02,49.529998779296875,49.35710144042969
2026-04-06,49.880001068115234,49.70588302612305
2026-04-07,49.880001068115234,49.70588302612305
2026-04-08,51.20000076293945,51.02127456665039
2026-04-09,51.33000183105469,51.150821685791016
2026-04-10,50.77000045776367,50.5927734375
2026-04-13,51.65999984741211,51.47966766357422
2026-04-14,51.779998779296875,51.599246978759766
2026-04-15,52.16999816894531,51.987884521484375
2026-04-16,52.029998779296875,51.84837341308594
2026-04-17,52.43000030517578,52.246978759765625
2026-04-20,52.630001068115234,52.44628143310547
2026-04-21,52.29999923706055,52.117431640625
2026-04-22,52.209999084472656,52.027748107910156
2026-04-23,51.79999923706055,51.619178771972656
2026-04-24,51.41999816894531,51.24050521850586
2026-04-27,51.810001373291016,51.629146575927734
2026-04-28,51.849998474121094,51.669002532958984
2026-04-29,51.91999816894531,51.7387580871582
2026-04-30,52.130001068115234,51.948028564453125
2026-05-01,51.91999816894531,51.7387580871582
2026-05-04,51.58000183105469,51.39994812011719
2026-05-05,51.59000015258789,51.409912109375
2026-05-06,51.84000015258789,51.65903854370117
2026-05-07,51.54999923706055,51.370052337646484
2026-05-08,51.2400016784668,51.061134338378906
2026-05-11,51.18000030517578,51.0013427734375
2026-05-12,51.58000183105469,51.39994812011719
2026-05-13,50.9900016784668,50.812007904052734
2026-05-14,51.290000915527344,51.1109619140625
2026-05-15,51.099998474121094,50.92162322998047
2026-05-18,51.7400016784668,51.559391021728516
2026-05-19,51.099998474121094,50.92162322998047
2026-05-20,51.65999984741211,51.47966766357422
2026-05-21,51.72999954223633,51.54942321777344
2026-05-22,51.939998626708984,51.758689880371094
2026-05-26,51.849998474121094,51.669002532958984
2026-05-27,51.41999816894531,51.24050521850586
2026-05-28,51.27000045776367,51.09103012084961
2026-05-29,51.58000183105469,51.39994812011719
2026-06-01,51.43000030517578,51.25047302246094
2026-06-02,51.459999084472656,51.280364990234375
2026-06-03,50.869998931884766,50.69242477416992
2026-06-04,52.189998626708984,52.007816314697266
2026-06-05,52.29999923706055,52.117431640625
2026-06-08,51.970001220703125,51.7885856628418
2026-06-09,52.459999084472656,52.27687454223633
2026-06-10,52.22999954223633,52.04767608642578
2026-06-11,52.619998931884766,52.436317443847656
2026-06-12,53.34000015258789,53.153804779052734
2026-06-15,53.560001373291016,53.3730354309082
2026-06-16,54.349998474121094,54.1602783203125
2026-06-17,54.04999923706055,53.861324310302734
2026-06-18,53.56999969482422,53.382999420166016
2026-06-22,53.70000076293945,53.70000076293945
2026-06-23,53.880001068115234,53.880001068115234
2026-06-24,53.720001220703125,53.720001220703125
2026-06-25,53.45000076293945,53.45000076293945
2026-06-26,53.56999969482422,53.56999969482422
2026-06-29,53.720001220703125,53.720001220703125
2026-06-30,53.61000061035156,53.61000061035156
2026-07-01,54.779998779296875,54.779998779296875
2026-07-02,55.619998931884766,55.619998931884766
2026-07-06,56.13999938964844,56.13999938964844
2026-07-07,56.04999923706055,56.04999923706055
2026-07-08,54.970001220703125,54.970001220703125
2026-07-09,55.540000915527344,55.540000915527344
2026-07-10,55.709999084472656,55.709999084472656
2026-07-13,56.06999969482422,56.06999969482422
2026-07-14,56.18000030517578,56.18000030517578
2026-07-15,56.560001373291016,56.560001373291016
2026-07-16,56.75,56.75
2026-07-17,56.2599983215332,56.2599983215332
2026-07-20,56.040000915527344,56.040000915527344
2026-07-21,56.11000061035156,56.11000061035156
2026-07-22,56.04999923706055,56.04999923706055
2026-07-23,55.83000183105469,55.83000183105469
2026-07-24,56.310001373291016,56.310001373291016
2026-07-27,56.880001068115234,56.880001068115234
2026-07-28,57.599998474121094,57.599998474121094
2026-07-29,56.68000030517578,56.68000030517578
2026-07-30,57.0,57.0
2026-07-31,56.939998626708984,56.939998626708984
2026-08-03,57.380001068115234,57.380001068115234
2026-08-04,57.880001068115234,57.880001068115234
2026-08-05,58.0,58.0
2026-08-06,57.810001373291016,57.810001373291016
2026-08-07,57.599998474121094,57.599998474121094
2026-08-10,57.810001373291016,57.810001373291016
2026-08-11,57.79999923706055,57.79999923706055
2026-08-12,57.91999816894531,57.91999816894531
2026-08-13,58.2599983215332,58.2599983215332
2026-08-14,58.15999984741211,58.15999984741211
2026-08-17,57.58000183105469,57.58000183105469
2026-08-18,57.84000015258789,57.84000015258789
2026-08-19,57.47999954223633,57.47999954223633
2026-08-20,56.95000076293945,56.95000076293945
2026-08-21,57.47999954223633,57.47999954223633
2026-08-24,58.220001220703125,58.220001220703125
2026-08-25,58.310001373291016,58.310001373291016
2026-08-26,58.2599983215332,58.2599983215332
2026-08-27,57.880001068115234,57.880001068115234
2026-08-28,58.099998474121094,58.099998474121094
2026-08-31,57.709999084472656,57.709999084472656
