date,close,adjusted_close
2011-01-03,12.734999656677246,10.396845817565918
2011-01-04,12.78499984741211,10.437664985656738
2011-01-05,12.859999656677246,10.498894691467285
2011-01-06,12.9350004196167,10.560123443603516
2011-01-07,12.875,10.511138916015625
2011-01-10,12.885000228881836,10.519302368164062
2011-01-11,12.864999771118164,10.502978324890137
2011-01-12,12.979999542236328,10.596858978271484
2011-01-13,12.970000267028809,10.588695526123047
2011-01-14,13.085000038146973,10.68258285522461
2011-01-18,13.100000381469727,10.694825172424316
2011-01-19,13.005000114440918,10.617273330688477
2011-01-20,12.9350004196167,10.560123443603516
2011-01-21,12.859999656677246,10.498894691467285
2011-01-24,13.039999961853027,10.645843505859375
2011-01-25,13.100000381469727,10.694825172424316
2011-01-26,13.175000190734863,10.756060600280762
2011-01-27,13.220000267028809,10.79279613494873
2011-01-28,12.914999961853027,10.54379653930664
2011-01-31,12.994999885559082,10.60910701751709
2011-02-01,13.21500015258789,10.788716316223145
2011-02-02,13.239999771118164,10.809124946594238
2011-02-03,13.260000228881836,10.82545280456543
2011-02-04,13.345000267028809,10.894848823547363
2011-02-07,13.40999984741211,10.94791316986084
2011-02-08,13.46500015258789,10.992814064025879
2011-02-09,13.4399995803833,10.972407341003418
2011-02-10,13.380000114440918,10.923419952392578
2011-02-11,13.449999809265137,10.98056697845459
2011-02-14,13.470000267028809,10.996894836425781
2011-02-15,13.420000076293945,10.956079483032227
2011-02-16,13.494999885559082,11.01731014251709
2011-02-17,13.520000457763672,11.037718772888184
2011-02-18,13.5,11.021390914916992
2011-02-22,13.170000076293945,10.751974105834961
2011-02-23,13.015000343322754,10.625433921813965
2011-02-24,13.0600004196167,10.662177085876465
2011-02-25,13.225000381469727,10.796882629394531
2011-02-28,13.279999732971191,10.841776847839355
2011-03-01,13.024999618530273,10.633599281311035
2011-03-02,13.104999542236328,10.698909759521484
2011-03-03,13.3149995803833,10.870351791381836
2011-03-04,13.210000038146973,10.784634590148926
2011-03-07,13.039999961853027,10.645843505859375
2011-03-08,13.149999618530273,10.735651016235352
2011-03-09,13.095000267028809,10.69074535369873
2011-03-10,12.850000381469727,10.490729331970215
2011-03-11,12.899999618530273,10.531551361083984
2011-03-14,12.84000015258789,10.482564926147461
2011-03-15,12.649999618530273,10.3274507522583
2011-03-16,12.34000015258789,10.074368476867676
2011-03-17,12.470000267028809,10.180500030517578
2011-03-18,12.449999809265137,10.198515892028809
2011-03-21,12.65999984741211,10.37054443359375
2011-03-22,12.640000343322754,10.354161262512207
2011-03-23,12.710000038146973,10.411500930786133
2011-03-24,12.90999984741211,10.575331687927246
2011-03-25,12.9399995803833,10.599908828735352
2011-03-28,12.90999984741211,10.575331687927246
2011-03-29,13.0,10.649054527282715
2011-03-30,13.055000305175781,10.694108963012695
2011-03-31,13.029999732971191,10.67363452911377
2011-04-01,13.005000114440918,10.653154373168945
2011-04-04,12.960000038146973,10.616291046142578
2011-04-05,12.9399995803833,10.599908828735352
2011-04-06,13.03499984741211,10.677724838256836
2011-04-07,13.039999961853027,10.68182373046875
2011-04-08,12.96500015258789,10.620387077331543
2011-04-11,12.944999694824219,10.604001998901367
2011-04-12,12.84000015258789,10.517989158630371
2011-04-13,12.920000076293945,10.583523750305176
2011-04-14,12.895000457763672,10.563045501708984
2011-04-15,12.869999885559082,10.542566299438477
2011-04-18,12.755000114440918,10.448360443115234
2011-04-19,12.789999961853027,10.477032661437988
2011-04-20,13.0600004196167,10.698205947875977
2011-04-21,13.175000190734863,10.792410850524902
2011-04-25,13.1850004196167,10.800601959228516
2011-04-26,13.295000076293945,10.890707015991211
2011-04-27,13.375,10.956243515014648
2011-04-28,13.380000114440918,10.960339546203613
2011-04-29,13.369999885559082,10.952144622802734
2011-05-02,13.319999694824219,10.911186218261719
2011-05-03,13.324999809265137,10.915285110473633
2011-05-04,13.28499984741211,10.882516860961914
2011-05-05,13.21500015258789,10.825178146362305
2011-05-06,13.239999771118164,10.84565544128418
2011-05-09,13.295000076293945,10.890707015991211
2011-05-10,13.414999961853027,10.989006996154785
2011-05-11,13.295000076293945,10.890707015991211
2011-05-12,13.395000457763672,10.972620964050293
2011-05-13,13.229999542236328,10.837462425231934
2011-05-16,13.039999961853027,10.68182373046875
2011-05-17,13.039999961853027,10.68182373046875
2011-05-18,13.135000228881836,10.7596435546875
2011-05-19,13.15999984741211,10.780122756958008
2011-05-20,13.085000038146973,10.718687057495117
2011-05-23,12.899999618530273,10.567140579223633
2011-05-24,12.859999656677246,10.534378051757812
2011-05-25,12.899999618530273,10.567140579223633
2011-05-26,12.984999656677246,10.636768341064453
2011-05-27,13.050000190734863,10.690013885498047
2011-05-31,13.229999542236328,10.837462425231934
2011-06-01,12.954999923706055,10.612196922302246
2011-06-02,12.96500015258789,10.620387077331543
2011-06-03,12.770000457763672,10.460646629333496
2011-06-06,12.675000190734863,10.382831573486328
2011-06-07,12.635000228881836,10.350064277648926
2011-06-08,12.550000190734863,10.280437469482422
2011-06-09,12.5600004196167,10.288626670837402
2011-06-10,12.385000228881836,10.145275115966797
2011-06-13,12.395000457763672,10.153468132019043
2011-06-14,12.550000190734863,10.280437469482422
2011-06-15,12.3149995803833,10.087931632995605
2011-06-16,12.28499984741211,10.063356399536133
2011-06-17,12.225000381469727,10.054315567016602
2011-06-20,12.270000457763672,10.09132194519043
2011-06-21,12.489999771118164,10.272257804870605
2011-06-22,12.399999618530273,10.19823932647705
2011-06-23,12.484999656677246,10.268142700195312
2011-06-24,12.270000457763672,10.09132194519043
2011-06-27,12.4350004196167,10.227021217346191
2011-06-28,12.59000015258789,10.35450267791748
2011-06-29,12.6899995803833,10.436745643615723
2011-06-30,12.850000381469727,10.568337440490723
2011-07-01,13.0600004196167,10.741046905517578
2011-07-05,13.079999923706055,10.757499694824219
2011-07-06,13.140000343322754,10.806840896606445
2011-07-07,13.300000190734863,10.938431739807129
2011-07-08,13.234999656677246,10.884977340698242
2011-07-11,13.015000343322754,10.704041481018066
2011-07-12,12.899999618530273,10.609458923339844
2011-07-13,12.930000305175781,10.63412857055664
2011-07-14,12.819999694824219,10.543663024902344
2011-07-15,12.960000038146973,10.658806800842285
2011-07-18,12.914999961853027,10.621793746948242
2011-07-19,13.225000381469727,10.876752853393555
2011-07-20,13.1850004196167,10.843852043151855
2011-07-21,13.244999885559082,10.893198013305664
2011-07-22,13.359999656677246,10.98777961730957
2011-07-25,13.324999809265137,10.958992958068848
2011-07-26,13.385000228881836,11.008343696594238
2011-07-27,13.029999732971191,10.716379165649414
2011-07-28,13.010000228881836,10.699926376342773
2011-07-29,12.904999732971191,10.613572120666504
2011-08-01,12.895000457763672,10.605347633361816
2011-08-02,12.625,10.383286476135254
2011-08-03,12.755000114440918,10.490203857421875
2011-08-04,12.239999771118164,10.06664752960205
2011-08-05,12.164999961853027,10.004964828491211
2011-08-08,11.479999542236328,9.4415922164917
2011-08-09,12.005000114440918,9.87337589263916
2011-08-10,11.53499984741211,9.486828804016113
2011-08-11,11.975000381469727,9.848699569702148
2011-08-12,12.0600004196167,9.918609619140625
2011-08-15,12.274999618530273,10.095436096191406
2011-08-16,12.1850004196167,10.02140998840332
2011-08-17,12.130000114440918,9.976180076599121
2011-08-18,11.539999961853027,9.49094009399414
2011-08-19,11.260000228881836,9.260656356811523
2011-08-22,11.319999694824219,9.310006141662598
2011-08-23,11.734999656677246,9.65131950378418
2011-08-24,11.84000015258789,9.737674713134766
2011-08-25,11.670000076293945,9.597858428955078
2011-08-26,11.899999618530273,9.787019729614258
2011-08-29,12.199999809265137,10.0337495803833
2011-08-30,12.25,10.074872970581055
2011-08-31,12.220000267028809,10.050200462341309
2011-09-01,12.085000038146973,9.939169883728027
2011-09-02,11.8100004196167,9.713000297546387
2011-09-06,11.755000114440918,9.667770385742188
2011-09-07,12.0600004196167,9.918609619140625
2011-09-08,12.0,9.869263648986816
2011-09-09,11.744999885559082,9.659537315368652
2011-09-12,11.885000228881836,9.77468204498291
2011-09-13,12.024999618530273,9.889822006225586
2011-09-14,12.204999923706055,10.03786563873291
2011-09-15,12.399999618530273,10.19823932647705
2011-09-16,12.489999771118164,10.311341285705566
2011-09-19,12.460000038146973,10.286577224731445
2011-09-20,12.430000305175781,10.26180648803711
2011-09-21,12.244999885559082,10.109076499938965
2011-09-22,11.864999771118164,9.795358657836914
2011-09-23,12.0,9.906811714172363
2011-09-26,12.149999618530273,10.03065013885498
2011-09-27,12.305000305175781,10.158607482910156
2011-09-28,12.130000114440918,10.014137268066406
2011-09-29,12.104999542236328,9.993500709533691
2011-09-30,11.800000190734863,9.741698265075684
2011-10-03,11.53499984741211,9.522921562194824
2011-10-04,11.770000457763672,9.71693229675293
2011-10-05,12.015000343322754,9.919197082519531
2011-10-06,12.194999694824219,10.067795753479004
2011-10-07,12.149999618530273,10.03065013885498
2011-10-10,12.524999618530273,10.340234756469727
2011-10-11,12.579999923706055,10.385637283325195
2011-10-12,12.635000228881836,10.431048393249512
2011-10-13,12.774999618530273,10.546625137329102
2011-10-14,13.0,10.732379913330078
2011-10-17,12.795000076293945,10.563141822814941
2011-10-18,12.90999984741211,10.658080101013184
2011-10-19,12.65999984741211,10.451685905456543
2011-10-20,12.604999542236328,10.406279563903809
2011-10-21,12.765000343322754,10.538372039794922
2011-10-24,12.96500015258789,10.703484535217285
2011-10-25,12.760000228881836,10.534244537353516
2011-10-26,12.8149995803833,10.579651832580566
2011-10-27,13.194999694824219,10.893364906311035
2011-10-28,13.239999771118164,10.930519104003906
2011-10-31,13.005000114440918,10.7365083694458
2011-11-01,12.645000457763672,10.43930435180664
2011-11-02,12.800000190734863,10.567264556884766
2011-11-03,13.104999542236328,10.81906509399414
2011-11-04,13.024999618530273,10.753024101257324
2011-11-07,13.104999542236328,10.81906509399414
2011-11-08,13.255000114440918,10.942899703979492
2011-11-09,12.795000076293945,10.563141822814941
2011-11-10,12.835000038146973,10.596163749694824
2011-11-11,13.079999923706055,10.79842758178711
2011-11-14,12.979999542236328,10.71587085723877
2011-11-15,13.154999732971191,10.860343933105469
2011-11-16,12.960000038146973,10.699359893798828
2011-11-17,12.710000038146973,10.492968559265137
2011-11-18,12.604999542236328,10.406279563903809
2011-11-21,12.385000228881836,10.224655151367188
2011-11-22,12.364999771118164,10.20814323425293
2011-11-23,12.069999694824219,9.964599609375
2011-11-25,12.005000114440918,9.910942077636719
2011-11-28,12.399999618530273,10.237039566040039
2011-11-29,12.335000038146973,10.183378219604492
2011-11-30,12.8100004196167,10.57552433013916
2011-12-01,12.880000114440918,10.633310317993164
2011-12-02,12.869999885559082,10.6250581741333
2011-12-05,13.015000343322754,10.744765281677246
2011-12-06,13.010000228881836,10.74063777923584
2011-12-07,13.024999618530273,10.753024101257324
2011-12-08,12.819999694824219,10.583778381347656
2011-12-09,13.020000457763672,10.748894691467285
2011-12-12,12.854999542236328,10.612671852111816
2011-12-13,12.734999656677246,10.513604164123535
2011-12-14,12.539999961853027,10.352618217468262
2011-12-15,12.510000228881836,10.327852249145508
2011-12-16,12.489999771118164,10.35645866394043
2011-12-19,12.369999885559082,10.256957054138184
2011-12-20,12.720000267028809,10.547172546386719
2011-12-21,12.510000228881836,10.373043060302734
2011-12-22,12.654999732971191,10.493271827697754
2011-12-23,12.779999732971191,10.596922874450684
2011-12-27,12.800000190734863,10.613504409790039
2011-12-28,12.670000076293945,10.505709648132324
2011-12-29,12.765000343322754,10.58448314666748
2011-12-30,12.725000381469727,10.551318168640137
2012-01-03,12.904999732971191,10.700570106506348
2012-01-04,12.9399995803833,10.729591369628906
2012-01-05,12.979999542236328,10.762761116027832
2012-01-06,12.984999656677246,10.766901016235352
2012-01-09,12.96500015258789,10.750317573547363
2012-01-10,13.010000228881836,10.78763484954834
2012-01-11,13.050000190734863,10.820801734924316
2012-01-12,13.114999771118164,10.874692916870117
2012-01-13,13.039999961853027,10.812508583068848
2012-01-17,13.100000381469727,10.862260818481445
2012-01-18,13.289999961853027,11.019805908203125
2012-01-19,13.385000228881836,11.098577499389648
2012-01-20,13.399999618530273,11.111013412475586
2012-01-23,13.444999694824219,11.148324012756348
2012-01-24,13.4350004196167,11.140031814575195
2012-01-25,13.539999961853027,11.22709846496582
2012-01-26,13.449999809265137,11.152472496032715
2012-01-27,13.449999809265137,11.152472496032715
2012-01-30,13.489999771118164,11.18564224243164
2012-01-31,13.515000343322754,11.206372261047363
2012-02-01,13.649999618530273,11.318307876586914
2012-02-02,13.6850004196167,11.347332954406738
2012-02-03,13.859999656677246,11.492437362670898
2012-02-06,13.864999771118164,11.49658203125
2012-02-07,13.899999618530273,11.525602340698242
2012-02-08,13.984999656677246,11.596081733703613
2012-02-09,14.119999885559082,11.708020210266113
2012-02-10,14.015000343322754,11.620960235595703
2012-02-13,14.104999542236328,11.695588111877441
2012-02-14,14.130000114440918,11.716316223144531
2012-02-15,14.055000305175781,11.65412425994873
2012-02-16,14.260000228881836,11.824109077453613
2012-02-17,14.260000228881836,11.824109077453613
2012-02-21,14.319999694824219,11.873861312866211
2012-02-22,14.270000457763672,11.832399368286133
2012-02-23,14.324999809265137,11.878005027770996
2012-02-24,14.40999984741211,11.948485374450684
2012-02-27,14.4350004196167,11.969215393066406
2012-02-28,14.539999961853027,12.056276321411133
2012-02-29,14.475000381469727,12.002387046813965
2012-03-01,14.5600004196167,12.072864532470703
2012-03-02,14.539999961853027,12.056276321411133
2012-03-05,14.414999961853027,11.952630043029785
2012-03-06,14.274999618530273,11.836549758911133
2012-03-07,14.380000114440918,11.92360782623291
2012-03-08,14.524999618530273,12.043843269348145
2012-03-09,14.59000015258789,12.097739219665527
2012-03-12,14.609999656677246,12.114317893981934
2012-03-13,14.899999618530273,12.35478687286377
2012-03-14,14.954999923706055,12.400388717651367
2012-03-15,14.994999885559082,12.433554649353027
2012-03-16,14.9399995803833,12.427733421325684
2012-03-19,15.050000190734863,12.51923942565918
2012-03-20,15.03499984741211,12.506759643554688
2012-03-21,15.029999732971191,12.502596855163574
2012-03-22,14.994999885559082,12.47348403930664
2012-03-23,14.994999885559082,12.47348403930664
2012-03-26,15.21500015258789,12.656489372253418
2012-03-27,15.210000038146973,12.652326583862305
2012-03-28,15.154999732971191,12.606579780578613
2012-03-29,15.125,12.581618309020996
2012-03-30,15.079999923706055,12.54419231414795
2012-04-02,15.239999771118164,12.677285194396973
2012-04-03,15.229999542236328,12.668965339660645
2012-04-04,15.050000190734863,12.51923942565918
2012-04-05,15.085000038146973,12.548349380493164
2012-04-09,14.979999542236328,12.461005210876465
2012-04-10,14.770000457763672,12.286319732666016
2012-04-11,14.854999542236328,12.35702896118164
2012-04-12,15.039999961853027,12.510912895202637
2012-04-13,14.805000305175781,12.315436363220215
2012-04-16,14.649999618530273,12.186501502990723
2012-04-17,14.970000267028809,12.45268440246582
2012-04-18,14.859999656677246,12.361186027526855
2012-04-19,14.694999694824219,12.223931312561035
2012-04-20,14.640000343322754,12.178179740905762
2012-04-23,14.524999618530273,12.082517623901367
2012-04-24,14.494999885559082,12.057561874389648
2012-04-25,14.904999732971191,12.398619651794434
2012-04-26,15.020000457763672,12.494279861450195
2012-04-27,15.015000343322754,12.490120887756348
2012-04-30,14.90999984741211,12.402777671813965
2012-05-01,14.960000038146973,12.44437026977539
2012-05-02,14.970000267028809,12.45268440246582
2012-05-03,14.845000267028809,12.348709106445312
2012-05-04,14.53499984741211,12.090836524963379
2012-05-07,14.494999885559082,12.057561874389648
2012-05-08,14.444999694824219,12.015966415405273
2012-05-09,14.444999694824219,12.015966415405273
2012-05-10,14.335000038146973,11.92446231842041
2012-05-11,14.345000267028809,11.932785034179688
2012-05-14,14.220000267028809,11.828803062438965
2012-05-15,14.180000305175781,11.795530319213867
2012-05-16,14.0649995803833,11.699872016906738
2012-05-17,13.864999771118164,11.533503532409668
2012-05-18,13.734999656677246,11.425360679626465
2012-05-21,14.074999809265137,11.708187103271484
2012-05-22,14.029999732971191,11.670753479003906
2012-05-23,14.045000076293945,11.683228492736816
2012-05-24,13.96500015258789,11.616682052612305
2012-05-25,13.9350004196167,11.591731071472168
2012-05-29,14.119999885559082,11.745619773864746
2012-05-30,14.029999732971191,11.670753479003906
2012-05-31,13.96500015258789,11.616682052612305
2012-06-01,13.600000381469727,11.313064575195312
2012-06-04,13.680000305175781,11.379612922668457
2012-06-05,13.765000343322754,11.450322151184082
2012-06-06,14.079999923706055,11.712349891662598
2012-06-07,14.010000228881836,11.6541166305542
2012-06-08,14.164999961853027,11.783053398132324
2012-06-11,13.96500015258789,11.616682052612305
2012-06-12,14.104999542236328,11.733144760131836
2012-06-13,14.020000457763672,11.662435531616211
2012-06-14,14.09000015258789,11.720663070678711
2012-06-15,14.1850004196167,11.845505714416504
2012-06-18,14.289999961853027,11.93319034576416
2012-06-19,14.399999618530273,12.025046348571777
2012-06-20,14.425000190734863,12.045926094055176
2012-06-21,14.085000038146973,11.762003898620605
2012-06-22,14.239999771118164,11.891435623168945
2012-06-25,13.949999809265137,11.64926528930664
2012-06-26,14.005000114440918,11.695199012756348
2012-06-27,14.09000015258789,11.76617431640625
2012-06-28,13.975000381469727,11.670145988464355
2012-06-29,14.364999771118164,11.995823860168457
2012-07-02,14.444999694824219,12.062623977661133
2012-07-03,14.5600004196167,12.158660888671875
2012-07-05,14.5600004196167,12.158660888671875
2012-07-06,14.345000267028809,11.979121208190918
2012-07-09,14.3149995803833,11.954068183898926
2012-07-10,14.154999732971191,11.82045841217041
2012-07-11,14.09000015258789,11.76617431640625
2012-07-12,13.949999809265137,11.64926528930664
2012-07-13,14.135000228881836,11.803757667541504
2012-07-16,14.119999885559082,11.791226387023926
2012-07-17,14.175000190734863,11.837158203125
2012-07-18,14.420000076293945,12.041749954223633
2012-07-19,14.545000076293945,12.146133422851562
2012-07-20,14.380000114440918,12.00835132598877
2012-07-23,14.239999771118164,11.891435623168945
2012-07-24,14.095000267028809,11.770356178283691
2012-07-25,14.039999961853027,11.724422454833984
2012-07-26,14.255000114440918,11.903966903686523
2012-07-27,14.5649995803833,12.162836074829102
2012-07-30,14.569999694824219,12.167012214660645
2012-07-31,14.630000114440918,12.217114448547363
2012-08-01,14.579999923706055,12.175360679626465
2012-08-02,14.484999656677246,12.096030235290527
2012-08-03,14.770000457763672,12.334027290344238
2012-08-06,14.875,12.421708106994629
2012-08-07,14.975000381469727,12.505217552185059
2012-08-08,14.979999542236328,12.509392738342285
2012-08-09,15.029999732971191,12.551145553588867
2012-08-10,15.0649995803833,12.580373764038086
2012-08-13,15.109999656677246,12.61795425415039
2012-08-14,15.079999923706055,12.592900276184082
2012-08-15,15.085000038146973,12.597074508666992
2012-08-16,15.289999961853027,12.768265724182129
2012-08-17,15.375,12.839244842529297
2012-08-20,15.390000343322754,12.851774215698242
2012-08-21,15.289999961853027,12.768265724182129
2012-08-22,15.3149995803833,12.789139747619629
2012-08-23,15.1899995803833,12.684757232666016
2012-08-24,15.28499984741211,12.76408863067627
2012-08-27,15.300000190734863,12.77661418914795
2012-08-28,15.265000343322754,12.747392654418945
2012-08-29,15.295000076293945,12.772442817687988
2012-08-30,15.125,12.630474090576172
2012-08-31,15.244999885559082,12.730687141418457
2012-09-04,15.244999885559082,12.730687141418457
2012-09-05,15.229999542236328,12.718156814575195
2012-09-06,15.569999694824219,13.002087593078613
2012-09-07,15.545000076293945,12.981205940246582
2012-09-10,15.380000114440918,12.843419075012207
2012-09-11,15.420000076293945,12.876822471618652
2012-09-12,15.505000114440918,12.947803497314453
2012-09-13,15.71500015258789,13.12317180633545
2012-09-14,15.789999961853027,13.185799598693848
2012-09-17,15.805000305175781,13.19832706451416
2012-09-18,15.8149995803833,13.206676483154297
2012-09-19,15.829999923706055,13.219205856323242
2012-09-20,15.800000190734863,13.194154739379883
2012-09-21,15.755000114440918,13.210919380187988
2012-09-24,15.654999732971191,13.127066612243652
2012-09-25,15.4350004196167,12.942597389221191
2012-09-26,15.324999809265137,12.850356101989746
2012-09-27,15.524999618530273,13.018056869506836
2012-09-28,15.414999961853027,12.925823211669922
2012-10-01,15.380000114440918,12.896479606628418
2012-10-02,15.399999618530273,12.913248062133789
2012-10-03,15.479999542236328,12.980324745178223
2012-10-04,15.524999618530273,13.018056869506836
2012-10-05,15.444999694824219,12.95097827911377
2012-10-08,15.28499984741211,12.816817283630371
2012-10-09,15.09000015258789,12.653306007385254
2012-10-10,15.029999732971191,12.60299301147461
2012-10-11,14.970000267028809,12.552680015563965
2012-10-12,14.960000038146973,12.54429817199707
2012-10-15,15.03499984741211,12.607185363769531
2012-10-16,15.239999771118164,12.779085159301758
2012-10-17,15.15999984741211,12.712002754211426
2012-10-18,14.984999656677246,12.56525993347168
2012-10-19,14.645000457763672,12.28016471862793
2012-10-22,14.744999885559082,12.364014625549316
2012-10-23,14.585000038146973,12.229846954345703
2012-10-24,14.5,12.158576965332031
2012-10-25,14.470000267028809,12.1334228515625
2012-10-26,14.494999885559082,12.15438175201416
2012-10-31,14.4350004196167,12.104070663452148
2012-11-01,14.670000076293945,12.301124572753906
2012-11-02,14.479999542236328,12.141807556152344
2012-11-05,14.5600004196167,12.20888900756836
2012-11-06,14.625,12.26339054107666
2012-11-07,14.260000228881836,11.957331657409668
2012-11-08,14.055000305175781,11.78543472290039
2012-11-09,14.119999885559082,11.839936256408691
2012-11-12,14.100000381469727,11.823166847229004
2012-11-13,14.029999732971191,11.764470100402832
2012-11-14,13.890000343322754,11.647076606750488
2012-11-15,13.8100004196167,11.579994201660156
2012-11-16,13.829999923706055,11.596761703491211
2012-11-19,14.210000038146973,11.91540813446045
2012-11-20,14.149999618530273,11.865091323852539
2012-11-21,14.194999694824219,11.902828216552734
2012-11-23,14.425000190734863,12.095687866210938
2012-11-26,14.489999771118164,12.150191307067871
2012-11-27,14.425000190734863,12.095687866210938
2012-11-28,14.510000228881836,12.166964530944824
2012-11-29,14.579999923706055,12.225656509399414
2012-11-30,14.5649995803833,12.213078498840332
2012-12-03,14.545000076293945,12.196310043334961
2012-12-04,14.520000457763672,12.175344467163086
2012-12-05,14.375,12.05376148223877
2012-12-06,14.460000038146973,12.125035285949707
2012-12-07,14.385000228881836,12.06214714050293
2012-12-10,14.420000076293945,12.091495513916016
2012-12-11,14.614999771118164,12.255008697509766
2012-12-12,14.59000015258789,12.23404598236084
2012-12-13,14.484999656677246,12.145998001098633
2012-12-14,14.345000267028809,12.028602600097656
2012-12-17,14.520000457763672,12.175344467163086
2012-12-18,14.734999656677246,12.355630874633789
2012-12-19,14.65999984741211,12.292738914489746
2012-12-20,14.6850004196167,12.313700675964355
2012-12-21,14.475000381469727,12.20744514465332
2012-12-24,14.4350004196167,12.1737060546875
2012-12-26,14.354999542236328,12.10623550415039
2012-12-27,14.34000015258789,12.093589782714844
2012-12-28,14.180000305175781,11.958651542663574
2012-12-31,14.425000190734863,12.165275573730469
2013-01-02,14.904999732971191,12.570082664489746
2013-01-03,14.8100004196167,12.48996353149414
2013-01-04,14.75,12.439361572265625
2013-01-07,14.729999542236328,12.422493934631348
2013-01-08,14.675000190734863,12.376110076904297
2013-01-09,14.699999809265137,12.397194862365723
2013-01-10,14.774999618530273,12.460444450378418
2013-01-11,14.795000076293945,12.477311134338379
2013-01-14,14.699999809265137,12.397194862365723
2013-01-15,14.604999542236328,12.31707763671875
2013-01-16,14.654999732971191,12.35924243927002
2013-01-17,14.71500015258789,12.409846305847168
2013-01-18,14.694999694824219,12.392977714538574
2013-01-22,14.734999656677246,12.42671012878418
2013-01-23,14.890000343322754,12.557430267333984
2013-01-24,14.635000228881836,12.342377662658691
2013-01-25,14.649999618530273,12.35503101348877
2013-01-28,14.699999809265137,12.397194862365723
2013-01-29,14.720000267028809,12.414060592651367
2013-01-30,14.675000190734863,12.376110076904297
2013-01-31,14.699999809265137,12.397194862365723
2013-02-01,14.864999771118164,12.536348342895508
2013-02-04,14.670000076293945,12.371893882751465
2013-02-05,14.84000015258789,12.515264511108398
2013-02-06,14.835000038146973,12.5110445022583
2013-02-07,14.835000038146973,12.5110445022583
2013-02-08,14.96500015258789,12.620677947998047
2013-02-11,14.994999885559082,12.645981788635254
2013-02-12,14.944999694824219,12.603815078735352
2013-02-13,14.9399995803833,12.599596977233887
2013-02-14,14.899999618530273,12.565865516662598
2013-02-15,14.890000343322754,12.557430267333984
2013-02-19,14.989999771118164,12.641765594482422
2013-02-20,14.78499984741211,12.468878746032715
2013-02-21,14.664999961853027,12.367677688598633
2013-02-22,14.845000267028809,12.519479751586914
2013-02-25,14.635000228881836,12.342377662658691
2013-02-26,14.720000267028809,12.414060592651367
2013-02-27,14.845000267028809,12.519479751586914
2013-02-28,14.8149995803833,12.494179725646973
2013-03-01,14.84000015258789,12.515264511108398
2013-03-04,14.885000228881836,12.553215980529785
2013-03-05,15.09000015258789,12.72610092163086
2013-03-06,15.079999923706055,12.71766471862793
2013-03-07,15.114999771118164,12.747185707092285
2013-03-08,15.145000457763672,12.772480964660645
2013-03-11,15.180000305175781,12.802002906799316
2013-03-12,15.125,12.755617141723633
2013-03-13,15.114999771118164,12.747185707092285
2013-03-14,15.225000381469727,12.839953422546387
2013-03-15,15.100000381469727,12.786605834960938
2013-03-18,15.104999542236328,12.790837287902832
2013-03-19,15.085000038146973,12.77390193939209
2013-03-20,15.15999984741211,12.837408065795898
2013-03-21,14.989999771118164,12.693455696105957
2013-03-22,15.085000038146973,12.77390193939209
2013-03-25,15.050000190734863,12.74426555633545
2013-03-26,15.145000457763672,12.824708938598633
2013-03-27,15.104999542236328,12.790837287902832
2013-03-28,15.135000228881836,12.816243171691895
2013-04-01,15.03499984741211,12.731562614440918
2013-04-02,15.095000267028809,12.782370567321777
2013-04-03,14.975000381469727,12.680753707885742
2013-04-04,14.979999542236328,12.684988975524902
2013-04-05,14.864999771118164,12.587608337402344
2013-04-08,14.930000305175781,12.642648696899414
2013-04-09,15.03499984741211,12.731562614440918
2013-04-10,15.300000190734863,12.955965042114258
2013-04-11,15.25,12.91362476348877
2013-04-12,15.1850004196167,12.858583450317383
2013-04-15,14.9350004196167,12.646880149841309
2013-04-16,15.119999885559082,12.803543090820312
2013-04-17,14.8100004196167,12.541031837463379
2013-04-18,14.654999732971191,12.40977668762207
2013-04-19,14.675000190734863,12.426713943481445
2013-04-22,14.789999961853027,12.524100303649902
2013-04-23,14.949999809265137,12.659584999084473
2013-04-24,14.975000381469727,12.680753707885742
2013-04-25,15.024999618530273,12.723095893859863
2013-04-26,15.020000457763672,12.718859672546387
2013-04-29,15.234999656677246,12.900923728942871
2013-04-30,15.399999618530273,13.040643692016602
2013-05-01,15.265000343322754,12.926325798034668
2013-05-02,15.460000038146973,13.091449737548828
2013-05-03,15.604999542236328,13.21423625946045
2013-05-06,15.680000305175781,13.277746200561523
2013-05-07,15.670000076293945,13.269275665283203
2013-05-08,15.795000076293945,13.375127792358398
2013-05-09,15.75,13.33702278137207
2013-05-10,15.795000076293945,13.375127792358398
2013-05-13,15.755000114440918,13.341256141662598
2013-05-14,15.805000305175781,13.38359546661377
2013-05-15,15.854999542236328,13.425930976867676
2013-05-16,15.9399995803833,13.497912406921387
2013-05-17,16.100000381469727,13.633397102355957
2013-05-20,16.100000381469727,13.633397102355957
2013-05-21,16.049999237060547,13.591057777404785
2013-05-22,15.875,13.442873001098633
2013-05-23,15.869999885559082,13.43863582611084
2013-05-24,15.845000267028809,13.417466163635254
2013-05-28,15.920000076293945,13.480978965759277
2013-05-29,15.880000114440918,13.447105407714844
2013-05-30,15.979999542236328,13.531782150268555
2013-05-31,15.829999923706055,13.404762268066406
2013-06-03,15.90999984741211,13.472506523132324
2013-06-04,15.84000015258789,13.413229942321777
2013-06-05,15.6850004196167,13.281976699829102
2013-06-06,15.720000267028809,13.311616897583008
2013-06-07,15.864999771118164,13.434404373168945
2013-06-10,15.899999618530273,13.464041709899902
2013-06-11,15.734999656677246,13.324319839477539
2013-06-12,15.630000114440918,13.235403060913086
2013-06-13,15.8100004196167,13.387826919555664
2013-06-14,15.6899995803833,13.286213874816895
2013-06-17,15.835000038146973,13.409000396728516
2013-06-18,15.960000038146973,13.514846801757812
2013-06-19,15.774999618530273,13.35818862915039
2013-06-20,15.425000190734863,13.061814308166504
2013-06-21,15.255000114440918,12.983087539672852
2013-06-24,15.069999694824219,12.825639724731445
2013-06-25,15.194999694824219,12.932023048400879
2013-06-26,15.28499984741211,13.00861930847168
2013-06-27,15.359999656677246,13.07244873046875
2013-06-28,15.295000076293945,13.017135620117188
2013-07-01,15.375,13.08521556854248
2013-07-02,15.399999618530273,13.10649299621582
2013-07-03,15.489999771118164,13.183089256286621
2013-07-05,15.59000015258789,13.268197059631348
2013-07-08,15.579999923706055,13.259683609008789
2013-07-09,15.640000343322754,13.310750961303711
2013-07-10,15.6899995803833,13.353303909301758
2013-07-11,15.954999923706055,13.578840255737305
2013-07-12,15.96500015258789,13.587348937988281
2013-07-15,16.010000228881836,13.625649452209473
2013-07-16,16.020000457763672,13.634157180786133
2013-07-17,16.03499984741211,13.646921157836914
2013-07-18,15.994999885559082,13.612879753112793
2013-07-19,15.725000381469727,13.383090019226074
2013-07-22,15.770000457763672,13.42138957977295
2013-07-23,15.704999923706055,13.366067886352539
2013-07-24,15.8100004196167,13.455432891845703
2013-07-25,15.819999694824219,13.463943481445312
2013-07-26,15.864999771118164,13.502241134643555
2013-07-29,15.84000015258789,13.480965614318848
2013-07-30,15.920000076293945,13.549053192138672
2013-07-31,15.864999771118164,13.502241134643555
2013-08-01,16.03499984741211,13.646921157836914
2013-08-02,16.104999542236328,13.706497192382812
2013-08-05,16.139999389648438,13.736285209655762
2013-08-06,16.05500030517578,13.663947105407715
2013-08-07,16.014999389648438,13.629902839660645
2013-08-08,16.065000534057617,13.672452926635742
2013-08-09,15.984999656677246,13.604366302490234
2013-08-12,16.09000015258789,13.693731307983398
2013-08-13,16.200000762939453,13.787349700927734
2013-08-14,16.184999465942383,13.774582862854004
2013-08-15,15.925000190734863,13.553306579589844
2013-08-16,15.90999984741211,13.540539741516113
2013-08-19,15.859999656677246,13.4979887008667
2013-08-20,15.885000228881836,13.519262313842773
2013-08-21,15.850000381469727,13.489474296569824
2013-08-22,15.920000076293945,13.549053192138672
2013-08-23,16.03499984741211,13.646921157836914
2013-08-26,15.960000038146973,13.583093643188477
2013-08-27,15.680000305175781,13.344791412353516
2013-08-28,15.6899995803833,13.353303909301758
2013-08-29,15.774999618530273,13.425643920898438
2013-08-30,15.699999809265137,13.36181354522705
2013-09-03,15.71500015258789,13.374581336975098
2013-09-04,15.864999771118164,13.502241134643555
2013-09-05,15.875,13.510751724243164
2013-09-06,15.885000228881836,13.519262313842773
2013-09-09,16.075000762939453,13.6809663772583
2013-09-10,16.174999237060547,13.766072273254395
2013-09-11,16.100000381469727,13.702240943908691
2013-09-12,16.114999771118164,13.715007781982422
2013-09-13,16.1299991607666,13.727770805358887
2013-09-16,16.104999542236328,13.706497192382812
2013-09-17,16.184999465942383,13.774582862854004
2013-09-18,16.389999389648438,13.949052810668945
2013-09-19,16.399999618530273,13.957563400268555
2013-09-20,16.204999923706055,13.85836124420166
2013-09-23,16.2549991607666,13.90112018585205
2013-09-24,16.184999465942383,13.84125804901123
2013-09-25,16.15999984741211,13.819876670837402
2013-09-26,16.219999313354492,13.871188163757324
2013-09-27,16.1200008392334,13.785672187805176
2013-09-30,16.020000457763672,13.700152397155762
2013-10-01,16.15999984741211,13.819876670837402
2013-10-02,16.165000915527344,13.824155807495117
2013-10-03,16.024999618530273,13.704426765441895
2013-10-04,16.09000015258789,13.76001262664795
2013-10-07,16.020000457763672,13.700152397155762
2013-10-08,15.765000343322754,13.482076644897461
2013-10-09,15.824999809265137,13.5333890914917
2013-10-10,16.09000015258789,13.76001262664795
2013-10-11,16.225000381469727,13.875465393066406
2013-10-14,16.280000686645508,13.922505378723145
2013-10-15,16.18000030517578,13.836981773376465
2013-10-16,16.334999084472656,13.969534873962402
2013-10-17,16.34000015258789,13.973814010620117
2013-10-18,16.6200008392334,14.213264465332031
2013-10-21,16.709999084472656,14.290230751037598
2013-10-22,16.704999923706055,14.285956382751465
2013-10-23,16.625,14.21754264831543
2013-10-24,16.665000915527344,14.251751899719238
2013-10-25,16.75,14.324442863464355
2013-10-28,16.80500030517578,14.371478080749512
2013-10-29,16.915000915527344,14.465550422668457
2013-10-30,16.8799991607666,14.435615539550781
2013-10-31,16.825000762939453,14.38858413696289
2013-11-01,16.829999923706055,14.392853736877441
2013-11-04,16.895000457763672,14.448445320129395
2013-11-05,16.850000381469727,14.409960746765137
2013-11-06,17.020000457763672,14.55534553527832
2013-11-07,16.799999237060547,14.367198944091797
2013-11-08,16.950000762939453,14.495482444763184
2013-11-11,16.969999313354492,14.512580871582031
2013-11-12,17.014999389648438,14.551067352294922
2013-11-13,17.15999984741211,14.675066947937012
2013-11-14,17.114999771118164,14.636584281921387
2013-11-15,17.149999618530273,14.666511535644531
2013-11-18,17.084999084472656,14.610930442810059
2013-11-19,17.024999618530273,14.55961799621582
2013-11-20,16.969999313354492,14.512580871582031
2013-11-21,17.114999771118164,14.636584281921387
2013-11-22,17.079999923706055,14.606653213500977
2013-11-25,17.079999923706055,14.606653213500977
2013-11-26,17.139999389648438,14.657964706420898
2013-11-27,17.274999618530273,14.773415565490723
2013-11-29,17.344999313354492,14.83327865600586
2013-12-02,17.290000915527344,14.78624439239502
2013-12-03,17.329999923706055,14.820449829101562
2013-12-04,17.344999313354492,14.83327865600586
2013-12-05,17.290000915527344,14.78624439239502
2013-12-06,17.40999984741211,14.888864517211914
2013-12-09,17.46500015258789,14.935901641845703
2013-12-10,17.43000030517578,14.905969619750977
2013-12-11,17.270000457763672,14.769137382507324
2013-12-12,17.155000686645508,14.670793533325195
2013-12-13,17.100000381469727,14.623756408691406
2013-12-16,17.270000457763672,14.769137382507324
2013-12-17,17.264999389648438,14.764863014221191
2013-12-18,17.399999618530273,14.880311965942383
2013-12-19,17.43000030517578,14.905969619750977
2013-12-20,17.479999542236328,15.022418022155762
2013-12-23,17.709999084472656,15.220084190368652
2013-12-24,17.760000228881836,15.263053894042969
2013-12-26,17.80500030517578,15.301725387573242
2013-12-27,17.790000915527344,15.288834571838379
2013-12-30,17.7549991607666,15.258753776550293
2013-12-31,17.8700008392334,15.357587814331055
2014-01-02,17.69499969482422,15.20719051361084
2014-01-03,17.610000610351562,15.134140014648438
2014-01-06,17.579999923706055,15.10836410522461
2014-01-07,17.739999771118164,15.24586296081543
2014-01-08,17.739999771118164,15.24586296081543
2014-01-09,17.625,15.147037506103516
2014-01-10,17.65999984741211,15.177106857299805
2014-01-13,17.469999313354492,15.013829231262207
2014-01-14,17.764999389648438,15.267348289489746
2014-01-15,17.979999542236328,15.45212173461914
2014-01-16,17.975000381469727,15.447826385498047
2014-01-17,17.875,15.361888885498047
2014-01-21,17.96500015258789,15.439236640930176
2014-01-22,17.94499969482422,15.42204761505127
2014-01-23,17.90999984741211,15.391963005065918
2014-01-24,17.565000534057617,15.095471382141113
2014-01-27,17.399999618530273,14.953662872314453
2014-01-28,17.295000076293945,14.86343002319336
2014-01-29,17.15999984741211,14.747405052185059
2014-01-30,17.3700008392334,14.927886009216309
2014-01-31,17.40999984741211,14.962262153625488
2014-02-03,17.045000076293945,14.648581504821777
2014-02-04,17.110000610351562,14.704439163208008
2014-02-05,17.125,14.717333793640137
2014-02-06,17.315000534057617,14.88061809539795
2014-02-07,17.549999237060547,15.082581520080566
2014-02-10,17.584999084472656,15.112661361694336
2014-02-11,17.799999237060547,15.297430992126465
2014-02-12,17.8700008392334,15.357587814331055
2014-02-13,18.0,15.469311714172363
2014-02-14,18.03499984741211,15.499390602111816
2014-02-18,18.045000076293945,15.50798225402832
2014-02-19,17.985000610351562,15.45641803741455
2014-02-20,18.045000076293945,15.50798225402832
2014-02-21,17.975000381469727,15.447826385498047
2014-02-24,18.045000076293945,15.50798225402832
2014-02-25,17.9950008392334,15.465017318725586
2014-02-26,18.010000228881836,15.47790241241455
2014-02-27,18.155000686645508,15.60251522064209
2014-02-28,18.174999237060547,15.619705200195312
2014-03-03,17.979999542236328,15.45212173461914
2014-03-04,18.21500015258789,15.65408706665039
2014-03-05,18.239999771118164,15.675562858581543
2014-03-06,18.264999389648438,15.697044372558594
2014-03-07,18.209999084472656,15.649784088134766
2014-03-10,18.18000030517578,15.624005317687988
2014-03-11,18.139999389648438,15.589631080627441
2014-03-12,18.170000076293945,15.615409851074219
2014-03-13,17.924999237060547,15.404855728149414
2014-03-14,17.815000534057617,15.31031608581543
2014-03-17,18.024999618530273,15.49079704284668
2014-03-18,18.260000228881836,15.692754745483398
2014-03-19,18.184999465942383,15.628305435180664
2014-03-20,18.325000762939453,15.748619079589844
2014-03-21,18.155000686645508,15.669639587402344
2014-03-24,18.139999389648438,15.656695365905762
2014-03-25,18.25,15.751636505126953
2014-03-26,18.030000686645508,15.561759948730469
2014-03-27,17.96500015258789,15.505661964416504
2014-03-28,18.03499984741211,15.56607437133789
2014-03-31,18.174999237060547,15.686909675598145
2014-04-01,18.389999389648438,15.872471809387207
2014-04-02,18.399999618530273,15.881098747253418
2014-04-03,18.309999465942383,15.803423881530762
2014-04-04,17.959999084472656,15.501343727111816
2014-04-07,17.81999969482422,15.380504608154297
2014-04-08,17.979999542236328,15.51860237121582
2014-04-09,18.219999313354492,15.725739479064941
2014-04-10,17.799999237060547,15.363243103027344
2014-04-11,17.600000381469727,15.190620422363281
2014-04-14,17.774999618530273,15.341663360595703
2014-04-15,17.864999771118164,15.419341087341309
2014-04-16,18.040000915527344,15.570389747619629
2014-04-17,18.014999389648438,15.548809051513672
2014-04-21,18.084999084472656,15.609227180480957
2014-04-22,18.15999984741211,15.67396354675293
2014-04-23,17.96500015258789,15.505661964416504
2014-04-24,18.104999542236328,15.626496315002441
2014-04-25,17.875,15.427977561950684
2014-04-28,18.045000076293945,15.57470417022705
2014-04-29,18.170000076293945,15.682594299316406
2014-04-30,18.225000381469727,15.730063438415527
2014-05-01,18.2450008392334,15.747323989868164
2014-05-02,18.19499969482422,15.704166412353516
2014-05-05,18.290000915527344,15.786169052124023
2014-05-06,18.084999084472656,15.609227180480957
2014-05-07,18.094999313354492,15.617862701416016
2014-05-08,18.145000457763672,15.661015510559082
2014-05-09,18.165000915527344,15.678269386291504
2014-05-12,18.40999984741211,15.88973617553711
2014-05-13,18.420000076293945,15.898369789123535
2014-05-14,18.334999084472656,15.825005531311035
2014-05-15,18.225000381469727,15.730063438415527
2014-05-16,18.34000015258789,15.829318046569824
2014-05-19,18.459999084472656,15.932887077331543
2014-05-20,18.354999542236328,15.842266082763672
2014-05-21,18.479999542236328,15.950151443481445
2014-05-22,18.514999389648438,15.98036003112793
2014-05-23,18.670000076293945,16.114139556884766
2014-05-27,18.829999923706055,16.252241134643555
2014-05-28,18.780000686645508,16.209091186523438
2014-05-29,18.889999389648438,16.304019927978516
2014-05-30,18.90999984741211,16.321290969848633
2014-06-02,18.8799991607666,16.295391082763672
2014-06-03,18.850000381469727,16.269500732421875
2014-06-04,18.885000228881836,16.29970932006836
2014-06-05,19.010000228881836,16.407602310180664
2014-06-06,19.094999313354492,16.48096466064453
2014-06-09,19.155000686645508,16.532751083374023
2014-06-10,19.165000915527344,16.541372299194336
2014-06-11,19.1200008392334,16.502540588378906
2014-06-12,18.954999923706055,16.360126495361328
2014-06-13,19.065000534057617,16.455068588256836
2014-06-16,19.065000534057617,16.455068588256836
2014-06-17,19.110000610351562,16.493913650512695
2014-06-18,19.209999084472656,16.580219268798828
2014-06-19,19.174999237060547,16.550003051757812
2014-06-20,19.045000076293945,16.513593673706055
2014-06-23,19.100000381469727,16.561283111572266
2014-06-24,19.0,16.47457504272461
2014-06-25,19.075000762939453,16.539609909057617
2014-06-26,19.05500030517578,16.52226448059082
2014-06-27,19.170000076293945,16.621978759765625
2014-06-30,19.174999237060547,16.62630844116211
2014-07-01,19.3700008392334,16.795392990112305
2014-07-02,19.389999389648438,16.8127384185791
2014-07-03,19.475000381469727,16.886438369750977
2014-07-07,19.4950008392334,16.903779983520508
2014-07-08,19.31999969482422,16.75203514099121
2014-07-09,19.415000915527344,16.834413528442383
2014-07-10,19.360000610351562,16.78672981262207
2014-07-11,19.459999084472656,16.873430252075195
2014-07-14,19.600000381469727,16.994821548461914
2014-07-15,19.565000534057617,16.964473724365234
2014-07-16,19.7450008392334,17.12055015563965
2014-07-17,19.489999771118164,16.899444580078125
2014-07-18,19.725000381469727,17.10320472717285
2014-07-21,19.700000762939453,17.081539154052734
2014-07-22,19.864999771118164,17.224605560302734
2014-07-23,19.899999618530273,17.254941940307617
2014-07-24,19.885000228881836,17.241941452026367
2014-07-25,19.860000610351562,17.22026824951172
2014-07-28,19.895000457763672,17.250612258911133
2014-07-29,19.854999542236328,17.215930938720703
2014-07-30,19.875,17.2332706451416
2014-07-31,19.5,16.908113479614258
2014-08-01,19.395000457763672,16.817073822021484
2014-08-04,19.53499984741211,16.938465118408203
2014-08-05,19.350000381469727,16.778047561645508
2014-08-06,19.290000915527344,16.726032257080078
2014-08-07,19.209999084472656,16.656658172607422
2014-08-08,19.334999084472656,16.765047073364258
2014-08-11,19.43000030517578,16.847410202026367
2014-08-12,19.420000076293945,16.838748931884766
2014-08-13,19.610000610351562,17.003494262695312
2014-08-14,19.645000457763672,17.033842086791992
2014-08-15,19.645000457763672,17.033842086791992
2014-08-18,19.829999923706055,17.194250106811523
2014-08-19,19.954999923706055,17.30263328552246
2014-08-20,19.954999923706055,17.30263328552246
2014-08-21,20.049999237060547,17.385009765625
2014-08-22,20.05500030517578,17.389345169067383
2014-08-25,20.075000762939453,17.406694412231445
2014-08-26,20.084999084472656,17.41535758972168
2014-08-27,20.079999923706055,17.411029815673828
2014-08-28,20.049999237060547,17.385009765625
2014-08-29,20.139999389648438,17.463048934936523
2014-09-02,20.145000457763672,17.467382431030273
2014-09-03,20.03499984741211,17.372007369995117
2014-09-04,20.024999618530273,17.36333465576172
2014-09-05,20.145000457763672,17.467382431030273
2014-09-08,20.174999237060547,17.493398666381836
2014-09-09,20.030000686645508,17.36766815185547
2014-09-10,20.149999618530273,17.471725463867188
2014-09-11,20.19499969482422,17.510738372802734
2014-09-12,20.110000610351562,17.437036514282227
2014-09-15,19.989999771118164,17.332984924316406
2014-09-16,20.139999389648438,17.463048934936523
2014-09-17,20.18000030517578,17.497730255126953
2014-09-18,20.299999237060547,17.60178565979004
2014-09-19,20.170000076293945,17.56433868408203
2014-09-22,20.03499984741211,17.4467830657959
2014-09-23,19.989999771118164,17.40758514404297
2014-09-24,20.1200008392334,17.520797729492188
2014-09-25,19.68000030517578,17.13763427734375
2014-09-26,19.895000457763672,17.324867248535156
2014-09-29,19.889999389648438,17.32050895690918
2014-09-30,19.950000762939453,17.372758865356445
2014-10-01,19.639999389648438,17.102807998657227
2014-10-02,19.6299991607666,17.094097137451172
2014-10-03,19.790000915527344,17.233427047729492
2014-10-06,19.795000076293945,17.237775802612305
2014-10-07,19.485000610351562,16.96782684326172
2014-10-08,19.854999542236328,17.29003143310547
2014-10-09,19.524999618530273,17.002660751342773
2014-10-10,19.024999618530273,16.567256927490234
2014-10-13,18.815000534057617,16.384380340576172
2014-10-14,18.844999313354492,16.41050910949707
2014-10-15,18.71500015258789,16.297298431396484
2014-10-16,18.604999542236328,16.201513290405273
2014-10-17,18.825000762939453,16.393089294433594
2014-10-20,18.959999084472656,16.510650634765625
2014-10-21,19.329999923706055,16.832853317260742
2014-10-22,19.239999771118164,16.754480361938477
2014-10-23,19.454999923706055,16.94170379638672
2014-10-24,19.625,17.089740753173828
2014-10-27,19.645000457763672,17.107158660888672
2014-10-28,19.915000915527344,17.3422794342041
2014-10-29,19.895000457763672,17.324867248535156
2014-10-30,19.959999084472656,17.381465911865234
2014-10-31,20.270000457763672,17.65142250061035
2014-11-03,20.354999542236328,17.72543716430664
2014-11-04,20.350000381469727,17.72108268737793
2014-11-05,20.405000686645508,17.768980026245117
2014-11-06,20.395000457763672,17.760269165039062
2014-11-07,20.420000076293945,17.78204345703125
2014-11-10,20.475000381469727,17.829938888549805
2014-11-11,20.485000610351562,17.83864402770996
2014-11-12,20.549999237060547,17.895248413085938
2014-11-13,20.65999984741211,17.99104118347168
2014-11-14,20.80500030517578,18.117298126220703
2014-11-17,20.764999389648438,18.082469940185547
2014-11-18,20.834999084472656,18.1434268951416
2014-11-19,20.700000762939453,18.025869369506836
2014-11-20,20.80500030517578,18.117298126220703
2014-11-21,20.834999084472656,18.1434268951416
2014-11-24,20.94499969482422,18.23922348022461
2014-11-25,20.954999923706055,18.247926712036133
2014-11-26,21.145000457763672,18.413381576538086
2014-11-28,21.2450008392334,18.500469207763672
2014-12-01,21.0049991607666,18.291471481323242
2014-12-02,21.010000228881836,18.295820236206055
2014-12-03,21.084999084472656,18.361135482788086
2014-12-04,21.084999084472656,18.361135482788086
2014-12-05,21.059999465942383,18.33936309814453
2014-12-08,20.844999313354492,18.152132034301758
2014-12-09,20.84000015258789,18.14777946472168
2014-12-10,20.524999618530273,17.873476028442383
2014-12-11,20.614999771118164,17.951852798461914
2014-12-12,20.309999465942383,17.68625259399414
2014-12-15,20.184999465942383,17.577396392822266
2014-12-16,19.915000915527344,17.3422794342041
2014-12-17,20.290000915527344,17.66883087158203
2014-12-18,20.8700008392334,18.173904418945312
2014-12-19,20.78499984741211,18.19404411315918
2014-12-22,21.03499984741211,18.41287612915039
2014-12-23,21.09000015258789,18.461021423339844
2014-12-24,21.06999969482422,18.443523406982422
2014-12-26,21.15999984741211,18.522293090820312
2014-12-29,21.05500030517578,18.43038558959961
2014-12-30,20.905000686645508,18.299081802368164
2014-12-31,20.674999237060547,18.09775161743164
2015-01-02,20.635000228881836,18.0627384185791
2015-01-05,20.31999969482422,17.787006378173828
2015-01-06,20.075000762939453,17.572540283203125
2015-01-07,20.2450008392334,17.72135353088379
2015-01-08,20.690000534057617,18.110881805419922
2015-01-09,20.625,18.05398178100586
2015-01-12,20.385000228881836,17.843904495239258
2015-01-13,20.3700008392334,17.83077049255371
2015-01-14,20.2549991607666,17.730100631713867
2015-01-15,19.9950008392334,17.502521514892578
2015-01-16,20.190000534057617,17.6732177734375
2015-01-20,20.360000610351562,17.8220157623291
2015-01-21,20.395000457763672,17.852657318115234
2015-01-22,20.729999542236328,18.14589500427246
2015-01-23,20.725000381469727,18.14151382446289
2015-01-26,20.639999389648438,18.06711196899414
2015-01-27,20.045000076293945,17.54628562927246
2015-01-28,20.010000228881836,17.515647888183594
2015-01-29,20.200000762939453,17.681964874267578
2015-01-30,19.950000762939453,17.4631290435791
2015-02-02,20.155000686645508,17.6425724029541
2015-02-03,20.385000228881836,17.843904495239258
2015-02-04,20.424999237060547,17.8789119720459
2015-02-05,20.614999771118164,18.04523277282715
2015-02-06,20.549999237060547,17.988330841064453
2015-02-09,20.520000457763672,17.962074279785156
2015-02-10,20.825000762939453,18.229061126708984
2015-02-11,20.905000686645508,18.299081802368164
2015-02-12,21.190000534057617,18.54855728149414
2015-02-13,21.325000762939453,18.66672706604004
2015-02-17,21.334999084472656,18.675485610961914
2015-02-18,21.354999542236328,18.692981719970703
2015-02-19,21.43000030517578,18.758638381958008
2015-02-20,21.540000915527344,18.85492515563965
2015-02-23,21.55500030517578,18.86805534362793
2015-02-24,21.6200008392334,18.924951553344727
2015-02-25,21.485000610351562,18.806779861450195
2015-02-26,21.6200008392334,18.924951553344727
2015-02-27,21.545000076293945,18.859298706054688
2015-03-02,21.71500015258789,19.00811004638672
2015-03-03,21.56999969482422,18.88118553161621
2015-03-04,21.485000610351562,18.806779861450195
2015-03-05,21.459999084472656,18.784896850585938
2015-03-06,21.19499969482422,18.552932739257812
2015-03-09,21.295000076293945,18.64046287536621
2015-03-10,20.860000610351562,18.25968360900879
2015-03-11,20.725000381469727,18.14151382446289
2015-03-12,20.860000610351562,18.25968360900879
2015-03-13,20.7450008392334,18.159029006958008
2015-03-16,20.989999771118164,18.37348175048828
2015-03-17,20.9950008392334,18.377866744995117
2015-03-18,21.280000686645508,18.627338409423828
2015-03-19,21.219999313354492,18.574811935424805
2015-03-20,21.270000457763672,18.694786071777344
2015-03-23,21.270000457763672,18.694786071777344
2015-03-24,21.200000762939453,18.63326644897461
2015-03-25,20.655000686645508,18.154253005981445
2015-03-26,20.670000076293945,18.16743278503418
2015-03-27,20.684999465942383,18.180614471435547
2015-03-30,20.934999465942383,18.40035057067871
2015-03-31,20.719999313354492,18.211376190185547
2015-04-01,20.690000534057617,18.18501091003418
2015-04-02,20.684999465942383,18.180614471435547
2015-04-06,20.885000228881836,18.356393814086914
2015-04-07,20.84000015258789,18.316848754882812
2015-04-08,20.905000686645508,18.373979568481445
2015-04-09,20.959999084472656,18.422321319580078
2015-04-10,21.040000915527344,18.492633819580078
2015-04-13,20.979999542236328,18.439899444580078
2015-04-14,20.915000915527344,18.382768630981445
2015-04-15,21.100000381469727,18.54537010192871
2015-04-16,21.024999618530273,18.479450225830078
2015-04-17,20.735000610351562,18.224563598632812
2015-04-20,21.09000015258789,18.53658676147461
2015-04-21,21.079999923706055,18.527793884277344
2015-04-22,21.295000076293945,18.716764450073242
2015-04-23,21.3799991607666,18.79146957397461
2015-04-24,21.565000534057617,18.95407485961914
2015-04-27,21.625,19.006807327270508
2015-04-28,21.69499969482422,19.06833267211914
2015-04-29,21.59000015258789,18.97603988647461
2015-04-30,21.290000915527344,18.71236801147461
2015-05-01,21.549999237060547,18.940887451171875
2015-05-04,21.56999969482422,18.95846939086914
2015-05-05,21.235000610351562,18.66402816772461
2015-05-06,21.05500030517578,18.505821228027344
2015-05-07,21.209999084472656,18.642051696777344
2015-05-08,21.514999389648438,18.910125732421875
2015-05-11,21.405000686645508,18.813446044921875
2015-05-12,21.290000915527344,18.71236801147461
2015-05-13,21.3799991607666,18.79146957397461
2015-05-14,21.725000381469727,19.09469985961914
2015-05-15,21.655000686645508,19.03317642211914
2015-05-18,21.760000228881836,19.125457763671875
2015-05-19,21.704999923706055,19.077123641967773
2015-05-20,21.719999313354492,19.090307235717773
2015-05-21,21.815000534057617,19.173809051513672
2015-05-22,21.799999237060547,19.160615921020508
2015-05-26,21.485000610351562,18.883760452270508
2015-05-27,21.889999389648438,19.239728927612305
2015-05-28,21.844999313354492,19.200172424316406
2015-05-29,21.684999465942383,19.059534072875977
2015-06-01,21.7450008392334,19.11228370666504
2015-06-02,21.700000762939453,19.07272720336914
2015-06-03,21.7450008392334,19.11228370666504
2015-06-04,21.545000076293945,18.936491012573242
2015-06-05,21.475000381469727,18.874975204467773
2015-06-08,21.235000610351562,18.66402816772461
2015-06-09,21.184999465942383,18.620084762573242
2015-06-10,21.514999389648438,18.910125732421875
2015-06-11,21.524999618530273,18.918914794921875
2015-06-12,21.334999084472656,18.751924514770508
2015-06-15,21.204999923706055,18.63766098022461
2015-06-16,21.344999313354492,18.760711669921875
2015-06-17,21.354999542236328,18.769493103027344
2015-06-18,21.545000076293945,18.936491012573242
2015-06-19,21.270000457763672,18.778892517089844
2015-06-22,21.44499969482422,18.93340301513672
2015-06-23,21.459999084472656,18.9466495513916
2015-06-24,21.360000610351562,18.858356475830078
2015-06-25,21.309999465942383,18.814218521118164
2015-06-26,21.1299991607666,18.655302047729492
2015-06-29,20.68000030517578,18.25800323486328
2015-06-30,20.700000762939453,18.275657653808594
2015-07-01,20.84000015258789,18.39925765991211
2015-07-02,20.8700008392334,18.42574691772461
2015-07-06,20.78499984741211,18.35070037841797
2015-07-07,20.815000534057617,18.377185821533203
2015-07-08,20.475000381469727,18.07701301574707
2015-07-09,20.395000457763672,18.006383895874023
2015-07-10,20.719999313354492,18.293317794799805
2015-07-13,21.03499984741211,18.57142448425293
2015-07-14,21.114999771118164,18.642051696777344
2015-07-15,21.1200008392334,18.646469116210938
2015-07-16,21.389999389648438,18.884843826293945
2015-07-17,21.719999313354492,19.17619514465332
2015-07-20,21.834999084472656,19.277727127075195
2015-07-21,21.690000534057617,19.14971351623535
2015-07-22,21.34000015258789,18.84070587158203
2015-07-23,21.295000076293945,18.80097770690918
2015-07-24,21.18000030517578,18.699440002441406
2015-07-27,20.989999771118164,18.53169059753418
2015-07-28,21.18000030517578,18.699440002441406
2015-07-29,21.31999969482422,18.82305145263672
2015-07-30,21.360000610351562,18.858356475830078
2015-07-31,21.290000915527344,18.796554565429688
2015-08-03,21.174999237060547,18.695026397705078
2015-08-04,21.049999237060547,18.58465576171875
2015-08-05,21.2549991607666,18.76564598083496
2015-08-06,21.045000076293945,18.580244064331055
2015-08-07,21.059999465942383,18.59349822998047
2015-08-10,21.389999389648438,18.884843826293945
2015-08-11,21.06999969482422,18.60232925415039
2015-08-12,21.165000915527344,18.686195373535156
2015-08-13,21.104999542236328,18.633222579956055
2015-08-14,21.209999084472656,18.725915908813477
2015-08-17,21.329999923706055,18.831871032714844
2015-08-18,21.219999313354492,18.734756469726562
2015-08-19,21.079999923706055,18.61115074157715
2015-08-20,20.565000534057617,18.15646743774414
2015-08-21,19.780000686645508,17.46339988708496
2015-08-24,19.0,16.77475357055664
2015-08-25,18.850000381469727,16.642322540283203
2015-08-26,19.799999237060547,17.481061935424805
2015-08-27,20.260000228881836,17.887191772460938
2015-08-28,20.299999237060547,17.922502517700195
2015-08-31,20.114999771118164,17.75916862487793
2015-09-01,19.469999313354492,17.18970489501953
2015-09-02,19.940000534057617,17.604663848876953
2015-09-03,19.954999923706055,17.617910385131836
2015-09-04,19.649999618530273,17.348634719848633
2015-09-08,20.200000762939453,17.83421516418457
2015-09-09,19.934999465942383,17.600255966186523
2015-09-10,20.135000228881836,17.776823043823242
2015-09-11,20.229999542236328,17.860706329345703
2015-09-14,20.18000030517578,17.816556930541992
2015-09-15,20.440000534057617,18.04610252380371
2015-09-16,20.524999618530273,18.121158599853516
2015-09-17,20.385000228881836,17.99754524230957
2015-09-18,20.030000686645508,17.763858795166016
2015-09-21,20.229999542236328,17.941232681274414
2015-09-22,19.889999389648438,17.63969612121582
2015-09-23,19.940000534057617,17.684040069580078
2015-09-24,19.940000534057617,17.684040069580078
2015-09-25,19.905000686645508,17.65300178527832
2015-09-28,19.450000762939453,17.249481201171875
2015-09-29,19.364999771118164,17.174097061157227
2015-09-30,19.75,17.515531539916992
2015-10-01,19.760000228881836,17.524410247802734
2015-10-02,20.040000915527344,17.772733688354492
2015-10-05,20.434999465942383,18.123037338256836
2015-10-06,20.459999084472656,18.145214080810547
2015-10-07,20.55500030517578,18.229467391967773
2015-10-08,20.649999618530273,18.313716888427734
2015-10-09,20.739999771118164,18.39352798461914
2015-10-12,20.764999389648438,18.41570281982422
2015-10-13,20.719999313354492,18.37579345703125
2015-10-14,20.68000030517578,18.34032440185547
2015-10-15,20.94499969482422,18.575342178344727
2015-10-16,20.985000610351562,18.61081314086914
2015-10-19,21.065000534057617,18.681764602661133
2015-10-20,21.010000228881836,18.63298988342285
2015-10-21,20.850000381469727,18.49108123779297
2015-10-22,21.31999969482422,18.907917022705078
2015-10-23,21.915000915527344,19.435598373413086
2015-10-26,21.829999923706055,19.360212326049805
2015-10-27,21.704999923706055,19.249353408813477
2015-10-28,22.030000686645508,19.537588119506836
2015-10-29,21.969999313354492,19.484371185302734
2015-10-30,21.825000762939453,19.355777740478516
2015-11-02,22.020000457763672,19.528717041015625
2015-11-03,22.135000228881836,19.630708694458008
2015-11-04,22.15999984741211,19.652881622314453
2015-11-05,22.094999313354492,19.595230102539062
2015-11-06,22.170000076293945,19.661741256713867
2015-11-09,21.954999923706055,19.4710750579834
2015-11-10,21.809999465942383,19.34247398376465
2015-11-11,21.799999237060547,19.333606719970703
2015-11-12,21.610000610351562,19.165102005004883
2015-11-13,21.184999465942383,18.788188934326172
2015-11-16,21.510000228881836,19.07642364501953
2015-11-17,21.514999389648438,19.080848693847656
2015-11-18,21.84000015258789,19.36908721923828
2015-11-19,21.940000534057617,19.4577693939209
2015-11-20,22.100000381469727,19.59966468811035
2015-11-23,21.969999313354492,19.484371185302734
2015-11-24,21.975000381469727,19.488807678222656
2015-11-25,21.905000686645508,19.426729202270508
2015-11-27,21.954999923706055,19.4710750579834
2015-11-30,21.979999542236328,19.493242263793945
2015-12-01,22.174999237060547,19.666181564331055
2015-12-02,22.03499984741211,19.54201889038086
2015-12-03,21.75,19.289264678955078
2015-12-04,22.28499984741211,19.763736724853516
2015-12-07,22.174999237060547,19.666181564331055
2015-12-08,22.1200008392334,19.617401123046875
2015-12-09,21.795000076293945,19.329174041748047
2015-12-10,21.854999542236328,19.382383346557617
2015-12-11,21.399999618530273,18.978857040405273
2015-12-14,21.565000534057617,19.125192642211914
2015-12-15,21.65999984741211,19.209447860717773
2015-12-16,21.954999923706055,19.4710750579834
2015-12-17,21.610000610351562,19.165102005004883
2015-12-18,21.084999084472656,18.79342269897461
2015-12-21,21.299999237060547,18.98505401611328
2015-12-22,21.454999923706055,19.123214721679688
2015-12-23,21.635000228881836,19.283647537231445
2015-12-24,21.625,19.274730682373047
2015-12-28,21.610000610351562,19.26136016845703
2015-12-29,21.905000686645508,19.52430534362793
2015-12-30,21.719999313354492,19.359407424926758
2015-12-31,21.415000915527344,19.087554931640625
2016-01-04,21.135000228881836,18.837987899780273
2016-01-05,21.079999923706055,18.788970947265625
2016-01-06,20.81999969482422,18.557226181030273
2016-01-07,20.204999923706055,18.009063720703125
2016-01-08,20.045000076293945,17.866451263427734
2016-01-11,20.174999237060547,17.982318878173828
2016-01-12,20.415000915527344,18.196247100830078
2016-01-13,19.864999771118164,17.70601463317871
2016-01-14,20.239999771118164,18.040264129638672
2016-01-15,19.670000076293945,17.532207489013672
2016-01-19,19.690000534057617,17.550031661987305
2016-01-20,19.53499984741211,17.411882400512695
2016-01-21,19.645000457763672,17.50992774963379
2016-01-22,20.190000534057617,17.995695114135742
2016-01-25,19.954999923706055,17.786231994628906
2016-01-26,20.149999618530273,17.96004867553711
2016-01-27,19.735000610351562,17.59014320373535
2016-01-28,19.989999771118164,17.81743049621582
2016-01-29,20.6200008392334,18.378957748413086
2016-02-01,20.69499969482422,18.445810317993164
2016-02-02,20.325000762939453,18.116018295288086
2016-02-03,20.299999237060547,18.093740463256836
2016-02-04,20.31999969482422,18.11156463623047
2016-02-05,19.75,17.603511810302734
2016-02-08,19.46500015258789,17.3494873046875
2016-02-09,19.375,17.26926612854004
2016-02-10,19.405000686645508,17.296009063720703
2016-02-11,19.364999771118164,17.260356903076172
2016-02-12,19.635000228881836,17.501014709472656
2016-02-16,19.985000610351562,17.81297492980957
2016-02-17,20.395000457763672,18.17841339111328
2016-02-18,20.315000534057617,18.107112884521484
2016-02-19,20.329999923706055,18.1204776763916
2016-02-22,20.600000381469727,18.361135482788086
2016-02-23,20.274999618530273,18.07145881652832
2016-02-24,20.43000030517578,18.209609985351562
2016-02-25,20.684999465942383,18.4368953704834
2016-02-26,20.6299991607666,18.387868881225586
2016-02-29,20.485000610351562,18.258634567260742
2016-03-01,21.094999313354492,18.802335739135742
2016-03-02,21.155000686645508,18.855815887451172
2016-03-03,21.155000686645508,18.855815887451172
2016-03-04,21.209999084472656,18.904834747314453
2016-03-07,21.079999923706055,18.788970947265625
2016-03-08,20.950000762939453,18.673099517822266
2016-03-09,21.1299991607666,18.83353614807129
2016-03-10,21.110000610351562,18.815706253051758
2016-03-11,21.434999465942383,19.105382919311523
2016-03-14,21.459999084472656,19.127666473388672
2016-03-15,21.540000915527344,19.198976516723633
2016-03-16,21.790000915527344,19.42180633544922
2016-03-17,21.8700008392334,19.49310302734375
2016-03-18,21.795000076293945,19.524465560913086
2016-03-21,21.8700008392334,19.59164810180664
2016-03-22,21.875,19.596120834350586
2016-03-23,21.75,19.48415184020996
2016-03-24,21.809999465942383,19.537893295288086
2016-03-28,21.7549991607666,19.48862648010254
2016-03-29,22.094999313354492,19.793210983276367
2016-03-30,22.225000381469727,19.90966796875
2016-03-31,22.18000030517578,19.869354248046875
2016-04-01,22.350000381469727,20.02164077758789
2016-04-04,22.264999389648438,19.945497512817383
2016-04-05,22.049999237060547,19.752897262573242
2016-04-06,22.264999389648438,19.945497512817383
2016-04-07,21.94499969482422,19.658838272094727
2016-04-08,21.94499969482422,19.658838272094727
2016-04-11,21.885000228881836,19.60508155822754
2016-04-12,22.03499984741211,19.739456176757812
2016-04-13,22.260000228881836,19.941009521484375
2016-04-14,22.2549991607666,19.936542510986328
2016-04-15,22.170000076293945,19.860397338867188
2016-04-18,22.264999389648438,19.945497512817383
2016-04-19,22.139999389648438,19.83352279663086
2016-04-20,22.184999465942383,19.87383270263672
2016-04-21,22.104999542236328,19.80216407775879
2016-04-22,21.719999313354492,19.4572696685791
2016-04-25,21.725000381469727,19.461755752563477
2016-04-26,21.6200008392334,19.367692947387695
2016-04-27,21.520000457763672,19.27810287475586
2016-04-28,21.25,19.036243438720703
2016-04-29,21.065000534057617,18.870508193969727
2016-05-02,21.219999313354492,19.009361267089844
2016-05-03,21.024999618530273,18.834678649902344
2016-05-04,20.959999084472656,18.776445388793945
2016-05-05,20.969999313354492,18.785402297973633
2016-05-06,21.125,18.92426109313965
2016-05-09,21.125,18.92426109313965
2016-05-10,21.399999618530273,19.170608520507812
2016-05-11,21.2450008392334,19.03175926208496
2016-05-12,21.184999465942383,18.97801399230957
2016-05-13,21.104999542236328,18.90634536743164
2016-05-16,21.399999618530273,19.170608520507812
2016-05-17,21.184999465942383,18.97801399230957
2016-05-18,21.225000381469727,19.01384162902832
2016-05-19,21.110000610351562,18.91082000732422
2016-05-20,21.364999771118164,19.13925552368164
2016-05-23,21.325000762939453,19.103418350219727
2016-05-24,21.725000381469727,19.461755752563477
2016-05-25,21.875,19.596120834350586
2016-05-26,21.94499969482422,19.658838272094727
2016-05-27,22.049999237060547,19.752897262573242
2016-05-31,22.094999313354492,19.793210983276367
2016-06-01,22.040000915527344,19.743938446044922
2016-06-02,22.020000457763672,19.72601890563965
2016-06-03,21.969999313354492,19.681238174438477
2016-06-06,22.010000228881836,19.717063903808594
2016-06-07,22.100000381469727,19.79768943786621
2016-06-08,22.145000457763672,19.837995529174805
2016-06-09,22.149999618530273,19.84247589111328
2016-06-10,21.979999542236328,19.6901912689209
2016-06-13,21.735000610351562,19.470714569091797
2016-06-14,21.78499984741211,19.515506744384766
2016-06-15,21.729999542236328,19.466232299804688
2016-06-16,21.774999618530273,19.506546020507812
2016-06-17,21.524999618530273,19.376468658447266
2016-06-20,21.614999771118164,19.457490921020508
2016-06-21,21.764999389648438,19.59250831604004
2016-06-22,21.690000534057617,19.524999618530273
2016-06-23,21.985000610351562,19.79055404663086
2016-06-24,21.139999389648438,19.02989959716797
2016-06-27,20.71500015258789,18.647319793701172
2016-06-28,21.125,19.016393661499023
2016-06-29,21.450000762939453,19.308961868286133
2016-06-30,21.684999465942383,19.520498275756836
2016-07-01,21.735000610351562,19.56551170349121
2016-07-05,21.575000762939453,19.42148208618164
2016-07-06,21.725000381469727,19.556507110595703
2016-07-07,21.725000381469727,19.556507110595703
2016-07-08,22.065000534057617,19.862567901611328
2016-07-11,22.19499969482422,19.979595184326172
2016-07-12,22.375,20.141616821289062
2016-07-13,22.3799991607666,20.146120071411133
2016-07-14,22.524999618530273,20.27665138244629
2016-07-15,22.5049991607666,20.258649826049805
2016-07-18,22.655000686645508,20.3936710357666
2016-07-19,22.604999542236328,20.348669052124023
2016-07-20,22.899999618530273,20.614221572875977
2016-07-21,22.780000686645508,20.506202697753906
2016-07-22,22.915000915527344,20.627717971801758
2016-07-25,22.885000228881836,20.600725173950195
2016-07-26,22.934999465942383,20.645729064941406
2016-07-27,23.125,20.8167667388916
2016-07-28,23.139999389648438,20.83026885986328
2016-07-29,23.225000381469727,20.90677833557129
2016-08-01,23.270000457763672,20.947294235229492
2016-08-02,23.094999313354492,20.789752960205078
2016-08-03,23.174999237060547,20.861766815185547
2016-08-04,23.299999237060547,20.974294662475586
2016-08-05,23.524999618530273,21.176841735839844
2016-08-08,23.520000457763672,21.17233657836914
2016-08-09,23.56999969482422,21.21734619140625
2016-08-10,23.4950008392334,21.149831771850586
2016-08-11,23.579999923706055,21.226348876953125
2016-08-12,23.55500030517578,21.20384407043457
2016-08-15,23.670000076293945,21.307363510131836
2016-08-16,23.4950008392334,21.149831771850586
2016-08-17,23.485000610351562,21.140832901000977
2016-08-18,23.4950008392334,21.149831771850586
2016-08-19,23.510000228881836,21.163331985473633
2016-08-22,23.510000228881836,21.163331985473633
2016-08-23,23.594999313354492,21.239850997924805
2016-08-24,23.46500015258789,21.122825622558594
2016-08-25,23.514999389648438,21.167835235595703
2016-08-26,23.524999618530273,21.176841735839844
2016-08-29,23.614999771118164,21.257848739624023
2016-08-30,23.53499984741211,21.18583869934082
2016-08-31,23.4950008392334,21.149831771850586
2016-09-01,23.56999969482422,21.21734619140625
2016-09-02,23.674999237060547,21.311857223510742
2016-09-06,23.795000076293945,21.419885635375977
2016-09-07,23.854999542236328,21.473901748657227
2016-09-08,23.65999984741211,21.29836654663086
2016-09-09,23.079999923706055,20.776260375976562
2016-09-12,23.46500015258789,21.122825622558594
2016-09-13,23.295000076293945,20.969791412353516
2016-09-14,23.405000686645508,21.06882095336914
2016-09-15,23.790000915527344,21.415390014648438
2016-09-16,23.604999542236328,21.336746215820312
2016-09-19,23.559999465942383,21.296070098876953
2016-09-20,23.545000076293945,21.28251075744629
2016-09-21,23.809999465942383,21.52204132080078
2016-09-22,23.954999923706055,21.653112411499023
2016-09-23,23.7450008392334,21.463293075561523
2016-09-26,23.604999542236328,21.336746215820312
2016-09-27,23.864999771118164,21.571765899658203
2016-09-28,23.90999984741211,21.61244010925293
2016-09-29,23.764999389648438,21.481365203857422
2016-09-30,23.889999389648438,21.594362258911133
2016-10-03,23.81999969482422,21.531084060668945
2016-10-04,23.735000610351562,21.454256057739258
2016-10-05,23.81999969482422,21.531084060668945
2016-10-06,23.875,21.580801010131836
2016-10-07,23.809999465942383,21.52204132080078
2016-10-10,23.975000381469727,21.671194076538086
2016-10-11,23.704999923706055,21.427139282226562
2016-10-12,23.7450008392334,21.463293075561523
2016-10-13,23.594999313354492,21.327713012695312
2016-10-14,23.684999465942383,21.4090576171875
2016-10-17,23.635000228881836,21.363862991333008
2016-10-18,23.764999389648438,21.481365203857422
2016-10-19,23.809999465942383,21.52204132080078
2016-10-20,23.700000762939453,21.422626495361328
2016-10-21,23.764999389648438,21.481365203857422
2016-10-24,23.9950008392334,21.68926239013672
2016-10-25,23.90999984741211,21.61244010925293
2016-10-26,23.774999618530273,21.490406036376953
2016-10-27,23.7450008392334,21.463293075561523
2016-10-28,23.719999313354492,21.440696716308594
2016-10-31,23.709999084472656,21.431659698486328
2016-11-01,23.5049991607666,21.24635887145996
2016-11-02,23.354999542236328,21.11077117919922
2016-11-03,23.1299991607666,20.90738868713379
2016-11-04,23.09000015258789,20.87123680114746
2016-11-07,23.59000015258789,21.32318878173828
2016-11-08,23.704999923706055,21.427139282226562
2016-11-09,23.674999237060547,21.400012969970703
2016-11-10,23.295000076293945,21.05653190612793
2016-11-11,23.364999771118164,21.119808197021484
2016-11-14,23.010000228881836,20.798925399780273
2016-11-15,23.334999084472656,21.092687606811523
2016-11-16,23.549999237060547,21.287031173706055
2016-11-17,23.700000762939453,21.422626495361328
2016-11-18,23.68000030517578,21.404544830322266
2016-11-21,23.920000076293945,21.621475219726562
2016-11-22,23.9950008392334,21.68926239013672
2016-11-23,23.899999618530273,21.603403091430664
2016-11-25,24.0,21.693796157836914
2016-11-28,24.020000457763672,21.711870193481445
2016-11-29,24.03499984741211,21.725431442260742
2016-11-30,23.75,21.467811584472656
2016-12-01,23.260000228881836,21.02489471435547
2016-12-02,23.344999313354492,21.10173225402832
2016-12-05,23.56999969482422,21.30510902404785
2016-12-06,23.639999389648438,21.368385314941406
2016-12-07,24.09000015258789,21.77513885498047
2016-12-08,24.149999618530273,21.82938003540039
2016-12-09,24.325000762939453,21.987564086914062
2016-12-12,24.25,21.91976547241211
2016-12-13,24.55500030517578,22.19546127319336
2016-12-14,24.469999313354492,22.11862564086914
2016-12-15,24.579999923706055,22.21805191040039
2016-12-16,24.295000076293945,22.057357788085938
2016-12-19,24.469999313354492,22.21624183654785
2016-12-20,24.559999465942383,22.297954559326172
2016-12-21,24.510000228881836,22.252559661865234
2016-12-22,24.459999084472656,22.2071590423584
2016-12-23,24.485000610351562,22.2298583984375
2016-12-27,24.584999084472656,22.32064437866211
2016-12-28,24.364999771118164,22.120912551879883
2016-12-29,24.3700008392334,22.125452041625977
2016-12-30,24.18000030517578,21.95294952392578
2017-01-03,24.395000457763672,22.148149490356445
2017-01-04,24.479999542236328,22.225318908691406
2017-01-05,24.520000457763672,22.26163101196289
2017-01-06,24.700000762939453,22.425060272216797
2017-01-09,24.69499969482422,22.420516967773438
2017-01-10,24.700000762939453,22.425060272216797
2017-01-11,24.815000534057617,22.529464721679688
2017-01-12,24.7549991607666,22.474985122680664
2017-01-13,24.829999923706055,22.543081283569336
2017-01-17,24.735000610351562,22.456832885742188
2017-01-18,24.799999237060547,22.515846252441406
2017-01-19,24.764999389648438,22.48407745361328
2017-01-20,24.899999618530273,22.60663414001465
2017-01-23,24.94499969482422,22.647497177124023
2017-01-24,25.100000381469727,22.7882137298584
2017-01-25,25.34000015258789,23.00611686706543
2017-01-26,25.270000457763672,22.942554473876953
2017-01-27,25.3700008392334,23.03335189819336
2017-01-30,25.165000915527344,22.84722900390625
2017-01-31,25.040000915527344,22.733747482299805
2017-02-01,25.229999542236328,22.90623664855957
2017-02-02,25.18000030517578,22.860855102539062
2017-02-03,25.344999313354492,23.010650634765625
2017-02-06,25.360000610351562,23.024263381958008
2017-02-07,25.459999084472656,23.11505889892578
2017-02-08,25.5049991607666,23.155914306640625
2017-02-09,25.584999084472656,23.22854232788086
2017-02-10,25.65999984741211,23.2966365814209
2017-02-13,25.774999618530273,23.401039123535156
2017-02-14,25.860000610351562,23.478214263916016
2017-02-15,25.94499969482422,23.555387496948242
2017-02-16,26.0049991607666,23.60986328125
2017-02-17,26.094999313354492,23.69157600402832
2017-02-21,26.229999542236328,23.81413459777832
2017-02-22,26.260000228881836,23.84137535095215
2017-02-23,26.2549991607666,23.836837768554688
2017-02-24,26.315000534057617,23.891313552856445
2017-02-27,26.299999237060547,23.8776912689209
2017-02-28,26.174999237060547,23.764204025268555
2017-03-01,26.545000076293945,24.100130081176758
2017-03-02,26.3700008392334,23.941247940063477
2017-03-03,26.43000030517578,23.995718002319336
2017-03-06,26.389999389648438,23.95940399169922
2017-03-07,26.389999389648438,23.95940399169922
2017-03-08,26.420000076293945,23.986637115478516
2017-03-09,26.415000915527344,23.982101440429688
2017-03-10,26.55500030517578,24.109207153320312
2017-03-13,26.579999923706055,24.13190460205078
2017-03-14,26.520000457763672,24.077425003051758
2017-03-15,26.700000762939453,24.240854263305664
2017-03-16,26.71500015258789,24.254470825195312
2017-03-17,26.670000076293945,24.306873321533203
2017-03-20,26.69499969482422,24.32965660095215
2017-03-21,26.30500030517578,23.97422218322754
2017-03-22,26.469999313354492,24.124597549438477
2017-03-23,26.399999618530273,24.06080436706543
2017-03-24,26.420000076293945,24.079029083251953
2017-03-27,26.420000076293945,24.079029083251953
2017-03-28,26.610000610351562,24.252195358276367
2017-03-29,26.655000686645508,24.293203353881836
2017-03-30,26.704999923706055,24.338773727416992
2017-03-31,26.655000686645508,24.293203353881836
2017-04-03,26.6299991607666,24.270414352416992
2017-04-04,26.649999618530273,24.288644790649414
2017-04-05,26.540000915527344,24.188396453857422
2017-04-06,26.545000076293945,24.192955017089844
2017-04-07,26.530000686645508,24.179283142089844
2017-04-10,26.479999542236328,24.13371467590332
2017-04-11,26.3799991607666,24.042570114135742
2017-04-12,26.290000915527344,23.96055030822754
2017-04-13,26.184999465942383,23.86484718322754
2017-04-17,26.424999237060547,24.08358383178711
2017-04-18,26.420000076293945,24.079029083251953
2017-04-19,26.399999618530273,24.06080436706543
2017-04-20,26.639999389648438,24.2795352935791
2017-04-21,26.584999084472656,24.229406356811523
2017-04-24,26.899999618530273,24.516494750976562
2017-04-25,27.040000915527344,24.644092559814453
2017-04-26,27.010000228881836,24.616748809814453
2017-04-27,27.1200008392334,24.717002868652344
2017-04-28,27.190000534057617,24.780797958374023
2017-05-01,27.395000457763672,24.967636108398438
2017-05-02,27.454999923706055,25.022323608398438
2017-05-03,27.405000686645508,24.97674560546875
2017-05-04,27.385000228881836,24.958526611328125
2017-05-05,27.485000610351562,25.049663543701172
2017-05-08,27.604999542236328,25.159029006958008
2017-05-09,27.639999389648438,25.190933227539062
2017-05-10,27.7450008392334,25.286624908447266
2017-05-11,27.709999084472656,25.25472640991211
2017-05-12,27.780000686645508,25.31852149963379
2017-05-15,27.934999465942383,25.459789276123047
2017-05-16,28.065000534057617,25.57826805114746
2017-05-17,27.299999237060547,24.881044387817383
2017-05-18,27.459999084472656,25.026878356933594
2017-05-19,27.6200008392334,25.172700881958008
2017-05-22,27.84000015258789,25.373210906982422
2017-05-23,27.889999389648438,25.41877555847168
2017-05-24,28.0049991607666,25.52358627319336
2017-05-25,28.204999923706055,25.705869674682617
2017-05-26,28.190000534057617,25.692195892333984
2017-05-30,28.309999465942383,25.801563262939453
2017-05-31,28.264999389648438,25.760555267333984
2017-06-01,28.334999084472656,25.824344635009766
2017-06-02,28.594999313354492,26.061309814453125
2017-06-05,28.6200008392334,26.084095001220703
2017-06-06,28.565000534057617,26.033964157104492
2017-06-07,28.655000686645508,26.115991592407227
2017-06-08,28.719999313354492,26.175235748291016
2017-06-09,28.010000228881836,25.52814292907715
2017-06-12,27.844999313354492,25.377761840820312
2017-06-13,28.045000076293945,25.560041427612305
2017-06-14,27.90999984741211,25.437007904052734
2017-06-15,27.78499984741211,25.323081970214844
2017-06-16,27.625,25.278696060180664
2017-06-19,28.03499984741211,25.653873443603516
2017-06-20,27.809999465942383,25.447982788085938
2017-06-21,27.96500015258789,25.589824676513672
2017-06-22,27.975000381469727,25.598970413208008
2017-06-23,28.149999618530273,25.759109497070312
2017-06-26,28.0,25.621845245361328
2017-06-27,27.540000915527344,25.200916290283203
2017-06-28,27.885000228881836,25.51661491394043
2017-06-29,27.385000228881836,25.05908203125
2017-06-30,27.360000610351562,25.036203384399414
2017-07-03,27.170000076293945,24.862348556518555
2017-07-05,27.440000534057617,25.10940933227539
2017-07-06,27.190000534057617,24.88064193725586
2017-07-07,27.5049991607666,25.168895721435547
2017-07-10,27.704999923706055,25.351905822753906
2017-07-11,27.764999389648438,25.40680694580078
2017-07-12,28.125,25.73623275756836
2017-07-13,28.18000030517578,25.786558151245117
2017-07-14,28.43000030517578,26.01532554626465
2017-07-17,28.434999465942383,26.0199031829834
2017-07-18,28.565000534057617,26.13886260986328
2017-07-19,28.709999084472656,26.271543502807617
2017-07-20,28.770000457763672,26.32644271850586
2017-07-21,28.735000610351562,26.29442024230957
2017-07-24,28.80500030517578,26.35848045349121
2017-07-25,28.75,26.30814552307129
2017-07-26,28.860000610351562,26.4088077545166
2017-07-27,28.75,26.30814552307129
2017-07-28,28.719999313354492,26.280698776245117
2017-07-31,28.579999923706055,26.152584075927734
2017-08-01,28.725000381469727,26.285266876220703
2017-08-02,28.80500030517578,26.35848045349121
2017-08-03,28.739999771118164,26.29899787902832
2017-08-04,28.80500030517578,26.35848045349121
2017-08-07,28.979999542236328,26.518611907958984
2017-08-08,28.940000534057617,26.482013702392578
2017-08-09,28.924999237060547,26.468280792236328
2017-08-10,28.354999542236328,25.946699142456055
2017-08-11,28.549999237060547,26.12513542175293
2017-08-14,29.0049991607666,26.541488647460938
2017-08-15,29.049999237060547,26.582666397094727
2017-08-16,29.135000228881836,26.66044807434082
2017-08-17,28.565000534057617,26.13886260986328
2017-08-18,28.53499984741211,26.111406326293945
2017-08-21,28.524999618530273,26.102266311645508
2017-08-22,28.950000762939453,26.49116325378418
2017-08-23,28.8799991607666,26.42710304260254
2017-08-24,28.854999542236328,26.40423011779785
2017-08-25,28.850000381469727,26.399656295776367
2017-08-28,28.905000686645508,26.449981689453125
2017-08-29,29.030000686645508,26.564367294311523
2017-08-30,29.239999771118164,26.756532669067383
2017-08-31,29.415000915527344,26.91666603088379
2017-09-01,29.389999389648438,26.89379119873047
2017-09-05,29.1299991607666,26.655874252319336
2017-09-06,29.155000686645508,26.678754806518555
2017-09-07,29.2549991607666,26.770254135131836
2017-09-08,29.014999389648438,26.550640106201172
2017-09-11,29.424999237060547,26.925817489624023
2017-09-12,29.4950008392334,26.9898738861084
2017-09-13,29.454999923706055,26.953271865844727
2017-09-14,29.354999542236328,26.86176109313965
2017-09-15,29.3700008392334,26.97150421142578
2017-09-18,29.395000457763672,26.99445915222168
2017-09-19,29.524999618530273,27.11385154724121
2017-09-20,29.405000686645508,27.003643035888672
2017-09-21,29.2450008392334,26.856712341308594
2017-09-22,29.260000228881836,26.8704833984375
2017-09-25,28.915000915527344,26.553665161132812
2017-09-26,29.020000457763672,26.650089263916016
2017-09-27,29.315000534057617,26.92099380493164
2017-09-28,29.350000381469727,26.953136444091797
2017-09-29,29.549999237060547,27.13680648803711
2017-10-02,29.594999313354492,27.17812156677246
2017-10-03,29.665000915527344,27.242412567138672
2017-10-04,29.645000457763672,27.224048614501953
2017-10-05,29.93000030517578,27.485767364501953
2017-10-06,29.975000381469727,27.527099609375
2017-10-09,30.049999237060547,27.595966339111328
2017-10-10,30.079999923706055,27.62352180480957
2017-10-11,30.18000030517578,27.71535873413086
2017-10-12,30.104999542236328,27.646482467651367
2017-10-13,30.25,27.779638290405273
2017-10-16,30.360000610351562,27.880653381347656
2017-10-17,30.360000610351562,27.880653381347656
2017-10-18,30.434999465942383,27.94952964782715
2017-10-19,30.344999313354492,27.866878509521484
2017-10-20,30.549999237060547,28.055137634277344
2017-10-23,30.405000686645508,27.921977996826172
2017-10-24,30.489999771118164,28.000038146972656
2017-10-25,30.325000762939453,27.8485164642334
2017-10-26,30.450000762939453,27.963314056396484
2017-10-27,31.270000457763672,28.716344833374023
2017-10-30,31.34000015258789,28.78063201904297
2017-10-31,31.475000381469727,28.90460205078125
2017-11-01,31.479999542236328,28.909189224243164
2017-11-02,31.4950008392334,28.922969818115234
2017-11-03,31.7450008392334,29.15255355834961
2017-11-06,31.815000534057617,29.216835021972656
2017-11-07,31.829999923706055,29.230609893798828
2017-11-08,32.005001068115234,29.39132308959961
2017-11-09,31.75,29.157140731811523
2017-11-10,31.75,29.157140731811523
2017-11-13,31.739999771118164,29.147960662841797
2017-11-14,31.674999237060547,29.088268280029297
2017-11-15,31.440000534057617,28.872461318969727
2017-11-16,31.8799991607666,29.27652359008789
2017-11-17,31.674999237060547,29.088268280029297
2017-11-20,31.795000076293945,29.198467254638672
2017-11-21,32.130001068115234,29.5061092376709
2017-11-22,32.06999969482422,29.45100975036621
2017-11-24,32.25,29.616308212280273
2017-11-27,32.25,29.616308212280273
2017-11-28,32.35499954223633,29.712736129760742
2017-11-29,31.639999389648438,29.056127548217773
2017-11-30,31.920000076293945,29.313262939453125
2017-12-01,31.7549991607666,29.161733627319336
2017-12-04,31.2450008392334,28.69338607788086
2017-12-05,31.2549991607666,28.702564239501953
2017-12-06,31.454999923706055,28.88623046875
2017-12-07,31.649999618530273,29.065303802490234
2017-12-08,31.799999237060547,29.203060150146484
2017-12-11,32.07500076293945,29.45559310913086
2017-12-12,32.064998626708984,29.4464168548584
2017-12-13,32.07500076293945,29.45559310913086
2017-12-14,32.03499984741211,29.41887092590332
2017-12-15,32.279998779296875,29.754383087158203
2017-12-18,32.564998626708984,30.017093658447266
2017-12-19,32.3650016784668,29.83273696899414
2017-12-20,32.35499954223633,29.823522567749023
2017-12-21,32.290000915527344,29.76360321044922
2017-12-22,32.27000045776367,29.745174407958984
2017-12-26,32.05500030517578,29.546993255615234
2017-12-27,32.09000015258789,29.579254150390625
2017-12-28,32.14500045776367,29.629953384399414
2017-12-29,31.975000381469727,29.473255157470703
2018-01-02,32.369998931884766,29.837345123291016
2018-01-03,32.63999938964844,30.086219787597656
2018-01-04,32.80500030517578,30.238317489624023
2018-01-05,33.150001525878906,30.556316375732422
2018-01-08,33.275001525878906,30.671541213989258
2018-01-09,33.189998626708984,30.593185424804688
2018-01-10,33.07500076293945,30.4871826171875
2018-01-11,33.209999084472656,30.611623764038086
2018-01-12,33.404998779296875,30.791358947753906
2018-01-16,33.275001525878906,30.671541213989258
2018-01-17,33.775001525878906,31.132415771484375
2018-01-18,33.834999084472656,31.18772315979004
2018-01-19,33.900001525878906,31.24763298034668
2018-01-22,34.22999954223633,31.55182456970215
2018-01-23,34.380001068115234,31.690078735351562
2018-01-24,34.1150016784668,31.44582176208496
2018-01-25,34.05500030517578,31.390512466430664
2018-01-26,34.595001220703125,31.888273239135742
2018-01-29,34.279998779296875,31.597904205322266
2018-01-30,33.970001220703125,31.31215476989746
2018-01-31,34.224998474121094,31.547212600708008
2018-02-01,34.255001068115234,31.574872970581055
2018-02-02,33.2400016784668,30.639286041259766
2018-02-05,31.850000381469727,29.358030319213867
2018-02-06,32.76499938964844,30.20143699645996
2018-02-07,32.345001220703125,29.814306259155273
2018-02-08,31.0049991607666,28.579139709472656
2018-02-09,31.764999389648438,29.27967643737793
2018-02-12,32.334999084472656,29.805084228515625
2018-02-13,32.415000915527344,29.878826141357422
2018-02-14,33.0099983215332,30.427270889282227
2018-02-15,33.63999938964844,31.00798225402832
2018-02-16,33.59000015258789,30.961902618408203
2018-02-20,33.619998931884766,30.98953628540039
2018-02-21,33.404998779296875,30.791358947753906
2018-02-22,33.44499969482422,30.828231811523438
2018-02-23,34.14500045776367,31.473472595214844
2018-02-26,34.68000030517578,31.966615676879883
2018-02-27,34.33000183105469,31.643993377685547
2018-02-28,34.084999084472656,31.418167114257812
2018-03-01,33.52000045776367,30.897371292114258
2018-03-02,33.84000015258789,31.192337036132812
2018-03-05,34.185001373291016,31.510339736938477
2018-03-06,34.2599983215332,31.57948112487793
2018-03-07,34.45000076293945,31.754608154296875
2018-03-08,34.599998474121094,31.89286231994629
2018-03-09,35.255001068115234,32.49661636352539
2018-03-12,35.3650016784668,32.5980110168457
2018-03-13,34.959999084472656,32.224700927734375
2018-03-14,34.93000030517578,32.19704818725586
2018-03-15,34.95000076293945,32.21548843383789
2018-03-16,34.80500030517578,32.182193756103516
2018-03-19,34.1150016784668,31.544198989868164
2018-03-20,34.099998474121094,31.53032875061035
2018-03-21,33.89500045776367,31.340782165527344
2018-03-22,33.02000045776367,30.53170394897461
2018-03-23,32.13999938964844,29.7180233001709
2018-03-26,33.36000061035156,30.846094131469727
2018-03-27,32.290000915527344,29.85672378540039
2018-03-28,32.07500076293945,29.65791893005371
2018-03-29,32.709999084472656,30.245067596435547
2018-04-02,31.93000030517578,29.52385139465332
2018-04-03,32.244998931884766,29.815105438232422
2018-04-04,32.69499969482422,30.231204986572266
2018-04-05,32.83000183105469,30.35603141784668
2018-04-06,32.025001525878906,29.6116943359375
2018-04-09,32.275001525878906,29.84285545349121
2018-04-10,33.06999969482422,30.57794761657715
2018-04-11,32.875,30.397642135620117
2018-04-12,33.27000045776367,30.762874603271484
2018-04-13,33.15999984741211,30.661161422729492
2018-04-16,33.415000915527344,30.89694595336914
2018-04-17,34.03499984741211,31.470226287841797
2018-04-18,33.94499969482422,31.387014389038086
2018-04-19,33.56999969482422,31.040266036987305
2018-04-20,33.10499954223633,30.61031150817871
2018-04-23,32.98500061035156,30.499351501464844
2018-04-24,32.40999984741211,29.967681884765625
2018-04-25,32.415000915527344,29.972299575805664
2018-04-26,33.005001068115234,30.517833709716797
2018-04-27,32.94499969482422,30.462358474731445
2018-04-30,32.72999954223633,30.26357078552246
2018-05-01,33.13999938964844,30.642669677734375
2018-05-02,33.10499954223633,30.61031150817871
2018-05-03,33.18000030517578,30.679651260375977
2018-05-04,33.810001373291016,31.262182235717773
2018-05-07,34.04499816894531,31.479475021362305
2018-05-08,34.119998931884766,31.54881477355957
2018-05-09,34.540000915527344,31.937162399291992
2018-05-10,34.9900016784668,32.35326385498047
2018-05-11,34.939998626708984,32.307029724121094
2018-05-14,34.935001373291016,32.30240249633789
2018-05-15,34.60499954223633,31.997270584106445
2018-05-16,34.7599983215332,32.140594482421875
2018-05-17,34.58000183105469,31.974145889282227
2018-05-18,34.435001373291016,31.840076446533203
2018-05-21,34.73500061035156,32.117488861083984
2018-05-22,34.685001373291016,32.07124710083008
2018-05-23,34.939998626708984,32.307029724121094
2018-05-24,34.900001525878906,32.27004623413086
2018-05-25,34.875,32.24691390991211
2018-05-29,34.685001373291016,32.07124710083008
2018-05-30,34.939998626708984,32.307029724121094
2018-05-31,34.95000076293945,32.31626892089844
2018-06-01,35.54499816894531,32.866432189941406
2018-06-04,35.83000183105469,33.12995147705078
2018-06-05,35.95500183105469,33.245548248291016
2018-06-06,36.189998626708984,33.46282958984375
2018-06-07,35.900001525878906,33.19469451904297
2018-06-08,35.84000015258789,33.13920593261719
2018-06-11,35.880001068115234,33.17618942260742
2018-06-12,36.05500030517578,33.3380012512207
2018-06-13,35.869998931884766,33.16694259643555
2018-06-14,36.125,33.40273666381836
2018-06-15,35.86000061035156,33.27513885498047
2018-06-18,35.900001525878906,33.3122673034668
2018-06-19,35.71500015258789,33.14059066772461
2018-06-20,35.790000915527344,33.21018600463867
2018-06-21,35.51499938964844,32.95500564575195
2018-06-22,35.400001525878906,32.848297119140625
2018-06-25,34.665000915527344,32.16627883911133
2018-06-26,34.80500030517578,32.29617691040039
2018-06-27,34.33000183105469,31.855419158935547
2018-06-28,34.75,32.245155334472656
2018-06-29,34.73500061035156,32.23124313354492
2018-07-02,35.04499816894531,32.518882751464844
2018-07-03,34.630001068115234,32.1338005065918
2018-07-05,35.119998931884766,32.588478088378906
2018-07-06,35.529998779296875,32.96892547607422
2018-07-09,35.79999923706055,33.21946334838867
2018-07-10,35.8849983215332,33.298343658447266
2018-07-11,35.744998931884766,33.16842269897461
2018-07-12,36.310001373291016,33.69268798828125
2018-07-13,36.27000045776367,33.655582427978516
2018-07-16,36.185001373291016,33.57671356201172
2018-07-17,36.45500183105469,33.82726287841797
2018-07-18,36.39500045776367,33.77157974243164
2018-07-19,36.26499938964844,33.650936126708984
2018-07-20,36.275001525878906,33.66021728515625
2018-07-23,36.459999084472656,33.83190155029297
2018-07-24,36.65999984741211,34.0174674987793
2018-07-25,37.119998931884766,34.44430923461914
2018-07-26,36.54999923706055,33.9153938293457
2018-07-27,35.92499923706055,33.335453033447266
2018-07-30,35.3650016784668,32.81581497192383
2018-07-31,35.459999084472656,32.903968811035156
2018-08-01,35.779998779296875,33.200904846191406
2018-08-02,36.22999954223633,33.618473052978516
2018-08-03,36.36000061035156,33.739105224609375
2018-08-06,36.55500030517578,33.92005157470703
2018-08-07,36.69499969482422,34.04994583129883
2018-08-08,36.79499816894531,34.142738342285156
2018-08-09,36.810001373291016,34.15666961669922
2018-08-10,36.51499938964844,33.88292694091797
2018-08-13,36.46500015258789,33.83654022216797
2018-08-14,36.689998626708984,34.04530715942383
2018-08-15,36.36000061035156,33.739105224609375
2018-08-16,36.52000045776367,33.88756561279297
2018-08-17,36.57500076293945,33.93859100341797
2018-08-20,36.52000045776367,33.88756561279297
2018-08-21,36.58000183105469,33.943241119384766
2018-08-22,36.689998626708984,34.04530715942383
2018-08-23,36.77000045776367,34.119537353515625
2018-08-24,37.13999938964844,34.46286392211914
2018-08-27,37.47999954223633,34.77836608886719
2018-08-28,37.54499816894531,34.838680267333984
2018-08-29,37.8849983215332,35.154178619384766
2018-08-30,37.77000045776367,35.04746627807617
2018-08-31,37.79999923706055,35.07529830932617
2018-09-04,37.654998779296875,34.94075393676758
2018-09-05,37.185001373291016,34.504638671875
2018-09-06,36.915000915527344,34.25408935546875
2018-09-07,36.790000915527344,34.13809585571289
2018-09-10,36.904998779296875,34.24481201171875
2018-09-11,37.220001220703125,34.53710174560547
2018-09-12,37.064998626708984,34.39327621459961
2018-09-13,37.5,34.79692077636719
2018-09-14,37.470001220703125,34.76909255981445
2018-09-17,37.0,34.332969665527344
2018-09-18,37.23500061035156,34.551021575927734
2018-09-19,37.13999938964844,34.46286392211914
2018-09-20,37.58000183105469,34.87116241455078
2018-09-21,37.30500030517578,34.73337173461914
2018-09-24,37.4900016784668,34.905616760253906
2018-09-25,37.44499969482422,34.863704681396484
2018-09-26,37.30500030517578,34.73337173461914
2018-09-27,37.525001525878906,34.938209533691406
2018-09-28,37.665000915527344,35.068546295166016
2018-10-01,37.845001220703125,35.23613357543945
2018-10-02,37.849998474121094,35.240779876708984
2018-10-03,37.96500015258789,35.347869873046875
2018-10-04,37.279998779296875,34.71007537841797
2018-10-05,36.810001373291016,34.272491455078125
2018-10-08,36.39500045776367,33.88609313964844
2018-10-09,36.525001525878906,34.00711441040039
2018-10-10,34.755001068115234,32.359130859375
2018-10-11,34.314998626708984,31.949472427368164
2018-10-12,35.415000915527344,32.97365188598633
2018-10-15,34.834999084472656,32.43362808227539
2018-10-16,35.8849983215332,33.4112548828125
2018-10-17,35.720001220703125,33.257625579833984
2018-10-18,35.02000045776367,32.60588455200195
2018-10-19,35.005001068115234,32.591922760009766
2018-10-22,35.29499816894531,32.86192321777344
2018-10-23,35.15999984741211,32.73622512817383
2018-10-24,33.584999084472656,31.269800186157227
2018-10-25,34.7400016784668,32.34518814086914
2018-10-26,34.04499816894531,31.698095321655273
2018-10-29,33.470001220703125,31.162729263305664
2018-10-30,33.845001220703125,31.511877059936523
2018-10-31,34.650001525878906,32.261390686035156
2018-11-01,35.05500030517578,32.63846969604492
2018-11-02,34.369998931884766,32.00068283081055
2018-11-05,34.334999084472656,31.968101501464844
2018-11-06,34.54999923706055,32.16828155517578
2018-11-07,35.564998626708984,33.113304138183594
2018-11-08,35.53499984741211,33.08538055419922
2018-11-09,34.91999816894531,32.51276779174805
2018-11-12,33.689998626708984,31.367565155029297
2018-11-13,33.72999954223633,31.404808044433594
2018-11-14,33.32500076293945,31.027727127075195
2018-11-15,34.15999984741211,31.805158615112305
2018-11-16,34.10499954223633,31.753952026367188
2018-11-19,32.80500030517578,30.5435733795166
2018-11-20,32.099998474121094,29.887170791625977
2018-11-21,32.334999084472656,30.10597038269043
2018-11-23,32.040000915527344,29.831310272216797
2018-11-26,32.76499938964844,30.506322860717773
2018-11-27,32.83000183105469,30.566848754882812
2018-11-28,33.97999954223633,31.637571334838867
2018-11-29,33.650001525878906,31.3303279876709
2018-11-30,33.970001220703125,31.628259658813477
2018-12-03,34.720001220703125,32.32655715942383
2018-12-04,33.404998779296875,31.10219955444336
2018-12-06,33.47999954223633,31.172040939331055
2018-12-07,32.29999923706055,30.073381423950195
2018-12-10,32.744998931884766,30.487699508666992
2018-12-11,32.78499984741211,30.52495574951172
2018-12-12,33.040000915527344,30.762374877929688
2018-12-13,33.095001220703125,30.813581466674805
2018-12-14,32.28499984741211,30.059415817260742
2018-12-17,31.600000381469727,29.421640396118164
2018-12-18,31.850000381469727,29.65440559387207
2018-12-19,31.219999313354492,29.067829132080078
2018-12-20,30.65999984741211,28.546436309814453
2018-12-21,29.600000381469727,27.67912483215332
2018-12-24,28.809999465942383,26.94038963317871
2018-12-26,30.549999237060547,28.567472457885742
2018-12-27,30.770000457763672,28.773204803466797
2018-12-28,30.700000762939453,28.70774269104004
2018-12-31,30.989999771118164,28.978925704956055
2019-01-02,31.010000228881836,28.997621536254883
2019-01-03,29.44499969482422,27.5341854095459
2019-01-04,30.75,28.754491806030273
2019-01-07,31.024999618530273,29.01165008544922
2019-01-08,31.28499984741211,29.254783630371094
2019-01-09,31.690000534057617,29.633493423461914
2019-01-10,31.829999923706055,29.764408111572266
2019-01-11,31.770000457763672,29.708309173583984
2019-01-14,31.475000381469727,29.43244743347168
2019-01-15,31.950000762939453,29.876630783081055
2019-01-16,31.979999542236328,29.9046688079834
2019-01-17,32.185001373291016,30.09638023376465
2019-01-18,32.67499923706055,30.554574966430664
2019-01-22,32.125,30.040271759033203
2019-01-23,32.23500061035156,30.14313316345215
2019-01-24,32.505001068115234,30.39560890197754
2019-01-25,32.96500015258789,30.825748443603516
2019-01-28,32.525001525878906,30.4143123626709
2019-01-29,32.17499923706055,30.087018966674805
2019-01-30,33.17499923706055,31.022119522094727
2019-01-31,33.13999938964844,30.98940658569336
2019-02-01,33.334999084472656,31.171741485595703
2019-02-04,33.869998931884766,31.672016143798828
2019-02-05,34.154998779296875,31.938535690307617
2019-02-06,34.27000045776367,32.04606246948242
2019-02-07,33.79999923706055,31.606571197509766
2019-02-08,33.994998931884766,31.788921356201172
2019-02-11,33.97999954223633,31.774885177612305
2019-02-12,34.43000030517578,32.19569396972656
2019-02-13,34.474998474121094,32.23776626586914
2019-02-14,34.53499984741211,32.29387283325195
2019-02-15,34.810001373291016,32.5510368347168
2019-02-19,34.81999969482422,32.560367584228516
2019-02-20,34.86000061035156,32.597774505615234
2019-02-21,34.875,32.6118049621582
2019-02-22,35.31999969482422,33.02792739868164
2019-02-25,35.4900016784668,33.186893463134766
2019-02-26,35.564998626708984,33.25703430175781
2019-02-27,35.529998779296875,33.224300384521484
2019-02-28,35.43000030517578,33.13079833984375
2019-03-01,35.66999816894531,33.355220794677734
2019-03-04,35.53499984741211,33.228973388671875
2019-03-05,35.43000030517578,33.13079833984375
2019-03-06,35.244998931884766,32.95779037475586
2019-03-07,34.90999984741211,32.64454650878906
2019-03-08,34.904998779296875,32.63985824584961
2019-03-11,35.654998779296875,33.341190338134766
2019-03-12,35.8650016784668,33.537559509277344
2019-03-13,36.099998474121094,33.7573127746582
2019-03-14,36.17499923706055,33.82744216918945
2019-03-15,36.494998931884766,34.236942291259766
2019-03-18,36.650001525878906,34.382347106933594
2019-03-19,36.724998474121094,34.45269775390625
2019-03-20,36.625,34.35890197753906
2019-03-21,37.54499816894531,35.22196578979492
2019-03-22,36.65999984741211,34.3917236328125
2019-03-25,36.5,34.241641998291016
2019-03-26,36.70000076293945,34.42926025390625
2019-03-27,36.4900016784668,34.23225402832031
2019-03-28,36.63999938964844,34.37297058105469
2019-03-29,37.0,34.71068572998047
2019-04-01,37.505001068115234,35.184444427490234
2019-04-02,37.6349983215332,35.30637741088867
2019-04-03,37.939998626708984,35.592529296875
2019-04-04,37.779998779296875,35.44242858886719
2019-04-05,37.959999084472656,35.61128616333008
2019-04-08,38.10499954223633,35.747310638427734
2019-04-09,37.92499923706055,35.57844924926758
2019-04-10,38.189998626708984,35.82706069946289
2019-04-11,38.13999938964844,35.7801628112793
2019-04-12,38.404998779296875,36.02876663208008
2019-04-15,38.38999938964844,36.01467514038086
2019-04-16,38.584999084472656,36.19762420654297
2019-04-17,38.79999923706055,36.39931869506836
2019-04-18,38.90999984741211,36.50251388549805
2019-04-22,39.0,36.58693313598633
2019-04-23,39.42499923706055,36.98564147949219
2019-04-24,39.439998626708984,36.999717712402344
2019-04-25,39.43000030517578,36.99033737182617
2019-04-26,39.279998779296875,36.84962463378906
2019-04-29,39.290000915527344,36.85900115966797
2019-04-30,39.35499954223633,36.91998291015625
2019-05-01,39.255001068115234,36.826175689697266
2019-05-02,39.04999923706055,36.63385009765625
2019-05-03,39.41999816894531,36.980960845947266
2019-05-06,39.1150016784668,36.69482421875
2019-05-07,38.275001525878906,35.90681457519531
2019-05-08,38.22999954223633,35.864585876464844
2019-05-09,37.970001220703125,35.62067413330078
2019-05-10,38.09000015258789,35.73324203491211
2019-05-13,36.654998779296875,34.38703918457031
2019-05-14,37.244998931884766,34.94053268432617
2019-05-15,37.650001525878906,35.320472717285156
2019-05-16,37.994998931884766,35.644126892089844
2019-05-17,37.689998626708984,35.357994079589844
2019-05-20,37.03499984741211,34.7435188293457
2019-05-21,37.4900016784668,35.17038345336914
2019-05-22,37.29499816894531,34.98744201660156
2019-05-23,36.63999938964844,34.37297058105469
2019-05-24,36.650001525878906,34.382347106933594
2019-05-28,36.54499816894531,34.283851623535156
2019-05-29,36.33000183105469,34.082149505615234
2019-05-30,36.55500030517578,34.2932243347168
2019-05-31,35.94499969482422,33.72096633911133
2019-06-03,35.314998626708984,33.12994384765625
2019-06-04,36.494998931884766,34.236942291259766
2019-06-05,36.970001220703125,34.68255615234375
2019-06-06,37.400001525878906,35.085941314697266
2019-06-07,38.095001220703125,35.73794174194336
2019-06-10,38.48500061035156,36.10380935668945
2019-06-11,38.48500061035156,36.10380935668945
2019-06-12,38.27000045776367,35.90210723876953
2019-06-13,38.3849983215332,36.01000213623047
2019-06-14,38.04999923706055,35.69572067260742
2019-06-17,38.08000183105469,35.723876953125
2019-06-18,38.77000045776367,36.37116622924805
2019-06-19,38.90999984741211,36.50251388549805
2019-06-20,39.47999954223633,37.03725051879883
2019-06-21,39.154998779296875,36.862144470214844
2019-06-24,39.22999954223633,36.93274688720703
2019-06-25,38.5099983215332,36.254905700683594
2019-06-26,38.92499923706055,36.645599365234375
2019-06-27,39.025001525878906,36.73976135253906
2019-06-28,39.02000045776367,36.73503494262695
2019-07-01,39.63999938964844,37.318729400634766
2019-07-02,39.744998931884766,37.4175910949707
2019-07-03,40.04999923706055,37.7047233581543
2019-07-05,39.974998474121094,37.63411331176758
2019-07-08,39.66999816894531,37.346981048583984
2019-07-09,39.810001373291016,37.478782653808594
2019-07-10,40.125,37.775333404541016
2019-07-11,40.275001525878906,37.91655349731445
2019-07-12,40.56999969482422,38.19428253173828
2019-07-15,40.70500183105469,38.32137680053711
2019-07-16,40.32500076293945,37.963626861572266
2019-07-17,40.220001220703125,37.86478042602539
2019-07-18,40.52000045776367,38.147212982177734
2019-07-19,40.345001220703125,37.982452392578125
2019-07-22,40.810001373291016,38.42022705078125
2019-07-23,41.03499984741211,38.632041931152344
2019-07-24,41.375,38.95212936401367
2019-07-25,41.20500183105469,38.792091369628906
2019-07-26,41.29499816894531,38.8768196105957
2019-07-29,41.27000045776367,38.853294372558594
2019-07-30,41.005001068115234,38.60380172729492
2019-07-31,40.3849983215332,38.02011489868164
2019-08-01,40.18000030517578,37.827110290527344
2019-08-02,39.525001525878906,37.21046829223633
2019-08-05,37.875,35.65709686279297
2019-08-06,38.505001068115234,36.250205993652344
2019-08-07,38.744998931884766,36.47614288330078
2019-08-08,39.69499969482422,37.370521545410156
2019-08-09,39.244998931884766,36.946868896484375
2019-08-12,38.72999954223633,36.46201705932617
2019-08-13,39.70000076293945,37.3752326965332
2019-08-14,38.47999954223633,36.226661682128906
2019-08-15,38.40999984741211,36.16075897216797
2019-08-16,39.13999938964844,36.84803009033203
2019-08-19,39.73500061035156,37.408180236816406
2019-08-20,39.53499984741211,37.219886779785156
2019-08-21,40.0,37.65766143798828
2019-08-22,39.904998779296875,37.56821823120117
2019-08-23,38.584999084472656,36.32551574707031
2019-08-26,39.119998931884766,36.829193115234375
2019-08-27,39.060001373291016,36.772701263427734
2019-08-28,39.095001220703125,36.8056526184082
2019-08-29,39.775001525878906,37.44583511352539
2019-08-30,39.76499938964844,37.43641662597656
2019-09-03,39.279998779296875,36.979820251464844
2019-09-04,39.95000076293945,37.6105842590332
2019-09-05,40.78499984741211,38.39668655395508
2019-09-06,40.75,38.363739013671875
2019-09-09,40.44499969482422,38.07659149169922
2019-09-10,40.2400016784668,37.88359451293945
2019-09-11,40.65999984741211,38.27900314331055
2019-09-12,40.880001068115234,38.486122131347656
2019-09-13,40.58000183105469,38.203697204589844
2019-09-16,40.47999954223633,38.10955047607422
2019-09-17,40.64500045776367,38.264888763427734
2019-09-18,40.63999938964844,38.26018142700195
2019-09-19,40.72999954223633,38.34490203857422
2019-09-20,40.130001068115234,37.89774703979492
2019-09-23,40.255001068115234,38.015785217285156
2019-09-24,39.8650016784668,37.647491455078125
2019-09-25,40.34000015258789,38.09606170654297
2019-09-26,40.3849983215332,38.1385612487793
2019-09-27,39.845001220703125,37.62860107421875
2019-09-30,40.26499938964844,38.025238037109375
2019-10-01,39.88999938964844,37.67109298706055
2019-10-02,39.13999938964844,36.96282958984375
2019-10-03,39.619998931884766,37.41611862182617
2019-10-04,40.275001525878906,38.0346794128418
2019-10-07,40.10499954223633,37.87413787841797
2019-10-08,39.369998931884766,37.18001937866211
2019-10-09,39.95500183105469,37.73248291015625
2019-10-10,40.22999954223633,37.99219512939453
2019-10-11,40.78499984741211,38.516300201416016
2019-10-14,40.7599983215332,38.49269485473633
2019-10-15,41.209999084472656,38.917667388916016
2019-10-16,40.92499923706055,38.648529052734375
2019-10-17,40.845001220703125,38.5729866027832
2019-10-18,40.45500183105469,38.20466613769531
2019-10-21,40.88999938964844,38.61547088623047
2019-10-22,40.34000015258789,38.09606170654297
2019-10-23,40.375,38.12911605834961
2019-10-24,40.96500015258789,38.68629455566406
2019-10-25,41.459999084472656,39.15376663208008
2019-10-28,41.98500061035156,39.649566650390625
2019-10-29,41.60499954223633,39.29069519042969
2019-10-30,41.86000061035156,39.5315055847168
2019-10-31,41.834999084472656,39.50790786743164
2019-11-01,42.334999084472656,39.98008728027344
2019-11-04,42.55500030517578,40.1878547668457
2019-11-05,42.505001068115234,40.14064407348633
2019-11-06,42.48500061035156,40.12174987792969
2019-11-07,42.81999969482422,40.4381103515625
2019-11-08,43.060001373291016,40.664764404296875
2019-11-11,43.08000183105469,40.683658599853516
2019-11-12,43.224998474121094,40.82058334350586
2019-11-13,43.31999969482422,40.91030502319336
2019-11-14,43.27000045776367,40.86308670043945
2019-11-15,43.619998931884766,41.19361877441406
2019-11-18,43.75,41.31639099121094
2019-11-19,43.834999084472656,41.39665603637695
2019-11-20,43.56999969482422,41.146400451660156
2019-11-21,43.349998474121094,40.938629150390625
2019-11-22,43.29499816894531,40.886695861816406
2019-11-25,43.92499923706055,41.481651306152344
2019-11-26,43.96500015258789,41.51942825317383
2019-11-27,44.209999084472656,41.75080108642578
2019-11-29,44.08000183105469,41.628028869628906
2019-12-02,43.45000076293945,41.0330696105957
2019-12-03,43.064998626708984,40.669490814208984
2019-12-04,43.2400016784668,40.834747314453125
2019-12-05,43.400001525878906,40.98585510253906
2019-12-06,43.880001068115234,41.43914794921875
2019-12-09,43.650001525878906,41.221946716308594
2019-12-10,43.685001373291016,41.2549934387207
2019-12-11,43.97999954223633,41.53358840942383
2019-12-12,44.45000076293945,41.97744369506836
2019-12-13,44.744998931884766,42.25603103637695
2019-12-16,45.14500045776367,42.6337776184082
2019-12-17,45.040000915527344,42.53462600708008
2019-12-18,45.03499984741211,42.529911041259766
2019-12-19,45.36000061035156,42.83681106567383
2019-12-20,45.474998474121094,43.085533142089844
2019-12-23,45.60499954223633,43.20869827270508
2019-12-24,45.619998931884766,43.22291564941406
2019-12-26,45.959999084472656,43.5450553894043
2019-12-27,45.95500183105469,43.54031753540039
2019-12-30,45.689998626708984,43.28923416137695
2019-12-31,45.834999084472656,43.42662048339844
2020-01-02,46.69499969482422,44.24143600463867
2020-01-03,46.16999816894531,43.7440185546875
2020-01-06,46.279998779296875,43.84823989868164
2020-01-07,46.2599983215332,43.829280853271484
2020-01-08,46.755001068115234,44.298282623291016
2020-01-09,47.28499984741211,44.80043029785156
2020-01-10,47.17499923706055,44.69620132446289
2020-01-13,47.76499938964844,45.25520706176758
2020-01-14,47.540000915527344,45.042022705078125
2020-01-15,47.595001220703125,45.094146728515625
2020-01-16,48.23500061035156,45.70051574707031
2020-01-17,48.560001373291016,46.00843048095703
2020-01-21,48.540000915527344,45.98948287963867
2020-01-22,48.71500015258789,46.15528869628906
2020-01-23,48.94499969482422,46.37318801879883
2020-01-24,48.71500015258789,46.15528869628906
2020-01-27,47.55500030517578,45.056243896484375
2020-01-28,48.46500015258789,45.918418884277344
2020-01-29,48.59000015258789,46.0368537902832
2020-01-30,49.0099983215332,46.43479919433594
2020-01-31,47.665000915527344,45.16045379638672
2020-02-03,48.29499816894531,45.757347106933594
2020-02-04,49.560001373291016,46.955894470214844
2020-02-05,49.849998474121094,47.230648040771484
2020-02-06,50.30500030517578,47.66175079345703
2020-02-07,49.845001220703125,47.22591018676758
2020-02-10,50.52000045776367,47.86544418334961
2020-02-11,50.349998474121094,47.70438003540039
2020-02-12,50.89500045776367,48.220741271972656
2020-02-13,50.7599983215332,48.092838287353516
2020-02-14,50.97999954223633,48.30127716064453
2020-02-18,50.790000915527344,48.12126541137695
2020-02-19,51.39500045776367,48.69446563720703
2020-02-20,50.86000061035156,48.187583923339844
2020-02-21,49.720001220703125,47.107479095458984
2020-02-24,47.665000915527344,45.16045379638672
2020-02-25,46.13999938964844,43.71559143066406
2020-02-26,46.349998474121094,43.914554595947266
2020-02-27,43.849998474121094,41.54592514038086
2020-02-28,44.185001373291016,41.863319396972656
2020-03-02,46.7400016784668,44.28406524658203
2020-03-03,44.96500015258789,42.60233688354492
2020-03-04,46.89500045776367,44.430908203125
2020-03-05,45.415000915527344,43.0286865234375
2020-03-06,44.45500183105469,42.119140625
2020-03-09,41.08000183105469,38.92146301269531
2020-03-10,43.81999969482422,41.517494201660156
2020-03-11,41.75,39.55625915527344
2020-03-12,37.67499923706055,35.695369720458984
2020-03-13,42.095001220703125,39.88313293457031
2020-03-16,36.279998779296875,34.373680114746094
2020-03-17,38.75,36.713890075683594
2020-03-18,37.290000915527344,35.33061599731445
2020-03-19,37.42499923706055,35.45851135253906
2020-03-20,35.709999084472656,33.83362579345703
2020-03-23,35.20000076293945,33.52457809448242
2020-03-24,38.80500030517578,36.95798873901367
2020-03-25,38.755001068115234,36.910369873046875
2020-03-26,41.154998779296875,39.196136474609375
2020-03-27,39.29499816894531,37.42466735839844
2020-03-30,40.95000076293945,39.00090026855469
2020-03-31,40.185001373291016,38.27230453491211
2020-04-01,38.27000045776367,36.448448181152344
2020-04-02,39.165000915527344,37.300865173339844
2020-04-03,38.560001373291016,36.72465133666992
2020-04-06,41.849998474121094,39.858055114746094
2020-04-07,41.474998474121094,39.50090026855469
2020-04-08,42.59000015258789,40.562835693359375
2020-04-09,42.599998474121094,40.57235336303711
2020-04-13,42.69499969482422,40.662845611572266
2020-04-14,44.48500061035156,42.367637634277344
2020-04-15,43.51499938964844,41.443809509277344
2020-04-16,44.04499816894531,41.94857406616211
2020-04-17,44.630001068115234,42.505741119384766
2020-04-20,43.915000915527344,41.82476806640625
2020-04-21,42.07500076293945,40.072349548339844
2020-04-22,43.69499969482422,41.615238189697266
2020-04-23,43.39500045776367,41.32951736450195
2020-04-24,44.314998626708984,42.20573425292969
2020-04-27,44.69499969482422,42.5676383972168
2020-04-28,44.099998474121094,42.000953674316406
2020-04-29,45.90999984741211,43.724822998046875
2020-04-30,45.70500183105469,43.529571533203125
2020-05-01,44.45000076293945,42.33430862426758
2020-05-04,45.040000915527344,42.89622497558594
2020-05-05,45.65999984741211,43.48670959472656
2020-05-06,46.01499938964844,43.82481002807617
2020-05-07,46.70500183105469,44.48197555541992
2020-05-08,47.38999938964844,45.134368896484375
2020-05-11,47.70500183105469,45.43437576293945
2020-05-12,46.720001220703125,44.49625015258789
2020-05-13,45.915000915527344,43.72957992553711
2020-05-14,46.5,44.28672409057617
2020-05-15,46.73500061035156,44.51054382324219
2020-05-18,47.880001068115234,45.60104751586914
2020-05-19,47.70500183105469,45.43437576293945
2020-05-20,48.75,46.42961883544922
2020-05-21,48.06999969482422,45.78199768066406
2020-05-22,48.244998931884766,45.94866180419922
2020-05-26,48.19499969482422,45.90105438232422
2020-05-27,48.470001220703125,46.162960052490234
2020-05-28,48.375,46.07249450683594
2020-05-29,48.98500061035156,46.653446197509766
2020-06-01,48.970001220703125,46.639156341552734
2020-06-02,49.43000030517578,47.07726287841797
2020-06-03,49.814998626708984,47.443939208984375
2020-06-04,49.404998779296875,47.0534553527832
2020-06-05,50.70500183105469,48.29158401489258
2020-06-08,50.959999084472656,48.53444290161133
2020-06-09,51.20000076293945,48.763023376464844
2020-06-10,52.05500030517578,49.57732391357422
2020-06-11,49.06999969482422,46.734405517578125
2020-06-12,49.70500183105469,47.33919143676758
2020-06-15,50.185001373291016,47.79633712768555
2020-06-16,51.255001068115234,48.81540298461914
2020-06-17,51.244998931884766,48.805870056152344
2020-06-18,51.474998474121094,49.024932861328125
2020-06-19,51.119998931884766,48.686824798583984
2020-06-22,51.939998626708984,49.60413360595703
2020-06-23,52.314998626708984,49.9622688293457
2020-06-24,51.1349983215332,48.83533477783203
2020-06-25,51.790000915527344,49.46087646484375
2020-06-26,50.77000045776367,48.486751556396484
2020-06-29,51.32500076293945,49.016788482666016
2020-06-30,52.244998931884766,49.895423889160156
2020-07-01,52.33000183105469,49.976593017578125
2020-07-02,52.6349983215332,50.26786804199219
2020-07-06,53.55500030517578,51.1464958190918
2020-07-07,52.994998931884766,50.61168670654297
2020-07-08,53.86000061035156,51.437782287597656
2020-07-09,54.05500030517578,51.6240119934082
2020-07-10,54.040000915527344,51.60969161987305
2020-07-13,52.91999816894531,50.54005813598633
2020-07-14,53.529998779296875,51.12263870239258
2020-07-15,53.81999969482422,51.39957809448242
2020-07-16,53.154998779296875,50.76449203491211
2020-07-17,53.415000915527344,51.012794494628906
2020-07-20,54.779998779296875,52.316410064697266
2020-07-21,54.22999954223633,51.7911491394043
2020-07-22,54.665000915527344,52.20659637451172
2020-07-23,53.244998931884766,50.850440979003906
2020-07-24,52.599998474121094,50.23444366455078
2020-07-27,53.43000030517578,51.027122497558594
2020-07-28,52.80500030517578,50.430233001708984
2020-07-29,53.56999969482422,51.16083526611328
2020-07-30,53.869998931884766,51.44733810424805
2020-07-31,55.21500015258789,52.73184585571289
2020-08-03,56.57500076293945,54.03068161010742
2020-08-04,56.720001220703125,54.16916275024414
2020-08-05,56.93000030517578,54.369720458984375
2020-08-06,57.72999954223633,55.13374328613281
2020-08-07,56.869998931884766,54.31241226196289
2020-08-10,56.709999084472656,54.15960693359375
2020-08-11,55.689998626708984,53.18549346923828
2020-08-12,56.95500183105469,54.39358901977539
2020-08-13,56.97999954223633,54.41747283935547
2020-08-14,56.939998626708984,54.37926483154297
2020-08-17,57.31999969482422,54.7421875
2020-08-18,57.53499984741211,54.947509765625
2020-08-19,57.46500015258789,54.88066101074219
2020-08-20,58.22999954223633,55.61125183105469
2020-08-21,58.970001220703125,56.317970275878906
2020-08-24,59.47999954223633,56.80503845214844
2020-08-25,59.779998779296875,57.091548919677734
2020-08-26,60.994998931884766,58.25191116333008
2020-08-27,61.04499816894531,58.29964828491211
2020-08-28,61.58000183105469,58.81060028076172
2020-08-31,61.775001525878906,58.99683380126953
2020-09-01,62.95500183105469,60.12376403808594
2020-09-02,63.51499938964844,60.658573150634766
2020-09-03,59.89500045776367,57.20138168334961
2020-09-04,59.060001373291016,56.403926849365234
2020-09-08,56.38999938964844,53.85401153564453
2020-09-09,58.22999954223633,55.61125183105469
2020-09-10,56.915000915527344,54.35538864135742
2020-09-11,56.47999954223633,53.93995666503906
2020-09-14,57.665000915527344,55.0716667175293
2020-09-15,58.23500061035156,55.61604309082031
2020-09-16,57.334999084472656,54.756507873535156
2020-09-17,56.86000061035156,54.3028678894043
2020-09-18,55.880001068115234,53.3669319152832
2020-09-21,56.220001220703125,53.81057357788086
2020-09-22,57.11000061035156,54.662437438964844
2020-09-23,55.33000183105469,52.95872116088867
2020-09-24,55.63999938964844,53.255435943603516
2020-09-25,56.970001220703125,54.52843475341797
2020-09-28,58.060001373291016,55.57172775268555
2020-09-29,57.8650016784668,55.385074615478516
2020-09-30,58.349998474121094,55.84928894042969
2020-10-01,58.96500015258789,56.43794250488281
2020-10-02,57.470001220703125,55.00700378417969
2020-10-05,58.72999954223633,56.21300506591797
2020-10-06,57.81999969482422,55.342002868652344
2020-10-07,58.880001068115234,56.35658264160156
2020-10-08,59.185001373291016,56.648502349853516
2020-10-09,60.09000015258789,57.51471710205078
2020-10-12,61.72999954223633,59.08442687988281
2020-10-13,61.334999084472656,58.706356048583984
2020-10-14,61.0099983215332,58.395286560058594
2020-10-15,60.73500061035156,58.13207244873047
2020-10-16,60.560001373291016,57.964569091796875
2020-10-19,59.45000076293945,56.90214920043945
2020-10-20,59.654998779296875,57.098358154296875
2020-10-21,59.564998626708984,57.01221466064453
2020-10-22,59.28499984741211,56.74422073364258
2020-10-23,59.220001220703125,56.682003021240234
2020-10-26,57.935001373291016,55.45207977294922
2020-10-27,58.224998474121094,55.72964859008789
2020-10-28,55.755001068115234,53.36551284790039
2020-10-29,56.685001373291016,54.25566101074219
2020-10-30,55.43000030517578,53.0544319152832
2020-11-02,55.56999969482422,53.18842697143555
2020-11-03,56.54999923706055,54.126426696777344
2020-11-04,58.75,56.23214340209961
2020-11-05,60.57500076293945,57.97893524169922
2020-11-06,60.790000915527344,58.184722900390625
2020-11-09,60.349998474121094,57.763580322265625
2020-11-10,59.224998474121094,56.6867790222168
2020-11-11,60.630001068115234,58.031578063964844
2020-11-12,60.09000015258789,57.51471710205078
2020-11-13,60.599998474121094,58.00286102294922
2020-11-16,61.185001373291016,58.562782287597656
2020-11-17,60.845001220703125,58.23736572265625
2020-11-18,60.19499969482422,57.61521530151367
2020-11-19,60.68000030517578,58.079429626464844
2020-11-20,60.05500030517578,57.48122024536133
2020-11-23,60.040000915527344,57.466861724853516
2020-11-24,60.875,58.26607131958008
2020-11-25,61.005001068115234,58.390506744384766
2020-11-27,61.33000183105469,58.701576232910156
2020-11-30,61.7400016784668,59.09400939941406
2020-12-01,62.529998779296875,59.85015106201172
2020-12-02,62.435001373291016,59.75922393798828
2020-12-03,62.39500045776367,59.72093963623047
2020-12-04,63.02000045776367,60.319149017333984
2020-12-07,63.20000076293945,60.491432189941406
2020-12-08,63.404998779296875,60.687652587890625
2020-12-09,62.189998626708984,59.524723052978516
2020-12-10,62.279998779296875,59.610862731933594
2020-12-11,62.150001525878906,59.48643112182617
2020-12-14,62.375,59.701786041259766
2020-12-15,63.415000915527344,60.697227478027344
2020-12-16,63.845001220703125,61.108795166015625
2020-12-17,64.3499984741211,61.59214782714844
2020-12-18,64.125,61.376792907714844
2020-12-21,64.04000091552734,61.43818664550781
2020-12-22,64.59500122070312,61.970645904541016
2020-12-23,64.1050033569336,61.50054168701172
2020-12-24,64.52999877929688,61.90827560424805
2020-12-28,65.26000213623047,62.60861587524414
2020-12-29,64.94999694824219,62.31122970581055
2020-12-30,64.91500091552734,62.277645111083984
2020-12-31,65.01000213623047,62.368778228759766
2021-01-04,63.95000076293945,61.351837158203125
2021-01-05,64.36499786376953,61.74998092651367
2021-01-06,63.255001068115234,60.68508529663086
2021-01-07,64.95999908447266,62.3208122253418
2021-01-08,65.37999725341797,62.72373962402344
2021-01-11,64.83999633789062,62.2056770324707
2021-01-12,64.52999877929688,61.90827560424805
2021-01-13,64.94000244140625,62.3016242980957
2021-01-14,64.37000274658203,61.754791259765625
2021-01-15,63.709999084472656,61.12159729003906
2021-01-19,64.54000091552734,61.917884826660156
2021-01-20,65.81999969482422,63.1458625793457
2021-01-21,66.66999816894531,63.961334228515625
2021-01-22,66.41500091552734,63.71670913696289
2021-01-25,66.97000122070312,64.24916076660156
2021-01-26,67.01499938964844,64.29232025146484
2021-01-27,65.75,63.07872772216797
2021-01-28,66.0199966430664,63.33774185180664
2021-01-29,64.46499633789062,61.84592056274414
2021-02-01,66.08000183105469,63.39530944824219
2021-02-02,66.9749984741211,64.25393676757812
2021-02-03,66.74500274658203,64.03329467773438
2021-02-04,67.80999755859375,65.05500793457031
2021-02-05,67.66000366210938,64.91112518310547
2021-02-08,68.37000274658203,65.59226989746094
2021-02-09,68.29000091552734,65.5155258178711
2021-02-10,68.19000244140625,65.41958618164062
2021-02-11,68.94000244140625,66.13911437988281
2021-02-12,69.29499816894531,66.47968292236328
2021-02-16,69.06999969482422,66.26382446289062
2021-02-17,68.45999908447266,65.67861938476562
2021-02-18,68.125,65.35720825195312
2021-02-19,68.0250015258789,65.26128387451172
2021-02-22,66.5250015258789,63.822227478027344
2021-02-23,66.33999633789062,63.64474868774414
2021-02-24,67.3550033569336,64.61849975585938
2021-02-25,65.0,62.359188079833984
2021-02-26,65.34500122070312,62.69017791748047
2021-03-01,67.44999694824219,64.70964813232422
2021-03-02,66.37999725341797,63.68313217163086
2021-03-03,64.70999908447266,62.08096694946289
2021-03-04,63.279998779296875,60.709068298339844
2021-03-05,64.4749984741211,61.85551071166992
2021-03-08,62.915000915527344,60.35890197753906
2021-03-09,65.05500030517578,62.411949157714844
2021-03-10,64.79499816894531,62.162498474121094
2021-03-11,66.18000030517578,63.49124526977539
2021-03-12,65.70500183105469,63.035545349121094
2021-03-15,66.40499877929688,63.70710372924805
2021-03-16,66.90499877929688,64.18680572509766
2021-03-17,66.8499984741211,64.13400268554688
2021-03-18,64.99500274658203,62.354393005371094
2021-03-19,64.80000305175781,62.167320251464844
2021-03-22,65.93499755859375,63.38972854614258
2021-03-23,65.5250015258789,62.99554443359375
2021-03-24,64.7300033569336,62.23125457763672
2021-03-25,64.69000244140625,62.19279098510742
2021-03-26,66.33499908447266,63.7742919921875
2021-03-29,65.98999786376953,63.44261169433594
2021-03-30,65.36499786376953,62.84172058105469
2021-03-31,66.40499877929688,63.84157943725586
2021-04-01,67.73999786376953,65.12505340576172
2021-04-05,69.13999938964844,66.47100830078125
2021-04-06,68.84500122070312,66.1874008178711
2021-04-07,69.20999908447266,66.53831481933594
2021-04-08,70.20999908447266,67.49969482421875
2021-04-09,70.88500213623047,68.14863586425781
2021-04-12,70.54499816894531,67.82176208496094
2021-04-13,71.20999908447266,68.46109771728516
2021-04-14,70.45500183105469,67.73523712158203
2021-04-15,71.66500091552734,68.8985366821289
2021-04-16,71.6500015258789,68.88411712646484
2021-04-19,71.05500030517578,68.31208801269531
2021-04-20,70.42500305175781,67.70638275146484
2021-04-21,71.13500213623047,68.38898468017578
2021-04-22,70.30000305175781,67.58623504638672
2021-04-23,71.3499984741211,68.595703125
2021-04-26,71.71499633789062,68.94660949707031
2021-04-27,71.54000091552734,68.77835845947266
2021-04-28,70.875,68.13903045654297
2021-04-29,70.81500244140625,68.08135223388672
2021-04-30,69.8499984741211,67.15360260009766
2021-05-03,69.65499877929688,66.96612548828125
2021-05-04,68.40499877929688,65.76436614990234
2021-05-05,68.23999786376953,65.60572814941406
2021-05-06,68.92500305175781,66.26432800292969
2021-05-07,69.51499938964844,66.83153533935547
2021-05-10,67.76000213623047,65.144287109375
2021-05-11,67.55500030517578,64.94718170166016
2021-05-12,65.65499877929688,63.12055587768555
2021-05-13,66.5250015258789,63.95695495605469
2021-05-14,67.98999786376953,65.36540222167969
2021-05-17,67.48999786376953,64.88468170166016
2021-05-18,66.94999694824219,64.36554718017578
2021-05-19,67.18499755859375,64.59147644042969
2021-05-20,68.47000122070312,65.82686614990234
2021-05-21,68.09500122070312,65.46635437011719
2021-05-24,69.30500030517578,66.629638671875
2021-05-25,69.32499694824219,66.64888000488281
2021-05-26,69.31999969482422,66.64407348632812
2021-05-27,68.95500183105469,66.29313659667969
2021-05-28,69.19999694824219,66.52867889404297
2021-06-01,68.86000061035156,66.20182037353516
2021-06-02,69.33499908447266,66.65846252441406
2021-06-03,68.69000244140625,66.03836822509766
2021-06-04,70.01000213623047,67.30742645263672
2021-06-07,69.99500274658203,67.2929916381836
2021-06-08,70.0,67.29781341552734
2021-06-09,70.05000305175781,67.34587860107422
2021-06-10,70.56500244140625,67.84098815917969
2021-06-11,70.98500061035156,68.24478149414062
2021-06-14,71.70500183105469,68.93699645996094
2021-06-15,71.26499938964844,68.51398468017578
2021-06-16,70.87999725341797,68.1438217163086
2021-06-17,71.69999694824219,68.93218231201172
2021-06-18,71.04499816894531,68.3024673461914
2021-06-21,71.67500305175781,69.03446197509766
2021-06-22,72.32499694824219,69.66051483154297
2021-06-23,72.24500274658203,69.58345794677734
2021-06-24,72.69999694824219,70.0217056274414
2021-06-25,72.61499786376953,69.9398422241211
2021-06-28,73.375,70.67185974121094
2021-06-29,73.91000366210938,71.18714141845703
2021-06-30,73.83000183105469,71.11009216308594
2021-07-01,73.95500183105469,71.23046875
2021-07-02,74.93000030517578,72.16956329345703
2021-07-06,75.21499633789062,72.44404602050781
2021-07-07,75.625,72.83895874023438
2021-07-08,74.91000366210938,72.15028381347656
2021-07-09,75.5999984741211,72.81488037109375
2021-07-12,75.66000366210938,72.87267303466797
2021-07-13,75.97000122070312,73.17124938964844
2021-07-14,76.52999877929688,73.71060943603516
2021-07-15,75.9000015258789,73.10383605957031
2021-07-16,75.1500015258789,72.3814468383789
2021-07-19,74.11499786376953,71.38459014892578
2021-07-20,75.21499633789062,72.44404602050781
2021-07-21,75.94000244140625,73.1423568725586
2021-07-22,76.5,73.68170928955078
2021-07-23,77.26000213623047,74.41370391845703
2021-07-26,77.22000122070312,74.37519073486328
2021-07-27,76.48999786376953,73.67208099365234
2021-07-28,76.3949966430664,73.58056640625
2021-07-29,76.75,73.92249298095703
2021-07-30,76.69999694824219,73.87435913085938
2021-08-02,76.42500305175781,73.60946655273438
2021-08-03,76.91500091552734,74.08143615722656
2021-08-04,77.06999969482422,74.23070526123047
2021-08-05,77.49500274658203,74.64004516601562
2021-08-06,77.43000030517578,74.57745361328125
2021-08-09,77.18000030517578,74.3366470336914
2021-08-10,76.625,73.80207824707031
2021-08-11,76.63500213623047,73.81172943115234
2021-08-12,77.07499694824219,74.23554229736328
2021-08-13,77.49500274658203,74.64004516601562
2021-08-16,77.84500122070312,74.97716522216797
2021-08-17,77.19999694824219,74.35591888427734
2021-08-18,76.13500213623047,73.33016204833984
2021-08-19,76.87999725341797,74.04769897460938
2021-08-20,77.87000274658203,75.00123596191406
2021-08-23,78.875,75.96923065185547
2021-08-24,78.78500366210938,75.88253021240234
2021-08-25,78.73999786376953,75.83918762207031
2021-08-26,78.24500274658203,75.3624496459961
2021-08-27,79.0,76.08960723876953
2021-08-30,79.8499984741211,76.90829467773438
2021-08-31,79.43000030517578,76.50377655029297
2021-09-01,79.44999694824219,76.52304077148438
2021-09-02,79.36499786376953,76.44116973876953
2021-09-03,79.68000030517578,76.74455261230469
2021-09-07,79.69999694824219,76.76382446289062
2021-09-08,79.3949966430664,76.47004699707031
2021-09-09,79.09500122070312,76.18110656738281
2021-09-10,78.31500244140625,75.42987060546875
2021-09-13,78.33999633789062,75.45392608642578
2021-09-14,78.23999786376953,75.35761260986328
2021-09-15,78.92500305175781,76.01736450195312
2021-09-16,78.97000122070312,76.06072235107422
2021-09-17,77.73999786376953,74.87603759765625
2021-09-20,76.19000244140625,73.51220703125
2021-09-21,76.22000122070312,73.54116821289062
2021-09-22,77.26499938964844,74.5494384765625
2021-09-23,78.30000305175781,75.54804229736328
2021-09-24,78.3550033569336,75.60111999511719
2021-09-27,77.59500122070312,74.86784362792969
2021-09-28,75.29499816894531,72.64865112304688
2021-09-29,75.19999694824219,72.55701446533203
2021-09-30,74.66000366210938,72.0359878540039
2021-10-01,75.78500366210938,73.12144470214844
2021-10-04,74.02999877929688,71.42813873291016
2021-10-05,75.08499908447266,72.44603729248047
2021-10-06,75.57499694824219,72.91881561279297
2021-10-07,76.26499938964844,73.5845947265625
2021-10-08,75.9800033569336,73.3095932006836
2021-10-11,75.55999755859375,72.90435028076172
2021-10-12,75.16999816894531,72.528076171875
2021-10-13,75.62999725341797,72.97187805175781
2021-10-14,77.33499908447266,74.616943359375
2021-10-15,77.95500183105469,75.2151870727539
2021-10-18,78.61499786376953,75.85197448730469
2021-10-19,79.3949966430664,76.60454559326172
2021-10-20,79.17500305175781,76.39232635498047
2021-10-21,79.4800033569336,76.68658447265625
2021-10-22,79.20500183105469,76.42124938964844
2021-10-25,79.46499633789062,76.6720962524414
2021-10-26,79.69000244140625,76.8891830444336
2021-10-27,79.62000274658203,76.8216552734375
2021-10-28,80.41999816894531,77.59353637695312
2021-10-29,80.76499938964844,77.92642211914062
2021-11-01,80.6449966430664,77.81063079833984
2021-11-02,81.3550033569336,78.49569702148438
2021-11-03,81.83000183105469,78.95398712158203
2021-11-04,83.11000061035156,80.1889877319336
2021-11-05,83.54000091552734,80.60388946533203
2021-11-08,83.98999786376953,81.0380630493164
2021-11-09,83.6449966430664,80.7052001953125
2021-11-10,82.26499938964844,79.37370300292969
2021-11-11,82.6500015258789,79.74514770507812
2021-11-12,83.65499877929688,80.71485137939453
2021-11-15,83.56999969482422,80.6328353881836
2021-11-16,84.44999694824219,81.48191833496094
2021-11-17,84.19499969482422,81.2358627319336
2021-11-18,85.03500366210938,82.04634857177734
2021-11-19,85.65499877929688,82.64454650878906
2021-11-22,84.69999694824219,81.72310638427734
2021-11-23,84.50499725341797,81.53495788574219
2021-11-24,85.12000274658203,82.12834930419922
2021-11-26,82.99500274658203,80.07804107666016
2021-11-29,85.06999969482422,82.08013153076172
2021-11-30,84.36000061035156,81.39506530761719
2021-12-01,83.20500183105469,80.28064727783203
2021-12-02,83.97000122070312,81.01878356933594
2021-12-03,82.56500244140625,79.66317749023438
2021-12-06,83.3499984741211,80.42056274414062
2021-12-07,86.26000213623047,83.22828674316406
2021-12-08,86.65499877929688,83.60940551757812
2021-12-09,85.72000122070312,82.7072525024414
2021-12-10,87.44000244140625,84.3668212890625
2021-12-13,86.13999938964844,83.11251068115234
2021-12-14,84.7249984741211,81.74723052978516
2021-12-15,86.97000122070312,83.913330078125
2021-12-16,84.50499725341797,81.53495788574219
2021-12-17,83.94000244140625,80.98983001708984
2021-12-20,82.78500366210938,80.02653503417969
2021-12-21,84.87999725341797,82.05171203613281
2021-12-22,85.98999786376953,83.1247329711914
2021-12-23,86.47000122070312,83.58873748779297
2021-12-27,88.32499694824219,85.38192749023438
2021-12-28,87.86499786376953,84.93726348876953
2021-12-29,87.94000244140625,85.009765625
2021-12-30,87.36000061035156,84.4490966796875
2021-12-31,86.93499755859375,84.03825378417969
2022-01-03,87.76000213623047,84.83576202392578
2022-01-04,86.83000183105469,83.93675231933594
2022-01-05,84.16000366210938,81.35570526123047
2022-01-06,83.73500061035156,80.94488525390625
2022-01-07,82.96499633789062,80.20053100585938
2022-01-10,82.9800033569336,80.21503448486328
2022-01-11,83.9749984741211,81.17688751220703
2022-01-12,84.37000274658203,81.55873107910156
2022-01-13,82.18499755859375,79.44651794433594
2022-01-14,82.87999725341797,80.11837005615234
2022-01-18,80.88999938964844,78.19467163085938
2022-01-19,79.76000213623047,77.10231018066406
2022-01-20,78.7300033569336,76.10665130615234
2022-01-21,77.16500091552734,74.59378814697266
2022-01-24,77.56500244140625,74.98047637939453
2022-01-25,75.7699966430664,73.2452621459961
2022-01-26,76.21499633789062,73.67545318603516
2022-01-27,75.69000244140625,73.16796875
2022-01-28,79.0,76.36764526367188
2022-01-31,80.98500061035156,78.28651428222656
2022-02-01,81.19499969482422,78.4895248413086
2022-02-02,81.8550033569336,79.12753295898438
2022-02-03,79.4800033569336,76.83167266845703
2022-02-04,79.80000305175781,77.1410140991211
2022-02-07,79.2699966430664,76.628662109375
2022-02-08,80.25,77.57599639892578
2022-02-09,82.02999877929688,79.29669189453125
2022-02-10,79.88500213623047,77.22315216064453
2022-02-11,77.44499969482422,74.86446380615234
2022-02-14,77.41999816894531,74.84028625488281
2022-02-15,79.45500183105469,76.80748748779297
2022-02-16,79.375,76.73015594482422
2022-02-17,77.0,74.43428802490234
2022-02-18,76.22000122070312,73.6802978515625
2022-02-22,75.51499938964844,72.99877166748047
2022-02-23,73.625,71.17174530029297
2022-02-24,76.13999938964844,73.60296630859375
2022-02-25,77.17500305175781,74.60346221923828
2022-02-28,77.03500366210938,74.4681167602539
2022-03-01,75.49500274658203,72.97944641113281
2022-03-02,77.12999725341797,74.55996704101562
2022-03-03,76.20999908447266,73.67062377929688
2022-03-04,74.875,72.3801040649414
2022-03-07,72.13500213623047,69.73140716552734
2022-03-08,71.78500366210938,69.39307403564453
2022-03-09,74.625,72.13843536376953
2022-03-10,73.31999969482422,70.87691497802734
2022-03-11,72.02999877929688,69.62989044189453
2022-03-14,70.69499969482422,68.33938598632812
2022-03-15,73.06999969482422,70.63524627685547
2022-03-16,75.44499969482422,72.93111419677734
2022-03-17,75.9800033569336,73.44828033447266
2022-03-18,77.53500366210938,74.95149230957031
2022-03-21,77.24500274658203,74.8091049194336
2022-03-22,78.3550033569336,75.88410186767578
2022-03-23,77.1500015258789,74.71710205078125
2022-03-24,79.15499877929688,76.65886688232422
2022-03-25,79.11000061035156,76.61528778076172
2022-03-28,80.05000305175781,77.5256576538086
2022-03-29,81.75,79.17204284667969
2022-03-30,80.66000366210938,78.11641693115234
2022-03-31,79.46499633789062,76.9591064453125
2022-04-01,79.2300033569336,76.73151397705078
2022-04-04,80.73500061035156,78.18904113769531
2022-04-05,79.03500366210938,76.54266357421875
2022-04-06,77.16500091552734,74.73162841796875
2022-04-07,77.28500366210938,74.84785461425781
2022-04-08,76.20500183105469,73.8019027709961
2022-04-11,74.28500366210938,71.94245147705078
2022-04-12,73.95500183105469,71.62286376953125
2022-04-13,75.1449966430664,72.77531433105469
2022-04-14,73.31999969482422,71.00788879394531
2022-04-18,73.55999755859375,71.24031066894531
2022-04-19,74.94000244140625,72.5768051147461
2022-04-20,74.87000274658203,72.50900268554688
2022-04-21,73.5999984741211,71.279052734375
2022-04-22,71.54000091552734,69.28400421142578
2022-04-25,72.61499786376953,70.32511901855469
2022-04-26,69.91000366210938,67.7054214477539
2022-04-27,70.94499969482422,68.707763671875
2022-04-28,73.78500366210938,71.45821380615234
2022-04-29,70.70999908447266,68.48018646240234
2022-05-02,71.78500366210938,69.52129364013672
2022-05-03,71.91000366210938,69.6423568725586
2022-05-04,74.43499755859375,72.08770751953125
2022-05-05,70.8550033569336,68.62060546875
2022-05-06,70.28500366210938,68.06857299804688
2022-05-09,67.56500244140625,65.43436431884766
2022-05-10,68.59500122070312,66.43189239501953
2022-05-11,66.43000030517578,64.33515930175781
2022-05-12,65.74500274658203,63.6717414855957
2022-05-13,67.93000030517578,65.78784942626953
2022-05-16,67.33000183105469,65.20677185058594
2022-05-17,69.27999877929688,67.09528350830078
2022-05-18,66.11000061035156,64.02525329589844
2022-05-19,65.38500213623047,63.32312774658203
2022-05-20,65.52999877929688,63.46354675292969
2022-05-23,67.03500366210938,64.92106628417969
2022-05-24,66.04000091552734,63.957454681396484
2022-05-25,66.80999755859375,64.70315551757812
2022-05-26,68.41500091552734,66.2575454711914
2022-05-27,70.7300033569336,68.49956512451172
2022-05-31,70.2249984741211,68.01046752929688
2022-06-01,70.01499938964844,67.8071060180664
2022-06-02,71.70999908447266,69.44864654541016
2022-06-03,69.99500274658203,67.78773498535156
2022-06-06,70.0,67.79257202148438
2022-06-07,70.83499908447266,68.60123443603516
2022-06-08,70.03500366210938,67.82647705078125
2022-06-09,68.16500091552734,66.01544952392578
2022-06-10,65.54499816894531,63.47807312011719
2022-06-13,62.63999938964844,60.66466522216797
2022-06-14,63.03499984741211,61.04721450805664
2022-06-15,64.36499786376953,62.33527374267578
2022-06-16,61.744998931884766,59.79789352416992
2022-06-17,62.310001373291016,60.34507751464844
2022-06-21,63.72999954223633,61.88068771362305
2022-06-22,63.459999084472656,61.61852264404297
2022-06-23,64.41000366210938,62.540950775146484
2022-06-24,66.7249984741211,64.78876495361328
2022-06-27,66.2750015258789,64.35183715820312
2022-06-28,64.29000091552734,62.424442291259766
2022-06-29,64.41999816894531,62.5506591796875
2022-06-30,63.560001373291016,61.71561813354492
2022-07-01,63.70500183105469,61.85641098022461
2022-07-05,64.50499725341797,62.633209228515625
2022-07-06,65.05999755859375,63.17210388183594
2022-07-07,66.40499877929688,64.47805786132812
2022-07-08,66.43499755859375,64.5071792602539
2022-07-11,65.5199966430664,63.618743896484375
2022-07-12,64.625,62.749717712402344
2022-07-13,64.45500183105469,62.58464050292969
2022-07-14,65.04499816894531,63.15752029418945
2022-07-15,66.19000244140625,64.2693099975586
2022-07-18,65.55000305175781,63.64787673950195
2022-07-19,67.55000305175781,65.58984375
2022-07-20,68.6050033569336,66.6142349243164
2022-07-21,69.56999969482422,67.55120849609375
2022-07-22,68.61000061035156,66.61907958984375
2022-07-25,68.17500305175781,66.19672393798828
2022-07-26,67.06999969482422,65.12376403808594
2022-07-27,69.95500183105469,67.92505645751953
2022-07-28,71.0199966430664,68.95915222167969
2022-07-29,72.11000061035156,70.01750183105469
2022-08-01,71.95500183105469,69.86701965332031
2022-08-02,71.44499969482422,69.3718032836914
2022-08-03,73.34500122070312,71.2166748046875
2022-08-04,73.68000030517578,71.54195404052734
2022-08-05,73.51000213623047,71.37689971923828
2022-08-08,72.88500213623047,70.77003479003906
2022-08-09,72.15499877929688,70.06121063232422
2022-08-10,74.125,71.97405242919922
2022-08-11,73.83499908447266,71.69245910644531
2022-08-12,75.30500030517578,73.11981201171875
2022-08-15,75.77999877929688,73.58100891113281
2022-08-16,75.57499694824219,73.3819580078125
2022-08-17,75.03500366210938,72.85762786865234
2022-08-18,75.42500305175781,73.23629760742188
2022-08-19,74.05500030517578,71.90606689453125
2022-08-22,71.98999786376953,69.9009780883789
2022-08-23,71.80000305175781,69.71649932861328
2022-08-24,71.84500122070312,69.76020050048828
2022-08-25,73.05999755859375,70.93995666503906
2022-08-26,69.94000244140625,67.91048431396484
2022-08-29,69.01499938964844,67.01232147216797
2022-08-30,68.29499816894531,66.31320190429688
2022-08-31,67.62999725341797,65.66751861572266
2022-09-01,67.30000305175781,65.34709930419922
2022-09-02,66.42500305175781,64.49748229980469
2022-09-06,65.98500061035156,64.07025909423828
2022-09-07,67.04000091552734,65.09464263916016
2022-09-08,67.2699966430664,65.31795501708984
2022-09-09,68.5999984741211,66.60936737060547
2022-09-12,69.69999694824219,67.67742919921875
2022-09-13,66.0,64.0848159790039
2022-09-14,66.23999786376953,64.31784057617188
2022-09-15,64.71499633789062,62.83708953857422
2022-09-16,64.3550033569336,62.48755645751953
2022-09-19,64.72000122070312,62.99711990356445
2022-09-20,64.33999633789062,62.62722396850586
2022-09-21,63.334999084472656,61.648983001708984
2022-09-22,62.689998626708984,61.021156311035156
2022-09-23,61.869998931884766,60.22298049926758
2022-09-26,61.439998626708984,59.80442810058594
2022-09-27,61.52000045776367,59.88229751586914
2022-09-28,62.16999816894531,60.51499938964844
2022-09-29,60.54999923706055,58.93811798095703
2022-09-30,59.38999938964844,57.80900192260742
2022-10-03,61.22999954223633,59.600013732910156
2022-10-04,63.28499984741211,61.600318908691406
2022-10-05,63.494998931884766,61.80472946166992
2022-10-06,62.974998474121094,61.29856872558594
2022-10-07,60.3849983215332,58.77751541137695
2022-10-10,59.369998931884766,57.789527893066406
2022-10-11,58.459999084472656,56.90376663208008
2022-10-12,58.279998779296875,56.72854995727539
2022-10-13,60.09000015258789,58.490360260009766
2022-10-14,58.400001525878906,56.84535598754883
2022-10-17,60.18000030517578,58.577972412109375
2022-10-18,60.689998626708984,59.07439422607422
2022-10-19,60.51499938964844,58.904048919677734
2022-10-20,60.54999923706055,58.93811798095703
2022-10-21,62.16999816894531,60.51499938964844
2022-10-24,63.029998779296875,61.35210418701172
2022-10-25,64.23500061035156,62.52503204345703
2022-10-26,62.80500030517578,61.13309097290039
2022-10-27,62.09000015258789,60.437129974365234
2022-10-28,64.79000091552734,63.06525802612305
2022-10-31,63.935001373291016,62.23301315307617
2022-11-01,63.400001525878906,61.712249755859375
2022-11-02,61.209999084472656,59.58055877685547
2022-11-03,59.40999984741211,57.82846450805664
2022-11-04,60.494998931884766,58.88459014892578
2022-11-07,61.505001068115234,59.86770248413086
2022-11-08,62.095001220703125,60.441993713378906
2022-11-09,60.47999954223633,58.86997985839844
2022-11-10,65.44999694824219,63.70769500732422
2022-11-11,66.56999969482422,64.79785919189453
2022-11-14,66.0,64.24303436279297
2022-11-15,66.80000305175781,65.02173614501953
2022-11-16,65.88500213623047,64.131103515625
2022-11-17,65.97000122070312,64.21383666992188
2022-11-18,66.04499816894531,64.28682708740234
2022-11-21,65.33499908447266,63.59574508666992
2022-11-22,66.5999984741211,64.82707214355469
2022-11-23,67.19000244140625,65.4013671875
2022-11-25,66.80000305175781,65.02173614501953
2022-11-28,65.37000274658203,63.62982940673828
2022-11-29,64.7300033569336,63.00685501098633
2022-11-30,67.9800033569336,66.17033386230469
2022-12-01,68.07499694824219,66.2627944946289
2022-12-02,67.68000030517578,65.87831115722656
2022-12-05,66.55500030517578,64.78326416015625
2022-12-06,65.12999725341797,63.39619827270508
2022-12-07,64.80000305175781,63.074989318847656
2022-12-08,65.86000061035156,64.10677337646484
2022-12-09,65.45500183105469,63.71255111694336
2022-12-12,66.88500213623047,65.10447692871094
2022-12-13,67.67500305175781,65.87344360351562
2022-12-14,67.1050033569336,65.31861114501953
2022-12-15,64.59500122070312,62.87544250488281
2022-12-16,63.7400016784668,62.04320526123047
2022-12-19,62.709999084472656,61.21589660644531
2022-12-20,62.80500030517578,61.308631896972656
2022-12-21,63.845001220703125,62.3238525390625
2022-12-22,62.23500061035156,60.75221252441406
2022-12-23,62.29999923706055,60.8156623840332
2022-12-27,61.709999084472656,60.23971939086914
2022-12-28,60.71500015258789,59.268428802490234
2022-12-29,62.30500030517578,60.82054138183594
2022-12-30,62.220001220703125,60.737571716308594
2023-01-03,61.630001068115234,60.16162109375
2023-01-04,61.790000915527344,60.317813873291016
2023-01-05,60.59000015258789,59.146400451660156
2023-01-06,62.3650016784668,60.879112243652344
2023-01-09,63.09000015258789,61.58684539794922
2023-01-10,63.47999954223633,61.96754455566406
2023-01-11,64.58000183105469,63.04133605957031
2023-01-12,65.05999755859375,63.50990676879883
2023-01-13,65.24500274658203,63.69050979614258
2023-01-17,65.54000091552734,63.97847366333008
2023-01-18,64.69499969482422,63.15360641479492
2023-01-19,63.939998626708984,62.416587829589844
2023-01-20,65.66999816894531,64.1053695678711
2023-01-23,67.16500091552734,65.56475067138672
2023-01-24,67.13500213623047,65.53545379638672
2023-01-25,66.99500274658203,65.39879608154297
2023-01-26,68.06500244140625,66.44330596923828
2023-01-27,68.3499984741211,66.72151947021484
2023-01-30,67.04499816894531,65.4476089477539
2023-01-31,67.9800033569336,66.36033630371094
2023-02-01,69.58000183105469,67.92220306396484
2023-02-02,71.4800033569336,69.77694702148438
2023-02-03,70.88500213623047,69.19612884521484
2023-02-06,70.0199966430664,68.35172271728516
2023-02-07,71.7699966430664,70.06002044677734
2023-02-08,70.90499877929688,69.21562194824219
2023-02-09,70.51499938964844,68.83492279052734
2023-02-10,70.19000244140625,68.51768493652344
2023-02-13,71.40499877929688,69.70372772216797
2023-02-14,71.70999908447266,70.00146484375
2023-02-15,72.04499816894531,70.32847595214844
2023-02-16,70.79499816894531,69.10826873779297
2023-02-17,69.91000366210938,68.2443618774414
2023-02-21,68.25,66.6239013671875
2023-02-22,68.1500015258789,66.52628326416016
2023-02-23,69.27999877929688,67.62935638427734
2023-02-24,68.04499816894531,66.42378997802734
2023-02-27,68.41000366210938,66.78009796142578
2023-02-28,68.26000213623047,66.6336669921875
2023-03-01,67.76000213623047,66.14558410644531
2023-03-02,68.59500122070312,66.96067810058594
2023-03-03,70.06999969482422,68.40052795410156
2023-03-06,70.40499877929688,68.72755432128906
2023-03-07,69.52999877929688,67.8734130859375
2023-03-08,70.1050033569336,68.43470001220703
2023-03-09,69.0999984741211,67.45365905761719
2023-03-10,67.88500213623047,66.26759338378906
2023-03-13,68.25499725341797,66.62879943847656
2023-03-14,69.83000183105469,68.16625213623047
2023-03-15,69.87000274658203,68.20529174804688
2023-03-16,71.83000183105469,70.11862182617188
2023-03-17,71.7300033569336,70.02098083496094
2023-03-20,71.76499938964844,70.20980072021484
2023-03-21,72.34500122070312,70.7772445678711
2023-03-22,71.625,70.07284545898438
2023-03-23,72.79000091552734,71.21258544921875
2023-03-24,72.9800033569336,71.39846801757812
2023-03-27,72.41500091552734,70.84571838378906
2023-03-28,72.07499694824219,70.51307678222656
2023-03-29,73.58499908447266,71.99036407470703
2023-03-30,74.44000244140625,72.82683563232422
2023-03-31,75.50499725341797,73.86874389648438
2023-04-03,75.38500213623047,73.75135803222656
2023-04-04,74.97000122070312,73.34535217285156
2023-04-05,74.11499786376953,72.50889587402344
2023-04-06,74.53500366210938,72.91978454589844
2023-04-10,74.49500274658203,72.88064575195312
2023-04-11,73.79499816894531,72.19580078125
2023-04-12,73.375,71.784912109375
2023-04-13,74.73999786376953,73.12033081054688
2023-04-14,74.32499694824219,72.71431732177734
2023-04-17,74.59500122070312,72.97846221923828
2023-04-18,74.82499694824219,73.20347595214844
2023-04-19,74.61000061035156,72.99314880371094
2023-04-20,74.12000274658203,72.51377868652344
2023-04-21,73.87999725341797,72.27896881103516
2023-04-24,73.55500030517578,71.96101379394531
2023-04-25,71.98500061035156,70.42503356933594
2023-04-26,73.05500030517578,71.47184753417969
2023-04-27,74.6050033569336,72.98826599121094
2023-04-28,75.41500091552734,73.78070068359375
2023-05-01,75.45999908447266,73.82472229003906
2023-05-02,74.75499725341797,73.13499450683594
2023-05-03,74.125,72.51866149902344
2023-05-04,73.7699966430664,72.17134094238281
2023-05-05,75.62000274658203,73.98126220703125
2023-05-08,75.58000183105469,73.94213104248047
2023-05-09,75.0,73.37468719482422
2023-05-10,75.91500091552734,74.26986694335938
2023-05-11,75.57499694824219,73.93724822998047
2023-05-12,75.4749984741211,73.83940124511719
2023-05-15,76.0999984741211,74.45085906982422
2023-05-16,76.18000030517578,74.52911376953125
2023-05-17,77.19499969482422,75.52212524414062
2023-05-18,78.7750015258789,77.06788635253906
2023-05-19,78.73999786376953,77.03364562988281
2023-05-22,78.88999938964844,77.1803970336914
2023-05-23,77.7249984741211,76.04063415527344
2023-05-24,77.15499877929688,75.48298645019531
2023-05-25,80.11499786376953,78.37885284423828
2023-05-26,82.38999938964844,80.60455322265625
2023-05-30,82.83000183105469,81.03501892089844
2023-05-31,82.13999938964844,80.35997009277344
2023-06-01,82.9749984741211,81.17687225341797
2023-06-02,83.44999694824219,81.64158630371094
2023-06-05,82.97000122070312,81.17198181152344
2023-06-06,82.94999694824219,81.15242004394531
2023-06-07,81.70999908447266,79.93927764892578
2023-06-08,82.59500122070312,80.80511474609375
2023-06-09,83.00499725341797,81.20621490478516
2023-06-12,84.80999755859375,82.97209930419922
2023-06-13,85.32499694824219,83.4759521484375
2023-06-14,86.20500183105469,84.33687591552734
2023-06-15,87.31500244140625,85.4228286743164
2023-06-16,86.59500122070312,84.71843719482422
2023-06-20,85.83000183105469,84.14588928222656
2023-06-21,84.55999755859375,82.90080261230469
2023-06-22,85.25,83.57726287841797
2023-06-23,84.32499694824219,82.67041778564453
2023-06-26,83.72000122070312,82.0772933959961
2023-06-27,85.37000274658203,83.69491577148438
2023-06-28,85.41999816894531,83.74393463134766
2023-06-29,85.56999969482422,83.89099884033203
2023-06-30,86.93000030517578,85.22429656982422
2023-07-03,86.74500274658203,85.04293060302734
2023-07-05,86.20999908447266,84.51842498779297
2023-07-06,85.9800033569336,84.29296112060547
2023-07-07,85.6050033569336,83.9253158569336
2023-07-10,85.83000183105469,84.14588928222656
2023-07-11,86.01499938964844,84.32725524902344
2023-07-12,86.98999786376953,85.28312683105469
2023-07-13,88.125,86.39585876464844
2023-07-14,87.99500274658203,86.2684097290039
2023-07-17,89.12000274658203,87.371337890625
2023-07-18,90.12999725341797,88.36150360107422
2023-07-19,89.90499877929688,88.14093017578125
2023-07-20,88.11000061035156,86.38114929199219
2023-07-21,88.06500244140625,86.3370361328125
2023-07-24,88.22000122070312,86.48899841308594
2023-07-25,89.2300033569336,87.47918701171875
2023-07-26,88.02999877929688,86.30271911621094
2023-07-27,87.7750015258789,86.05271911621094
2023-07-28,88.97000122070312,87.22428131103516
2023-07-31,89.17500305175781,87.42526245117188
2023-08-01,89.32499694824219,87.57231903076172
2023-08-02,87.11499786376953,85.40567016601562
2023-08-03,86.76000213623047,85.05765533447266
2023-08-04,85.58000183105469,83.90078735351562
2023-08-07,85.81999969482422,84.1360855102539
2023-08-08,85.16000366210938,83.48904418945312
2023-08-09,84.05999755859375,82.41059875488281
2023-08-10,84.06999969482422,82.42041778564453
2023-08-11,83.44999694824219,81.81258392333984
2023-08-14,84.77999877929688,83.11649322509766
2023-08-15,83.94499969482422,82.29786682128906
2023-08-16,83.1449966430664,81.51355743408203
2023-08-17,82.3550033569336,80.73906707763672
2023-08-18,82.4800033569336,80.86161804199219
2023-08-21,84.05500030517578,82.40572357177734
2023-08-22,83.95999908447266,82.31258392333984
2023-08-23,85.4749984741211,83.7978515625
2023-08-24,83.50499725341797,81.86650848388672
2023-08-25,84.3550033569336,82.69983673095703
2023-08-28,85.04499816894531,83.37628936767578
2023-08-29,86.75,85.04783630371094
2023-08-30,87.40499877929688,85.68998718261719
2023-08-31,87.83000183105469,86.10664367675781
2023-09-01,88.0999984741211,86.37134552001953
2023-09-05,88.41500091552734,86.68016052246094
2023-09-06,87.4800033569336,85.76351165771484
2023-09-07,86.21499633789062,84.52332305908203
2023-09-08,86.3949966430664,84.6998062133789
2023-09-11,86.84500122070312,85.14096069335938
2023-09-12,85.2699966430664,83.59686279296875
2023-09-13,85.48500061035156,83.80764770507812
2023-09-14,86.1050033569336,84.41548156738281
2023-09-15,84.44999694824219,82.79295349121094
2023-09-18,84.67500305175781,83.19087219238281
2023-09-19,84.62999725341797,83.14665222167969
2023-09-20,83.30000305175781,81.8399658203125
2023-09-21,82.02999877929688,80.59223175048828
2023-09-22,82.20500183105469,80.76415252685547
2023-09-25,82.47000122070312,81.02452850341797
2023-09-26,80.98500061035156,79.56554412841797
2023-09-27,81.11000061035156,79.6883544921875
2023-09-28,81.68499755859375,80.25328063964844
2023-09-29,81.96499633789062,80.52836608886719
2023-10-02,82.84500122070312,81.3929443359375
2023-10-03,81.44000244140625,80.01255798339844
2023-10-04,82.45500183105469,81.0097885131836
2023-10-05,82.56500244140625,81.11785125732422
2023-10-06,84.11000061035156,82.63577270507812
2023-10-09,84.54499816894531,83.0631332397461
2023-10-10,84.67500305175781,83.19087219238281
2023-10-11,85.45999908447266,83.96209716796875
2023-10-12,85.54000091552734,84.04071044921875
2023-10-13,84.31500244140625,82.83716583251953
2023-10-16,85.125,83.63298034667969
2023-10-17,84.7300033569336,83.24490356445312
2023-10-18,83.86000061035156,82.3901596069336
2023-10-19,83.37999725341797,81.91857147216797
2023-10-20,81.97000122070312,80.53327941894531
2023-10-23,82.06500244140625,80.62661743164062
2023-10-24,82.62999725341797,81.18170166015625
2023-10-25,81.65499877929688,80.22380065917969
2023-10-26,80.09500122070312,78.6911392211914
2023-10-27,80.55999755859375,79.14799499511719
2023-10-30,81.42500305175781,79.99784088134766
2023-10-31,82.00499725341797,80.56766510009766
2023-11-01,83.58999633789062,82.1248779296875
2023-11-02,85.00499725341797,83.51508331298828
2023-11-03,85.87999725341797,84.37474060058594
2023-11-06,86.44499969482422,84.92984008789062
2023-11-07,87.38999938964844,85.85828399658203
2023-11-08,87.88500213623047,86.3446044921875
2023-11-09,87.4749984741211,85.94178771972656
2023-11-10,89.76000213623047,88.18675231933594
2023-11-13,89.23500061035156,87.67094421386719
2023-11-14,91.0199966430664,89.42465209960938
2023-11-15,91.13500213623047,89.53764343261719
2023-11-16,91.58999633789062,89.98466491699219
2023-11-17,91.4000015258789,89.7979965209961
2023-11-20,92.7249984741211,91.09976959228516
2023-11-21,91.9749984741211,90.36290740966797
2023-11-22,92.38500213623047,90.7657241821289
2023-11-24,92.20500183105469,90.58888244628906
2023-11-27,92.19999694824219,90.58397674560547
2023-11-28,92.375,90.75592041015625
2023-11-29,92.44499969482422,90.8246841430664
2023-11-30,92.58000183105469,90.95732116699219
2023-12-01,92.79000091552734,91.16364288330078
2023-12-04,91.66000366210938,90.053466796875
2023-12-05,92.20999908447266,90.59378814697266
2023-12-06,91.43000030517578,89.82746124267578
2023-12-07,92.54000091552734,90.91801452636719
2023-12-08,93.33000183105469,91.69416809082031
2023-12-11,94.1449966430664,92.49486541748047
2023-12-12,94.7699966430664,93.10892486572266
2023-12-13,95.6050033569336,93.92929077148438
2023-12-14,95.37000274658203,93.69841766357422
2023-12-15,95.8499984741211,94.16999816894531
2023-12-18,95.92500305175781,94.45159912109375
2023-12-19,96.29000091552734,94.8110122680664
2023-12-20,94.83499908447266,93.37834930419922
2023-12-21,95.9000015258789,94.42699432373047
2023-12-22,96.0250015258789,94.55007934570312
2023-12-26,96.42500305175781,94.94393157958984
2023-12-27,96.41999816894531,94.93901062011719
2023-12-28,96.53500366210938,95.05223846435547
2023-12-29,96.23999786376953,94.76177978515625
2024-01-02,93.72000122070312,92.28047943115234
2024-01-03,92.76499938964844,91.34013366699219
2024-01-04,92.08499908447266,90.67058563232422
2024-01-05,92.05999755859375,90.6459732055664
2024-01-08,94.37000274658203,92.92050170898438
2024-01-09,94.5199966430664,93.06817626953125
2024-01-10,95.32499694824219,93.8608169555664
2024-01-11,95.80999755859375,94.33836364746094
2024-01-12,96.12000274658203,94.64362335205078
2024-01-16,96.36000061035156,94.87992858886719
2024-01-17,95.88500213623047,94.41222381591797
2024-01-18,97.83000183105469,96.32735443115234
2024-01-19,100.08499908447266,98.54771423339844
2024-01-22,100.5250015258789,98.98095703125
2024-01-23,100.93000030517578,99.3797378540039
2024-01-24,101.625,100.06404876708984
2024-01-25,102.05000305175781,100.48252868652344
2024-01-26,100.875,99.32557678222656
2024-01-29,101.80000305175781,100.23638153076172
2024-01-30,100.95999908447266,99.4092788696289
2024-01-31,98.83999633789062,97.32183837890625
2024-02-01,100.08499908447266,98.54771423339844
2024-02-02,101.12000274658203,99.56681060791016
2024-02-05,101.3499984741211,99.79327392578125
2024-02-06,100.88500213623047,99.33541107177734
2024-02-07,102.22000122070312,100.64991760253906
2024-02-08,102.54000091552734,100.96500396728516
2024-02-09,103.91999816894531,102.32380676269531
2024-02-12,103.12999725341797,101.54593658447266
2024-02-13,101.37999725341797,99.82281494140625
2024-02-14,102.44000244140625,100.86653900146484
2024-02-15,102.2249984741211,100.65483856201172
2024-02-16,101.28500366210938,99.72927856445312
2024-02-20,100.25499725341797,98.71509552001953
2024-02-21,99.625,98.09477996826172
2024-02-22,102.88500213623047,101.30471801757812
2024-02-23,102.6449966430664,101.06838989257812
2024-02-26,102.74500274658203,101.16685485839844
2024-02-27,102.83499908447266,101.25546264648438
2024-02-28,102.3499984741211,100.77790832519531
2024-02-29,103.48999786376953,101.9004135131836
2024-03-01,105.37999725341797,103.76138305664062
2024-03-04,105.37999725341797,103.76138305664062
2024-03-05,102.79000091552734,101.21115112304688
2024-03-06,103.6050033569336,102.01365661621094
2024-03-07,105.23999786376953,103.62354278564453
2024-03-08,103.67500305175781,102.08257293701172
2024-03-11,103.38999938964844,101.80196380615234
2024-03-12,105.51000213623047,103.88938903808594
2024-03-13,104.37000274658203,102.76689910888672
2024-03-14,104.38999938964844,102.78658294677734
2024-03-15,102.81500244140625,101.23577880859375
2024-03-18,103.1500015258789,101.73335266113281
2024-03-19,103.68499755859375,102.26099395751953
2024-03-20,104.84500122070312,103.40505981445312
2024-03-21,104.91999816894531,103.47903442382812
2024-03-22,104.95500183105469,103.51356506347656
2024-03-25,104.26000213623047,102.82811737060547
2024-03-26,103.83000183105469,102.40401458740234
2024-03-27,104.36000061035156,102.92674255371094
2024-03-28,104.13500213623047,102.70482635498047
2024-04-01,104.42500305175781,102.99085235595703
2024-04-02,103.41999816894531,101.99964904785156
2024-04-03,103.69499969482422,102.27088165283203
2024-04-04,102.05500030517578,100.65338134765625
2024-04-05,103.2249984741211,101.80731201171875
2024-04-08,103.1050033569336,101.68897247314453
2024-04-09,103.625,102.20182800292969
2024-04-10,102.3550033569336,100.94927215576172
2024-04-11,104.4000015258789,102.96617889404297
2024-04-12,102.70999908447266,101.29940032958984
2024-04-15,100.76000213623047,99.37618255615234
2024-04-16,100.87999725341797,99.4945297241211
2024-04-17,99.42500305175781,98.05951690673828
2024-04-18,98.29000091552734,96.9400863647461
2024-04-19,96.26499938964844,94.94290924072266
2024-04-22,97.125,95.79109954833984
2024-04-23,98.56500244140625,97.21131896972656
2024-04-24,99.01499938964844,97.65513610839844
2024-04-25,98.80000305175781,97.44308471679688
2024-04-26,99.91500091552734,98.54277801513672
2024-04-29,100.34500122070312,98.96687316894531
2024-04-30,98.13500213623047,96.78722381591797
2024-05-01,97.12999725341797,95.79603576660156
2024-05-02,98.52999877929688,97.17680358886719
2024-05-03,101.2750015258789,99.88410186767578
2024-05-06,102.46499633789062,101.0577621459961
2024-05-07,102.12999725341797,100.72736358642578
2024-05-08,102.41999816894531,101.01337432861328
2024-05-09,102.38999938964844,100.98379516601562
2024-05-10,102.7699966430664,101.35856628417969
2024-05-13,103.25499725341797,101.8369140625
2024-05-14,104.16999816894531,102.73934173583984
2024-05-15,106.51499938964844,105.05213928222656
2024-05-16,106.1449966430664,104.68721771240234
2024-05-17,105.91000366210938,104.45545196533203
2024-05-20,107.15499877929688,105.68333435058594
2024-05-21,107.33000183105469,105.85594940185547
2024-05-22,107.56999969482422,106.0926513671875
2024-05-23,106.69499969482422,105.22965240478516
2024-05-24,107.59500122070312,106.1173095703125
2024-05-28,108.05000305175781,106.5660629272461
2024-05-29,107.36499786376953,105.89046478271484
2024-05-30,104.91500091552734,103.47410583496094
2024-05-31,105.08000183105469,103.63685607910156
2024-06-03,105.34500122070312,103.89820098876953
2024-06-04,105.56500244140625,104.11518096923828
2024-06-05,107.91000366210938,106.42798614501953
2024-06-06,107.55000305175781,106.07292938232422
2024-06-07,107.80000305175781,106.3194808959961
2024-06-10,108.07499694824219,106.59070587158203
2024-06-11,110.08499908447266,108.57311248779297
2024-06-12,112.5199966430664,110.97465515136719
2024-06-13,113.41000366210938,111.85244750976562
2024-06-14,113.83499908447266,112.27159881591797
2024-06-17,115.55999755859375,113.972900390625
2024-06-18,115.70500183105469,114.11592102050781
2024-06-20,114.40499877929688,112.83377838134766
2024-06-21,114.20500183105469,112.63652801513672
2024-06-24,111.20999908447266,109.87506866455078
2024-06-25,113.25,111.89058685302734
2024-06-26,113.12000274658203,111.76215362548828
2024-06-27,113.17500305175781,111.81649017333984
2024-06-28,113.11499786376953,111.75720977783203
2024-07-01,113.97000122070312,112.60194396972656
2024-07-02,114.54000091552734,113.16510772705078
2024-07-03,116.08499908447266,114.69154357910156
2024-07-05,116.44000244140625,115.04230499267578
2024-07-08,117.23500061035156,115.82774353027344
2024-07-09,117.13999938964844,115.7339096069336
2024-07-10,118.83999633789062,117.4134750366211
2024-07-11,115.86499786376953,114.47421264648438
2024-07-12,116.9000015258789,115.49677276611328
2024-07-15,117.11000061035156,115.70425415039062
2024-07-16,116.72000122070312,115.31893157958984
2024-07-17,112.18000030517578,110.83342742919922
2024-07-18,112.19000244140625,110.84331512451172
2024-07-19,110.43499755859375,109.10938262939453
2024-07-22,113.05000305175781,111.69297790527344
2024-07-23,112.5999984741211,111.2483901977539
2024-07-24,107.94000244140625,106.64432525634766
2024-07-25,106.78500366210938,105.50318908691406
2024-07-26,108.13999938964844,106.8419189453125
2024-07-29,107.66000366210938,106.3676986694336
2024-07-30,104.95500183105469,103.69515228271484
2024-07-31,109.4000015258789,108.08679962158203
2024-08-01,105.31999969482422,104.05577087402344
2024-08-02,102.36000061035156,101.13130950927734
2024-08-05,98.94999694824219,97.76223754882812
2024-08-06,100.29499816894531,99.09111022949219
2024-08-07,98.66999816894531,97.48558807373047
2024-08-08,102.3550033569336,101.12637329101562
2024-08-09,102.81500244140625,101.58084869384766
2024-08-12,103.65499877929688,102.41075897216797
2024-08-13,106.83999633789062,105.55752563476562
2024-08-14,107.42500305175781,106.13551330566406
2024-08-15,110.51499938964844,109.18841552734375
2024-08-16,110.69999694824219,109.37118530273438
2024-08-19,112.5250015258789,111.17430114746094
2024-08-20,112.12999725341797,110.7840347290039
2024-08-21,112.79000091552734,111.43611145019531
2024-08-22,110.19499969482422,108.87224578857422
2024-08-23,111.9800033569336,110.63583374023438
2024-08-26,110.57499694824219,109.24769592285156
2024-08-27,111.24500274658203,109.90966033935547
2024-08-28,109.70999908447266,108.39307403564453
2024-08-29,108.72000122070312,107.41497039794922
2024-08-30,110.16500091552734,108.84261322021484
2024-09-03,105.1050033569336,103.8433609008789
2024-09-04,104.83499908447266,103.57659149169922
2024-09-05,104.67500305175781,103.41850280761719
2024-09-06,101.95999908447266,100.73611450195312
2024-09-09,103.62999725341797,102.38606262207031
2024-09-10,105.18000030517578,103.9174575805664
2024-09-11,108.7699966430664,107.46436309814453
2024-09-12,109.66999816894531,108.35355377197266
2024-09-13,110.22000122070312,108.89696502685547
2024-09-16,109.80000305175781,108.48200225830078
2024-09-17,109.58499908447266,108.26957702636719
2024-09-18,108.58499908447266,107.28157806396484
2024-09-19,111.80999755859375,110.4678726196289
2024-09-20,111.26499938964844,109.92941284179688
2024-09-23,111.04499816894531,109.90912628173828
2024-09-24,111.80500030517578,110.66134643554688
2024-09-25,112.125,110.97808837890625
2024-09-26,113.61000061035156,112.44788360595703
2024-09-27,112.55000305175781,111.39873504638672
2024-09-30,112.87999725341797,111.725341796875
2024-10-01,110.12999725341797,109.00347900390625
2024-10-02,110.94499969482422,109.81015014648438
2024-10-03,111.40499877929688,110.26544189453125
2024-10-04,112.6449966430664,111.49275207519531
2024-10-07,111.87000274658203,110.7256851196289
2024-10-08,113.95999908447266,112.7943115234375
2024-10-09,115.23500061035156,114.05626678466797
2024-10-10,115.20500183105469,114.02657318115234
2024-10-11,115.40499877929688,114.22452545166016
2024-10-14,116.91000366210938,115.7141342163086
2024-10-15,114.33999633789062,113.17042541503906
2024-10-16,114.69499969482422,113.52178955078125
2024-10-17,115.04499816894531,113.86820983886719
2024-10-18,115.45500183105469,114.27401733398438
2024-10-21,115.99500274658203,114.8084945678711
2024-10-22,115.875,114.6897201538086
2024-10-23,114.21499633789062,113.04669952392578
2024-10-24,114.55000305175781,113.3782730102539
2024-10-25,115.1449966430664,113.9671859741211
2024-10-28,115.11000061035156,113.93254089355469
2024-10-29,116.66000366210938,115.46668243408203
2024-10-30,114.80500030517578,113.63066101074219
2024-10-31,111.12000274658203,109.98336791992188
2024-11-01,111.95500183105469,110.809814453125
2024-11-04,111.87000274658203,110.7256851196289
2024-11-05,113.44499969482422,112.28458404541016
2024-11-06,116.67500305175781,115.4815444946289
2024-11-07,118.70999908447266,117.49571990966797
2024-11-08,118.58000183105469,117.36705017089844
2024-11-11,117.92500305175781,116.71875762939453
2024-11-12,118.07499694824219,116.8672103881836
2024-11-13,117.66500091552734,116.46141052246094
2024-11-14,117.26499938964844,116.06549835205078
2024-11-15,114.3550033569336,113.18526458740234
2024-11-18,114.7249984741211,113.5514907836914
2024-11-19,115.66500091552734,114.48187255859375
2024-11-20,115.56500244140625,114.38288879394531
2024-11-21,116.73999786376953,115.54586791992188
2024-11-22,116.80000305175781,115.60525512695312
2024-11-25,116.79499816894531,115.60030364990234
2024-11-26,117.37999725341797,116.1793212890625
2024-11-27,115.79000091552734,114.60558319091797
2024-11-29,116.86499786376953,115.66959381103516
2024-12-02,117.9749984741211,116.76823425292969
2024-12-03,118.4000015258789,117.18888854980469
2024-12-04,120.56500244140625,119.33174133300781
2024-12-05,119.95500183105469,118.72798919677734
2024-12-06,120.41999816894531,119.188232421875
2024-12-09,119.63500213623047,118.41126251220703
2024-12-10,117.9749984741211,116.76823425292969
2024-12-11,119.68499755859375,118.46073913574219
2024-12-12,119.01499938964844,117.797607421875
2024-12-13,119.5250015258789,118.30238342285156
2024-12-16,120.72000122070312,119.48514556884766
2024-12-17,119.98999786376953,118.76262664794922
2024-12-18,116.12000274658203,114.93221282958984
2024-12-19,116.24500274658203,115.05593872070312
2024-12-20,117.9800033569336,116.77318572998047
2024-12-23,119.03500366210938,118.01043701171875
2024-12-24,120.26499938964844,119.2298583984375
2024-12-26,120.34500122070312,119.30916595458984
2024-12-27,118.74500274658203,117.72294616699219
2024-12-30,117.23500061035156,116.22593688964844
2024-12-31,116.26000213623047,115.25933074951172
2025-01-02,115.98500061035156,114.9866943359375
2025-01-03,117.875,116.86042785644531
2025-01-06,119.375,118.3475112915039
2025-01-07,116.9800033569336,115.97313690185547
2025-01-08,116.94000244140625,115.93347930908203
2025-01-10,114.38999938964844,113.40542602539062
2025-01-13,113.58000183105469,112.60240173339844
2025-01-14,113.87999725341797,112.89981842041016
2025-01-15,116.1449966430664,115.14531707763672
2025-01-16,115.25,114.25801849365234
2025-01-17,117.05500030517578,116.0474853515625
2025-01-21,118.02999877929688,117.01409149169922
2025-01-22,120.69499969482422,119.6561508178711
2025-01-23,120.91000366210938,119.86930847167969
2025-01-24,119.6500015258789,118.6201400756836
2025-01-27,113.78500366210938,112.80563354492188
2025-01-28,116.81999969482422,115.81450653076172
2025-01-29,115.87000274658203,114.87268829345703
2025-01-30,116.08499908447266,115.08583068847656
2025-01-31,115.40499877929688,114.41168212890625
2025-02-03,113.8499984741211,112.87007141113281
2025-02-04,115.48999786376953,114.49596405029297
2025-02-05,117.09500122070312,116.08714294433594
2025-02-06,117.41500091552734,116.40438842773438
2025-02-07,116.41000366210938,115.40804290771484
2025-02-10,118.11000061035156,117.09341430664062
2025-02-11,118.16500091552734,117.1479263305664
2025-02-12,117.91000366210938,116.89512634277344
2025-02-13,119.58000183105469,118.5507583618164
2025-02-14,119.98500061035156,118.95226287841797
2025-02-18,121.08000183105469,120.03784942626953
2025-02-19,121.08999633789062,120.04773712158203
2025-02-20,120.70500183105469,119.66607666015625
2025-02-21,117.43499755859375,116.4242172241211
2025-02-24,115.75499725341797,114.75867462158203
2025-02-25,114.25499725341797,113.27159118652344
2025-02-26,115.5,114.50587463378906
2025-02-27,111.29499816894531,110.3370590209961
2025-02-28,112.76499938964844,111.79440307617188
2025-03-03,109.33499908447266,108.3939208984375
2025-03-04,109.25,108.30966186523438
2025-03-05,110.78500366210938,109.83146667480469
2025-03-06,107.70999908447266,106.78291320800781
2025-03-07,109.2699966430664,108.3294906616211
2025-03-10,104.625,103.72447204589844
2025-03-11,104.19999694824219,103.3031234741211
2025-03-12,105.83999633789062,104.92900848388672
2025-03-13,103.83000183105469,102.93630981445312
2025-03-14,106.97000122070312,106.04928588867188
2025-03-17,107.71499633789062,106.78787994384766
2025-03-18,106.07499694824219,105.16199493408203
2025-03-19,107.45500183105469,106.53012084960938
2025-03-20,106.69000244140625,105.77169799804688
2025-03-21,106.9800033569336,106.05921173095703
2025-03-24,108.81500244140625,108.06782531738281
2025-03-25,109.17500305175781,108.42533874511719
2025-03-26,106.73999786376953,106.00706481933594
2025-03-27,105.75499725341797,105.02882385253906
2025-03-28,103.19000244140625,102.4814453125
2025-03-31,103.23999786376953,102.53108978271484
2025-04-01,103.99500274658203,103.28091430664062
2025-04-02,104.76499938964844,104.04562377929688
2025-04-03,97.61499786376953,96.9447250366211
2025-04-04,91.18499755859375,90.55886840820312
2025-04-07,91.7300033569336,91.10012817382812
2025-04-08,89.86499786376953,89.24794006347656
2025-04-09,101.93000030517578,101.2301025390625
2025-04-10,97.18499755859375,96.51766967773438
2025-04-11,99.17500305175781,98.49401092529297
2025-04-14,100.08000183105469,99.3927993774414
2025-04-15,100.44499969482422,99.75529479980469
2025-04-16,96.95500183105469,96.28926086425781
2025-04-17,96.43000030517578,95.7678451538086
2025-04-21,93.94000244140625,93.29496002197266
2025-04-22,96.2300033569336,95.56924438476562
2025-04-23,99.0199966430664,98.3400650024414
2025-04-24,102.71499633789062,102.00970458984375
2025-04-25,104.23500061035156,103.5192642211914
2025-04-28,104.06500244140625,103.3504409790039
2025-04-29,104.55000305175781,103.83210754394531
2025-04-30,104.98500061035156,104.26412200927734
2025-05-01,106.5250015258789,105.79354858398438
2025-05-02,108.30500030517578,107.56130981445312
2025-05-05,107.7300033569336,106.99027252197266
2025-05-06,106.83499908447266,106.10140991210938
2025-05-07,107.90499877929688,107.1640625
2025-05-08,108.93499755859375,108.18698120117188
2025-05-09,108.80000305175781,108.05291748046875
2025-05-12,113.8499984741211,113.06825256347656
2025-05-13,116.30999755859375,115.5113525390625
2025-05-14,117.06500244140625,116.26116180419922
2025-05-15,117.2249984741211,116.4200668334961
2025-05-16,117.44499969482422,116.63855743408203
2025-05-19,117.2750015258789,116.4697265625
2025-05-20,116.83499908447266,116.03274536132812
2025-05-21,114.63999938964844,113.85281372070312
2025-05-22,114.66999816894531,113.88261413574219
2025-05-23,113.40499877929688,112.62629699707031
2025-05-27,116.0999984741211,115.30279541015625
2025-05-28,115.62000274658203,114.82610321044922
2025-05-29,115.81500244140625,115.0197525024414
2025-05-30,115.45500183105469,114.66221618652344
2025-06-02,116.4749984741211,115.67521667480469
2025-06-03,118.2249984741211,117.41319274902344
2025-06-04,118.4000015258789,117.58700561523438
2025-06-05,118.06500244140625,117.25430297851562
2025-06-06,119.18000030517578,118.36165618896484
2025-06-09,119.76499938964844,118.94261932373047
2025-06-10,120.43499755859375,119.60802459716797
2025-06-11,120.16999816894531,119.34484100341797
2025-06-12,121.28500366210938,120.45219421386719
2025-06-13,119.58499908447266,118.76387023925781
2025-06-16,121.5199966430664,120.68557739257812
2025-06-17,120.66000366210938,119.83148956298828
2025-06-18,120.80500030517578,119.97547912597656
2025-06-20,120.2699966430664,119.44415283203125
2025-06-23,121.44000244140625,120.80602264404297
2025-06-24,123.62000274658203,122.97463989257812
2025-06-25,124.67500305175781,124.02412414550781
2025-06-26,125.53500366210938,124.87964630126953
2025-06-27,125.38500213623047,124.73041534423828
2025-06-30,126.61499786376953,125.95399475097656
2025-07-01,125.48500061035156,124.82990264892578
2025-07-02,126.80999755859375,126.14797973632812
2025-07-03,128.47999572753906,127.80926513671875
2025-07-07,127.45999908447266,126.79458618164062
2025-07-08,128.14500427246094,127.47602081298828
2025-07-09,128.9149932861328,128.24197387695312
2025-07-10,128.49000549316406,127.8192138671875
2025-07-11,127.92500305175781,127.25716400146484
2025-07-14,127.81999969482422,127.1527099609375
2025-07-15,128.9550018310547,128.2817840576172
2025-07-16,129.35499572753906,128.67970275878906
2025-07-17,130.52999877929688,129.84854125976562
2025-07-18,130.44500732421875,129.76400756835938
2025-07-21,130.61500549316406,129.93310546875
2025-07-22,129.40499877929688,128.7294464111328
2025-07-23,130.14500427246094,129.46559143066406
2025-07-24,130.69500732421875,130.0126953125
2025-07-25,130.9949951171875,130.31112670898438
2025-07-28,132.0399932861328,131.3506622314453
2025-07-29,132.0449981689453,131.35565185546875
2025-07-30,132.33999633789062,131.6490936279297
2025-07-31,131.3699951171875,130.68417358398438
2025-08-01,128.53500366210938,127.86398315429688
2025-08-04,131.14500427246094,130.46034240722656
2025-08-05,130.05999755859375,129.3810272216797
2025-08-06,131.52499389648438,130.83836364746094
2025-08-07,131.64500427246094,130.95773315429688
2025-08-08,132.9600067138672,132.26588439941406
2025-08-11,132.05999755859375,131.3705596923828
2025-08-12,134.10499572753906,133.40487670898438
2025-08-13,134.15499877929688,133.4546356201172
2025-08-14,133.86500549316406,133.16616821289062
2025-08-15,132.85000610351562,132.1564483642578
2025-08-18,133.13499450683594,132.43995666503906
2025-08-19,130.80999755859375,130.12710571289062
2025-08-20,129.9250030517578,129.2467041015625
2025-08-21,129.4550018310547,128.77919006347656
2025-08-22,131.2100067138672,130.52500915527344
2025-08-25,130.9149932861328,130.23153686523438
2025-08-26,131.51499938964844,130.82839965820312
2025-08-27,132.22500610351562,131.53472900390625
2025-08-28,133.27000427246094,132.57427978515625
2025-08-29,131.22500610351562,130.53994750976562
2025-09-02,129.89999389648438,129.2218475341797
2025-09-03,130.6750030517578,129.99281311035156
2025-09-04,131.32000732421875,130.6344451904297
2025-09-05,131.42999267578125,130.74383544921875
2025-09-08,132.4149932861328,131.7237091064453
2025-09-09,132.6699981689453,131.97738647460938
2025-09-10,135.0749969482422,134.3698272705078
2025-09-11,135.52999877929688,134.82244873046875
2025-09-12,135.44000244140625,134.73292541503906
2025-09-15,136.66000366210938,135.94656372070312
2025-09-16,136.18499755859375,135.47402954101562
2025-09-17,135.71499633789062,135.00648498535156
2025-09-18,138.05999755859375,137.33924865722656
2025-09-19,139.4600067138672,138.73193359375
2025-09-22,141.3300018310547,140.7728729248047
2025-09-23,140.11000061035156,139.5576629638672
2025-09-24,139.2449951171875,138.69607543945312
2025-09-25,139.0,138.45204162597656
2025-09-26,139.4199981689453,138.87039184570312
2025-09-29,140.1649932861328,139.61245727539062
2025-09-30,140.92999267578125,140.37442016601562
2025-10-01,142.30999755859375,141.74900817871094
2025-10-02,143.0800018310547,142.51596069335938
2025-10-03,142.36000061035156,141.79881286621094
2025-10-06,143.8000030517578,143.23312377929688
2025-10-07,142.83999633789062,142.2769012451172
2025-10-08,145.34500122070312,144.7720489501953
2025-10-09,145.10000610351562,144.5279998779297
2025-10-10,139.19500732421875,138.6462860107422
2025-10-13,142.5850067138672,142.02291870117188
2025-10-14,140.7550048828125,140.20013427734375
2025-10-15,142.14999389648438,141.58961486816406
2025-10-16,142.2550048828125,141.69422912597656
2025-10-17,142.5050048828125,141.94322204589844
2025-10-20,144.09500122070312,143.52696228027344
2025-10-21,144.1699981689453,143.60165405273438
2025-10-22,142.7449951171875,142.18228149414062
2025-10-23,144.5449981689453,143.97518920898438
2025-10-24,146.7899932861328,146.21133422851562
2025-10-27,149.5,148.91065979003906
2025-10-28,150.97999572753906,150.3848114013672
2025-10-29,152.06500244140625,151.46554565429688
2025-10-30,150.19500732421875,149.60292053222656
2025-10-31,150.33999633789062,149.74732971191406
2025-11-03,150.9550018310547,150.35992431640625
2025-11-04,146.97000122070312,146.390625
2025-11-05,147.5449981689453,146.96336364746094
2025-11-06,144.5800018310547,144.0100555419922
2025-11-07,144.0800018310547,143.5120086669922
2025-11-10,147.76499938964844,147.1824951171875
2025-11-11,146.5050048828125,145.92745971679688
2025-11-12,146.9600067138672,146.38067626953125
2025-11-13,143.2949981689453,142.73011779785156
2025-11-14,144.0749969482422,143.50704956054688
2025-11-17,141.82000732421875,141.2609405517578
2025-11-18,139.51499938964844,138.9650115966797
2025-11-19,140.48500061035156,139.9311981201172
2025-11-20,136.0749969482422,135.53857421875
2025-11-21,136.60000610351562,136.06150817871094
2025-11-24,139.85499572753906,139.30368041992188
2025-11-25,140.22999572753906,139.67718505859375
2025-11-26,141.88999938964844,141.3306427001953
2025-11-28,143.11000061035156,142.54583740234375
2025-12-01,143.1750030517578,142.610595703125
2025-12-02,144.64999389648438,144.07977294921875
2025-12-03,144.9949951171875,144.4234161376953
2025-12-04,145.53500366210938,144.96128845214844
2025-12-05,146.60000610351562,146.0220947265625
2025-12-08,147.6300048828125,147.04803466796875
2025-12-09,148.02000427246094,147.43649291992188
2025-12-10,148.72999572753906,148.14369201660156
2025-12-11,147.97000122070312,147.38668823242188
2025-12-12,143.69000244140625,143.12356567382812
2025-12-15,142.3000030517578,141.73904418945312
2025-12-16,142.55999755859375,141.99801635742188
2025-12-17,139.38999938964844,138.8405303955078
2025-12-18,141.5399932861328,140.98204040527344
2025-12-19,144.60000610351562,144.0299835205078
2025-12-22,145.16000366210938,144.8070831298828
2025-12-23,145.9499969482422,145.5951385498047
2025-12-24,146.3000030517578,145.94430541992188
2025-12-26,146.52999877929688,146.17373657226562
2025-12-29,145.8699951171875,145.51535034179688
2025-12-30,145.41000366210938,145.0564727783203
2025-12-31,143.97000122070312,143.61996459960938
2026-01-02,144.3000030517578,143.94915771484375
2026-01-05,144.6199951171875,144.26837158203125
2026-01-06,146.64999389648438,146.29344177246094
2026-01-07,146.52999877929688,146.17373657226562
2026-01-08,144.24000549316406,143.88931274414062
2026-01-09,146.14999389648438,145.79466247558594
2026-01-12,146.7899932861328,146.43310546875
2026-01-13,146.47999572753906,146.1238555908203
2026-01-14,144.6999969482422,144.3481903076172
2026-01-15,145.4600067138672,145.10635375976562
2026-01-16,145.6199951171875,145.2659454345703
2026-01-20,141.83999633789062,141.49513244628906
2026-01-21,143.80999755859375,143.46035766601562
2026-01-22,144.8800048828125,144.5277557373047
2026-01-23,145.08999633789062,144.73724365234375
2026-01-26,146.0800018310547,145.72483825683594
2026-01-27,148.0500030517578,147.6900634765625
2026-01-28,149.22999572753906,148.86717224121094
2026-01-29,146.8699951171875,146.51292419433594
2026-01-30,143.8800048828125,143.5301971435547
2026-02-02,145.25999450683594,144.9068145751953
2026-02-03,142.0800018310547,141.7345733642578
2026-02-04,138.1199951171875,137.78419494628906
2026-02-05,135.6300048828125,135.3002471923828
2026-02-06,141.1300048828125,140.78688049316406
2026-02-09,143.35000610351562,143.00148010253906
2026-02-10,142.5500030517578,142.20343017578125
2026-02-11,142.97000122070312,142.62240600585938
2026-02-12,139.2100067138672,138.87155151367188
2026-02-13,139.55999755859375,139.22068786621094
2026-02-17,139.47999572753906,139.140869140625
2026-02-18,140.91000366210938,140.56741333007812
2026-02-19,140.2100067138672,139.86911010742188
2026-02-20,140.8800048828125,140.5374755859375
2026-02-23,138.52000427246094,138.18321228027344
2026-02-24,140.32000732421875,139.97885131835938
2026-02-25,143.00999450683594,142.66229248046875
2026-02-26,141.00999450683594,140.6671600341797
2026-02-27,138.75999450683594,138.42263793945312
2026-03-02,139.5399932861328,139.2007293701172
2026-03-03,137.5,137.1656951904297
2026-03-04,139.83999633789062,139.5
2026-03-05,140.17999267578125,139.83917236328125
2026-03-06,137.2899932861328,136.95619201660156
2026-03-09,139.75999450683594,139.42019653320312
2026-03-10,139.75999450683594,139.42019653320312
2026-03-11,140.42999267578125,140.08856201171875
2026-03-12,137.83999633789062,137.50486755371094
2026-03-13,136.8000030517578,136.4674072265625
2026-03-16,138.77999877929688,138.4425811767578
2026-03-17,139.5399932861328,139.2007293701172
2026-03-18,137.9600067138672,137.6245880126953
2026-03-19,138.42999267578125,138.0934295654297
2026-03-20,135.2899932861328,134.96107482910156
2026-03-23,136.9499969482422,136.78689575195312
2026-03-24,136.14999389648438,135.9878387451172
2026-03-25,136.75999450683594,136.5971221923828
2026-03-26,132.5,132.34219360351562
2026-03-27,129.9199981689453,129.76527404785156
2026-03-30,127.5,127.34815216064453
2026-03-31,132.89999389648438,132.74171447753906
2026-04-01,134.91000366210938,134.74932861328125
2026-04-02,135.99000549316406,135.8280487060547
2026-04-06,136.77999877929688,136.61709594726562
2026-04-07,137.42999267578125,137.2663116455078
2026-04-08,141.69000244140625,141.52125549316406
2026-04-09,142.07000732421875,141.9008026123047
2026-04-10,142.6199951171875,142.45013427734375
2026-04-13,145.61000061035156,145.43658447265625
2026-04-14,147.94000244140625,147.76380920410156
2026-04-15,150.3000030517578,150.12100219726562
2026-04-16,152.02000427246094,151.83895874023438
2026-04-17,154.35000610351562,154.1661834716797
2026-04-20,154.55999755859375,154.37591552734375
2026-04-21,154.69000244140625,154.50576782226562
2026-04-22,158.08999633789062,157.90171813964844
2026-04-23,155.83999633789062,155.65440368652344
2026-04-24,160.22000122070312,160.02919006347656
2026-04-27,160.57000732421875,160.37876892089844
2026-04-28,157.85000610351562,157.66201782226562
2026-04-29,159.11000061035156,158.92050170898438
2026-04-30,159.5,159.31004333496094
2026-05-01,161.8699951171875,161.67721557617188
2026-05-04,162.0500030517578,161.8570098876953
2026-05-05,165.6300048828125,165.4327392578125
2026-05-06,170.02999877929688,169.82749938964844
2026-05-07,169.69000244140625,169.4879150390625
2026-05-08,175.52000427246094,175.31097412109375
2026-05-11,177.8800048828125,177.66815185546875
2026-05-12,175.1999969482422,174.99134826660156
2026-05-13,176.85000610351562,176.63938903808594
2026-05-14,179.5,179.28622436523438
2026-05-15,176.25999450683594,176.05007934570312
2026-05-18,174.36000061035156,174.15234375
2026-05-19,173.24000549316406,173.03367614746094
2026-05-20,177.13999938964844,176.9290313720703
2026-05-21,178.60000610351562,178.38729858398438
2026-05-22,180.38999938964844,180.17515563964844
2026-05-26,185.13999938964844,184.9195098876953
2026-05-27,184.42999267578125,184.21034240722656
2026-05-28,186.85000610351562,186.62747192382812
2026-05-29,191.02000427246094,190.79251098632812
2026-06-01,195.75999450683594,195.52685546875
2026-06-02,198.2100067138672,197.9739532470703
2026-06-03,196.22999572753906,195.9962921142578
2026-06-04,193.1699981689453,192.93994140625
2026-06-05,180.3000030517578,180.08526611328125
2026-06-08,184.17999267578125,183.9606475830078
2026-06-09,180.77000427246094,180.55471801757812
2026-06-10,176.6300048828125,176.41964721679688
2026-06-11,183.2100067138672,182.99180603027344
2026-06-12,184.8000030517578,184.5799102783203
2026-06-15,191.7899932861328,191.56158447265625
2026-06-16,186.44000244140625,186.21795654296875
2026-06-17,185.8000030517578,185.57872009277344
2026-06-18,191.44000244140625,191.21200561523438
2026-06-22,192.14999389648438,192.14999389648438
2026-06-23,184.19000244140625,184.19000244140625
2026-06-24,183.0500030517578,183.0500030517578
2026-06-25,184.57000732421875,184.57000732421875
2026-06-26,181.11000061035156,181.11000061035156
2026-06-29,185.41000366210938,185.41000366210938
2026-06-30,190.52000427246094,190.52000427246094
2026-07-01,185.6199951171875,185.6199951171875
2026-07-02,180.58999633789062,180.58999633789062
2026-07-06,183.57000732421875,183.57000732421875
2026-07-07,179.17999267578125,179.17999267578125
2026-07-08,181.39999389648438,181.39999389648438
2026-07-09,185.35000610351562,185.35000610351562
2026-07-10,185.77999877929688,185.77999877929688
2026-07-13,181.27999877929688,181.27999877929688
2026-07-14,183.6199951171875,183.6199951171875
2026-07-15,181.5800018310547,181.5800018310547
2026-07-16,177.52000427246094,177.52000427246094
2026-07-17,175.58999633789062,175.58999633789062
2026-07-20,175.7100067138672,175.7100067138672
2026-07-21,180.77999877929688,180.77999877929688
2026-07-22,180.27000427246094,180.27000427246094
2026-07-23,178.4499969482422,178.4499969482422
2026-07-24,175.8800048828125,175.8800048828125
2026-07-27,174.3000030517578,174.3000030517578
2026-07-28,171.08999633789062,171.08999633789062
2026-07-29,166.57000732421875,166.57000732421875
2026-07-30,175.72999572753906,175.72999572753906
2026-07-31,175.35000610351562,175.35000610351562
2026-08-03,178.0399932861328,178.0399932861328
2026-08-04,186.89999389648438,186.89999389648438
2026-08-05,185.91000366210938,185.91000366210938
2026-08-06,185.3300018310547,185.3300018310547
2026-08-07,187.97000122070312,187.97000122070312
2026-08-10,186.32000732421875,186.32000732421875
2026-08-11,186.08999633789062,186.08999633789062
2026-08-12,188.86000061035156,188.86000061035156
2026-08-13,190.77000427246094,190.77000427246094
2026-08-14,190.00999450683594,190.00999450683594
2026-08-17,190.32000732421875,190.32000732421875
2026-08-18,185.6199951171875,185.6199951171875
2026-08-19,183.63999938964844,183.63999938964844
2026-08-20,183.10000610351562,183.10000610351562
2026-08-21,183.30999755859375,183.30999755859375
2026-08-24,180.0500030517578,180.0500030517578
2026-08-25,181.74000549316406,181.74000549316406
2026-08-26,182.83999633789062,182.83999633789062
2026-08-27,188.61000061035156,188.61000061035156
2026-08-28,185.69000244140625,185.69000244140625
2026-08-31,186.5,186.5
