date,close,adjusted_close
2011-01-03,29.350000381469727,19.372894287109375
2011-01-04,29.270000457763672,19.320085525512695
2011-01-05,29.280000686645508,19.326684951782227
2011-01-06,29.18000030517578,19.260677337646484
2011-01-07,29.030000686645508,19.16167449951172
2011-01-10,29.049999237060547,19.174869537353516
2011-01-11,29.030000686645508,19.16167449951172
2011-01-12,29.270000457763672,19.320085525512695
2011-01-13,29.329999923706055,19.35968780517578
2011-01-14,29.329999923706055,19.35968780517578
2011-01-18,29.350000381469727,19.372894287109375
2011-01-19,29.290000915527344,19.33328628540039
2011-01-20,29.440000534057617,19.432292938232422
2011-01-21,29.489999771118164,19.465299606323242
2011-01-24,29.540000915527344,19.49830436706543
2011-01-25,29.639999389648438,19.564302444458008
2011-01-26,29.559999465942383,19.511499404907227
2011-01-27,29.260000228881836,19.313480377197266
2011-01-28,28.979999542236328,19.1286678314209
2011-01-31,28.8799991607666,19.06266212463379
2011-02-01,29.09000015258789,19.201271057128906
2011-02-02,28.979999542236328,19.1286678314209
2011-02-03,29.1299991607666,19.227678298950195
2011-02-04,29.299999237060547,19.339885711669922
2011-02-07,29.34000015258789,19.366289138793945
2011-02-08,29.479999542236328,19.45869255065918
2011-02-09,29.530000686645508,19.491697311401367
2011-02-10,29.420000076293945,19.419097900390625
2011-02-11,29.579999923706055,19.524707794189453
2011-02-14,29.450000762939453,19.438894271850586
2011-02-15,29.440000534057617,19.432292938232422
2011-02-16,29.520000457763672,19.485097885131836
2011-02-17,29.719999313354492,19.617122650146484
2011-02-18,29.799999237060547,19.66991424560547
2011-02-22,29.59000015258789,19.53130531311035
2011-02-23,29.520000457763672,19.485097885131836
2011-02-24,29.399999618530273,19.405899047851562
2011-02-25,29.549999237060547,19.50490379333496
2011-02-28,29.719999313354492,19.617122650146484
2011-03-01,29.489999771118164,19.465299606323242
2011-03-02,29.40999984741211,19.412490844726562
2011-03-03,29.709999084472656,19.610511779785156
2011-03-04,29.579999923706055,19.524707794189453
2011-03-07,29.5,19.47190284729004
2011-03-08,29.760000228881836,19.643512725830078
2011-03-09,29.90999984741211,19.742525100708008
2011-03-10,29.709999084472656,19.610511779785156
2011-03-11,29.729999542236328,19.62371826171875
2011-03-14,29.520000457763672,19.485097885131836
2011-03-15,29.260000228881836,19.313480377197266
2011-03-16,28.84000015258789,19.0362548828125
2011-03-17,28.979999542236328,19.1286678314209
2011-03-18,29.049999237060547,19.28399658203125
2011-03-21,29.40999984741211,19.52297592163086
2011-03-22,29.3700008392334,19.496423721313477
2011-03-23,29.420000076293945,19.529611587524414
2011-03-24,29.690000534057617,19.70884895324707
2011-03-25,29.690000534057617,19.70884895324707
2011-03-28,29.68000030517578,19.70220947265625
2011-03-29,29.81999969482422,19.795135498046875
2011-03-30,29.979999542236328,19.90135383605957
2011-03-31,29.920000076293945,19.861520767211914
2011-04-01,30.06999969482422,19.96109962463379
2011-04-04,30.1299991607666,20.000926971435547
2011-04-05,30.15999984741211,20.020845413208008
2011-04-06,30.299999237060547,20.113773345947266
2011-04-07,30.34000015258789,20.140329360961914
2011-04-08,30.25,20.08057975769043
2011-04-11,30.40999984741211,20.186792373657227
2011-04-12,30.510000228881836,20.253175735473633
2011-04-13,30.530000686645508,20.266460418701172
2011-04-14,30.709999084472656,20.385940551757812
2011-04-15,30.84000015258789,20.472240447998047
2011-04-18,30.670000076293945,20.359397888183594
2011-04-19,30.729999542236328,20.399215698242188
2011-04-20,30.889999389648438,20.505441665649414
2011-04-21,30.899999618530273,20.512073516845703
2011-04-25,30.81999969482422,20.458967208862305
2011-04-26,31.030000686645508,20.59836769104004
2011-04-27,31.229999542236328,20.73112678527832
2011-04-28,31.43000030517578,20.863887786865234
2011-04-29,31.520000457763672,20.92364501953125
2011-05-02,31.559999465942383,20.950193405151367
2011-05-03,31.639999389648438,21.0033016204834
2011-05-04,31.600000381469727,20.976749420166016
2011-05-05,31.360000610351562,20.817428588867188
2011-05-06,31.440000534057617,20.87053680419922
2011-05-09,31.549999237060547,20.943546295166016
2011-05-10,31.739999771118164,21.069671630859375
2011-05-11,31.68000030517578,21.029855728149414
2011-05-12,32.150001525878906,21.341842651367188
2011-05-13,32.11000061035156,21.315296173095703
2011-05-16,32.119998931884766,21.321929931640625
2011-05-17,32.189998626708984,21.3684024810791
2011-05-18,32.2400016784668,21.401580810546875
2011-05-19,32.41999816894531,21.521080017089844
2011-05-20,32.31999969482422,21.45469856262207
2011-05-23,32.099998474121094,21.308656692504883
2011-05-24,32.06999969482422,21.288742065429688
2011-05-25,31.860000610351562,21.149328231811523
2011-05-26,31.90999984741211,21.18252944946289
2011-05-27,32.040000915527344,21.268829345703125
2011-05-31,32.310001373291016,21.448060989379883
2011-06-01,31.979999542236328,21.228994369506836
2011-06-02,31.610000610351562,20.983381271362305
2011-06-03,31.309999465942383,20.78423500061035
2011-06-06,31.149999618530273,20.67802619934082
2011-06-07,31.079999923706055,20.63155174255371
2011-06-08,31.100000381469727,20.64483070373535
2011-06-09,31.270000457763672,20.75768280029297
2011-06-10,30.90999984741211,20.518709182739258
2011-06-13,31.049999237060547,20.61164093017578
2011-06-14,31.3799991607666,20.830703735351562
2011-06-15,30.90999984741211,20.518709182739258
2011-06-16,31.15999984741211,20.68466567993164
2011-06-17,31.139999389648438,20.81635093688965
2011-06-20,31.3700008392334,20.97010040283203
2011-06-21,31.34000015258789,20.950042724609375
2011-06-22,31.139999389648438,20.81635093688965
2011-06-23,30.860000610351562,20.629180908203125
2011-06-24,30.610000610351562,20.462059020996094
2011-06-27,30.75,20.55564308166504
2011-06-28,30.809999465942383,20.59575653076172
2011-06-29,30.989999771118164,20.716081619262695
2011-06-30,31.229999542236328,20.876514434814453
2011-07-01,31.469999313354492,21.036951065063477
2011-07-05,31.459999084472656,21.030261993408203
2011-07-06,31.6299991607666,21.14389991760254
2011-07-07,31.850000381469727,21.290966033935547
2011-07-08,31.739999771118164,21.217439651489258
2011-07-11,31.510000228881836,21.063688278198242
2011-07-12,31.40999984741211,20.996841430664062
2011-07-13,31.40999984741211,20.996841430664062
2011-07-14,31.270000457763672,20.90324592590332
2011-07-15,31.360000610351562,20.963411331176758
2011-07-18,31.15999984741211,20.829721450805664
2011-07-19,31.59000015258789,21.11716651916504
2011-07-20,31.540000915527344,21.08374786376953
2011-07-21,31.799999237060547,21.257543563842773
2011-07-22,31.739999771118164,21.217439651489258
2011-07-25,31.450000762939453,21.023582458496094
2011-07-26,31.3700008392334,20.97010040283203
2011-07-27,31.030000686645508,20.742820739746094
2011-07-28,31.030000686645508,20.742820739746094
2011-07-29,30.829999923706055,20.60912322998047
2011-08-01,30.719999313354492,20.535594940185547
2011-08-02,30.31999969482422,20.2681941986084
2011-08-03,30.440000534057617,20.348421096801758
2011-08-04,29.489999771118164,19.713363647460938
2011-08-05,29.90999984741211,19.994129180908203
2011-08-08,28.780000686645508,19.238752365112305
2011-08-09,29.479999542236328,19.706684112548828
2011-08-10,28.350000381469727,18.951309204101562
2011-08-11,29.190000534057617,19.5128231048584
2011-08-12,29.540000915527344,19.746789932250977
2011-08-15,29.959999084472656,20.027555465698242
2011-08-16,30.030000686645508,20.074350357055664
2011-08-17,30.229999542236328,20.20804214477539
2011-08-18,29.690000534057617,19.847063064575195
2011-08-19,29.549999237060547,19.753477096557617
2011-08-22,29.639999389648438,19.813636779785156
2011-08-23,30.25,20.221403121948242
2011-08-24,30.3799991607666,20.30830955505371
2011-08-25,29.920000076293945,20.000810623168945
2011-08-26,30.170000076293945,20.167930603027344
2011-08-29,30.709999084472656,20.528907775878906
2011-08-30,30.790000915527344,20.582386016845703
2011-08-31,30.889999389648438,20.649234771728516
2011-09-01,30.780000686645508,20.575700759887695
2011-09-02,30.34000015258789,20.281566619873047
2011-09-06,30.219999313354492,20.201358795166016
2011-09-07,30.760000228881836,20.56233024597168
2011-09-08,30.68000030517578,20.508852005004883
2011-09-09,30.0,20.054285049438477
2011-09-12,30.030000686645508,20.074350357055664
2011-09-13,30.139999389648438,20.147878646850586
2011-09-14,30.5,20.38852882385254
2011-09-15,30.860000610351562,20.629180908203125
2011-09-16,30.84000015258789,20.763158798217773
2011-09-19,30.579999923706055,20.588109970092773
2011-09-20,30.639999389648438,20.628501892089844
2011-09-21,30.010000228881836,20.204355239868164
2011-09-22,29.440000534057617,19.82059669494629
2011-09-23,29.5,19.860998153686523
2011-09-26,30.06999969482422,20.2447509765625
2011-09-27,30.25,20.36593246459961
2011-09-28,29.68000030517578,19.982181549072266
2011-09-29,29.969999313354492,20.17742919921875
2011-09-30,29.65999984741211,19.968713760375977
2011-10-03,29.229999542236328,19.67922019958496
2011-10-04,29.510000228881836,19.86772918701172
2011-10-05,29.549999237060547,19.894664764404297
2011-10-06,29.899999618530273,20.130294799804688
2011-10-07,30.06999969482422,20.2447509765625
2011-10-10,30.540000915527344,20.561185836791992
2011-10-11,30.479999542236328,20.520782470703125
2011-10-12,30.719999313354492,20.68236541748047
2011-10-13,30.6299991607666,20.62177085876465
2011-10-14,30.8700008392334,20.783353805541992
2011-10-17,30.65999984741211,20.641965866088867
2011-10-18,30.889999389648438,20.796815872192383
2011-10-19,30.799999237060547,20.73622703552246
2011-10-20,30.969999313354492,20.850688934326172
2011-10-21,31.469999313354492,21.18731117248535
2011-10-24,31.25,21.0391902923584
2011-10-25,30.8799991607666,20.790090560913086
2011-10-26,31.190000534057617,20.998796463012695
2011-10-27,31.59000015258789,21.268095016479492
2011-10-28,31.510000228881836,21.21424102783203
2011-10-31,31.040000915527344,20.897808074951172
2011-11-01,30.5,20.534255981445312
2011-11-02,30.790000915527344,20.72949981689453
2011-11-03,31.170000076293945,20.985332489013672
2011-11-04,30.989999771118164,20.8641414642334
2011-11-07,31.25,21.0391902923584
2011-11-08,31.559999465942383,21.247900009155273
2011-11-09,30.81999969482422,20.74968719482422
2011-11-10,31.1200008392334,20.9516658782959
2011-11-11,31.479999542236328,21.19403839111328
2011-11-14,31.209999084472656,21.01226043701172
2011-11-15,31.360000610351562,21.113256454467773
2011-11-16,31.079999923706055,20.924734115600586
2011-11-17,30.969999313354492,20.850688934326172
2011-11-18,31.059999465942383,20.911273956298828
2011-11-21,30.559999465942383,20.574644088745117
2011-11-22,30.59000015258789,20.5948429107666
2011-11-23,30.260000228881836,20.37267303466797
2011-11-25,30.3700008392334,20.44672393798828
2011-11-28,30.850000381469727,20.769893646240234
2011-11-29,31.170000076293945,20.985332489013672
2011-11-30,31.899999618530273,21.476806640625
2011-12-01,31.850000381469727,21.443143844604492
2011-12-02,31.739999771118164,21.369091033935547
2011-12-05,31.93000030517578,21.497011184692383
2011-12-06,31.969999313354492,21.52393341064453
2011-12-07,32.04999923706055,21.577796936035156
2011-12-08,31.68000030517578,21.32868766784668
2011-12-09,32.0099983215332,21.55086326599121
2011-12-12,31.719999313354492,21.35561752319336
2011-12-13,31.649999618530273,21.308488845825195
2011-12-14,31.489999771118164,21.200773239135742
2011-12-15,31.809999465942383,21.41621208190918
2011-12-16,31.489999771118164,21.392438888549805
2011-12-19,31.360000610351562,21.304121017456055
2011-12-20,32.0099983215332,21.74569320678711
2011-12-21,32.349998474121094,21.976669311523438
2011-12-22,32.34000015258789,21.969879150390625
2011-12-23,32.56999969482422,22.126121520996094
2011-12-27,32.630001068115234,22.166881561279297
2011-12-28,32.470001220703125,22.05818748474121
2011-12-29,32.63999938964844,22.173681259155273
2011-12-30,32.4900016784668,22.07178497314453
2012-01-03,32.459999084472656,22.05139923095703
2012-01-04,32.38999938964844,22.003847122192383
2012-01-05,32.369998931884766,21.990249633789062
2012-01-06,32.15999984741211,21.847593307495117
2012-01-09,32.209999084472656,21.881563186645508
2012-01-10,32.31999969482422,21.956289291381836
2012-01-11,32.18000030517578,21.861183166503906
2012-01-12,32.16999816894531,21.854389190673828
2012-01-13,32.13999938964844,21.834012985229492
2012-01-17,32.2599983215332,21.915529251098633
2012-01-18,32.33000183105469,21.963088989257812
2012-01-19,32.38999938964844,22.003847122192383
2012-01-20,32.400001525878906,22.010644912719727
2012-01-23,32.369998931884766,21.990249633789062
2012-01-24,32.189998626708984,21.86796760559082
2012-01-25,32.560001373291016,22.11933135986328
2012-01-26,32.439998626708984,22.037813186645508
2012-01-27,32.220001220703125,21.888357162475586
2012-01-30,32.0099983215332,21.74569320678711
2012-01-31,32.029998779296875,21.75928497314453
2012-02-01,32.2599983215332,21.915529251098633
2012-02-02,32.380001068115234,21.997047424316406
2012-02-03,32.47999954223633,22.064983367919922
2012-02-06,32.459999084472656,22.05139923095703
2012-02-07,32.4900016784668,22.07178497314453
2012-02-08,32.5,22.078569412231445
2012-02-09,32.68000030517578,22.20085906982422
2012-02-10,32.61000061035156,22.153303146362305
2012-02-13,32.75,22.248409271240234
2012-02-14,32.83000183105469,22.302751541137695
2012-02-15,32.81999969482422,22.295955657958984
2012-02-16,33.029998779296875,22.438623428344727
2012-02-17,33.060001373291016,22.459009170532227
2012-02-21,32.869998931884766,22.329933166503906
2012-02-22,32.779998779296875,22.268779754638672
2012-02-23,32.95000076293945,22.38427734375
2012-02-24,33.060001373291016,22.459009170532227
2012-02-27,33.060001373291016,22.459009170532227
2012-02-28,33.16999816894531,22.53372573852539
2012-02-29,33.22999954223633,22.574487686157227
2012-03-01,33.18000030517578,22.54051971435547
2012-03-02,33.209999084472656,22.5609073638916
2012-03-05,33.36000061035156,22.662803649902344
2012-03-06,33.08000183105469,22.47259521484375
2012-03-07,33.130001068115234,22.506553649902344
2012-03-08,33.36000061035156,22.662803649902344
2012-03-09,33.470001220703125,22.737524032592773
2012-03-12,33.59000015258789,22.819047927856445
2012-03-13,33.84000015258789,22.988882064819336
2012-03-14,33.7400016784668,22.92095375061035
2012-03-15,33.79999923706055,22.961715698242188
2012-03-16,33.599998474121094,22.946687698364258
2012-03-19,33.619998931884766,22.960344314575195
2012-03-20,33.599998474121094,22.946687698364258
2012-03-21,33.650001525878906,22.980838775634766
2012-03-22,33.68000030517578,23.001323699951172
2012-03-23,33.7599983215332,23.05596351623535
2012-03-26,33.9900016784668,23.213035583496094
2012-03-27,33.970001220703125,23.199373245239258
2012-03-28,33.88999938964844,23.14474105834961
2012-03-29,33.880001068115234,23.13791275024414
2012-03-30,34.08000183105469,23.274499893188477
2012-04-02,34.349998474121094,23.458890914916992
2012-04-03,34.15999984741211,23.329137802124023
2012-04-04,34.04999923706055,23.25400733947754
2012-04-05,34.04999923706055,23.25400733947754
2012-04-09,33.7400016784668,23.04229736328125
2012-04-10,33.439998626708984,22.83740997314453
2012-04-11,33.61000061035156,22.95351791381836
2012-04-12,33.630001068115234,22.96717071533203
2012-04-13,33.630001068115234,22.96717071533203
2012-04-16,33.77000045776367,23.062788009643555
2012-04-17,34.11000061035156,23.294986724853516
2012-04-18,34.11000061035156,23.294986724853516
2012-04-19,34.0,23.219858169555664
2012-04-20,34.310001373291016,23.431568145751953
2012-04-23,33.779998779296875,23.069610595703125
2012-04-24,33.790000915527344,23.076448440551758
2012-04-25,34.0099983215332,23.22669219970703
2012-04-26,34.31999969482422,23.438404083251953
2012-04-27,34.27000045776367,23.404253005981445
2012-04-30,34.18000030517578,23.34278678894043
2012-05-01,34.27000045776367,23.404253005981445
2012-05-02,34.29999923706055,23.424747467041016
2012-05-03,34.349998474121094,23.458890914916992
2012-05-04,34.08000183105469,23.274499893188477
2012-05-07,34.130001068115234,23.308643341064453
2012-05-08,34.04999923706055,23.25400733947754
2012-05-09,33.880001068115234,23.13791275024414
2012-05-10,34.119998931884766,23.301822662353516
2012-05-11,34.029998779296875,23.240352630615234
2012-05-14,33.88999938964844,23.14474105834961
2012-05-15,33.849998474121094,23.117427825927734
2012-05-16,33.959999084472656,23.19254493713379
2012-05-17,33.720001220703125,23.028640747070312
2012-05-18,33.52000045776367,22.892053604125977
2012-05-21,33.650001525878906,22.980838775634766
2012-05-22,33.689998626708984,23.008153915405273
2012-05-23,33.599998474121094,22.946687698364258
2012-05-24,33.91999816894531,23.165224075317383
2012-05-25,33.88999938964844,23.14474105834961
2012-05-29,34.130001068115234,23.308643341064453
2012-05-30,33.849998474121094,23.117427825927734
2012-05-31,33.779998779296875,23.069610595703125
2012-06-01,33.15999984741211,22.646194458007812
2012-06-04,33.27000045776367,22.721323013305664
2012-06-05,33.22999954223633,22.694000244140625
2012-06-06,33.68000030517578,23.001323699951172
2012-06-07,33.79999923706055,23.083276748657227
2012-06-08,34.09000015258789,23.281328201293945
2012-06-11,33.93000030517578,23.17205810546875
2012-06-12,34.09000015258789,23.281328201293945
2012-06-13,34.040000915527344,23.247173309326172
2012-06-14,34.5099983215332,23.568159103393555
2012-06-15,34.33000183105469,23.606672286987305
2012-06-18,34.41999816894531,23.66856575012207
2012-06-19,34.38999938964844,23.647926330566406
2012-06-20,34.209999084472656,23.524152755737305
2012-06-21,33.810001373291016,23.249099731445312
2012-06-22,33.90999984741211,23.317861557006836
2012-06-25,33.70000076293945,23.173452377319336
2012-06-26,33.779998779296875,23.228464126586914
2012-06-27,33.97999954223633,23.36600112915039
2012-06-28,34.130001068115234,23.46914291381836
2012-06-29,34.77000045776367,23.90923309326172
2012-07-02,34.970001220703125,24.0467529296875
2012-07-03,35.130001068115234,24.156782150268555
2012-07-05,35.0,24.067384719848633
2012-07-06,34.959999084472656,24.03988265991211
2012-07-09,34.91999816894531,24.012374877929688
2012-07-10,34.959999084472656,24.03988265991211
2012-07-11,34.90999984741211,24.00550079345703
2012-07-12,34.939998626708984,24.02613639831543
2012-07-13,35.33000183105469,24.294315338134766
2012-07-16,35.150001525878906,24.1705322265625
2012-07-17,35.29999923706055,24.273683547973633
2012-07-18,35.310001373291016,24.280569076538086
2012-07-19,35.2599983215332,24.246173858642578
2012-07-20,35.040000915527344,24.094894409179688
2012-07-23,34.7400016784668,23.888599395751953
2012-07-24,34.630001068115234,23.812963485717773
2012-07-25,34.63999938964844,23.819839477539062
2012-07-26,35.209999084472656,24.211793899536133
2012-07-27,35.61000061035156,24.48685073852539
2012-07-30,35.790000915527344,24.61062240600586
2012-07-31,35.630001068115234,24.500606536865234
2012-08-01,35.45000076293945,24.376829147338867
2012-08-02,35.15999984741211,24.17741584777832
2012-08-03,35.75,24.58312225341797
2012-08-06,35.72999954223633,24.56935691833496
2012-08-07,35.540000915527344,24.438720703125
2012-08-08,35.790000915527344,24.61062240600586
2012-08-09,35.63999938964844,24.507482528686523
2012-08-10,35.630001068115234,24.500606536865234
2012-08-13,35.619998931884766,24.493728637695312
2012-08-14,35.7599983215332,24.59000015258789
2012-08-15,35.779998779296875,24.603740692138672
2012-08-16,35.869998931884766,24.665639877319336
2012-08-17,35.900001525878906,24.686264038085938
2012-08-20,35.900001525878906,24.686264038085938
2012-08-21,35.68000030517578,24.534976959228516
2012-08-22,35.56999969482422,24.4593448638916
2012-08-23,35.290000915527344,24.26680564880371
2012-08-24,35.599998474121094,24.479976654052734
2012-08-27,35.650001525878906,24.514366149902344
2012-08-28,35.66999816894531,24.52811050415039
2012-08-29,35.59000015258789,24.473094940185547
2012-08-30,35.45000076293945,24.376829147338867
2012-08-31,35.459999084472656,24.383708953857422
2012-09-04,35.66999816894531,24.52811050415039
2012-09-05,35.61000061035156,24.48685073852539
2012-09-06,36.04999923706055,24.78940200805664
2012-09-07,35.7599983215332,24.59000015258789
2012-09-10,35.720001220703125,24.5624942779541
2012-09-11,35.61000061035156,24.48685073852539
2012-09-12,35.41999816894531,24.356191635131836
2012-09-13,36.04999923706055,24.78940200805664
2012-09-14,35.779998779296875,24.603740692138672
2012-09-17,35.880001068115234,24.672515869140625
2012-09-18,36.08000183105469,24.81003761291504
2012-09-19,36.18000030517578,24.87880516052246
2012-09-20,36.380001068115234,25.016328811645508
2012-09-21,35.959999084472656,24.902069091796875
2012-09-24,36.08000183105469,24.985170364379883
2012-09-25,35.83000183105469,24.812042236328125
2012-09-26,35.83000183105469,24.812042236328125
2012-09-27,35.95000076293945,24.895153045654297
2012-09-28,35.83000183105469,24.812042236328125
2012-10-01,36.060001373291016,24.97132110595703
2012-10-02,36.09000015258789,24.992094039916992
2012-10-03,36.20000076293945,25.068275451660156
2012-10-04,36.369998931884766,25.185991287231445
2012-10-05,36.5099983215332,25.282939910888672
2012-10-08,36.400001525878906,25.206762313842773
2012-10-09,36.04999923706055,24.964387893676758
2012-10-10,35.900001525878906,24.860525131225586
2012-10-11,35.81999969482422,24.80512237548828
2012-10-12,35.849998474121094,24.825895309448242
2012-10-15,36.09000015258789,24.992094039916992
2012-10-16,36.18000030517578,25.054412841796875
2012-10-17,36.34000015258789,25.165218353271484
2012-10-18,36.13999938964844,25.026714324951172
2012-10-19,35.709999084472656,24.72895050048828
2012-10-22,35.72999954223633,24.742799758911133
2012-10-23,35.25,24.4103946685791
2012-10-24,35.25,24.4103946685791
2012-10-25,35.470001220703125,24.56275177001953
2012-10-26,35.349998474121094,24.479650497436523
2012-10-31,35.38999938964844,24.507354736328125
2012-11-01,35.40999984741211,24.521196365356445
2012-11-02,35.20000076293945,24.375776290893555
2012-11-05,35.13999938964844,24.334232330322266
2012-11-06,35.400001525878906,24.514278411865234
2012-11-07,34.97999954223633,24.223430633544922
2012-11-08,34.599998474121094,23.960269927978516
2012-11-09,34.599998474121094,23.960269927978516
2012-11-12,34.599998474121094,23.960269927978516
2012-11-13,34.58000183105469,23.946428298950195
2012-11-14,34.20000076293945,23.68328094482422
2012-11-15,34.189998626708984,23.676353454589844
2012-11-16,34.40999984741211,23.828706741333008
2012-11-19,34.970001220703125,24.21649742126465
2012-11-20,35.099998474121094,24.306522369384766
2012-11-21,35.150001525878906,24.341150283813477
2012-11-23,35.66999816894531,24.70124053955078
2012-11-26,35.40999984741211,24.521196365356445
2012-11-27,35.380001068115234,24.500415802001953
2012-11-28,35.720001220703125,24.735868453979492
2012-11-29,35.90999984741211,24.867443084716797
2012-11-30,36.040000915527344,24.95747184753418
2012-12-03,35.900001525878906,24.860525131225586
2012-12-04,35.83000183105469,24.812042236328125
2012-12-05,35.88999938964844,24.853595733642578
2012-12-06,35.93000030517578,24.88129234313965
2012-12-07,36.18000030517578,25.054412841796875
2012-12-10,36.13999938964844,25.026714324951172
2012-12-11,36.15999984741211,25.040571212768555
2012-12-12,36.08000183105469,24.985170364379883
2012-12-13,36.02000045776367,24.94361686706543
2012-12-14,35.959999084472656,24.902069091796875
2012-12-17,36.040000915527344,24.95747184753418
2012-12-18,36.029998779296875,24.950544357299805
2012-12-19,35.66999816894531,24.70124053955078
2012-12-20,35.869998931884766,24.83974266052246
2012-12-21,35.16999816894531,24.62826156616211
2012-12-24,35.060001373291016,24.551240921020508
2012-12-26,34.7599983215332,24.341161727905273
2012-12-27,34.81999969482422,24.38317108154297
2012-12-28,34.45000076293945,24.124069213867188
2012-12-31,34.900001525878906,24.43920135498047
2013-01-02,35.79999923706055,25.069427490234375
2013-01-03,35.709999084472656,25.00640869140625
2013-01-04,35.810001373291016,25.07643699645996
2013-01-07,35.56999969482422,24.90837287902832
2013-01-08,35.470001220703125,24.83834457397461
2013-01-09,35.54999923706055,24.89436912536621
2013-01-10,35.7599983215332,25.041419982910156
2013-01-11,35.91999816894531,25.153457641601562
2013-01-14,36.029998779296875,25.23048973083496
2013-01-15,36.13999938964844,25.307519912719727
2013-01-16,36.09000015258789,25.272506713867188
2013-01-17,36.33000183105469,25.440568923950195
2013-01-18,36.47999954223633,25.545612335205078
2013-01-22,36.4900016784668,25.552608489990234
2013-01-23,36.47999954223633,25.545612335205078
2013-01-24,36.58000183105469,25.61563491821289
2013-01-25,36.7599983215332,25.7416934967041
2013-01-28,36.790000915527344,25.762704849243164
2013-01-29,36.9900016784668,25.90274429321289
2013-01-30,36.91999816894531,25.85373306274414
2013-01-31,36.869998931884766,25.8187198638916
2013-02-01,37.16999816894531,26.02878761291504
2013-02-04,36.81999969482422,25.78370475769043
2013-02-05,37.2599983215332,26.091819763183594
2013-02-06,37.310001373291016,26.126842498779297
2013-02-07,37.5099983215332,26.266874313354492
2013-02-08,37.47999954223633,26.245874404907227
2013-02-11,37.47999954223633,26.245874404907227
2013-02-12,37.439998626708984,26.217859268188477
2013-02-13,37.47999954223633,26.245874404907227
2013-02-14,37.560001373291016,26.30189323425293
2013-02-15,37.61000061035156,26.3369083404541
2013-02-19,37.9900016784668,26.603008270263672
2013-02-20,37.91999816894531,26.553985595703125
2013-02-21,38.040000915527344,26.638017654418945
2013-02-22,38.2599983215332,26.792081832885742
2013-02-25,37.7400016784668,26.427947998046875
2013-02-26,37.83000183105469,26.490970611572266
2013-02-27,38.11000061035156,26.687036514282227
2013-02-28,38.09000015258789,26.673036575317383
2013-03-01,38.220001220703125,26.76407241821289
2013-03-04,38.5099983215332,26.967144012451172
2013-03-05,38.63999938964844,27.05817985534668
2013-03-06,38.54999923706055,26.995155334472656
2013-03-07,38.54999923706055,26.995155334472656
2013-03-08,38.619998931884766,27.044178009033203
2013-03-11,38.65999984741211,27.07218360900879
2013-03-12,38.619998931884766,27.044178009033203
2013-03-13,38.720001220703125,27.11420440673828
2013-03-14,38.849998474121094,27.205232620239258
2013-03-15,38.4900016784668,27.0863094329834
2013-03-18,38.369998931884766,27.00186538696289
2013-03-19,38.689998626708984,27.227054595947266
2013-03-20,39.060001373291016,27.4874324798584
2013-03-21,38.939998626708984,27.402976989746094
2013-03-22,39.29999923706055,27.656320571899414
2013-03-25,39.27000045776367,27.635210037231445
2013-03-26,39.63999938964844,27.895593643188477
2013-03-27,39.61000061035156,27.87448501586914
2013-03-28,39.77000045776367,27.987075805664062
2013-04-01,39.75,27.97299575805664
2013-04-02,40.18000030517578,28.27561378479004
2013-04-03,39.7400016784668,27.96595573425293
2013-04-04,39.95000076293945,28.113746643066406
2013-04-05,39.65999984741211,27.9096622467041
2013-04-08,40.11000061035156,28.226333618164062
2013-04-09,40.06999969482422,28.198192596435547
2013-04-10,40.369998931884766,28.409313201904297
2013-04-11,40.560001373291016,28.543014526367188
2013-04-12,40.709999084472656,28.648563385009766
2013-04-15,40.060001373291016,28.191144943237305
2013-04-16,40.810001373291016,28.71894645690918
2013-04-17,40.459999084472656,28.47264289855957
2013-04-18,40.380001068115234,28.416337966918945
2013-04-19,41.0099983215332,28.859695434570312
2013-04-22,41.11000061035156,28.93006706237793
2013-04-23,41.43000030517578,29.155254364013672
2013-04-24,40.77000045776367,28.6907901763916
2013-04-25,40.900001525878906,28.782291412353516
2013-04-26,40.88999938964844,28.775239944458008
2013-04-29,41.02000045776367,28.866727828979492
2013-04-30,40.939998626708984,28.810422897338867
2013-05-01,40.900001525878906,28.782291412353516
2013-05-02,41.04999923706055,28.887836456298828
2013-05-03,41.22999954223633,29.014507293701172
2013-05-06,40.93000030517578,28.80339813232422
2013-05-07,41.2400016784668,29.021556854248047
2013-05-08,41.290000915527344,29.05673599243164
2013-05-09,41.0,28.852643966674805
2013-05-10,41.15999984741211,28.965248107910156
2013-05-13,41.22999954223633,29.014507293701172
2013-05-14,41.720001220703125,29.35933494567871
2013-05-15,42.130001068115234,29.647855758666992
2013-05-16,41.880001068115234,29.471921920776367
2013-05-17,41.939998626708984,29.514150619506836
2013-05-20,41.5099983215332,29.21156120300293
2013-05-21,41.54999923706055,29.239707946777344
2013-05-22,41.47999954223633,29.19044303894043
2013-05-23,41.310001373291016,29.070810317993164
2013-05-24,41.70000076293945,29.34526252746582
2013-05-28,41.77000045776367,29.394512176513672
2013-05-29,40.970001220703125,28.8315372467041
2013-05-30,40.810001373291016,28.71894645690918
2013-05-31,40.04999923706055,28.184114456176758
2013-06-03,40.4900016784668,28.493759155273438
2013-06-04,40.5,28.50079345703125
2013-06-05,40.0099983215332,28.155960083007812
2013-06-06,40.18000030517578,28.27561378479004
2013-06-07,40.68000030517578,28.62746238708496
2013-06-10,40.68000030517578,28.62746238708496
2013-06-11,40.58000183105469,28.557098388671875
2013-06-12,40.380001068115234,28.416337966918945
2013-06-13,40.79999923706055,28.711910247802734
2013-06-14,40.70000076293945,28.64154052734375
2013-06-17,41.060001373291016,28.894872665405273
2013-06-18,41.209999084472656,29.000429153442383
2013-06-19,40.38999938964844,28.42338752746582
2013-06-20,39.16999816894531,27.56484031677246
2013-06-21,39.43000030517578,27.928924560546875
2013-06-24,39.27000045776367,27.815574645996094
2013-06-25,39.33000183105469,27.858089447021484
2013-06-26,39.7400016784668,28.148494720458984
2013-06-27,39.91999816894531,28.275999069213867
2013-06-28,39.66999816894531,28.098918914794922
2013-07-01,39.959999084472656,28.3043212890625
2013-07-02,40.0099983215332,28.339738845825195
2013-07-03,39.93000030517578,28.283079147338867
2013-07-05,40.029998779296875,28.353912353515625
2013-07-08,40.43000030517578,28.637239456176758
2013-07-09,40.72999954223633,28.849735260009766
2013-07-10,40.779998779296875,28.885141372680664
2013-07-11,41.41999816894531,29.33846664428711
2013-07-12,41.43000030517578,29.345537185668945
2013-07-15,41.4900016784668,29.388042449951172
2013-07-16,41.34000015258789,29.281801223754883
2013-07-17,41.41999816894531,29.33846664428711
2013-07-18,41.560001373291016,29.437633514404297
2013-07-19,41.79999923706055,29.607627868652344
2013-07-22,41.709999084472656,29.54386329650879
2013-07-23,41.630001068115234,29.487211227416992
2013-07-24,41.36000061035156,29.295963287353516
2013-07-25,41.58000183105469,29.45179557800293
2013-07-26,41.529998779296875,29.4163818359375
2013-07-29,41.439998626708984,29.352628707885742
2013-07-30,41.400001525878906,29.324295043945312
2013-07-31,41.38999938964844,29.317218780517578
2013-08-01,41.72999954223633,29.55803680419922
2013-08-02,41.75,29.572208404541016
2013-08-05,41.779998779296875,29.593460083007812
2013-08-06,41.72999954223633,29.55803680419922
2013-08-07,41.529998779296875,29.4163818359375
2013-08-08,41.75,29.572208404541016
2013-08-09,41.56999969482422,29.44471549987793
2013-08-12,41.45000076293945,29.359708786010742
2013-08-13,41.47999954223633,29.380971908569336
2013-08-14,41.189998626708984,29.175552368164062
2013-08-15,40.529998779296875,28.708059310913086
2013-08-16,40.290000915527344,28.538066864013672
2013-08-19,40.11000061035156,28.410564422607422
2013-08-20,40.119998931884766,28.417646408081055
2013-08-21,39.810001373291016,28.198081970214844
2013-08-22,39.97999954223633,28.318492889404297
2013-08-23,40.209999084472656,28.481393814086914
2013-08-26,39.7400016784668,28.148494720458984
2013-08-27,39.529998779296875,27.99974822998047
2013-08-28,39.22999954223633,27.78724479675293
2013-08-29,39.38999938964844,27.900585174560547
2013-08-30,39.5099983215332,27.985586166381836
2013-09-03,39.47999954223633,27.964338302612305
2013-09-04,39.72999954223633,28.14141845703125
2013-09-05,39.66999816894531,28.098918914794922
2013-09-06,39.77000045776367,28.169748306274414
2013-09-09,40.04999923706055,28.368070602416992
2013-09-10,40.09000015258789,28.396406173706055
2013-09-11,40.380001068115234,28.6018123626709
2013-09-12,40.38999938964844,28.608898162841797
2013-09-13,40.720001220703125,28.84264373779297
2013-09-16,41.09000015258789,29.10472297668457
2013-09-17,41.22999954223633,29.20387840270996
2013-09-18,41.720001220703125,29.55097007751465
2013-09-19,41.529998779296875,29.4163818359375
2013-09-20,40.97999954223633,29.210391998291016
2013-09-23,40.79999923706055,29.082077026367188
2013-09-24,40.61000061035156,28.946638107299805
2013-09-25,40.27000045776367,28.70429229736328
2013-09-26,40.47999954223633,28.853986740112305
2013-09-27,40.22999954223633,28.675785064697266
2013-09-30,39.79999923706055,28.369277954101562
2013-10-01,40.040000915527344,28.54034996032715
2013-10-02,39.95000076293945,28.476198196411133
2013-10-03,39.75,28.333633422851562
2013-10-04,39.810001373291016,28.376419067382812
2013-10-07,39.68000030517578,28.28374671936035
2013-10-08,39.68000030517578,28.28374671936035
2013-10-09,39.709999084472656,28.305133819580078
2013-10-10,40.45000076293945,28.83260154724121
2013-10-11,40.56999969482422,28.918128967285156
2013-10-14,40.7400016784668,29.039310455322266
2013-10-15,40.369998931884766,28.77557945251465
2013-10-16,40.970001220703125,29.203245162963867
2013-10-17,41.43000030517578,29.5311279296875
2013-10-18,41.4900016784668,29.573902130126953
2013-10-21,41.400001525878906,29.50975227355957
2013-10-22,41.91999816894531,29.880399703979492
2013-10-23,42.0,29.937427520751953
2013-10-24,41.91999816894531,29.880399703979492
2013-10-25,42.02000045776367,29.95170021057129
2013-10-28,42.56999969482422,30.34372329711914
2013-10-29,42.939998626708984,30.607452392578125
2013-10-30,42.56999969482422,30.34372329711914
2013-10-31,42.349998474121094,30.186912536621094
2013-11-01,42.5099983215332,30.300962448120117
2013-11-04,42.54999923706055,30.329469680786133
2013-11-05,42.630001068115234,30.386486053466797
2013-11-06,43.09000015258789,30.714384078979492
2013-11-07,42.459999084472656,30.26531982421875
2013-11-08,42.66999816894531,30.415010452270508
2013-11-11,42.540000915527344,30.322345733642578
2013-11-12,42.61000061035156,30.372249603271484
2013-11-13,42.970001220703125,30.62883949279785
2013-11-14,43.279998779296875,30.849803924560547
2013-11-15,43.33000183105469,30.885452270507812
2013-11-18,43.20000076293945,30.792787551879883
2013-11-19,43.040000915527344,30.67874526977539
2013-11-20,42.86000061035156,30.550426483154297
2013-11-21,42.939998626708984,30.607452392578125
2013-11-22,43.15999984741211,30.76427459716797
2013-11-25,43.09000015258789,30.714384078979492
2013-11-26,43.04999923706055,30.685867309570312
2013-11-27,43.08000183105469,30.70724868774414
2013-11-29,43.0099983215332,30.657352447509766
2013-12-02,42.779998779296875,30.493404388427734
2013-12-03,42.9900016784668,30.643104553222656
2013-12-04,42.88999938964844,30.571823120117188
2013-12-05,42.5,30.293825149536133
2013-12-06,43.08000183105469,30.70724868774414
2013-12-09,43.22999954223633,30.81417465209961
2013-12-10,42.86000061035156,30.550426483154297
2013-12-11,42.93000030517578,30.600326538085938
2013-12-12,42.34000015258789,30.179771423339844
2013-12-13,42.27000045776367,30.129892349243164
2013-12-16,42.2599983215332,30.122766494750977
2013-12-17,42.060001373291016,29.980199813842773
2013-12-18,42.7599983215332,30.479158401489258
2013-12-19,42.68000030517578,30.42212677001953
2013-12-20,42.54999923706055,30.560020446777344
2013-12-23,42.5099983215332,30.531299591064453
2013-12-24,42.56999969482422,30.57440185546875
2013-12-26,42.7400016784668,30.696495056152344
2013-12-27,42.84000015258789,30.768314361572266
2013-12-30,42.95000076293945,30.84731674194336
2013-12-31,42.97999954223633,30.86886215209961
2014-01-02,42.45000076293945,30.48820686340332
2014-01-03,42.369998931884766,30.430761337280273
2014-01-06,42.209999084472656,30.315828323364258
2014-01-07,42.439998626708984,30.48102569580078
2014-01-08,42.119998931884766,30.251197814941406
2014-01-09,42.34000015258789,30.40920639038086
2014-01-10,42.400001525878906,30.452299118041992
2014-01-13,42.15999984741211,30.279926300048828
2014-01-14,42.380001068115234,30.43793487548828
2014-01-15,42.38999938964844,30.445117950439453
2014-01-16,42.400001525878906,30.452299118041992
2014-01-17,42.06999969482422,30.21528434753418
2014-01-21,42.22999954223633,30.3302059173584
2014-01-22,42.22999954223633,30.3302059173584
2014-01-23,41.86000061035156,30.064477920532227
2014-01-24,41.47999954223633,29.791542053222656
2014-01-27,41.310001373291016,29.66945457458496
2014-01-28,41.630001068115234,29.899272918701172
2014-01-29,40.900001525878906,29.37498664855957
2014-01-30,40.959999084472656,29.41806411743164
2014-01-31,40.7599983215332,29.274417877197266
2014-02-03,39.880001068115234,28.642396926879883
2014-02-04,40.09000015258789,28.793235778808594
2014-02-05,40.119998931884766,28.814769744873047
2014-02-06,40.54999923706055,29.12360382080078
2014-02-07,40.93000030517578,29.396528244018555
2014-02-10,41.09000015258789,29.511444091796875
2014-02-11,41.56999969482422,29.856172561645508
2014-02-12,41.38999938964844,29.726898193359375
2014-02-13,41.599998474121094,29.877727508544922
2014-02-14,41.84000015258789,30.05010223388672
2014-02-18,41.599998474121094,29.877727508544922
2014-02-19,41.5099983215332,29.813093185424805
2014-02-20,41.689998626708984,29.942363739013672
2014-02-21,41.599998474121094,29.877727508544922
2014-02-24,41.75,29.98546028137207
2014-02-25,41.90999984741211,30.100374221801758
2014-02-26,41.869998931884766,30.07164192199707
2014-02-27,42.060001373291016,30.208093643188477
2014-02-28,42.349998474121094,30.416383743286133
2014-03-03,42.119998931884766,30.251197814941406
2014-03-04,42.689998626708984,30.66057777404785
2014-03-05,42.54999923706055,30.560020446777344
2014-03-06,42.540000915527344,30.552858352661133
2014-03-07,42.65999984741211,30.639036178588867
2014-03-10,42.70000076293945,30.667753219604492
2014-03-11,42.68000030517578,30.65338134765625
2014-03-12,42.77000045776367,30.718036651611328
2014-03-13,42.560001373291016,30.567224502563477
2014-03-14,42.58000183105469,30.58158302307129
2014-03-17,42.83000183105469,30.76112937927246
2014-03-18,42.91999816894531,30.825769424438477
2014-03-19,42.59000015258789,30.588760375976562
2014-03-20,42.7400016784668,30.696495056152344
2014-03-21,42.5,30.679174423217773
2014-03-24,42.459999084472656,30.650293350219727
2014-03-25,42.77000045776367,30.87407875061035
2014-03-26,42.66999816894531,30.801883697509766
2014-03-27,42.63999938964844,30.78023910522461
2014-03-28,42.75,30.859630584716797
2014-03-31,43.060001373291016,31.08340835571289
2014-04-01,42.9900016784668,31.032873153686523
2014-04-02,43.040000915527344,31.068973541259766
2014-04-03,43.09000015258789,31.105072021484375
2014-04-04,42.95000076293945,31.003997802734375
2014-04-07,42.9900016784668,31.032873153686523
2014-04-08,43.209999084472656,31.191692352294922
2014-04-09,43.400001525878906,31.32883644104004
2014-04-10,42.970001220703125,31.018451690673828
2014-04-11,42.75,30.859630584716797
2014-04-14,43.09000015258789,31.105072021484375
2014-04-15,43.20000076293945,31.18447494506836
2014-04-16,43.619998931884766,31.487638473510742
2014-04-17,43.630001068115234,31.494884490966797
2014-04-21,43.650001525878906,31.509307861328125
2014-04-22,43.630001068115234,31.494884490966797
2014-04-23,43.560001373291016,31.4443416595459
2014-04-24,43.72999954223633,31.567073822021484
2014-04-25,43.790000915527344,31.61036491394043
2014-04-28,44.290000915527344,31.97130584716797
2014-04-29,44.099998474121094,31.834135055541992
2014-04-30,44.2400016784668,31.935197830200195
2014-05-01,44.20000076293945,31.90633773803711
2014-05-02,44.20000076293945,31.90633773803711
2014-05-05,44.099998474121094,31.834135055541992
2014-05-06,43.81999969482422,31.632022857666016
2014-05-07,44.2400016784668,31.935197830200195
2014-05-08,44.29999923706055,31.978530883789062
2014-05-09,44.5099983215332,32.13010787963867
2014-05-12,44.54999923706055,32.15897750854492
2014-05-13,44.63999938964844,32.223934173583984
2014-05-14,44.400001525878906,32.05070495605469
2014-05-15,44.0099983215332,31.769182205200195
2014-05-16,44.279998779296875,31.96407127380371
2014-05-19,44.189998626708984,31.899120330810547
2014-05-20,44.029998779296875,31.78361701965332
2014-05-21,44.279998779296875,31.96407127380371
2014-05-22,44.209999084472656,31.91355323791504
2014-05-23,44.279998779296875,31.96407127380371
2014-05-27,44.400001525878906,32.05070495605469
2014-05-28,44.34000015258789,32.00739288330078
2014-05-29,44.689998626708984,32.260032653808594
2014-05-30,45.040000915527344,32.5126953125
2014-06-02,44.93000030517578,32.433292388916016
2014-06-03,44.77000045776367,32.31779861450195
2014-06-04,44.93000030517578,32.433292388916016
2014-06-05,45.11000061035156,32.5632209777832
2014-06-06,45.22999954223633,32.64985656738281
2014-06-09,45.15999984741211,32.59931182861328
2014-06-10,45.15999984741211,32.59931182861328
2014-06-11,45.040000915527344,32.5126953125
2014-06-12,44.720001220703125,32.281700134277344
2014-06-13,44.709999084472656,32.27447509765625
2014-06-16,44.880001068115234,32.39719772338867
2014-06-17,44.880001068115234,32.39719772338867
2014-06-18,45.40999984741211,32.779781341552734
2014-06-19,45.66999816894531,32.967472076416016
2014-06-20,45.220001220703125,32.86644744873047
2014-06-23,44.970001220703125,32.68474197387695
2014-06-24,44.810001373291016,32.56843948364258
2014-06-25,44.7400016784668,32.517578125
2014-06-26,44.58000183105469,32.401283264160156
2014-06-27,44.65999984741211,32.45943069458008
2014-06-30,44.619998931884766,32.43034744262695
2014-07-01,44.720001220703125,32.50304412841797
2014-07-02,44.84000015258789,32.59025192260742
2014-07-03,45.09000015258789,32.77195739746094
2014-07-07,45.15999984741211,32.82283020019531
2014-07-08,45.06999969482422,32.757423400878906
2014-07-09,45.27000045776367,32.90278625488281
2014-07-10,45.20000076293945,32.851905822753906
2014-07-11,45.2599983215332,32.8955078125
2014-07-14,45.41999816894531,33.01180648803711
2014-07-15,45.02000045776367,32.72108459472656
2014-07-16,45.029998779296875,32.728355407714844
2014-07-17,44.75,32.524845123291016
2014-07-18,45.20000076293945,32.851905822753906
2014-07-21,44.9900016784668,32.699275970458984
2014-07-22,44.90999984741211,32.641136169433594
2014-07-23,44.849998474121094,32.597530364990234
2014-07-24,44.970001220703125,32.68474197387695
2014-07-25,44.790000915527344,32.55391311645508
2014-07-28,44.560001373291016,32.386749267578125
2014-07-29,44.36000061035156,32.24138641357422
2014-07-30,43.88999938964844,31.899795532226562
2014-07-31,43.13999938964844,31.354673385620117
2014-08-01,43.470001220703125,31.594526290893555
2014-08-04,43.61000061035156,31.696266174316406
2014-08-05,43.41999816894531,31.558177947998047
2014-08-06,43.790000915527344,31.827104568481445
2014-08-07,43.43000030517578,31.56545066833496
2014-08-08,43.869998931884766,31.8852481842041
2014-08-11,44.18000030517578,32.11054992675781
2014-08-12,44.150001525878906,32.08876419067383
2014-08-13,44.279998779296875,32.18324279785156
2014-08-14,44.459999084472656,32.31406021118164
2014-08-15,44.52000045776367,32.35768127441406
2014-08-18,44.779998779296875,32.5466423034668
2014-08-19,44.900001525878906,32.63385772705078
2014-08-20,44.869998931884766,32.612056732177734
2014-08-21,44.95000076293945,32.67021560668945
2014-08-22,44.84000015258789,32.59025192260742
2014-08-25,45.09000015258789,32.77195739746094
2014-08-26,45.060001373291016,32.75015640258789
2014-08-27,45.08000183105469,32.764686584472656
2014-08-28,45.099998474121094,32.77921676635742
2014-08-29,45.130001068115234,32.80103302001953
2014-09-02,45.150001525878906,32.815574645996094
2014-09-03,45.18000030517578,32.83737564086914
2014-09-04,45.31999969482422,32.93912124633789
2014-09-05,45.58000183105469,33.12809371948242
2014-09-08,45.2400016784668,32.88097381591797
2014-09-09,45.130001068115234,32.80103302001953
2014-09-10,45.349998474121094,32.9609260559082
2014-09-11,45.369998931884766,32.975460052490234
2014-09-12,45.04999923706055,32.74288558959961
2014-09-15,45.27000045776367,32.90278625488281
2014-09-16,45.61000061035156,33.14990997314453
2014-09-17,45.5099983215332,33.07722473144531
2014-09-18,45.599998474121094,33.14262771606445
2014-09-19,45.43000030517578,33.228206634521484
2014-09-22,45.349998474121094,33.1696891784668
2014-09-23,44.95000076293945,32.87714767456055
2014-09-24,45.529998779296875,33.301353454589844
2014-09-25,44.93000030517578,32.862491607666016
2014-09-26,45.099998474121094,32.9868278503418
2014-09-29,45.09000015258789,32.97952651977539
2014-09-30,45.11000061035156,32.99415969848633
2014-10-01,44.83000183105469,32.78935241699219
2014-10-02,44.90999984741211,32.84787368774414
2014-10-03,45.439998626708984,33.23552322387695
2014-10-06,45.459999084472656,33.25015640258789
2014-10-07,45.189998626708984,33.05267333984375
2014-10-08,45.849998474121094,33.535396575927734
2014-10-09,45.38999938964844,33.198951721191406
2014-10-10,45.61000061035156,33.359867095947266
2014-10-13,44.97999954223633,32.89906311035156
2014-10-14,44.959999084472656,32.88444519042969
2014-10-15,44.41999816894531,32.4894905090332
2014-10-16,44.09000015258789,32.24810791015625
2014-10-17,44.630001068115234,32.64307403564453
2014-10-20,45.27000045776367,33.111175537109375
2014-10-21,45.459999084472656,33.25015640258789
2014-10-22,45.560001373291016,33.32328796386719
2014-10-23,45.529998779296875,33.301353454589844
2014-10-24,45.90999984741211,33.57929229736328
2014-10-27,46.02000045776367,33.65974044799805
2014-10-28,46.20000076293945,33.79139709472656
2014-10-29,46.119998931884766,33.732887268066406
2014-10-30,46.40999984741211,33.94499969482422
2014-10-31,46.709999084472656,34.1644172668457
2014-11-03,46.88999938964844,34.296077728271484
2014-11-04,47.13999938964844,34.47893142700195
2014-11-05,47.470001220703125,34.720298767089844
2014-11-06,47.56999969482422,34.79343795776367
2014-11-07,47.7400016784668,34.91777420043945
2014-11-10,47.95000076293945,35.071380615234375
2014-11-11,47.86000061035156,35.00553894042969
2014-11-12,47.86000061035156,35.00553894042969
2014-11-13,48.029998779296875,35.12987518310547
2014-11-14,47.7599983215332,34.93239974975586
2014-11-17,48.08000183105469,35.16645050048828
2014-11-18,48.2599983215332,35.29811477661133
2014-11-19,48.459999084472656,35.444393157958984
2014-11-20,48.25,35.290794372558594
2014-11-21,48.45000076293945,35.43709182739258
2014-11-24,48.41999816894531,35.41514587402344
2014-11-25,48.459999084472656,35.444393157958984
2014-11-26,48.68000030517578,35.60530471801758
2014-11-28,49.29999923706055,36.05878829956055
2014-12-01,48.97999954223633,35.824745178222656
2014-12-02,49.150001525878906,35.9490852355957
2014-12-03,48.79999923706055,35.69307327270508
2014-12-04,48.7599983215332,35.663814544677734
2014-12-05,48.849998474121094,35.729637145996094
2014-12-08,48.75,35.65650177001953
2014-12-09,48.59000015258789,35.53947448730469
2014-12-10,48.130001068115234,35.20301818847656
2014-12-11,48.529998779296875,35.49559783935547
2014-12-12,47.90999984741211,35.04212188720703
2014-12-15,47.59000015258789,34.808074951171875
2014-12-16,47.40999984741211,34.67640686035156
2014-12-17,48.099998474121094,35.18108367919922
2014-12-18,49.02000045776367,35.85399627685547
2014-12-19,48.619998931884766,35.81716537475586
2014-12-22,49.09000015258789,36.163394927978516
2014-12-23,49.43000030517578,36.41386032104492
2014-12-24,49.380001068115234,36.37702941894531
2014-12-26,49.459999084472656,36.43595504760742
2014-12-29,49.310001373291016,36.32545471191406
2014-12-30,49.09000015258789,36.163394927978516
2014-12-31,48.4900016784668,35.72138595581055
2015-01-02,48.349998474121094,35.61824417114258
2015-01-05,48.0099983215332,35.367774963378906
2015-01-06,47.95000076293945,35.32359313964844
2015-01-07,48.77000045776367,35.92764663696289
2015-01-08,49.5099983215332,36.4727897644043
2015-01-09,49.11000061035156,36.178123474121094
2015-01-12,48.959999084472656,36.06761169433594
2015-01-13,48.95000076293945,36.06025695800781
2015-01-14,48.79999923706055,35.94974899291992
2015-01-15,48.880001068115234,36.00870132446289
2015-01-16,49.27000045776367,36.29598617553711
2015-01-20,49.470001220703125,36.44331741333008
2015-01-21,49.709999084472656,36.62013244628906
2015-01-22,50.209999084472656,36.98846435546875
2015-01-23,49.650001525878906,36.575923919677734
2015-01-26,49.650001525878906,36.575923919677734
2015-01-27,49.08000183105469,36.156028747558594
2015-01-28,48.5099983215332,35.73611831665039
2015-01-29,48.900001525878906,36.0234260559082
2015-01-30,48.02000045776367,35.37513732910156
2015-02-02,48.59000015258789,35.7950439453125
2015-02-03,49.02000045776367,36.11182403564453
2015-02-04,49.040000915527344,36.126548767089844
2015-02-05,49.290000915527344,36.31072998046875
2015-02-06,49.06999969482422,36.14866256713867
2015-02-09,48.70000076293945,35.87609100341797
2015-02-10,49.27000045776367,36.29598617553711
2015-02-11,49.5,36.46543884277344
2015-02-12,49.72999954223633,36.63485336303711
2015-02-13,49.5,36.46543884277344
2015-02-17,49.5099983215332,36.4727897644043
2015-02-18,49.779998779296875,36.671688079833984
2015-02-19,49.459999084472656,36.43595504760742
2015-02-20,49.599998474121094,36.53909683227539
2015-02-23,49.7400016784668,36.642234802246094
2015-02-24,49.90999984741211,36.7674560546875
2015-02-25,49.7400016784668,36.642234802246094
2015-02-26,49.810001373291016,36.69380569458008
2015-02-27,50.0099983215332,36.841129302978516
2015-03-02,50.099998474121094,36.907440185546875
2015-03-03,49.90999984741211,36.7674560546875
2015-03-04,49.560001373291016,36.5096321105957
2015-03-05,49.72999954223633,36.63485336303711
2015-03-06,48.7599983215332,35.92028045654297
2015-03-09,49.029998779296875,36.11918640136719
2015-03-10,48.33000183105469,35.6035270690918
2015-03-11,47.959999084472656,35.33094024658203
2015-03-12,48.65999984741211,35.846614837646484
2015-03-13,48.279998779296875,35.56668472290039
2015-03-16,48.869998931884766,36.00130844116211
2015-03-17,48.52000045776367,35.74348068237305
2015-03-18,48.849998474121094,35.986576080322266
2015-03-19,48.630001068115234,35.82450866699219
2015-03-20,48.939998626708984,36.27366638183594
2015-03-23,49.02000045776367,36.332977294921875
2015-03-24,48.7400016784668,36.125450134277344
2015-03-25,48.619998931884766,36.036495208740234
2015-03-26,48.40999984741211,35.880859375
2015-03-27,48.709999084472656,36.10321044921875
2015-03-30,49.20000076293945,36.46638107299805
2015-03-31,48.7400016784668,36.125450134277344
2015-04-01,48.79999923706055,36.169918060302734
2015-04-02,49.130001068115234,36.41450500488281
2015-04-06,49.52000045776367,36.703575134277344
2015-04-07,49.290000915527344,36.53309631347656
2015-04-08,49.369998931884766,36.5923957824707
2015-04-09,49.5099983215332,36.69614791870117
2015-04-10,49.599998474121094,36.762847900390625
2015-04-13,49.369998931884766,36.5923957824707
2015-04-14,49.47999954223633,36.673919677734375
2015-04-15,49.34000015258789,36.57015609741211
2015-04-16,49.52000045776367,36.703575134277344
2015-04-17,49.060001373291016,36.36261749267578
2015-04-20,49.22999954223633,36.488616943359375
2015-04-21,49.31999969482422,36.555335998535156
2015-04-22,49.349998474121094,36.57756805419922
2015-04-23,49.18000030517578,36.45156478881836
2015-04-24,49.189998626708984,36.458980560302734
2015-04-27,48.91999816894531,36.25885772705078
2015-04-28,48.970001220703125,36.2959098815918
2015-04-29,48.529998779296875,35.96979522705078
2015-04-30,48.369998931884766,35.8511962890625
2015-05-01,48.810001373291016,36.177330017089844
2015-05-04,48.880001068115234,36.229209899902344
2015-05-05,48.4900016784668,35.94013977050781
2015-05-06,48.63999938964844,36.05132293701172
2015-05-07,48.7599983215332,36.140262603759766
2015-05-08,49.16999816894531,36.444156646728516
2015-05-11,48.970001220703125,36.2959098815918
2015-05-12,48.86000061035156,36.214378356933594
2015-05-13,48.84000015258789,36.19955825805664
2015-05-14,49.59000015258789,36.75543975830078
2015-05-15,49.75,36.8740348815918
2015-05-18,49.59000015258789,36.75543975830078
2015-05-19,49.459999084472656,36.659088134765625
2015-05-20,49.349998474121094,36.57756805419922
2015-05-21,49.459999084472656,36.659088134765625
2015-05-22,49.25,36.50344467163086
2015-05-26,48.86000061035156,36.214378356933594
2015-05-27,49.16999816894531,36.444156646728516
2015-05-28,49.099998474121094,36.39226531982422
2015-05-29,48.790000915527344,36.16249465942383
2015-06-01,48.790000915527344,36.16249465942383
2015-06-02,48.65999984741211,36.06614303588867
2015-06-03,48.630001068115234,36.043907165527344
2015-06-04,48.279998779296875,35.784507751464844
2015-06-05,47.59000015258789,35.27309036254883
2015-06-08,47.56999969482422,35.25825500488281
2015-06-09,47.79999923706055,35.42872619628906
2015-06-10,48.27000045776367,35.77708435058594
2015-06-11,48.25,35.76225662231445
2015-06-12,48.060001373291016,35.621437072753906
2015-06-15,47.709999084472656,35.36201095581055
2015-06-16,48.22999954223633,35.747432708740234
2015-06-17,48.4900016784668,35.94013977050781
2015-06-18,49.029998779296875,36.34040069580078
2015-06-19,48.65999984741211,36.289669036865234
2015-06-22,48.849998474121094,36.431373596191406
2015-06-23,48.63999938964844,36.27477264404297
2015-06-24,48.41999816894531,36.110679626464844
2015-06-25,48.33000183105469,36.0435676574707
2015-06-26,48.43000030517578,36.1181526184082
2015-06-29,47.68000030517578,35.558807373046875
2015-06-30,47.599998474121094,35.499149322509766
2015-07-01,48.209999084472656,35.95407485961914
2015-07-02,48.16999816894531,35.924232482910156
2015-07-06,48.130001068115234,35.894405364990234
2015-07-07,49.119998931884766,36.63273620605469
2015-07-08,48.56999969482422,36.222557067871094
2015-07-09,48.61000061035156,36.25238800048828
2015-07-10,49.18000030517578,36.67747116088867
2015-07-13,49.63999938964844,37.020538330078125
2015-07-14,49.720001220703125,37.08019256591797
2015-07-15,49.59000015258789,36.983253479003906
2015-07-16,50.099998474121094,37.36359405517578
2015-07-17,50.06999969482422,37.341217041015625
2015-07-20,50.15999984741211,37.40835189819336
2015-07-21,50.040000915527344,37.31884765625
2015-07-22,50.150001525878906,37.40089416503906
2015-07-23,49.959999084472656,37.259193420410156
2015-07-24,49.68000030517578,37.05037307739258
2015-07-27,49.650001525878906,37.027992248535156
2015-07-28,50.209999084472656,37.445640563964844
2015-07-29,50.380001068115234,37.57240295410156
2015-07-30,50.209999084472656,37.445640563964844
2015-07-31,50.310001373291016,37.52021026611328
2015-08-03,50.380001068115234,37.57240295410156
2015-08-04,50.380001068115234,37.57240295410156
2015-08-05,50.81999969482422,37.90055847167969
2015-08-06,50.439998626708984,37.61717224121094
2015-08-07,50.15999984741211,37.40835189819336
2015-08-10,50.349998474121094,37.5500373840332
2015-08-11,50.16999816894531,37.41579818725586
2015-08-12,50.20000076293945,37.43818283081055
2015-08-13,50.0,37.289031982421875
2015-08-14,50.15999984741211,37.40835189819336
2015-08-17,50.209999084472656,37.445640563964844
2015-08-18,49.959999084472656,37.259193420410156
2015-08-19,49.5,36.91613006591797
2015-08-20,49.04999923706055,36.580528259277344
2015-08-21,47.709999084472656,35.58118438720703
2015-08-24,46.04999923706055,34.34318923950195
2015-08-25,45.70000076293945,34.08216857910156
2015-08-26,47.04999923706055,35.0889778137207
2015-08-27,47.7400016784668,35.603553771972656
2015-08-28,47.63999938964844,35.528987884521484
2015-08-31,47.310001373291016,35.28287124633789
2015-09-01,46.34000015258789,34.5594596862793
2015-09-02,46.970001220703125,35.029293060302734
2015-09-03,47.290000915527344,35.2679557800293
2015-09-04,46.52000045776367,34.693702697753906
2015-09-08,47.4900016784668,35.41710662841797
2015-09-09,46.709999084472656,34.835391998291016
2015-09-10,46.790000915527344,34.89506149291992
2015-09-11,47.099998474121094,35.12624740600586
2015-09-14,46.95000076293945,35.01438522338867
2015-09-15,47.5099983215332,35.43202590942383
2015-09-16,48.04999923706055,35.834739685058594
2015-09-17,48.04999923706055,35.834739685058594
2015-09-18,47.189998626708984,35.420413970947266
2015-09-21,47.540000915527344,35.68313217163086
2015-09-22,47.02000045776367,35.292808532714844
2015-09-23,47.099998474121094,35.352874755859375
2015-09-24,47.18000030517578,35.41290283203125
2015-09-25,47.47999954223633,35.63807678222656
2015-09-28,46.779998779296875,35.11268615722656
2015-09-29,46.7599983215332,35.09767150878906
2015-09-30,47.189998626708984,35.420413970947266
2015-10-01,47.189998626708984,35.420413970947266
2015-10-02,47.84000015258789,35.90830993652344
2015-10-05,48.65999984741211,36.5237922668457
2015-10-06,48.33000183105469,36.27609634399414
2015-10-07,48.77000045776367,36.60635757446289
2015-10-08,49.349998474121094,37.041709899902344
2015-10-09,49.459999084472656,37.1242561340332
2015-10-12,49.59000015258789,37.22184753417969
2015-10-13,49.290000915527344,36.99665832519531
2015-10-14,48.720001220703125,36.568824768066406
2015-10-15,49.15999984741211,36.89908981323242
2015-10-16,49.630001068115234,37.251869201660156
2015-10-19,49.849998474121094,37.41699981689453
2015-10-20,49.81999969482422,37.39448165893555
2015-10-21,49.83000183105469,37.40199279785156
2015-10-22,50.81999969482422,38.14507293701172
2015-10-23,50.7400016784668,38.08503341674805
2015-10-26,50.63999938964844,38.00996398925781
2015-10-27,50.709999084472656,38.06251525878906
2015-10-28,50.41999816894531,37.8448371887207
2015-10-29,50.439998626708984,37.859840393066406
2015-10-30,49.880001068115234,37.439517974853516
2015-11-02,50.18000030517578,37.664695739746094
2015-11-03,49.939998626708984,37.48454666137695
2015-11-04,49.72999954223633,37.32692337036133
2015-11-05,49.720001220703125,37.319427490234375
2015-11-06,49.18000030517578,36.914100646972656
2015-11-09,48.849998474121094,36.666412353515625
2015-11-10,48.97999954223633,36.76398849487305
2015-11-11,48.90999984741211,36.71144104003906
2015-11-12,48.25,36.2160530090332
2015-11-13,47.83000183105469,35.90079879760742
2015-11-16,48.650001525878906,36.516292572021484
2015-11-17,48.630001068115234,36.50126266479492
2015-11-18,49.29999923706055,37.00415802001953
2015-11-19,49.43000030517578,37.10173797607422
2015-11-20,49.08000183105469,36.83905029296875
2015-11-23,49.5099983215332,37.16179275512695
2015-11-24,49.63999938964844,37.25936508178711
2015-11-25,49.77000045776367,37.3569450378418
2015-11-27,49.959999084472656,37.49954605102539
2015-11-30,49.41999816894531,37.0942268371582
2015-12-01,49.84000015258789,37.409481048583984
2015-12-02,49.59000015258789,37.22184753417969
2015-12-03,49.33000183105469,37.02667999267578
2015-12-04,50.439998626708984,37.859840393066406
2015-12-07,50.58000183105469,37.96493148803711
2015-12-08,50.45000076293945,37.86735153198242
2015-12-09,49.970001220703125,37.50707244873047
2015-12-10,50.029998779296875,37.55210494995117
2015-12-11,49.47999954223633,37.139278411865234
2015-12-14,49.970001220703125,37.50707244873047
2015-12-15,50.290000915527344,37.747257232666016
2015-12-16,51.2599983215332,38.4753303527832
2015-12-17,50.599998474121094,37.97993469238281
2015-12-18,49.34000015258789,37.30698776245117
2015-12-21,49.900001525878906,37.73042297363281
2015-12-22,50.54999923706055,38.22189712524414
2015-12-23,50.91999816894531,38.50165939331055
2015-12-24,50.869998931884766,38.463871002197266
2015-12-28,50.79999923706055,38.41093444824219
2015-12-29,51.2400016784668,38.743629455566406
2015-12-30,51.060001373291016,38.60752487182617
2015-12-31,50.4900016784668,38.1765251159668
2016-01-04,49.849998474121094,37.6926155090332
2016-01-05,50.16999816894531,37.934566497802734
2016-01-06,50.0,37.8060188293457
2016-01-07,49.400001525878906,37.35236358642578
2016-01-08,49.02000045776367,37.065032958984375
2016-01-11,49.47999954223633,37.4128532409668
2016-01-12,49.75,37.617000579833984
2016-01-13,48.84000015258789,36.928932189941406
2016-01-14,49.06999969482422,37.10283660888672
2016-01-15,48.29999923706055,36.52061080932617
2016-01-19,48.880001068115234,36.95917892456055
2016-01-20,48.27000045776367,36.49794387817383
2016-01-21,48.459999084472656,36.6416130065918
2016-01-22,49.290000915527344,37.26919937133789
2016-01-25,48.849998474121094,36.936492919921875
2016-01-26,49.29999923706055,37.27674102783203
2016-01-27,49.25,37.238948822021484
2016-01-28,49.75,37.617000579833984
2016-01-29,50.7599983215332,38.380680084228516
2016-02-01,50.93000030517578,38.50921630859375
2016-02-02,50.279998779296875,38.017730712890625
2016-02-03,50.16999816894531,37.934566497802734
2016-02-04,49.709999084472656,37.58675003051758
2016-02-05,49.630001068115234,37.52626419067383
2016-02-08,49.5,37.42797088623047
2016-02-09,49.83000183105469,37.677490234375
2016-02-10,49.77000045776367,37.63210678100586
2016-02-11,49.369998931884766,37.329673767089844
2016-02-12,50.06999969482422,37.85895919799805
2016-02-16,50.470001220703125,38.16140365600586
2016-02-17,50.9900016784668,38.554588317871094
2016-02-18,50.7599983215332,38.380680084228516
2016-02-19,50.84000015258789,38.441165924072266
2016-02-22,51.09000015258789,38.63019561767578
2016-02-23,51.08000183105469,38.62263870239258
2016-02-24,51.2400016784668,38.743629455566406
2016-02-25,51.81999969482422,39.18216323852539
2016-02-26,51.09000015258789,38.63019561767578
2016-02-29,50.91999816894531,38.50165939331055
2016-03-01,51.40999984741211,38.872154235839844
2016-03-02,51.560001373291016,38.98558044433594
2016-03-03,51.81999969482422,39.18216323852539
2016-03-04,52.040000915527344,39.34852600097656
2016-03-07,51.720001220703125,39.10655975341797
2016-03-08,51.869998931884766,39.219966888427734
2016-03-09,52.2599983215332,39.514854431152344
2016-03-10,52.279998779296875,39.52998733520508
2016-03-11,52.45000076293945,39.65852737426758
2016-03-14,52.41999816894531,39.63584518432617
2016-03-15,52.54999923706055,39.734134674072266
2016-03-16,52.66999816894531,39.82486343383789
2016-03-17,52.9900016784668,40.06683349609375
2016-03-18,52.650001525878906,40.014400482177734
2016-03-21,52.68000030517578,40.037193298339844
2016-03-22,52.369998931884766,39.80158615112305
2016-03-23,52.380001068115234,39.80918884277344
2016-03-24,52.31999969482422,39.76359558105469
2016-03-28,52.599998474121094,39.97639465332031
2016-03-29,52.9900016784668,40.272796630859375
2016-03-30,53.34000015258789,40.53879165649414
2016-03-31,53.060001373291016,40.32598876953125
2016-04-01,53.619998931884766,40.75159454345703
2016-04-04,53.63999938964844,40.76680374145508
2016-04-05,53.279998779296875,40.493202209472656
2016-04-06,53.70000076293945,40.81239318847656
2016-04-07,53.119998931884766,40.37159729003906
2016-04-08,53.40999984741211,40.591983795166016
2016-04-11,53.029998779296875,40.303184509277344
2016-04-12,53.36000061035156,40.55400466918945
2016-04-13,52.95000076293945,40.24238586425781
2016-04-14,52.709999084472656,40.059993743896484
2016-04-15,53.040000915527344,40.3108024597168
2016-04-18,53.34000015258789,40.53879165649414
2016-04-19,53.310001373291016,40.5160026550293
2016-04-20,52.709999084472656,40.059993743896484
2016-04-21,51.77000045776367,39.345577239990234
2016-04-22,51.959999084472656,39.4899787902832
2016-04-25,52.31999969482422,39.76359558105469
2016-04-26,52.11000061035156,39.60398864746094
2016-04-27,52.36000061035156,39.79399490356445
2016-04-28,52.40999984741211,39.83198928833008
2016-04-29,52.29999923706055,39.748390197753906
2016-05-02,52.900001525878906,40.204402923583984
2016-05-03,52.79999923706055,40.128395080566406
2016-05-04,52.959999084472656,40.250003814697266
2016-05-05,52.970001220703125,40.25758361816406
2016-05-06,53.2400016784668,40.462791442871094
2016-05-09,53.529998779296875,40.68319320678711
2016-05-10,54.060001373291016,41.08599853515625
2016-05-11,53.630001068115234,40.75920104980469
2016-05-12,53.91999816894531,40.97959518432617
2016-05-13,53.2400016784668,40.462791442871094
2016-05-16,53.58000183105469,40.7212028503418
2016-05-17,52.529998779296875,39.923194885253906
2016-05-18,51.91999816894531,39.4595832824707
2016-05-19,52.43000030517578,39.847190856933594
2016-05-20,52.15999984741211,39.64198303222656
2016-05-23,52.209999084472656,39.67998504638672
2016-05-24,52.650001525878906,40.014400482177734
2016-05-25,52.72999954223633,40.0751838684082
2016-05-26,52.939998626708984,40.234798431396484
2016-05-27,53.0,40.28038787841797
2016-05-31,52.65999984741211,40.0219841003418
2016-06-01,53.20000076293945,40.43239974975586
2016-06-02,53.220001220703125,40.447608947753906
2016-06-03,53.560001373291016,40.705989837646484
2016-06-06,53.619998931884766,40.75159454345703
2016-06-07,53.560001373291016,40.705989837646484
2016-06-08,53.880001068115234,40.94920349121094
2016-06-09,54.09000015258789,41.108802795410156
2016-06-10,54.130001068115234,41.13920593261719
2016-06-13,53.68000030517578,40.797203063964844
2016-06-14,53.88999938964844,40.95680618286133
2016-06-15,53.72999954223633,40.8351936340332
2016-06-16,54.0099983215332,41.048004150390625
2016-06-17,53.470001220703125,40.88209533691406
2016-06-20,53.63999938964844,41.01206970214844
2016-06-21,53.779998779296875,41.119102478027344
2016-06-22,53.810001373291016,41.14204406738281
2016-06-23,54.13999938964844,41.39435577392578
2016-06-24,53.099998474121094,40.59918212890625
2016-06-27,52.9900016784668,40.51508712768555
2016-06-28,53.31999969482422,40.767398834228516
2016-06-29,53.939998626708984,41.2414436340332
2016-06-30,55.150001525878906,42.16657638549805
2016-07-01,54.88999938964844,41.967803955078125
2016-07-05,55.20000076293945,42.20481491088867
2016-07-06,55.25,42.24305725097656
2016-07-07,55.13999938964844,42.15892791748047
2016-07-08,55.689998626708984,42.57944869995117
2016-07-11,55.70000076293945,42.58710861206055
2016-07-12,55.400001525878906,42.357723236083984
2016-07-13,55.709999084472656,42.59475326538086
2016-07-14,55.70000076293945,42.58710861206055
2016-07-15,55.70000076293945,42.58710861206055
2016-07-18,55.63999938964844,42.54123306274414
2016-07-19,55.599998474121094,42.510650634765625
2016-07-20,55.400001525878906,42.357723236083984
2016-07-21,55.2400016784668,42.23539733886719
2016-07-22,55.5,42.434200286865234
2016-07-25,55.439998626708984,42.3883056640625
2016-07-26,55.0099983215332,42.05955505371094
2016-07-27,54.189998626708984,41.43258285522461
2016-07-28,54.43000030517578,41.61608123779297
2016-07-29,54.70000076293945,41.82252883911133
2016-08-01,54.7599983215332,41.86839294433594
2016-08-02,54.68000030517578,41.807220458984375
2016-08-03,54.380001068115234,41.577850341796875
2016-08-04,54.5,41.66960906982422
2016-08-05,54.59000015258789,41.73842239379883
2016-08-08,54.529998779296875,41.69253158569336
2016-08-09,54.70000076293945,41.82252883911133
2016-08-10,54.900001525878906,41.975440979003906
2016-08-11,54.900001525878906,41.975440979003906
2016-08-12,55.09000015258789,42.12070083618164
2016-08-15,54.95000076293945,42.013675689697266
2016-08-16,54.709999084472656,41.83017349243164
2016-08-17,54.86000061035156,41.944862365722656
2016-08-18,55.04999923706055,42.090126037597656
2016-08-19,54.91999816894531,41.990718841552734
2016-08-22,55.0,42.05188751220703
2016-08-23,54.88999938964844,41.967803955078125
2016-08-24,54.79999923706055,41.89897537231445
2016-08-25,54.59000015258789,41.73842239379883
2016-08-26,54.310001373291016,41.52433395385742
2016-08-29,54.630001068115234,41.76901626586914
2016-08-30,54.310001373291016,41.52433395385742
2016-08-31,54.380001068115234,41.577850341796875
2016-09-01,54.400001525878906,41.5931396484375
2016-09-02,54.81999969482422,41.914276123046875
2016-09-06,54.939998626708984,42.006011962890625
2016-09-07,54.459999084472656,41.63902282714844
2016-09-08,54.15999984741211,41.409645080566406
2016-09-09,52.689998626708984,40.28571701049805
2016-09-12,53.68000030517578,41.042659759521484
2016-09-13,53.02000045776367,40.538028717041016
2016-09-14,52.86000061035156,40.41569900512695
2016-09-15,53.290000915527344,40.744476318359375
2016-09-16,52.790000915527344,40.61214065551758
2016-09-19,52.68000030517578,40.52751541137695
2016-09-20,52.81999969482422,40.63522720336914
2016-09-21,53.11000061035156,40.85832214355469
2016-09-22,53.58000183105469,41.21990966796875
2016-09-23,53.34000015258789,41.03525161743164
2016-09-26,52.88999938964844,40.68906784057617
2016-09-27,53.11000061035156,40.85832214355469
2016-09-28,53.20000076293945,40.92756271362305
2016-09-29,52.68000030517578,40.52751541137695
2016-09-30,53.209999084472656,40.93525314331055
2016-10-03,52.869998931884766,40.673683166503906
2016-10-04,52.41999816894531,40.3275032043457
2016-10-05,52.369998931884766,40.289031982421875
2016-10-06,52.470001220703125,40.365966796875
2016-10-07,52.33000183105469,40.25825119018555
2016-10-10,52.33000183105469,40.25825119018555
2016-10-11,52.060001373291016,40.0505485534668
2016-10-12,52.349998474121094,40.27363586425781
2016-10-13,52.36000061035156,40.281333923339844
2016-10-14,52.369998931884766,40.289031982421875
2016-10-17,52.119998931884766,40.096702575683594
2016-10-18,52.279998779296875,40.21977996826172
2016-10-19,51.97999954223633,39.98900604248047
2016-10-20,51.95000076293945,39.965919494628906
2016-10-21,52.22999954223633,40.181339263916016
2016-10-24,52.56999969482422,40.442893981933594
2016-10-25,52.7599983215332,40.58906555175781
2016-10-26,52.689998626708984,40.535213470458984
2016-10-27,52.45000076293945,40.35057830810547
2016-10-28,52.66999816894531,40.51982498168945
2016-10-31,52.79999923706055,40.619842529296875
2016-11-01,52.56999969482422,40.442893981933594
2016-11-02,52.439998626708984,40.34288024902344
2016-11-03,52.08000183105469,40.06594467163086
2016-11-04,51.61000061035156,39.70435333251953
2016-11-07,52.47999954223633,40.37366485595703
2016-11-08,52.70000076293945,40.54290008544922
2016-11-09,51.97999954223633,39.98900604248047
2016-11-10,50.59000015258789,38.91964340209961
2016-11-11,50.540000915527344,38.88117599487305
2016-11-14,50.45000076293945,38.811946868896484
2016-11-15,50.7599983215332,39.05043029785156
2016-11-16,50.77000045776367,39.058128356933594
2016-11-17,50.68000030517578,38.988887786865234
2016-11-18,50.5,38.85041046142578
2016-11-21,50.84000015258789,39.11198425292969
2016-11-22,51.099998474121094,39.31201171875
2016-11-23,50.81999969482422,39.09659194946289
2016-11-25,51.220001220703125,39.40431213378906
2016-11-28,51.33000183105469,39.48894119262695
2016-11-29,51.400001525878906,39.542789459228516
2016-11-30,50.58000183105469,38.91196060180664
2016-12-01,50.25,38.658077239990234
2016-12-02,50.56999969482422,38.90425491333008
2016-12-05,50.630001068115234,38.95041275024414
2016-12-06,50.779998779296875,39.06581497192383
2016-12-07,51.5099983215332,39.627410888671875
2016-12-08,51.29999923706055,39.465858459472656
2016-12-09,52.040000915527344,40.03515625
2016-12-12,52.25,40.19670867919922
2016-12-13,52.4900016784668,40.38135528564453
2016-12-14,51.91999816894531,39.942832946777344
2016-12-15,52.13999938964844,40.112091064453125
2016-12-16,52.04999923706055,40.34149932861328
2016-12-19,52.150001525878906,40.41902160644531
2016-12-20,52.04999923706055,40.34149932861328
2016-12-21,52.040000915527344,40.333744049072266
2016-12-22,51.959999084472656,40.2717399597168
2016-12-23,52.060001373291016,40.3492431640625
2016-12-27,52.04999923706055,40.34149932861328
2016-12-28,51.72999954223633,40.093482971191406
2016-12-29,51.970001220703125,40.27949905395508
2016-12-30,51.709999084472656,40.07797622680664
2017-01-03,51.900001525878906,40.225242614746094
2017-01-04,51.900001525878906,40.225242614746094
2017-01-05,52.06999969482422,40.35700988769531
2017-01-06,52.119998931884766,40.395751953125
2017-01-09,51.70000076293945,40.07024383544922
2017-01-10,51.439998626708984,39.86871337890625
2017-01-11,51.540000915527344,39.94622039794922
2017-01-12,51.4900016784668,39.9074821472168
2017-01-13,51.52000045776367,39.93071746826172
2017-01-17,52.25,40.496517181396484
2017-01-18,52.43000030517578,40.636016845703125
2017-01-19,52.2400016784668,40.4887580871582
2017-01-20,52.58000183105469,40.75227355957031
2017-01-23,52.560001373291016,40.73677444458008
2017-01-24,52.90999984741211,41.00804138183594
2017-01-25,52.900001525878906,41.000301361083984
2017-01-26,52.66999816894531,40.82204055786133
2017-01-27,52.380001068115234,40.59728240966797
2017-01-30,52.34000015258789,40.566261291503906
2017-01-31,52.59000015258789,40.76002502441406
2017-02-01,52.18000030517578,40.44225311279297
2017-02-02,52.65999984741211,40.81428909301758
2017-02-03,53.0,41.07780838012695
2017-02-06,52.709999084472656,40.85303497314453
2017-02-07,53.13999938964844,41.18630599975586
2017-02-08,53.36000061035156,41.356834411621094
2017-02-09,53.58000183105469,41.52734375
2017-02-10,53.619998931884766,41.55832290649414
2017-02-13,53.619998931884766,41.55832290649414
2017-02-14,53.630001068115234,41.566078186035156
2017-02-15,54.119998931884766,41.94585037231445
2017-02-16,54.189998626708984,42.0001106262207
2017-02-17,54.459999084472656,42.20937728881836
2017-02-21,54.95000076293945,42.589149475097656
2017-02-22,54.959999084472656,42.5969123840332
2017-02-23,55.09000015258789,42.69764709472656
2017-02-24,55.279998779296875,42.84492492675781
2017-02-27,55.029998779296875,42.65115737915039
2017-02-28,55.099998474121094,42.70540237426758
2017-03-01,55.36000061035156,42.90693283081055
2017-03-02,55.349998474121094,42.899169921875
2017-03-03,55.13999938964844,42.736427307128906
2017-03-06,54.900001525878906,42.5504150390625
2017-03-07,54.83000183105469,42.496158599853516
2017-03-08,54.709999084472656,42.40314483642578
2017-03-09,54.79999923706055,42.4728889465332
2017-03-10,55.04999923706055,42.666664123535156
2017-03-13,55.09000015258789,42.69764709472656
2017-03-14,54.93000030517578,42.573665618896484
2017-03-15,55.34000015258789,42.89143371582031
2017-03-16,55.41999816894531,42.953426361083984
2017-03-17,54.97999954223633,42.836570739746094
2017-03-20,55.09000015258789,42.92224884033203
2017-03-21,55.040000915527344,42.883304595947266
2017-03-22,54.93000030517578,42.797611236572266
2017-03-23,54.810001373291016,42.704105377197266
2017-03-24,54.70000076293945,42.61840057373047
2017-03-27,54.650001525878906,42.57945251464844
2017-03-28,54.75,42.65736389160156
2017-03-29,54.849998474121094,42.73528289794922
2017-03-30,54.7400016784668,42.64956283569336
2017-03-31,54.58000183105469,42.524906158447266
2017-04-03,54.4900016784668,42.45478439331055
2017-04-04,54.650001525878906,42.57945251464844
2017-04-05,54.54999923706055,42.50153732299805
2017-04-06,54.54999923706055,42.50153732299805
2017-04-07,54.70000076293945,42.61840057373047
2017-04-10,54.86000061035156,42.743072509765625
2017-04-11,54.880001068115234,42.7586555480957
2017-04-12,55.09000015258789,42.92224884033203
2017-04-13,54.84000015258789,42.727481842041016
2017-04-17,55.22999954223633,43.031341552734375
2017-04-18,55.47999954223633,43.22611618041992
2017-04-19,55.27000045776367,43.06250762939453
2017-04-20,55.15999984741211,42.976806640625
2017-04-21,55.0,42.852134704589844
2017-04-24,55.5,43.2417106628418
2017-04-25,55.720001220703125,43.41311264038086
2017-04-26,55.27000045776367,43.06250762939453
2017-04-27,55.20000076293945,43.007965087890625
2017-04-28,55.18000030517578,42.992401123046875
2017-05-01,54.970001220703125,42.82877731323242
2017-05-02,54.599998474121094,42.540489196777344
2017-05-03,54.650001525878906,42.57945251464844
2017-05-04,55.06999969482422,42.906681060791016
2017-05-05,55.220001220703125,43.0235595703125
2017-05-08,55.20000076293945,43.007965087890625
2017-05-09,55.0,42.852134704589844
2017-05-10,55.040000915527344,42.883304595947266
2017-05-11,55.119998931884766,42.94564437866211
2017-05-12,54.959999084472656,42.820980072021484
2017-05-15,55.13999938964844,42.96123123168945
2017-05-16,55.09000015258789,42.92224884033203
2017-05-17,55.0099983215332,42.85993194580078
2017-05-18,55.04999923706055,42.89109802246094
2017-05-19,55.349998474121094,43.12483596801758
2017-05-22,55.65999984741211,43.366371154785156
2017-05-23,55.720001220703125,43.41311264038086
2017-05-24,55.939998626708984,43.584537506103516
2017-05-25,56.290000915527344,43.85722351074219
2017-05-26,56.5,44.02083969116211
2017-05-30,56.47999954223633,44.0052490234375
2017-05-31,56.63999938964844,44.129920959472656
2017-06-01,57.099998474121094,44.488304138183594
2017-06-02,57.27000045776367,44.620765686035156
2017-06-05,57.33000183105469,44.66751480102539
2017-06-06,57.189998626708984,44.558441162109375
2017-06-07,57.16999816894531,44.54285430908203
2017-06-08,56.7400016784668,44.20783615112305
2017-06-09,56.66999816894531,44.15327835083008
2017-06-12,56.65999984741211,44.1454963684082
2017-06-13,56.75,44.21562576293945
2017-06-14,57.11000061035156,44.4961051940918
2017-06-15,56.97999954223633,44.394813537597656
2017-06-16,55.95000076293945,43.92845153808594
2017-06-19,56.220001220703125,44.14045333862305
2017-06-20,56.0,43.96771240234375
2017-06-21,55.84000015258789,43.84208679199219
2017-06-22,55.470001220703125,43.55158615112305
2017-06-23,55.4900016784668,43.56727981567383
2017-06-26,55.709999084472656,43.740013122558594
2017-06-27,55.22999954223633,43.36314010620117
2017-06-28,55.43000030517578,43.52017593383789
2017-06-29,54.84000015258789,43.056949615478516
2017-06-30,54.939998626708984,43.13546371459961
2017-07-03,54.88999938964844,43.096195220947266
2017-07-05,54.849998474121094,43.06480407714844
2017-07-06,54.540000915527344,42.821407318115234
2017-07-07,54.5099983215332,42.7978401184082
2017-07-10,54.130001068115234,42.499507904052734
2017-07-11,53.97999954223633,42.38173294067383
2017-07-12,54.279998779296875,42.617271423339844
2017-07-13,54.290000915527344,42.6251106262207
2017-07-14,54.720001220703125,42.96273422241211
2017-07-17,54.779998779296875,43.00983810424805
2017-07-18,54.779998779296875,43.00983810424805
2017-07-19,54.97999954223633,43.16687774658203
2017-07-20,54.9900016784668,43.174720764160156
2017-07-21,55.08000183105469,43.24538040161133
2017-07-24,54.900001525878906,43.10405349731445
2017-07-25,55.279998779296875,43.402408599853516
2017-07-26,55.27000045776367,43.394554138183594
2017-07-27,55.810001373291016,43.81853485107422
2017-07-28,55.34000015258789,43.44951629638672
2017-07-31,55.31999969482422,43.43380355834961
2017-08-01,55.2599983215332,43.3867073059082
2017-08-02,55.220001220703125,43.35530471801758
2017-08-03,55.16999816894531,43.3160400390625
2017-08-04,55.02000045776367,43.19827651977539
2017-08-07,55.43000030517578,43.52017593383789
2017-08-08,55.220001220703125,43.35530471801758
2017-08-09,55.310001373291016,43.42596435546875
2017-08-10,55.08000183105469,43.24538040161133
2017-08-11,55.119998931884766,43.27679443359375
2017-08-14,55.38999938964844,43.488773345947266
2017-08-15,55.66999816894531,43.7086067199707
2017-08-16,55.86000061035156,43.857784271240234
2017-08-17,55.349998474121094,43.457366943359375
2017-08-18,55.20000076293945,43.339599609375
2017-08-21,55.400001525878906,43.496612548828125
2017-08-22,55.40999984741211,43.50447463989258
2017-08-23,55.25,43.37886047363281
2017-08-24,54.4900016784668,42.78215026855469
2017-08-25,54.66999816894531,42.923465728759766
2017-08-28,54.5099983215332,42.7978401184082
2017-08-29,54.70000076293945,42.947021484375
2017-08-30,54.689998626708984,42.93917465209961
2017-08-31,54.709999084472656,42.95487976074219
2017-09-01,54.970001220703125,43.159019470214844
2017-09-05,55.04999923706055,43.221824645996094
2017-09-06,55.279998779296875,43.402408599853516
2017-09-07,55.36000061035156,43.46522903442383
2017-09-08,55.09000015258789,43.25322341918945
2017-09-11,55.43000030517578,43.52017593383789
2017-09-12,55.54999923706055,43.6143913269043
2017-09-13,55.58000183105469,43.637943267822266
2017-09-14,55.470001220703125,43.55158615112305
2017-09-15,55.220001220703125,43.62743377685547
2017-09-18,55.29999923706055,43.690635681152344
2017-09-19,55.130001068115234,43.55632781982422
2017-09-20,54.599998474121094,43.13758850097656
2017-09-21,54.08000183105469,42.726749420166016
2017-09-22,53.91999816894531,42.600341796875
2017-09-25,54.310001373291016,42.90846252441406
2017-09-26,54.439998626708984,43.011173248291016
2017-09-27,54.02000045776367,42.67934799194336
2017-09-28,54.02000045776367,42.67934799194336
2017-09-29,53.97999954223633,42.64775085449219
2017-10-02,53.880001068115234,42.56874084472656
2017-10-03,53.939998626708984,42.61614990234375
2017-10-04,54.11000061035156,42.75046157836914
2017-10-05,54.349998474121094,42.94007110595703
2017-10-06,53.810001373291016,42.5134391784668
2017-10-09,53.65999984741211,42.39491653442383
2017-10-10,54.130001068115234,42.766258239746094
2017-10-11,54.2400016784668,42.85316848754883
2017-10-12,54.470001220703125,43.034873962402344
2017-10-13,54.56999969482422,43.113887786865234
2017-10-16,54.59000015258789,43.12968063354492
2017-10-17,54.38999938964844,42.97167205810547
2017-10-18,54.31999969482422,42.91636657714844
2017-10-19,54.029998779296875,42.687255859375
2017-10-20,53.900001525878906,42.58455276489258
2017-10-23,53.86000061035156,42.552940368652344
2017-10-24,53.66999816894531,42.4028205871582
2017-10-25,53.52000045776367,42.28430938720703
2017-10-26,53.560001373291016,42.315921783447266
2017-10-27,53.099998474121094,41.95249938964844
2017-10-30,52.650001525878906,41.59696578979492
2017-10-31,53.09000015258789,41.9445915222168
2017-11-01,53.2599983215332,42.07889938354492
2017-11-02,53.130001068115234,41.976192474365234
2017-11-03,53.13999938964844,41.98408126831055
2017-11-06,52.56999969482422,41.53375244140625
2017-11-07,53.15999984741211,41.999881744384766
2017-11-08,53.7400016784668,42.458133697509766
2017-11-09,53.72999954223633,42.450233459472656
2017-11-10,54.279998779296875,42.884769439697266
2017-11-13,54.59000015258789,43.12968063354492
2017-11-14,54.779998779296875,43.27979278564453
2017-11-15,54.20000076293945,42.82155227661133
2017-11-16,54.95000076293945,43.41411209106445
2017-11-17,54.7599983215332,43.264007568359375
2017-11-20,54.70000076293945,43.21659469604492
2017-11-21,54.880001068115234,43.358802795410156
2017-11-22,54.810001373291016,43.30350875854492
2017-11-24,54.77000045776367,43.27190017700195
2017-11-27,54.79999923706055,43.29560852050781
2017-11-28,55.25,43.6511344909668
2017-11-29,55.540000915527344,43.8802604675293
2017-11-30,56.04999923706055,44.28318405151367
2017-12-01,56.189998626708984,44.393795013427734
2017-12-04,56.720001220703125,44.81252670288086
2017-12-05,56.630001068115234,44.741432189941406
2017-12-06,56.9900016784668,45.02584457397461
2017-12-07,56.439998626708984,44.59130859375
2017-12-08,56.59000015258789,44.7098274230957
2017-12-11,56.58000183105469,44.701927185058594
2017-12-12,56.59000015258789,44.7098274230957
2017-12-13,56.90999984741211,44.962642669677734
2017-12-14,56.65999984741211,44.76511764526367
2017-12-15,56.880001068115234,45.27293014526367
2017-12-18,56.849998474121094,45.24905776977539
2017-12-19,56.91999816894531,45.30476379394531
2017-12-20,56.81999969482422,45.22517395019531
2017-12-21,56.779998779296875,45.193336486816406
2017-12-22,56.869998931884766,45.264976501464844
2017-12-26,57.0,45.36843490600586
2017-12-27,56.9900016784668,45.3604850769043
2017-12-28,56.900001525878906,45.28886413574219
2017-12-29,56.88999938964844,45.28089904785156
2018-01-02,56.540000915527344,45.0023078918457
2018-01-03,56.52000045776367,44.98640060424805
2018-01-04,56.68000030517578,45.113746643066406
2018-01-05,56.93000030517578,45.31272506713867
2018-01-08,57.06999969482422,45.424156188964844
2018-01-09,56.9900016784668,45.3604850769043
2018-01-10,56.709999084472656,45.13761520385742
2018-01-11,56.630001068115234,45.07394027709961
2018-01-12,56.650001525878906,45.08986282348633
2018-01-16,56.90999984741211,45.296810150146484
2018-01-17,57.560001373291016,45.814170837402344
2018-01-18,57.38999938964844,45.67885971069336
2018-01-19,58.029998779296875,46.188270568847656
2018-01-22,58.470001220703125,46.538482666015625
2018-01-23,58.279998779296875,46.38724899291992
2018-01-24,58.400001525878906,46.482765197753906
2018-01-25,58.43000030517578,46.50664138793945
2018-01-26,58.709999084472656,46.72949981689453
2018-01-29,58.47999954223633,46.54642868041992
2018-01-30,58.09000015258789,46.236019134521484
2018-01-31,57.81999969482422,46.021114349365234
2018-02-01,57.56999969482422,45.82212448120117
2018-02-02,56.470001220703125,44.946598052978516
2018-02-05,54.41999816894531,43.31492614746094
2018-02-06,55.02000045776367,43.79248046875
2018-02-07,54.779998779296875,43.601463317871094
2018-02-08,53.599998474121094,42.662254333496094
2018-02-09,53.709999084472656,42.74980545043945
2018-02-12,54.2599983215332,43.18756866455078
2018-02-13,54.5099983215332,43.38655471801758
2018-02-14,54.47999954223633,43.3626823425293
2018-02-15,55.380001068115234,44.07902145385742
2018-02-16,55.599998474121094,44.254127502441406
2018-02-20,54.34000015258789,43.251251220703125
2018-02-21,53.689998626708984,42.733890533447266
2018-02-22,53.83000183105469,42.84531784057617
2018-02-23,54.349998474121094,43.25920867919922
2018-02-26,54.689998626708984,43.529823303222656
2018-02-27,53.970001220703125,42.95675277709961
2018-02-28,53.40999984741211,42.51102828979492
2018-03-01,53.290000915527344,42.4155158996582
2018-03-02,53.7400016784668,42.773685455322266
2018-03-05,54.209999084472656,43.14777755737305
2018-03-06,54.25,43.17961120605469
2018-03-07,53.7599983215332,42.78960037231445
2018-03-08,54.25,43.17961120605469
2018-03-09,54.599998474121094,43.458187103271484
2018-03-12,54.5,43.37860107421875
2018-03-13,54.459999084472656,43.34675979614258
2018-03-14,53.90999984741211,42.90900802612305
2018-03-15,53.529998779296875,42.606544494628906
2018-03-16,53.25,42.62175369262695
2018-03-19,52.72999954223633,42.20553207397461
2018-03-20,52.58000183105469,42.085479736328125
2018-03-21,51.93000030517578,41.565208435058594
2018-03-22,51.5,41.221031188964844
2018-03-23,50.86000061035156,40.708770751953125
2018-03-26,51.59000015258789,41.293060302734375
2018-03-27,51.560001373291016,41.26906204223633
2018-03-28,52.27000045776367,41.837345123291016
2018-03-29,52.630001068115234,42.125492095947266
2018-04-02,51.34000015258789,41.09296417236328
2018-04-03,52.02000045776367,41.637245178222656
2018-04-04,52.83000183105469,42.285579681396484
2018-04-05,52.959999084472656,42.38963317871094
2018-04-06,52.41999816894531,41.95741653442383
2018-04-09,52.38999938964844,41.93340301513672
2018-04-10,52.5099983215332,42.029441833496094
2018-04-11,52.40999984741211,41.94940185546875
2018-04-12,52.33000183105469,41.8853759765625
2018-04-13,52.59000015258789,42.09347915649414
2018-04-16,53.15999984741211,42.54970932006836
2018-04-17,53.279998779296875,42.64577102661133
2018-04-18,52.880001068115234,42.32561111450195
2018-04-19,51.349998474121094,41.10097122192383
2018-04-20,50.4900016784668,40.412628173828125
2018-04-23,50.43000030517578,40.36459732055664
2018-04-24,50.11000061035156,40.10847854614258
2018-04-25,50.20000076293945,40.180503845214844
2018-04-26,50.5,40.420623779296875
2018-04-27,50.77000045776367,40.6367301940918
2018-04-30,50.45000076293945,40.380615234375
2018-05-01,50.0099983215332,40.02842330932617
2018-05-02,49.029998779296875,39.2440185546875
2018-05-03,48.97999954223633,39.204002380371094
2018-05-04,49.689998626708984,39.77229309082031
2018-05-07,49.380001068115234,39.52417755126953
2018-05-08,49.18000030517578,39.364078521728516
2018-05-09,49.25,39.420108795166016
2018-05-10,49.540000915527344,39.652244567871094
2018-05-11,49.540000915527344,39.652244567871094
2018-05-14,49.52000045776367,39.636226654052734
2018-05-15,49.33000183105469,39.4841423034668
2018-05-16,49.68000030517578,39.76428985595703
2018-05-17,49.849998474121094,39.90035629272461
2018-05-18,49.540000915527344,39.652244567871094
2018-05-21,49.75,39.82032012939453
2018-05-22,49.65999984741211,39.74827575683594
2018-05-23,49.84000015258789,39.89234924316406
2018-05-24,49.79999923706055,39.860347747802734
2018-05-25,49.880001068115234,39.92437744140625
2018-05-29,49.77000045776367,39.83633041381836
2018-05-30,50.470001220703125,40.39662170410156
2018-05-31,49.65999984741211,39.74827575683594
2018-06-01,49.65999984741211,39.74827575683594
2018-06-04,50.06999969482422,40.07644271850586
2018-06-05,49.84000015258789,39.89234924316406
2018-06-06,49.900001525878906,39.94037628173828
2018-06-07,50.209999084472656,40.188514709472656
2018-06-08,50.83000183105469,40.684757232666016
2018-06-11,51.25,41.020931243896484
2018-06-12,51.349998474121094,41.10097122192383
2018-06-13,51.189998626708984,40.97291946411133
2018-06-14,51.279998779296875,41.044952392578125
2018-06-15,51.540000915527344,41.57245635986328
2018-06-18,50.790000915527344,40.96751403808594
2018-06-19,51.060001373291016,41.1852912902832
2018-06-20,51.11000061035156,41.22563171386719
2018-06-21,51.209999084472656,41.30628967285156
2018-06-22,51.630001068115234,41.64506530761719
2018-06-25,51.88999938964844,41.854774475097656
2018-06-26,51.66999816894531,41.67732620239258
2018-06-27,51.560001373291016,41.58859634399414
2018-06-28,51.560001373291016,41.58859634399414
2018-06-29,51.529998779296875,41.564395904541016
2018-07-02,51.22999954223633,41.322425842285156
2018-07-03,51.349998474121094,41.41920471191406
2018-07-05,52.060001373291016,41.991905212402344
2018-07-06,52.220001220703125,42.12095260620117
2018-07-09,52.02000045776367,41.959632873535156
2018-07-10,52.63999938964844,42.45973205566406
2018-07-11,52.470001220703125,42.32261657714844
2018-07-12,52.400001525878906,42.266143798828125
2018-07-13,52.7400016784668,42.540401458740234
2018-07-16,52.4900016784668,42.338748931884766
2018-07-17,52.939998626708984,42.701717376708984
2018-07-18,52.5099983215332,42.3548698425293
2018-07-19,52.540000915527344,42.37907409667969
2018-07-20,52.86000061035156,42.63718795776367
2018-07-23,52.529998779296875,42.371002197265625
2018-07-24,52.630001068115234,42.45166015625
2018-07-25,53.029998779296875,42.774314880371094
2018-07-26,53.310001373291016,43.000160217285156
2018-07-27,53.380001068115234,43.056617736816406
2018-07-30,53.31999969482422,43.00822448730469
2018-07-31,53.56999969482422,43.209869384765625
2018-08-01,53.119998931884766,42.846900939941406
2018-08-02,53.65999984741211,43.282470703125
2018-08-03,54.290000915527344,43.79063415527344
2018-08-06,54.34000015258789,43.830955505371094
2018-08-07,54.0099983215332,43.564788818359375
2018-08-08,53.599998474121094,43.234073638916016
2018-08-09,53.439998626708984,43.105018615722656
2018-08-10,53.2400016784668,42.943702697753906
2018-08-13,53.2400016784668,42.943702697753906
2018-08-14,53.61000061035156,43.24213409423828
2018-08-15,53.83000183105469,43.41958236694336
2018-08-16,54.599998474121094,44.04066848754883
2018-08-17,55.02000045776367,44.37944793701172
2018-08-20,54.9900016784668,44.355262756347656
2018-08-21,54.599998474121094,44.04066848754883
2018-08-22,54.2599983215332,43.76642990112305
2018-08-23,54.130001068115234,43.66157913208008
2018-08-24,54.060001373291016,43.60511016845703
2018-08-27,54.09000015258789,43.62929916381836
2018-08-28,53.90999984741211,43.484127044677734
2018-08-29,53.970001220703125,43.53252029418945
2018-08-30,53.79999923706055,43.3953971862793
2018-08-31,53.779998779296875,43.379268646240234
2018-09-04,53.709999084472656,43.32279968261719
2018-09-05,54.33000183105469,43.82290267944336
2018-09-06,54.47999954223633,43.94388198852539
2018-09-07,54.369998931884766,43.85514831542969
2018-09-10,54.560001373291016,44.008419036865234
2018-09-11,54.36000061035156,43.84709548950195
2018-09-12,54.9900016784668,44.355262756347656
2018-09-13,54.90999984741211,44.29072189331055
2018-09-14,54.7599983215332,44.16973876953125
2018-09-17,54.959999084472656,44.331050872802734
2018-09-18,54.72999954223633,44.14553451538086
2018-09-19,54.630001068115234,44.064884185791016
2018-09-20,55.31999969482422,44.621429443359375
2018-09-21,55.02000045776367,44.69291305541992
2018-09-24,54.18000030517578,44.010589599609375
2018-09-25,53.86000061035156,43.75063705444336
2018-09-26,53.91999816894531,43.79939270019531
2018-09-27,53.849998474121094,43.74252700805664
2018-09-28,53.93000030517578,43.807518005371094
2018-10-01,53.88999938964844,43.7750244140625
2018-10-02,54.20000076293945,44.02682876586914
2018-10-03,53.619998931884766,43.555694580078125
2018-10-04,53.4900016784668,43.4500846862793
2018-10-05,53.439998626708984,43.40947723388672
2018-10-08,54.18000030517578,44.010589599609375
2018-10-09,54.060001373291016,43.913108825683594
2018-10-10,53.40999984741211,43.385108947753906
2018-10-11,52.09000015258789,42.31287384033203
2018-10-12,52.380001068115234,42.54843521118164
2018-10-15,52.70000076293945,42.80837631225586
2018-10-16,53.290000915527344,43.28763198852539
2018-10-17,53.540000915527344,43.49071502685547
2018-10-18,53.470001220703125,43.43384552001953
2018-10-19,54.689998626708984,44.42485427856445
2018-10-22,54.279998779296875,44.09182357788086
2018-10-23,54.52000045776367,44.28675842285156
2018-10-24,54.75,44.473594665527344
2018-10-25,54.880001068115234,44.579200744628906
2018-10-26,53.83000183105469,43.72626876831055
2018-10-29,54.45000076293945,44.22991180419922
2018-10-30,55.529998779296875,45.10719680786133
2018-10-31,55.0099983215332,44.68479537963867
2018-11-01,55.400001525878906,45.0015869140625
2018-11-02,55.11000061035156,44.76602554321289
2018-11-05,55.79999923706055,45.32652282714844
2018-11-06,56.13999938964844,45.602699279785156
2018-11-07,56.459999084472656,45.86263656616211
2018-11-08,56.4900016784668,45.88699722290039
2018-11-09,56.81999969482422,46.15506362915039
2018-11-12,56.52000045776367,45.911376953125
2018-11-13,56.38999938964844,45.80576705932617
2018-11-14,56.0099983215332,45.497100830078125
2018-11-15,55.91999816894531,45.42399215698242
2018-11-16,56.060001373291016,45.537715911865234
2018-11-19,55.970001220703125,45.464603424072266
2018-11-20,55.040000915527344,44.70914840698242
2018-11-21,54.599998474121094,44.351749420166016
2018-11-23,54.790000915527344,44.50608444213867
2018-11-26,54.86000061035156,44.56295394897461
2018-11-27,55.349998474121094,44.96097946166992
2018-11-28,55.810001373291016,45.33463668823242
2018-11-29,55.900001525878906,45.407752990722656
2018-11-30,56.2599983215332,45.70017623901367
2018-12-03,56.310001373291016,45.74079132080078
2018-12-04,55.36000061035156,44.96910095214844
2018-12-06,55.41999816894531,45.01784133911133
2018-12-07,54.720001220703125,44.44922637939453
2018-12-10,54.720001220703125,44.44922637939453
2018-12-11,55.16999816894531,44.81476593017578
2018-12-12,55.099998474121094,44.75790023803711
2018-12-13,55.439998626708984,45.03408432006836
2018-12-14,54.5,44.27052688598633
2018-12-17,53.2400016784668,43.24702453613281
2018-12-18,52.61000061035156,42.73526382446289
2018-12-19,52.099998474121094,42.32100296020508
2018-12-20,51.16999816894531,41.5655403137207
2018-12-21,50.18000030517578,41.13437271118164
2018-12-24,48.72999954223633,39.94575500488281
2018-12-26,50.09000015258789,41.060585021972656
2018-12-27,50.56999969482422,41.454063415527344
2018-12-28,50.56999969482422,41.454063415527344
2018-12-31,50.779998779296875,41.62621307373047
2019-01-02,50.47999954223633,41.38029098510742
2019-01-03,50.189998626708984,41.14256286621094
2019-01-04,51.2599983215332,42.01968765258789
2019-01-07,51.189998626708984,41.962310791015625
2019-01-08,51.65999984741211,42.34757995605469
2019-01-09,51.18000030517578,41.9541130065918
2019-01-10,51.47999954223633,42.20002365112305
2019-01-11,51.630001068115234,42.322994232177734
2019-01-14,51.380001068115234,42.1180534362793
2019-01-15,51.88999938964844,42.53611755371094
2019-01-16,51.61000061035156,42.30659866333008
2019-01-17,51.83000183105469,42.4869384765625
2019-01-18,52.45000076293945,42.99517059326172
2019-01-22,51.970001220703125,42.60169982910156
2019-01-23,52.59000015258789,43.10993576049805
2019-01-24,51.939998626708984,42.577117919921875
2019-01-25,51.72999954223633,42.404964447021484
2019-01-28,51.95000076293945,42.58530807495117
2019-01-29,52.06999969482422,42.683677673339844
2019-01-30,52.41999816894531,42.970584869384766
2019-01-31,53.38999938964844,43.76572799682617
2019-02-01,53.220001220703125,43.626380920410156
2019-02-04,53.560001373291016,43.905086517333984
2019-02-05,53.56999969482422,43.913272857666016
2019-02-06,53.58000183105469,43.92148208618164
2019-02-07,53.540000915527344,43.8886833190918
2019-02-08,53.790000915527344,44.0936164855957
2019-02-11,53.93000030517578,44.208377838134766
2019-02-12,54.349998474121094,44.552669525146484
2019-02-13,54.45000076293945,44.6346435546875
2019-02-14,53.84000015258789,44.13459777832031
2019-02-15,54.349998474121094,44.552669525146484
2019-02-19,54.630001068115234,44.782203674316406
2019-02-20,54.529998779296875,44.700225830078125
2019-02-21,54.689998626708984,44.83137893676758
2019-02-22,54.43000030517578,44.61825180053711
2019-02-25,54.130001068115234,44.372337341308594
2019-02-26,54.15999984741211,44.396915435791016
2019-02-27,54.08000183105469,44.33134841918945
2019-02-28,54.34000015258789,44.544464111328125
2019-03-01,54.2400016784668,44.46249771118164
2019-03-04,54.150001525878906,44.388729095458984
2019-03-05,54.11000061035156,44.35593032836914
2019-03-06,54.029998779296875,44.29035949707031
2019-03-07,53.68000030517578,44.00345230102539
2019-03-08,53.709999084472656,44.028038024902344
2019-03-11,54.40999984741211,44.60185241699219
2019-03-12,54.43000030517578,44.61825180053711
2019-03-13,54.7400016784668,44.87236404418945
2019-03-14,54.689998626708984,44.83137893676758
2019-03-15,54.70000076293945,45.08524703979492
2019-03-18,54.779998779296875,45.151187896728516
2019-03-19,54.7400016784668,45.11820983886719
2019-03-20,54.5099983215332,44.92863464355469
2019-03-21,55.150001525878906,45.45615005493164
2019-03-22,55.08000183105469,45.39845275878906
2019-03-25,55.189998626708984,45.48910903930664
2019-03-26,55.65999984741211,45.87650680541992
2019-03-27,55.470001220703125,45.71989822387695
2019-03-28,55.7400016784668,45.94244384765625
2019-03-29,56.11000061035156,46.247406005859375
2019-04-01,55.91999816894531,46.0908088684082
2019-04-02,55.459999084472656,45.71165466308594
2019-04-03,55.189998626708984,45.48910903930664
2019-04-04,55.400001525878906,45.66221237182617
2019-04-05,55.59000015258789,45.81880187988281
2019-04-08,55.81999969482422,46.00837707519531
2019-04-09,55.75,45.95067596435547
2019-04-10,55.90999984741211,46.08256530761719
2019-04-11,56.02000045776367,46.17322540283203
2019-04-12,56.20000076293945,46.32158660888672
2019-04-15,56.529998779296875,46.59357833862305
2019-04-16,56.540000915527344,46.60182189941406
2019-04-17,56.81999969482422,46.832611083984375
2019-04-18,56.869998931884766,46.87382507324219
2019-04-22,56.88999938964844,46.89030075073242
2019-04-23,56.709999084472656,46.74193572998047
2019-04-24,56.83000183105469,46.840843200683594
2019-04-25,56.470001220703125,46.54412841796875
2019-04-26,56.97999954223633,46.9644889831543
2019-04-29,57.04999923706055,47.022178649902344
2019-04-30,57.709999084472656,47.56617736816406
2019-05-01,57.0,46.980960845947266
2019-05-02,56.97999954223633,46.9644889831543
2019-05-03,57.40999984741211,47.318912506103516
2019-05-06,57.31999969482422,47.244720458984375
2019-05-07,56.75,46.774906158447266
2019-05-08,56.7400016784668,46.766666412353516
2019-05-09,56.619998931884766,46.66775894165039
2019-05-10,57.310001373291016,47.236473083496094
2019-05-13,56.77000045776367,46.7913932800293
2019-05-14,57.040000915527344,47.01393127441406
2019-05-15,57.4900016784668,47.38484573364258
2019-05-16,57.939998626708984,47.75574493408203
2019-05-17,57.75,47.59913635253906
2019-05-20,57.61000061035156,47.48374938964844
2019-05-21,57.4900016784668,47.38484573364258
2019-05-22,57.75,47.59913635253906
2019-05-23,57.72999954223633,47.58265686035156
2019-05-24,57.52000045776367,47.40956497192383
2019-05-28,56.58000183105469,46.63479995727539
2019-05-29,56.16999816894531,46.296844482421875
2019-05-30,56.40999984741211,46.49466323852539
2019-05-31,55.61000061035156,45.83528518676758
2019-06-03,56.310001373291016,46.41226577758789
2019-06-04,56.81999969482422,46.832611083984375
2019-06-05,57.470001220703125,47.36835479736328
2019-06-06,58.06999969482422,47.86288833618164
2019-06-07,58.630001068115234,48.324466705322266
2019-06-10,58.650001525878906,48.340946197509766
2019-06-11,58.84000015258789,48.49754333496094
2019-06-12,58.93000030517578,48.57173538208008
2019-06-13,59.060001373291016,48.678871154785156
2019-06-14,59.09000015258789,48.7036018371582
2019-06-17,58.91999816894531,48.5634880065918
2019-06-18,58.599998474121094,48.299720764160156
2019-06-19,58.84000015258789,48.49754333496094
2019-06-20,59.36000061035156,48.926143646240234
2019-06-21,58.720001220703125,48.767513275146484
2019-06-24,58.869998931884766,48.89208984375
2019-06-25,58.84000015258789,48.867183685302734
2019-06-26,58.0,48.16954803466797
2019-06-27,58.11000061035156,48.26090621948242
2019-06-28,58.06999969482422,48.22767639160156
2019-07-01,58.41999816894531,48.51835250854492
2019-07-02,58.93000030517578,48.94192886352539
2019-07-03,59.65999984741211,49.548187255859375
2019-07-05,59.400001525878906,49.33226013183594
2019-07-08,59.47999954223633,49.39870834350586
2019-07-09,59.130001068115234,49.1080207824707
2019-07-10,59.5099983215332,49.42361831665039
2019-07-11,59.65999984741211,49.548187255859375
2019-07-12,59.83000183105469,49.68938446044922
2019-07-15,59.970001220703125,49.80565643310547
2019-07-16,59.9900016784668,49.822261810302734
2019-07-17,59.91999816894531,49.764122009277344
2019-07-18,60.31999969482422,50.09633255004883
2019-07-19,59.939998626708984,49.780738830566406
2019-07-22,59.59000015258789,49.49005889892578
2019-07-23,60.02000045776367,49.84717559814453
2019-07-24,59.619998931884766,49.51496887207031
2019-07-25,59.70000076293945,49.58141326904297
2019-07-26,60.369998931884766,50.13785171508789
2019-07-29,60.47999954223633,50.22921371459961
2019-07-30,60.65999984741211,50.37870788574219
2019-07-31,59.43000030517578,49.35718536376953
2019-08-01,59.220001220703125,49.18278121948242
2019-08-02,59.22999954223633,49.191070556640625
2019-08-05,57.689998626708984,47.91209030151367
2019-08-06,58.209999084472656,48.34394836425781
2019-08-07,58.88999938964844,48.90870666503906
2019-08-08,59.650001525878906,49.53989028930664
2019-08-09,59.31999969482422,49.26581573486328
2019-08-12,58.91999816894531,48.93361282348633
2019-08-13,59.59000015258789,49.49005889892578
2019-08-14,58.650001525878906,48.709388732910156
2019-08-15,59.529998779296875,49.44023132324219
2019-08-16,60.209999084472656,50.004974365234375
2019-08-19,60.810001373291016,50.5032844543457
2019-08-20,60.150001525878906,49.95515060424805
2019-08-21,60.310001373291016,50.0880241394043
2019-08-22,60.630001068115234,50.353797912597656
2019-08-23,59.619998931884766,49.51496887207031
2019-08-26,60.36000061035156,50.129554748535156
2019-08-27,60.189998626708984,49.98836135864258
2019-08-28,60.77000045776367,50.470062255859375
2019-08-29,60.79999923706055,50.494972229003906
2019-08-30,60.720001220703125,50.42854309082031
2019-09-03,61.06999969482422,50.71921920776367
2019-09-04,61.619998931884766,51.17599868774414
2019-09-05,61.2400016784668,50.86040115356445
2019-09-06,61.439998626708984,51.02650451660156
2019-09-09,61.29999923706055,50.910240173339844
2019-09-10,60.91999816894531,50.59463119506836
2019-09-11,61.13999938964844,50.77735137939453
2019-09-12,61.38999938964844,50.98497772216797
2019-09-13,61.040000915527344,50.69429016113281
2019-09-16,60.45000076293945,50.20429992675781
2019-09-17,60.779998779296875,50.478363037109375
2019-09-18,60.880001068115234,50.5614128112793
2019-09-19,60.869998931884766,50.5531005859375
2019-09-20,60.31999969482422,50.3927116394043
2019-09-23,60.560001373291016,50.59321594238281
2019-09-24,60.810001373291016,50.80207443237305
2019-09-25,60.849998474121094,50.835487365722656
2019-09-26,61.189998626708984,51.11953353881836
2019-09-27,61.119998931884766,51.0610466003418
2019-09-30,61.41999816894531,51.311676025390625
2019-10-01,61.2599983215332,51.178009033203125
2019-10-02,60.029998779296875,50.15044021606445
2019-10-03,60.45000076293945,50.501319885253906
2019-10-04,61.400001525878906,51.29496765136719
2019-10-07,60.900001525878906,50.87724685668945
2019-10-08,60.31999969482422,50.3927116394043
2019-10-09,60.779998779296875,50.77699661254883
2019-10-10,60.900001525878906,50.87724685668945
2019-10-11,60.84000015258789,50.827125549316406
2019-10-14,60.540000915527344,50.57651138305664
2019-10-15,60.279998779296875,50.35929489135742
2019-10-16,60.34000015258789,50.40941619873047
2019-10-17,60.619998931884766,50.643341064453125
2019-10-18,60.7400016784668,50.743587493896484
2019-10-21,60.939998626708984,50.91067886352539
2019-10-22,60.959999084472656,50.9273681640625
2019-10-23,61.2400016784668,51.161293029785156
2019-10-24,61.45000076293945,51.33673095703125
2019-10-25,61.09000015258789,51.03599548339844
2019-10-28,60.970001220703125,50.93574142456055
2019-10-29,60.970001220703125,50.93574142456055
2019-10-30,61.25,51.16966247558594
2019-10-31,61.15999984741211,51.0944709777832
2019-11-01,61.150001525878906,51.08610916137695
2019-11-04,60.560001373291016,50.59321594238281
2019-11-05,60.7599983215332,50.76029968261719
2019-11-06,61.0099983215332,50.96915054321289
2019-11-07,60.79999923706055,50.79370880126953
2019-11-08,60.7599983215332,50.76029968261719
2019-11-11,60.66999816894531,50.68510055541992
2019-11-12,60.869998931884766,50.85218811035156
2019-11-13,61.33000183105469,51.236480712890625
2019-11-14,61.310001373291016,51.219783782958984
2019-11-15,61.33000183105469,51.236480712890625
2019-11-18,61.650001525878906,51.50383377075195
2019-11-19,61.56999969482422,51.436988830566406
2019-11-20,61.709999084472656,51.55394744873047
2019-11-21,61.400001525878906,51.29496765136719
2019-11-22,61.29999923706055,51.21141815185547
2019-11-25,61.369998931884766,51.2699089050293
2019-11-26,61.869998931884766,51.68761444091797
2019-11-27,62.02000045776367,51.81292724609375
2019-11-29,62.0,51.79621505737305
2019-12-02,62.13999938964844,51.91317367553711
2019-12-03,62.040000915527344,51.82964324951172
2019-12-04,62.45000076293945,52.17216110229492
2019-12-05,62.43000030517578,52.155452728271484
2019-12-06,62.66999816894531,52.35595703125
2019-12-09,62.720001220703125,52.39772415161133
2019-12-10,62.52000045776367,52.23064422607422
2019-12-11,62.61000061035156,52.305824279785156
2019-12-12,62.560001373291016,52.26405715942383
2019-12-13,62.779998779296875,52.44784927368164
2019-12-16,63.0,52.63163757324219
2019-12-17,62.900001525878906,52.54811096191406
2019-12-18,62.79999923706055,52.464561462402344
2019-12-19,63.13999938964844,52.74860382080078
2019-12-20,63.099998474121094,53.14699172973633
2019-12-23,62.83000183105469,52.91958236694336
2019-12-24,62.90999984741211,52.98695755004883
2019-12-26,62.970001220703125,53.03750228881836
2019-12-27,63.25,53.27332305908203
2019-12-30,62.91999816894531,52.99538803100586
2019-12-31,62.97999954223633,53.045928955078125
2020-01-02,62.47999954223633,52.62479782104492
2020-01-03,62.380001068115234,52.54056930541992
2020-01-06,62.5099983215332,52.650047302246094
2020-01-07,62.029998779296875,52.24576950073242
2020-01-08,62.2599983215332,52.43949890136719
2020-01-09,62.70000076293945,52.81008529663086
2020-01-10,62.65999984741211,52.77639389038086
2020-01-13,63.06999969482422,53.121726989746094
2020-01-14,63.09000015258789,53.138572692871094
2020-01-15,63.540000915527344,53.517601013183594
2020-01-16,63.709999084472656,53.66078186035156
2020-01-17,63.81999969482422,53.753421783447266
2020-01-21,64.04000091552734,53.938716888427734
2020-01-22,64.08999633789062,53.98084259033203
2020-01-23,64.02999877929688,53.930301666259766
2020-01-24,63.59000015258789,53.5597038269043
2020-01-27,63.38999938964844,53.39125061035156
2020-01-28,63.470001220703125,53.45863342285156
2020-01-29,63.150001525878906,53.18911361694336
2020-01-30,63.900001525878906,53.8208122253418
2020-01-31,63.18000030517578,53.21437072753906
2020-02-03,63.18000030517578,53.21437072753906
2020-02-04,63.560001373291016,53.53443145751953
2020-02-05,64.06999969482422,53.963993072509766
2020-02-06,64.18000030517578,54.0566520690918
2020-02-07,64.26000213623047,54.1240234375
2020-02-10,64.52999877929688,54.35142517089844
2020-02-11,64.29000091552734,54.1492919921875
2020-02-12,64.26000213623047,54.1240234375
2020-02-13,64.63999938964844,54.44407653808594
2020-02-14,64.79000091552734,54.57042694091797
2020-02-18,64.55999755859375,54.376705169677734
2020-02-19,64.48999786376953,54.31774139404297
2020-02-20,64.54000091552734,54.35985565185547
2020-02-21,64.6500015258789,54.452510833740234
2020-02-24,63.15999984741211,53.19752883911133
2020-02-25,62.02000045776367,52.23734664916992
2020-02-26,61.66999816894531,51.94255447387695
2020-02-27,59.15999984741211,49.828460693359375
2020-02-28,57.9900016784668,48.843013763427734
2020-03-02,61.09000015258789,51.45404815673828
2020-03-03,60.2599983215332,50.75496292114258
2020-03-04,63.220001220703125,53.24806213378906
2020-03-05,62.029998779296875,52.24576950073242
2020-03-06,61.540000915527344,51.83306121826172
2020-03-09,58.86000061035156,49.57578659057617
2020-03-10,60.54999923706055,50.99921417236328
2020-03-11,57.58000183105469,48.497684478759766
2020-03-12,52.16999816894531,43.94103240966797
2020-03-13,56.61000061035156,47.68068313598633
2020-03-16,52.77000045776367,44.446388244628906
2020-03-17,57.220001220703125,48.19447708129883
2020-03-18,55.75,46.956329345703125
2020-03-19,53.88999938964844,45.38972473144531
2020-03-20,50.400001525878906,42.4502067565918
2020-03-23,48.630001068115234,41.1939811706543
2020-03-24,51.11000061035156,43.29475784301758
2020-03-25,50.970001220703125,43.176170349121094
2020-03-26,53.7599983215332,45.53955078125
2020-03-27,53.5099983215332,45.32777786254883
2020-03-30,55.599998474121094,47.09819793701172
2020-03-31,54.470001220703125,46.140987396240234
2020-04-01,53.54999923706055,45.36166763305664
2020-04-02,54.91999816894531,46.52216720581055
2020-04-03,55.349998474121094,46.88642883300781
2020-04-06,57.40999984741211,48.63143539428711
2020-04-07,56.75,48.072349548339844
2020-04-08,57.59000015258789,48.78390884399414
2020-04-09,58.130001068115234,49.24134063720703
2020-04-13,57.70000076293945,48.87709045410156
2020-04-14,60.150001525878906,50.952457427978516
2020-04-15,59.20000076293945,50.14772415161133
2020-04-16,59.59000015258789,50.478084564208984
2020-04-17,60.5,51.248931884765625
2020-04-20,59.310001373291016,50.24089813232422
2020-04-21,58.04999923706055,49.17356872558594
2020-04-22,58.61000061035156,49.6479377746582
2020-04-23,58.09000015258789,49.20745086669922
2020-04-24,58.709999084472656,49.73265075683594
2020-04-27,58.880001068115234,49.876651763916016
2020-04-28,59.209999084472656,50.15618896484375
2020-04-29,58.959999084472656,49.94442367553711
2020-04-30,58.2599983215332,49.35145950317383
2020-05-01,57.619998931884766,48.80930709838867
2020-05-04,57.59000015258789,48.78390884399414
2020-05-05,57.63999938964844,48.826271057128906
2020-05-06,57.0099983215332,48.29259490966797
2020-05-07,56.849998474121094,48.15706253051758
2020-05-08,58.119998931884766,49.23286819458008
2020-05-11,58.040000915527344,49.165096282958984
2020-05-12,57.54999923706055,48.75002670288086
2020-05-13,57.029998779296875,48.30953598022461
2020-05-14,56.88999938964844,48.19094467163086
2020-05-15,57.38999938964844,48.6144905090332
2020-05-18,58.29999923706055,49.385345458984375
2020-05-19,57.22999954223633,48.47896194458008
2020-05-20,57.90999984741211,49.054969787597656
2020-05-21,57.27000045776367,48.512840270996094
2020-05-22,57.470001220703125,48.682254791259766
2020-05-26,57.779998779296875,48.944854736328125
2020-05-27,58.650001525878906,49.681827545166016
2020-05-28,59.16999816894531,50.122310638427734
2020-05-29,59.22999954223633,50.17313766479492
2020-06-01,59.63999938964844,50.52043151855469
2020-06-02,59.79999923706055,50.65597152709961
2020-06-03,59.880001068115234,50.723731994628906
2020-06-04,59.59000015258789,50.478084564208984
2020-06-05,60.41999816894531,51.1811637878418
2020-06-08,61.06999969482422,51.73177719116211
2020-06-09,60.56999969482422,51.308231353759766
2020-06-10,60.400001525878906,51.16422653198242
2020-06-11,58.11000061035156,49.22439193725586
2020-06-12,58.119998931884766,49.23286819458008
2020-06-15,58.790000915527344,49.800418853759766
2020-06-16,59.709999084472656,50.57973861694336
2020-06-17,59.619998931884766,50.50349044799805
2020-06-18,59.93000030517578,50.7661018371582
2020-06-19,59.619998931884766,50.50349044799805
2020-06-22,58.9900016784668,50.35923385620117
2020-06-23,58.900001525878906,50.28239440917969
2020-06-24,57.90999984741211,49.43723678588867
2020-06-25,58.31999969482422,49.78725051879883
2020-06-26,57.130001068115234,48.7713623046875
2020-06-29,58.209999084472656,49.69334411621094
2020-06-30,58.63999938964844,50.06043243408203
2020-07-01,58.689998626708984,50.10312271118164
2020-07-02,58.9900016784668,50.35923385620117
2020-07-06,59.279998779296875,50.6068000793457
2020-07-07,59.81999969482422,51.06779098510742
2020-07-08,59.66999816894531,50.939735412597656
2020-07-09,59.20000076293945,50.53849792480469
2020-07-10,60.290000915527344,51.46902847290039
2020-07-13,60.20000076293945,51.392189025878906
2020-07-14,61.08000183105469,52.14345169067383
2020-07-15,61.130001068115234,52.186119079589844
2020-07-16,61.2599983215332,52.2971076965332
2020-07-17,61.59000015258789,52.57883071899414
2020-07-20,60.970001220703125,52.049537658691406
2020-07-21,61.5,52.501991271972656
2020-07-22,61.9900016784668,52.92030334472656
2020-07-23,62.209999084472656,53.10810852050781
2020-07-24,62.130001068115234,53.039817810058594
2020-07-27,62.439998626708984,53.30446243286133
2020-07-28,62.66999816894531,53.500816345214844
2020-07-29,62.7599983215332,53.57765197753906
2020-07-30,62.7599983215332,53.57765197753906
2020-07-31,62.70000076293945,53.52642059326172
2020-08-03,62.529998779296875,53.381290435791016
2020-08-04,63.310001373291016,54.04716873168945
2020-08-05,63.18000030517578,53.936187744140625
2020-08-06,63.16999816894531,53.927650451660156
2020-08-07,63.5099983215332,54.21790313720703
2020-08-10,63.84000015258789,54.49962615966797
2020-08-11,63.400001525878906,54.12400436401367
2020-08-12,64.22000122070312,54.82402801513672
2020-08-13,64.16999816894531,54.78134536743164
2020-08-14,64.16000366210938,54.772804260253906
2020-08-17,64.5199966430664,55.080142974853516
2020-08-18,64.77999877929688,55.302093505859375
2020-08-19,64.2699966430664,54.866703033447266
2020-08-20,64.13999938964844,54.755733489990234
2020-08-21,64.30000305175781,54.8923225402832
2020-08-24,64.8499984741211,55.36185073852539
2020-08-25,64.70999908447266,55.242340087890625
2020-08-26,64.79000091552734,55.310638427734375
2020-08-27,65.19000244140625,55.65210723876953
2020-08-28,65.7699966430664,56.147254943847656
2020-08-31,65.58000183105469,55.98505783081055
2020-09-01,65.6500015258789,56.04480743408203
2020-09-02,66.83999633789062,57.06069564819336
2020-09-03,65.69000244140625,56.078956604003906
2020-09-04,65.54000091552734,55.950904846191406
2020-09-08,64.16000366210938,54.772804260253906
2020-09-09,65.08999633789062,55.566734313964844
2020-09-10,64.29000091552734,54.883785247802734
2020-09-11,64.6500015258789,55.19111633300781
2020-09-14,65.06999969482422,55.54966354370117
2020-09-15,64.9800033569336,55.47283172607422
2020-09-16,64.69000244140625,55.22526168823242
2020-09-17,64.27999877929688,54.875247955322266
2020-09-18,63.689998626708984,54.37157440185547
2020-09-21,62.83000183105469,53.95679473876953
2020-09-22,63.20000076293945,54.27452850341797
2020-09-23,62.25,53.45869827270508
2020-09-24,62.709999084472656,53.853721618652344
2020-09-25,63.040000915527344,54.13713455200195
2020-09-28,63.75,54.74686050415039
2020-09-29,63.33000183105469,54.386173248291016
2020-09-30,64.0999984741211,55.047428131103516
2020-10-01,64.45999908447266,55.35658264160156
2020-10-02,64.0999984741211,55.047428131103516
2020-10-05,64.52999877929688,55.41669464111328
2020-10-06,64.11000061035156,55.056007385253906
2020-10-07,64.80000305175781,55.64857482910156
2020-10-08,65.2300033569336,56.017845153808594
2020-10-09,65.73999786376953,56.45582962036133
2020-10-12,66.5,57.10847091674805
2020-10-13,66.44999694824219,57.06554412841797
2020-10-14,66.11000061035156,56.773563385009766
2020-10-15,66.1500015258789,56.807918548583984
2020-10-16,66.16999816894531,56.82508850097656
2020-10-19,65.30999755859375,56.0865478515625
2020-10-20,65.23999786376953,56.02643585205078
2020-10-21,65.30000305175781,56.077964782714844
2020-10-22,65.2699966430664,56.05219650268555
2020-10-23,65.38999938964844,56.15524673461914
2020-10-26,64.55000305175781,55.43387222290039
2020-10-27,64.37999725341797,55.28787612915039
2020-10-28,62.5,53.67338943481445
2020-10-29,62.47999954223633,53.656211853027344
2020-10-30,62.2599983215332,53.46728515625
2020-11-02,63.25,54.31747055053711
2020-11-03,64.29000091552734,55.21059036254883
2020-11-04,64.31999969482422,55.23636245727539
2020-11-05,64.79000091552734,55.639984130859375
2020-11-06,65.08999633789062,55.897621154785156
2020-11-09,64.94000244140625,55.768798828125
2020-11-10,66.22000122070312,56.8680305480957
2020-11-11,66.79000091552734,57.3575439453125
2020-11-12,66.61000061035156,57.202938079833984
2020-11-13,67.52999877929688,57.9930305480957
2020-11-16,68.1500015258789,58.52546691894531
2020-11-17,67.66999816894531,58.113250732421875
2020-11-18,66.73999786376953,57.31459045410156
2020-11-19,66.91999816894531,57.46916961669922
2020-11-20,66.5,57.10847091674805
2020-11-23,66.5199966430664,57.125667572021484
2020-11-24,66.97000122070312,57.51210403442383
2020-11-25,66.93000030517578,57.47776412963867
2020-11-27,66.91999816894531,57.46916961669922
2020-11-30,66.91000366210938,57.46059036254883
2020-12-01,67.5,57.96725845336914
2020-12-02,66.94000244140625,57.48635482788086
2020-12-03,67.11000061035156,57.632328033447266
2020-12-04,67.62999725341797,58.07889938354492
2020-12-07,67.37000274658203,57.85561752319336
2020-12-08,67.73999786376953,58.173370361328125
2020-12-09,67.47000122070312,57.94149398803711
2020-12-10,67.16999816894531,57.68386459350586
2020-12-11,67.31999969482422,57.81268310546875
2020-12-14,67.05999755859375,57.58939743041992
2020-12-15,67.22000122070312,57.726802825927734
2020-12-16,67.3499984741211,57.83843231201172
2020-12-17,67.77999877929688,58.20771408081055
2020-12-18,67.93000030517578,58.3365364074707
2020-12-21,66.63999938964844,57.70784378051758
2020-12-22,66.16999816894531,57.300838470458984
2020-12-23,66.38999938964844,57.4913444519043
2020-12-24,66.72000122070312,57.77712631225586
2020-12-28,67.25,58.236083984375
2020-12-29,67.05000305175781,58.06289291381836
2020-12-30,66.9800033569336,58.00226593017578
2020-12-31,67.44999694824219,58.40926742553711
2021-01-04,66.72000122070312,57.77712631225586
2021-01-05,66.72000122070312,57.77712631225586
2021-01-06,66.7699966430664,57.82041549682617
2021-01-07,66.56999969482422,57.6472282409668
2021-01-08,66.9000015258789,57.93300247192383
2021-01-11,66.33000183105469,57.43939971923828
2021-01-12,66.11000061035156,57.24888229370117
2021-01-13,66.20999908447266,57.335472106933594
2021-01-14,65.86000061035156,57.03239440917969
2021-01-15,65.62999725341797,56.833221435546875
2021-01-19,65.33999633789062,56.582088470458984
2021-01-20,65.45999908447266,56.68600845336914
2021-01-21,65.23999786376953,56.49549865722656
2021-01-22,65.06999969482422,56.34828567504883
2021-01-25,65.72000122070312,56.911163330078125
2021-01-26,66.30999755859375,57.42207717895508
2021-01-27,65.19000244140625,56.45220947265625
2021-01-28,65.44000244140625,56.668697357177734
2021-01-29,64.08999633789062,55.49962615966797
2021-02-01,64.1500015258789,55.551597595214844
2021-02-02,64.58000183105469,55.9239616394043
2021-02-03,64.68000030517578,56.010555267333984
2021-02-04,65.1500015258789,56.41755294799805
2021-02-05,65.76000213623047,56.94580078125
2021-02-08,66.01000213623047,57.16229248046875
2021-02-09,65.94999694824219,57.110328674316406
2021-02-10,65.87999725341797,57.049705505371094
2021-02-11,65.58999633789062,56.798580169677734
2021-02-12,65.69000244140625,56.88518524169922
2021-02-16,65.56999969482422,56.78125762939453
2021-02-17,65.80999755859375,56.98909378051758
2021-02-18,65.7699966430664,56.95444869995117
2021-02-19,64.94000244140625,56.2357063293457
2021-02-22,65.0,56.287662506103516
2021-02-23,65.08999633789062,56.365604400634766
2021-02-24,65.05000305175781,56.33096694946289
2021-02-25,64.33999633789062,55.716129302978516
2021-02-26,63.29999923706055,54.815521240234375
2021-03-01,63.939998626708984,55.3697395324707
2021-03-02,63.83000183105469,55.274478912353516
2021-03-03,63.529998779296875,55.01469802856445
2021-03-04,63.29999923706055,54.815521240234375
2021-03-05,64.69999694824219,56.02787780761719
2021-03-08,64.9800033569336,56.270347595214844
2021-03-09,64.91999816894531,56.21839141845703
2021-03-10,65.7699966430664,56.95444869995117
2021-03-11,65.61000061035156,56.8159065246582
2021-03-12,66.1500015258789,57.28352737426758
2021-03-15,66.44000244140625,57.5346565246582
2021-03-16,66.5199966430664,57.603939056396484
2021-03-17,66.41999816894531,57.517330169677734
2021-03-18,66.1500015258789,57.28352737426758
2021-03-19,66.37999725341797,57.48268127441406
2021-03-22,66.72000122070312,58.089534759521484
2021-03-23,67.0,58.333316802978516
2021-03-24,66.73999786376953,58.10694122314453
2021-03-25,67.38999938964844,58.672874450683594
2021-03-26,68.58000183105469,59.70892333984375
2021-03-29,69.2699966430664,60.30968475341797
2021-03-30,68.52999877929688,59.6654052734375
2021-03-31,68.30999755859375,59.47386169433594
2021-04-01,67.9800033569336,59.18655014038086
2021-04-05,68.8499984741211,59.94401550292969
2021-04-06,69.13999938964844,60.19649124145508
2021-04-07,68.97000122070312,60.04850769042969
2021-04-08,69.04000091552734,60.10944366455078
2021-04-09,68.91999816894531,60.00496292114258
2021-04-12,69.29000091552734,60.32709884643555
2021-04-13,68.91999816894531,60.00496292114258
2021-04-14,68.86000061035156,59.95273208618164
2021-04-15,69.41000366210938,60.43156433105469
2021-04-16,69.80999755859375,60.77983474731445
2021-04-19,69.54000091552734,60.54475402832031
2021-04-20,69.91999816894531,60.87560272216797
2021-04-21,70.2699966430664,61.18031311035156
2021-04-22,69.75,60.72759246826172
2021-04-23,69.56999969482422,60.57089614868164
2021-04-26,68.79000091552734,59.891780853271484
2021-04-27,68.73999786376953,59.848236083984375
2021-04-28,68.79000091552734,59.891780853271484
2021-04-29,69.5199966430664,60.52733612060547
2021-04-30,69.58000183105469,60.579593658447266
2021-05-03,70.1500015258789,61.07584762573242
2021-05-04,69.79000091552734,60.762413024902344
2021-05-05,69.73999786376953,60.71889114379883
2021-05-06,70.63999938964844,61.50247573852539
2021-05-07,70.63999938964844,61.50247573852539
2021-05-10,71.18000030517578,61.97261428833008
2021-05-11,70.55999755859375,61.43281936645508
2021-05-12,69.62000274658203,60.61441421508789
2021-05-13,70.5999984741211,61.4676628112793
2021-05-14,70.91000366210938,61.73753356933594
2021-05-17,70.80999755859375,61.65048599243164
2021-05-18,70.58999633789062,61.45893478393555
2021-05-19,70.36000061035156,61.25868225097656
2021-05-20,71.01000213623047,61.82461929321289
2021-05-21,71.0199966430664,61.83330154418945
2021-05-24,71.2300033569336,62.016143798828125
2021-05-25,71.25,62.03356170654297
2021-05-26,71.0999984741211,61.9029655456543
2021-05-27,70.66000366210938,61.51987075805664
2021-05-28,70.80999755859375,61.65048599243164
2021-06-01,70.56999969482422,61.441524505615234
2021-06-02,70.83000183105469,61.66789627075195
2021-06-03,71.2699966430664,62.05097579956055
2021-06-04,71.5199966430664,62.26863098144531
2021-06-07,71.4000015258789,62.16415786743164
2021-06-08,70.80000305175781,61.64176940917969
2021-06-09,70.45999908447266,61.34574890136719
2021-06-10,70.9000015258789,61.72884750366211
2021-06-11,70.94000244140625,61.76366424560547
2021-06-14,70.9000015258789,61.72884750366211
2021-06-15,70.7300033569336,61.58082962036133
2021-06-16,69.79000091552734,60.762413024902344
2021-06-17,70.04000091552734,60.98007583618164
2021-06-18,68.80000305175781,59.90046691894531
2021-06-21,69.13999938964844,60.58749008178711
2021-06-22,69.23999786376953,60.67512893676758
2021-06-23,68.80999755859375,60.29832458496094
2021-06-24,69.1500015258789,60.59626388549805
2021-06-25,69.68000030517578,61.060699462890625
2021-06-28,69.73999786376953,61.11328125
2021-06-29,69.43000030517578,60.84164810180664
2021-06-30,69.97000122070312,61.3148307800293
2021-07-01,69.76000213623047,61.13080978393555
2021-07-02,69.93000030517578,61.27976608276367
2021-07-06,69.63999938964844,61.025657653808594
2021-07-07,70.01000213623047,61.349876403808594
2021-07-08,69.75,61.122047424316406
2021-07-09,70.1500015258789,61.472564697265625
2021-07-12,70.04000091552734,61.37617111206055
2021-07-13,70.0199966430664,61.3586540222168
2021-07-14,70.63999938964844,61.90195846557617
2021-07-15,70.93000030517578,62.15607452392578
2021-07-16,71.04000091552734,62.25247573852539
2021-07-19,70.83000183105469,62.06846237182617
2021-07-20,70.8499984741211,62.08596420288086
2021-07-21,70.66999816894531,61.92823791503906
2021-07-22,70.55000305175781,61.823081970214844
2021-07-23,71.4000015258789,62.56793975830078
2021-07-26,71.5199966430664,62.673099517822266
2021-07-27,71.66999816894531,62.80453872680664
2021-07-28,71.04000091552734,62.25247573852539
2021-07-29,71.38999938964844,62.55918884277344
2021-07-30,71.51000213623047,62.664329528808594
2021-08-02,71.20999908447266,62.40144729614258
2021-08-03,71.52999877929688,62.68186569213867
2021-08-04,70.5999984741211,61.866920471191406
2021-08-05,70.94000244140625,62.16484451293945
2021-08-06,70.94000244140625,62.16484451293945
2021-08-09,71.19999694824219,62.39269256591797
2021-08-10,71.70999908447266,62.83959197998047
2021-08-11,71.94999694824219,63.04991149902344
2021-08-12,71.91000366210938,63.014862060546875
2021-08-13,72.51000213623047,63.54063415527344
2021-08-16,72.93000030517578,63.90869903564453
2021-08-17,72.97000122070312,63.94373321533203
2021-08-18,72.05999755859375,63.146305084228516
2021-08-19,72.63999938964844,63.65456008911133
2021-08-20,72.76000213623047,63.75970458984375
2021-08-23,72.52999877929688,63.558170318603516
2021-08-24,71.9800033569336,63.076202392578125
2021-08-25,71.86000061035156,62.971038818359375
2021-08-26,71.52999877929688,62.68186569213867
2021-08-27,71.77999877929688,62.900917053222656
2021-08-30,72.0999984741211,63.181365966796875
2021-08-31,72.26000213623047,63.32158660888672
2021-09-01,72.63999938964844,63.65456008911133
2021-09-02,72.91999816894531,63.89992904663086
2021-09-03,72.83000183105469,63.82106399536133
2021-09-07,71.98999786376953,63.084957122802734
2021-09-08,72.61000061035156,63.62827682495117
2021-09-09,72.19000244140625,63.26022720336914
2021-09-10,71.87999725341797,62.98857879638672
2021-09-13,72.05999755859375,63.146305084228516
2021-09-14,71.7300033569336,62.85712432861328
2021-09-15,71.98999786376953,63.084957122802734
2021-09-16,71.75,62.874637603759766
2021-09-17,71.36000061035156,62.532894134521484
2021-09-20,70.20999908447266,61.908599853515625
2021-09-21,70.12999725341797,61.838050842285156
2021-09-22,70.33000183105469,62.014427185058594
2021-09-23,70.58999633789062,62.243675231933594
2021-09-24,70.62000274658203,62.27012634277344
2021-09-27,70.30000305175781,61.98796844482422
2021-09-28,69.47000122070312,61.2561149597168
2021-09-29,70.0999984741211,61.81161880493164
2021-09-30,68.83999633789062,60.7005729675293
2021-10-01,69.0199966430664,60.859291076660156
2021-10-04,68.80000305175781,60.665306091308594
2021-10-05,69.1500015258789,60.973934173583984
2021-10-06,69.81999969482422,61.5647087097168
2021-10-07,70.12999725341797,61.838050842285156
2021-10-08,70.05000305175781,61.767520904541016
2021-10-11,70.02999877929688,61.74989318847656
2021-10-12,70.05999755859375,61.776344299316406
2021-10-13,70.19000244140625,61.89095687866211
2021-10-14,70.9800033569336,62.58757019042969
2021-10-15,70.80999755859375,62.43766784667969
2021-10-18,70.38999938964844,62.06731033325195
2021-10-19,70.41999816894531,62.09376525878906
2021-10-20,70.83000183105469,62.45530319213867
2021-10-21,70.73999786376953,62.37593460083008
2021-10-22,71.29000091552734,62.86090087890625
2021-10-25,71.23999786376953,62.81681442260742
2021-10-26,71.48999786376953,63.03725814819336
2021-10-27,71.06999969482422,62.666900634765625
2021-10-28,71.31999969482422,62.887367248535156
2021-10-29,71.25,62.82563018798828
2021-11-01,71.36000061035156,62.922637939453125
2021-11-02,71.83999633789062,63.345882415771484
2021-11-03,72.51000213623047,63.93665313720703
2021-11-04,72.58000183105469,63.998374938964844
2021-11-05,73.0,64.36871337890625
2021-11-08,72.41999816894531,63.8572883605957
2021-11-09,72.66999816894531,64.07774353027344
2021-11-10,72.88999938964844,64.27172088623047
2021-11-11,72.83999633789062,64.22763061523438
2021-11-12,72.83999633789062,64.22763061523438
2021-11-15,73.19000244140625,64.53626251220703
2021-11-16,72.7300033569336,64.13064575195312
2021-11-17,72.56999969482422,63.98957061767578
2021-11-18,72.30999755859375,63.76029586791992
2021-11-19,72.05000305175781,63.53104782104492
2021-11-22,72.62000274658203,64.03363037109375
2021-11-23,73.0999984741211,64.4568862915039
2021-11-24,72.87999725341797,64.26290893554688
2021-11-26,71.95999908447266,63.45167922973633
2021-11-29,72.13999938964844,63.610389709472656
2021-11-30,70.29000091552734,61.97913360595703
2021-12-01,69.94999694824219,61.679359436035156
2021-12-02,70.69000244140625,62.33184051513672
2021-12-03,71.56999969482422,63.1077995300293
2021-12-06,72.83000183105469,64.21883392333984
2021-12-07,72.98999786376953,64.35990142822266
2021-12-08,72.76000213623047,64.15709686279297
2021-12-09,72.95999908447266,64.33345031738281
2021-12-10,74.19000244140625,65.41802978515625
2021-12-13,75.16000366210938,66.2733383178711
2021-12-14,75.20999908447266,66.3174057006836
2021-12-15,75.97000122070312,66.98754119873047
2021-12-16,76.51000213623047,67.46372985839844
2021-12-17,75.19999694824219,66.30860137939453
2021-12-20,74.70999908447266,66.328125
2021-12-21,74.61000061035156,66.23934173583984
2021-12-22,75.08000183105469,66.65663146972656
2021-12-23,75.25,66.80754089355469
2021-12-27,76.05000305175781,67.51778411865234
2021-12-28,76.4800033569336,67.89956665039062
2021-12-29,76.83000183105469,68.21029663085938
2021-12-30,76.58999633789062,67.9972152709961
2021-12-31,77.11000061035156,68.45887756347656
2022-01-03,77.0999984741211,68.44999694824219
2022-01-04,77.62000274658203,68.91165924072266
2022-01-05,77.55000305175781,68.8495101928711
2022-01-06,77.33999633789062,68.6630630493164
2022-01-07,77.41999816894531,68.73409271240234
2022-01-10,76.80999755859375,68.1925277709961
2022-01-11,76.72000122070312,68.11263275146484
2022-01-12,76.75,68.13925170898438
2022-01-13,76.88999938964844,68.2635498046875
2022-01-14,77.02999877929688,68.38783264160156
2022-01-18,75.91999816894531,67.40238189697266
2022-01-19,76.4000015258789,67.82852935791016
2022-01-20,75.9000015258789,67.38462829589844
2022-01-21,75.95999908447266,67.43788146972656
2022-01-24,75.70999908447266,67.21595001220703
2022-01-25,74.87000274658203,66.47016906738281
2022-01-26,74.30000305175781,65.9641342163086
2022-01-27,74.80000305175781,66.40803527832031
2022-01-28,75.68000030517578,67.18931579589844
2022-01-31,75.97000122070312,67.44676208496094
2022-02-01,75.9000015258789,67.38462829589844
2022-02-02,76.80999755859375,68.1925277709961
2022-02-03,76.83000183105469,68.21029663085938
2022-02-04,75.88999938964844,67.37574768066406
2022-02-07,76.02999877929688,67.50004577636719
2022-02-08,76.31999969482422,67.75749969482422
2022-02-09,76.33999633789062,67.7752685546875
2022-02-10,75.5199966430664,67.04724884033203
2022-02-11,75.25,66.80754089355469
2022-02-14,75.04000091552734,66.6211166381836
2022-02-15,75.16999816894531,66.73651885986328
2022-02-16,75.30999755859375,66.86079406738281
2022-02-17,75.88999938964844,67.37574768066406
2022-02-18,76.02999877929688,67.50004577636719
2022-02-22,75.44000244140625,66.97622680664062
2022-02-23,74.83000183105469,66.4346694946289
2022-02-24,73.54000091552734,65.28939056396484
2022-02-25,75.91000366210938,67.39348602294922
2022-02-28,74.9000015258789,66.496826171875
2022-03-01,74.45999908447266,66.1061782836914
2022-03-02,75.25,66.80754089355469
2022-03-03,75.86000061035156,67.34911346435547
2022-03-04,75.87000274658203,67.35797882080078
2022-03-07,74.48999786376953,66.13280487060547
2022-03-08,72.4800033569336,64.34832000732422
2022-03-09,72.97000122070312,64.7833480834961
2022-03-10,72.27999877929688,64.17076110839844
2022-03-11,71.44000244140625,63.425010681152344
2022-03-14,71.81999969482422,63.76237106323242
2022-03-15,73.43000030517578,65.19174194335938
2022-03-16,73.51000213623047,65.26277160644531
2022-03-17,74.0199966430664,65.71554565429688
2022-03-18,74.19000244140625,65.86647033691406
2022-03-21,73.94999694824219,65.9511947631836
2022-03-22,74.5,66.44170379638672
2022-03-23,73.9000015258789,65.9066162109375
2022-03-24,74.41999816894531,66.37034606933594
2022-03-25,75.04000091552734,66.92328643798828
2022-03-28,75.3499984741211,67.19976043701172
2022-03-29,76.0199966430664,67.79729461669922
2022-03-30,76.06999969482422,67.84190368652344
2022-03-31,75.88999938964844,67.68134307861328
2022-04-01,76.6500015258789,68.3591537475586
2022-04-04,76.41000366210938,68.1451187133789
2022-04-05,76.4800033569336,68.20755004882812
2022-04-06,77.44999694824219,69.0726089477539
2022-04-07,78.38999938964844,69.91093444824219
2022-04-08,78.72000122070312,70.20524597167969
2022-04-11,78.4000015258789,69.91984558105469
2022-04-12,78.41999816894531,69.93768310546875
2022-04-13,78.86000061035156,70.3301010131836
2022-04-14,78.83999633789062,70.31227111816406
2022-04-18,78.19000244140625,69.73257446289062
2022-04-19,79.37999725341797,70.79385375976562
2022-04-20,80.56999969482422,71.85513305664062
2022-04-21,80.5,71.792724609375
2022-04-22,79.23999786376953,70.66901397705078
2022-04-25,79.58999633789062,70.98114013671875
2022-04-26,78.36000061035156,69.88418579101562
2022-04-27,78.6500015258789,70.14282989501953
2022-04-28,79.80999755859375,71.1773452758789
2022-04-29,77.63999938964844,69.24207305908203
2022-05-02,76.62000274658203,68.33238983154297
2022-05-03,76.4000015258789,68.13619232177734
2022-05-04,78.12000274658203,69.6701431274414
2022-05-05,76.63999938964844,68.3502197265625
2022-05-06,76.72000122070312,68.42157745361328
2022-05-09,76.69000244140625,68.39482879638672
2022-05-10,76.16000366210938,67.9221420288086
2022-05-11,75.83000183105469,67.62783813476562
2022-05-12,75.80999755859375,67.61000061035156
2022-05-13,76.94999694824219,68.62670135498047
2022-05-16,77.30000305175781,68.93885803222656
2022-05-17,76.7699966430664,68.46615600585938
2022-05-18,71.83000183105469,64.06051635742188
2022-05-19,70.55000305175781,62.91895294189453
2022-05-20,70.69999694824219,63.05274200439453
2022-05-23,72.16000366210938,64.35481262207031
2022-05-24,73.33999633789062,65.40718078613281
2022-05-25,73.36000061035156,65.42501068115234
2022-05-26,74.13999938964844,66.12064361572266
2022-05-27,75.0,66.88763427734375
2022-05-31,74.47000122070312,66.41495513916016
2022-06-01,73.5,65.54986572265625
2022-06-02,74.56999969482422,66.50411987304688
2022-06-03,73.81999969482422,65.83525085449219
2022-06-06,73.8499984741211,65.86201477050781
2022-06-07,74.23999786376953,66.2098159790039
2022-06-08,73.33000183105469,65.39826202392578
2022-06-09,72.2300033569336,64.41724395751953
2022-06-10,71.91999816894531,64.14076232910156
2022-06-13,70.37000274658203,62.75843811035156
2022-06-14,69.54000091552734,62.01820373535156
2022-06-15,69.61000061035156,62.08063888549805
2022-06-16,69.08000183105469,61.60795593261719
2022-06-17,68.83000183105469,61.38499450683594
2022-06-21,70.13999938964844,63.02302169799805
2022-06-22,70.08999633789062,62.978084564208984
2022-06-23,71.44999694824219,64.2000961303711
2022-06-24,72.8499984741211,65.45804595947266
2022-06-27,72.6500015258789,65.2783432006836
2022-06-28,71.68000030517578,64.4067611694336
2022-06-29,72.12999725341797,64.81109619140625
2022-06-30,72.18000030517578,64.85602569580078
2022-07-01,73.22000122070312,65.7905044555664
2022-07-05,72.75,65.36819458007812
2022-07-06,72.95999908447266,65.55687713623047
2022-07-07,73.02999877929688,65.61978149414062
2022-07-08,72.9000015258789,65.50296783447266
2022-07-11,72.80000305175781,65.41312408447266
2022-07-12,72.58999633789062,65.22442626953125
2022-07-13,72.63999938964844,65.26934814453125
2022-07-14,72.69999694824219,65.32325744628906
2022-07-15,72.94000244140625,65.53892517089844
2022-07-18,72.2300033569336,64.90097045898438
2022-07-19,72.98999786376953,65.58384704589844
2022-07-20,72.5,65.14356994628906
2022-07-21,72.72000122070312,65.34124755859375
2022-07-22,73.19999694824219,65.77252960205078
2022-07-25,73.55999755859375,66.09600067138672
2022-07-26,73.38999938964844,65.9432373046875
2022-07-27,73.88999938964844,66.39251708984375
2022-07-28,75.06999969482422,67.45278930664062
2022-07-29,74.48999786376953,66.93163299560547
2022-08-01,75.41999816894531,67.76727294921875
2022-08-02,74.81999969482422,67.22814178466797
2022-08-03,75.30999755859375,67.66842651367188
2022-08-04,74.80999755859375,67.21916961669922
2022-08-05,74.63999938964844,67.06642150878906
2022-08-08,74.5999984741211,67.03047943115234
2022-08-09,74.48999786376953,66.93163299560547
2022-08-10,75.04000091552734,67.42582702636719
2022-08-11,74.86000061035156,67.26409912109375
2022-08-12,75.51000213623047,67.84814453125
2022-08-15,76.26000213623047,68.52204895019531
2022-08-16,77.12000274658203,69.29476928710938
2022-08-17,76.9000015258789,69.09709930419922
2022-08-18,77.16000366210938,69.33072662353516
2022-08-19,76.91000366210938,69.10607147216797
2022-08-22,76.12999725341797,68.40522766113281
2022-08-23,75.80000305175781,68.10870361328125
2022-08-24,75.98999786376953,68.2794418334961
2022-08-25,76.33999633789062,68.59392547607422
2022-08-26,74.44999694824219,66.89569854736328
2022-08-29,74.33000183105469,66.78787231445312
2022-08-30,73.55999755859375,66.09600067138672
2022-08-31,73.11000061035156,65.69166564941406
2022-09-01,73.5199966430664,66.06006622314453
2022-09-02,72.55999755859375,65.19745635986328
2022-09-06,72.1500015258789,64.8290786743164
2022-09-07,73.44999694824219,65.99716186523438
2022-09-08,73.26000213623047,65.8264389038086
2022-09-09,73.9800033569336,66.473388671875
2022-09-12,74.2699966430664,66.73395538330078
2022-09-13,71.79000091552734,64.505615234375
2022-09-14,71.76000213623047,64.4786605834961
2022-09-15,71.16000366210938,63.93953323364258
2022-09-16,71.33000183105469,64.09227752685547
2022-09-19,71.33999633789062,64.51824951171875
2022-09-20,70.94999694824219,64.16554260253906
2022-09-21,70.68000030517578,63.92136001586914
2022-09-22,70.58000183105469,63.830902099609375
2022-09-23,69.37999725341797,62.74566650390625
2022-09-26,69.43000030517578,62.7908821105957
2022-09-27,68.2300033569336,61.705631256103516
2022-09-28,69.05000305175781,62.44721603393555
2022-09-29,67.91000366210938,61.41622543334961
2022-09-30,66.7300033569336,60.349063873291016
2022-10-03,67.87999725341797,61.38909149169922
2022-10-04,68.91000366210938,62.320621490478516
2022-10-05,68.51000213623047,61.95885467529297
2022-10-06,67.51000213623047,61.05447006225586
2022-10-07,66.5,60.141048431396484
2022-10-10,66.73999786376953,60.35811996459961
2022-10-11,67.29000091552734,60.85551452636719
2022-10-12,67.6500015258789,61.18109130859375
2022-10-13,68.7699966430664,62.19398880004883
2022-10-14,67.52999877929688,61.07257080078125
2022-10-17,68.26000213623047,61.732765197753906
2022-10-18,69.1500015258789,62.53765869140625
2022-10-19,68.83000183105469,62.248252868652344
2022-10-20,67.87000274658203,61.38005447387695
2022-10-21,68.91000366210938,62.320621490478516
2022-10-24,70.1500015258789,63.44202423095703
2022-10-25,71.06999969482422,64.27406311035156
2022-10-26,71.54000091552734,64.69911193847656
2022-10-27,71.5999984741211,64.75336456298828
2022-10-28,73.16999816894531,66.17326354980469
2022-10-31,72.73999786376953,65.78437042236328
2022-11-01,72.51000213623047,65.57637023925781
2022-11-02,71.25,64.43683624267578
2022-11-03,71.01000213623047,64.21977996826172
2022-11-04,71.8499984741211,64.97946166992188
2022-11-07,72.48999786376953,65.55825805664062
2022-11-08,72.69999694824219,65.74819946289062
2022-11-09,71.91000366210938,65.03372955322266
2022-11-10,73.5999984741211,66.5621337890625
2022-11-11,73.5199966430664,66.48980712890625
2022-11-14,72.94000244140625,65.96524810791016
2022-11-15,73.55000305175781,66.51692199707031
2022-11-16,73.91000366210938,66.84249877929688
2022-11-17,73.88999938964844,66.82439422607422
2022-11-18,74.68000030517578,67.5388412475586
2022-11-21,75.38999938964844,68.18095397949219
2022-11-22,75.94000244140625,68.67839813232422
2022-11-23,76.19999694824219,68.91350555419922
2022-11-25,76.25,68.95872497558594
2022-11-28,75.95999908447266,68.69646453857422
2022-11-29,75.66999816894531,68.43419647216797
2022-11-30,77.19000244140625,69.80885314941406
2022-12-01,76.83999633789062,69.49229431152344
2022-12-02,77.19000244140625,69.80885314941406
2022-12-05,76.22000122070312,68.93161010742188
2022-12-06,75.75,68.50653839111328
2022-12-07,76.06999969482422,68.79595184326172
2022-12-08,76.4800033569336,69.16675567626953
2022-12-09,75.88999938964844,68.6331787109375
2022-12-12,76.69000244140625,69.35665893554688
2022-12-13,76.58000183105469,69.25717163085938
2022-12-14,76.52999877929688,69.21194458007812
2022-12-15,75.2300033569336,68.03626251220703
2022-12-16,74.86000061035156,67.70164489746094
2022-12-19,74.27999877929688,67.65882873535156
2022-12-20,74.22000122070312,67.60417938232422
2022-12-21,74.95999908447266,68.27820587158203
2022-12-22,74.79000091552734,68.1233901977539
2022-12-23,75.18000030517578,68.4786148071289
2022-12-27,75.54000091552734,68.80652618408203
2022-12-28,74.5999984741211,67.95030212402344
2022-12-29,74.91999816894531,68.24179077148438
2022-12-30,74.55000305175781,67.90476989746094
2023-01-03,74.2699966430664,67.64972686767578
2023-01-04,74.55999755859375,67.91387176513672
2023-01-05,73.80999755859375,67.23072052001953
2023-01-06,75.77999877929688,69.0251235961914
2023-01-09,75.04000091552734,68.35108184814453
2023-01-10,74.94000244140625,68.26002502441406
2023-01-11,74.9800033569336,68.29644012451172
2023-01-12,74.38999938964844,67.75904846191406
2023-01-13,74.73999786376953,68.07783508300781
2023-01-17,74.79000091552734,68.1233901977539
2023-01-18,72.75,66.26522064208984
2023-01-19,72.05999755859375,65.63671112060547
2023-01-20,72.62000274658203,66.14681243896484
2023-01-23,72.8499984741211,66.3563003540039
2023-01-24,73.1500015258789,66.62954711914062
2023-01-25,73.33000183105469,66.79351806640625
2023-01-26,73.06999969482422,66.55669403076172
2023-01-27,72.86000061035156,66.36540985107422
2023-01-30,72.94999694824219,66.44737243652344
2023-01-31,73.73999786376953,67.16695404052734
2023-02-01,74.33000183105469,67.70439147949219
2023-02-02,73.69000244140625,67.12141418457031
2023-02-03,73.4000015258789,66.85729217529297
2023-02-06,73.48999786376953,66.93923950195312
2023-02-07,73.18000030517578,66.65689086914062
2023-02-08,72.62000274658203,66.14681243896484
2023-02-09,72.30000305175781,65.85533905029297
2023-02-10,72.97000122070312,66.46561431884766
2023-02-13,73.80000305175781,67.22162628173828
2023-02-14,73.12999725341797,66.61134338378906
2023-02-15,73.2699966430664,66.73887634277344
2023-02-16,72.73999786376953,66.256103515625
2023-02-17,73.68000030517578,67.11233520507812
2023-02-21,73.4000015258789,66.85729217529297
2023-02-22,73.29000091552734,66.75708770751953
2023-02-23,73.19999694824219,66.67509460449219
2023-02-24,72.70999908447266,66.22879028320312
2023-02-27,72.62999725341797,66.15591430664062
2023-02-28,72.02999877929688,65.6093978881836
2023-03-01,71.5,65.12664031982422
2023-03-02,72.4800033569336,66.019287109375
2023-03-03,72.54000091552734,66.07392120361328
2023-03-06,72.7300033569336,66.24700927734375
2023-03-07,72.01000213623047,65.59117126464844
2023-03-08,72.12999725341797,65.70046997070312
2023-03-09,71.45999908447266,65.09021759033203
2023-03-10,71.11000061035156,64.77139282226562
2023-03-13,71.47000122070312,65.09930419921875
2023-03-14,72.12000274658203,65.69137573242188
2023-03-15,72.58999633789062,66.11946868896484
2023-03-16,72.63999938964844,66.16503143310547
2023-03-17,72.11000061035156,65.68225860595703
2023-03-20,72.76000213623047,66.59294128417969
2023-03-21,72.69999694824219,66.53803253173828
2023-03-22,72.02999877929688,65.9248046875
2023-03-23,71.75,65.66853332519531
2023-03-24,72.97000122070312,66.7851333618164
2023-03-27,73.36000061035156,67.1420669555664
2023-03-28,73.48999786376953,67.26103210449219
2023-03-29,73.9000015258789,67.63629913330078
2023-03-30,74.11000061035156,67.8285140991211
2023-03-31,74.70999908447266,68.37763977050781
2023-04-03,75.0999984741211,68.73458862304688
2023-04-04,74.94999694824219,68.59729766845703
2023-04-05,75.30000305175781,68.91765594482422
2023-04-06,75.36000061035156,68.97254180908203
2023-04-10,75.36000061035156,68.97254180908203
2023-04-11,75.58000183105469,69.17390441894531
2023-04-12,75.23999786376953,68.86272430419922
2023-04-13,75.66000366210938,69.24711608886719
2023-04-14,75.18000030517578,68.80781555175781
2023-04-17,75.66000366210938,69.24711608886719
2023-04-18,75.88999938964844,69.45764923095703
2023-04-19,75.83999633789062,69.41187286376953
2023-04-20,76.0199966430664,69.57661437988281
2023-04-21,76.56999969482422,70.08000183105469
2023-04-24,76.87999725341797,70.36373138427734
2023-04-25,76.77999877929688,70.27220153808594
2023-04-26,76.18000030517578,69.72303771972656
2023-04-27,77.02999877929688,70.50101470947266
2023-04-28,77.44000244140625,70.87626647949219
2023-05-01,77.5,70.93118286132812
2023-05-02,77.29000091552734,70.73897552490234
2023-05-03,76.66000366210938,70.162353515625
2023-05-04,76.47000122070312,69.98845672607422
2023-05-05,77.18000030517578,70.6382827758789
2023-05-08,76.94999694824219,70.42778778076172
2023-05-09,76.70999908447266,70.20812225341797
2023-05-10,76.58999633789062,70.0982894897461
2023-05-11,76.81999969482422,70.30879974365234
2023-05-12,77.12000274658203,70.5833740234375
2023-05-15,76.93000030517578,70.40949249267578
2023-05-16,76.27999877929688,69.8145751953125
2023-05-17,76.23999786376953,69.7779769897461
2023-05-18,75.87000274658203,69.43933868408203
2023-05-19,75.91999816894531,69.48506927490234
2023-05-22,74.7699966430664,68.43255615234375
2023-05-23,74.22000122070312,67.9291763305664
2023-05-24,73.73999786376953,67.48985290527344
2023-05-25,73.18000030517578,66.97733306884766
2023-05-26,73.43000030517578,67.20613861083984
2023-05-30,72.58999633789062,66.43733215332031
2023-05-31,72.66999816894531,66.51054382324219
2023-06-01,72.61000061035156,66.45563507080078
2023-06-02,73.61000061035156,67.3708724975586
2023-06-05,73.33999633789062,67.12376403808594
2023-06-06,72.97000122070312,66.7851333618164
2023-06-07,72.7300033569336,66.56547546386719
2023-06-08,73.2300033569336,67.02307891845703
2023-06-09,73.11000061035156,66.91326904296875
2023-06-12,73.08999633789062,66.89495849609375
2023-06-13,73.38999938964844,67.16952514648438
2023-06-14,73.83999633789062,67.58138275146484
2023-06-15,74.58000183105469,68.2586669921875
2023-06-16,74.66999816894531,68.3410415649414
2023-06-20,73.58000183105469,67.82117462158203
2023-06-21,73.83999633789062,68.06083679199219
2023-06-22,74.2699966430664,68.45718383789062
2023-06-23,73.77999877929688,68.00553894042969
2023-06-26,73.87999725341797,68.09768676757812
2023-06-27,74.0999984741211,68.30048370361328
2023-06-28,73.5999984741211,67.83960723876953
2023-06-29,73.52999877929688,67.77508544921875
2023-06-30,74.16999816894531,68.36499786376953
2023-07-03,74.75,68.89960479736328
2023-07-05,74.62000274658203,68.77977752685547
2023-07-06,74.43000030517578,68.60466003417969
2023-07-07,73.45999908447266,67.7105712890625
2023-07-10,73.44000244140625,67.69214630126953
2023-07-11,73.55000305175781,67.79353332519531
2023-07-12,73.72000122070312,67.95023345947266
2023-07-13,74.02999877929688,68.2359619140625
2023-07-14,74.27999877929688,68.46639251708984
2023-07-17,74.05999755859375,68.26361846923828
2023-07-18,73.9800033569336,68.18987274169922
2023-07-19,74.7300033569336,68.88117218017578
2023-07-20,75.37000274658203,69.47107696533203
2023-07-21,75.62999725341797,69.71073913574219
2023-07-24,75.91999816894531,69.97802734375
2023-07-25,75.9000015258789,69.9595947265625
2023-07-26,75.98999786376953,70.04255676269531
2023-07-27,75.31999969482422,69.42498779296875
2023-07-28,76.0999984741211,70.1439437866211
2023-07-31,75.75,69.82133483886719
2023-08-01,75.33999633789062,69.44342803955078
2023-08-02,75.61000061035156,69.69230651855469
2023-08-03,75.4000015258789,69.49874877929688
2023-08-04,74.6500015258789,68.80744171142578
2023-08-07,75.26000213623047,69.36970520019531
2023-08-08,74.72000122070312,68.8719711303711
2023-08-09,74.83000183105469,68.97335052490234
2023-08-10,74.68000030517578,68.83509063720703
2023-08-11,74.80000305175781,68.94569396972656
2023-08-14,74.43000030517578,68.60466003417969
2023-08-15,73.62999725341797,67.86726379394531
2023-08-16,73.45999908447266,67.7105712890625
2023-08-17,72.75,67.05614471435547
2023-08-18,73.0199966430664,67.30499267578125
2023-08-21,72.52999877929688,66.8533706665039
2023-08-22,72.12000274658203,66.4754638671875
2023-08-23,72.5999984741211,66.91787719726562
2023-08-24,72.0199966430664,66.38327026367188
2023-08-25,72.41999816894531,66.75196838378906
2023-08-28,72.75,67.05614471435547
2023-08-29,73.01000213623047,67.2957992553711
2023-08-30,73.12999725341797,67.40640258789062
2023-08-31,72.76000213623047,67.06536865234375
2023-09-01,72.13999938964844,66.49388885498047
2023-09-05,71.5199966430664,65.92239379882812
2023-09-06,71.44000244140625,65.84867095947266
2023-09-07,71.61000061035156,66.00536346435547
2023-09-08,71.69999694824219,66.08831024169922
2023-09-11,72.31999969482422,66.65979766845703
2023-09-12,71.69999694824219,66.08831024169922
2023-09-13,71.91999816894531,66.29109191894531
2023-09-14,72.6500015258789,66.9639663696289
2023-09-15,72.05000305175781,66.41094207763672
2023-09-18,71.54000091552734,66.38772583007812
2023-09-19,71.37000274658203,66.22997283935547
2023-09-20,71.44000244140625,66.294921875
2023-09-21,70.5199966430664,65.44116973876953
2023-09-22,70.13999938964844,65.08855438232422
2023-09-25,69.88999938964844,64.8565673828125
2023-09-26,69.37000274658203,64.3740005493164
2023-09-27,68.80000305175781,63.84506607055664
2023-09-28,69.01000213623047,64.03994750976562
2023-09-29,68.80999755859375,63.85433578491211
2023-10-02,68.33999633789062,63.418182373046875
2023-10-03,67.8499984741211,62.963478088378906
2023-10-04,68.38999938964844,63.46459197998047
2023-10-05,67.04000091552734,62.21181106567383
2023-10-06,66.66999816894531,61.86845779418945
2023-10-09,66.7300033569336,61.924137115478516
2023-10-10,67.41000366210938,62.55517578125
2023-10-11,66.94999694824219,62.1282958984375
2023-10-12,66.22000122070312,61.45087432861328
2023-10-13,66.80000305175781,61.989105224609375
2023-10-16,67.48999786376953,62.629398345947266
2023-10-17,67.77999877929688,62.898521423339844
2023-10-18,68.02999877929688,63.130516052246094
2023-10-19,67.52999877929688,62.66653060913086
2023-10-20,67.2699966430664,62.42523956298828
2023-10-23,67.13999938964844,62.30460739135742
2023-10-24,67.70999908447266,62.83355712890625
2023-10-25,67.94000244140625,63.0470085144043
2023-10-26,67.5,62.6386833190918
2023-10-27,66.58000183105469,61.78495407104492
2023-10-30,67.62000274658203,62.75004959106445
2023-10-31,67.86000061035156,62.97275924682617
2023-11-01,67.79000091552734,62.907806396484375
2023-11-02,68.66999816894531,63.72441101074219
2023-11-03,68.75,63.79866409301758
2023-11-06,68.86000061035156,63.900753021240234
2023-11-07,69.02999877929688,64.05850219726562
2023-11-08,68.76000213623047,63.80794143676758
2023-11-09,68.4800033569336,63.54812240600586
2023-11-10,68.95999908447266,63.99353790283203
2023-11-13,69.18000030517578,64.19770050048828
2023-11-14,69.88999938964844,64.8565673828125
2023-11-15,70.44999694824219,65.376220703125
2023-11-16,69.58000183105469,64.56889343261719
2023-11-17,69.48999786376953,64.48536682128906
2023-11-20,69.44000244140625,64.43896484375
2023-11-21,69.6500015258789,64.63385009765625
2023-11-22,70.1500015258789,65.09783172607422
2023-11-24,70.41000366210938,65.33911895751953
2023-11-27,70.20999908447266,65.15351867675781
2023-11-28,70.52999877929688,65.45046997070312
2023-11-29,69.95999908447266,64.92152404785156
2023-11-30,70.66000366210938,65.57109832763672
2023-12-01,70.94999694824219,65.8402099609375
2023-12-04,71.04000091552734,65.92374420166016
2023-12-05,70.4800033569336,65.4040756225586
2023-12-06,70.30000305175781,65.23703002929688
2023-12-07,70.5999984741211,65.51542663574219
2023-12-08,70.11000061035156,65.06071472167969
2023-12-11,70.77999877929688,65.68245697021484
2023-12-12,71.01000213623047,65.89588165283203
2023-12-13,72.30000305175781,67.09300994873047
2023-12-14,71.23999786376953,66.10933685302734
2023-12-15,71.23999786376953,66.10933685302734
2023-12-18,71.44000244140625,66.7975082397461
2023-12-19,71.58000183105469,66.92842102050781
2023-12-20,70.19000244140625,65.62873840332031
2023-12-21,70.68000030517578,66.0868911743164
2023-12-22,71.22000122070312,66.59180450439453
2023-12-26,71.5199966430664,66.8722915649414
2023-12-27,71.8499984741211,67.18086242675781
2023-12-28,71.87999725341797,67.20890808105469
2023-12-29,72.02999877929688,67.34915924072266
2024-01-02,72.83999633789062,68.10652923583984
2024-01-03,72.2699966430664,67.57356262207031
2024-01-04,72.16999816894531,67.4800796508789
2024-01-05,72.01000213623047,67.3304672241211
2024-01-08,72.54000091552734,67.82601928710938
2024-01-09,72.7300033569336,68.0036849975586
2024-01-10,72.58000183105469,67.86341857910156
2024-01-11,72.56999969482422,67.85407257080078
2024-01-12,72.80000305175781,68.06913757324219
2024-01-16,72.4000015258789,67.69512176513672
2024-01-17,72.3499984741211,67.64835357666016
2024-01-18,72.26000213623047,67.564208984375
2024-01-19,72.05000305175781,67.36786651611328
2024-01-22,71.69999694824219,67.04060363769531
2024-01-23,72.4800033569336,67.7699203491211
2024-01-24,71.58999633789062,66.937744140625
2024-01-25,72.27999877929688,67.58290100097656
2024-01-26,72.62999725341797,67.91017150878906
2024-01-29,73.05000305175781,68.3028793334961
2024-01-30,73.45999908447266,68.68622589111328
2024-01-31,72.91999816894531,68.18132781982422
2024-02-01,74.41000366210938,69.57450103759766
2024-02-02,74.16999816894531,69.35008239746094
2024-02-05,73.70999908447266,68.91999816894531
2024-02-06,73.87999725341797,69.07892608642578
2024-02-07,73.80999755859375,69.01347351074219
2024-02-08,73.79000091552734,68.99479675292969
2024-02-09,73.11000061035156,68.35899353027344
2024-02-12,73.62999725341797,68.84518432617188
2024-02-13,72.83999633789062,68.10652923583984
2024-02-14,72.69999694824219,67.97563171386719
2024-02-15,73.16999816894531,68.41507720947266
2024-02-16,73.27999877929688,68.5179214477539
2024-02-20,74.05000305175781,69.23790740966797
2024-02-21,74.31999969482422,69.49034881591797
2024-02-22,74.55000305175781,69.70540618896484
2024-02-23,74.77999877929688,69.92044830322266
2024-02-26,74.4800033569336,69.63994598388672
2024-02-27,74.48999786376953,69.64929962158203
2024-02-28,74.56999969482422,69.7240982055664
2024-02-29,74.44999694824219,69.61190032958984
2024-03-01,74.45999908447266,69.62126159667969
2024-03-04,74.5199966430664,69.67735290527344
2024-03-05,74.69999694824219,69.84564971923828
2024-03-06,75.33000183105469,70.43472290039062
2024-03-07,75.76000213623047,70.8367691040039
2024-03-08,75.16000366210938,70.27576446533203
2024-03-11,75.56999969482422,70.65911865234375
2024-03-12,75.95999908447266,71.0237808227539
2024-03-13,76.1500015258789,71.20142364501953
2024-03-14,75.55999755859375,70.64977264404297
2024-03-15,75.52999877929688,70.6217269897461
2024-03-18,75.45999908447266,71.07572174072266
2024-03-19,75.73999786376953,71.3394546508789
2024-03-20,75.97000122070312,71.55607604980469
2024-03-21,76.01000213623047,71.5937728881836
2024-03-22,75.63999938964844,71.24524688720703
2024-03-25,75.43000030517578,71.04744720458984
2024-03-26,75.47000122070312,71.08514404296875
2024-03-27,76.26000213623047,71.82923126220703
2024-03-28,76.36000061035156,71.92341613769531
2024-04-01,75.75,71.34886169433594
2024-04-02,75.36000061035156,70.98152160644531
2024-04-03,74.52999877929688,70.19973754882812
2024-04-04,74.20999908447266,69.89834594726562
2024-04-05,74.33000183105469,70.0113754272461
2024-04-08,74.22000122070312,69.90776062011719
2024-04-09,74.58000183105469,70.2468490600586
2024-04-10,74.30999755859375,69.99252319335938
2024-04-11,74.12999725341797,69.82299041748047
2024-04-12,73.37999725341797,69.11656188964844
2024-04-15,73.08000183105469,68.83399200439453
2024-04-16,73.11000061035156,68.86226654052734
2024-04-17,73.37999725341797,69.11656188964844
2024-04-18,73.72000122070312,69.43681335449219
2024-04-19,74.44000244140625,70.1149673461914
2024-04-22,75.1500015258789,70.78372192382812
2024-04-23,75.36000061035156,70.98152160644531
2024-04-24,75.93000030517578,71.51840209960938
2024-04-25,75.75,71.34886169433594
2024-04-26,75.58999633789062,71.1981430053711
2024-04-29,75.83000183105469,71.4242172241211
2024-04-30,75.5,71.11338806152344
2024-05-01,75.0199966430664,70.66128540039062
2024-05-02,75.6500015258789,71.25466918945312
2024-05-03,75.87999725341797,71.47130584716797
2024-05-06,75.91999816894531,71.50897979736328
2024-05-07,76.75,72.290771484375
2024-05-08,76.5199966430664,72.07412719726562
2024-05-09,77.18000030517578,72.69577026367188
2024-05-10,77.62000274658203,73.11021423339844
2024-05-13,77.4000015258789,72.90299224853516
2024-05-14,77.25,72.76171112060547
2024-05-15,77.30000305175781,72.8088150024414
2024-05-16,78.4000015258789,73.84488677978516
2024-05-17,78.20999908447266,73.66592407226562
2024-05-20,77.66999816894531,73.15731048583984
2024-05-21,78.12999725341797,73.590576171875
2024-05-22,77.81999969482422,73.29859924316406
2024-05-23,76.9000015258789,72.43203735351562
2024-05-24,77.0999984741211,72.62042236328125
2024-05-28,76.5,72.05529022216797
2024-05-29,75.94999694824219,71.53724670410156
2024-05-30,76.1500015258789,71.72561645507812
2024-05-31,77.33999633789062,72.84648132324219
2024-06-03,77.30999755859375,72.81822967529297
2024-06-04,77.9800033569336,73.44930267333984
2024-06-05,77.80999755859375,73.28917694091797
2024-06-06,78.05000305175781,73.5152359008789
2024-06-07,77.66000366210938,73.14788818359375
2024-06-10,77.5999984741211,73.09137725830078
2024-06-11,77.55999755859375,73.05369567871094
2024-06-12,76.70999908447266,72.25308227539062
2024-06-13,76.80999755859375,72.3472900390625
2024-06-14,76.94999694824219,72.47914123535156
2024-06-17,77.68000030517578,73.1667251586914
2024-06-18,77.77999877929688,73.26092529296875
2024-06-20,77.61000061035156,73.10079193115234
2024-06-21,77.66999816894531,73.15731048583984
2024-06-24,77.91000366210938,73.9374008178711
2024-06-25,77.41000366210938,73.46289825439453
2024-06-26,77.25,73.31105041503906
2024-06-27,76.91999816894531,72.99787139892578
2024-06-28,76.58000183105469,72.67520904541016
2024-07-01,76.04000091552734,72.16275024414062
2024-07-02,76.56999969482422,72.66572570800781
2024-07-03,76.44000244140625,72.54235076904297
2024-07-05,77.37999725341797,73.43441009521484
2024-07-08,77.26000213623047,73.32054138183594
2024-07-09,77.05999755859375,73.1307373046875
2024-07-10,77.4000015258789,73.45339965820312
2024-07-11,77.11000061035156,73.17819213867188
2024-07-12,77.44999694824219,73.50084686279297
2024-07-15,77.0,73.07379913330078
2024-07-16,77.73999786376953,73.77606964111328
2024-07-17,78.73999786376953,74.72506713867188
2024-07-18,78.3499984741211,74.3549575805664
2024-07-19,78.08999633789062,74.10821533203125
2024-07-22,78.13999938964844,74.1556625366211
2024-07-23,77.86000061035156,73.88994598388672
2024-07-24,77.79000091552734,73.8235092163086
2024-07-25,77.69999694824219,73.73810577392578
2024-07-26,78.48999786376953,74.48782348632812
2024-07-29,78.5199966430664,74.51628875732422
2024-07-30,77.98999786376953,74.01331329345703
2024-07-31,77.8499984741211,73.88046264648438
2024-08-01,78.56999969482422,74.56375122070312
2024-08-02,79.26000213623047,75.21855926513672
2024-08-05,77.69999694824219,73.73810577392578
2024-08-06,78.23999786376953,74.25057220458984
2024-08-07,78.31999969482422,74.32649993896484
2024-08-08,79.02999877929688,75.00028991699219
2024-08-09,79.1500015258789,75.11417388916016
2024-08-12,78.75,74.73455810546875
2024-08-13,79.11000061035156,75.07621002197266
2024-08-14,79.47000122070312,75.41785430908203
2024-08-15,80.29000091552734,76.196044921875
2024-08-16,80.51000213623047,76.40482330322266
2024-08-19,80.77999877929688,76.66105651855469
2024-08-20,81.18000030517578,77.04066467285156
2024-08-21,81.7300033569336,77.56262969970703
2024-08-22,81.61000061035156,77.44873046875
2024-08-23,81.83999633789062,77.66700744628906
2024-08-26,82.41999816894531,78.2174301147461
2024-08-27,82.62000274658203,78.40723419189453
2024-08-28,82.2699966430664,78.07508087158203
2024-08-29,81.86000061035156,77.68598937988281
2024-08-30,82.51000213623047,78.3028564453125
2024-09-03,83.08999633789062,78.853271484375
2024-09-04,83.4800033569336,79.22339630126953
2024-09-05,83.16000366210938,78.9197006225586
2024-09-06,82.98999786376953,78.75838470458984
2024-09-09,83.62999725341797,79.36573791503906
2024-09-10,83.61000061035156,79.34675598144531
2024-09-11,82.83000183105469,78.60653686523438
2024-09-12,83.33999633789062,79.09051513671875
2024-09-13,83.93000030517578,79.65044403076172
2024-09-16,84.26000213623047,79.96360778808594
2024-09-17,83.45999908447266,79.20441436767578
2024-09-18,83.13999938964844,78.90072631835938
2024-09-19,82.6500015258789,78.43571472167969
2024-09-20,83.05000305175781,78.8153076171875
2024-09-23,83.08999633789062,79.27230072021484
2024-09-24,82.88999938964844,79.08148956298828
2024-09-25,82.68000030517578,78.88113403320312
2024-09-26,82.87000274658203,79.06241607666016
2024-09-27,83.0199966430664,79.20552062988281
2024-09-30,83.0,79.18643951416016
2024-10-01,82.72000122070312,78.91931915283203
2024-10-02,82.0199966430664,78.25146484375
2024-10-03,81.19999694824219,77.4691390991211
2024-10-04,81.47000122070312,77.72674560546875
2024-10-07,80.66000366210938,76.9539566040039
2024-10-08,81.05999755859375,77.3355712890625
2024-10-09,81.55000305175781,77.80306243896484
2024-10-10,81.19000244140625,77.45960998535156
2024-10-11,81.63999938964844,77.88892364501953
2024-10-14,81.97000122070312,78.20377349853516
2024-10-15,82.48999786376953,78.69987487792969
2024-10-16,82.43000030517578,78.64263153076172
2024-10-17,82.05999755859375,78.28962707519531
2024-10-18,82.23999786376953,78.46135711669922
2024-10-21,81.55000305175781,77.80306243896484
2024-10-22,82.01000213623047,78.2419204711914
2024-10-23,81.8499984741211,78.08927917480469
2024-10-24,81.73999786376953,77.98432922363281
2024-10-25,81.05999755859375,77.3355712890625
2024-10-28,81.20999908447266,77.47869110107422
2024-10-29,80.41000366210938,76.71543884277344
2024-10-30,80.27999877929688,76.5914077758789
2024-10-31,80.12000274658203,76.43876647949219
2024-11-01,80.1500015258789,76.46739196777344
2024-11-04,80.37000274658203,76.67728424072266
2024-11-05,80.87999725341797,77.16384887695312
2024-11-06,79.55999755859375,75.90449523925781
2024-11-07,79.8499984741211,76.18115997314453
2024-11-08,80.81999969482422,77.10660552978516
2024-11-11,80.54000091552734,76.83946990966797
2024-11-12,80.62999725341797,76.92533111572266
2024-11-13,80.87000274658203,77.15430450439453
2024-11-14,80.66999816894531,76.9635009765625
2024-11-15,79.95999908447266,76.28611755371094
2024-11-18,80.5199966430664,76.82038116455078
2024-11-19,80.62999725341797,76.92533111572266
2024-11-20,80.22000122070312,76.53416442871094
2024-11-21,81.08999633789062,77.36419677734375
2024-11-22,81.83999633789062,78.0797348022461
2024-11-25,82.29000091552734,78.50906372070312
2024-11-26,82.62999725341797,78.83342742919922
2024-11-27,82.80000305175781,78.9956283569336
2024-11-29,83.22000122070312,79.39633178710938
2024-12-02,83.12000274658203,79.3009262084961
2024-12-03,82.69000244140625,78.89068603515625
2024-12-04,82.45999908447266,78.67125701904297
2024-12-05,82.79000091552734,78.98609161376953
2024-12-06,82.37999725341797,78.59492492675781
2024-12-09,82.25,78.47090911865234
2024-12-10,82.63999938964844,78.84297943115234
2024-12-11,82.01000213623047,78.2419204711914
2024-12-12,82.25,78.47090911865234
2024-12-13,82.04000091552734,78.27053833007812
2024-12-16,81.61000061035156,77.86029815673828
2024-12-17,81.47000122070312,77.72674560546875
2024-12-18,80.2300033569336,76.54371643066406
2024-12-19,79.66000366210938,75.99990844726562
2024-12-20,79.94000244140625,76.26703643798828
2024-12-23,78.91999816894531,75.86521911621094
2024-12-24,79.44000244140625,76.36508178710938
2024-12-26,79.69000244140625,76.60541534423828
2024-12-27,79.30000305175781,76.23050689697266
2024-12-30,78.37000274658203,75.33650207519531
2024-12-31,78.61000061035156,75.56721496582031
2025-01-02,78.37000274658203,75.33650207519531
2025-01-03,78.33000183105469,75.29804992675781
2025-01-06,77.51000213623047,74.50980377197266
2025-01-07,77.23999786376953,74.25023651123047
2025-01-08,77.37999725341797,74.38481903076172
2025-01-10,76.33999633789062,73.38508605957031
2025-01-13,76.47000122070312,73.51004028320312
2025-01-14,76.48999786376953,73.5292739868164
2025-01-15,76.2300033569336,73.27934265136719
2025-01-16,76.80000305175781,73.8272705078125
2025-01-17,77.23999786376953,74.25023651123047
2025-01-21,77.5999984741211,74.59629821777344
2025-01-22,77.22000122070312,74.23102569580078
2025-01-23,77.5,74.50017547607422
2025-01-24,77.9000015258789,74.88470458984375
2025-01-27,80.01000213623047,76.91303253173828
2025-01-28,78.76000213623047,75.71141052246094
2025-01-29,78.94999694824219,75.89405059814453
2025-01-30,79.7300033569336,76.64386749267578
2025-01-31,78.9800033569336,75.92289733886719
2025-02-03,79.29000091552734,76.22089385986328
2025-02-04,78.62000274658203,75.57683563232422
2025-02-05,79.11000061035156,76.04785919189453
2025-02-06,79.47000122070312,76.39392852783203
2025-02-07,79.3499984741211,76.278564453125
2025-02-10,79.83999633789062,76.74959564208984
2025-02-11,80.61000061035156,77.48979949951172
2025-02-12,80.55000305175781,77.43212127685547
2025-02-13,81.41999816894531,78.26844787597656
2025-02-14,80.61000061035156,77.48979949951172
2025-02-18,80.9000015258789,77.76856994628906
2025-02-19,81.55000305175781,78.39341735839844
2025-02-20,81.2300033569336,78.08580017089844
2025-02-21,82.18000030517578,78.99903106689453
2025-02-24,82.43000030517578,79.23934936523438
2025-02-25,83.5999984741211,80.36406707763672
2025-02-26,82.0,78.82600402832031
2025-02-27,81.98999786376953,78.8163833618164
2025-02-28,83.08000183105469,79.86418914794922
2025-03-03,83.5199966430664,80.28716278076172
2025-03-04,82.0999984741211,78.922119140625
2025-03-05,82.44000244140625,79.24897003173828
2025-03-06,82.58999633789062,79.39315032958984
2025-03-07,82.86000061035156,79.65270233154297
2025-03-10,82.68000030517578,79.47966766357422
2025-03-11,81.47000122070312,78.31651306152344
2025-03-12,79.69999694824219,76.61502075195312
2025-03-13,79.33000183105469,76.25934600830078
2025-03-14,79.51000213623047,76.432373046875
2025-03-17,80.66999816894531,77.54747772216797
2025-03-18,79.75,76.6630859375
2025-03-19,79.75,76.6630859375
2025-03-20,79.36000061035156,76.28819274902344
2025-03-21,79.33000183105469,76.25934600830078
2025-03-24,79.4000015258789,76.73094177246094
2025-03-25,78.68000030517578,76.03514099121094
2025-03-26,79.9000015258789,77.2141342163086
2025-03-27,80.80999755859375,78.09353637695312
2025-03-28,80.41000366210938,77.70699310302734
2025-03-31,81.66999816894531,78.92462921142578
2025-04-01,81.79000091552734,79.04060363769531
2025-04-02,81.55000305175781,78.80866241455078
2025-04-03,82.0199966430664,79.26286315917969
2025-04-04,78.45999908447266,75.82254028320312
2025-04-07,77.55000305175781,74.94313049316406
2025-04-08,76.3499984741211,73.7834701538086
2025-04-09,79.30999755859375,76.64395904541016
2025-04-10,79.3499984741211,76.6826171875
2025-04-11,80.3499984741211,77.64900207519531
2025-04-14,81.72000122070312,78.97295379638672
2025-04-15,81.02999877929688,78.30614471435547
2025-04-16,80.16000366210938,77.46538543701172
2025-04-17,81.87000274658203,79.11790466308594
2025-04-21,81.08999633789062,78.36412811279297
2025-04-22,82.23999786376953,79.4754638671875
2025-04-23,81.7699966430664,79.02125549316406
2025-04-24,81.05000305175781,78.32548522949219
2025-04-25,80.83999633789062,78.1225357055664
2025-04-28,80.56999969482422,77.86160278320312
2025-04-29,81.23999786376953,78.50907897949219
2025-04-30,81.83000183105469,79.07925415039062
2025-05-01,81.12000274658203,78.39311981201172
2025-05-02,81.55999755859375,78.81832885742188
2025-05-05,81.48999786376953,78.75068664550781
2025-05-06,81.3499984741211,78.61538696289062
2025-05-07,81.4800033569336,78.74102020263672
2025-05-08,81.37999725341797,78.64437866210938
2025-05-09,80.91000366210938,78.19019317626953
2025-05-12,81.02999877929688,78.30614471435547
2025-05-13,79.94000244140625,77.2527847290039
2025-05-14,79.51000213623047,76.83724212646484
2025-05-15,81.13999938964844,78.4124526977539
2025-05-16,82.06999969482422,79.31119537353516
2025-05-19,82.30999755859375,79.5431137084961
2025-05-20,82.5999984741211,79.82337188720703
2025-05-21,81.63999938964844,78.89563751220703
2025-05-22,81.30000305175781,78.56707763671875
2025-05-23,81.5999984741211,78.85698699951172
2025-05-27,82.33999633789062,79.57209777832031
2025-05-28,81.77999877929688,79.03093719482422
2025-05-29,82.11000061035156,79.34983825683594
2025-05-30,82.83000183105469,80.04563903808594
2025-06-02,82.87999725341797,80.09395599365234
2025-06-03,82.80000305175781,80.01664733886719
2025-06-04,82.22000122070312,79.45614624023438
2025-06-05,81.43000030517578,78.69269561767578
2025-06-06,81.69000244140625,78.94396209716797
2025-06-09,81.58000183105469,78.83766174316406
2025-06-10,81.76000213623047,79.01160430908203
2025-06-11,81.4800033569336,78.74102020263672
2025-06-12,81.95999908447266,79.20487213134766
2025-06-13,80.95999908447266,78.23849487304688
2025-06-16,81.22000122070312,78.48976135253906
2025-06-17,80.52999877929688,77.82295227050781
2025-06-18,80.43000030517578,77.72631072998047
2025-06-20,81.0199966430664,78.29647827148438
2025-06-23,81.4000015258789,79.20333099365234
2025-06-24,81.33000183105469,79.13521575927734
2025-06-25,80.23999786376953,78.07463073730469
2025-06-26,80.16999816894531,78.00651550292969
2025-06-27,80.55000305175781,78.37626647949219
2025-06-30,80.97000122070312,78.78492736816406
2025-07-01,81.9800033569336,79.7676773071289
2025-07-02,82.22000122070312,80.00120544433594
2025-07-03,82.18000030517578,79.9622802734375
2025-07-07,82.11000061035156,79.8941650390625
2025-07-08,81.3499984741211,79.15467834472656
2025-07-09,80.81999969482422,78.63898468017578
2025-07-10,81.11000061035156,78.92115020751953
2025-07-11,80.80999755859375,78.6292495727539
2025-07-14,80.87999725341797,78.69734954833984
2025-07-15,80.06999969482422,77.90921783447266
2025-07-16,80.3499984741211,78.1816635131836
2025-07-17,81.11000061035156,78.92115020751953
2025-07-18,80.88999938964844,78.70709228515625
2025-07-21,80.87999725341797,78.69734954833984
2025-07-22,81.62000274658203,79.41738891601562
2025-07-23,81.6500015258789,79.44658660888672
2025-07-24,81.36000061035156,79.1644058227539
2025-07-25,81.5,79.30062866210938
2025-07-28,80.66000366210938,78.48329162597656
2025-07-29,81.19000244140625,78.9990005493164
2025-07-30,80.47000122070312,78.29843139648438
2025-07-31,79.77999877929688,77.62704467773438
2025-08-01,80.16000366210938,77.99678802490234
2025-08-04,80.55000305175781,78.37626647949219
2025-08-05,80.47000122070312,78.29843139648438
2025-08-06,81.62000274658203,79.41738891601562
2025-08-07,82.23999786376953,80.0206527709961
2025-08-08,82.4800033569336,80.25418853759766
2025-08-11,82.41000366210938,80.18607330322266
2025-08-12,82.62999725341797,80.4001235961914
2025-08-13,82.62999725341797,80.4001235961914
2025-08-14,81.88999938964844,79.68009948730469
2025-08-15,82.0199966430664,79.80659484863281
2025-08-18,81.91000366210938,79.69956970214844
2025-08-19,82.75,80.51689147949219
2025-08-20,83.22000122070312,80.97421264648438
2025-08-21,82.47000122070312,80.24445343017578
2025-08-22,82.47000122070312,80.24445343017578
2025-08-25,81.05999755859375,78.87249755859375
2025-08-26,80.52999877929688,78.35680389404297
2025-08-27,80.7699966430664,78.59032440185547
2025-08-28,80.26000213623047,78.09410095214844
2025-08-29,80.77999877929688,78.60005187988281
2025-09-02,80.6500015258789,78.47357177734375
2025-09-03,80.58999633789062,78.41519165039062
2025-09-04,80.63999938964844,78.46383666992188
2025-09-05,80.87000274658203,78.68762969970703
2025-09-08,80.56999969482422,78.39572143554688
2025-09-09,80.7300033569336,78.55140686035156
2025-09-10,79.94000244140625,77.78273010253906
2025-09-11,80.58999633789062,78.41519165039062
2025-09-12,80.31999969482422,78.1524658203125
2025-09-15,79.4000015258789,77.25730895996094
2025-09-16,79.76000213623047,77.60758209228516
2025-09-17,80.23999786376953,78.07463073730469
2025-09-18,79.54000091552734,77.39352416992188
2025-09-19,79.37999725341797,77.23783111572266
2025-09-22,77.95999908447266,76.37669372558594
2025-09-23,78.3499984741211,76.7587661743164
2025-09-24,78.5199966430664,76.9253158569336
2025-09-25,77.7699966430664,76.19054412841797
2025-09-26,77.95999908447266,76.37669372558594
2025-09-29,78.11000061035156,76.52365112304688
2025-09-30,78.37000274658203,76.77836608886719
2025-10-01,78.25,76.66080474853516
2025-10-02,77.94000244140625,76.35710144042969
2025-10-03,78.02999877929688,76.44526672363281
2025-10-06,77.45999908447266,75.88684844970703
2025-10-07,78.18000030517578,76.59223175048828
2025-10-08,77.79000091552734,76.21013641357422
2025-10-09,78.04000091552734,76.45507049560547
2025-10-10,78.0999984741211,76.51383972167969
2025-10-13,77.83999633789062,76.25911712646484
2025-10-14,79.08999633789062,77.48373413085938
2025-10-15,79.2300033569336,77.62090301513672
2025-10-16,78.68000030517578,77.08206939697266
2025-10-17,79.7300033569336,78.11074829101562
2025-10-20,79.66000366210938,78.04217529296875
2025-10-21,79.29000091552734,77.67967987060547
2025-10-22,79.73999786376953,78.12053680419922
2025-10-23,79.3499984741211,77.73845672607422
2025-10-24,79.08999633789062,77.48373413085938
2025-10-27,79.22000122070312,77.6111068725586
2025-10-28,78.43000030517578,76.83715057373047
2025-10-29,76.58000183105469,75.02471923828125
2025-10-30,76.5,74.94634246826172
2025-10-31,76.27999877929688,74.7308120727539
2025-11-03,75.68000030517578,74.14300537109375
2025-11-04,75.98999786376953,74.44669342041016
2025-11-05,75.94000244140625,74.39772033691406
2025-11-06,75.5999984741211,74.06461334228516
2025-11-07,76.70999908447266,75.1520767211914
2025-11-10,76.43000030517578,74.87776184082031
2025-11-11,77.43000030517578,75.85746002197266
2025-11-12,77.31999969482422,75.74968719482422
2025-11-13,77.31999969482422,75.74968719482422
2025-11-14,77.26000213623047,75.69091033935547
2025-11-17,76.7699966430664,75.21085357666016
2025-11-18,77.0999984741211,75.53414916992188
2025-11-19,76.51000213623047,74.95614624023438
2025-11-20,77.05999755859375,75.49496459960938
2025-11-21,77.9000015258789,76.31791687011719
2025-11-24,77.0,75.43618774414062
2025-11-25,78.05999755859375,76.47465515136719
2025-11-26,78.91000366210938,77.30740356445312
2025-11-28,79.37000274658203,77.758056640625
2025-12-01,79.29000091552734,77.67967987060547
2025-12-02,78.7699966430664,77.17023468017578
2025-12-03,78.83000183105469,77.2290267944336
2025-12-04,78.44999694824219,76.85673522949219
2025-12-05,78.45999908447266,76.86653900146484
2025-12-08,77.80999755859375,76.229736328125
2025-12-09,77.98999786376953,76.40608215332031
2025-12-10,78.22000122070312,76.63141632080078
2025-12-11,78.80000305175781,77.19963073730469
2025-12-12,79.41999816894531,77.80703735351562
2025-12-15,79.63999938964844,78.02257537841797
2025-12-16,79.27999877929688,77.66987609863281
2025-12-17,79.6500015258789,78.0323715209961
2025-12-18,79.19000244140625,77.58171844482422
2025-12-19,78.77999877929688,77.18003845214844
2025-12-22,77.87999725341797,76.91043853759766
2025-12-23,77.51000213623047,76.5450439453125
2025-12-24,78.12000274658203,77.14745330810547
2025-12-26,78.2300033569336,77.25608825683594
2025-12-29,78.27999877929688,77.30545043945312
2025-12-30,78.1500015258789,77.17707824707031
2025-12-31,77.68000030517578,76.71292114257812
2026-01-02,77.69000244140625,76.7228012084961
2026-01-05,77.3499984741211,76.38703155517578
2026-01-06,77.47000122070312,76.50553894042969
2026-01-07,76.62000274658203,75.66613006591797
2026-01-08,78.44000244140625,77.46347045898438
2026-01-09,79.25,78.26338195800781
2026-01-12,80.18000030517578,79.18180084228516
2026-01-13,81.11000061035156,80.1002197265625
2026-01-14,82.2300033569336,81.20628356933594
2026-01-15,82.37000274658203,81.34453582763672
2026-01-16,82.11000061035156,81.08777618408203
2026-01-20,82.36000061035156,81.33466339111328
2026-01-21,82.44000244140625,81.41366577148438
2026-01-22,82.2699966430664,81.24578094482422
2026-01-23,82.91000366210938,81.87782287597656
2026-01-26,82.77999877929688,81.74943542480469
2026-01-27,83.16000366210938,82.12471008300781
2026-01-28,82.31999969482422,81.295166015625
2026-01-29,82.12999725341797,81.1075210571289
2026-01-30,83.51000213623047,82.47035217285156
2026-02-02,84.5,83.44802856445312
2026-02-03,85.87000274658203,84.80096435546875
2026-02-04,86.98999786376953,85.90702056884766
2026-02-05,86.91999816894531,85.837890625
2026-02-06,87.94000244140625,86.84519958496094
2026-02-09,87.43000030517578,86.34154510498047
2026-02-10,87.1500015258789,86.06503295898438
2026-02-11,88.4000015258789,87.29946899414062
2026-02-12,89.20999908447266,88.0993881225586
2026-02-13,89.51000213623047,88.3956527709961
2026-02-17,88.19999694824219,87.10195922851562
2026-02-18,88.04000091552734,86.9439468383789
2026-02-19,87.66999816894531,86.57855987548828
2026-02-20,87.88999938964844,86.79582214355469
2026-02-23,88.97000122070312,87.86237335205078
2026-02-24,89.73999786376953,88.62278747558594
2026-02-25,89.01000213623047,87.9018783569336
2026-02-26,88.86000061035156,87.75374603271484
2026-02-27,90.01000213623047,88.8894271850586
2026-03-02,88.70999908447266,87.60560607910156
2026-03-03,87.73999786376953,86.6476821899414
2026-03-04,87.16000366210938,86.07491302490234
2026-03-05,85.41000366210938,84.3467025756836
2026-03-06,85.77999877929688,84.71208953857422
2026-03-09,85.97000122070312,84.89972686767578
2026-03-10,85.72000122070312,84.65283966064453
2026-03-11,84.58999633789062,83.53689575195312
2026-03-12,84.25,83.20113372802734
2026-03-13,84.73999786376953,83.6850357055664
2026-03-16,84.9800033569336,83.92205047607422
2026-03-17,84.69999694824219,83.6455307006836
2026-03-18,82.63999938964844,81.6111831665039
2026-03-19,81.97000122070312,80.94952392578125
2026-03-20,81.29000091552734,80.27798461914062
2026-03-23,81.18000030517578,80.62060546875
2026-03-24,81.11000061035156,80.55108642578125
2026-03-25,81.51000213623047,80.94833374023438
2026-03-26,81.13999938964844,80.58087921142578
2026-03-27,81.77999877929688,81.21646881103516
2026-03-30,81.87999725341797,81.31578063964844
2026-03-31,81.9800033569336,81.41510009765625
2026-04-01,81.45999908447266,80.89867401123047
2026-04-02,81.88999938964844,81.32571411132812
2026-04-06,82.66000366210938,82.09041595458984
2026-04-07,81.26000213623047,80.70005798339844
2026-04-08,82.77999877929688,82.20957946777344
2026-04-09,83.44999694824219,82.87496185302734
2026-04-10,82.37000274658203,81.80240631103516
2026-04-13,81.55000305175781,80.9880599975586
2026-04-14,81.47000122070312,80.90860748291016
2026-04-15,81.05999755859375,80.50143432617188
2026-04-16,81.43000030517578,80.86888122558594
2026-04-17,82.45999908447266,81.89178466796875
2026-04-20,82.38999938964844,81.822265625
2026-04-21,81.83999633789062,81.27605438232422
2026-04-22,82.11000061035156,81.54419708251953
2026-04-23,83.4800033569336,82.9047622680664
2026-04-24,83.2300033569336,82.65648651123047
2026-04-27,82.33999633789062,81.77261352539062
2026-04-28,83.08000183105469,82.50751495361328
2026-04-29,82.91999816894531,82.34861755371094
2026-04-30,84.30999755859375,83.72903442382812
2026-05-01,84.16999816894531,83.59000396728516
2026-05-04,83.54000091552734,82.96434783935547
2026-05-05,84.05999755859375,83.48075866699219
2026-05-06,84.23999786376953,83.65951538085938
2026-05-07,83.9800033569336,83.40131378173828
2026-05-08,84.18000030517578,83.59993743896484
2026-05-11,83.37000274658203,82.79551696777344
2026-05-12,84.44000244140625,83.85814666748047
2026-05-13,84.72000122070312,84.13621520996094
2026-05-14,84.9800033569336,84.39442443847656
2026-05-15,84.63999938964844,84.0567626953125
2026-05-18,85.9000015258789,85.3080825805664
2026-05-19,86.08999633789062,85.49677276611328
2026-05-20,85.5199966430664,84.93069458007812
2026-05-21,84.66000366210938,84.07662963867188
2026-05-22,84.80000305175781,84.21566772460938
2026-05-26,83.62999725341797,83.05371856689453
2026-05-27,84.58000183105469,83.99717712402344
2026-05-28,84.43000030517578,83.84821319580078
2026-05-29,82.91000366210938,82.33869171142578
2026-06-01,82.02999877929688,81.46475219726562
2026-06-02,81.83000183105469,81.26612854003906
2026-06-03,82.16000366210938,81.59385681152344
2026-06-04,82.04000091552734,81.47467803955078
2026-06-05,83.44000244140625,82.86503601074219
2026-06-08,83.06999969482422,82.4975814819336
2026-06-09,84.0999984741211,83.5204849243164
2026-06-10,85.48999786376953,84.90090942382812
2026-06-11,85.2699966430664,84.68241882324219
2026-06-12,85.81999969482422,85.22863006591797
2026-06-15,85.4800033569336,84.89098358154297
2026-06-16,85.58999633789062,85.00021362304688
2026-06-17,83.68000030517578,83.10337829589844
2026-06-18,83.30000305175781,82.72599792480469
2026-06-22,82.18000030517578,82.18000030517578
2026-06-23,83.72000122070312,83.72000122070312
2026-06-24,84.44000244140625,84.44000244140625
2026-06-25,83.94000244140625,83.94000244140625
2026-06-26,84.70999908447266,84.70999908447266
2026-06-29,84.37000274658203,84.37000274658203
2026-06-30,83.06999969482422,83.06999969482422
2026-07-01,83.30000305175781,83.30000305175781
2026-07-02,84.98999786376953,84.98999786376953
2026-07-06,84.0999984741211,84.0999984741211
2026-07-07,84.86000061035156,84.86000061035156
2026-07-08,84.38999938964844,84.38999938964844
2026-07-09,83.19999694824219,83.19999694824219
2026-07-10,84.12000274658203,84.12000274658203
2026-07-13,84.58999633789062,84.58999633789062
2026-07-14,83.41999816894531,83.41999816894531
2026-07-15,83.47000122070312,83.47000122070312
2026-07-16,85.80999755859375,85.80999755859375
2026-07-17,85.19000244140625,85.19000244140625
2026-07-20,84.86000061035156,84.86000061035156
2026-07-21,84.05999755859375,84.05999755859375
2026-07-22,84.37999725341797,84.37999725341797
2026-07-23,83.20999908447266,83.20999908447266
2026-07-24,84.12999725341797,84.12999725341797
2026-07-27,85.36000061035156,85.36000061035156
2026-07-28,87.05999755859375,87.05999755859375
2026-07-29,87.36000061035156,87.36000061035156
2026-07-30,85.47000122070312,85.47000122070312
2026-07-31,85.05000305175781,85.05000305175781
2026-08-03,84.86000061035156,84.86000061035156
2026-08-04,85.37000274658203,85.37000274658203
2026-08-05,85.33000183105469,85.33000183105469
2026-08-06,85.11000061035156,85.11000061035156
2026-08-07,85.12000274658203,85.12000274658203
2026-08-10,84.94999694824219,84.94999694824219
2026-08-11,84.69000244140625,84.69000244140625
2026-08-12,85.08000183105469,85.08000183105469
2026-08-13,86.0,86.0
2026-08-14,86.08999633789062,86.08999633789062
2026-08-17,84.68000030517578,84.68000030517578
2026-08-18,85.58000183105469,85.58000183105469
2026-08-19,86.54000091552734,86.54000091552734
2026-08-20,85.31999969482422,85.31999969482422
2026-08-21,85.98999786376953,85.98999786376953
2026-08-24,87.44999694824219,87.44999694824219
2026-08-25,86.5199966430664,86.5199966430664
2026-08-26,86.2699966430664,86.2699966430664
2026-08-27,85.08000183105469,85.08000183105469
2026-08-28,85.44999694824219,85.44999694824219
2026-08-31,84.9800033569336,84.9800033569336
