date,close,adjusted_close
2011-01-03,15.744999885559082,9.32491397857666
2011-01-04,15.819999694824219,9.36933422088623
2011-01-05,15.720000267028809,9.310107231140137
2011-01-06,15.734999656677246,9.31899356842041
2011-01-07,15.789999961853027,9.351566314697266
2011-01-10,15.704999923706055,9.301223754882812
2011-01-11,15.729999542236328,9.31602954864502
2011-01-12,15.8100004196167,9.363409996032715
2011-01-13,15.795000076293945,9.354525566101074
2011-01-14,15.869999885559082,9.398948669433594
2011-01-18,15.90999984741211,9.422635078430176
2011-01-19,15.869999885559082,9.398948669433594
2011-01-20,15.989999771118164,9.470015525817871
2011-01-21,15.975000381469727,9.46113109588623
2011-01-24,16.065000534057617,9.514434814453125
2011-01-25,16.040000915527344,9.499628067016602
2011-01-26,15.979999542236328,9.464096069335938
2011-01-27,16.040000915527344,9.499628067016602
2011-01-28,15.824999809265137,9.372296333312988
2011-01-31,15.859999656677246,9.393021583557129
2011-02-01,16.020000457763672,9.487781524658203
2011-02-02,15.9350004196167,9.437444686889648
2011-02-03,16.0,9.47593879699707
2011-02-04,15.899999618530273,9.41671371459961
2011-02-07,16.0049991607666,9.478896141052246
2011-02-08,16.0,9.47593879699707
2011-02-09,16.0,9.47593879699707
2011-02-10,16.030000686645508,9.493705749511719
2011-02-11,16.0,9.47593879699707
2011-02-14,15.885000228881836,9.407829284667969
2011-02-15,15.9350004196167,9.437444686889648
2011-02-16,15.899999618530273,9.41671371459961
2011-02-17,15.930000305175781,9.43448257446289
2011-02-18,15.954999923706055,9.449288368225098
2011-02-22,15.885000228881836,9.407829284667969
2011-02-23,15.850000381469727,9.387100219726562
2011-02-24,15.789999961853027,9.351566314697266
2011-02-25,15.880000114440918,9.404869079589844
2011-02-28,16.05500030517578,9.508512496948242
2011-03-01,15.895000457763672,9.413753509521484
2011-03-02,15.920000076293945,9.428558349609375
2011-03-03,16.100000381469727,9.535161972045898
2011-03-04,16.0049991607666,9.478896141052246
2011-03-07,16.065000534057617,9.514434814453125
2011-03-08,16.2450008392334,9.621037483215332
2011-03-09,16.40999984741211,9.718761444091797
2011-03-10,16.225000381469727,9.60919189453125
2011-03-11,16.260000228881836,9.629920959472656
2011-03-14,16.045000076293945,9.502591133117676
2011-03-15,15.739999771118164,9.321953773498535
2011-03-16,15.494999885559082,9.176852226257324
2011-03-17,15.515000343322754,9.188695907592773
2011-03-18,15.4399995803833,9.234452247619629
2011-03-21,15.619999885559082,9.342110633850098
2011-03-22,15.645000457763672,9.357061386108398
2011-03-23,15.635000228881836,9.351078033447266
2011-03-24,15.699999809265137,9.389954566955566
2011-03-25,15.694999694824219,9.38696575164795
2011-03-28,15.640000343322754,9.354068756103516
2011-03-29,15.795000076293945,9.446770668029785
2011-03-30,15.975000381469727,9.554428100585938
2011-03-31,15.9350004196167,9.53050708770752
2011-04-01,16.059999465942383,9.605264663696289
2011-04-04,16.049999237060547,9.599284172058105
2011-04-05,15.984999656677246,9.560409545898438
2011-04-06,16.100000381469727,9.62918758392334
2011-04-07,16.03499984741211,9.590313911437988
2011-04-08,15.989999771118164,9.563400268554688
2011-04-11,15.779999732971191,9.437800407409668
2011-04-12,15.739999771118164,9.413878440856934
2011-04-13,15.779999732971191,9.437800407409668
2011-04-14,15.875,9.494620323181152
2011-04-15,16.049999237060547,9.599284172058105
2011-04-18,15.90999984741211,9.515554428100586
2011-04-19,15.914999961853027,9.51854419708252
2011-04-20,16.1200008392334,9.64115047454834
2011-04-21,16.1200008392334,9.64115047454834
2011-04-25,16.139999389648438,9.65311336517334
2011-04-26,16.270000457763672,9.730862617492676
2011-04-27,16.399999618530273,9.808614730834961
2011-04-28,16.545000076293945,9.89533805847168
2011-04-29,16.579999923706055,9.91627311706543
2011-05-02,16.584999084472656,9.919261932373047
2011-05-03,16.690000534057617,9.982059478759766
2011-05-04,16.670000076293945,9.970099449157715
2011-05-05,16.549999237060547,9.89832592010498
2011-05-06,16.645000457763672,9.955147743225098
2011-05-09,16.68000030517578,9.976082801818848
2011-05-10,16.920000076293945,10.119619369506836
2011-05-11,16.864999771118164,10.086722373962402
2011-05-12,17.03499984741211,10.188398361206055
2011-05-13,16.954999923706055,10.14055347442627
2011-05-16,16.975000381469727,10.152517318725586
2011-05-17,17.100000381469727,10.227275848388672
2011-05-18,17.045000076293945,10.194380760192871
2011-05-19,17.084999084472656,10.218305587768555
2011-05-20,17.065000534057617,10.206340789794922
2011-05-23,16.864999771118164,10.086722373962402
2011-05-24,16.850000381469727,10.077757835388184
2011-05-25,16.815000534057617,10.056822776794434
2011-05-26,16.809999465942383,10.053831100463867
2011-05-27,16.809999465942383,10.053831100463867
2011-05-31,16.934999465942383,10.12859058380127
2011-06-01,16.760000228881836,10.02392578125
2011-06-02,16.709999084472656,9.99402141571045
2011-06-03,16.594999313354492,9.92524242401123
2011-06-06,16.520000457763672,9.880385398864746
2011-06-07,16.540000915527344,9.892346382141113
2011-06-08,16.579999923706055,9.91627311706543
2011-06-09,16.594999313354492,9.92524242401123
2011-06-10,16.485000610351562,9.859453201293945
2011-06-13,16.559999465942383,9.90430736541748
2011-06-14,16.625,9.943185806274414
2011-06-15,16.420000076293945,9.820577621459961
2011-06-16,16.549999237060547,9.89832592010498
2011-06-17,16.4950008392334,9.965995788574219
2011-06-20,16.59000015258789,10.023395538330078
2011-06-21,16.600000381469727,10.029436111450195
2011-06-22,16.489999771118164,9.962974548339844
2011-06-23,16.350000381469727,9.87839126586914
2011-06-24,16.399999618530273,9.908599853515625
2011-06-27,16.520000457763672,9.981100082397461
2011-06-28,16.594999313354492,10.02641487121582
2011-06-29,16.704999923706055,10.092874526977539
2011-06-30,16.739999771118164,10.114021301269531
2011-07-01,16.940000534057617,10.234856605529785
2011-07-05,16.84000015258789,10.174439430236816
2011-07-06,16.875,10.195589065551758
2011-07-07,16.94499969482422,10.237874984741211
2011-07-08,16.8799991607666,10.198607444763184
2011-07-11,16.700000762939453,10.089855194091797
2011-07-12,16.774999618530273,10.13516616821289
2011-07-13,16.729999542236328,10.107979774475098
2011-07-14,16.655000686645508,10.062664985656738
2011-07-15,16.68000030517578,10.07777214050293
2011-07-18,16.520000457763672,9.981100082397461
2011-07-19,16.665000915527344,10.068708419799805
2011-07-20,16.764999389648438,10.12912368774414
2011-07-21,17.014999389648438,10.280171394348145
2011-07-22,16.90999984741211,10.216730117797852
2011-07-25,16.969999313354492,10.252981185913086
2011-07-26,16.90999984741211,10.216730117797852
2011-07-27,16.860000610351562,10.1865234375
2011-07-28,16.7549991607666,10.123082160949707
2011-07-29,16.584999084472656,10.020371437072754
2011-08-01,16.635000228881836,10.050581932067871
2011-08-02,16.350000381469727,9.87839126586914
2011-08-03,16.350000381469727,9.87839126586914
2011-08-04,15.8149995803833,9.55515193939209
2011-08-05,15.944999694824219,9.633696556091309
2011-08-08,15.100000381469727,9.123160362243652
2011-08-09,15.595000267028809,9.422232627868652
2011-08-10,15.300000190734863,9.244000434875488
2011-08-11,15.944999694824219,9.633696556091309
2011-08-12,15.850000381469727,9.57629680633545
2011-08-15,16.389999389648438,9.902558326721191
2011-08-16,16.3700008392334,9.890474319458008
2011-08-17,16.489999771118164,9.962974548339844
2011-08-18,16.295000076293945,9.8451566696167
2011-08-19,16.19499969482422,9.784743309020996
2011-08-22,16.155000686645508,9.760576248168945
2011-08-23,16.44499969482422,9.93578815460205
2011-08-24,16.799999237060547,10.15027141571045
2011-08-25,16.524999618530273,9.98412036895752
2011-08-26,16.5,9.969013214111328
2011-08-29,16.825000762939453,10.165375709533691
2011-08-30,16.834999084472656,10.171417236328125
2011-08-31,16.94499969482422,10.237874984741211
2011-09-01,16.834999084472656,10.171417236328125
2011-09-02,16.645000457763672,10.056624412536621
2011-09-06,16.565000534057617,10.008288383483887
2011-09-07,16.75,10.120064735412598
2011-09-08,16.739999771118164,10.114021301269531
2011-09-09,16.399999618530273,9.908599853515625
2011-09-12,16.53499984741211,9.99015998840332
2011-09-13,16.645000457763672,10.056624412536621
2011-09-14,16.760000228881836,10.126106262207031
2011-09-15,16.969999313354492,10.252981185913086
2011-09-16,16.989999771118164,10.369866371154785
2011-09-19,16.895000457763672,10.311882019042969
2011-09-20,17.139999389648438,10.461418151855469
2011-09-21,16.825000762939453,10.269160270690918
2011-09-22,16.540000915527344,10.095206260681152
2011-09-23,16.704999923706055,10.195915222167969
2011-09-26,16.84000015258789,10.278311729431152
2011-09-27,16.899999618530273,10.314935684204102
2011-09-28,16.729999542236328,10.211174964904785
2011-09-29,17.0,10.375969886779785
2011-09-30,16.809999465942383,10.260002136230469
2011-10-03,16.40999984741211,10.015864372253418
2011-10-04,16.329999923706055,9.967035293579102
2011-10-05,16.34000015258789,9.973134994506836
2011-10-06,16.6299991607666,10.150140762329102
2011-10-07,16.700000762939453,10.192865371704102
2011-10-10,17.024999618530273,10.391223907470703
2011-10-11,16.8700008392334,10.29662799835205
2011-10-12,16.829999923706055,10.272211074829102
2011-10-13,16.829999923706055,10.272211074829102
2011-10-14,16.989999771118164,10.369866371154785
2011-10-17,16.920000076293945,10.327140808105469
2011-10-18,17.040000915527344,10.400381088256836
2011-10-19,17.05500030517578,10.409537315368652
2011-10-20,17.149999618530273,10.467520713806152
2011-10-21,17.440000534057617,10.644522666931152
2011-10-24,17.364999771118164,10.598747253417969
2011-10-25,17.170000076293945,10.479726791381836
2011-10-26,17.239999771118164,10.522454261779785
2011-10-27,17.649999618530273,10.772698402404785
2011-10-28,17.5049991607666,10.684195518493652
2011-10-31,17.424999237060547,10.635367393493652
2011-11-01,17.059999465942383,10.412593841552734
2011-11-02,17.360000610351562,10.595695495605469
2011-11-03,17.56999969482422,10.723868370056152
2011-11-04,17.489999771118164,10.675039291381836
2011-11-07,17.584999084472656,10.733023643493652
2011-11-08,17.700000762939453,10.803215026855469
2011-11-09,17.315000534057617,10.568229675292969
2011-11-10,17.43000030517578,10.638421058654785
2011-11-11,17.68000030517578,10.791011810302734
2011-11-14,17.469999313354492,10.662833213806152
2011-11-15,17.5,10.681144714355469
2011-11-16,17.290000915527344,10.552968978881836
2011-11-17,17.200000762939453,10.498039245605469
2011-11-18,17.31999969482422,10.571283340454102
2011-11-21,17.104999542236328,10.440057754516602
2011-11-22,16.895000457763672,10.311882019042969
2011-11-23,16.6299991607666,10.150140762329102
2011-11-25,16.71500015258789,10.202016830444336
2011-11-28,16.924999237060547,10.330196380615234
2011-11-29,17.110000610351562,10.44310474395752
2011-11-30,17.604999542236328,10.745235443115234
2011-12-01,17.55500030517578,10.71471118927002
2011-12-02,17.375,10.604850769042969
2011-12-05,17.510000228881836,10.687248229980469
2011-12-06,17.559999465942383,10.717765808105469
2011-12-07,17.53499984741211,10.702506065368652
2011-12-08,17.280000686645508,10.546874046325684
2011-12-09,17.5,10.681144714355469
2011-12-12,17.350000381469727,10.589591979980469
2011-12-13,17.415000915527344,10.629265785217285
2011-12-14,17.30500030517578,10.562127113342285
2011-12-15,17.514999389648438,10.690301895141602
2011-12-16,17.270000457763672,10.658824920654297
2011-12-19,17.139999389648438,10.578587532043457
2011-12-20,17.5049991607666,10.803861618041992
2011-12-21,17.764999389648438,10.96433162689209
2011-12-22,17.78499984741211,10.976675033569336
2011-12-23,17.899999618530273,11.047650337219238
2011-12-27,18.045000076293945,11.137145042419434
2011-12-28,17.979999542236328,11.097025871276855
2011-12-29,18.1200008392334,11.183433532714844
2011-12-30,17.989999771118164,11.103199005126953
2012-01-03,17.670000076293945,10.905698776245117
2012-01-04,17.56999969482422,10.84398078918457
2012-01-05,17.604999542236328,10.865580558776855
2012-01-06,17.510000228881836,10.80694580078125
2012-01-09,17.53499984741211,10.822378158569336
2012-01-10,17.559999465942383,10.83780574798584
2012-01-11,17.479999542236328,10.788435935974121
2012-01-12,17.454999923706055,10.773006439208984
2012-01-13,17.44499969482422,10.766831398010254
2012-01-17,17.43000030517578,10.757574081420898
2012-01-18,17.424999237060547,10.754484176635742
2012-01-19,17.280000686645508,10.664996147155762
2012-01-20,17.30500030517578,10.680426597595215
2012-01-23,17.375,10.723628044128418
2012-01-24,17.235000610351562,10.637222290039062
2012-01-25,17.520000457763672,10.813121795654297
2012-01-26,17.579999923706055,10.85014820098877
2012-01-27,17.364999771118164,10.717455863952637
2012-01-30,17.2549991607666,10.649564743041992
2012-01-31,17.34000015258789,10.702028274536133
2012-02-01,17.399999618530273,10.739058494567871
2012-02-02,17.3700008392334,10.720542907714844
2012-02-03,17.415000915527344,10.748318672180176
2012-02-06,17.34000015258789,10.702028274536133
2012-02-07,17.46500015258789,10.779176712036133
2012-02-08,17.485000610351562,10.791519165039062
2012-02-09,17.434999465942383,10.760658264160156
2012-02-10,17.399999618530273,10.739058494567871
2012-02-13,17.3799991607666,10.726714134216309
2012-02-14,17.385000228881836,10.7298002243042
2012-02-15,17.350000381469727,10.708196640014648
2012-02-16,17.53499984741211,10.822378158569336
2012-02-17,17.524999618530273,10.816206932067871
2012-02-21,17.459999084472656,10.776089668273926
2012-02-22,17.479999542236328,10.788435935974121
2012-02-23,17.46500015258789,10.779176712036133
2012-02-24,17.540000915527344,10.825465202331543
2012-02-27,17.53499984741211,10.822378158569336
2012-02-28,17.450000762939453,10.769913673400879
2012-02-29,17.44499969482422,10.766831398010254
2012-03-01,17.489999771118164,10.794600486755371
2012-03-02,17.479999542236328,10.788435935974121
2012-03-05,17.520000457763672,10.813121795654297
2012-03-06,17.450000762939453,10.769913673400879
2012-03-07,17.459999084472656,10.776089668273926
2012-03-08,17.514999389648438,10.810032844543457
2012-03-09,17.584999084472656,10.853240013122559
2012-03-12,17.78499984741211,10.976675033569336
2012-03-13,17.844999313354492,11.013705253601074
2012-03-14,17.579999923706055,10.85014820098877
2012-03-15,17.565000534057617,10.84089469909668
2012-03-16,17.389999389648438,10.832172393798828
2012-03-19,17.270000457763672,10.757424354553223
2012-03-20,17.290000915527344,10.769883155822754
2012-03-21,17.2549991607666,10.74808120727539
2012-03-22,17.295000076293945,10.77299976348877
2012-03-23,17.299999237060547,10.77611255645752
2012-03-26,17.420000076293945,10.850859642028809
2012-03-27,17.5049991607666,10.903804779052734
2012-03-28,17.360000610351562,10.81348705291748
2012-03-29,17.43000030517578,10.857089042663574
2012-03-30,17.520000457763672,10.913147926330566
2012-04-02,17.610000610351562,10.969212532043457
2012-04-03,17.600000381469727,10.962983131408691
2012-04-04,17.575000762939453,10.947412490844727
2012-04-05,17.44499969482422,10.866430282592773
2012-04-09,17.354999542236328,10.81037712097168
2012-04-10,17.1299991607666,10.670220375061035
2012-04-11,17.170000076293945,10.695135116577148
2012-04-12,17.225000381469727,10.729393005371094
2012-04-13,17.165000915527344,10.692023277282715
2012-04-16,17.325000762939453,10.791686058044434
2012-04-17,17.415000915527344,10.847747802734375
2012-04-18,17.385000228881836,10.829059600830078
2012-04-19,17.34000015258789,10.801029205322266
2012-04-20,17.510000228881836,10.9069185256958
2012-04-23,17.434999465942383,10.860203742980957
2012-04-24,17.55500030517578,10.934952735900879
2012-04-25,17.645000457763672,10.99101448059082
2012-04-26,17.7450008392334,11.053303718566895
2012-04-27,17.80500030517578,11.09067440032959
2012-04-30,17.829999923706055,11.106247901916504
2012-05-01,17.920000076293945,11.16230583190918
2012-05-02,17.815000534057617,11.096900939941406
2012-05-03,17.760000228881836,11.062646865844727
2012-05-04,17.78499984741211,11.078219413757324
2012-05-07,17.75,11.056418418884277
2012-05-08,17.780000686645508,11.075104713439941
2012-05-09,17.790000915527344,11.081334114074707
2012-05-10,17.954999923706055,11.18410873413086
2012-05-11,17.96500015258789,11.19034194946289
2012-05-14,17.94499969482422,11.17788314819336
2012-05-15,17.81999969482422,11.100016593933105
2012-05-16,17.844999313354492,11.11559009552002
2012-05-17,17.7450008392334,11.053303718566895
2012-05-18,17.709999084472656,11.031499862670898
2012-05-21,17.729999542236328,11.04395866394043
2012-05-22,17.854999542236328,11.121819496154785
2012-05-23,17.760000228881836,11.062646865844727
2012-05-24,17.829999923706055,11.106247901916504
2012-05-25,17.889999389648438,11.143625259399414
2012-05-29,17.94499969482422,11.17788314819336
2012-05-30,17.834999084472656,11.10936164855957
2012-05-31,17.93000030517578,11.168533325195312
2012-06-01,17.854999542236328,11.121819496154785
2012-06-04,17.915000915527344,11.15919303894043
2012-06-05,17.979999542236328,11.19968032836914
2012-06-06,18.229999542236328,11.355405807495117
2012-06-07,18.3700008392334,11.44261360168457
2012-06-08,18.40999984741211,11.467529296875
2012-06-11,18.395000457763672,11.45818042755127
2012-06-12,18.415000915527344,11.470640182495117
2012-06-13,18.420000076293945,11.47375774383545
2012-06-14,18.545000076293945,11.551621437072754
2012-06-15,18.46500015258789,11.6088285446167
2012-06-18,18.53499984741211,11.652837753295898
2012-06-19,18.4950008392334,11.627692222595215
2012-06-20,18.315000534057617,11.514527320861816
2012-06-21,18.125,11.39507007598877
2012-06-22,18.1299991607666,11.398221969604492
2012-06-25,18.094999313354492,11.376209259033203
2012-06-26,18.1200008392334,11.391937255859375
2012-06-27,18.325000762939453,11.520811080932617
2012-06-28,18.389999389648438,11.561677932739258
2012-06-29,18.4950008392334,11.627692222595215
2012-07-02,18.610000610351562,11.699991226196289
2012-07-03,18.565000534057617,11.671700477600098
2012-07-05,18.454999923706055,11.60254192352295
2012-07-06,18.415000915527344,11.577397346496582
2012-07-09,18.354999542236328,11.53967571258545
2012-07-10,18.385000228881836,11.558536529541016
2012-07-11,18.479999542236328,11.61825942993164
2012-07-12,18.5049991607666,11.633977890014648
2012-07-13,18.670000076293945,11.737712860107422
2012-07-16,18.65999984741211,11.731426239013672
2012-07-17,18.700000762939453,11.756572723388672
2012-07-18,18.760000228881836,11.794294357299805
2012-07-19,18.795000076293945,11.816296577453613
2012-07-20,18.834999084472656,11.841444969177246
2012-07-23,18.709999084472656,11.762857437133789
2012-07-24,18.545000076293945,11.659128189086914
2012-07-25,18.53499984741211,11.652837753295898
2012-07-26,18.825000762939453,11.835159301757812
2012-07-27,19.045000076293945,11.973474502563477
2012-07-30,19.114999771118164,12.017480850219727
2012-07-31,18.959999084472656,11.920032501220703
2012-08-01,18.815000534057617,11.82887077331543
2012-08-02,18.709999084472656,11.762857437133789
2012-08-03,18.93000030517578,11.901169776916504
2012-08-06,18.885000228881836,11.872883796691895
2012-08-07,18.690000534057617,11.750289916992188
2012-08-08,18.71500015258789,11.766006469726562
2012-08-09,18.71500015258789,11.766006469726562
2012-08-10,18.770000457763672,11.80058479309082
2012-08-13,18.75,11.788006782531738
2012-08-14,18.729999542236328,11.775430679321289
2012-08-15,18.639999389648438,11.718851089477539
2012-08-16,18.594999313354492,11.690561294555664
2012-08-17,18.545000076293945,11.659128189086914
2012-08-20,18.579999923706055,11.681130409240723
2012-08-21,18.44499969482422,11.596256256103516
2012-08-22,18.415000915527344,11.577397346496582
2012-08-23,18.225000381469727,11.457942008972168
2012-08-24,18.309999465942383,11.51137924194336
2012-08-27,18.350000381469727,11.536528587341309
2012-08-28,18.315000534057617,11.514527320861816
2012-08-29,18.28499984741211,11.495665550231934
2012-08-30,18.19499969482422,11.439083099365234
2012-08-31,18.174999237060547,11.42651081085205
2012-09-04,18.2450008392334,11.470515251159668
2012-09-05,18.165000915527344,11.420228958129883
2012-09-06,18.3700008392334,11.549101829528809
2012-09-07,18.309999465942383,11.51137924194336
2012-09-10,18.290000915527344,11.498811721801758
2012-09-11,18.2450008392334,11.470515251159668
2012-09-12,18.139999389648438,11.40450382232666
2012-09-13,18.395000457763672,11.564818382263184
2012-09-14,18.270000457763672,11.486230850219727
2012-09-17,18.155000686645508,11.413939476013184
2012-09-18,18.100000381469727,11.379358291625977
2012-09-19,18.1200008392334,11.391937255859375
2012-09-20,18.19499969482422,11.439083099365234
2012-09-21,18.014999389648438,11.445752143859863
2012-09-24,18.184999465942383,11.553764343261719
2012-09-25,18.145000457763672,11.528346061706543
2012-09-26,18.184999465942383,11.553764343261719
2012-09-27,18.110000610351562,11.506115913391113
2012-09-28,18.19499969482422,11.560118675231934
2012-10-01,18.110000610351562,11.506115913391113
2012-10-02,18.204999923706055,11.566468238830566
2012-10-03,18.295000076293945,11.623651504516602
2012-10-04,18.399999618530273,11.690362930297852
2012-10-05,18.3700008392334,11.67129898071289
2012-10-08,18.399999618530273,11.690362930297852
2012-10-09,18.364999771118164,11.66812801361084
2012-10-10,18.334999084472656,11.649064064025879
2012-10-11,18.354999542236328,11.661772727966309
2012-10-12,18.25,11.595059394836426
2012-10-15,18.325000762939453,11.642709732055664
2012-10-16,18.395000457763672,11.687180519104004
2012-10-17,18.6200008392334,11.830138206481934
2012-10-18,18.704999923706055,11.884142875671387
2012-10-19,18.55500030517578,11.78884220123291
2012-10-22,18.5049991607666,11.757073402404785
2012-10-23,18.334999084472656,11.649064064025879
2012-10-24,18.200000762939453,11.563294410705566
2012-10-25,18.290000915527344,11.620476722717285
2012-10-26,18.290000915527344,11.620476722717285
2012-10-31,18.450000762939453,11.72213363647461
2012-11-01,18.2549991607666,11.598237037658691
2012-11-02,18.1299991607666,11.51882266998291
2012-11-05,17.834999084472656,11.331391334533691
2012-11-06,17.844999313354492,11.337745666503906
2012-11-07,17.469999313354492,11.099493026733398
2012-11-08,17.440000534057617,11.080428123474121
2012-11-09,17.334999084472656,11.013712882995605
2012-11-12,17.190000534057617,10.921591758728027
2012-11-13,17.2549991607666,10.962890625
2012-11-14,17.135000228881836,10.886651039123535
2012-11-15,17.03499984741211,10.823114395141602
2012-11-16,17.18000030517578,10.915239334106445
2012-11-19,17.19499969482422,10.924768447875977
2012-11-20,17.165000915527344,10.905710220336914
2012-11-21,17.09000015258789,10.858057975769043
2012-11-23,17.045000076293945,10.829468727111816
2012-11-26,17.260000228881836,10.966066360473633
2012-11-27,17.30500030517578,10.994660377502441
2012-11-28,17.375,11.03913402557373
2012-11-29,17.475000381469727,11.102666854858398
2012-11-30,17.65999984741211,11.22020435333252
2012-12-03,17.549999237060547,11.150317192077637
2012-12-04,17.459999084472656,11.09313678741455
2012-12-05,17.725000381469727,11.261504173278809
2012-12-06,17.71500015258789,11.25515079498291
2012-12-07,17.729999542236328,11.264678955078125
2012-12-10,17.735000610351562,11.267860412597656
2012-12-11,17.774999618530273,11.293270111083984
2012-12-12,17.7450008392334,11.274209976196289
2012-12-13,17.674999237060547,11.229730606079102
2012-12-14,17.604999542236328,11.185261726379395
2012-12-17,17.875,11.356805801391602
2012-12-18,18.0,11.436222076416016
2012-12-19,17.864999771118164,11.350447654724121
2012-12-20,17.920000076293945,11.385394096374512
2012-12-21,17.655000686645508,11.343631744384766
2012-12-24,17.579999923706055,11.295443534851074
2012-12-26,17.43000030517578,11.199064254760742
2012-12-27,17.399999618530273,11.179788589477539
2012-12-28,17.225000381469727,11.067350387573242
2012-12-31,17.459999084472656,11.218340873718262
2013-01-02,17.780000686645508,11.423949241638184
2013-01-03,17.780000686645508,11.423949241638184
2013-01-04,17.8700008392334,11.48177433013916
2013-01-07,17.69499969482422,11.369331359863281
2013-01-08,17.639999389648438,11.33399486541748
2013-01-09,17.604999542236328,11.311507225036621
2013-01-10,17.68000030517578,11.359698295593262
2013-01-11,17.700000762939453,11.37254810333252
2013-01-14,17.665000915527344,11.350055694580078
2013-01-15,17.71500015258789,11.382184028625488
2013-01-16,17.6299991607666,11.327567100524902
2013-01-17,17.700000762939453,11.37254810333252
2013-01-18,17.84000015258789,11.462496757507324
2013-01-22,17.989999771118164,11.55887508392334
2013-01-23,17.94499969482422,11.529960632324219
2013-01-24,18.024999618530273,11.5813627243042
2013-01-25,18.114999771118164,11.639190673828125
2013-01-28,18.104999542236328,11.632765769958496
2013-01-29,18.229999542236328,11.713080406188965
2013-01-30,18.2450008392334,11.72271728515625
2013-01-31,18.290000915527344,11.751631736755371
2013-02-01,18.34000015258789,11.783760070800781
2013-02-04,18.21500015258789,11.703446388244629
2013-02-05,18.264999389648438,11.735569953918457
2013-02-06,18.31999969482422,11.770907402038574
2013-02-07,18.344999313354492,11.786968231201172
2013-02-08,18.344999313354492,11.786968231201172
2013-02-11,18.389999389648438,11.815881729125977
2013-02-12,18.469999313354492,11.86728572845459
2013-02-13,18.469999313354492,11.86728572845459
2013-02-14,18.31999969482422,11.770907402038574
2013-02-15,18.360000610351562,11.796606063842773
2013-02-19,18.520000457763672,11.8994140625
2013-02-20,18.485000610351562,11.876921653747559
2013-02-21,18.405000686645508,11.825517654418945
2013-02-22,18.59000015258789,11.94438362121582
2013-02-25,18.424999237060547,11.838369369506836
2013-02-26,18.479999542236328,11.873708724975586
2013-02-27,18.649999618530273,11.982933044433594
2013-02-28,18.71500015258789,12.024703025817871
2013-03-01,18.75,12.047189712524414
2013-03-04,18.940000534057617,12.169270515441895
2013-03-05,19.040000915527344,12.233518600463867
2013-03-06,19.030000686645508,12.227090835571289
2013-03-07,18.94499969482422,12.172476768493652
2013-03-08,18.985000610351562,12.1981782913208
2013-03-11,19.030000686645508,12.227090835571289
2013-03-12,18.979999542236328,12.194964408874512
2013-03-13,19.065000534057617,12.24958324432373
2013-03-14,19.104999542236328,12.275275230407715
2013-03-15,19.065000534057617,12.35597038269043
2013-03-18,18.959999084472656,12.287918090820312
2013-03-19,19.010000228881836,12.32032585144043
2013-03-20,19.149999618530273,12.411054611206055
2013-03-21,19.05500030517578,12.349491119384766
2013-03-22,19.084999084472656,12.368936538696289
2013-03-25,19.045000076293945,12.343010902404785
2013-03-26,19.225000381469727,12.45966625213623
2013-03-27,19.315000534057617,12.517995834350586
2013-03-28,19.549999237060547,12.670299530029297
2013-04-01,19.5049991607666,12.641135215759277
2013-04-02,19.56999969482422,12.683259963989258
2013-04-03,19.514999389648438,12.64761734008789
2013-04-04,19.700000762939453,12.767511367797852
2013-04-05,19.78499984741211,12.82259750366211
2013-04-08,19.934999465942383,12.919816970825195
2013-04-09,19.875,12.880929946899414
2013-04-10,20.03499984741211,12.984625816345215
2013-04-11,20.079999923706055,13.013788223266602
2013-04-12,20.165000915527344,13.068880081176758
2013-04-15,19.875,12.880929946899414
2013-04-16,20.114999771118164,13.036468505859375
2013-04-17,20.0,12.961942672729492
2013-04-18,20.065000534057617,13.004066467285156
2013-04-19,20.364999771118164,13.198497772216797
2013-04-22,20.34000015258789,13.182296752929688
2013-04-23,20.389999389648438,13.214695930480957
2013-04-24,20.454999923706055,13.256819725036621
2013-04-25,20.459999084472656,13.2600679397583
2013-04-26,20.489999771118164,13.279509544372559
2013-04-29,20.65999984741211,13.389683723449707
2013-04-30,20.71500015258789,13.42533016204834
2013-05-01,20.510000228881836,13.292474746704102
2013-05-02,20.485000610351562,13.27626895904541
2013-05-03,20.44499969482422,13.250345230102539
2013-05-06,20.15999984741211,13.065632820129395
2013-05-07,20.354999542236328,13.192014694213867
2013-05-08,20.174999237060547,13.075359344482422
2013-05-09,19.8700008392334,12.877684593200684
2013-05-10,19.915000915527344,12.90685749053955
2013-05-13,19.809999465942383,12.838804244995117
2013-05-14,19.94499969482422,12.926297187805176
2013-05-15,20.135000228881836,13.049431800842285
2013-05-16,19.969999313354492,12.94249439239502
2013-05-17,20.15999984741211,13.065632820129395
2013-05-20,20.059999465942383,13.00082778930664
2013-05-21,20.100000381469727,13.026749610900879
2013-05-22,19.760000228881836,12.806401252746582
2013-05-23,19.625,12.718900680541992
2013-05-24,19.415000915527344,12.582804679870605
2013-05-28,19.190000534057617,12.436984062194824
2013-05-29,18.905000686645508,12.252274513244629
2013-05-30,18.954999923706055,12.284680366516113
2013-05-31,18.84000015258789,12.2101469039917
2013-06-03,18.8799991607666,12.23607063293457
2013-06-04,18.815000534057617,12.19394302368164
2013-06-05,18.649999618530273,12.087008476257324
2013-06-06,18.8700008392334,12.229591369628906
2013-06-07,18.985000610351562,12.304121971130371
2013-06-10,18.979999542236328,12.30087947845459
2013-06-11,18.854999542236328,12.219870567321777
2013-06-12,18.670000076293945,12.0999755859375
2013-06-13,18.975000381469727,12.29764175415039
2013-06-14,19.0,12.313847541809082
2013-06-17,19.059999465942383,12.35273265838623
2013-06-18,19.190000534057617,12.436984062194824
2013-06-19,18.75,12.151823043823242
2013-06-20,18.219999313354492,11.808323860168457
2013-06-21,18.270000457763672,11.962523460388184
2013-06-24,18.2549991607666,11.952705383300781
2013-06-25,18.4950008392334,12.109848022460938
2013-06-26,18.729999542236328,12.263713836669922
2013-06-27,18.770000457763672,12.289908409118652
2013-06-28,18.815000534057617,12.319369316101074
2013-07-01,18.579999923706055,12.16550064086914
2013-07-02,18.575000762939453,12.16222858428955
2013-07-03,18.5049991607666,12.116394996643066
2013-07-05,18.450000762939453,12.080387115478516
2013-07-08,18.71500015258789,12.253898620605469
2013-07-09,18.850000381469727,12.34228515625
2013-07-10,18.954999923706055,12.411039352416992
2013-07-11,19.260000228881836,12.610738754272461
2013-07-12,19.31999969482422,12.65002727508545
2013-07-15,19.635000228881836,12.856274604797363
2013-07-16,19.530000686645508,12.787527084350586
2013-07-17,19.520000457763672,12.780977249145508
2013-07-18,19.690000534057617,12.892290115356445
2013-07-19,19.69499969482422,12.895564079284668
2013-07-22,19.674999237060547,12.882472038269043
2013-07-23,19.725000381469727,12.91520881652832
2013-07-24,19.424999237060547,12.718777656555176
2013-07-25,19.604999542236328,12.83663272857666
2013-07-26,19.674999237060547,12.882472038269043
2013-07-29,19.709999084472656,12.90538215637207
2013-07-30,19.774999618530273,12.947942733764648
2013-07-31,19.6299991607666,12.85300350189209
2013-08-01,19.795000076293945,12.961038589477539
2013-08-02,19.770000457763672,12.944669723510742
2013-08-05,19.639999389648438,12.859552383422852
2013-08-06,19.540000915527344,12.794078826904297
2013-08-07,19.6299991607666,12.85300350189209
2013-08-08,19.704999923706055,12.90211009979248
2013-08-09,19.56999969482422,12.81371784210205
2013-08-12,19.46500015258789,12.744967460632324
2013-08-13,19.360000610351562,12.676218032836914
2013-08-14,19.235000610351562,12.594374656677246
2013-08-15,18.989999771118164,12.433951377868652
2013-08-16,18.770000457763672,12.289908409118652
2013-08-19,18.610000610351562,12.18514633178711
2013-08-20,18.78499984741211,12.299729347229004
2013-08-21,18.56999969482422,12.158951759338379
2013-08-22,18.674999237060547,12.227707862854004
2013-08-23,18.829999923706055,12.329193115234375
2013-08-26,18.690000534057617,12.237528800964355
2013-08-27,18.68000030517578,12.230979919433594
2013-08-28,18.7450008392334,12.273540496826172
2013-08-29,18.635000228881836,12.20151424407959
2013-08-30,18.649999618530273,12.211334228515625
2013-09-03,18.434999465942383,12.070558547973633
2013-09-04,18.434999465942383,12.070558547973633
2013-09-05,18.360000610351562,12.021452903747559
2013-09-06,18.489999771118164,12.106571197509766
2013-09-09,18.55500030517578,12.149130821228027
2013-09-10,18.700000762939453,12.244073867797852
2013-09-11,18.514999389648438,12.122942924499512
2013-09-12,18.46500015258789,12.090201377868652
2013-09-13,18.604999542236328,12.181870460510254
2013-09-16,18.655000686645508,12.214608192443848
2013-09-17,18.764999389648438,12.286628723144531
2013-09-18,19.325000762939453,12.653300285339355
2013-09-19,19.235000610351562,12.594374656677246
2013-09-20,18.764999389648438,12.404319763183594
2013-09-23,18.989999771118164,12.55305290222168
2013-09-24,18.979999542236328,12.5464448928833
2013-09-25,18.850000381469727,12.460509300231934
2013-09-26,18.825000762939453,12.443984985351562
2013-09-27,18.704999923706055,12.364660263061523
2013-09-30,18.684999465942383,12.3514404296875
2013-10-01,18.739999771118164,12.387797355651855
2013-10-02,18.760000228881836,12.401019096374512
2013-10-03,18.540000915527344,12.255590438842773
2013-10-04,18.575000762939453,12.278728485107422
2013-10-07,18.485000610351562,12.219234466552734
2013-10-08,18.614999771118164,12.305169105529785
2013-10-09,18.690000534057617,12.354750633239746
2013-10-10,18.969999313354492,12.539835929870605
2013-10-11,19.059999465942383,12.59933090209961
2013-10-14,18.954999923706055,12.529921531677246
2013-10-15,18.690000534057617,12.354750633239746
2013-10-16,18.860000610351562,12.46712589263916
2013-10-17,19.165000915527344,12.668737411499023
2013-10-18,19.21500015258789,12.70179271697998
2013-10-21,19.174999237060547,12.675346374511719
2013-10-22,19.420000076293945,12.837305068969727
2013-10-23,19.434999465942383,12.84721851348877
2013-10-24,19.395000457763672,12.820777893066406
2013-10-25,19.600000381469727,12.956289291381836
2013-10-28,19.559999465942383,12.929848670959473
2013-10-29,19.584999084472656,12.946372032165527
2013-10-30,19.459999084472656,12.863741874694824
2013-10-31,19.389999389648438,12.817468643188477
2013-11-01,19.530000686645508,12.910016059875488
2013-11-04,19.56999969482422,12.936458587646484
2013-11-05,19.43000030517578,12.843913078308105
2013-11-06,19.69499969482422,13.019088745117188
2013-11-07,19.510000228881836,12.896795272827148
2013-11-08,19.475000381469727,12.873656272888184
2013-11-11,19.469999313354492,12.870356559753418
2013-11-12,19.30500030517578,12.76127815246582
2013-11-13,19.399999618530273,12.82408332824707
2013-11-14,19.56999969482422,12.936458587646484
2013-11-15,19.684999465942383,13.012479782104492
2013-11-18,19.65999984741211,12.995952606201172
2013-11-19,19.514999389648438,12.900102615356445
2013-11-20,19.299999237060547,12.757977485656738
2013-11-21,19.344999313354492,12.787724494934082
2013-11-22,19.329999923706055,12.777806282043457
2013-11-25,19.2549991607666,12.728232383728027
2013-11-26,19.065000534057617,12.602633476257324
2013-11-27,19.024999618530273,12.576192855834961
2013-11-29,19.014999389648438,12.569587707519531
2013-12-02,18.934999465942383,12.516702651977539
2013-12-03,19.030000686645508,12.579497337341309
2013-12-04,19.114999771118164,12.6356840133667
2013-12-05,18.959999084472656,12.533225059509277
2013-12-06,19.219999313354492,12.705093383789062
2013-12-09,19.104999542236328,12.629070281982422
2013-12-10,18.915000915527344,12.503480911254883
2013-12-11,18.760000228881836,12.401019096374512
2013-12-12,18.78499984741211,12.417545318603516
2013-12-13,18.7549991607666,12.397712707519531
2013-12-16,18.854999542236328,12.463820457458496
2013-12-17,18.81999969482422,12.440677642822266
2013-12-18,19.06999969482422,12.605941772460938
2013-12-19,18.93000030517578,12.513392448425293
2013-12-20,18.915000915527344,12.637331008911133
2013-12-23,18.84000015258789,12.58721923828125
2013-12-24,18.915000915527344,12.637331008911133
2013-12-26,18.829999923706055,12.580540657043457
2013-12-27,18.905000686645508,12.630650520324707
2013-12-30,18.950000762939453,12.660714149475098
2013-12-31,18.985000610351562,12.684097290039062
2014-01-02,18.69499969482422,12.490341186523438
2014-01-03,18.635000228881836,12.450260162353516
2014-01-06,18.665000915527344,12.470301628112793
2014-01-07,18.829999923706055,12.580540657043457
2014-01-08,18.729999542236328,12.513727188110352
2014-01-09,18.84000015258789,12.58721923828125
2014-01-10,19.110000610351562,12.767609596252441
2014-01-13,18.915000915527344,12.637331008911133
2014-01-14,18.940000534057617,12.654034614562988
2014-01-15,18.905000686645508,12.630650520324707
2014-01-16,19.03499984741211,12.717499732971191
2014-01-17,19.030000686645508,12.71415901184082
2014-01-21,19.239999771118164,12.854464530944824
2014-01-22,19.260000228881836,12.867826461791992
2014-01-23,19.204999923706055,12.831083297729492
2014-01-24,18.989999771118164,12.687434196472168
2014-01-27,19.03499984741211,12.717499732971191
2014-01-28,19.104999542236328,12.764262199401855
2014-01-29,19.094999313354492,12.757589340209961
2014-01-30,19.389999389648438,12.954683303833008
2014-01-31,19.549999237060547,13.061583518981934
2014-02-03,19.395000457763672,12.958022117614746
2014-02-04,19.280000686645508,12.88118839263916
2014-02-05,19.19499969482422,12.82440185546875
2014-02-06,19.334999084472656,12.917935371398926
2014-02-07,19.440000534057617,12.98808479309082
2014-02-10,19.584999084472656,13.084962844848633
2014-02-11,19.770000457763672,13.208563804626465
2014-02-12,19.795000076293945,13.225268363952637
2014-02-13,20.010000228881836,13.368907928466797
2014-02-14,20.139999389648438,13.455768585205078
2014-02-18,20.209999084472656,13.502532005310059
2014-02-19,20.094999313354492,13.425702095031738
2014-02-20,20.25,13.529258728027344
2014-02-21,20.274999618530273,13.54595947265625
2014-02-24,20.225000381469727,13.512558937072754
2014-02-25,20.200000762939453,13.495854377746582
2014-02-26,20.135000228881836,13.452422142028809
2014-02-27,20.084999084472656,13.419017791748047
2014-02-28,20.225000381469727,13.512558937072754
2014-03-03,20.024999618530273,13.378933906555176
2014-03-04,20.170000076293945,13.475811004638672
2014-03-05,20.03499984741211,13.385614395141602
2014-03-06,19.934999465942383,13.318804740905762
2014-03-07,19.9950008392334,13.358885765075684
2014-03-10,19.94499969482422,13.325484275817871
2014-03-11,19.889999389648438,13.288740158081055
2014-03-12,20.139999389648438,13.455768585205078
2014-03-13,20.350000381469727,13.596067428588867
2014-03-14,20.44499969482422,13.659541130065918
2014-03-17,20.579999923706055,13.749730110168457
2014-03-18,20.549999237060547,13.729691505432129
2014-03-19,20.225000381469727,13.512558937072754
2014-03-20,20.270000457763672,13.542617797851562
2014-03-21,20.2549991607666,13.645357131958008
2014-03-24,20.309999465942383,13.682409286499023
2014-03-25,20.395000457763672,13.739668846130371
2014-03-26,20.309999465942383,13.682409286499023
2014-03-27,20.475000381469727,13.793563842773438
2014-03-28,20.5049991607666,13.8137788772583
2014-03-31,20.729999542236328,13.965353965759277
2014-04-01,20.584999084472656,13.867668151855469
2014-04-02,20.55500030517578,13.847463607788086
2014-04-03,20.6200008392334,13.891252517700195
2014-04-04,20.729999542236328,13.965353965759277
2014-04-07,20.69499969482422,13.941777229309082
2014-04-08,20.989999771118164,14.140507698059082
2014-04-09,20.94499969482422,14.110196113586426
2014-04-10,20.864999771118164,14.056299209594727
2014-04-11,20.844999313354492,14.042823791503906
2014-04-14,20.969999313354492,14.127033233642578
2014-04-15,21.260000228881836,14.322403907775879
2014-04-16,21.415000915527344,14.426819801330566
2014-04-17,21.149999618530273,14.248296737670898
2014-04-21,21.125,14.231459617614746
2014-04-22,21.155000686645508,14.251669883728027
2014-04-23,21.165000915527344,14.258398056030273
2014-04-24,21.309999465942383,14.356088638305664
2014-04-25,21.55500030517578,14.521140098571777
2014-04-28,21.65999984741211,14.591875076293945
2014-04-29,21.56999969482422,14.531248092651367
2014-04-30,21.604999542236328,14.554825782775879
2014-05-01,21.69499969482422,14.615456581115723
2014-05-02,21.25,14.31566333770752
2014-05-05,21.440000534057617,14.4436674118042
2014-05-06,21.334999084472656,14.37293529510498
2014-05-07,21.68000030517578,14.605351448059082
2014-05-08,21.44499969482422,14.44703197479248
2014-05-09,21.1299991607666,14.23482608795166
2014-05-12,20.934999465942383,14.103464126586914
2014-05-13,20.985000610351562,14.137145042419434
2014-05-14,21.09000015258789,14.207880973815918
2014-05-15,21.0049991607666,14.150614738464355
2014-05-16,21.06999969482422,14.19440746307373
2014-05-19,20.7450008392334,13.975462913513184
2014-05-20,20.7450008392334,13.975462913513184
2014-05-21,20.760000228881836,13.985566139221191
2014-05-22,20.93000030517578,14.100090980529785
2014-05-23,20.8799991607666,14.06640911102295
2014-05-27,21.045000076293945,14.177559852600098
2014-05-28,21.170000076293945,14.261768341064453
2014-05-29,21.229999542236328,14.30219554901123
2014-05-30,21.3700008392334,14.396512985229492
2014-06-02,21.364999771118164,14.393144607543945
2014-06-03,21.44499969482422,14.44703197479248
2014-06-04,21.434999465942383,14.440295219421387
2014-06-05,21.614999771118164,14.56155776977539
2014-06-06,21.540000915527344,14.511038780212402
2014-06-09,21.395000457763672,14.413351058959961
2014-06-10,21.344999313354492,14.379666328430176
2014-06-11,21.075000762939453,14.197775840759277
2014-06-12,21.139999389648438,14.241561889648438
2014-06-13,21.274999618530273,14.332510948181152
2014-06-16,21.420000076293945,14.430192947387695
2014-06-17,21.389999389648438,14.409974098205566
2014-06-18,21.875,14.73672103881836
2014-06-19,22.05500030517578,14.857983589172363
2014-06-20,21.735000610351562,14.767613410949707
2014-06-23,21.65999984741211,14.716652870178223
2014-06-24,21.725000381469727,14.760820388793945
2014-06-25,21.80500030517578,14.815179824829102
2014-06-26,21.8700008392334,14.859336853027344
2014-06-27,21.954999923706055,14.91709041595459
2014-06-30,22.1299991607666,15.035995483398438
2014-07-01,21.90999984741211,14.886514663696289
2014-07-02,21.485000610351562,14.59775161743164
2014-07-03,21.25,14.438080787658691
2014-07-07,21.350000381469727,14.50603199005127
2014-07-08,21.4950008392334,14.604546546936035
2014-07-09,21.434999465942383,14.563777923583984
2014-07-10,21.579999923706055,14.662302017211914
2014-07-11,21.415000915527344,14.550189018249512
2014-07-14,21.170000076293945,14.3837251663208
2014-07-15,21.280000686645508,14.458463668823242
2014-07-16,21.350000381469727,14.50603199005127
2014-07-17,21.155000686645508,14.373541831970215
2014-07-18,21.3700008392334,14.519618034362793
2014-07-21,21.350000381469727,14.50603199005127
2014-07-22,21.30500030517578,14.475455284118652
2014-07-23,21.325000762939453,14.489041328430176
2014-07-24,21.389999389648438,14.53320026397705
2014-07-25,21.219999313354492,14.417702674865723
2014-07-28,21.514999389648438,14.618136405944824
2014-07-29,21.315000534057617,14.482247352600098
2014-07-30,20.954999923706055,14.237654685974121
2014-07-31,20.625,14.01344108581543
2014-08-01,20.704999923706055,14.067789077758789
2014-08-04,20.594999313354492,13.99305248260498
2014-08-05,20.344999313354492,13.823190689086914
2014-08-06,20.084999084472656,13.646533966064453
2014-08-07,20.315000534057617,13.80280876159668
2014-08-08,20.719999313354492,14.07797908782959
2014-08-11,20.645000457763672,14.027020454406738
2014-08-12,20.6299991607666,14.016831398010254
2014-08-13,20.725000381469727,14.081377983093262
2014-08-14,20.905000686645508,14.203678131103516
2014-08-15,20.985000610351562,14.25803279876709
2014-08-18,20.93000030517578,14.22066593170166
2014-08-19,21.19499969482422,14.400713920593262
2014-08-20,21.239999771118164,14.431295394897461
2014-08-21,21.290000915527344,14.46525764465332
2014-08-22,21.225000381469727,14.421095848083496
2014-08-25,21.3700008392334,14.519618034362793
2014-08-26,21.114999771118164,14.346363067626953
2014-08-27,21.344999313354492,14.5026273727417
2014-08-28,21.5,14.60794734954834
2014-08-29,21.639999389648438,14.703069686889648
2014-09-02,21.44499969482422,14.570575714111328
2014-09-03,21.549999237060547,14.641915321350098
2014-09-04,21.540000915527344,14.635125160217285
2014-09-05,21.809999465942383,14.818574905395508
2014-09-08,21.68000030517578,14.73024845123291
2014-09-09,21.43000030517578,14.560385704040527
2014-09-10,21.334999084472656,14.495840072631836
2014-09-11,21.514999389648438,14.618136405944824
2014-09-12,21.1299991607666,14.356551170349121
2014-09-15,21.19499969482422,14.400713920593262
2014-09-16,21.46500015258789,14.584168434143066
2014-09-17,21.424999237060547,14.55698013305664
2014-09-18,21.270000457763672,14.451666831970215
2014-09-19,21.270000457763672,14.581924438476562
2014-09-22,21.110000610351562,14.47223949432373
2014-09-23,21.049999237060547,14.431112289428711
2014-09-24,20.975000381469727,14.37968635559082
2014-09-25,20.850000381469727,14.293993949890137
2014-09-26,20.8799991607666,14.314565658569336
2014-09-29,21.014999389648438,14.407112121582031
2014-09-30,21.045000076293945,14.42767333984375
2014-10-01,21.165000915527344,14.509944915771484
2014-10-02,21.135000228881836,14.489375114440918
2014-10-03,21.270000457763672,14.581924438476562
2014-10-06,21.270000457763672,14.581924438476562
2014-10-07,21.239999771118164,14.561369895935059
2014-10-08,21.719999313354492,14.890430450439453
2014-10-09,21.364999771118164,14.647062301635742
2014-10-10,21.46500015258789,14.715620040893555
2014-10-13,21.44499969482422,14.701903343200684
2014-10-14,21.639999389648438,14.835592269897461
2014-10-15,21.354999542236328,14.640201568603516
2014-10-16,21.375,14.653913497924805
2014-10-17,21.5,14.73961353302002
2014-10-20,21.799999237060547,14.94527530670166
2014-10-21,21.875,14.996705055236816
2014-10-22,22.010000228881836,15.089248657226562
2014-10-23,22.049999237060547,15.116668701171875
2014-10-24,22.264999389648438,15.264062881469727
2014-10-27,22.21500015258789,15.229784965515137
2014-10-28,22.3700008392334,15.336047172546387
2014-10-29,22.239999771118164,15.246919631958008
2014-10-30,22.729999542236328,15.582853317260742
2014-10-31,22.735000610351562,15.586280822753906
2014-11-03,22.885000228881836,15.689115524291992
2014-11-04,22.764999389648438,15.606851577758789
2014-11-05,23.280000686645508,15.959908485412598
2014-11-06,22.885000228881836,15.689115524291992
2014-11-07,23.125,15.853657722473145
2014-11-10,23.239999771118164,15.932491302490234
2014-11-11,23.155000686645508,15.874216079711914
2014-11-12,22.75,15.596562385559082
2014-11-13,22.565000534057617,15.469734191894531
2014-11-14,22.469999313354492,15.404606819152832
2014-11-17,22.764999389648438,15.606851577758789
2014-11-18,22.829999923706055,15.65141487121582
2014-11-19,22.809999465942383,15.637691497802734
2014-11-20,22.760000228881836,15.603418350219727
2014-11-21,22.850000381469727,15.665122985839844
2014-11-24,22.65999984741211,15.534860610961914
2014-11-25,22.65999984741211,15.534860610961914
2014-11-26,22.760000228881836,15.603418350219727
2014-11-28,23.0,15.767951965332031
2014-12-01,23.045000076293945,15.798802375793457
2014-12-02,23.200000762939453,15.90506362915039
2014-12-03,23.135000228881836,15.860504150390625
2014-12-04,23.114999771118164,15.846796035766602
2014-12-05,22.934999465942383,15.723395347595215
2014-12-08,23.1200008392334,15.850221633911133
2014-12-09,23.235000610351562,15.929059982299805
2014-12-10,22.94499969482422,15.730250358581543
2014-12-11,23.174999237060547,15.887932777404785
2014-12-12,22.954999923706055,15.737106323242188
2014-12-15,22.760000228881836,15.603418350219727
2014-12-16,22.739999771118164,15.58970832824707
2014-12-17,23.145000457763672,15.867358207702637
2014-12-18,23.600000381469727,16.179298400878906
2014-12-19,23.43000030517578,16.205917358398438
2014-12-22,23.489999771118164,16.247417449951172
2014-12-23,23.549999237060547,16.288923263549805
2014-12-24,23.985000610351562,16.58980369567871
2014-12-26,24.274999618530273,16.790376663208008
2014-12-29,24.55500030517578,16.984050750732422
2014-12-30,24.045000076293945,16.631305694580078
2014-12-31,23.610000610351562,16.330421447753906
2015-01-02,23.719999313354492,16.406505584716797
2015-01-05,23.43000030517578,16.205917358398438
2015-01-06,23.44499969482422,16.216297149658203
2015-01-07,23.674999237060547,16.375377655029297
2015-01-08,23.84000015258789,16.48950958251953
2015-01-09,23.690000534057617,16.385753631591797
2015-01-12,23.635000228881836,16.34771728515625
2015-01-13,23.700000762939453,16.392671585083008
2015-01-14,23.905000686645508,16.534467697143555
2015-01-15,24.094999313354492,16.665882110595703
2015-01-16,24.309999465942383,16.814594268798828
2015-01-20,24.3700008392334,16.85610008239746
2015-01-21,24.604999542236328,17.018634796142578
2015-01-22,24.5,16.94601058959961
2015-01-23,24.56999969482422,16.994428634643555
2015-01-26,24.55500030517578,16.984050750732422
2015-01-27,24.59000015258789,17.008262634277344
2015-01-28,24.3799991607666,16.863012313842773
2015-01-29,24.704999923706055,17.087806701660156
2015-01-30,24.15999984741211,16.710840225219727
2015-02-02,24.264999389648438,16.783466339111328
2015-02-03,24.354999542236328,16.845720291137695
2015-02-04,24.059999465942383,16.641674041748047
2015-02-05,24.280000686645508,16.793842315673828
2015-02-06,23.280000686645508,16.102169036865234
2015-02-09,23.075000762939453,15.960376739501953
2015-02-10,23.549999237060547,16.288923263549805
2015-02-11,23.040000915527344,15.936162948608398
2015-02-12,22.934999465942383,15.863544464111328
2015-02-13,22.584999084472656,15.621459007263184
2015-02-17,22.565000534057617,15.607621192932129
2015-02-18,23.100000381469727,15.977665901184082
2015-02-19,22.84000015258789,15.797836303710938
2015-02-20,22.844999313354492,15.80129337310791
2015-02-23,23.0,15.908498764038086
2015-02-24,23.170000076293945,16.026081085205078
2015-02-25,22.790000915527344,15.763251304626465
2015-02-26,22.639999389648438,15.65949821472168
2015-02-27,22.614999771118164,15.642206192016602
2015-03-02,22.18000030517578,15.341328620910645
2015-03-03,22.315000534057617,15.434710502624512
2015-03-04,22.190000534057617,15.348247528076172
2015-03-05,22.364999771118164,15.469290733337402
2015-03-06,21.69499969482422,15.005865097045898
2015-03-09,21.735000610351562,15.03353500366211
2015-03-10,21.69499969482422,15.005865097045898
2015-03-11,21.55500030517578,14.909032821655273
2015-03-12,21.96500015258789,15.192621231079102
2015-03-13,21.739999771118164,15.03699016571045
2015-03-16,22.114999771118164,15.296369552612305
2015-03-17,22.079999923706055,15.27215576171875
2015-03-18,22.674999237060547,15.68370246887207
2015-03-19,22.46500015258789,15.538450241088867
2015-03-20,22.489999771118164,15.678227424621582
2015-03-23,22.5049991607666,15.688682556152344
2015-03-24,22.2549991607666,15.514403343200684
2015-03-25,21.9950008392334,15.333148002624512
2015-03-26,21.809999465942383,15.20418643951416
2015-03-27,21.940000534057617,15.294814109802246
2015-03-30,22.209999084472656,15.483034133911133
2015-03-31,22.21500015258789,15.486515045166016
2015-04-01,22.235000610351562,15.500462532043457
2015-04-02,22.274999618530273,15.528345108032227
2015-04-06,22.584999084472656,15.744460105895996
2015-04-07,22.325000762939453,15.563206672668457
2015-04-08,22.260000228881836,15.51789665222168
2015-04-09,22.165000915527344,15.451665878295898
2015-04-10,22.329999923706055,15.566683769226074
2015-04-13,22.110000610351562,15.413320541381836
2015-04-14,22.219999313354492,15.490002632141113
2015-04-15,22.274999618530273,15.528345108032227
2015-04-16,22.1299991607666,15.427268981933594
2015-04-17,22.049999237060547,15.371491432189941
2015-04-20,22.3799991607666,15.601544380187988
2015-04-21,22.18000030517578,15.462119102478027
2015-04-22,22.225000381469727,15.493487358093262
2015-04-23,22.350000381469727,15.580631256103516
2015-04-24,22.575000762939453,15.737481117248535
2015-04-27,22.30500030517578,15.549262046813965
2015-04-28,22.46500015258789,15.660801887512207
2015-04-29,22.3700008392334,15.594576835632324
2015-04-30,22.110000610351562,15.413320541381836
2015-05-01,22.235000610351562,15.500462532043457
2015-05-04,22.399999618530273,15.615483283996582
2015-05-05,21.899999618530273,15.266926765441895
2015-05-06,21.780000686645508,15.183274269104004
2015-05-07,21.860000610351562,15.239041328430176
2015-05-08,22.014999389648438,15.347090721130371
2015-05-11,21.864999771118164,15.242522239685059
2015-05-12,21.84000015258789,15.22509479522705
2015-05-13,21.625,15.075224876403809
2015-05-14,21.875,15.249500274658203
2015-05-15,22.15999984741211,15.448179244995117
2015-05-18,22.2450008392334,15.507433891296387
2015-05-19,22.295000076293945,15.542288780212402
2015-05-20,22.329999923706055,15.566683769226074
2015-05-21,22.31999969482422,15.559717178344727
2015-05-22,22.28499984741211,15.535322189331055
2015-05-26,22.145000457763672,15.437726020812988
2015-05-27,22.235000610351562,15.500462532043457
2015-05-28,22.28499984741211,15.535322189331055
2015-05-29,22.25,15.510917663574219
2015-06-01,22.280000686645508,15.531831741333008
2015-06-02,21.985000610351562,15.326184272766113
2015-06-03,21.65999984741211,15.099625587463379
2015-06-04,21.6299991607666,15.078702926635742
2015-06-05,21.360000610351562,14.890483856201172
2015-06-08,21.235000610351562,14.803339958190918
2015-06-09,21.184999465942383,14.768485069274902
2015-06-10,21.290000915527344,14.841684341430664
2015-06-11,21.459999084472656,14.960197448730469
2015-06-12,21.270000457763672,14.827741622924805
2015-06-15,21.235000610351562,14.803339958190918
2015-06-16,21.334999084472656,14.873059272766113
2015-06-17,21.514999389648438,14.99853515625
2015-06-18,21.799999237060547,15.197214126586914
2015-06-19,21.395000457763672,15.050546646118164
2015-06-22,21.364999771118164,15.029439926147461
2015-06-23,21.075000762939453,14.825430870056152
2015-06-24,20.90999984741211,14.709358215332031
2015-06-25,20.770000457763672,14.610882759094238
2015-06-26,20.895000457763672,14.698817253112793
2015-06-29,20.78499984741211,14.621435165405273
2015-06-30,20.729999542236328,14.582741737365723
2015-07-01,20.854999542236328,14.670673370361328
2015-07-02,21.114999771118164,14.85357666015625
2015-07-06,21.200000762939453,14.913373947143555
2015-07-07,21.725000381469727,15.282682418823242
2015-07-08,21.610000610351562,15.2017822265625
2015-07-09,21.3700008392334,15.032958030700684
2015-07-10,21.485000610351562,15.113853454589844
2015-07-13,21.4950008392334,15.120896339416504
2015-07-14,21.46500015258789,15.099786758422852
2015-07-15,21.56999969482422,15.173649787902832
2015-07-16,21.889999389648438,15.398757934570312
2015-07-17,21.674999237060547,15.247515678405762
2015-07-20,21.565000534057617,15.170134544372559
2015-07-21,21.3700008392334,15.032958030700684
2015-07-22,21.46500015258789,15.099786758422852
2015-07-23,21.145000457763672,14.874674797058105
2015-07-24,21.165000915527344,14.888748168945312
2015-07-27,21.434999465942383,15.078680992126465
2015-07-28,21.53499984741211,15.149029731750488
2015-07-29,21.614999771118164,15.205305099487305
2015-07-30,21.774999618530273,15.31785774230957
2015-07-31,21.9950008392334,15.472616195678711
2015-08-03,22.110000610351562,15.5535249710083
2015-08-04,21.7549991607666,15.303791046142578
2015-08-05,21.809999465942383,15.342480659484863
2015-08-06,21.924999237060547,15.42337703704834
2015-08-07,22.19499969482422,15.613314628601074
2015-08-10,22.104999542236328,15.550000190734863
2015-08-11,22.21500015258789,15.627388000488281
2015-08-12,22.610000610351562,15.90524959564209
2015-08-13,22.614999771118164,15.90876579284668
2015-08-14,22.78499984741211,16.028352737426758
2015-08-17,22.895000457763672,16.10573959350586
2015-08-18,22.84000015258789,16.067047119140625
2015-08-19,22.934999465942383,16.133869171142578
2015-08-20,22.799999237060547,16.03890609741211
2015-08-21,22.524999618530273,15.845455169677734
2015-08-24,21.68000030517578,15.251036643981934
2015-08-25,21.014999389648438,14.78322982788086
2015-08-26,21.389999389648438,15.047029495239258
2015-08-27,21.639999389648438,15.222888946533203
2015-08-28,21.575000762939453,15.177170753479004
2015-08-31,21.229999542236328,14.934477806091309
2015-09-01,20.655000686645508,14.529983520507812
2015-09-02,20.670000076293945,14.540542602539062
2015-09-03,20.764999389648438,14.6073637008667
2015-09-04,20.479999542236328,14.406875610351562
2015-09-08,20.915000915527344,14.712881088256836
2015-09-09,20.655000686645508,14.529983520507812
2015-09-10,20.6200008392334,14.505362510681152
2015-09-11,20.774999618530273,14.614401817321777
2015-09-14,20.825000762939453,14.649568557739258
2015-09-15,20.934999465942383,14.726954460144043
2015-09-16,21.145000457763672,14.874674797058105
2015-09-17,21.434999465942383,15.078680992126465
2015-09-18,21.114999771118164,14.9938325881958
2015-09-21,21.200000762939453,15.05418586730957
2015-09-22,20.934999465942383,14.866008758544922
2015-09-23,20.989999771118164,14.905056953430176
2015-09-24,21.15999984741211,15.025777816772461
2015-09-25,21.364999771118164,15.171353340148926
2015-09-28,21.260000228881836,15.096789360046387
2015-09-29,21.264999389648438,15.100342750549316
2015-09-30,21.645000457763672,15.370182991027832
2015-10-01,21.389999389648438,15.189102172851562
2015-10-02,21.674999237060547,15.391486167907715
2015-10-05,21.954999923706055,15.59031867980957
2015-10-06,21.80500030517578,15.48380184173584
2015-10-07,21.729999542236328,15.430535316467285
2015-10-08,22.0,15.62226390838623
2015-10-09,21.895000457763672,15.547704696655273
2015-10-12,22.09000015258789,15.686176300048828
2015-10-13,22.040000915527344,15.650674819946289
2015-10-14,22.03499984741211,15.64711856842041
2015-10-15,22.360000610351562,15.877908706665039
2015-10-16,22.389999389648438,15.899213790893555
2015-10-19,22.405000686645508,15.90986156463623
2015-10-20,22.479999542236328,15.963118553161621
2015-10-21,22.434999465942383,15.931163787841797
2015-10-22,22.69499969482422,16.115785598754883
2015-10-23,22.295000076293945,15.831745147705078
2015-10-26,22.21500015258789,15.77493953704834
2015-10-27,22.135000228881836,15.718130111694336
2015-10-28,21.899999618530273,15.55125617980957
2015-10-29,21.774999618530273,15.462494850158691
2015-10-30,21.875,15.533503532409668
2015-11-02,21.899999618530273,15.55125617980957
2015-11-03,21.96500015258789,15.59740924835205
2015-11-04,22.079999923706055,15.679076194763184
2015-11-05,21.889999389648438,15.544156074523926
2015-11-06,21.125,15.000926971435547
2015-11-09,21.18000030517578,15.039981842041016
2015-11-10,21.3700008392334,15.17490005493164
2015-11-11,21.55500030517578,15.306272506713867
2015-11-12,21.350000381469727,15.160697937011719
2015-11-13,21.270000457763672,15.103889465332031
2015-11-16,21.6299991607666,15.359529495239258
2015-11-17,21.239999771118164,15.082588195800781
2015-11-18,21.375,15.178451538085938
2015-11-19,21.604999542236328,15.341773986816406
2015-11-20,21.69499969482422,15.405685424804688
2015-11-23,21.4950008392334,15.263669967651367
2015-11-24,21.46500015258789,15.242359161376953
2015-11-25,21.334999084472656,15.15004825592041
2015-11-27,21.375,15.178451538085938
2015-11-30,21.40999984741211,15.203310012817383
2015-12-01,21.579999923706055,15.324023246765137
2015-12-02,21.100000381469727,14.983173370361328
2015-12-03,20.940000534057617,14.869558334350586
2015-12-04,21.235000610351562,15.079036712646484
2015-12-07,21.329999923706055,15.146493911743164
2015-12-08,21.299999237060547,15.12519359588623
2015-12-09,21.30500030517578,15.128741264343262
2015-12-10,20.954999923706055,14.88021469116211
2015-12-11,20.895000457763672,14.837601661682129
2015-12-14,21.0,14.912162780761719
2015-12-15,21.165000915527344,15.029333114624023
2015-12-16,21.700000762939453,15.409233093261719
2015-12-17,21.7450008392334,15.44118595123291
2015-12-18,21.2549991607666,15.249275207519531
2015-12-21,21.239999771118164,15.238510131835938
2015-12-22,21.420000076293945,15.367650032043457
2015-12-23,21.75,15.604411125183105
2015-12-24,21.735000610351562,15.593649864196777
2015-12-28,21.774999618530273,15.622346878051758
2015-12-29,21.895000457763672,15.708436965942383
2015-12-30,21.875,15.694089889526367
2015-12-31,21.639999389648438,15.525492668151855
2016-01-04,21.594999313354492,15.493208885192871
2016-01-05,21.75,15.604411125183105
2016-01-06,21.709999084472656,15.575705528259277
2016-01-07,21.565000534057617,15.471686363220215
2016-01-08,21.55500030517578,15.464509963989258
2016-01-11,21.670000076293945,15.547018051147461
2016-01-12,21.584999084472656,15.486023902893066
2016-01-13,21.575000762939453,15.47885513305664
2016-01-14,21.899999618530273,15.712024688720703
2016-01-15,21.704999923706055,15.572123527526855
2016-01-19,22.030000686645508,15.805294036865234
2016-01-20,21.53499984741211,15.450157165527344
2016-01-21,21.514999389648438,15.435811996459961
2016-01-22,21.899999618530273,15.712024688720703
2016-01-25,21.71500015258789,15.579301834106445
2016-01-26,21.864999771118164,15.686911582946777
2016-01-27,21.915000915527344,15.722789764404297
2016-01-28,22.264999389648438,15.973894119262695
2016-01-29,22.709999084472656,16.293155670166016
2016-02-01,22.924999237060547,16.447406768798828
2016-02-02,23.024999618530273,16.519149780273438
2016-02-03,23.309999465942383,16.723621368408203
2016-02-04,23.209999084472656,16.65187644958496
2016-02-05,23.28499984741211,16.7056884765625
2016-02-08,23.204999923706055,16.648290634155273
2016-02-09,23.28499984741211,16.7056884765625
2016-02-10,23.260000228881836,16.68775177001953
2016-02-11,22.850000381469727,16.39359474182129
2016-02-12,22.780000686645508,16.34337615966797
2016-02-16,22.924999237060547,16.447406768798828
2016-02-17,22.8799991607666,16.41512107849121
2016-02-18,23.2549991607666,16.684158325195312
2016-02-19,23.100000381469727,16.572956085205078
2016-02-22,23.3700008392334,16.766664505004883
2016-02-23,23.389999389648438,16.781015396118164
2016-02-24,23.5,16.859933853149414
2016-02-25,23.739999771118164,17.03211784362793
2016-02-26,23.084999084472656,16.562198638916016
2016-02-29,23.149999618530273,16.60883140563965
2016-03-01,23.03499984741211,16.526325225830078
2016-03-02,23.155000686645508,16.61241912841797
2016-03-03,23.295000076293945,16.712860107421875
2016-03-04,23.55500030517578,16.899396896362305
2016-03-07,23.684999465942383,16.99266242980957
2016-03-08,23.920000076293945,17.1612606048584
2016-03-09,24.030000686645508,17.240177154541016
2016-03-10,24.049999237060547,17.254526138305664
2016-03-11,24.075000762939453,17.272470474243164
2016-03-14,24.104999542236328,17.29398536682129
2016-03-15,24.149999618530273,17.32627296447754
2016-03-16,24.520000457763672,17.59172821044922
2016-03-17,24.655000686645508,17.688581466674805
2016-03-18,24.315000534057617,17.575822830200195
2016-03-21,24.290000915527344,17.55775260925293
2016-03-22,24.209999084472656,17.499921798706055
2016-03-23,24.389999389648438,17.630035400390625
2016-03-24,24.454999923706055,17.677021026611328
2016-03-28,24.364999771118164,17.61196517944336
2016-03-29,24.725000381469727,17.872180938720703
2016-03-30,24.665000915527344,17.82881736755371
2016-03-31,24.809999465942383,17.933624267578125
2016-04-01,24.905000686645508,18.002296447753906
2016-04-04,24.799999237060547,17.92639923095703
2016-04-05,24.334999084472656,17.59027862548828
2016-04-06,24.30500030517578,17.568592071533203
2016-04-07,24.295000076293945,17.561365127563477
2016-04-08,24.424999237060547,17.655330657958984
2016-04-11,24.31999969482422,17.57943344116211
2016-04-12,24.489999771118164,17.70231819152832
2016-04-13,24.34000015258789,17.593894958496094
2016-04-14,24.309999465942383,17.572202682495117
2016-04-15,24.44499969482422,17.6697940826416
2016-04-18,24.540000915527344,17.738460540771484
2016-04-19,24.579999923706055,17.76737403869629
2016-04-20,23.96500015258789,17.32282829284668
2016-04-21,23.46500015258789,16.961408615112305
2016-04-22,23.674999237060547,17.113203048706055
2016-04-25,23.719999313354492,17.14572525024414
2016-04-26,23.7549991607666,17.171031951904297
2016-04-27,24.100000381469727,17.420412063598633
2016-04-28,24.065000534057617,17.395111083984375
2016-04-29,24.209999084472656,17.499921798706055
2016-05-02,24.405000686645508,17.640880584716797
2016-05-03,24.385000228881836,17.626420974731445
2016-05-04,24.670000076293945,17.832427978515625
2016-05-05,24.575000762939453,17.763755798339844
2016-05-06,24.415000915527344,17.648109436035156
2016-05-09,24.55500030517578,17.74930191040039
2016-05-10,24.579999923706055,17.76737403869629
2016-05-11,24.670000076293945,17.832427978515625
2016-05-12,24.815000534057617,17.937236785888672
2016-05-13,24.69499969482422,17.850502014160156
2016-05-16,24.725000381469727,17.872180938720703
2016-05-17,24.30500030517578,17.568592071533203
2016-05-18,23.850000381469727,17.239704132080078
2016-05-19,24.09000015258789,17.413185119628906
2016-05-20,24.145000457763672,17.45293617248535
2016-05-23,23.93000030517578,17.297529220581055
2016-05-24,24.170000076293945,17.471012115478516
2016-05-25,24.100000381469727,17.420412063598633
2016-05-26,24.375,17.619192123413086
2016-05-27,24.415000915527344,17.648109436035156
2016-05-31,24.575000762939453,17.763755798339844
2016-06-01,24.639999389648438,17.810739517211914
2016-06-02,24.649999618530273,17.81796646118164
2016-06-03,25.040000915527344,18.099878311157227
2016-06-06,25.0049991607666,18.0745792388916
2016-06-07,24.985000610351562,18.060123443603516
2016-06-08,25.135000228881836,18.168546676635742
2016-06-09,25.350000381469727,18.323957443237305
2016-06-10,25.28499984741211,18.276973724365234
2016-06-13,25.2549991607666,18.255292892456055
2016-06-14,25.389999389648438,18.35287094116211
2016-06-15,25.229999542236328,18.237215042114258
2016-06-16,25.389999389648438,18.35287094116211
2016-06-17,25.274999618530273,18.419191360473633
2016-06-20,25.18000030517578,18.349958419799805
2016-06-21,25.21500015258789,18.375459671020508
2016-06-22,25.094999313354492,18.28801155090332
2016-06-23,25.165000915527344,18.339025497436523
2016-06-24,25.204999923706055,18.368173599243164
2016-06-27,25.514999389648438,18.594091415405273
2016-06-28,25.610000610351562,18.663318634033203
2016-06-29,25.68000030517578,18.714336395263672
2016-06-30,26.235000610351562,19.118789672851562
2016-07-01,26.239999771118164,19.122432708740234
2016-07-05,26.434999465942383,19.264541625976562
2016-07-06,26.489999771118164,19.30462074279785
2016-07-07,26.0,18.947534561157227
2016-07-08,26.270000457763672,19.144298553466797
2016-07-11,26.25,19.12972068786621
2016-07-12,25.889999389648438,18.86737060546875
2016-07-13,26.094999313354492,19.016767501831055
2016-07-14,25.924999237060547,18.89287567138672
2016-07-15,26.0,18.947534561157227
2016-07-18,26.075000762939453,19.00218963623047
2016-07-19,26.030000686645508,18.969396591186523
2016-07-20,25.8799991607666,18.860082626342773
2016-07-21,26.03499984741211,18.973039627075195
2016-07-22,26.3799991607666,19.224458694458008
2016-07-25,26.334999084472656,19.191665649414062
2016-07-26,26.104999542236328,19.0240535736084
2016-07-27,25.80500030517578,18.805423736572266
2016-07-28,25.905000686645508,18.87830352783203
2016-07-29,26.059999465942383,18.991260528564453
2016-08-01,26.075000762939453,19.00218963623047
2016-08-02,25.905000686645508,18.87830352783203
2016-08-03,25.75,18.765352249145508
2016-08-04,25.735000610351562,18.75441551208496
2016-08-05,25.364999771118164,18.48477554321289
2016-08-08,25.354999542236328,18.47749137878418
2016-08-09,25.350000381469727,18.47384262084961
2016-08-10,25.354999542236328,18.47749137878418
2016-08-11,25.415000915527344,18.52121353149414
2016-08-12,25.450000762939453,18.546728134155273
2016-08-15,25.059999465942383,18.262502670288086
2016-08-16,24.764999389648438,18.047527313232422
2016-08-17,25.135000228881836,18.317163467407227
2016-08-18,25.44499969482422,18.543075561523438
2016-08-19,25.135000228881836,18.317163467407227
2016-08-22,25.200000762939453,18.364530563354492
2016-08-23,25.09000015258789,18.284372329711914
2016-08-24,25.079999923706055,18.277084350585938
2016-08-25,25.094999313354492,18.28801155090332
2016-08-26,24.575000762939453,17.909059524536133
2016-08-29,24.774999618530273,18.05481719970703
2016-08-30,24.514999389648438,17.865337371826172
2016-08-31,24.614999771118164,17.938209533691406
2016-09-01,24.489999771118164,17.84712028503418
2016-09-02,24.815000534057617,18.083961486816406
2016-09-06,25.084999084472656,18.28072738647461
2016-09-07,25.09000015258789,18.284372329711914
2016-09-08,25.174999237060547,18.346315383911133
2016-09-09,24.229999542236328,17.657642364501953
2016-09-12,24.65999984741211,17.97100257873535
2016-09-13,24.31999969482422,17.723230361938477
2016-09-14,24.415000915527344,17.792465209960938
2016-09-15,24.600000381469727,17.927282333374023
2016-09-16,24.6299991607666,18.102201461791992
2016-09-19,24.875,18.282270431518555
2016-09-20,24.829999923706055,18.249197006225586
2016-09-21,25.334999084472656,18.6203556060791
2016-09-22,25.489999771118164,18.734268188476562
2016-09-23,25.469999313354492,18.719572067260742
2016-09-26,25.405000686645508,18.671802520751953
2016-09-27,25.075000762939453,18.429262161254883
2016-09-28,25.040000915527344,18.403539657592773
2016-09-29,24.665000915527344,18.127927780151367
2016-09-30,24.4950008392334,18.00298309326172
2016-10-03,24.149999618530273,17.749420166015625
2016-10-04,23.645000457763672,17.378265380859375
2016-10-05,23.594999313354492,17.341508865356445
2016-10-06,23.59000015258789,17.33784294128418
2016-10-07,23.559999465942383,17.315792083740234
2016-10-10,23.7549991607666,17.459110260009766
2016-10-11,23.485000610351562,17.260669708251953
2016-10-12,23.71500015258789,17.429712295532227
2016-10-13,24.010000228881836,17.646528244018555
2016-10-14,23.875,17.547304153442383
2016-10-17,24.0049991607666,17.642847061157227
2016-10-18,24.209999084472656,17.79351806640625
2016-10-19,24.155000686645508,17.753095626831055
2016-10-20,24.139999389648438,17.742074966430664
2016-10-21,24.0,17.639177322387695
2016-10-24,24.09000015258789,17.705324172973633
2016-10-25,24.239999771118164,17.815568923950195
2016-10-26,24.299999237060547,17.859668731689453
2016-10-27,24.155000686645508,17.753095626831055
2016-10-28,24.229999542236328,17.808216094970703
2016-10-31,24.71500015258789,18.164676666259766
2016-11-01,24.264999389648438,17.833948135375977
2016-11-02,23.959999084472656,17.609783172607422
2016-11-03,24.049999237060547,17.67592430114746
2016-11-04,23.975000381469727,17.620803833007812
2016-11-07,24.395000457763672,17.929489135742188
2016-11-08,24.584999084472656,18.06912612915039
2016-11-09,23.68000030517578,17.403982162475586
2016-11-10,23.110000610351562,16.985057830810547
2016-11-11,23.014999389648438,16.91523551940918
2016-11-14,23.0,16.90420913696289
2016-11-15,23.3700008392334,17.176143646240234
2016-11-16,23.209999084472656,17.058555603027344
2016-11-17,23.21500015258789,17.062227249145508
2016-11-18,23.145000457763672,17.010780334472656
2016-11-21,23.389999389648438,17.190845489501953
2016-11-22,23.479999542236328,17.256996154785156
2016-11-23,23.2450008392334,17.08427619934082
2016-11-25,23.579999923706055,17.330486297607422
2016-11-28,24.03499984741211,17.664897918701172
2016-11-29,24.135000228881836,17.738391876220703
2016-11-30,23.375,17.179826736450195
2016-12-01,23.190000534057617,17.043853759765625
2016-12-02,23.399999618530273,17.19819450378418
2016-12-05,23.43000030517578,17.220245361328125
2016-12-06,23.385000228881836,17.187171936035156
2016-12-07,23.690000534057617,17.411338806152344
2016-12-08,23.729999542236328,17.440738677978516
2016-12-09,23.979999542236328,17.624473571777344
2016-12-12,24.229999542236328,17.808216094970703
2016-12-13,24.479999542236328,17.99195671081543
2016-12-14,23.975000381469727,17.620803833007812
2016-12-15,24.145000457763672,17.745744705200195
2016-12-16,24.204999923706055,17.962059020996094
2016-12-19,24.295000076293945,18.028846740722656
2016-12-20,24.325000762939453,18.051111221313477
2016-12-21,24.225000381469727,17.97690200805664
2016-12-22,24.309999465942383,18.039981842041016
2016-12-23,24.30500030517578,18.03626823425293
2016-12-27,24.325000762939453,18.051111221313477
2016-12-28,24.094999313354492,17.88043785095215
2016-12-29,24.420000076293945,18.121610641479492
2016-12-30,24.28499984741211,18.021427154541016
2017-01-03,24.225000381469727,17.97690200805664
2017-01-04,24.315000534057617,18.043685913085938
2017-01-05,24.34000015258789,18.06224250793457
2017-01-06,24.415000915527344,18.117897033691406
2017-01-09,24.094999313354492,17.88043785095215
2017-01-10,24.020000457763672,17.824777603149414
2017-01-11,24.270000457763672,18.010303497314453
2017-01-12,24.290000915527344,18.025142669677734
2017-01-13,24.2549991607666,17.999160766601562
2017-01-17,24.520000457763672,18.195817947387695
2017-01-18,24.489999771118164,18.173555374145508
2017-01-19,24.274999618530273,18.014007568359375
2017-01-20,24.31999969482422,18.047405242919922
2017-01-23,24.19499969482422,17.954641342163086
2017-01-24,24.190000534057617,17.950931549072266
2017-01-25,24.190000534057617,17.950931549072266
2017-01-26,24.200000762939453,17.958349227905273
2017-01-27,24.19499969482422,17.954641342163086
2017-01-30,24.21500015258789,17.969480514526367
2017-01-31,24.59000015258789,18.24776268005371
2017-02-01,24.165000915527344,17.9323787689209
2017-02-02,24.420000076293945,18.121610641479492
2017-02-03,24.450000762939453,18.143871307373047
2017-02-06,24.399999618530273,18.106767654418945
2017-02-07,24.459999084472656,18.151287078857422
2017-02-08,24.700000762939453,18.329397201538086
2017-02-09,24.489999771118164,18.173555374145508
2017-02-10,24.645000457763672,18.2885799407959
2017-02-13,24.764999389648438,18.377628326416016
2017-02-14,24.584999084472656,18.244050979614258
2017-02-15,24.524999618530273,18.199525833129883
2017-02-16,24.770000457763672,18.381336212158203
2017-02-17,24.78499984741211,18.39246940612793
2017-02-21,25.045000076293945,18.58540916442871
2017-02-22,25.149999618530273,18.6633243560791
2017-02-23,25.40999984741211,18.856266021728516
2017-02-24,25.795000076293945,19.141969680786133
2017-02-27,25.649999618530273,19.03437042236328
2017-02-28,25.885000228881836,19.208757400512695
2017-03-01,25.655000686645508,19.03807830810547
2017-03-02,25.84000015258789,19.175365447998047
2017-03-03,25.760000228881836,19.115997314453125
2017-03-06,25.709999084472656,19.078893661499023
2017-03-07,25.69499969482422,19.067764282226562
2017-03-08,25.325000762939453,18.793190002441406
2017-03-09,25.270000457763672,18.75238037109375
2017-03-10,25.479999542236328,18.908206939697266
2017-03-13,25.55500030517578,18.963871002197266
2017-03-14,25.530000686645508,18.945322036743164
2017-03-15,25.940000534057617,19.24957275390625
2017-03-16,25.655000686645508,19.03807830810547
2017-03-17,25.614999771118164,19.15285301208496
2017-03-20,25.44499969482422,19.025741577148438
2017-03-21,25.80500030517578,19.294918060302734
2017-03-22,25.93000030517578,19.388383865356445
2017-03-23,25.850000381469727,19.32856559753418
2017-03-24,25.94499969482422,19.39960289001465
2017-03-27,25.844999313354492,19.324832916259766
2017-03-28,25.825000762939453,19.30987548828125
2017-03-29,25.7549991607666,19.257532119750977
2017-03-30,25.55500030517578,19.107990264892578
2017-03-31,25.655000686645508,19.182762145996094
2017-04-03,25.649999618530273,19.17902183532715
2017-04-04,25.729999542236328,19.23883819580078
2017-04-05,25.875,19.347257614135742
2017-04-06,25.809999465942383,19.29865837097168
2017-04-07,25.700000762939453,19.216413497924805
2017-04-10,25.7450008392334,19.25006103515625
2017-04-11,25.735000610351562,19.242582321166992
2017-04-12,25.924999237060547,19.384647369384766
2017-04-13,25.84000015258789,19.321090698242188
2017-04-17,25.954999923706055,19.407079696655273
2017-04-18,26.014999389648438,19.45194435119629
2017-04-19,25.834999084472656,19.31734848022461
2017-04-20,25.735000610351562,19.242582321166992
2017-04-21,25.864999771118164,19.33977699279785
2017-04-24,26.0,19.44072723388672
2017-04-25,25.96500015258789,19.4145565032959
2017-04-26,25.885000228881836,19.354736328125
2017-04-27,25.975000381469727,19.422033309936523
2017-04-28,25.850000381469727,19.32856559753418
2017-05-01,25.69499969482422,19.21267318725586
2017-05-02,25.725000381469727,19.235103607177734
2017-05-03,25.635000228881836,19.16780662536621
2017-05-04,25.725000381469727,19.235103607177734
2017-05-05,25.864999771118164,19.33977699279785
2017-05-08,25.854999542236328,19.33230209350586
2017-05-09,25.665000915527344,19.19024085998535
2017-05-10,25.704999923706055,19.22014617919922
2017-05-11,25.739999771118164,19.24631690979004
2017-05-12,25.864999771118164,19.33977699279785
2017-05-15,25.975000381469727,19.422033309936523
2017-05-16,25.78499984741211,19.279966354370117
2017-05-17,25.850000381469727,19.32856559753418
2017-05-18,25.940000534057617,19.39586639404297
2017-05-19,26.040000915527344,19.470632553100586
2017-05-22,26.264999389648438,19.638870239257812
2017-05-23,26.334999084472656,19.691207885742188
2017-05-24,26.485000610351562,19.803369522094727
2017-05-25,26.700000762939453,19.964130401611328
2017-05-26,26.700000762939453,19.964130401611328
2017-05-30,26.78499984741211,20.027685165405273
2017-05-31,26.920000076293945,20.128633499145508
2017-06-01,27.110000610351562,20.27069091796875
2017-06-02,27.139999389648438,20.29312515258789
2017-06-05,27.05500030517578,20.229572296142578
2017-06-06,26.9950008392334,20.184709548950195
2017-06-07,27.084999084472656,20.252002716064453
2017-06-08,26.860000610351562,20.08376693725586
2017-06-09,26.834999084472656,20.065073013305664
2017-06-12,26.78499984741211,20.027685165405273
2017-06-13,26.850000381469727,20.0762882232666
2017-06-14,26.9950008392334,20.184709548950195
2017-06-15,27.149999618530273,20.300601959228516
2017-06-16,27.05500030517578,20.393701553344727
2017-06-19,26.96500015258789,20.325857162475586
2017-06-20,26.979999542236328,20.337162017822266
2017-06-21,26.81999969482422,20.216548919677734
2017-06-22,26.69499969482422,20.122329711914062
2017-06-23,26.604999542236328,20.054489135742188
2017-06-26,26.78499984741211,20.190176010131836
2017-06-27,26.485000610351562,19.964038848876953
2017-06-28,26.229999542236328,19.77182388305664
2017-06-29,26.020000457763672,19.613523483276367
2017-06-30,25.979999542236328,19.5833740234375
2017-07-03,25.860000610351562,19.492921829223633
2017-07-05,25.735000610351562,19.398698806762695
2017-07-06,25.725000381469727,19.391159057617188
2017-07-07,25.7450008392334,19.40623664855957
2017-07-10,25.725000381469727,19.391159057617188
2017-07-11,25.709999084472656,19.379854202270508
2017-07-12,25.93000030517578,19.54568862915039
2017-07-13,25.84000015258789,19.477846145629883
2017-07-14,25.959999084472656,19.56829833984375
2017-07-17,26.079999923706055,19.658750534057617
2017-07-18,26.155000686645508,19.715282440185547
2017-07-19,26.264999389648438,19.798206329345703
2017-07-20,26.454999923706055,19.941423416137695
2017-07-21,26.645000457763672,20.084644317626953
2017-07-24,26.395000457763672,19.896196365356445
2017-07-25,26.2450008392334,19.78312873840332
2017-07-26,26.4950008392334,19.97157859802246
2017-07-27,26.559999465942383,20.020572662353516
2017-07-28,26.520000457763672,19.99041748046875
2017-07-31,26.610000610351562,20.058265686035156
2017-08-01,26.760000228881836,20.17133331298828
2017-08-02,26.875,20.258012771606445
2017-08-03,27.010000228881836,20.359777450561523
2017-08-04,26.889999389648438,20.269323348999023
2017-08-07,26.975000381469727,20.333393096923828
2017-08-08,27.084999084472656,20.41630744934082
2017-08-09,26.94499969482422,20.31077766418457
2017-08-10,27.030000686645508,20.374853134155273
2017-08-11,26.8700008392334,20.25424575805664
2017-08-14,27.024999618530273,20.371074676513672
2017-08-15,27.174999237060547,20.484148025512695
2017-08-16,27.28499984741211,20.567068099975586
2017-08-17,27.09000015258789,20.420074462890625
2017-08-18,27.25,20.54068374633789
2017-08-21,27.350000381469727,20.61606216430664
2017-08-22,27.40999984741211,20.661287307739258
2017-08-23,27.5,20.729127883911133
2017-08-24,27.479999542236328,20.714052200317383
2017-08-25,27.56999969482422,20.78190040588379
2017-08-28,27.6200008392334,20.81958770751953
2017-08-29,27.559999465942383,20.774354934692383
2017-08-30,27.479999542236328,20.714052200317383
2017-08-31,27.485000610351562,20.717824935913086
2017-09-01,27.399999618530273,20.65375518798828
2017-09-05,27.469999313354492,20.70652198791504
2017-09-06,27.344999313354492,20.612293243408203
2017-09-07,27.549999237060547,20.766820907592773
2017-09-08,27.68000030517578,20.86481285095215
2017-09-11,27.915000915527344,21.041954040527344
2017-09-12,27.450000762939453,20.691442489624023
2017-09-13,27.315000534057617,20.589679718017578
2017-09-14,27.545000076293945,20.763046264648438
2017-09-15,27.375,20.79228973388672
2017-09-18,27.094999313354492,20.579620361328125
2017-09-19,27.040000915527344,20.53784942626953
2017-09-20,26.84000015258789,20.385940551757812
2017-09-21,26.834999084472656,20.38214111328125
2017-09-22,26.614999771118164,20.21504783630371
2017-09-25,26.860000610351562,20.40113067626953
2017-09-26,26.809999465942383,20.3631534576416
2017-09-27,26.450000762939453,20.089725494384766
2017-09-28,26.545000076293945,20.161882400512695
2017-09-29,26.524999618530273,20.14668846130371
2017-10-02,26.56999969482422,20.18086814880371
2017-10-03,26.4950008392334,20.1239070892334
2017-10-04,26.760000228881836,20.325183868408203
2017-10-05,26.735000610351562,20.306194305419922
2017-10-06,26.71500015258789,20.291000366210938
2017-10-09,26.75,20.317581176757812
2017-10-10,27.010000228881836,20.51506233215332
2017-10-11,27.125,20.602401733398438
2017-10-12,27.264999389648438,20.7087459564209
2017-10-13,27.075000762939453,20.564430236816406
2017-10-16,27.014999389648438,20.518863677978516
2017-10-17,27.174999237060547,20.6403865814209
2017-10-18,27.125,20.602401733398438
2017-10-19,27.40999984741211,20.818876266479492
2017-10-20,27.43000030517578,20.834070205688477
2017-10-23,27.44499969482422,20.845460891723633
2017-10-24,27.469999313354492,20.864450454711914
2017-10-25,27.350000381469727,20.773305892944336
2017-10-26,27.354999542236328,20.777101516723633
2017-10-27,27.524999618530273,20.906225204467773
2017-10-30,27.530000686645508,20.91002082824707
2017-10-31,27.559999465942383,20.932804107666016
2017-11-01,27.405000686645508,20.815086364746094
2017-11-02,27.5049991607666,20.891035079956055
2017-11-03,27.604999542236328,20.966981887817383
2017-11-06,27.5,20.88723373413086
2017-11-07,27.829999923706055,21.13787841796875
2017-11-08,27.850000381469727,21.153078079223633
2017-11-09,27.885000228881836,21.179655075073242
2017-11-10,27.7549991607666,21.080917358398438
2017-11-13,28.084999084472656,21.331560134887695
2017-11-14,28.434999465942383,21.597400665283203
2017-11-15,28.190000534057617,21.41131591796875
2017-11-16,28.100000381469727,21.342960357666016
2017-11-17,27.905000686645508,21.194847106933594
2017-11-20,27.81999969482422,21.130285263061523
2017-11-21,27.895000457763672,21.187252044677734
2017-11-22,27.895000457763672,21.187252044677734
2017-11-24,27.940000534057617,21.221426010131836
2017-11-27,28.059999465942383,21.312570571899414
2017-11-28,28.190000534057617,21.41131591796875
2017-11-29,28.204999923706055,21.422706604003906
2017-11-30,28.299999237060547,21.494863510131836
2017-12-01,28.204999923706055,21.422706604003906
2017-12-04,28.045000076293945,21.301179885864258
2017-12-05,27.690000534057617,21.03154945373535
2017-12-06,27.795000076293945,21.111299514770508
2017-12-07,27.844999313354492,21.14927864074707
2017-12-08,27.934999465942383,21.217632293701172
2017-12-11,28.104999542236328,21.346755981445312
2017-12-12,27.625,20.982179641723633
2017-12-13,27.700000762939453,21.03914451599121
2017-12-14,27.665000915527344,21.012561798095703
2017-12-15,27.510000228881836,21.089603424072266
2017-12-18,27.204999923706055,20.855783462524414
2017-12-19,26.709999084472656,20.4763126373291
2017-12-20,26.5,20.315317153930664
2017-12-21,26.184999465942383,20.073841094970703
2017-12-22,26.225000381469727,20.10449981689453
2017-12-26,26.06999969482422,19.985679626464844
2017-12-27,26.18000030517578,20.07000732421875
2017-12-28,26.325000762939453,20.18116569519043
2017-12-29,26.34000015258789,20.192665100097656
2018-01-02,26.094999313354492,20.004840850830078
2018-01-03,25.889999389648438,19.847684860229492
2018-01-04,25.674999237060547,19.682863235473633
2018-01-05,25.665000915527344,19.675195693969727
2018-01-08,25.905000686645508,19.859188079833984
2018-01-09,25.649999618530273,19.663698196411133
2018-01-10,25.3700008392334,19.449045181274414
2018-01-11,25.274999618530273,19.376216888427734
2018-01-12,25.1299991607666,19.265056610107422
2018-01-16,25.075000762939453,19.222888946533203
2018-01-17,25.229999542236328,19.341720581054688
2018-01-18,25.06999969482422,19.21906089782715
2018-01-19,24.9950008392334,19.16156578063965
2018-01-22,25.030000686645508,19.18839454650879
2018-01-23,25.270000457763672,19.37238311767578
2018-01-24,25.114999771118164,19.253557205200195
2018-01-25,25.5049991607666,19.552539825439453
2018-01-26,25.520000457763672,19.56403923034668
2018-01-29,25.19499969482422,19.31488609313965
2018-01-30,25.239999771118164,19.349382400512695
2018-01-31,25.520000457763672,19.56403923034668
2018-02-01,25.1200008392334,19.257394790649414
2018-02-02,24.940000534057617,19.119403839111328
2018-02-05,24.530000686645508,18.805086135864258
2018-02-06,24.165000915527344,18.525272369384766
2018-02-07,24.049999237060547,18.437114715576172
2018-02-08,23.780000686645508,18.230131149291992
2018-02-09,24.280000686645508,18.613435745239258
2018-02-12,24.46500015258789,18.7552547454834
2018-02-13,24.575000762939453,18.839588165283203
2018-02-14,24.299999237060547,18.62877082824707
2018-02-15,24.84000015258789,19.04273796081543
2018-02-16,25.059999465942383,19.211397171020508
2018-02-20,24.735000610351562,18.96225357055664
2018-02-21,24.40999984741211,18.713092803955078
2018-02-22,24.53499984741211,18.80891990661621
2018-02-23,25.174999237060547,19.29955291748047
2018-02-26,25.100000381469727,19.2420597076416
2018-02-27,24.700000762939453,18.93541717529297
2018-02-28,24.530000686645508,18.805086135864258
2018-03-01,24.53499984741211,18.80891990661621
2018-03-02,24.469999313354492,18.759092330932617
2018-03-05,24.969999313354492,19.14239501953125
2018-03-06,24.635000228881836,18.88558578491211
2018-03-07,24.450000762939453,18.743755340576172
2018-03-08,24.6299991607666,18.88174819946289
2018-03-09,24.700000762939453,18.93541717529297
2018-03-12,24.80500030517578,19.015907287597656
2018-03-13,24.860000610351562,19.058073043823242
2018-03-14,25.114999771118164,19.253557205200195
2018-03-15,25.100000381469727,19.2420597076416
2018-03-16,25.125,19.41086196899414
2018-03-19,24.969999313354492,19.291118621826172
2018-03-20,24.854999542236328,19.2022705078125
2018-03-21,24.770000457763672,19.1366024017334
2018-03-22,24.8799991607666,19.221588134765625
2018-03-23,24.530000686645508,18.951187133789062
2018-03-26,24.78499984741211,19.148191452026367
2018-03-27,25.139999389648438,19.422454833984375
2018-03-28,25.1299991607666,19.41472816467285
2018-03-29,25.264999389648438,19.519023895263672
2018-04-02,25.06999969482422,19.368371963500977
2018-04-03,25.155000686645508,19.434043884277344
2018-04-04,25.209999084472656,19.476533889770508
2018-04-05,25.40999984741211,19.63105010986328
2018-04-06,25.209999084472656,19.476533889770508
2018-04-09,25.260000228881836,19.515161514282227
2018-04-10,25.065000534057617,19.364517211914062
2018-04-11,25.030000686645508,19.33747673034668
2018-04-12,24.700000762939453,19.082521438598633
2018-04-13,24.895000457763672,19.233179092407227
2018-04-16,25.235000610351562,19.495847702026367
2018-04-17,25.489999771118164,19.692853927612305
2018-04-18,25.395000457763672,19.619461059570312
2018-04-19,25.3799991607666,19.607872009277344
2018-04-20,25.149999618530273,19.430185317993164
2018-04-23,25.165000915527344,19.441770553588867
2018-04-24,25.334999084472656,19.573101043701172
2018-04-25,25.34000015258789,19.576967239379883
2018-04-26,25.594999313354492,19.77397346496582
2018-04-27,25.854999542236328,19.974842071533203
2018-04-30,25.780000686645508,19.916900634765625
2018-05-01,25.700000762939453,19.855093002319336
2018-05-02,25.674999237060547,19.83578109741211
2018-05-03,25.639999389648438,19.808734893798828
2018-05-04,25.7549991607666,19.897584915161133
2018-05-07,25.6200008392334,19.79329490661621
2018-05-08,24.979999542236328,19.298847198486328
2018-05-09,24.80500030517578,19.16364097595215
2018-05-10,25.155000686645508,19.434043884277344
2018-05-11,25.190000534057617,19.461084365844727
2018-05-14,25.094999313354492,19.38768768310547
2018-05-15,24.885000228881836,19.225446701049805
2018-05-16,24.690000534057617,19.07479476928711
2018-05-17,24.489999771118164,18.920276641845703
2018-05-18,24.4950008392334,18.924150466918945
2018-05-21,24.6200008392334,19.020719528198242
2018-05-22,24.709999084472656,19.09025001525879
2018-05-23,24.934999465942383,19.264076232910156
2018-05-24,25.139999389648438,19.422454833984375
2018-05-25,25.25,19.507436752319336
2018-05-29,25.25,19.507436752319336
2018-05-30,25.454999923706055,19.66581153869629
2018-05-31,25.4950008392334,19.696718215942383
2018-06-01,25.104999542236328,19.395414352416992
2018-06-04,24.905000686645508,19.240896224975586
2018-06-05,24.774999618530273,19.14046859741211
2018-06-06,24.184999465942383,18.684646606445312
2018-06-07,24.354999542236328,18.815980911254883
2018-06-08,24.344999313354492,18.808258056640625
2018-06-11,24.295000076293945,18.769630432128906
2018-06-12,24.575000762939453,18.985952377319336
2018-06-13,24.510000228881836,18.93573570251465
2018-06-14,24.815000534057617,19.171367645263672
2018-06-15,24.770000457763672,19.307777404785156
2018-06-18,24.850000381469727,19.370136260986328
2018-06-19,25.094999313354492,19.56110954284668
2018-06-20,25.114999771118164,19.576698303222656
2018-06-21,25.200000762939453,19.64295768737793
2018-06-22,25.375,19.779369354248047
2018-06-25,25.795000076293945,20.10675048828125
2018-06-26,25.825000762939453,20.130136489868164
2018-06-27,25.950000762939453,20.227571487426758
2018-06-28,25.940000534057617,20.21977424621582
2018-06-29,25.979999542236328,20.250953674316406
2018-07-02,26.165000915527344,20.39515495300293
2018-07-03,26.239999771118164,20.453615188598633
2018-07-05,26.3799991607666,20.562746047973633
2018-07-06,26.584999084472656,20.722536087036133
2018-07-09,25.764999389648438,20.08336067199707
2018-07-10,26.010000228881836,20.27433204650879
2018-07-11,26.2450008392334,20.45751190185547
2018-07-12,26.264999389648438,20.473106384277344
2018-07-13,26.270000457763672,20.47700309753418
2018-07-16,26.2450008392334,20.45751190185547
2018-07-17,26.225000381469727,20.441923141479492
2018-07-18,26.09000015258789,20.336694717407227
2018-07-19,26.329999923706055,20.52376937866211
2018-07-20,26.145000457763672,20.379566192626953
2018-07-23,25.959999084472656,20.23535919189453
2018-07-24,26.049999237060547,20.30551528930664
2018-07-25,26.125,20.36397933959961
2018-07-26,26.405000686645508,20.58223533630371
2018-07-27,26.31999969482422,20.515975952148438
2018-07-30,26.15999984741211,20.39126205444336
2018-07-31,26.395000457763672,20.574440002441406
2018-08-01,26.225000381469727,20.441923141479492
2018-08-02,26.354999542236328,20.543256759643555
2018-08-03,26.649999618530273,20.773202896118164
2018-08-06,26.670000076293945,20.78879737854004
2018-08-07,26.6299991607666,20.757614135742188
2018-08-08,26.489999771118164,20.648488998413086
2018-08-09,26.610000610351562,20.742029190063477
2018-08-10,26.4950008392334,20.65238380432129
2018-08-13,26.530000686645508,20.679670333862305
2018-08-14,26.584999084472656,20.722536087036133
2018-08-15,26.829999923706055,20.91350746154785
2018-08-16,27.1200008392334,21.139562606811523
2018-08-17,27.260000228881836,21.248689651489258
2018-08-20,27.165000915527344,21.174640655517578
2018-08-21,26.969999313354492,21.022642135620117
2018-08-22,26.770000457763672,20.866743087768555
2018-08-23,26.75,20.851152420043945
2018-08-24,26.864999771118164,20.940799713134766
2018-08-27,26.700000762939453,20.812171936035156
2018-08-28,26.645000457763672,20.76930809020996
2018-08-29,26.84000015258789,20.921302795410156
2018-08-30,26.850000381469727,20.929100036621094
2018-08-31,26.735000610351562,20.839462280273438
2018-09-04,26.854999542236328,20.933002471923828
2018-09-05,27.229999542236328,21.225303649902344
2018-09-06,27.385000228881836,21.346126556396484
2018-09-07,27.049999237060547,21.084993362426758
2018-09-10,27.184999465942383,21.190229415893555
2018-09-11,27.114999771118164,21.135663986206055
2018-09-12,27.09000015258789,21.116178512573242
2018-09-13,27.295000076293945,21.275970458984375
2018-09-14,27.149999618530273,21.162946701049805
2018-09-17,27.239999771118164,21.23310089111328
2018-09-18,27.190000534057617,21.194128036499023
2018-09-19,26.600000381469727,20.73422622680664
2018-09-20,26.655000686645508,20.777099609375
2018-09-21,26.530000686645508,20.865583419799805
2018-09-24,26.295000076293945,20.68075942993164
2018-09-25,25.934999465942383,20.397615432739258
2018-09-26,25.68000030517578,20.197067260742188
2018-09-27,25.94499969482422,20.405487060546875
2018-09-28,26.325000762939453,20.704349517822266
2018-10-01,26.235000610351562,20.63356590270996
2018-10-02,26.59000015258789,20.91277503967285
2018-10-03,26.270000457763672,20.661096572875977
2018-10-04,26.40999984741211,20.771202087402344
2018-10-05,26.815000534057617,21.089731216430664
2018-10-08,27.040000915527344,21.266695022583008
2018-10-09,27.149999618530273,21.353208541870117
2018-10-10,27.0,21.2352352142334
2018-10-11,26.5049991607666,20.845918655395508
2018-10-12,26.475000381469727,20.82232666015625
2018-10-15,26.600000381469727,20.92063331604004
2018-10-16,26.875,21.136919021606445
2018-10-17,26.825000762939453,21.097597122192383
2018-10-18,26.864999771118164,21.129058837890625
2018-10-19,27.28499984741211,21.45938491821289
2018-10-22,27.110000610351562,21.32175064086914
2018-10-23,26.959999084472656,21.20377540588379
2018-10-24,27.614999771118164,21.71892738342285
2018-10-25,27.184999465942383,21.380733489990234
2018-10-26,26.684999465942383,20.987485885620117
2018-10-29,27.059999465942383,21.282424926757812
2018-10-30,27.165000915527344,21.365007400512695
2018-10-31,26.844999313354492,21.113323211669922
2018-11-01,26.725000381469727,21.01894760131836
2018-11-02,26.575000762939453,20.900972366333008
2018-11-05,26.950000762939453,21.195907592773438
2018-11-06,27.1299991607666,21.337478637695312
2018-11-07,27.440000534057617,21.581287384033203
2018-11-08,27.395000457763672,21.545894622802734
2018-11-09,27.434999465942383,21.577356338500977
2018-11-12,27.420000076293945,21.56555938720703
2018-11-13,27.53499984741211,21.656005859375
2018-11-14,27.25,21.43185806274414
2018-11-15,27.024999618530273,21.254892349243164
2018-11-16,27.440000534057617,21.581287384033203
2018-11-19,27.559999465942383,21.675670623779297
2018-11-20,27.44499969482422,21.585216522216797
2018-11-21,27.040000915527344,21.266695022583008
2018-11-23,27.05500030517578,21.278484344482422
2018-11-26,27.21500015258789,21.404329299926758
2018-11-27,27.420000076293945,21.56555938720703
2018-11-28,27.399999618530273,21.549821853637695
2018-11-29,27.389999389648438,21.541963577270508
2018-11-30,27.795000076293945,21.860498428344727
2018-12-03,28.075000762939453,22.080707550048828
2018-12-04,28.094999313354492,22.096435546875
2018-12-06,28.125,22.120033264160156
2018-12-07,28.229999542236328,22.202613830566406
2018-12-10,28.28499984741211,22.24587059020996
2018-12-11,28.399999618530273,22.33631706237793
2018-12-12,28.219999313354492,22.194751739501953
2018-12-13,28.46500015258789,22.387439727783203
2018-12-14,28.40999984741211,22.34418296813965
2018-12-17,27.4950008392334,21.624542236328125
2018-12-18,27.309999465942383,21.479045867919922
2018-12-19,27.264999389648438,21.443655014038086
2018-12-20,27.25,21.43185806274414
2018-12-21,26.905000686645508,21.340242385864258
2018-12-24,25.780000686645508,20.447927474975586
2018-12-26,26.1299991607666,20.725536346435547
2018-12-27,26.350000381469727,20.900033950805664
2018-12-28,26.415000915527344,20.951597213745117
2018-12-31,26.459999084472656,20.98727798461914
2019-01-02,26.0049991607666,20.626394271850586
2019-01-03,26.0,20.622432708740234
2019-01-04,26.385000228881836,20.927793502807617
2019-01-07,26.204999923706055,20.785022735595703
2019-01-08,26.530000686645508,21.042804718017578
2019-01-09,26.3700008392334,20.9158992767334
2019-01-10,26.71500015258789,21.18954086303711
2019-01-11,26.614999771118164,21.110225677490234
2019-01-14,26.014999389648438,20.634321212768555
2019-01-15,26.334999084472656,20.888132095336914
2019-01-16,26.43000030517578,20.96349334716797
2019-01-17,26.540000915527344,21.05073356628418
2019-01-18,26.56999969482422,21.074533462524414
2019-01-22,26.6200008392334,21.11419105529785
2019-01-23,26.889999389648438,21.328346252441406
2019-01-24,27.030000686645508,21.439393997192383
2019-01-25,26.65999984741211,21.145917892456055
2019-01-28,26.53499984741211,21.046772003173828
2019-01-29,26.610000610351562,21.10625648498535
2019-01-30,26.815000534057617,21.26885986328125
2019-01-31,27.3799991607666,21.717004776000977
2019-02-01,27.274999618530273,21.63371467590332
2019-02-04,27.31999969482422,21.66940689086914
2019-02-05,27.375,21.71303367614746
2019-02-06,27.360000610351562,21.701139450073242
2019-02-07,27.719999313354492,21.986677169799805
2019-02-08,27.84000015258789,22.08185577392578
2019-02-11,27.829999923706055,22.073923110961914
2019-02-12,27.895000457763672,22.125478744506836
2019-02-13,27.815000534057617,22.06203269958496
2019-02-14,27.770000457763672,22.026338577270508
2019-02-15,27.854999542236328,22.09375762939453
2019-02-19,28.020000457763672,22.224626541137695
2019-02-20,28.145000457763672,22.323774337768555
2019-02-21,28.350000381469727,22.48637580871582
2019-02-22,28.524999618530273,22.62517738342285
2019-02-25,28.34000015258789,22.478443145751953
2019-02-26,28.30500030517578,22.450679779052734
2019-02-27,28.34000015258789,22.478443145751953
2019-02-28,28.5049991607666,22.609310150146484
2019-03-01,28.565000534057617,22.656904220581055
2019-03-04,28.614999771118164,22.696565628051758
2019-03-05,28.579999923706055,22.668804168701172
2019-03-06,28.579999923706055,22.668804168701172
2019-03-07,28.674999237060547,22.744155883789062
2019-03-08,28.774999618530273,22.823474884033203
2019-03-11,28.979999542236328,22.98607063293457
2019-03-12,29.18000030517578,23.144710540771484
2019-03-13,29.209999084472656,23.168502807617188
2019-03-14,29.204999923706055,23.164539337158203
2019-03-15,29.094999313354492,23.248430252075195
2019-03-18,28.985000610351562,23.16053581237793
2019-03-19,28.655000686645508,22.8968505859375
2019-03-20,28.729999542236328,22.956783294677734
2019-03-21,29.03499984741211,23.200485229492188
2019-03-22,29.2450008392334,23.36829376220703
2019-03-25,29.270000457763672,23.388269424438477
2019-03-26,29.479999542236328,23.556072235107422
2019-03-27,29.274999618530273,23.39227294921875
2019-03-28,28.93000030517578,23.11659812927246
2019-03-29,29.084999084472656,23.240440368652344
2019-04-01,28.885000228881836,23.080636978149414
2019-04-02,28.924999237060547,23.112594604492188
2019-04-03,28.8799991607666,23.076641082763672
2019-04-04,28.780000686645508,22.996736526489258
2019-04-05,29.049999237060547,23.212474822998047
2019-04-08,28.844999313354492,23.048673629760742
2019-04-09,28.915000915527344,23.104610443115234
2019-04-10,28.825000762939453,23.032695770263672
2019-04-11,28.969999313354492,23.14855194091797
2019-04-12,29.104999542236328,23.25642204284668
2019-04-15,29.100000381469727,23.252429962158203
2019-04-16,28.739999771118164,22.964778900146484
2019-04-17,28.6299991607666,22.87687873840332
2019-04-18,28.645000457763672,22.888866424560547
2019-04-22,28.6200008392334,22.868886947631836
2019-04-23,28.700000762939453,22.932809829711914
2019-04-24,28.885000228881836,23.080636978149414
2019-04-25,29.0049991607666,23.1765193939209
2019-04-26,29.049999237060547,23.212474822998047
2019-04-29,28.8799991607666,23.076641082763672
2019-04-30,29.354999542236328,23.456192016601562
2019-05-01,29.05500030517578,23.216472625732422
2019-05-02,28.989999771118164,23.164531707763672
2019-05-03,29.149999618530273,23.292383193969727
2019-05-06,28.989999771118164,23.164531707763672
2019-05-07,28.899999618530273,23.092622756958008
2019-05-08,28.5049991607666,22.776994705200195
2019-05-09,28.469999313354492,22.749027252197266
2019-05-10,28.979999542236328,23.156545639038086
2019-05-13,29.290000915527344,23.404253005981445
2019-05-14,29.094999313354492,23.248430252075195
2019-05-15,29.045000076293945,23.208478927612305
2019-05-16,29.239999771118164,23.364299774169922
2019-05-17,29.389999389648438,23.484159469604492
2019-05-20,29.43000030517578,23.516115188598633
2019-05-21,29.485000610351562,23.560070037841797
2019-05-22,29.704999923706055,23.735862731933594
2019-05-23,29.959999084472656,23.939619064331055
2019-05-24,29.915000915527344,23.90365982055664
2019-05-28,29.424999237060547,23.512123107910156
2019-05-29,29.03499984741211,23.200485229492188
2019-05-30,28.989999771118164,23.164531707763672
2019-05-31,29.125,23.27240753173828
2019-06-03,29.415000915527344,23.504133224487305
2019-06-04,29.440000534057617,23.52410888671875
2019-06-05,30.06999969482422,24.02750587463379
2019-06-06,30.2549991607666,24.17534065246582
2019-06-07,30.030000686645508,23.99555206298828
2019-06-10,29.825000762939453,23.83174705505371
2019-06-11,29.645000457763672,23.687915802001953
2019-06-12,30.030000686645508,23.99555206298828
2019-06-13,30.09000015258789,24.043489456176758
2019-06-14,30.405000686645508,24.295196533203125
2019-06-17,30.31999969482422,24.227279663085938
2019-06-18,30.19499969482422,24.127395629882812
2019-06-19,30.424999237060547,24.311174392700195
2019-06-20,30.6200008392334,24.46698760986328
2019-06-21,30.4950008392334,24.561626434326172
2019-06-24,30.5049991607666,24.569683074951172
2019-06-25,30.31999969482422,24.420677185058594
2019-06-26,29.65999984741211,23.88909339904785
2019-06-27,29.700000762939453,23.92131233215332
2019-06-28,29.815000534057617,24.013933181762695
2019-07-01,29.739999771118164,23.95353126525879
2019-07-02,30.145000457763672,24.279726028442383
2019-07-03,30.354999542236328,24.448869705200195
2019-07-05,30.34000015258789,24.436784744262695
2019-07-08,30.385000228881836,24.47303009033203
2019-07-09,30.424999237060547,24.505247116088867
2019-07-10,30.4950008392334,24.561626434326172
2019-07-11,30.5049991607666,24.569683074951172
2019-07-12,30.30500030517578,24.408599853515625
2019-07-15,30.424999237060547,24.505247116088867
2019-07-16,30.25,24.364301681518555
2019-07-17,30.364999771118164,24.456924438476562
2019-07-18,30.6299991607666,24.670364379882812
2019-07-19,30.184999465942383,24.311946868896484
2019-07-22,30.1200008392334,24.259593963623047
2019-07-23,29.93000030517578,24.106563568115234
2019-07-24,29.954999923706055,24.126693725585938
2019-07-25,29.8799991607666,24.066287994384766
2019-07-26,29.989999771118164,24.154888153076172
2019-07-29,30.145000457763672,24.279726028442383
2019-07-30,29.915000915527344,24.094482421875
2019-07-31,29.774999618530273,23.981719970703125
2019-08-01,30.079999923706055,24.22737693786621
2019-08-02,30.075000762939453,24.223350524902344
2019-08-05,29.645000457763672,23.87701416015625
2019-08-06,30.014999389648438,24.175020217895508
2019-08-07,30.09000015258789,24.23542594909668
2019-08-08,30.399999618530273,24.485116958618164
2019-08-09,30.434999465942383,24.513303756713867
2019-08-12,30.375,24.464977264404297
2019-08-13,30.395000457763672,24.4810848236084
2019-08-14,30.145000457763672,24.279726028442383
2019-08-15,30.53499984741211,24.59384536743164
2019-08-16,30.690000534057617,24.718687057495117
2019-08-19,30.885000228881836,24.875751495361328
2019-08-20,30.834999084472656,24.835474014282227
2019-08-21,31.040000915527344,25.000593185424805
2019-08-22,31.06999969482422,25.024755477905273
2019-08-23,30.739999771118164,24.758962631225586
2019-08-26,31.094999313354492,25.044889450073242
2019-08-27,31.149999618530273,25.089181900024414
2019-08-28,31.065000534057617,25.020721435546875
2019-08-29,31.280000686645508,25.19389533996582
2019-08-30,31.290000915527344,25.201946258544922
2019-09-03,31.844999313354492,25.64896011352539
2019-09-04,31.875,25.673124313354492
2019-09-05,31.530000686645508,25.39525032043457
2019-09-06,31.405000686645508,25.294570922851562
2019-09-09,31.25,25.169727325439453
2019-09-10,31.290000915527344,25.201946258544922
2019-09-11,31.600000381469727,25.451631546020508
2019-09-12,31.670000076293945,25.508007049560547
2019-09-13,31.469999313354492,25.346925735473633
2019-09-16,31.4950008392334,25.367061614990234
2019-09-17,31.770000457763672,25.588550567626953
2019-09-18,31.905000686645508,25.69729232788086
2019-09-19,32.05500030517578,25.81810760498047
2019-09-20,31.934999465942383,25.920368194580078
2019-09-23,31.940000534057617,25.924428939819336
2019-09-24,32.314998626708984,26.228797912597656
2019-09-25,32.29499816894531,26.212568283081055
2019-09-26,32.46500015258789,26.350549697875977
2019-09-27,32.349998474121094,26.2572078704834
2019-09-30,32.369998931884766,26.273441314697266
2019-10-01,32.29499816894531,26.212568283081055
2019-10-02,31.864999771118164,25.863557815551758
2019-10-03,31.940000534057617,25.924428939819336
2019-10-04,32.3849983215332,26.285614013671875
2019-10-07,32.2599983215332,26.184160232543945
2019-10-08,31.959999084472656,25.94066047668457
2019-10-09,32.1150016784668,26.066471099853516
2019-10-10,32.08000183105469,26.03806495666504
2019-10-11,31.959999084472656,25.94066047668457
2019-10-14,31.7549991607666,25.774272918701172
2019-10-15,31.655000686645508,25.69310760498047
2019-10-16,31.725000381469727,25.749919891357422
2019-10-17,31.80500030517578,25.814855575561523
2019-10-18,31.90999984741211,25.900075912475586
2019-10-21,32.03499984741211,26.001541137695312
2019-10-22,32.16999816894531,26.111112594604492
2019-10-23,32.29999923706055,26.216629028320312
2019-10-24,32.40999984741211,26.305910110473633
2019-10-25,32.08000183105469,26.03806495666504
2019-10-28,31.639999389648438,25.680927276611328
2019-10-29,31.670000076293945,25.705278396606445
2019-10-30,31.950000762939453,25.932552337646484
2019-10-31,32.125,26.07459259033203
2019-11-01,32.04499816894531,26.009653091430664
2019-11-04,31.635000228881836,25.676876068115234
2019-11-05,31.309999465942383,25.413087844848633
2019-11-06,31.43000030517578,25.510482788085938
2019-11-07,31.0049991607666,25.165531158447266
2019-11-08,30.875,25.060012817382812
2019-11-11,30.684999465942383,24.905792236328125
2019-11-12,30.760000228881836,24.9666690826416
2019-11-13,31.21500015258789,25.33597755432129
2019-11-14,31.325000762939453,25.425260543823242
2019-11-15,31.424999237060547,25.506423950195312
2019-11-18,31.489999771118164,25.55918312072754
2019-11-19,31.40999984741211,25.49425506591797
2019-11-20,31.600000381469727,25.648466110229492
2019-11-21,31.489999771118164,25.55918312072754
2019-11-22,31.5,25.56730079650879
2019-11-25,31.395000457763672,25.482078552246094
2019-11-26,31.5,25.56730079650879
2019-11-27,31.55500030517578,25.611940383911133
2019-11-29,31.524999618530273,25.587594985961914
2019-12-02,31.31999969482422,25.421194076538086
2019-12-03,31.405000686645508,25.490190505981445
2019-12-04,31.645000457763672,25.68499183654785
2019-12-05,31.700000762939453,25.729631423950195
2019-12-06,31.604999542236328,25.65252685546875
2019-12-09,31.4950008392334,25.563241958618164
2019-12-10,31.489999771118164,25.55918312072754
2019-12-11,31.575000762939453,25.6281795501709
2019-12-12,31.440000534057617,25.51860237121582
2019-12-13,31.684999465942383,25.717456817626953
2019-12-16,32.08000183105469,26.03806495666504
2019-12-17,32.185001373291016,26.123289108276367
2019-12-18,32.314998626708984,26.228797912597656
2019-12-19,32.32500076293945,26.23691749572754
2019-12-20,32.29499816894531,26.417293548583984
2019-12-23,31.9950008392334,26.171890258789062
2019-12-24,32.040000915527344,26.208696365356445
2019-12-26,32.095001220703125,26.253692626953125
2019-12-27,32.189998626708984,26.331401824951172
2019-12-30,32.185001373291016,26.32731056213379
2019-12-31,32.310001373291016,26.429561614990234
2020-01-02,31.905000686645508,26.0982723236084
2020-01-03,31.969999313354492,26.151437759399414
2020-01-06,32.0,26.175975799560547
2020-01-07,31.954999923706055,26.13917350769043
2020-01-08,31.940000534057617,26.12689781188965
2020-01-09,32.1150016784668,26.270050048828125
2020-01-10,32.20000076293945,26.33958625793457
2020-01-13,32.39500045776367,26.49908447265625
2020-01-14,32.4900016784668,26.576799392700195
2020-01-15,32.94499969482422,26.948989868164062
2020-01-16,33.150001525878906,27.116676330566406
2020-01-17,33.380001068115234,27.304821014404297
2020-01-21,33.685001373291016,27.554309844970703
2020-01-22,33.790000915527344,27.640199661254883
2020-01-23,34.09000015258789,27.88559913635254
2020-01-24,34.18000030517578,27.959217071533203
2020-01-27,34.095001220703125,27.889692306518555
2020-01-28,34.23500061035156,28.004207611083984
2020-01-29,34.32500076293945,28.077821731567383
2020-01-30,34.64500045776367,28.3395938873291
2020-01-31,34.4900016784668,28.212800979614258
2020-02-03,34.599998474121094,28.302778244018555
2020-02-04,34.255001068115234,28.020570755004883
2020-02-05,34.39500045776367,28.135087966918945
2020-02-06,34.404998779296875,28.143264770507812
2020-02-07,34.29499816894531,28.05328941345215
2020-02-10,34.42499923706055,28.159622192382812
2020-02-11,34.54999923706055,28.261877059936523
2020-02-12,34.57500076293945,28.282333374023438
2020-02-13,34.959999084472656,28.59725570678711
2020-02-14,35.19499969482422,28.789487838745117
2020-02-18,35.4900016784668,29.030794143676758
2020-02-19,35.10499954223633,28.71586799621582
2020-02-20,35.22999954223633,28.81812286376953
2020-02-21,35.165000915527344,28.76494789123535
2020-02-24,34.755001068115234,28.4295654296875
2020-02-25,34.025001525878906,27.832427978515625
2020-02-26,33.68000030517578,27.55021858215332
2020-02-27,32.165000915527344,26.31094741821289
2020-02-28,31.09000015258789,25.431604385375977
2020-03-02,32.91999816894531,26.92853546142578
2020-03-03,32.51499938964844,26.59724998474121
2020-03-04,34.36000061035156,28.106462478637695
2020-03-05,33.83000183105469,27.67292022705078
2020-03-06,33.55500030517578,27.447973251342773
2020-03-09,31.729999542236328,25.955121994018555
2020-03-10,32.025001525878906,26.19643211364746
2020-03-11,30.415000915527344,24.879453659057617
2020-03-12,27.344999313354492,22.368192672729492
2020-03-13,28.834999084472656,23.58700942993164
2020-03-16,25.559999465942383,20.908061981201172
2020-03-17,28.829999923706055,23.582923889160156
2020-03-18,27.575000762939453,22.556333541870117
2020-03-19,25.969999313354492,21.243446350097656
2020-03-20,23.90999984741211,19.558366775512695
2020-03-23,22.46500015258789,18.56032943725586
2020-03-24,24.8799991607666,20.555574417114258
2020-03-25,25.514999389648438,21.080209732055664
2020-03-26,27.690000534057617,22.877168655395508
2020-03-27,27.84000015258789,23.001089096069336
2020-03-30,28.8700008392334,23.85207176208496
2020-03-31,27.704999923706055,22.88955307006836
2020-04-01,26.040000915527344,21.513954162597656
2020-04-02,26.854999542236328,22.18729591369629
2020-04-03,25.895000457763672,21.394163131713867
2020-04-06,27.895000457763672,23.046533584594727
2020-04-07,27.545000076293945,22.757369995117188
2020-04-08,29.045000076293945,23.996652603149414
2020-04-09,30.415000915527344,25.128536224365234
2020-04-13,29.450000762939453,24.331254959106445
2020-04-14,30.315000534057617,25.045913696289062
2020-04-15,29.315000534057617,24.219724655151367
2020-04-16,29.31999969482422,24.22385597229004
2020-04-17,30.264999389648438,25.004602432250977
2020-04-20,29.1200008392334,24.058616638183594
2020-04-21,28.639999389648438,23.66204071044922
2020-04-22,29.475000381469727,24.351911544799805
2020-04-23,28.979999542236328,23.94294548034668
2020-04-24,29.15999984741211,24.091659545898438
2020-04-27,29.46500015258789,24.34364891052246
2020-04-28,29.575000762939453,24.434528350830078
2020-04-29,29.30500030517578,24.211458206176758
2020-04-30,28.6299991607666,23.653791427612305
2020-05-01,27.940000534057617,23.08371353149414
2020-05-04,28.149999618530273,23.257213592529297
2020-05-05,28.3799991607666,23.447235107421875
2020-05-06,27.415000915527344,22.64996337890625
2020-05-07,27.524999618530273,22.740846633911133
2020-05-08,28.079999923706055,23.199382781982422
2020-05-11,27.959999084472656,23.100236892700195
2020-05-12,27.71500015258789,22.8978214263916
2020-05-13,27.479999542236328,22.703664779663086
2020-05-14,27.774999618530273,22.947391510009766
2020-05-15,27.405000686645508,22.641704559326172
2020-05-18,28.530000686645508,23.5711612701416
2020-05-19,28.059999465942383,23.182857513427734
2020-05-20,28.21500015258789,23.3109188079834
2020-05-21,27.93000030517578,23.075450897216797
2020-05-22,28.239999771118164,23.33156394958496
2020-05-26,28.424999237060547,23.48441505432129
2020-05-27,28.764999389648438,23.765316009521484
2020-05-28,29.614999771118164,24.46758270263672
2020-05-29,29.844999313354492,24.657602310180664
2020-06-01,30.200000762939453,24.950899124145508
2020-06-02,30.395000457763672,25.11200714111328
2020-06-03,30.760000228881836,25.4135684967041
2020-06-04,30.209999084472656,24.95915985107422
2020-06-05,30.594999313354492,25.27724266052246
2020-06-08,31.415000915527344,25.9547176361084
2020-06-09,30.78499984741211,25.434219360351562
2020-06-10,30.604999542236328,25.285507202148438
2020-06-11,29.40999984741211,24.29821014404297
2020-06-12,29.334999084472656,24.236242294311523
2020-06-15,29.53499984741211,24.401485443115234
2020-06-16,29.670000076293945,24.513019561767578
2020-06-17,29.579999923706055,24.438663482666016
2020-06-18,29.575000762939453,24.434528350830078
2020-06-19,28.7450008392334,23.748794555664062
2020-06-22,28.78499984741211,23.980392456054688
2020-06-23,28.4950008392334,23.738798141479492
2020-06-24,28.235000610351562,23.52219581604004
2020-06-25,27.885000228881836,23.230609893798828
2020-06-26,27.59000015258789,22.984851837158203
2020-06-29,28.110000610351562,23.41806411743164
2020-06-30,28.21500015258789,23.50553321838379
2020-07-01,28.875,24.055370330810547
2020-07-02,28.950000762939453,24.11785125732422
2020-07-06,28.594999313354492,23.822107315063477
2020-07-07,28.479999542236328,23.726301193237305
2020-07-08,28.735000610351562,23.938737869262695
2020-07-09,28.350000381469727,23.61800193786621
2020-07-10,28.885000228881836,24.063701629638672
2020-07-13,28.915000915527344,24.088695526123047
2020-07-14,29.184999465942383,24.31363296508789
2020-07-15,29.06999969482422,24.217815399169922
2020-07-16,29.440000534057617,24.526065826416016
2020-07-17,30.104999542236328,25.08006477355957
2020-07-20,29.709999084472656,24.75099754333496
2020-07-21,29.844999313354492,24.86346435546875
2020-07-22,30.30500030517578,25.246685028076172
2020-07-23,30.34000015258789,25.275835037231445
2020-07-24,30.139999389648438,25.10922622680664
2020-07-27,29.774999618530273,24.805147171020508
2020-07-28,30.225000381469727,25.180034637451172
2020-07-29,30.364999771118164,25.29667091369629
2020-07-30,30.364999771118164,25.29667091369629
2020-07-31,30.415000915527344,25.338329315185547
2020-08-03,30.084999084472656,25.063400268554688
2020-08-04,30.415000915527344,25.338329315185547
2020-08-05,30.024999618530273,25.0134220123291
2020-08-06,30.200000762939453,25.15920639038086
2020-08-07,30.7450008392334,25.613245010375977
2020-08-10,30.735000610351562,25.60491180419922
2020-08-11,30.06999969482422,25.050907135009766
2020-08-12,30.5049991607666,25.41330337524414
2020-08-13,30.454999923706055,25.371646881103516
2020-08-14,30.190000534057617,25.150876998901367
2020-08-17,30.149999618530273,25.117555618286133
2020-08-18,30.014999389648438,25.005088806152344
2020-08-19,29.924999237060547,24.93010902404785
2020-08-20,29.65999984741211,24.709341049194336
2020-08-21,29.709999084472656,24.75099754333496
2020-08-24,29.969999313354492,24.967599868774414
2020-08-25,29.684999465942383,24.73016929626465
2020-08-26,29.354999542236328,24.455251693725586
2020-08-27,29.450000762939453,24.534393310546875
2020-08-28,29.53499984741211,24.60520362854004
2020-08-31,29.625,24.680179595947266
2020-09-01,29.28499984741211,24.396936416625977
2020-09-02,30.19499969482422,25.155038833618164
2020-09-03,29.854999542236328,24.871793746948242
2020-09-04,29.684999465942383,24.73016929626465
2020-09-08,29.520000457763672,24.59270668029785
2020-09-09,29.90999984741211,24.91761016845703
2020-09-10,29.395000457763672,24.488574981689453
2020-09-11,29.46500015258789,24.546892166137695
2020-09-14,29.8700008392334,24.884288787841797
2020-09-15,30.06999969482422,25.050907135009766
2020-09-16,30.030000686645508,25.01758575439453
2020-09-17,29.78499984741211,24.813474655151367
2020-09-18,29.260000228881836,24.376110076904297
2020-09-21,28.829999923706055,24.224441528320312
2020-09-22,29.010000228881836,24.375686645507812
2020-09-23,28.565000534057617,24.001773834228516
2020-09-24,28.885000228881836,24.270654678344727
2020-09-25,29.360000610351562,24.669780731201172
2020-09-28,29.434999465942383,24.732789993286133
2020-09-29,29.424999237060547,24.724390029907227
2020-09-30,29.690000534057617,24.947059631347656
2020-10-01,29.989999771118164,25.199134826660156
2020-10-02,30.344999313354492,25.497417449951172
2020-10-05,30.725000381469727,25.81671714782715
2020-10-06,30.985000610351562,26.035181045532227
2020-10-07,31.174999237060547,26.194828033447266
2020-10-08,31.7450008392334,26.673770904541016
2020-10-09,31.739999771118164,26.669570922851562
2020-10-12,31.940000534057617,26.837621688842773
2020-10-13,31.719999313354492,26.652769088745117
2020-10-14,31.68000030517578,26.619159698486328
2020-10-15,31.65999984741211,26.602352142333984
2020-10-16,32.0,26.888036727905273
2020-10-19,31.729999542236328,26.661169052124023
2020-10-20,31.920000076293945,26.820816040039062
2020-10-21,31.834999084472656,26.749399185180664
2020-10-22,32.28499984741211,27.12751007080078
2020-10-23,32.375,27.203128814697266
2020-10-26,32.3650016784668,27.19472885131836
2020-10-27,32.34000015258789,27.173723220825195
2020-10-28,31.399999618530273,26.383888244628906
2020-10-29,31.485000610351562,26.455305099487305
2020-10-30,31.190000534057617,26.207435607910156
2020-11-02,31.875,26.78301239013672
2020-11-03,32.334999084472656,27.16952133178711
2020-11-04,31.850000381469727,26.76200294494629
2020-11-05,32.1349983215332,27.0014705657959
2020-11-06,32.064998626708984,26.94265365600586
2020-11-09,32.65999984741211,27.442609786987305
2020-11-10,33.130001068115234,27.837526321411133
2020-11-11,33.255001068115234,27.94255828857422
2020-11-12,32.720001220703125,27.493022918701172
2020-11-13,33.04499816894531,27.766098022460938
2020-11-16,33.380001068115234,28.04758644104004
2020-11-17,32.724998474121094,27.497220993041992
2020-11-18,32.084999084472656,26.95945930480957
2020-11-19,31.764999389648438,26.690576553344727
2020-11-20,31.770000457763672,26.694780349731445
2020-11-23,31.774999618530273,26.6989803314209
2020-11-24,32.1150016784668,26.98466682434082
2020-11-25,32.20000076293945,27.056089401245117
2020-11-27,31.8799991607666,26.787202835083008
2020-11-30,31.420000076293945,26.400693893432617
2020-12-01,31.639999389648438,26.585548400878906
2020-12-02,31.850000381469727,26.76200294494629
2020-12-03,31.520000457763672,26.484716415405273
2020-12-04,31.204999923706055,26.220035552978516
2020-12-07,31.3799991607666,26.367080688476562
2020-12-08,31.28499984741211,26.287260055541992
2020-12-09,31.229999542236328,26.241044998168945
2020-12-10,31.06999969482422,26.106603622436523
2020-12-11,31.1200008392334,26.148616790771484
2020-12-14,30.959999084472656,26.01417350769043
2020-12-15,31.56999969482422,26.526731491088867
2020-12-16,31.204999923706055,26.220035552978516
2020-12-17,31.415000915527344,26.39649200439453
2020-12-18,31.145000457763672,26.169626235961914
2020-12-21,30.510000228881836,25.85271453857422
2020-12-22,30.450000762939453,25.80187225341797
2020-12-23,30.389999389648438,25.75103187561035
2020-12-24,30.604999542236328,25.933210372924805
2020-12-28,30.739999771118164,26.047605514526367
2020-12-29,30.735000610351562,26.043371200561523
2020-12-30,30.889999389648438,26.17470932006836
2020-12-31,31.350000381469727,26.56449317932129
2021-01-04,30.559999465942383,25.895082473754883
2021-01-05,30.55500030517578,25.89084243774414
2021-01-06,31.315000534057617,26.534833908081055
2021-01-07,30.905000686645508,26.187419891357422
2021-01-08,31.165000915527344,26.407730102539062
2021-01-11,30.875,26.16199493408203
2021-01-12,30.709999084472656,26.022184371948242
2021-01-13,31.309999465942383,26.53059196472168
2021-01-14,31.190000534057617,26.42891502380371
2021-01-15,31.4950008392334,26.687360763549805
2021-01-19,31.375,26.585674285888672
2021-01-20,31.559999465942383,26.742433547973633
2021-01-21,31.375,26.585674285888672
2021-01-22,31.420000076293945,26.623804092407227
2021-01-25,32.04999923706055,27.157638549804688
2021-01-26,31.729999542236328,26.886484146118164
2021-01-27,30.875,26.16199493408203
2021-01-28,31.2450008392334,26.47551727294922
2021-01-29,31.075000762939453,26.331470489501953
2021-02-01,31.225000381469727,26.458572387695312
2021-02-02,31.479999542236328,26.674644470214844
2021-02-03,31.3799991607666,26.589908599853516
2021-02-04,31.625,26.797510147094727
2021-02-05,31.795000076293945,26.941558837890625
2021-02-08,31.549999237060547,26.73396110534668
2021-02-09,31.594999313354492,26.7720890045166
2021-02-10,31.719999313354492,26.87801170349121
2021-02-11,31.540000915527344,26.725488662719727
2021-02-12,31.309999465942383,26.53059196472168
2021-02-16,30.959999084472656,26.234020233154297
2021-02-17,30.985000610351562,26.255203247070312
2021-02-18,31.170000076293945,26.41196632385254
2021-02-19,30.704999923706055,26.017948150634766
2021-02-22,30.104999542236328,25.509536743164062
2021-02-23,30.354999542236328,25.721378326416016
2021-02-24,30.0,25.420564651489258
2021-02-25,29.729999542236328,25.191776275634766
2021-02-26,29.18000030517578,24.725736618041992
2021-03-01,29.825000762939453,25.272279739379883
2021-03-02,29.735000610351562,25.196020126342773
2021-03-03,29.385000228881836,24.899446487426758
2021-03-04,29.360000610351562,24.87826156616211
2021-03-05,29.84000015258789,25.284992218017578
2021-03-08,30.260000228881836,25.640872955322266
2021-03-09,30.65999984741211,25.97981834411621
2021-03-10,30.8700008392334,26.157764434814453
2021-03-11,30.790000915527344,26.089975357055664
2021-03-12,31.204999923706055,26.441617965698242
2021-03-15,31.604999542236328,26.780563354492188
2021-03-16,31.645000457763672,26.814456939697266
2021-03-17,31.1299991607666,26.37807273864746
2021-03-18,31.014999389648438,26.28062629699707
2021-03-19,31.100000381469727,26.35264778137207
2021-03-22,30.825000762939453,26.31466293334961
2021-03-23,31.28499984741211,26.70735740661621
2021-03-24,31.295000076293945,26.715892791748047
2021-03-25,31.6299991607666,27.001874923706055
2021-03-26,31.735000610351562,27.091508865356445
2021-03-29,32.07500076293945,27.38176155090332
2021-03-30,31.78499984741211,27.13419532775879
2021-03-31,32.02000045776367,27.334808349609375
2021-04-01,31.989999771118164,27.3091983795166
2021-04-05,32.34000015258789,27.607990264892578
2021-04-06,32.5099983215332,27.75311279296875
2021-04-07,32.470001220703125,27.718971252441406
2021-04-08,32.44499969482422,27.697628021240234
2021-04-09,32.40999984741211,27.667743682861328
2021-04-12,32.439998626708984,27.693357467651367
2021-04-13,32.82500076293945,28.022024154663086
2021-04-14,32.970001220703125,28.145803451538086
2021-04-15,33.334999084472656,28.457401275634766
2021-04-16,33.60499954223633,28.687898635864258
2021-04-19,33.435001373291016,28.542768478393555
2021-04-20,33.86000061035156,28.905580520629883
2021-04-21,33.57500076293945,28.66228485107422
2021-04-22,33.334999084472656,28.457401275634766
2021-04-23,33.290000915527344,28.41898536682129
2021-04-26,33.099998474121094,28.25678062438965
2021-04-27,32.845001220703125,28.039098739624023
2021-04-28,32.79999923706055,28.000682830810547
2021-04-29,33.099998474121094,28.25678062438965
2021-04-30,33.36000061035156,28.478740692138672
2021-05-03,33.35499954223633,28.47447395324707
2021-05-04,33.22999954223633,28.36776351928711
2021-05-05,32.66999816894531,27.88970184326172
2021-05-06,32.91999816894531,28.103116989135742
2021-05-07,33.02000045776367,28.18848991394043
2021-05-10,33.35499954223633,28.47447395324707
2021-05-11,32.94499969482422,28.12446403503418
2021-05-12,32.17499923706055,27.467134475708008
2021-05-13,32.79499816894531,27.996410369873047
2021-05-14,32.95500183105469,28.13300132751465
2021-05-17,32.685001373291016,27.902509689331055
2021-05-18,32.68000030517578,27.898235321044922
2021-05-19,32.625,27.851289749145508
2021-05-20,32.90999984741211,28.09458351135254
2021-05-21,33.08000183105469,28.239715576171875
2021-05-24,33.02000045776367,28.18848991394043
2021-05-25,32.619998931884766,27.847015380859375
2021-05-26,32.625,27.851289749145508
2021-05-27,32.404998779296875,27.663476943969727
2021-05-28,32.58000183105469,27.812877655029297
2021-06-01,32.380001068115234,27.642135620117188
2021-06-02,32.54999923706055,27.787263870239258
2021-06-03,32.744998931884766,27.95372772216797
2021-06-04,32.69499969482422,27.911046981811523
2021-06-07,32.755001068115234,27.962265014648438
2021-06-08,32.474998474121094,27.723234176635742
2021-06-09,32.76499938964844,27.970796585083008
2021-06-10,32.97999954223633,28.154340744018555
2021-06-11,33.05500030517578,28.218372344970703
2021-06-14,33.125,28.278125762939453
2021-06-15,33.224998474121094,28.363492965698242
2021-06-16,32.724998474121094,27.936655044555664
2021-06-17,32.904998779296875,28.090314865112305
2021-06-18,32.04999923706055,27.360424041748047
2021-06-21,32.21500015258789,27.71486473083496
2021-06-22,32.02000045776367,27.547109603881836
2021-06-23,31.68000030517578,27.254606246948242
2021-06-24,31.649999618530273,27.228792190551758
2021-06-25,31.989999771118164,27.52129554748535
2021-06-28,32.19499969482422,27.697656631469727
2021-06-29,31.674999237060547,27.250301361083984
2021-06-30,31.614999771118164,27.198680877685547
2021-07-01,31.959999084472656,27.495492935180664
2021-07-02,32.0099983215332,27.538503646850586
2021-07-06,32.14500045776367,27.654647827148438
2021-07-07,32.35499954223633,27.83531379699707
2021-07-08,32.2599983215332,27.753582000732422
2021-07-09,32.29999923706055,27.787994384765625
2021-07-12,32.404998779296875,27.878326416015625
2021-07-13,32.15999984741211,27.667551040649414
2021-07-14,32.439998626708984,27.90843963623047
2021-07-15,32.80500030517578,28.222450256347656
2021-07-16,33.1349983215332,28.506359100341797
2021-07-19,32.61000061035156,28.054689407348633
2021-07-20,32.75,28.175134658813477
2021-07-21,32.38999938964844,27.86542320251465
2021-07-22,32.439998626708984,27.90843963623047
2021-07-23,32.85499954223633,28.26546859741211
2021-07-26,32.8650016784668,28.274076461791992
2021-07-27,33.43000030517578,28.76014518737793
2021-07-28,33.17499923706055,28.5407657623291
2021-07-29,33.26499938964844,28.618194580078125
2021-07-30,32.98500061035156,28.37730598449707
2021-08-02,33.2400016784668,28.59668731689453
2021-08-03,33.43000030517578,28.76014518737793
2021-08-04,33.380001068115234,28.717132568359375
2021-08-05,33.744998931884766,29.031143188476562
2021-08-06,33.724998474121094,29.01393699645996
2021-08-09,33.71500015258789,29.005332946777344
2021-08-10,33.75,29.035444259643555
2021-08-11,34.064998626708984,29.306442260742188
2021-08-12,34.099998474121094,29.3365421295166
2021-08-13,34.34000015258789,29.54302406311035
2021-08-16,34.54999923706055,29.723684310913086
2021-08-17,34.56999969482422,29.74089813232422
2021-08-18,34.39500045776367,29.59033966064453
2021-08-19,34.53499984741211,29.71078109741211
2021-08-20,34.96500015258789,30.080720901489258
2021-08-23,34.51499938964844,29.693580627441406
2021-08-24,34.290000915527344,29.500011444091797
2021-08-25,34.35499954223633,29.555927276611328
2021-08-26,34.27000045776367,29.482805252075195
2021-08-27,34.2599983215332,29.474197387695312
2021-08-30,34.310001373291016,29.5172176361084
2021-08-31,34.27000045776367,29.482805252075195
2021-09-01,34.720001220703125,29.869949340820312
2021-09-02,35.03499984741211,30.140939712524414
2021-09-03,34.744998931884766,29.891447067260742
2021-09-07,34.28499984741211,29.49571418762207
2021-09-08,34.900001525878906,30.024805068969727
2021-09-09,34.709999084472656,29.8613338470459
2021-09-10,34.224998474121094,29.444089889526367
2021-09-13,34.165000915527344,29.392467498779297
2021-09-14,34.04999923706055,29.293535232543945
2021-09-15,34.005001068115234,29.254823684692383
2021-09-16,33.720001220703125,29.009632110595703
2021-09-17,33.20000076293945,28.562274932861328
2021-09-20,32.88999938964844,28.509828567504883
2021-09-21,32.79999923706055,28.43181610107422
2021-09-22,32.779998779296875,28.41448211669922
2021-09-23,32.60499954223633,28.262788772583008
2021-09-24,32.56999969482422,28.23244857788086
2021-09-27,32.185001373291016,27.89872169494629
2021-09-28,31.780000686645508,27.547657012939453
2021-09-29,32.19499969482422,27.907384872436523
2021-09-30,31.940000534057617,27.686351776123047
2021-10-01,31.940000534057617,27.686351776123047
2021-10-04,32.380001068115234,28.0677490234375
2021-10-05,32.29999923706055,27.99840545654297
2021-10-06,32.79999923706055,28.43181610107422
2021-10-07,32.625,28.28011703491211
2021-10-08,32.3849983215332,28.07208251953125
2021-10-11,31.94499969482422,27.690685272216797
2021-10-12,32.15999984741211,27.87704849243164
2021-10-13,32.53499984741211,28.202110290527344
2021-10-14,32.935001373291016,28.54884147644043
2021-10-15,32.84000015258789,28.46649169921875
2021-10-18,32.525001525878906,28.193449020385742
2021-10-19,32.935001373291016,28.54884147644043
2021-10-20,33.45500183105469,28.999584197998047
2021-10-21,33.45500183105469,28.999584197998047
2021-10-22,33.625,29.146947860717773
2021-10-25,33.47999954223633,29.021259307861328
2021-10-26,33.65999984741211,29.177284240722656
2021-10-27,33.435001373291016,28.982255935668945
2021-10-28,33.654998779296875,29.17295265197754
2021-10-29,33.45500183105469,28.999584197998047
2021-11-01,33.57500076293945,29.103605270385742
2021-11-02,33.60499954223633,29.129610061645508
2021-11-03,33.47999954223633,29.021259307861328
2021-11-04,33.29499816894531,28.86089324951172
2021-11-05,33.61000061035156,29.133949279785156
2021-11-08,33.11000061035156,28.700536727905273
2021-11-09,33.279998779296875,28.847890853881836
2021-11-10,33.54999923706055,29.081937789916992
2021-11-11,33.345001220703125,28.904237747192383
2021-11-12,33.32500076293945,28.886899948120117
2021-11-15,33.76499938964844,29.268301010131836
2021-11-16,33.60499954223633,29.129610061645508
2021-11-17,33.6349983215332,29.155609130859375
2021-11-18,33.459999084472656,29.00391960144043
2021-11-19,33.650001525878906,29.16861343383789
2021-11-22,33.85499954223633,29.346311569213867
2021-11-23,33.88999938964844,29.376649856567383
2021-11-24,33.90999984741211,29.39398765563965
2021-11-26,33.380001068115234,28.9345760345459
2021-11-29,33.875,29.363649368286133
2021-11-30,32.8849983215332,28.5054988861084
2021-12-01,32.94499969482422,28.55750846862793
2021-12-02,33.3650016784668,28.921573638916016
2021-12-03,33.70000076293945,29.211957931518555
2021-12-06,34.21500015258789,29.65837287902832
2021-12-07,34.470001220703125,29.87940788269043
2021-12-08,34.435001373291016,29.849071502685547
2021-12-09,34.38999938964844,29.810070037841797
2021-12-10,34.57500076293945,29.970428466796875
2021-12-13,35.0,30.33883285522461
2021-12-14,34.790000915527344,30.156795501708984
2021-12-15,35.36000061035156,30.6508846282959
2021-12-16,35.540000915527344,30.806915283203125
2021-12-17,35.005001068115234,30.343162536621094
2021-12-20,34.76499938964844,30.37198829650879
2021-12-21,34.71500015258789,30.328306198120117
2021-12-22,34.8650016784668,30.45935821533203
2021-12-23,34.86000061035156,30.45499610900879
2021-12-27,35.029998779296875,30.6035099029541
2021-12-28,35.345001220703125,30.878704071044922
2021-12-29,35.53499984741211,31.044696807861328
2021-12-30,35.665000915527344,31.15826416015625
2021-12-31,35.790000915527344,31.267475128173828
2022-01-03,35.435001373291016,30.957332611083984
2022-01-04,35.32500076293945,30.861230850219727
2022-01-05,35.30500030517578,30.8437557220459
2022-01-06,34.939998626708984,30.524879455566406
2022-01-07,35.20500183105469,30.756399154663086
2022-01-10,34.974998474121094,30.555452346801758
2022-01-11,34.65999984741211,30.28026008605957
2022-01-12,34.77000045776367,30.376367568969727
2022-01-13,34.939998626708984,30.524879455566406
2022-01-14,34.70000076293945,30.31521224975586
2022-01-18,34.28499984741211,29.95265007019043
2022-01-19,34.439998626708984,30.088054656982422
2022-01-20,34.48500061035156,30.127370834350586
2022-01-21,34.41999816894531,30.07059097290039
2022-01-24,34.09000015258789,29.782291412353516
2022-01-25,33.55500030517578,29.31488800048828
2022-01-26,33.279998779296875,29.07463836669922
2022-01-27,33.57500076293945,29.332366943359375
2022-01-28,33.97999954223633,29.686189651489258
2022-01-31,34.625,30.249683380126953
2022-02-01,34.165000915527344,29.847810745239258
2022-02-02,34.66999816894531,30.288999557495117
2022-02-03,34.51499938964844,30.153583526611328
2022-02-04,34.2400016784668,29.9133358001709
2022-02-07,34.189998626708984,29.869646072387695
2022-02-08,34.21500015258789,29.891494750976562
2022-02-09,34.3650016784668,30.02254295349121
2022-02-10,33.494998931884766,29.262475967407227
2022-02-11,33.51499938964844,29.279953002929688
2022-02-14,33.22999954223633,29.030960083007812
2022-02-15,33.07500076293945,28.89554786682129
2022-02-16,33.150001525878906,28.961071014404297
2022-02-17,33.16999816894531,28.97854232788086
2022-02-18,33.11000061035156,28.926128387451172
2022-02-22,33.07500076293945,28.89554786682129
2022-02-23,32.51499938964844,28.406309127807617
2022-02-24,32.775001525878906,28.633459091186523
2022-02-25,33.790000915527344,29.520198822021484
2022-02-28,33.96500015258789,29.67308235168457
2022-03-01,33.66999816894531,29.415359497070312
2022-03-02,34.08000183105469,29.773555755615234
2022-03-03,34.68000030517578,30.297733306884766
2022-03-04,35.44499969482422,30.9660587310791
2022-03-07,35.904998779296875,31.367948532104492
2022-03-08,35.349998474121094,30.883068084716797
2022-03-09,35.099998474121094,30.664670944213867
2022-03-10,35.334999084472656,30.869962692260742
2022-03-11,35.21500015258789,30.76512908935547
2022-03-14,35.17499923706055,30.730186462402344
2022-03-15,35.625,31.123327255249023
2022-03-16,35.560001373291016,31.066526412963867
2022-03-17,35.709999084472656,31.19757843017578
2022-03-18,35.404998779296875,30.931116104125977
2022-03-21,35.404998779296875,31.13779067993164
2022-03-22,35.45500183105469,31.181774139404297
2022-03-23,35.505001068115234,31.225744247436523
2022-03-24,35.869998931884766,31.54674530029297
2022-03-25,36.38999938964844,32.00407791137695
2022-03-28,36.625,32.21075439453125
2022-03-29,36.96500015258789,32.5097770690918
2022-03-30,37.27000045776367,32.778018951416016
2022-03-31,37.22999954223633,32.74283981323242
2022-04-01,37.75,33.200172424316406
2022-04-04,37.459999084472656,32.94511795043945
2022-04-05,37.69499969482422,33.15179443359375
2022-04-06,38.44499969482422,33.811405181884766
2022-04-07,38.349998474121094,33.727848052978516
2022-04-08,38.47999954223633,33.84218215942383
2022-04-11,37.95500183105469,33.38045120239258
2022-04-12,38.099998474121094,33.50797653198242
2022-04-13,38.025001525878906,33.44202423095703
2022-04-14,38.04499816894531,33.4596061706543
2022-04-18,37.84000015258789,33.279319763183594
2022-04-19,38.084999084472656,33.49477767944336
2022-04-20,38.39500045776367,33.767425537109375
2022-04-21,37.7599983215332,33.208953857421875
2022-04-22,37.125,32.65049362182617
2022-04-25,36.869998931884766,32.42621994018555
2022-04-26,36.5,32.10082244873047
2022-04-27,36.32500076293945,31.946918487548828
2022-04-28,36.72999954223633,32.303096771240234
2022-04-29,35.630001068115234,31.335678100585938
2022-05-02,35.26499938964844,31.014665603637695
2022-05-03,35.400001525878906,31.133399963378906
2022-05-04,36.189998626708984,31.82818031311035
2022-05-05,35.81999969482422,31.502777099609375
2022-05-06,36.10499954223633,31.753429412841797
2022-05-09,35.834999084472656,31.515974044799805
2022-05-10,35.400001525878906,31.133399963378906
2022-05-11,35.654998779296875,31.357669830322266
2022-05-12,35.29499816894531,31.041053771972656
2022-05-13,35.71500015258789,31.41043472290039
2022-05-16,35.82500076293945,31.507179260253906
2022-05-17,36.19499969482422,31.832576751708984
2022-05-18,35.845001220703125,31.52477264404297
2022-05-19,35.77000045776367,31.45880126953125
2022-05-20,35.869998931884766,31.54674530029297
2022-05-23,36.29999923706055,31.924924850463867
2022-05-24,37.025001525878906,32.562557220458984
2022-05-25,37.0,32.540557861328125
2022-05-26,37.10499954223633,32.63290786743164
2022-05-27,37.685001373291016,33.14299392700195
2022-05-31,37.165000915527344,32.68567657470703
2022-06-01,37.10499954223633,32.63290786743164
2022-06-02,37.35499954223633,32.8527717590332
2022-06-03,37.17499923706055,32.69447326660156
2022-06-06,37.34000015258789,32.8395881652832
2022-06-07,37.564998626708984,33.03746032714844
2022-06-08,36.83000183105469,32.39104461669922
2022-06-09,35.94499969482422,31.612712860107422
2022-06-10,35.66999816894531,31.370851516723633
2022-06-13,34.029998779296875,29.928518295288086
2022-06-14,33.16999816894531,29.172170639038086
2022-06-15,33.3849983215332,29.361257553100586
2022-06-16,32.7400016784668,28.793996810913086
2022-06-17,32.435001373291016,28.5257568359375
2022-06-21,32.790000915527344,29.068744659423828
2022-06-22,33.1349983215332,29.374597549438477
2022-06-23,33.915000915527344,30.066076278686523
2022-06-24,34.505001068115234,30.589115142822266
2022-06-27,34.78499984741211,30.83734130859375
2022-06-28,34.654998779296875,30.722091674804688
2022-06-29,34.68000030517578,30.744253158569336
2022-06-30,35.064998626708984,31.085559844970703
2022-07-01,35.92499923706055,31.847963333129883
2022-07-05,34.70000076293945,30.76198959350586
2022-07-06,35.060001373291016,31.081132888793945
2022-07-07,35.025001525878906,31.050107955932617
2022-07-08,34.90999984741211,30.948158264160156
2022-07-11,35.130001068115234,31.1431827545166
2022-07-12,34.959999084472656,30.992477416992188
2022-07-13,34.814998626708984,30.863937377929688
2022-07-14,34.814998626708984,30.863937377929688
2022-07-15,34.880001068115234,30.92155647277832
2022-07-18,34.39500045776367,30.491600036621094
2022-07-19,34.6150016784668,30.68663787841797
2022-07-20,34.154998779296875,30.27883529663086
2022-07-21,34.244998931884766,30.358619689941406
2022-07-22,34.71500015258789,30.775279998779297
2022-07-25,35.150001525878906,31.16091537475586
2022-07-26,35.36000061035156,31.347087860107422
2022-07-27,35.38999938964844,31.373674392700195
2022-07-28,36.65999984741211,32.499549865722656
2022-07-29,36.974998474121094,32.7787971496582
2022-08-01,37.01499938964844,32.81425857543945
2022-08-02,36.939998626708984,32.747772216796875
2022-08-03,37.16999816894531,32.95166778564453
2022-08-04,37.25,33.02259826660156
2022-08-05,37.1150016784668,32.902923583984375
2022-08-08,37.16999816894531,32.95166778564453
2022-08-09,37.584999084472656,33.3195686340332
2022-08-10,37.75,33.465850830078125
2022-08-11,37.744998931884766,33.4614143371582
2022-08-12,38.36000061035156,34.00661849975586
2022-08-15,38.68000030517578,34.290306091308594
2022-08-16,38.790000915527344,34.387821197509766
2022-08-17,38.724998474121094,34.3302001953125
2022-08-18,38.869998931884766,34.458744049072266
2022-08-19,38.849998474121094,34.441009521484375
2022-08-22,38.31999969482422,33.97116470336914
2022-08-23,38.09000015258789,33.76726150512695
2022-08-24,38.209999084472656,33.8736457824707
2022-08-25,38.44499969482422,34.081974029541016
2022-08-26,37.85499954223633,33.558937072753906
2022-08-29,37.970001220703125,33.66088104248047
2022-08-30,37.415000915527344,33.16887283325195
2022-08-31,37.16999816894531,32.95166778564453
2022-09-01,37.70500183105469,33.42594909667969
2022-09-02,37.29999923706055,33.06691360473633
2022-09-06,37.39500045776367,33.15113830566406
2022-09-07,38.564998626708984,34.18836212158203
2022-09-08,38.53499984741211,34.161766052246094
2022-09-09,38.689998626708984,34.299171447753906
2022-09-12,39.060001373291016,34.62718963623047
2022-09-13,38.02000045776367,33.70521545410156
2022-09-14,38.33000183105469,33.98003387451172
2022-09-15,37.375,33.1334114074707
2022-09-16,37.23500061035156,33.009300231933594
2022-09-19,37.47999954223633,33.451541900634766
2022-09-20,36.935001373291016,32.96511459350586
2022-09-21,36.43000030517578,32.51439666748047
2022-09-22,36.29999923706055,32.39836120605469
2022-09-23,35.880001068115234,32.02351379394531
2022-09-26,35.01499938964844,31.251480102539062
2022-09-27,34.42499923706055,30.72489356994629
2022-09-28,34.79499816894531,31.055130004882812
2022-09-29,33.400001525878906,29.81006622314453
2022-09-30,32.755001068115234,29.234397888183594
2022-10-03,33.71500015258789,30.091211318969727
2022-10-04,34.43000030517578,30.729368209838867
2022-10-05,33.665000915527344,30.046585083007812
2022-10-06,32.55500030517578,29.055891036987305
2022-10-07,31.8799991607666,28.453441619873047
2022-10-10,31.934999465942383,28.502527236938477
2022-10-11,31.81999969482422,28.39988899230957
2022-10-12,30.760000228881836,27.453824996948242
2022-10-13,31.530000686645508,28.141061782836914
2022-10-14,31.075000762939453,27.734968185424805
2022-10-17,31.725000381469727,28.31510353088379
2022-10-18,32.30500030517578,28.832763671875
2022-10-19,31.885000228881836,28.457904815673828
2022-10-20,31.079999923706055,27.73942756652832
2022-10-21,31.655000686645508,28.252626419067383
2022-10-24,31.920000076293945,28.489147186279297
2022-10-25,32.560001373291016,29.06035804748535
2022-10-26,32.54499816894531,29.046964645385742
2022-10-27,32.80500030517578,29.279022216796875
2022-10-28,33.70500183105469,30.082284927368164
2022-10-31,33.38999938964844,29.8011417388916
2022-11-01,33.52000045776367,29.917165756225586
2022-11-02,33.19499969482422,29.627107620239258
2022-11-03,33.34000015258789,29.756521224975586
2022-11-04,33.54499816894531,29.939477920532227
2022-11-07,32.904998779296875,29.368270874023438
2022-11-08,33.1349983215332,29.573549270629883
2022-11-09,32.875,29.341495513916016
2022-11-10,34.42499923706055,30.72489356994629
2022-11-11,34.040000915527344,30.38127899169922
2022-11-14,33.6349983215332,30.019807815551758
2022-11-15,34.005001068115234,30.35004234313965
2022-11-16,34.310001373291016,30.622257232666016
2022-11-17,33.709999084472656,30.086750030517578
2022-11-18,34.42499923706055,30.72489356994629
2022-11-21,34.58000183105469,30.86324119567871
2022-11-22,34.875,31.126529693603516
2022-11-23,35.26499938964844,31.47461700439453
2022-11-25,35.470001220703125,31.657588958740234
2022-11-28,35.10499954223633,31.33180809020996
2022-11-29,34.845001220703125,31.099754333496094
2022-11-30,35.71500015258789,31.876239776611328
2022-12-01,35.685001373291016,31.84946632385254
2022-12-02,35.51499938964844,31.697744369506836
2022-12-05,35.314998626708984,31.519235610961914
2022-12-06,35.53499984741211,31.715591430664062
2022-12-07,35.369998931884766,31.568330764770508
2022-12-08,35.599998474121094,31.773603439331055
2022-12-09,35.415000915527344,31.608488082885742
2022-12-12,36.224998474121094,32.33142852783203
2022-12-13,36.334999084472656,32.42961120605469
2022-12-14,36.290000915527344,32.389442443847656
2022-12-15,35.849998474121094,31.99673843383789
2022-12-16,35.2400016784668,31.452302932739258
2022-12-19,34.814998626708984,31.327224731445312
2022-12-20,34.82500076293945,31.336217880249023
2022-12-21,35.310001373291016,31.772634506225586
2022-12-22,35.095001220703125,31.57917594909668
2022-12-23,35.45500183105469,31.903112411499023
2022-12-27,35.67499923706055,32.10106658935547
2022-12-28,35.334999084472656,31.79513168334961
2022-12-29,35.59000015258789,32.02458190917969
2022-12-30,35.25,31.718647003173828
2023-01-03,35.25,31.718647003173828
2023-01-04,35.56999969482422,32.00658416748047
2023-01-05,34.79999923706055,31.313730239868164
2023-01-06,35.5,31.94359588623047
2023-01-09,35.7400016784668,32.15956497192383
2023-01-10,35.75,32.168556213378906
2023-01-11,36.040000915527344,32.42950439453125
2023-01-12,35.79499816894531,32.20904541015625
2023-01-13,35.665000915527344,32.092071533203125
2023-01-17,35.6150016784668,32.04708480834961
2023-01-18,34.7599983215332,31.277729034423828
2023-01-19,34.40999984741211,30.96280288696289
2023-01-20,34.6150016784668,31.14725685119629
2023-01-23,34.625,31.156261444091797
2023-01-24,34.79999923706055,31.313730239868164
2023-01-25,34.33000183105469,30.890817642211914
2023-01-26,34.44499969482422,30.99429702758789
2023-01-27,34.44499969482422,30.99429702758789
2023-01-30,34.290000915527344,30.854814529418945
2023-01-31,34.54499816894531,31.084270477294922
2023-02-01,34.60499954223633,31.13826560974121
2023-02-02,34.68000030517578,31.205751419067383
2023-02-03,33.95500183105469,30.553386688232422
2023-02-06,34.244998931884766,30.81432342529297
2023-02-07,34.22999954223633,30.800827026367188
2023-02-08,33.654998779296875,30.28342628479004
2023-02-09,33.19499969482422,29.869518280029297
2023-02-10,33.85499954223633,30.46339988708496
2023-02-13,34.060001373291016,30.647859573364258
2023-02-14,33.915000915527344,30.51738739013672
2023-02-15,34.1349983215332,30.715349197387695
2023-02-16,33.875,30.481393814086914
2023-02-17,34.2400016784668,30.809833526611328
2023-02-21,33.599998474121094,30.23394775390625
2023-02-22,33.470001220703125,30.116968154907227
2023-02-23,33.29499816894531,29.959497451782227
2023-02-24,33.30500030517578,29.96849250793457
2023-02-27,33.08000183105469,29.766042709350586
2023-02-28,32.5,29.244140625
2023-03-01,31.96500015258789,28.762739181518555
2023-03-02,32.56999969482422,29.30712890625
2023-03-03,33.125,29.806529998779297
2023-03-06,33.28499984741211,29.950496673583984
2023-03-07,32.7400016784668,29.460100173950195
2023-03-08,32.9900016784668,29.6850528717041
2023-03-09,32.724998474121094,29.44660186767578
2023-03-10,32.209999084472656,28.983190536499023
2023-03-13,32.70500183105469,29.428607940673828
2023-03-14,33.1349983215332,29.815523147583008
2023-03-15,33.584999084472656,30.220447540283203
2023-03-16,33.810001373291016,30.422908782958984
2023-03-17,33.48500061035156,30.13046646118164
2023-03-20,33.5,30.366140365600586
2023-03-21,32.82500076293945,29.754287719726562
2023-03-22,32.18000030517578,29.16962242126465
2023-03-23,31.850000381469727,28.87049674987793
2023-03-24,32.845001220703125,29.77241325378418
2023-03-27,32.8849983215332,29.808671951293945
2023-03-28,32.974998474121094,29.890249252319336
2023-03-29,33.45500183105469,30.32535171508789
2023-03-30,33.599998474121094,30.456790924072266
2023-03-31,33.845001220703125,30.678869247436523
2023-04-03,33.6150016784668,30.47038459777832
2023-04-04,33.78499984741211,30.624475479125977
2023-04-05,34.65999984741211,31.417627334594727
2023-04-06,34.904998779296875,31.63970184326172
2023-04-10,34.834999084472656,31.576257705688477
2023-04-11,34.8650016784668,31.603450775146484
2023-04-12,34.83000183105469,31.571725845336914
2023-04-13,34.834999084472656,31.576257705688477
2023-04-14,34.44499969482422,31.222745895385742
2023-04-17,34.6349983215332,31.39496612548828
2023-04-18,34.45500183105469,31.231801986694336
2023-04-19,34.720001220703125,31.472021102905273
2023-04-20,34.709999084472656,31.462940216064453
2023-04-21,34.810001373291016,31.553592681884766
2023-04-24,34.98500061035156,31.712221145629883
2023-04-25,34.95000076293945,31.680503845214844
2023-04-26,34.130001068115234,30.937204360961914
2023-04-27,34.540000915527344,31.308855056762695
2023-04-28,34.4900016784668,31.263525009155273
2023-05-01,34.54999923706055,31.317916870117188
2023-05-02,34.130001068115234,30.937204360961914
2023-05-03,34.03499984741211,30.851093292236328
2023-05-04,34.29499816894531,31.086767196655273
2023-05-05,34.51499938964844,31.286184310913086
2023-05-08,34.40999984741211,31.19101905822754
2023-05-09,34.3650016784668,31.150224685668945
2023-05-10,34.68000030517578,31.43575668334961
2023-05-11,34.32500076293945,31.113964080810547
2023-05-12,34.51499938964844,31.286184310913086
2023-05-15,34.08000183105469,30.891889572143555
2023-05-16,33.32500076293945,30.2075138092041
2023-05-17,33.20500183105469,30.098735809326172
2023-05-18,33.10499954223633,30.008087158203125
2023-05-19,33.05500030517578,29.9627685546875
2023-05-22,33.064998626708984,29.97183609008789
2023-05-23,32.95000076293945,29.867595672607422
2023-05-24,32.73500061035156,29.672704696655273
2023-05-25,32.29499816894531,29.273866653442383
2023-05-26,32.29499816894531,29.273866653442383
2023-05-30,32.16999816894531,29.160558700561523
2023-05-31,32.46500015258789,29.42796516418457
2023-06-01,32.224998474121094,29.210412979125977
2023-06-02,32.560001373291016,29.514080047607422
2023-06-05,32.71500015258789,29.654577255249023
2023-06-06,32.689998626708984,29.631912231445312
2023-06-07,33.244998931884766,30.134990692138672
2023-06-08,33.38999938964844,30.266433715820312
2023-06-09,33.19499969482422,30.08967399597168
2023-06-12,33.1349983215332,30.0352840423584
2023-06-13,33.130001068115234,30.0307559967041
2023-06-14,33.11000061035156,30.012624740600586
2023-06-15,33.470001220703125,30.33894920349121
2023-06-16,33.650001525878906,30.502111434936523
2023-06-20,32.9900016784668,30.144380569458008
2023-06-21,33.255001068115234,30.386526107788086
2023-06-22,33.0,30.153520584106445
2023-06-23,32.51499938964844,29.710351943969727
2023-06-26,32.834999084472656,30.00275230407715
2023-06-27,32.845001220703125,30.011884689331055
2023-06-28,32.36000061035156,29.568721771240234
2023-06-29,32.36000061035156,29.568721771240234
2023-06-30,32.720001220703125,29.89767074584961
2023-07-03,32.96500015258789,30.121540069580078
2023-07-05,33.34000015258789,30.464191436767578
2023-07-06,32.935001373291016,30.09412956237793
2023-07-07,32.69499969482422,29.87482452392578
2023-07-10,32.55500030517578,29.746898651123047
2023-07-11,32.959999084472656,30.116962432861328
2023-07-12,33.439998626708984,30.555561065673828
2023-07-13,33.55500030517578,30.660642623901367
2023-07-14,33.42499923706055,30.541860580444336
2023-07-17,33.040000915527344,30.190065383911133
2023-07-18,32.78499984741211,29.957061767578125
2023-07-19,33.119998931884766,30.263166427612305
2023-07-20,33.724998474121094,30.81597900390625
2023-07-21,34.22999954223633,31.27741813659668
2023-07-24,34.13999938964844,31.195180892944336
2023-07-25,34.20000076293945,31.250009536743164
2023-07-26,34.20000076293945,31.250009536743164
2023-07-27,33.595001220703125,30.697193145751953
2023-07-28,33.52000045776367,30.628662109375
2023-07-31,33.53499984741211,30.642372131347656
2023-08-01,33.125,30.267736434936523
2023-08-02,33.125,30.267736434936523
2023-08-03,32.369998931884766,29.577857971191406
2023-08-04,31.9950008392334,29.235206604003906
2023-08-07,31.989999771118164,29.23063850402832
2023-08-08,32.13999938964844,29.36769676208496
2023-08-09,32.209999084472656,29.431657791137695
2023-08-10,32.11000061035156,29.340288162231445
2023-08-11,32.28499984741211,29.50018882751465
2023-08-14,32.029998779296875,29.267183303833008
2023-08-15,31.510000228881836,28.792041778564453
2023-08-16,31.649999618530273,28.91996192932129
2023-08-17,31.579999923706055,28.855998992919922
2023-08-18,31.7450008392334,29.006772994995117
2023-08-21,31.545000076293945,28.824020385742188
2023-08-22,31.635000228881836,28.9062557220459
2023-08-23,31.760000228881836,29.020475387573242
2023-08-24,31.575000762939453,28.851436614990234
2023-08-25,31.815000534057617,29.07073211669922
2023-08-28,31.809999465942383,29.066160202026367
2023-08-29,31.93000030517578,29.175813674926758
2023-08-30,31.78499984741211,29.04332160949707
2023-08-31,31.479999542236328,28.764625549316406
2023-09-01,31.31999969482422,28.618425369262695
2023-09-05,30.84000015258789,28.179828643798828
2023-09-06,30.90999984741211,28.243793487548828
2023-09-07,31.315000534057617,28.613861083984375
2023-09-08,31.59000015258789,28.865140914916992
2023-09-11,31.719999313354492,28.98392677307129
2023-09-12,31.760000228881836,29.020475387573242
2023-09-13,32.13999938964844,29.36769676208496
2023-09-14,32.61000061035156,29.797157287597656
2023-09-15,32.470001220703125,29.669233322143555
2023-09-18,32.185001373291016,29.647127151489258
2023-09-19,32.0099983215332,29.485919952392578
2023-09-20,32.040000915527344,29.513559341430664
2023-09-21,31.704999923706055,29.204973220825195
2023-09-22,31.645000457763672,29.149702072143555
2023-09-25,31.600000381469727,29.10825538635254
2023-09-26,30.655000686645508,28.237770080566406
2023-09-27,30.065000534057617,27.694292068481445
2023-09-28,29.415000915527344,27.09554672241211
2023-09-29,29.46500015258789,27.141605377197266
2023-10-02,28.094999313354492,25.879629135131836
2023-10-03,28.420000076293945,26.179004669189453
2023-10-04,28.389999389648438,26.151371002197266
2023-10-05,28.225000381469727,25.99938201904297
2023-10-06,28.625,26.36783790588379
2023-10-09,28.90999984741211,26.630369186401367
2023-10-10,29.30500030517578,26.994218826293945
2023-10-11,29.780000686645508,27.431764602661133
2023-10-12,29.31999969482422,27.008041381835938
2023-10-13,29.649999618530273,27.3120174407959
2023-10-16,29.954999923706055,27.592966079711914
2023-10-17,29.875,27.519271850585938
2023-10-18,29.614999771118164,27.279775619506836
2023-10-19,29.31999969482422,27.008041381835938
2023-10-20,29.014999389648438,26.727087020874023
2023-10-23,28.770000457763672,26.50140380859375
2023-10-24,29.510000228881836,27.18305778503418
2023-10-25,29.674999237060547,27.33504295349121
2023-10-26,29.93000030517578,27.5699405670166
2023-10-27,29.364999771118164,27.049489974975586
2023-10-30,29.59000015258789,27.256746292114258
2023-10-31,29.844999313354492,27.491640090942383
2023-11-01,30.184999465942383,27.804828643798828
2023-11-02,30.75,28.32527732849121
2023-11-03,30.93000030517578,28.4910831451416
2023-11-06,30.850000381469727,28.41739273071289
2023-11-07,30.625,28.210132598876953
2023-11-08,30.399999618530273,28.002878189086914
2023-11-09,30.0,27.634416580200195
2023-11-10,30.15999984741211,27.781803131103516
2023-11-13,29.799999237060547,27.450191497802734
2023-11-14,30.989999771118164,28.54635238647461
2023-11-15,30.895000457763672,28.458843231201172
2023-11-16,31.059999465942383,28.610830307006836
2023-11-17,31.145000457763672,28.689130783081055
2023-11-20,31.049999237060547,28.601621627807617
2023-11-21,31.114999771118164,28.661495208740234
2023-11-22,31.264999389648438,28.799667358398438
2023-11-24,31.344999313354492,28.873361587524414
2023-11-27,31.395000457763672,28.919418334960938
2023-11-28,31.4950008392334,29.01153564453125
2023-11-29,31.2450008392334,28.781248092651367
2023-11-30,31.3799991607666,28.905601501464844
2023-12-01,31.764999389648438,29.260242462158203
2023-12-04,31.639999389648438,29.145099639892578
2023-12-05,31.415000915527344,28.937843322753906
2023-12-06,31.834999084472656,29.324724197387695
2023-12-07,31.764999389648438,29.260242462158203
2023-12-08,31.704999923706055,29.204973220825195
2023-12-11,31.90999984741211,29.393808364868164
2023-12-12,31.780000686645508,29.274059295654297
2023-12-13,32.97999954223633,30.379432678222656
2023-12-14,32.54999923706055,29.983341217041016
2023-12-15,31.985000610351562,29.462894439697266
2023-12-18,31.614999771118164,29.396411895751953
2023-12-19,31.795000076293945,29.563777923583984
2023-12-20,31.149999618530273,28.964040756225586
2023-12-21,31.204999923706055,29.015182495117188
2023-12-22,31.309999465942383,29.112815856933594
2023-12-26,31.5,29.28948211669922
2023-12-27,31.479999542236328,29.270883560180664
2023-12-28,31.704999923706055,29.4800968170166
2023-12-29,31.665000915527344,29.442901611328125
2024-01-02,32.125,29.87062644958496
2024-01-03,32.244998931884766,29.982196807861328
2024-01-04,32.14500045776367,29.889219284057617
2024-01-05,32.26499938964844,30.00079917907715
2024-01-08,32.5,30.21930503845215
2024-01-09,32.23500061035156,29.972902297973633
2024-01-10,32.22999954223633,29.96825408935547
2024-01-11,31.479999542236328,29.270883560180664
2024-01-12,31.65999984741211,29.43825340270996
2024-01-16,31.315000534057617,29.117467880249023
2024-01-17,30.860000610351562,28.694395065307617
2024-01-18,30.530000686645508,28.38755226135254
2024-01-19,30.489999771118164,28.350357055664062
2024-01-22,30.334999084472656,28.206235885620117
2024-01-23,30.389999389648438,28.25737762451172
2024-01-24,29.975000381469727,27.871501922607422
2024-01-25,30.514999389648438,28.37360191345215
2024-01-26,30.604999542236328,28.457286834716797
2024-01-29,30.799999237060547,28.638601303100586
2024-01-30,30.790000915527344,28.629308700561523
2024-01-31,30.725000381469727,28.568870544433594
2024-02-01,31.309999465942383,29.112815856933594
2024-02-02,30.7450008392334,28.587467193603516
2024-02-05,30.104999542236328,27.99237632751465
2024-02-06,30.21500015258789,28.09465980529785
2024-02-07,30.235000610351562,28.113256454467773
2024-02-08,30.020000457763672,27.913341522216797
2024-02-09,30.135000228881836,28.02027130126953
2024-02-12,30.485000610351562,28.34571075439453
2024-02-13,29.979999542236328,27.87614631652832
2024-02-14,30.145000457763672,28.029569625854492
2024-02-15,30.649999618530273,28.499134063720703
2024-02-16,30.614999771118164,28.466585159301758
2024-02-20,30.594999313354492,28.44799041748047
2024-02-21,31.0,28.824569702148438
2024-02-22,30.760000228881836,28.601411819458008
2024-02-23,30.979999542236328,28.805971145629883
2024-02-26,30.3700008392334,28.238780975341797
2024-02-27,30.94499969482422,28.773427963256836
2024-02-28,31.040000915527344,28.86176300048828
2024-02-29,31.049999237060547,28.87105941772461
2024-03-01,30.860000610351562,28.694395065307617
2024-03-04,31.3799991607666,29.17790412902832
2024-03-05,31.290000915527344,29.094221115112305
2024-03-06,31.59000015258789,29.373167037963867
2024-03-07,31.795000076293945,29.563777923583984
2024-03-08,31.875,29.638168334960938
2024-03-11,32.03499984741211,29.786937713623047
2024-03-12,31.725000381469727,29.49869155883789
2024-03-13,31.940000534057617,29.698606491088867
2024-03-14,31.684999465942383,29.461496353149414
2024-03-15,31.729999542236328,29.503339767456055
2024-03-18,31.614999771118164,29.639280319213867
2024-03-19,31.895000457763672,29.901782989501953
2024-03-20,31.934999465942383,29.939285278320312
2024-03-21,31.885000228881836,29.89240837097168
2024-03-22,31.93000030517578,29.93459701538086
2024-03-25,32.08000183105469,30.075225830078125
2024-03-26,31.71500015258789,29.733030319213867
2024-03-27,32.599998474121094,30.562725067138672
2024-03-28,32.82500076293945,30.773666381835938
2024-04-01,32.625,30.58616065979004
2024-04-02,32.68000030517578,30.637725830078125
2024-04-03,32.54999923706055,30.51584815979004
2024-04-04,32.48500061035156,30.45490837097168
2024-04-05,32.58000183105469,30.543977737426758
2024-04-08,32.79499816894531,30.74553680419922
2024-04-09,32.974998474121094,30.914289474487305
2024-04-10,32.40999984741211,30.384601593017578
2024-04-11,32.345001220703125,30.32366180419922
2024-04-12,32.099998474121094,30.09396743774414
2024-04-15,31.80500030517578,29.81740951538086
2024-04-16,31.385000228881836,29.42365264892578
2024-04-17,32.040000915527344,30.0377197265625
2024-04-18,32.220001220703125,30.20647621154785
2024-04-19,32.71500015258789,30.6705379486084
2024-04-22,33.01499938964844,30.9517879486084
2024-04-23,33.16999816894531,31.097105026245117
2024-04-24,33.369998931884766,31.284605026245117
2024-04-25,33.459999084472656,31.36897850036621
2024-04-26,33.095001220703125,31.02678680419922
2024-04-29,33.54499816894531,31.44866371154785
2024-04-30,33.369998931884766,31.284605026245117
2024-05-01,33.755001068115234,31.64554786682129
2024-05-02,33.935001373291016,31.814298629760742
2024-05-03,34.20500183105469,32.06742477416992
2024-05-06,34.380001068115234,32.23148727416992
2024-05-07,34.77000045776367,32.59711456298828
2024-05-08,35.1349983215332,32.93930435180664
2024-05-09,35.66999816894531,33.44086837768555
2024-05-10,35.6349983215332,33.408050537109375
2024-05-13,35.6349983215332,33.408050537109375
2024-05-14,35.72999954223633,33.49712371826172
2024-05-15,36.26499938964844,33.99869155883789
2024-05-16,36.13999938964844,33.881500244140625
2024-05-17,36.16999816894531,33.90962219238281
2024-05-20,36.11000061035156,33.85337829589844
2024-05-21,36.435001373291016,34.1580696105957
2024-05-22,36.005001068115234,33.754940032958984
2024-05-23,35.39500045776367,33.18305587768555
2024-05-24,35.75,33.515869140625
2024-05-28,35.71500015258789,33.483062744140625
2024-05-29,35.255001068115234,33.05180740356445
2024-05-30,35.72999954223633,33.49712371826172
2024-05-31,36.36000061035156,34.087745666503906
2024-06-03,35.94499969482422,33.69868850708008
2024-06-04,35.93000030517578,33.68462371826172
2024-06-05,35.724998474121094,33.492435455322266
2024-06-06,35.35499954223633,33.14555358886719
2024-06-07,34.970001220703125,32.78461456298828
2024-06-10,35.41999816894531,33.206485748291016
2024-06-11,35.20500183105469,33.00492858886719
2024-06-12,34.974998474121094,32.7892951965332
2024-06-13,35.05500030517578,32.86431121826172
2024-06-14,34.970001220703125,32.78461456298828
2024-06-17,34.584999084472656,32.42367935180664
2024-06-18,34.599998474121094,32.43773651123047
2024-06-20,34.900001525878906,32.718990325927734
2024-06-21,34.69499969482422,32.526798248291016
2024-06-24,34.869998931884766,32.95444107055664
2024-06-25,34.540000915527344,32.64257049560547
2024-06-26,34.39500045776367,32.50553894042969
2024-06-27,34.45500183105469,32.5622444152832
2024-06-28,34.06999969482422,32.19839096069336
2024-07-01,33.834999084472656,31.976295471191406
2024-07-02,34.0099983215332,32.141685485839844
2024-07-03,34.21500015258789,32.335426330566406
2024-07-05,34.275001525878906,32.39213180541992
2024-07-08,34.310001373291016,32.425209045410156
2024-07-09,34.40999984741211,32.51971435546875
2024-07-10,34.73500061035156,32.82686233520508
2024-07-11,35.369998931884766,33.42698287963867
2024-07-12,35.630001068115234,33.67269515991211
2024-07-15,34.76499938964844,32.85521697998047
2024-07-16,35.03499984741211,33.11037826538086
2024-07-17,35.05500030517578,33.12928771972656
2024-07-18,35.025001525878906,33.10093307495117
2024-07-19,35.064998626708984,33.138729095458984
2024-07-22,35.36000061035156,33.41752624511719
2024-07-23,35.13999938964844,33.20960998535156
2024-07-24,35.53499984741211,33.58291244506836
2024-07-25,35.2400016784668,33.30411911010742
2024-07-26,35.584999084472656,33.63016891479492
2024-07-29,35.744998931884766,33.7813720703125
2024-07-30,35.93000030517578,33.956214904785156
2024-07-31,36.39500045776367,34.39567184448242
2024-08-01,37.04999923706055,35.014686584472656
2024-08-02,37.11000061035156,35.07139205932617
2024-08-05,36.130001068115234,34.14522933959961
2024-08-06,36.435001373291016,34.433475494384766
2024-08-07,36.63999938964844,34.6272087097168
2024-08-08,36.68000030517578,34.665016174316406
2024-08-09,36.80500030517578,34.783145904541016
2024-08-12,36.869998931884766,34.84457778930664
2024-08-13,37.084999084472656,35.047760009765625
2024-08-14,37.060001373291016,35.024139404296875
2024-08-15,37.05500030517578,35.019412994384766
2024-08-16,37.220001220703125,35.17535400390625
2024-08-19,37.46500015258789,35.406890869140625
2024-08-20,37.3849983215332,35.33128356933594
2024-08-21,37.650001525878906,35.581729888916016
2024-08-22,37.60499954223633,35.53919982910156
2024-08-23,37.709999084472656,35.638431549072266
2024-08-26,37.95500183105469,35.86997604370117
2024-08-27,37.654998779296875,35.58645248413086
2024-08-28,37.654998779296875,35.58645248413086
2024-08-29,37.86000061035156,35.780189514160156
2024-08-30,38.14500045776367,36.04953384399414
2024-09-03,38.09000015258789,35.997554779052734
2024-09-04,38.415000915527344,36.30470657348633
2024-09-05,38.31999969482422,36.214927673339844
2024-09-06,37.95500183105469,35.86997604370117
2024-09-09,38.34000015258789,36.233821868896484
2024-09-10,38.52000045776367,36.403934478759766
2024-09-11,38.63999938964844,36.517337799072266
2024-09-12,38.724998474121094,36.59767150878906
2024-09-13,39.27000045776367,37.11273956298828
2024-09-16,39.56999969482422,37.39625549316406
2024-09-17,39.540000915527344,37.36790084838867
2024-09-18,39.2400016784668,37.084381103515625
2024-09-19,39.0099983215332,36.86701965332031
2024-09-20,40.040000915527344,37.84043502807617
2024-09-23,40.165000915527344,38.21578598022461
2024-09-24,39.880001068115234,37.94462203979492
2024-09-25,40.09000015258789,38.144432067871094
2024-09-26,39.814998626708984,37.88277816772461
2024-09-27,40.209999084472656,38.258602142333984
2024-09-30,40.38999938964844,38.42987060546875
2024-10-01,40.71500015258789,38.739097595214844
2024-10-02,40.73500061035156,38.75812530517578
2024-10-03,40.720001220703125,38.74385452270508
2024-10-04,40.654998779296875,38.6820068359375
2024-10-07,39.720001220703125,37.792388916015625
2024-10-08,39.7400016784668,37.81141662597656
2024-10-09,39.400001525878906,37.487918853759766
2024-10-10,39.279998779296875,37.37373733520508
2024-10-11,39.625,37.70199966430664
2024-10-14,40.125,38.177730560302734
2024-10-15,40.30500030517578,38.3489990234375
2024-10-16,41.10499954223633,39.11017608642578
2024-10-17,40.7400016784668,38.76288986206055
2024-10-18,40.974998474121094,38.98647689819336
2024-10-21,40.814998626708984,38.83424377441406
2024-10-22,40.66999816894531,38.69628143310547
2024-10-23,41.060001373291016,39.06735610961914
2024-10-24,40.79499816894531,38.815216064453125
2024-10-25,40.189998626708984,38.23957443237305
2024-10-28,40.505001068115234,38.53929138183594
2024-10-29,39.63999938964844,37.71626663208008
2024-10-30,39.54499816894531,37.62587356567383
2024-10-31,39.95500183105469,38.01598358154297
2024-11-01,39.064998626708984,37.16917037963867
2024-11-04,38.599998474121094,36.72673416137695
2024-11-05,39.18000030517578,37.278594970703125
2024-11-06,38.775001525878906,36.893253326416016
2024-11-07,38.845001220703125,36.9598503112793
2024-11-08,39.59000015258789,37.66869354248047
2024-11-11,39.70000076293945,37.77335739135742
2024-11-12,39.244998931884766,37.34043502807617
2024-11-13,39.17499923706055,37.27383041381836
2024-11-14,39.040000915527344,37.1453857421875
2024-11-15,39.625,37.70199966430664
2024-11-18,39.970001220703125,38.03025436401367
2024-11-19,40.224998474121094,38.27288055419922
2024-11-20,40.244998931884766,38.291908264160156
2024-11-21,40.94499969482422,38.95793914794922
2024-11-22,40.724998474121094,38.74861145019531
2024-11-25,40.79999923706055,38.81997299194336
2024-11-26,41.45000076293945,39.43843078613281
2024-11-27,41.45000076293945,39.43843078613281
2024-11-29,41.46500015258789,39.452701568603516
2024-12-02,40.57500076293945,38.60589599609375
2024-12-03,40.224998474121094,38.27288055419922
2024-12-04,40.220001220703125,38.268123626708984
2024-12-05,40.345001220703125,38.387054443359375
2024-12-06,39.845001220703125,37.91131591796875
2024-12-09,39.345001220703125,37.435585021972656
2024-12-10,39.060001373291016,37.1644172668457
2024-12-11,38.814998626708984,36.931304931640625
2024-12-12,38.79499816894531,36.912269592285156
2024-12-13,38.81999969482422,36.93606185913086
2024-12-16,38.5099983215332,36.641109466552734
2024-12-17,38.349998474121094,36.488868713378906
2024-12-18,37.44499969482422,35.6277961730957
2024-12-19,37.6150016784668,35.789546966552734
2024-12-20,38.21500015258789,36.36042404174805
2024-12-23,38.029998779296875,36.48418045043945
2024-12-24,38.2400016784668,36.68564987182617
2024-12-26,38.150001525878906,36.59930419921875
2024-12-27,38.040000915527344,36.493778228759766
2024-12-30,37.880001068115234,36.34027862548828
2024-12-31,37.845001220703125,36.306705474853516
2025-01-02,38.1349983215332,36.58491134643555
2025-01-03,38.540000915527344,36.973445892333984
2025-01-06,38.11000061035156,36.56092834472656
2025-01-07,38.01499938964844,36.469791412353516
2025-01-08,38.005001068115234,36.4601936340332
2025-01-10,37.790000915527344,36.253936767578125
2025-01-13,37.349998474121094,35.831817626953125
2025-01-14,37.84000015258789,36.30190658569336
2025-01-15,38.39500045776367,36.834346771240234
2025-01-16,39.3650016784668,37.76491928100586
2025-01-17,39.41999816894531,37.81768035888672
2025-01-21,40.025001525878906,38.39809799194336
2025-01-22,39.15999984741211,37.56825256347656
2025-01-23,39.345001220703125,37.745731353759766
2025-01-24,39.744998931884766,38.12946701049805
2025-01-27,38.82500076293945,37.24686813354492
2025-01-28,38.290000915527344,36.733619689941406
2025-01-29,38.369998931884766,36.810359954833984
2025-01-30,39.16999816894531,37.577842712402344
2025-01-31,38.939998626708984,37.35718536376953
2025-02-03,39.150001525878906,37.55865478515625
2025-02-04,38.80500030517578,37.22767639160156
2025-02-05,39.19499969482422,37.60182189941406
2025-02-06,39.150001525878906,37.55865478515625
2025-02-07,39.06999969482422,37.48190689086914
2025-02-10,39.494998931884766,37.88963317871094
2025-02-11,39.69499969482422,38.081504821777344
2025-02-12,39.625,38.01435089111328
2025-02-13,39.71500015258789,38.10069274902344
2025-02-14,39.54999923706055,37.94239807128906
2025-02-18,39.91999816894531,38.297359466552734
2025-02-19,40.130001068115234,38.49882507324219
2025-02-20,40.125,38.49402618408203
2025-02-21,40.1349983215332,38.50361633300781
2025-02-24,39.935001373291016,38.311744689941406
2025-02-25,39.73500061035156,38.119876861572266
2025-02-26,39.900001525878906,38.278175354003906
2025-02-27,39.01499938964844,37.429141998291016
2025-02-28,39.61000061035156,37.99995803833008
2025-03-03,39.665000915527344,38.05272674560547
2025-03-04,39.02000045776367,37.43394088745117
2025-03-05,38.744998931884766,37.17011260986328
2025-03-06,37.939998626708984,36.3978385925293
2025-03-07,38.64500045776367,37.074180603027344
2025-03-10,39.06999969482422,37.48190689086914
2025-03-11,38.70500183105469,37.131744384765625
2025-03-12,38.584999084472656,37.016624450683594
2025-03-13,38.68000030517578,37.10776138305664
2025-03-14,39.435001373291016,37.83207702636719
2025-03-17,39.599998474121094,37.990360260009766
2025-03-18,39.32500076293945,37.726539611816406
2025-03-19,39.470001220703125,37.86565017700195
2025-03-20,39.630001068115234,38.01914596557617
2025-03-21,39.375,37.774513244628906
2025-03-24,39.084999084472656,37.762428283691406
2025-03-25,38.459999084472656,37.15858459472656
2025-03-26,38.71500015258789,37.40495300292969
2025-03-27,38.70500183105469,37.39529037475586
2025-03-28,38.9900016784668,37.67064666748047
2025-03-31,39.42499923706055,38.09092712402344
2025-04-01,39.525001525878906,38.18754196166992
2025-04-02,39.709999084472656,38.36628341674805
2025-04-03,39.459999084472656,38.1247444152832
2025-04-04,37.26499938964844,36.00402069091797
2025-04-07,36.69499969482422,35.453304290771484
2025-04-08,36.54499816894531,35.308380126953125
2025-04-09,37.98500061035156,36.69965362548828
2025-04-10,37.70000076293945,36.42430114746094
2025-04-11,38.15999984741211,36.86872863769531
2025-04-14,38.845001220703125,37.530555725097656
2025-04-15,38.84000015258789,37.52572250366211
2025-04-16,38.4900016784668,37.18756866455078
2025-04-17,38.8849983215332,37.56919860839844
2025-04-21,37.96500015258789,36.680328369140625
2025-04-22,39.0,37.6803092956543
2025-04-23,39.165000915527344,37.839725494384766
2025-04-24,39.224998474121094,37.8976936340332
2025-04-25,39.10499954223633,37.78175354003906
2025-04-28,39.345001220703125,38.01363754272461
2025-04-29,39.650001525878906,38.308319091796875
2025-04-30,39.45000076293945,38.115081787109375
2025-05-01,39.564998626708984,38.22618865966797
2025-05-02,39.875,38.525699615478516
2025-05-05,39.775001525878906,38.4290885925293
2025-05-06,40.2599983215332,38.897674560546875
2025-05-07,40.375,39.0087776184082
2025-05-08,40.04999923706055,38.69477844238281
2025-05-09,40.119998931884766,38.76240921020508
2025-05-12,39.880001068115234,38.53053665161133
2025-05-13,39.82500076293945,38.47739028930664
2025-05-14,39.650001525878906,38.308319091796875
2025-05-15,40.494998931884766,39.12472152709961
2025-05-16,41.09000015258789,39.699588775634766
2025-05-19,41.26499938964844,39.8686637878418
2025-05-20,41.3849983215332,39.9846076965332
2025-05-21,40.630001068115234,39.25515365600586
2025-05-22,40.04999923706055,38.69477844238281
2025-05-23,40.529998779296875,39.15853500366211
2025-05-27,40.834999084472656,39.453216552734375
2025-05-28,40.26499938964844,38.902503967285156
2025-05-29,40.54499816894531,39.17302703857422
2025-05-30,40.959999084472656,39.5739860534668
2025-06-02,41.09000015258789,39.699588775634766
2025-06-03,41.20000076293945,39.80586624145508
2025-06-04,40.47999954223633,39.110225677490234
2025-06-05,40.415000915527344,39.047428131103516
2025-06-06,40.595001220703125,39.221336364746094
2025-06-09,40.334999084472656,38.970130920410156
2025-06-10,40.43000030517578,39.06192398071289
2025-06-11,40.45500183105469,39.08607864379883
2025-06-12,40.94499969482422,39.55949401855469
2025-06-13,40.709999084472656,39.33244323730469
2025-06-16,40.5099983215332,39.13920593261719
2025-06-17,40.17499923706055,38.815547943115234
2025-06-18,40.279998779296875,38.916996002197266
2025-06-20,40.38999938964844,39.02327346801758
2025-06-23,40.619998931884766,39.51797866821289
2025-06-24,40.79499816894531,39.68822479248047
2025-06-25,40.25,39.158016204833984
2025-06-26,40.584999084472656,39.483924865722656
2025-06-27,40.665000915527344,39.5617561340332
2025-06-30,40.83000183105469,39.72228240966797
2025-07-01,40.970001220703125,39.858482360839844
2025-07-02,40.6150016784668,39.51311492919922
2025-07-03,40.91999816894531,39.80983352661133
2025-07-07,41.005001068115234,39.89253616333008
2025-07-08,40.56999969482422,39.46933364868164
2025-07-09,40.95000076293945,39.83902359008789
2025-07-10,41.28499984741211,40.16493606567383
2025-07-11,41.224998474121094,40.10655975341797
2025-07-14,41.38999938964844,40.267086029052734
2025-07-15,40.994998931884766,39.8828010559082
2025-07-16,41.01499938964844,39.902259826660156
2025-07-17,41.185001373291016,40.067649841308594
2025-07-18,41.875,40.738929748535156
2025-07-21,42.0099983215332,40.87026596069336
2025-07-22,42.525001525878906,41.371299743652344
2025-07-23,42.20500183105469,41.05997848510742
2025-07-24,42.150001525878906,41.0064697265625
2025-07-25,42.2599983215332,41.11348342895508
2025-07-28,41.810001373291016,40.67569351196289
2025-07-29,42.290000915527344,41.142677307128906
2025-07-30,42.60499954223633,41.44912338256836
2025-07-31,42.834999084472656,41.67287826538086
2025-08-01,42.900001525878906,41.736122131347656
2025-08-04,43.65999984741211,42.475502014160156
2025-08-05,43.19499969482422,42.02311325073242
2025-08-06,42.810001373291016,41.6485595703125
2025-08-07,43.275001525878906,42.100948333740234
2025-08-08,43.09000015258789,41.920963287353516
2025-08-11,42.95500183105469,41.78963088989258
2025-08-12,43.13999938964844,41.96961212158203
2025-08-13,43.23500061035156,42.06203079223633
2025-08-14,42.935001373291016,41.77016830444336
2025-08-15,42.810001373291016,41.6485595703125
2025-08-18,42.625,41.46858215332031
2025-08-19,43.040000915527344,41.8723258972168
2025-08-20,43.084999084472656,41.916099548339844
2025-08-21,42.790000915527344,41.62910461425781
2025-08-22,43.02000045776367,41.852867126464844
2025-08-25,42.53499984741211,41.38102340698242
2025-08-26,42.630001068115234,41.47344970703125
2025-08-27,42.63999938964844,41.48317337036133
2025-08-28,42.314998626708984,41.1669921875
2025-08-29,42.15999984741211,41.016197204589844
2025-09-02,42.02000045776367,40.87999725341797
2025-09-03,41.915000915527344,40.7778434753418
2025-09-04,41.8650016784668,40.72920227050781
2025-09-05,41.73500061035156,40.602725982666016
2025-09-08,41.310001373291016,40.18925476074219
2025-09-09,41.595001220703125,40.46652603149414
2025-09-10,42.310001373291016,41.16212463378906
2025-09-11,42.53499984741211,41.38102340698242
2025-09-12,42.75,41.59019088745117
2025-09-15,42.849998474121094,41.687477111816406
2025-09-16,42.06999969482422,40.92863845825195
2025-09-17,42.17499923706055,41.030784606933594
2025-09-18,42.20500183105469,41.05997848510742
2025-09-19,42.474998474121094,41.32264709472656
2025-09-22,42.599998474121094,41.72323226928711
2025-09-23,42.81999969482422,41.93870162963867
2025-09-24,43.125,42.2374267578125
2025-09-25,42.709999084472656,41.83096694946289
2025-09-26,43.404998779296875,42.51166534423828
2025-09-29,43.529998779296875,42.634090423583984
2025-09-30,43.60499954223633,42.70754623413086
2025-10-01,44.025001525878906,43.11890411376953
2025-10-02,43.94499969482422,43.040550231933594
2025-10-03,44.45500183105469,43.54005432128906
2025-10-06,44.8849983215332,43.96120071411133
2025-10-07,45.09000015258789,44.1619873046875
2025-10-08,45.400001525878906,44.46561050415039
2025-10-09,45.28499984741211,44.35297393798828
2025-10-10,45.099998474121094,44.17177963256836
2025-10-13,45.44499969482422,44.50967788696289
2025-10-14,45.849998474121094,44.906341552734375
2025-10-15,46.45000076293945,45.493995666503906
2025-10-16,45.94499969482422,44.999385833740234
2025-10-17,45.78499984741211,44.842681884765625
2025-10-20,45.77000045776367,44.82798767089844
2025-10-21,45.30500030517578,44.37255859375
2025-10-22,45.20000076293945,44.26972198486328
2025-10-23,45.165000915527344,44.235443115234375
2025-10-24,45.69499969482422,44.75453186035156
2025-10-27,45.81999969482422,44.87696075439453
2025-10-28,45.064998626708984,44.13749694824219
2025-10-29,45.04999923706055,44.12281036376953
2025-10-30,44.86000061035156,43.93671798706055
2025-10-31,44.54999923706055,43.63310241699219
2025-11-03,44.57500076293945,43.6575813293457
2025-11-04,44.415000915527344,43.500877380371094
2025-11-05,44.42499923706055,43.51066970825195
2025-11-06,44.22999954223633,43.31968307495117
2025-11-07,44.845001220703125,43.922027587890625
2025-11-10,44.83000183105469,43.9073371887207
2025-11-11,44.85499954223633,43.931819915771484
2025-11-12,44.959999084472656,44.0346565246582
2025-11-13,44.34000015258789,43.42741775512695
2025-11-14,44.380001068115234,43.46659851074219
2025-11-17,44.779998779296875,43.85836410522461
2025-11-18,44.61000061035156,43.69186019897461
2025-11-19,44.23500061035156,43.324581146240234
2025-11-20,44.0099983215332,43.104209899902344
2025-11-21,44.07500076293945,43.16787338256836
2025-11-24,44.57500076293945,43.6575813293457
2025-11-25,44.404998779296875,43.49108123779297
2025-11-26,44.994998931884766,44.06894302368164
2025-11-28,45.314998626708984,44.38235092163086
2025-12-01,44.255001068115234,43.344173431396484
2025-12-02,43.939998626708984,43.03565216064453
2025-12-03,43.79999923706055,42.89853286743164
2025-12-04,43.709999084472656,42.81038284301758
2025-12-05,43.29999923706055,42.4088249206543
2025-12-08,42.720001220703125,41.840763092041016
2025-12-09,42.75,41.870147705078125
2025-12-10,42.72999954223633,41.850555419921875
2025-12-11,43.040000915527344,42.154178619384766
2025-12-12,42.83000183105469,41.94850158691406
2025-12-15,43.220001220703125,42.33047103881836
2025-12-16,43.040000915527344,42.154178619384766
2025-12-17,42.7599983215332,41.87993621826172
2025-12-18,43.18000030517578,42.29129409790039
2025-12-19,42.630001068115234,41.75261688232422
2025-12-22,42.470001220703125,41.907535552978516
2025-12-23,42.619998931884766,42.055545806884766
2025-12-24,42.810001373291016,42.24303436279297
2025-12-26,42.779998779296875,42.21342849731445
2025-12-29,42.86000061035156,42.2923698425293
2025-12-30,42.959999084472656,42.39104461669922
2025-12-31,42.689998626708984,42.1246223449707
2026-01-02,43.18000030517578,42.608131408691406
2026-01-05,42.70000076293945,42.134490966796875
2026-01-06,42.90999984741211,42.341705322265625
2026-01-07,41.869998931884766,41.31547927856445
2026-01-08,41.9900016784668,41.433895111083984
2026-01-09,42.5099983215332,41.94700241088867
2026-01-12,42.58000183105469,42.016082763671875
2026-01-13,42.849998474121094,42.28250503540039
2026-01-14,43.16999816894531,42.598262786865234
2026-01-15,43.61000061035156,43.03243637084961
2026-01-16,43.38999938964844,42.81535339355469
2026-01-20,42.959999084472656,42.39104461669922
2026-01-21,43.02000045776367,42.450252532958984
2026-01-22,42.709999084472656,42.14435577392578
2026-01-23,42.560001373291016,41.99634552001953
2026-01-26,42.869998931884766,42.30223846435547
2026-01-27,43.43000030517578,42.85482406616211
2026-01-28,43.33000183105469,42.75614929199219
2026-01-29,43.33000183105469,42.75614929199219
2026-01-30,43.25,42.677207946777344
2026-02-02,42.619998931884766,42.055545806884766
2026-02-03,43.2400016784668,42.66733932495117
2026-02-04,43.08000183105469,42.50946044921875
2026-02-05,43.099998474121094,42.52919387817383
2026-02-06,43.349998474121094,42.775882720947266
2026-02-09,43.47999954223633,42.90415954589844
2026-02-10,44.20000076293945,43.614627838134766
2026-02-11,44.59000015258789,43.99946212768555
2026-02-12,45.25,44.650718688964844
2026-02-13,46.5,45.8841667175293
2026-02-17,46.380001068115234,45.76575469970703
2026-02-18,45.61000061035156,45.005950927734375
2026-02-19,46.11000061035156,45.49932861328125
2026-02-20,46.33000183105469,45.71641540527344
2026-02-23,46.68000030517578,46.0617790222168
2026-02-24,47.20000076293945,46.574893951416016
2026-02-25,47.36000061035156,46.73277282714844
2026-02-26,47.18000030517578,46.55515670776367
2026-02-27,47.72999954223633,47.09787368774414
2026-03-02,47.369998931884766,46.74264144897461
2026-03-03,47.06999969482422,46.44661331176758
2026-03-04,47.27000045776367,46.64396667480469
2026-03-05,46.900001525878906,46.27886962890625
2026-03-06,46.7400016784668,46.12098693847656
2026-03-09,46.849998474121094,46.229530334472656
2026-03-10,46.560001373291016,45.9433708190918
2026-03-11,46.16999816894531,45.55853271484375
2026-03-12,46.5,45.8841667175293
2026-03-13,46.959999084472656,46.338069915771484
2026-03-16,47.2599983215332,46.63409423828125
2026-03-17,47.130001068115234,46.505821228027344
2026-03-18,46.72999954223633,46.11111831665039
2026-03-19,46.540000915527344,45.92363739013672
2026-03-20,44.650001525878906,44.05866622924805
2026-03-23,44.779998779296875,44.495872497558594
2026-03-24,45.09000015258789,44.80390548706055
2026-03-25,45.25,44.962890625
2026-03-26,45.33000183105469,45.04238510131836
2026-03-27,45.59000015258789,45.30073165893555
2026-03-30,45.91999816894531,45.62863540649414
2026-03-31,45.88999938964844,45.59882736206055
2026-04-01,46.11000061035156,45.81743240356445
2026-04-02,46.34000015258789,46.04597473144531
2026-04-06,46.16999816894531,45.877052307128906
2026-04-07,46.27000045776367,45.976417541503906
2026-04-08,46.779998779296875,46.48318099975586
2026-04-09,47.150001525878906,46.85083770751953
2026-04-10,46.959999084472656,46.66204071044922
2026-04-13,46.38999938964844,46.09565734863281
2026-04-14,46.470001220703125,46.17515182495117
2026-04-15,46.02000045776367,45.728004455566406
2026-04-16,46.349998474121094,46.055908203125
2026-04-17,46.15999984741211,45.86711502075195
2026-04-20,45.75,45.459716796875
2026-04-21,44.95000076293945,44.664794921875
2026-04-22,44.869998931884766,44.58530044555664
2026-04-23,46.09000015258789,45.79756164550781
2026-04-24,46.18000030517578,45.88698959350586
2026-04-27,46.189998626708984,45.89692306518555
2026-04-28,46.25,45.956546783447266
2026-04-29,45.68000030517578,45.39016342163086
2026-04-30,46.849998474121094,46.552738189697266
2026-05-01,46.54999923706055,46.254642486572266
2026-05-04,46.369998931884766,46.075782775878906
2026-05-05,46.369998931884766,46.075782775878906
2026-05-06,45.709999084472656,45.41997146606445
2026-05-07,45.119998931884766,44.83371353149414
2026-05-08,44.720001220703125,44.43625259399414
2026-05-11,45.13999938964844,44.85358810424805
2026-05-12,45.189998626708984,44.90327072143555
2026-05-13,44.66999816894531,44.38656997680664
2026-05-14,44.900001525878906,44.6151123046875
2026-05-15,43.869998931884766,43.591644287109375
2026-05-18,43.939998626708984,43.66120147705078
2026-05-19,44.34000015258789,44.05866241455078
2026-05-20,44.5099983215332,44.22758483886719
2026-05-21,45.0,44.7144775390625
2026-05-22,45.349998474121094,45.062252044677734
2026-05-26,45.33000183105469,45.04238510131836
2026-05-27,45.13999938964844,44.85358810424805
2026-05-28,44.630001068115234,44.346824645996094
2026-05-29,44.41999816894531,44.138153076171875
2026-06-01,43.099998474121094,42.82653045654297
2026-06-02,43.900001525878906,43.621456146240234
2026-06-03,43.709999084472656,43.43265914916992
2026-06-04,43.939998626708984,43.66120147705078
2026-06-05,44.349998474121094,44.068599700927734
2026-06-08,43.52000045776367,43.243865966796875
2026-06-09,43.97999954223633,43.70094680786133
2026-06-10,44.0,43.720821380615234
2026-06-11,44.04999923706055,43.770503997802734
2026-06-12,44.529998779296875,44.24745559692383
2026-06-15,44.7400016784668,44.45612716674805
2026-06-16,45.060001373291016,44.77409744262695
2026-06-17,44.459999084472656,44.17790222167969
2026-06-18,44.7599983215332,44.47599792480469
2026-06-22,44.720001220703125,44.720001220703125
2026-06-23,45.06999969482422,45.06999969482422
2026-06-24,45.540000915527344,45.540000915527344
2026-06-25,45.849998474121094,45.849998474121094
2026-06-26,46.20000076293945,46.20000076293945
2026-06-29,46.02000045776367,46.02000045776367
2026-06-30,45.34000015258789,45.34000015258789
2026-07-01,44.77000045776367,44.77000045776367
2026-07-02,45.7599983215332,45.7599983215332
2026-07-06,45.29999923706055,45.29999923706055
2026-07-07,45.70000076293945,45.70000076293945
2026-07-08,45.36000061035156,45.36000061035156
2026-07-09,45.130001068115234,45.130001068115234
2026-07-10,45.40999984741211,45.40999984741211
2026-07-13,45.720001220703125,45.720001220703125
2026-07-14,45.689998626708984,45.689998626708984
2026-07-15,45.220001220703125,45.220001220703125
2026-07-16,45.470001220703125,45.470001220703125
2026-07-17,45.16999816894531,45.16999816894531
2026-07-20,44.939998626708984,44.939998626708984
2026-07-21,44.91999816894531,44.91999816894531
2026-07-22,45.93000030517578,45.93000030517578
2026-07-23,46.189998626708984,46.189998626708984
2026-07-24,46.290000915527344,46.290000915527344
2026-07-27,45.68000030517578,45.68000030517578
2026-07-28,45.52000045776367,45.52000045776367
2026-07-29,44.90999984741211,44.90999984741211
2026-07-30,44.65999984741211,44.65999984741211
2026-07-31,44.349998474121094,44.349998474121094
2026-08-03,44.36000061035156,44.36000061035156
2026-08-04,44.11000061035156,44.11000061035156
2026-08-05,43.65999984741211,43.65999984741211
2026-08-06,43.380001068115234,43.380001068115234
2026-08-07,43.61000061035156,43.61000061035156
2026-08-10,43.130001068115234,43.130001068115234
2026-08-11,43.630001068115234,43.630001068115234
2026-08-12,43.84000015258789,43.84000015258789
2026-08-13,44.040000915527344,44.040000915527344
2026-08-14,44.310001373291016,44.310001373291016
2026-08-17,44.18000030517578,44.18000030517578
2026-08-18,44.02000045776367,44.02000045776367
2026-08-19,44.02000045776367,44.02000045776367
2026-08-20,43.77000045776367,43.77000045776367
2026-08-21,42.77000045776367,42.77000045776367
2026-08-24,43.220001220703125,43.220001220703125
2026-08-25,43.310001373291016,43.310001373291016
2026-08-26,43.5099983215332,43.5099983215332
2026-08-27,43.18000030517578,43.18000030517578
2026-08-28,42.72999954223633,42.72999954223633
2026-08-31,42.22999954223633,42.22999954223633
