date,close,adjusted_close
2011-01-03,31.790000915527344,24.469196319580078
2011-01-04,31.889999389648438,24.54616928100586
2011-01-05,31.959999084472656,24.60004425048828
2011-01-06,32.09000015258789,24.700111389160156
2011-01-07,32.06999969482422,24.684717178344727
2011-01-10,31.979999542236328,24.615440368652344
2011-01-11,32.13999938964844,24.73859214782715
2011-01-12,32.310001373291016,24.869447708129883
2011-01-13,32.13999938964844,24.73859214782715
2011-01-14,32.18000030517578,24.769380569458008
2011-01-18,32.29999923706055,24.861759185791016
2011-01-19,32.08000183105469,24.69241714477539
2011-01-20,32.15999984741211,24.753984451293945
2011-01-21,32.189998626708984,24.777080535888672
2011-01-24,32.150001525878906,24.746292114257812
2011-01-25,32.150001525878906,24.746292114257812
2011-01-26,32.11000061035156,24.71550941467285
2011-01-27,32.189998626708984,24.777080535888672
2011-01-28,31.610000610351562,24.330650329589844
2011-01-31,31.68000030517578,24.384523391723633
2011-02-01,32.25,24.823265075683594
2011-02-02,32.13999938964844,24.73859214782715
2011-02-03,32.18000030517578,24.769380569458008
2011-02-04,32.33000183105469,24.884836196899414
2011-02-07,32.279998779296875,24.846349716186523
2011-02-08,32.369998931884766,24.915630340576172
2011-02-09,32.29999923706055,24.861759185791016
2011-02-10,32.310001373291016,24.869447708129883
2011-02-11,32.380001068115234,24.923320770263672
2011-02-14,32.4900016784668,25.007991790771484
2011-02-15,32.41999816894531,24.954118728637695
2011-02-16,32.59000015258789,25.0849666595459
2011-02-17,32.72999954223633,25.192729949951172
2011-02-18,32.810001373291016,25.254302978515625
2011-02-22,32.310001373291016,24.869447708129883
2011-02-23,32.0,24.63083839416504
2011-02-24,32.11000061035156,24.71550941467285
2011-02-25,32.310001373291016,24.869447708129883
2011-02-28,32.66999816894531,25.14654541015625
2011-03-01,32.40999984741211,24.946420669555664
2011-03-02,32.5099983215332,25.023393630981445
2011-03-03,33.18000030517578,25.53909683227539
2011-03-04,33.130001068115234,25.50061798095703
2011-03-07,32.880001068115234,25.308170318603516
2011-03-08,33.060001373291016,25.446739196777344
2011-03-09,33.11000061035156,25.485218048095703
2011-03-10,32.59000015258789,25.0849666595459
2011-03-11,32.70000076293945,25.169639587402344
2011-03-14,32.540000915527344,25.04648208618164
2011-03-15,32.15999984741211,24.753984451293945
2011-03-16,31.600000381469727,24.322946548461914
2011-03-17,31.969999313354492,24.60774040222168
2011-03-18,31.969999313354492,24.719865798950195
2011-03-21,32.2400016784668,24.928632736206055
2011-03-22,32.220001220703125,24.913169860839844
2011-03-23,32.20000076293945,24.89769744873047
2011-03-24,32.58000183105469,25.1915283203125
2011-03-25,32.66999816894531,25.2611141204834
2011-03-28,32.65999984741211,25.253379821777344
2011-03-29,32.849998474121094,25.400291442871094
2011-03-30,33.09000015258789,25.585872650146484
2011-03-31,33.11000061035156,25.601335525512695
2011-04-01,33.279998779296875,25.732776641845703
2011-04-04,33.47999954223633,25.887428283691406
2011-04-05,33.33000183105469,25.771438598632812
2011-04-06,33.400001525878906,25.825571060180664
2011-04-07,33.34000015258789,25.779172897338867
2011-04-08,33.31999969482422,25.76370620727539
2011-04-11,33.5099983215332,25.91061782836914
2011-04-12,33.470001220703125,25.879690170288086
2011-04-13,33.439998626708984,25.856489181518555
2011-04-14,33.619998931884766,25.99567222595215
2011-04-15,33.91999816894531,26.227638244628906
2011-04-18,33.540000915527344,25.933815002441406
2011-04-19,33.81999969482422,26.15031623840332
2011-04-20,34.150001525878906,26.40548324584961
2011-04-21,34.25,26.482805252075195
2011-04-25,34.290000915527344,26.51372528076172
2011-04-26,34.689998626708984,26.823026657104492
2011-04-27,35.08000183105469,27.124588012695312
2011-04-28,35.2599983215332,27.263755798339844
2011-04-29,35.2400016784668,27.248294830322266
2011-05-02,35.599998474121094,27.52665138244629
2011-05-03,35.5099983215332,27.45705795288086
2011-05-04,35.47999954223633,27.433856964111328
2011-05-05,35.25,27.256023406982422
2011-05-06,35.5,27.449325561523438
2011-05-09,35.70000076293945,27.603979110717773
2011-05-10,35.91999816894531,27.77407455444336
2011-05-11,35.86000061035156,27.72768211364746
2011-05-12,36.189998626708984,27.982847213745117
2011-05-13,36.08000183105469,27.89780044555664
2011-05-16,36.13999938964844,27.94419288635254
2011-05-17,36.13999938964844,27.94419288635254
2011-05-18,36.41999816894531,28.160680770874023
2011-05-19,36.34000015258789,28.098833084106445
2011-05-20,36.040000915527344,27.866865158081055
2011-05-23,35.66999816894531,27.580774307250977
2011-05-24,35.56999969482422,27.503456115722656
2011-05-25,35.619998931884766,27.5421142578125
2011-05-26,35.66999816894531,27.580774307250977
2011-05-27,35.689998626708984,27.59623146057129
2011-05-31,36.11000061035156,27.920995712280273
2011-06-01,35.61000061035156,27.534379959106445
2011-06-02,35.529998779296875,27.472524642944336
2011-06-03,35.189998626708984,27.209640502929688
2011-06-06,34.97999954223633,27.047258377075195
2011-06-07,35.04999923706055,27.101369857788086
2011-06-08,35.09000015258789,27.132305145263672
2011-06-09,35.459999084472656,27.41840171813965
2011-06-10,34.810001373291016,26.915803909301758
2011-06-13,34.97999954223633,27.047258377075195
2011-06-14,35.279998779296875,27.27921485900879
2011-06-15,34.79999923706055,26.908079147338867
2011-06-16,34.86000061035156,26.9544620513916
2011-06-17,34.77000045776367,27.01662254333496
2011-06-20,35.119998931884766,27.28858184814453
2011-06-21,35.34000015258789,27.45952796936035
2011-06-22,35.130001068115234,27.29634666442871
2011-06-23,35.09000015258789,27.26527214050293
2011-06-24,34.68000030517578,26.946699142456055
2011-06-27,34.86000061035156,27.08655548095703
2011-06-28,35.349998474121094,27.467296600341797
2011-06-29,35.41999816894531,27.52168846130371
2011-06-30,35.529998779296875,27.60715103149414
2011-07-01,35.959999084472656,27.94127082824707
2011-07-05,35.86000061035156,27.863563537597656
2011-07-06,35.959999084472656,27.94127082824707
2011-07-07,35.939998626708984,27.925718307495117
2011-07-08,35.779998779296875,27.80141258239746
2011-07-11,35.290000915527344,27.420682907104492
2011-07-12,35.290000915527344,27.420682907104492
2011-07-13,35.43000030517578,27.52945327758789
2011-07-14,35.369998931884766,27.482831954956055
2011-07-15,35.189998626708984,27.342981338500977
2011-07-18,34.93000030517578,27.14095115661621
2011-07-19,35.2400016784668,27.3818302154541
2011-07-20,35.119998931884766,27.28858184814453
2011-07-21,35.650001525878906,27.700397491455078
2011-07-22,35.59000015258789,27.653785705566406
2011-07-25,35.220001220703125,27.366281509399414
2011-07-26,34.939998626708984,27.148712158203125
2011-07-27,34.33000183105469,26.67474937438965
2011-07-28,34.29999923706055,26.651439666748047
2011-07-29,34.119998931884766,26.51157569885254
2011-08-01,33.540000915527344,26.06090545654297
2011-08-02,32.81999969482422,25.501462936401367
2011-08-03,32.880001068115234,25.54807472229004
2011-08-04,31.56999969482422,24.530202865600586
2011-08-05,31.809999465942383,24.7166805267334
2011-08-08,30.18000030517578,23.45015525817871
2011-08-09,31.280000686645508,24.30487060546875
2011-08-10,29.959999084472656,23.27920913696289
2011-08-11,31.329999923706055,24.343719482421875
2011-08-12,31.639999389648438,24.58458709716797
2011-08-15,32.16999816894531,24.99640464782715
2011-08-16,32.13999938964844,24.97308921813965
2011-08-17,32.16999816894531,24.99640464782715
2011-08-18,31.110000610351562,24.172773361206055
2011-08-19,31.030000686645508,24.110610961914062
2011-08-22,31.010000228881836,24.095073699951172
2011-08-23,32.02000045776367,24.879852294921875
2011-08-24,32.38999938964844,25.16733741760254
2011-08-25,31.84000015258789,24.739999771118164
2011-08-26,32.2400016784668,25.050798416137695
2011-08-29,33.060001373291016,25.687946319580078
2011-08-30,33.16999816894531,25.77341651916504
2011-08-31,33.400001525878906,25.952131271362305
2011-09-01,33.18000030517578,25.781185150146484
2011-09-02,32.45000076293945,25.213970184326172
2011-09-06,32.529998779296875,25.276138305664062
2011-09-07,33.310001373291016,25.882200241088867
2011-09-08,32.95000076293945,25.602481842041016
2011-09-09,31.969999313354492,24.841001510620117
2011-09-12,32.08000183105469,24.92647933959961
2011-09-13,32.40999984741211,25.182889938354492
2011-09-14,32.720001220703125,25.42376136779785
2011-09-15,33.02000045776367,25.6568660736084
2011-09-16,33.02000045776367,25.795137405395508
2011-09-19,32.709999084472656,25.552961349487305
2011-09-20,33.0099983215332,25.787322998046875
2011-09-21,32.119998931884766,25.09204864501953
2011-09-22,31.469999313354492,24.584278106689453
2011-09-23,31.479999542236328,24.59208869934082
2011-09-26,32.0,24.998313903808594
2011-09-27,32.4900016784668,25.381099700927734
2011-09-28,31.93000030517578,24.943626403808594
2011-09-29,32.13999938964844,25.107675552368164
2011-09-30,31.729999542236328,24.787384033203125
2011-10-03,30.719999313354492,23.998382568359375
2011-10-04,31.049999237060547,24.256168365478516
2011-10-05,31.549999237060547,24.646772384643555
2011-10-06,31.93000030517578,24.943626403808594
2011-10-07,31.899999618530273,24.92019271850586
2011-10-10,32.630001068115234,25.49046516418457
2011-10-11,32.58000183105469,25.451406478881836
2011-10-12,32.599998474121094,25.46702003479004
2011-10-13,32.56999969482422,25.44359588623047
2011-10-14,32.880001068115234,25.685760498046875
2011-10-17,32.310001373291016,25.240489959716797
2011-10-18,32.54999923706055,25.4279727935791
2011-10-19,32.4900016784668,25.381099700927734
2011-10-20,32.459999084472656,25.357656478881836
2011-10-21,33.11000061035156,25.865442276000977
2011-10-24,33.61000061035156,26.25603675842285
2011-10-25,32.93000030517578,25.724830627441406
2011-10-26,33.369998931884766,26.06855583190918
2011-10-27,34.18000030517578,26.70131492614746
2011-10-28,34.209999084472656,26.724748611450195
2011-10-31,33.560001373291016,26.216981887817383
2011-11-01,32.91999816894531,25.717018127441406
2011-11-02,33.13999938964844,25.88887596130371
2011-11-03,33.5,26.170108795166016
2011-11-04,33.189998626708984,25.927928924560547
2011-11-07,33.58000183105469,26.232601165771484
2011-11-08,33.9900016784668,26.552888870239258
2011-11-09,33.0099983215332,25.787322998046875
2011-11-10,33.47999954223633,26.15448570251465
2011-11-11,34.06999969482422,26.61539077758789
2011-11-14,33.84000015258789,26.43570899963379
2011-11-15,33.91999816894531,26.49820899963379
2011-11-16,33.27000045776367,25.990421295166016
2011-11-17,32.91999816894531,25.717018127441406
2011-11-18,32.849998474121094,25.66233253479004
2011-11-21,32.220001220703125,25.17017936706543
2011-11-22,32.29999923706055,25.232677459716797
2011-11-23,31.829999923706055,24.865509033203125
2011-11-25,31.709999084472656,24.77176284790039
2011-11-28,32.560001373291016,25.43577766418457
2011-11-29,32.70000076293945,25.54515266418457
2011-11-30,33.880001068115234,26.466955184936523
2011-12-01,33.93000030517578,26.506019592285156
2011-12-02,33.5099983215332,26.177915573120117
2011-12-05,33.56999969482422,26.22479248046875
2011-12-06,33.709999084472656,26.334163665771484
2011-12-07,33.959999084472656,26.529455184936523
2011-12-08,33.33000183105469,26.03730583190918
2011-12-09,33.81999969482422,26.420087814331055
2011-12-12,33.41999816894531,26.107606887817383
2011-12-13,33.36000061035156,26.06073570251465
2011-12-14,33.34000015258789,26.045120239257812
2011-12-15,33.709999084472656,26.334163665771484
2011-12-16,33.40999984741211,26.246177673339844
2011-12-19,33.40999984741211,26.246177673339844
2011-12-20,34.11000061035156,26.79607391357422
2011-12-21,34.33000183105469,26.96891212463379
2011-12-22,34.58000183105469,27.165307998657227
2011-12-23,34.79999923706055,27.3381290435791
2011-12-27,34.880001068115234,27.400970458984375
2011-12-28,34.5,27.102458953857422
2011-12-29,34.75,27.298851013183594
2011-12-30,34.689998626708984,27.251720428466797
2012-01-03,35.13999938964844,27.605220794677734
2012-01-04,34.970001220703125,27.4716739654541
2012-01-05,35.06999969482422,27.55023765563965
2012-01-06,35.130001068115234,27.59736442565918
2012-01-09,35.189998626708984,27.644514083862305
2012-01-10,35.45000076293945,27.848745346069336
2012-01-11,35.47999954223633,27.872316360473633
2012-01-12,35.59000015258789,27.958742141723633
2012-01-13,35.43000030517578,27.833040237426758
2012-01-17,35.650001525878906,28.00586700439453
2012-01-18,35.849998474121094,28.162973403930664
2012-01-19,35.849998474121094,28.162973403930664
2012-01-20,35.849998474121094,28.162973403930664
2012-01-23,35.689998626708984,28.03728675842285
2012-01-24,35.70000076293945,28.04515266418457
2012-01-25,35.959999084472656,28.249401092529297
2012-01-26,35.79999923706055,28.123701095581055
2012-01-27,35.81999969482422,28.1394100189209
2012-01-30,35.77000045776367,28.100130081176758
2012-01-31,35.79999923706055,28.123701095581055
2012-02-01,36.150001525878906,28.398656845092773
2012-02-02,36.0099983215332,28.288673400878906
2012-02-03,36.220001220703125,28.453649520874023
2012-02-06,36.02000045776367,28.296524047851562
2012-02-07,36.150001525878906,28.398656845092773
2012-02-08,36.150001525878906,28.398656845092773
2012-02-09,35.959999084472656,28.249401092529297
2012-02-10,35.810001373291016,28.131563186645508
2012-02-13,36.08000183105469,28.343671798706055
2012-02-14,36.22999954223633,28.461505889892578
2012-02-15,36.15999984741211,28.40650177001953
2012-02-16,36.36000061035156,28.56363868713379
2012-02-17,36.2400016784668,28.469350814819336
2012-02-21,35.97999954223633,28.26511001586914
2012-02-22,35.97999954223633,28.26511001586914
2012-02-23,36.0099983215332,28.288673400878906
2012-02-24,36.189998626708984,28.43008041381836
2012-02-27,36.2599983215332,28.485069274902344
2012-02-28,36.400001525878906,28.59504508972168
2012-02-29,36.18000030517578,28.422225952148438
2012-03-01,36.369998931884766,28.571491241455078
2012-03-02,36.310001373291016,28.52434730529785
2012-03-05,36.22999954223633,28.461505889892578
2012-03-06,35.7599983215332,28.092287063598633
2012-03-07,35.91999816894531,28.217971801757812
2012-03-08,36.31999969482422,28.53220558166504
2012-03-09,36.470001220703125,28.65005111694336
2012-03-12,36.470001220703125,28.65005111694336
2012-03-13,36.9900016784668,29.05855369567871
2012-03-14,36.97999954223633,29.050683975219727
2012-03-15,37.040000915527344,29.097820281982422
2012-03-16,36.849998474121094,29.094654083251953
2012-03-19,36.84000015258789,29.08677101135254
2012-03-20,36.650001525878906,28.936756134033203
2012-03-21,36.630001068115234,28.92095947265625
2012-03-22,36.5099983215332,28.826221466064453
2012-03-23,36.619998931884766,28.913068771362305
2012-03-26,37.2599983215332,29.41839027404785
2012-03-27,37.33000183105469,29.473634719848633
2012-03-28,37.25,29.410480499267578
2012-03-29,37.33000183105469,29.473634719848633
2012-03-30,37.61000061035156,29.694713592529297
2012-04-02,37.7400016784668,29.79735565185547
2012-04-03,37.720001220703125,29.78156852722168
2012-04-04,37.52000045776367,29.6236515045166
2012-04-05,37.5099983215332,29.61575698852539
2012-04-09,37.040000915527344,29.244672775268555
2012-04-10,36.619998931884766,28.913068771362305
2012-04-11,36.75,29.015708923339844
2012-04-12,36.95000076293945,29.173627853393555
2012-04-13,36.58000183105469,28.88149070739746
2012-04-16,36.59000015258789,28.889381408691406
2012-04-17,37.130001068115234,29.31574249267578
2012-04-18,37.029998779296875,29.236787796020508
2012-04-19,37.09000015258789,29.284154891967773
2012-04-20,37.290000915527344,29.44205665588379
2012-04-23,37.0,29.21309471130371
2012-04-24,37.130001068115234,29.31574249267578
2012-04-25,37.52000045776367,29.6236515045166
2012-04-26,37.5099983215332,29.61575698852539
2012-04-27,37.529998779296875,29.631555557250977
2012-04-30,37.5099983215332,29.61575698852539
2012-05-01,37.650001525878906,29.72629737854004
2012-05-02,37.58000183105469,29.671018600463867
2012-05-03,37.439998626708984,29.560495376586914
2012-05-04,36.95000076293945,29.173627853393555
2012-05-07,37.029998779296875,29.236787796020508
2012-05-08,37.040000915527344,29.244672775268555
2012-05-09,36.790000915527344,29.04730224609375
2012-05-10,37.04999923706055,29.252574920654297
2012-05-11,37.0099983215332,29.220989227294922
2012-05-14,36.88999938964844,29.126245498657227
2012-05-15,36.66999816894531,28.952552795410156
2012-05-16,36.72999954223633,28.99991798400879
2012-05-17,36.38999938964844,28.731470108032227
2012-05-18,36.06999969482422,28.478822708129883
2012-05-21,36.41999816894531,28.75516128540039
2012-05-22,36.31999969482422,28.676204681396484
2012-05-23,36.15999984741211,28.54987335205078
2012-05-24,36.5099983215332,28.826221466064453
2012-05-25,36.41999816894531,28.75516128540039
2012-05-29,36.540000915527344,28.849895477294922
2012-05-30,36.33000183105469,28.684097290039062
2012-05-31,36.150001525878906,28.541982650756836
2012-06-01,35.5099983215332,28.03667449951172
2012-06-04,35.59000015258789,28.0998477935791
2012-06-05,35.790000915527344,28.25775146484375
2012-06-06,36.349998474121094,28.69988441467285
2012-06-07,36.369998931884766,28.71568489074707
2012-06-08,36.59000015258789,28.889381408691406
2012-06-11,36.27000045776367,28.636730194091797
2012-06-12,36.61000061035156,28.905162811279297
2012-06-13,36.56999969482422,28.87358856201172
2012-06-14,37.119998931884766,29.30783462524414
2012-06-15,37.060001373291016,29.418190002441406
2012-06-18,37.310001373291016,29.61663246154785
2012-06-19,37.650001525878906,29.88652992248535
2012-06-20,37.54999923706055,29.8071346282959
2012-06-21,37.029998779296875,29.39436149597168
2012-06-22,37.41999816894531,29.70394515991211
2012-06-25,36.959999084472656,29.338802337646484
2012-06-26,37.06999969482422,29.426103591918945
2012-06-27,37.470001220703125,29.743633270263672
2012-06-28,37.29999923706055,29.608675003051758
2012-06-29,38.0099983215332,30.17229461669922
2012-07-02,38.130001068115234,30.26754379272461
2012-07-03,38.119998931884766,30.25961685180664
2012-07-05,37.880001068115234,30.069091796875
2012-07-06,37.630001068115234,29.87063980102539
2012-07-09,37.83000183105469,30.029401779174805
2012-07-10,37.650001525878906,29.88652992248535
2012-07-11,37.619998931884766,29.862693786621094
2012-07-12,37.709999084472656,29.934152603149414
2012-07-13,38.130001068115234,30.26754379272461
2012-07-16,38.20000076293945,30.323116302490234
2012-07-17,38.689998626708984,30.712078094482422
2012-07-18,38.75,30.75970458984375
2012-07-19,38.75,30.75970458984375
2012-07-20,38.25,30.362812042236328
2012-07-23,37.79999923706055,30.00559425354004
2012-07-24,37.380001068115234,29.672203063964844
2012-07-25,37.560001373291016,29.81507682800293
2012-07-26,37.91999816894531,30.100845336914062
2012-07-27,38.83000183105469,30.823205947875977
2012-07-30,38.630001068115234,30.664445877075195
2012-07-31,38.38999938964844,30.47393226623535
2012-08-01,38.40999984741211,30.489805221557617
2012-08-02,38.040000915527344,30.196104049682617
2012-08-03,38.4900016784668,30.55331039428711
2012-08-06,38.5,30.561256408691406
2012-08-07,38.40999984741211,30.489805221557617
2012-08-08,38.54999923706055,30.600948333740234
2012-08-09,38.529998779296875,30.585067749023438
2012-08-10,38.689998626708984,30.712078094482422
2012-08-13,38.59000015258789,30.632701873779297
2012-08-14,38.689998626708984,30.712078094482422
2012-08-15,38.779998779296875,30.78351593017578
2012-08-16,38.68000030517578,30.704130172729492
2012-08-17,38.47999954223633,30.545391082763672
2012-08-20,38.560001373291016,30.608869552612305
2012-08-21,38.43000030517578,30.50568389892578
2012-08-22,38.459999084472656,30.529489517211914
2012-08-23,38.40999984741211,30.489805221557617
2012-08-24,38.7400016784668,30.751766204833984
2012-08-27,38.779998779296875,30.78351593017578
2012-08-28,38.720001220703125,30.735881805419922
2012-08-29,38.849998474121094,30.839069366455078
2012-08-30,38.720001220703125,30.735881805419922
2012-08-31,38.84000015258789,30.83115005493164
2012-09-04,38.91999816894531,30.8946475982666
2012-09-05,38.93000030517578,30.90258026123047
2012-09-06,39.54999923706055,31.394737243652344
2012-09-07,39.529998779296875,31.378870010375977
2012-09-10,39.38999938964844,31.267724990844727
2012-09-11,39.40999984741211,31.28360366821289
2012-09-12,39.43000030517578,31.299480438232422
2012-09-13,39.83000183105469,31.61699867248535
2012-09-14,39.66999816894531,31.489988327026367
2012-09-17,39.900001525878906,31.672563552856445
2012-09-18,40.029998779296875,31.7757568359375
2012-09-19,40.06999969482422,31.8075008392334
2012-09-20,40.2400016784668,31.94245719909668
2012-09-21,40.189998626708984,32.06132125854492
2012-09-24,40.29999923706055,32.149070739746094
2012-09-25,40.27000045776367,32.1251335144043
2012-09-26,40.060001373291016,31.957626342773438
2012-09-27,40.290000915527344,32.14110565185547
2012-09-28,40.119998931884766,32.0054817199707
2012-10-01,40.36000061035156,32.19694137573242
2012-10-02,40.540000915527344,32.340545654296875
2012-10-03,40.880001068115234,32.61176681518555
2012-10-04,41.130001068115234,32.81121063232422
2012-10-05,41.16999816894531,32.84311294555664
2012-10-08,41.13999938964844,32.819190979003906
2012-10-09,40.63999938964844,32.42032241821289
2012-10-10,40.34000015258789,32.18098449707031
2012-10-11,40.369998931884766,32.20492172241211
2012-10-12,40.310001373291016,32.157066345214844
2012-10-15,40.88999938964844,32.6197509765625
2012-10-16,41.33000183105469,32.97074890136719
2012-10-17,41.33000183105469,32.97074890136719
2012-10-18,41.34000015258789,32.978729248046875
2012-10-19,40.599998474121094,32.388397216796875
2012-10-22,40.630001068115234,32.41233825683594
2012-10-23,40.09000015258789,31.98155975341797
2012-10-24,40.15999984741211,32.037384033203125
2012-10-25,40.47999954223633,32.292667388916016
2012-10-26,40.31999969482422,32.16502380371094
2012-10-31,40.029998779296875,31.933679580688477
2012-11-01,40.36000061035156,32.19694137573242
2012-11-02,40.13999938964844,32.02143096923828
2012-11-05,40.15999984741211,32.037384033203125
2012-11-06,40.20000076293945,32.06930160522461
2012-11-07,39.529998779296875,31.534822463989258
2012-11-08,39.060001373291016,31.159866333007812
2012-11-09,39.16999816894531,31.24763298034668
2012-11-12,39.369998931884766,31.407176971435547
2012-11-13,39.220001220703125,31.287506103515625
2012-11-14,38.75,30.91257667541504
2012-11-15,38.63999938964844,30.8248233795166
2012-11-16,38.93000030517578,31.056163787841797
2012-11-19,39.34000015258789,31.38324737548828
2012-11-20,39.560001373291016,31.558765411376953
2012-11-21,39.529998779296875,31.534822463989258
2012-11-23,40.02000045776367,31.925701141357422
2012-11-26,39.84000015258789,31.782106399536133
2012-11-27,39.599998474121094,31.590667724609375
2012-11-28,39.90999984741211,31.83793830871582
2012-11-29,40.189998626708984,32.06132125854492
2012-11-30,40.2400016784668,32.101200103759766
2012-12-03,40.150001525878906,32.02942657470703
2012-12-04,40.2400016784668,32.101200103759766
2012-12-05,40.369998931884766,32.20492172241211
2012-12-06,40.349998474121094,32.18896484375
2012-12-07,40.47999954223633,32.292667388916016
2012-12-10,40.650001525878906,32.42829895019531
2012-12-11,41.08000183105469,32.771324157714844
2012-12-12,41.02000045776367,32.72344970703125
2012-12-13,40.66999816894531,32.44424819946289
2012-12-14,40.5099983215332,32.31660079956055
2012-12-17,40.83000183105469,32.571876525878906
2012-12-18,41.150001525878906,32.82715606689453
2012-12-19,40.709999084472656,32.47614669799805
2012-12-20,40.77000045776367,32.52401351928711
2012-12-21,40.209999084472656,32.25050354003906
2012-12-24,40.04999923706055,32.122188568115234
2012-12-26,39.90999984741211,32.009883880615234
2012-12-27,39.849998474121094,31.961769104003906
2012-12-28,39.459999084472656,31.648983001708984
2012-12-31,39.880001068115234,31.98583221435547
2013-01-02,40.66999816894531,32.61946105957031
2013-01-03,40.720001220703125,32.6595573425293
2013-01-04,40.900001525878906,32.803932189941406
2013-01-07,41.029998779296875,32.9081916809082
2013-01-08,41.040000915527344,32.91621398925781
2013-01-09,41.4900016784668,33.277137756347656
2013-01-10,41.779998779296875,33.50973892211914
2013-01-11,41.77000045776367,33.5017204284668
2013-01-14,41.810001373291016,33.53379821777344
2013-01-15,41.7599983215332,33.493690490722656
2013-01-16,41.66999816894531,33.421504974365234
2013-01-17,42.040000915527344,33.71826171875
2013-01-18,42.18000030517578,33.83056640625
2013-01-22,42.29999923706055,33.926795959472656
2013-01-23,42.25,33.88669204711914
2013-01-24,42.52000045776367,34.1032600402832
2013-01-25,42.849998474121094,34.36793518066406
2013-01-28,42.70000076293945,34.24761962890625
2013-01-29,43.15999984741211,34.616573333740234
2013-01-30,43.029998779296875,34.51231384277344
2013-01-31,42.90999984741211,34.416053771972656
2013-02-01,43.25,34.68875503540039
2013-02-04,42.77000045776367,34.30376052856445
2013-02-05,43.2400016784668,34.68075180053711
2013-02-06,43.22999954223633,34.672706604003906
2013-02-07,43.06999969482422,34.54438781738281
2013-02-08,43.38999938964844,34.801055908203125
2013-02-11,43.29999923706055,34.72885513305664
2013-02-12,43.25,34.68875503540039
2013-02-13,43.220001220703125,34.66469192504883
2013-02-14,43.310001373291016,34.73688507080078
2013-02-15,43.40999984741211,34.81708908081055
2013-02-19,43.68000030517578,35.03363800048828
2013-02-20,43.400001525878906,34.80906295776367
2013-02-21,43.20000076293945,34.648651123046875
2013-02-22,43.38999938964844,34.801055908203125
2013-02-25,42.90999984741211,34.416053771972656
2013-02-26,43.02000045776367,34.504276275634766
2013-02-27,43.4900016784668,34.88124465942383
2013-02-28,43.45000076293945,34.84916687011719
2013-03-01,43.779998779296875,35.11383056640625
2013-03-04,44.02000045776367,35.30633544921875
2013-03-05,44.400001525878906,35.61111831665039
2013-03-06,44.4900016784668,35.68330001831055
2013-03-07,44.459999084472656,35.65923309326172
2013-03-08,44.540000915527344,35.723392486572266
2013-03-11,44.77000045776367,35.90788269042969
2013-03-12,44.970001220703125,36.06828308105469
2013-03-13,44.97999954223633,36.0762939453125
2013-03-14,45.02000045776367,36.108394622802734
2013-03-15,44.72999954223633,36.031063079833984
2013-03-18,44.439998626708984,35.797447204589844
2013-03-19,44.470001220703125,35.82160186767578
2013-03-20,44.84000015258789,36.119651794433594
2013-03-21,44.59000015258789,35.91826248168945
2013-03-22,44.93000030517578,36.19215393066406
2013-03-25,44.79999923706055,36.08743667602539
2013-03-26,45.31999969482422,36.506309509277344
2013-03-27,45.54999923706055,36.691593170166016
2013-03-28,45.95000076293945,37.0138053894043
2013-04-01,46.06999969482422,37.11045455932617
2013-04-02,46.7400016784668,37.650169372558594
2013-04-03,46.459999084472656,37.42461013793945
2013-04-04,46.66999816894531,37.59376907348633
2013-04-05,46.40999984741211,37.38432693481445
2013-04-08,46.45000076293945,37.41654968261719
2013-04-09,46.599998474121094,37.537384033203125
2013-04-10,47.380001068115234,38.16569519042969
2013-04-11,47.84000015258789,38.53622055053711
2013-04-12,47.93000030517578,38.60873031616211
2013-04-15,47.060001373291016,37.907928466796875
2013-04-16,47.7400016784668,38.4556884765625
2013-04-17,47.52000045776367,38.278472900390625
2013-04-18,46.939998626708984,37.8112678527832
2013-04-19,47.599998474121094,38.3429069519043
2013-04-22,47.88999938964844,38.57650375366211
2013-04-23,48.189998626708984,38.81816101074219
2013-04-24,47.36000061035156,38.14958953857422
2013-04-25,47.54999923706055,38.30263137817383
2013-04-26,47.540000915527344,38.294559478759766
2013-04-29,47.689998626708984,38.415401458740234
2013-04-30,47.33000183105469,38.125431060791016
2013-05-01,46.83000183105469,37.722660064697266
2013-05-02,47.349998474121094,38.14152908325195
2013-05-03,47.66999816894531,38.39928436279297
2013-05-06,47.36000061035156,38.14958953857422
2013-05-07,47.5099983215332,38.27039337158203
2013-05-08,47.650001525878906,38.3831901550293
2013-05-09,47.709999084472656,38.4315071105957
2013-05-10,48.18000030517578,38.81011199951172
2013-05-13,48.58000183105469,39.132320404052734
2013-05-14,49.06999969482422,39.52702713012695
2013-05-15,49.33000183105469,39.736446380615234
2013-05-16,48.81999969482422,39.32563781738281
2013-05-17,49.099998474121094,39.55120086669922
2013-05-20,48.7599983215332,39.27730941772461
2013-05-21,49.290000915527344,39.70423126220703
2013-05-22,49.290000915527344,39.70423126220703
2013-05-23,49.27000045776367,39.688140869140625
2013-05-24,49.119998931884766,39.56731033325195
2013-05-28,49.619998931884766,39.97006607055664
2013-05-29,48.84000015258789,39.34175491333008
2013-05-30,49.189998626708984,39.623695373535156
2013-05-31,48.11000061035156,38.753726959228516
2013-06-03,48.369998931884766,38.9631462097168
2013-06-04,48.06999969482422,38.72150421142578
2013-06-05,47.369998931884766,38.157649993896484
2013-06-06,48.060001373291016,38.71344757080078
2013-06-07,48.5,39.067874908447266
2013-06-10,48.56999969482422,39.124263763427734
2013-06-11,48.369998931884766,38.9631462097168
2013-06-12,47.880001068115234,38.56844711303711
2013-06-13,48.619998931884766,39.1645393371582
2013-06-14,48.540000915527344,39.10009002685547
2013-06-17,48.650001525878906,39.188697814941406
2013-06-18,49.060001373291016,39.51897048950195
2013-06-19,48.279998779296875,38.89065933227539
2013-06-20,47.040000915527344,37.891815185546875
2013-06-21,47.290000915527344,38.265647888183594
2013-06-24,46.88999938964844,37.94198226928711
2013-06-25,47.130001068115234,38.13618087768555
2013-06-26,47.810001373291016,38.686424255371094
2013-06-27,47.97999954223633,38.823974609375
2013-06-28,47.61000061035156,38.52458953857422
2013-07-01,47.7400016784668,38.629791259765625
2013-07-02,47.63999938964844,38.548866271972656
2013-07-03,47.56999969482422,38.49221420288086
2013-07-05,48.220001220703125,39.018184661865234
2013-07-08,48.4900016784668,39.236656188964844
2013-07-09,48.630001068115234,39.349937438964844
2013-07-10,48.95000076293945,39.608882904052734
2013-07-11,49.58000183105469,40.11866760253906
2013-07-12,49.880001068115234,40.36141586303711
2013-07-15,49.93000030517578,40.40186309814453
2013-07-16,49.63999938964844,40.16718673706055
2013-07-17,49.77000045776367,40.27238464355469
2013-07-18,49.90999984741211,40.38567352294922
2013-07-19,50.56999969482422,40.919734954833984
2013-07-22,50.81999969482422,41.12202453613281
2013-07-23,50.63999938964844,40.97636413574219
2013-07-24,50.560001373291016,40.911643981933594
2013-07-25,50.810001373291016,41.113929748535156
2013-07-26,51.13999938964844,41.38095474243164
2013-07-29,50.9900016784668,41.25959014892578
2013-07-30,51.0,41.26765060424805
2013-07-31,51.02000045776367,41.28386688232422
2013-08-01,51.34000015258789,41.542781829833984
2013-08-02,51.36000061035156,41.55897521972656
2013-08-05,51.290000915527344,41.50232696533203
2013-08-06,51.04999923706055,41.30812072753906
2013-08-07,51.09000015258789,41.340492248535156
2013-08-08,51.09000015258789,41.340492248535156
2013-08-09,50.90999984741211,41.19485092163086
2013-08-12,50.70000076293945,41.02491760253906
2013-08-13,50.88999938964844,41.17866134643555
2013-08-14,50.4900016784668,40.8549919128418
2013-08-15,49.63999938964844,40.16718673706055
2013-08-16,49.40999984741211,39.9810905456543
2013-08-19,49.5,40.053924560546875
2013-08-20,49.63999938964844,40.16718673706055
2013-08-21,49.34000015258789,39.9244384765625
2013-08-22,49.65999984741211,40.183380126953125
2013-08-23,49.790000915527344,40.2885856628418
2013-08-26,49.86000061035156,40.345218658447266
2013-08-27,49.04999923706055,39.689788818359375
2013-08-28,49.2599983215332,39.859710693359375
2013-08-29,49.40999984741211,39.9810905456543
2013-08-30,49.220001220703125,39.827354431152344
2013-09-03,49.540000915527344,40.086273193359375
2013-09-04,50.11000061035156,40.54751205444336
2013-09-05,50.18000030517578,40.60415267944336
2013-09-06,50.20000076293945,40.62033462524414
2013-09-09,50.5099983215332,40.871192932128906
2013-09-10,50.83000183105469,41.13011932373047
2013-09-11,51.16999816894531,41.405250549316406
2013-09-12,51.09000015258789,41.340492248535156
2013-09-13,51.209999084472656,41.437599182128906
2013-09-16,51.66999816894531,41.8098258972168
2013-09-17,51.70000076293945,41.834083557128906
2013-09-18,52.02000045776367,42.0930290222168
2013-09-19,51.849998474121094,41.9554557800293
2013-09-20,51.540000915527344,41.87664031982422
2013-09-23,51.18000030517578,41.58415603637695
2013-09-24,50.91999816894531,41.37289047241211
2013-09-25,50.52000045776367,41.047908782958984
2013-09-26,50.70000076293945,41.19414520263672
2013-09-27,50.70000076293945,41.19414520263672
2013-09-30,50.59000015258789,41.104774475097656
2013-10-01,51.22999954223633,41.62477493286133
2013-10-02,51.11000061035156,41.52728271484375
2013-10-03,50.65999984741211,41.161643981933594
2013-10-04,51.220001220703125,41.61664581298828
2013-10-07,50.650001525878906,41.15353012084961
2013-10-08,49.91999816894531,40.56039810180664
2013-10-09,49.83000183105469,40.487266540527344
2013-10-10,50.9900016784668,41.42977523803711
2013-10-11,51.22999954223633,41.62477493286133
2013-10-14,51.599998474121094,41.92539596557617
2013-10-15,51.27000045776367,41.65727996826172
2013-10-16,52.31999969482422,42.51041793823242
2013-10-17,52.7599983215332,42.86790466308594
2013-10-18,52.54999923706055,42.6972770690918
2013-10-21,52.279998779296875,42.477909088134766
2013-10-22,52.77000045776367,42.87604522705078
2013-10-23,52.66999816894531,42.794776916503906
2013-10-24,52.66999816894531,42.794776916503906
2013-10-25,52.7400016784668,42.85167694091797
2013-10-28,52.91999816894531,42.99790954589844
2013-10-29,53.27000045776367,43.28228759765625
2013-10-30,52.97999954223633,43.046669006347656
2013-10-31,52.77000045776367,42.87604522705078
2013-11-01,53.119998931884766,43.16041564941406
2013-11-04,53.15999984741211,43.19292068481445
2013-11-05,52.97999954223633,43.046669006347656
2013-11-06,52.86000061035156,42.94916915893555
2013-11-07,52.38999938964844,42.56727981567383
2013-11-08,53.15999984741211,43.19292068481445
2013-11-11,53.290000915527344,43.298545837402344
2013-11-12,53.2599983215332,43.274169921875
2013-11-13,53.560001373291016,43.517913818359375
2013-11-14,54.0099983215332,43.8835563659668
2013-11-15,54.31999969482422,44.13541793823242
2013-11-18,54.08000183105469,43.94042205810547
2013-11-19,54.13999938964844,43.98916244506836
2013-11-20,54.29999923706055,44.11917495727539
2013-11-21,54.52000045776367,44.29792785644531
2013-11-22,55.25,44.89104461669922
2013-11-25,55.470001220703125,45.06980895996094
2013-11-26,55.310001373291016,44.93980407714844
2013-11-27,55.290000915527344,44.92357635498047
2013-11-29,55.2599983215332,44.8991813659668
2013-12-02,55.279998779296875,44.91542434692383
2013-12-03,54.79999923706055,44.525413513183594
2013-12-04,54.61000061035156,44.37104797363281
2013-12-05,54.5099983215332,44.289791107177734
2013-12-06,55.220001220703125,44.86668395996094
2013-12-09,55.33000183105469,44.95606231689453
2013-12-10,55.11000061035156,44.777305603027344
2013-12-11,54.15999984741211,44.00542068481445
2013-12-12,53.77000045776367,43.68855285644531
2013-12-13,53.810001373291016,43.721046447753906
2013-12-16,53.90999984741211,43.80230712890625
2013-12-17,53.650001525878906,43.59104919433594
2013-12-18,54.97999954223633,44.67167663574219
2013-12-19,54.86000061035156,44.574180603027344
2013-12-20,54.90999984741211,44.79853439331055
2013-12-23,55.119998931884766,44.969879150390625
2013-12-24,55.02000045776367,44.88827133178711
2013-12-26,55.43000030517578,45.22279357910156
2013-12-27,55.380001068115234,45.18199157714844
2013-12-30,55.470001220703125,45.25542449951172
2013-12-31,55.439998626708984,45.23094177246094
2014-01-02,55.130001068115234,44.978023529052734
2014-01-03,55.2599983215332,45.084075927734375
2014-01-06,55.029998779296875,44.89644241333008
2014-01-07,55.61000061035156,45.36963653564453
2014-01-08,56.099998474121094,45.76940155029297
2014-01-09,56.52000045776367,46.1120719909668
2014-01-10,56.7400016784668,46.29155731201172
2014-01-13,56.279998779296875,45.916255950927734
2014-01-14,56.9900016784668,46.49552536010742
2014-01-15,56.939998626708984,46.45471954345703
2014-01-16,57.08000183105469,46.56894302368164
2014-01-17,57.02000045776367,46.519996643066406
2014-01-21,57.349998474121094,46.789215087890625
2014-01-22,57.400001525878906,46.83001708984375
2014-01-23,57.0,46.503662109375
2014-01-24,55.65999984741211,45.410430908203125
2014-01-27,55.209999084472656,45.04329299926758
2014-01-28,55.95000076293945,45.64703369140625
2014-01-29,55.439998626708984,45.23094177246094
2014-01-30,56.45000076293945,46.05494689941406
2014-01-31,55.959999084472656,45.65519714355469
2014-02-03,54.86000061035156,44.75775146484375
2014-02-04,55.400001525878906,45.198307037353516
2014-02-05,55.09000015258789,44.945396423339844
2014-02-06,55.400001525878906,45.198307037353516
2014-02-07,56.349998474121094,45.973358154296875
2014-02-10,56.81999969482422,46.35682678222656
2014-02-11,57.59000015258789,46.98502731323242
2014-02-12,57.59000015258789,46.98502731323242
2014-02-13,58.0,47.31953811645508
2014-02-14,58.209999084472656,47.49085235595703
2014-02-18,58.75,47.931419372558594
2014-02-19,58.38999938964844,47.637725830078125
2014-02-20,58.91999816894531,48.07011032104492
2014-02-21,58.810001373291016,47.98037338256836
2014-02-24,59.25,48.33934020996094
2014-02-25,59.099998474121094,48.21697235107422
2014-02-26,59.099998474121094,48.21697235107422
2014-02-27,59.439998626708984,48.494354248046875
2014-02-28,59.439998626708984,48.494354248046875
2014-03-03,59.0,48.1353874206543
2014-03-04,60.119998931884766,49.04914474487305
2014-03-05,59.970001220703125,48.92675018310547
2014-03-06,59.599998474121094,48.62489700317383
2014-03-07,59.45000076293945,48.50251770019531
2014-03-10,59.70000076293945,48.706485748291016
2014-03-11,59.58000183105469,48.60858154296875
2014-03-12,59.56999969482422,48.60041427612305
2014-03-13,58.7599983215332,47.939579010009766
2014-03-14,58.439998626708984,47.67849349975586
2014-03-17,59.0099983215332,48.143531799316406
2014-03-18,59.63999938964844,48.657527923583984
2014-03-19,59.459999084472656,48.51066589355469
2014-03-20,59.459999084472656,48.51066589355469
2014-03-21,58.18000030517578,47.63059997558594
2014-03-24,57.529998779296875,47.09845733642578
2014-03-25,58.040000915527344,47.5159797668457
2014-03-26,58.060001373291016,47.5323486328125
2014-03-27,57.93000030517578,47.42592239379883
2014-03-28,57.709999084472656,47.245819091796875
2014-03-31,58.4900016784668,47.8843879699707
2014-04-01,58.86000061035156,48.187313079833984
2014-04-02,59.119998931884766,48.400150299072266
2014-04-03,58.9900016784668,48.293724060058594
2014-04-04,58.0099983215332,47.491416931152344
2014-04-07,57.43000030517578,47.016605377197266
2014-04-08,56.959999084472656,46.631813049316406
2014-04-09,58.18000030517578,47.63059997558594
2014-04-10,56.2400016784668,46.042362213134766
2014-04-11,55.709999084472656,45.60845184326172
2014-04-14,56.02000045776367,45.862266540527344
2014-04-15,56.619998931884766,46.353458404541016
2014-04-16,56.900001525878906,46.58268737792969
2014-04-17,56.88999938964844,46.57449722290039
2014-04-21,57.56999969482422,47.131202697753906
2014-04-22,58.20000076293945,47.64698028564453
2014-04-23,57.90999984741211,47.409549713134766
2014-04-24,57.81999969482422,47.33588790893555
2014-04-25,57.38999938964844,46.98383712768555
2014-04-28,57.72999954223633,47.262184143066406
2014-04-29,58.06999969482422,47.5405387878418
2014-04-30,58.119998931884766,47.581485748291016
2014-05-01,58.25,47.68791198730469
2014-05-02,57.75,47.278568267822266
2014-05-05,58.130001068115234,47.58964538574219
2014-05-06,57.619998931884766,47.17213439941406
2014-05-07,57.779998779296875,47.30311584472656
2014-05-08,57.470001220703125,47.049339294433594
2014-05-09,57.81999969482422,47.33588790893555
2014-05-12,58.40999984741211,47.81888961791992
2014-05-13,58.5,47.89257049560547
2014-05-14,58.540000915527344,47.92532730102539
2014-05-15,57.95000076293945,47.44230651855469
2014-05-16,58.150001525878906,47.60603332519531
2014-05-19,58.5099983215332,47.90076446533203
2014-05-20,58.13999938964844,47.59785079956055
2014-05-21,58.630001068115234,47.99900436401367
2014-05-22,58.97999954223633,48.28553771972656
2014-05-23,59.0099983215332,48.310096740722656
2014-05-27,59.33000183105469,48.57207107543945
2014-05-28,59.15999984741211,48.43290328979492
2014-05-29,59.630001068115234,48.81768035888672
2014-05-30,59.790000915527344,48.948665618896484
2014-06-02,59.869998931884766,49.01416015625
2014-06-03,59.97999954223633,49.104217529296875
2014-06-04,60.150001525878906,49.24338912963867
2014-06-05,60.220001220703125,49.30069351196289
2014-06-06,60.15999984741211,49.25157165527344
2014-06-09,59.849998474121094,48.99779510498047
2014-06-10,60.04999923706055,49.16151809692383
2014-06-11,59.97999954223633,49.104217529296875
2014-06-12,59.68000030517578,48.858604431152344
2014-06-13,59.630001068115234,48.81768035888672
2014-06-16,59.75,48.915924072265625
2014-06-17,59.720001220703125,48.891357421875
2014-06-18,60.20000076293945,49.284324645996094
2014-06-19,60.400001525878906,49.44805145263672
2014-06-20,60.68000030517578,49.86387634277344
2014-06-23,60.45000076293945,49.67486572265625
2014-06-24,60.4900016784668,49.70772933959961
2014-06-25,61.150001525878906,50.25009536743164
2014-06-26,61.22999954223633,50.31583023071289
2014-06-27,61.06999969482422,50.18434143066406
2014-06-30,60.83000183105469,49.987125396728516
2014-07-01,61.599998474121094,50.619876861572266
2014-07-02,62.06999969482422,51.006107330322266
2014-07-03,62.31999969482422,51.21154022216797
2014-07-07,61.849998474121094,50.825313568115234
2014-07-08,61.27000045776367,50.34868621826172
2014-07-09,61.529998779296875,50.562355041503906
2014-07-10,61.4900016784668,50.52948760986328
2014-07-11,61.619998931884766,50.636322021484375
2014-07-14,61.81999969482422,50.800655364990234
2014-07-15,61.290000915527344,50.36513900756836
2014-07-16,61.09000015258789,50.20078659057617
2014-07-17,60.41999816894531,49.650211334228516
2014-07-18,61.40999984741211,50.463741302490234
2014-07-21,61.15999984741211,50.2583122253418
2014-07-22,61.689998626708984,50.69383239746094
2014-07-23,62.189998626708984,51.104713439941406
2014-07-24,62.060001373291016,50.99787902832031
2014-07-25,61.83000183105469,50.80887985229492
2014-07-28,61.88999938964844,50.858177185058594
2014-07-29,61.939998626708984,50.8992805480957
2014-07-30,62.189998626708984,51.104713439941406
2014-07-31,60.90999984741211,50.05287551879883
2014-08-01,60.959999084472656,50.09395980834961
2014-08-04,61.220001220703125,50.307613372802734
2014-08-05,60.630001068115234,49.822784423828125
2014-08-06,60.599998474121094,49.79812240600586
2014-08-07,59.81999969482422,49.15716552734375
2014-08-08,60.529998779296875,49.74060821533203
2014-08-11,60.5,49.7159538269043
2014-08-12,60.45000076293945,49.67486572265625
2014-08-13,61.18000030517578,50.27473068237305
2014-08-14,61.900001525878906,50.866397857666016
2014-08-15,61.959999084472656,50.91570281982422
2014-08-18,62.439998626708984,51.31013870239258
2014-08-19,62.849998474121094,51.647071838378906
2014-08-20,62.84000015258789,51.63884735107422
2014-08-21,62.93000030517578,51.71281433105469
2014-08-22,62.9900016784668,51.762115478515625
2014-08-25,63.470001220703125,52.15653610229492
2014-08-26,63.70000076293945,52.34553909301758
2014-08-27,63.650001525878906,52.304466247558594
2014-08-28,63.630001068115234,52.288028717041016
2014-08-29,63.86000061035156,52.47703170776367
2014-09-02,63.83000183105469,52.4523811340332
2014-09-03,64.12000274658203,52.6906852722168
2014-09-04,63.79999923706055,52.427734375
2014-09-05,64.16999816894531,52.731788635253906
2014-09-08,64.18000030517578,52.739994049072266
2014-09-09,64.01000213623047,52.60029983520508
2014-09-10,64.45999908447266,52.97008514404297
2014-09-11,64.27999877929688,52.82217025756836
2014-09-12,63.810001373291016,52.435951232910156
2014-09-15,63.63999938964844,52.296260833740234
2014-09-16,64.51000213623047,53.011173248291016
2014-09-17,64.55999755859375,53.05226516723633
2014-09-18,65.04000091552734,53.44668960571289
2014-09-19,64.87999725341797,53.50525665283203
2014-09-22,64.52999877929688,53.21662902832031
2014-09-23,64.1500015258789,52.903228759765625
2014-09-24,65.2699966430664,53.82686996459961
2014-09-25,64.19999694824219,52.944461822509766
2014-09-26,64.4000015258789,53.10939407348633
2014-09-29,64.26000213623047,52.993953704833984
2014-09-30,63.90999984741211,52.70531463623047
2014-10-01,63.2400016784668,52.15278625488281
2014-10-02,63.11000061035156,52.045562744140625
2014-10-03,64.41000366210938,53.11766052246094
2014-10-06,64.11000061035156,52.87025833129883
2014-10-07,63.09000015258789,52.02906799316406
2014-10-08,64.69999694824219,53.35680389404297
2014-10-09,63.36000061035156,52.25174331665039
2014-10-10,62.970001220703125,51.93012237548828
2014-10-13,61.47999954223633,50.70134353637695
2014-10-14,61.02000045776367,50.32197952270508
2014-10-15,60.52000045776367,49.90965270996094
2014-10-16,60.209999084472656,49.65399169921875
2014-10-17,61.16999816894531,50.445701599121094
2014-10-20,61.90999984741211,51.05596160888672
2014-10-21,63.54999923706055,52.408424377441406
2014-10-22,63.22999954223633,52.14453125
2014-10-23,64.30999755859375,53.03517532348633
2014-10-24,65.20999908447266,53.77738952636719
2014-10-27,65.27999877929688,53.83512878417969
2014-10-28,65.76000213623047,54.23098373413086
2014-10-29,65.79000091552734,54.255699157714844
2014-10-30,67.0,55.25357437133789
2014-10-31,67.2699966430664,55.47624206542969
2014-11-03,67.3499984741211,55.54220199584961
2014-11-04,67.36000061035156,55.55046844482422
2014-11-05,67.29000091552734,55.492733001708984
2014-11-06,67.69999694824219,55.830848693847656
2014-11-07,67.02999877929688,55.27830505371094
2014-11-10,67.70999908447266,55.83909225463867
2014-11-11,67.95999908447266,56.04527282714844
2014-11-12,67.86000061035156,55.96281051635742
2014-11-13,67.80999755859375,55.92156219482422
2014-11-14,67.25,55.45974349975586
2014-11-17,67.58000183105469,55.73188400268555
2014-11-18,68.66999816894531,56.63080596923828
2014-11-19,68.29000091552734,56.317413330078125
2014-11-20,68.0,56.07823944091797
2014-11-21,68.31999969482422,56.342140197753906
2014-11-24,68.66999816894531,56.63080596923828
2014-11-25,68.76000213623047,56.705013275146484
2014-11-26,69.18000030517578,57.05137252807617
2014-11-28,69.61000061035156,57.40599060058594
2014-12-01,69.44000244140625,57.26578903198242
2014-12-02,70.20999908447266,57.90080261230469
2014-12-03,70.31999969482422,57.99150848388672
2014-12-04,70.2300033569336,57.91729736328125
2014-12-05,70.79000091552734,58.3791389465332
2014-12-08,71.04000091552734,58.585289001464844
2014-12-09,70.73999786376953,58.33787536621094
2014-12-10,69.6500015258789,57.438987731933594
2014-12-11,69.8499984741211,57.60391616821289
2014-12-12,68.77999877929688,56.72151184082031
2014-12-15,68.1500015258789,56.20195770263672
2014-12-16,67.36000061035156,55.55046844482422
2014-12-17,68.62000274658203,56.589561462402344
2014-12-18,70.5,58.139949798583984
2014-12-19,70.41000366210938,58.28068542480469
2014-12-22,69.73999786376953,57.72608947753906
2014-12-23,68.13999938964844,56.40171432495117
2014-12-24,68.63999938964844,56.81557846069336
2014-12-26,69.12999725341797,57.22115707397461
2014-12-29,69.37000274658203,57.419830322265625
2014-12-30,69.06999969482422,57.17149353027344
2014-12-31,68.37999725341797,56.60035705566406
2015-01-02,68.62999725341797,56.80732345581055
2015-01-05,68.27999877929688,56.51759719848633
2015-01-06,68.05000305175781,56.32722473144531
2015-01-07,69.6500015258789,57.651607513427734
2015-01-08,70.83999633789062,58.63658142089844
2015-01-09,70.20999908447266,58.115135192871094
2015-01-12,70.23999786376953,58.13995361328125
2015-01-13,69.93000030517578,57.88336181640625
2015-01-14,69.81999969482422,57.79233169555664
2015-01-15,69.06999969482422,57.17149353027344
2015-01-16,70.37000274658203,58.247554779052734
2015-01-20,70.37000274658203,58.247554779052734
2015-01-21,70.51000213623047,58.36344909667969
2015-01-22,71.3499984741211,59.058719635009766
2015-01-23,70.94000244140625,58.719364166259766
2015-01-26,71.30999755859375,59.02562713623047
2015-01-27,70.80000305175781,58.603511810302734
2015-01-28,69.77999877929688,57.75919723510742
2015-01-29,70.37000274658203,58.247554779052734
2015-01-30,69.2699966430664,57.3370475769043
2015-02-02,69.66000366210938,57.65986251831055
2015-02-03,70.12999725341797,58.048919677734375
2015-02-04,69.25,57.320499420166016
2015-02-05,70.41999816894531,58.28897476196289
2015-02-06,69.77999877929688,57.75919723510742
2015-02-09,68.95999908447266,57.08045959472656
2015-02-10,70.12000274658203,58.040626525878906
2015-02-11,70.19000244140625,58.09858322143555
2015-02-12,70.44000244140625,58.30549621582031
2015-02-13,70.72000122070312,58.53728485107422
2015-02-17,71.2300033569336,58.95942306518555
2015-02-18,71.30999755859375,59.02562713623047
2015-02-19,71.43000030517578,59.124961853027344
2015-02-20,72.18000030517578,59.745750427246094
2015-02-23,72.51000213623047,60.0189094543457
2015-02-24,72.41999816894531,59.944419860839844
2015-02-25,72.38999938964844,59.91958236694336
2015-02-26,72.58999633789062,60.08511734008789
2015-02-27,72.23999786376953,59.79542922973633
2015-03-02,72.88999938964844,60.33344268798828
2015-03-03,72.2300033569336,59.78715133666992
2015-03-04,72.58000183105469,60.07685470581055
2015-03-05,72.83999633789062,60.292057037353516
2015-03-06,71.41000366210938,59.10840606689453
2015-03-09,71.8499984741211,59.472591400146484
2015-03-10,71.05000305175781,58.81040954589844
2015-03-11,71.01000213623047,58.777305603027344
2015-03-12,71.94999694824219,59.555355072021484
2015-03-13,71.80999755859375,59.439510345458984
2015-03-16,73.4000015258789,60.755577087402344
2015-03-17,73.19000244140625,60.58176803588867
2015-03-18,74.13999938964844,61.368106842041016
2015-03-19,74.56999969482422,61.724021911621094
2015-03-20,74.9000015258789,62.17059326171875
2015-03-23,74.69000244140625,61.99629592895508
2015-03-24,74.04000091552734,61.456764221191406
2015-03-25,72.69000244140625,60.33618927001953
2015-03-26,72.5199966430664,60.19508743286133
2015-03-27,73.04000091552734,60.62670135498047
2015-03-30,73.77999877929688,61.240962982177734
2015-03-31,72.5,60.17849349975586
2015-04-01,71.7699966430664,59.572540283203125
2015-04-02,71.98999786376953,59.755165100097656
2015-04-06,72.0999984741211,59.84648895263672
2015-04-07,72.2699966430664,59.987571716308594
2015-04-08,72.87999725341797,60.49390411376953
2015-04-09,73.43000030517578,60.95042037963867
2015-04-10,74.05999755859375,61.47337341308594
2015-04-13,73.66000366210938,61.14134979248047
2015-04-14,73.77999877929688,61.240962982177734
2015-04-15,73.97000122070312,61.39866256713867
2015-04-16,73.93000030517578,61.3654670715332
2015-04-17,73.29000091552734,60.8342170715332
2015-04-20,73.73999786376953,61.2077522277832
2015-04-21,74.2300033569336,61.61446762084961
2015-04-22,74.3499984741211,61.71407699584961
2015-04-23,74.62999725341797,61.946502685546875
2015-04-24,74.38999938964844,61.74729919433594
2015-04-27,73.04000091552734,60.62670135498047
2015-04-28,73.4000015258789,60.92552947998047
2015-04-29,72.7300033569336,60.369415283203125
2015-04-30,71.70999908447266,59.52273941040039
2015-05-01,72.68000030517578,60.32791519165039
2015-05-04,73.13999938964844,60.709720611572266
2015-05-05,72.22000122070312,59.94606018066406
2015-05-06,71.94000244140625,59.71367263793945
2015-05-07,72.27999877929688,59.99587631225586
2015-05-08,73.44999694824219,60.96703338623047
2015-05-11,73.48999786376953,61.00022506713867
2015-05-12,73.0199966430664,60.6101188659668
2015-05-13,73.0999984741211,60.67652130126953
2015-05-14,74.11000061035156,61.514869689941406
2015-05-15,74.26000213623047,61.639366149902344
2015-05-18,74.69999694824219,62.004608154296875
2015-05-19,75.05000305175781,62.29511260986328
2015-05-20,75.1500015258789,62.37810134887695
2015-05-21,75.16000366210938,62.38641357421875
2015-05-22,74.9800033569336,62.23702621459961
2015-05-26,74.22000122070312,61.606170654296875
2015-05-27,75.08000183105469,62.32002258300781
2015-05-28,75.12999725341797,62.36150360107422
2015-05-29,74.94000244140625,62.20379638671875
2015-06-01,75.23999786376953,62.45283889770508
2015-06-02,74.75,62.046119689941406
2015-06-03,74.88999938964844,62.16229248046875
2015-06-04,74.37000274658203,61.730690002441406
2015-06-05,74.33999633789062,61.7057991027832
2015-06-08,73.97000122070312,61.39866256713867
2015-06-09,73.94999694824219,61.38203811645508
2015-06-10,74.86000061035156,62.13740539550781
2015-06-11,75.37000274658203,62.560733795166016
2015-06-12,74.44000244140625,61.788787841796875
2015-06-15,74.52999877929688,61.863494873046875
2015-06-16,74.9000015258789,62.17059326171875
2015-06-17,74.97000122070312,62.22871780395508
2015-06-18,76.02999877929688,63.10856246948242
2015-06-19,75.70999908447266,63.05942153930664
2015-06-22,76.30000305175781,63.55082702636719
2015-06-23,76.44999694824219,63.67577362060547
2015-06-24,75.68000030517578,63.03443145751953
2015-06-25,76.0999984741211,63.3842658996582
2015-06-26,75.98999786376953,63.29262161254883
2015-06-29,74.12999725341797,61.74341583251953
2015-06-30,74.38999938964844,61.959983825683594
2015-07-01,75.19000244140625,62.62633514404297
2015-07-02,74.83999633789062,62.33477783203125
2015-07-06,74.80999755859375,62.3098030090332
2015-07-07,75.16999816894531,62.609676361083984
2015-07-08,73.87999725341797,61.53520202636719
2015-07-09,74.27999877929688,61.86836624145508
2015-07-10,75.27999877929688,62.70127487182617
2015-07-13,75.91999816894531,63.23432159423828
2015-07-14,76.68000030517578,63.86732864379883
2015-07-15,76.77999877929688,63.95063781738281
2015-07-16,77.13999938964844,64.25047302246094
2015-07-17,76.97000122070312,64.10890197753906
2015-07-20,77.22000122070312,64.31710052490234
2015-07-21,76.87999725341797,64.0339126586914
2015-07-22,77.05000305175781,64.175537109375
2015-07-23,76.7699966430664,63.94228744506836
2015-07-24,74.8499984741211,62.343109130859375
2015-07-27,74.77999877929688,62.28480911254883
2015-07-28,76.12999725341797,63.409236907958984
2015-07-29,76.26000213623047,63.51748275756836
2015-07-30,76.1500015258789,63.425899505615234
2015-07-31,76.58999633789062,63.79240036010742
2015-08-03,76.52999877929688,63.74240493774414
2015-08-04,76.48999786376953,63.70906448364258
2015-08-05,77.12999725341797,64.24215698242188
2015-08-06,75.44999694824219,62.84285354614258
2015-08-07,75.31999969482422,62.73459243774414
2015-08-10,75.93000030517578,63.2426643371582
2015-08-11,75.29000091552734,62.70957946777344
2015-08-12,75.33999633789062,62.75125503540039
2015-08-13,75.16999816894531,62.609676361083984
2015-08-14,75.37999725341797,62.7845573425293
2015-08-17,76.13999938964844,63.41758728027344
2015-08-18,76.02999877929688,63.32597732543945
2015-08-19,75.72000122070312,63.0677490234375
2015-08-20,73.95999908447266,61.60182571411133
2015-08-21,71.69999694824219,59.7194709777832
2015-08-24,68.6500015258789,57.17909622192383
2015-08-25,67.95999908447266,56.604366302490234
2015-08-26,70.83000183105469,58.99483108520508
2015-08-27,72.20999908447266,60.14421844482422
2015-08-28,71.80000305175781,59.802757263183594
2015-08-31,70.48999786376953,58.7116584777832
2015-09-01,68.63999938964844,57.1707763671875
2015-09-02,70.05000305175781,58.34516906738281
2015-09-03,69.55000305175781,57.9286994934082
2015-09-04,68.68000030517578,57.204071044921875
2015-09-08,70.5999984741211,58.80324172973633
2015-09-09,69.51000213623047,57.89537811279297
2015-09-10,70.18000030517578,58.45343780517578
2015-09-11,70.62999725341797,58.82823944091797
2015-09-14,70.41000366210938,58.64499282836914
2015-09-15,71.41999816894531,59.48624801635742
2015-09-16,71.62000274658203,59.65281677246094
2015-09-17,72.2699966430664,60.19422912597656
2015-09-18,70.91000366210938,59.275550842285156
2015-09-21,69.97000122070312,58.48976135253906
2015-09-22,69.54000091552734,58.13031005859375
2015-09-23,69.47000122070312,58.0717887878418
2015-09-24,68.76000213623047,57.47828674316406
2015-09-25,66.87999725341797,55.90674591064453
2015-09-28,64.29000091552734,53.74169921875
2015-09-29,64.87999725341797,54.23489761352539
2015-09-30,66.2300033569336,55.3634033203125
2015-10-01,66.9000015258789,55.923465728759766
2015-10-02,68.29000091552734,57.08540725708008
2015-10-05,68.47000122070312,57.23588562011719
2015-10-06,66.86000061035156,55.89004135131836
2015-10-07,67.93000030517578,56.78446960449219
2015-10-08,68.12999725341797,56.95165252685547
2015-10-09,68.44000244140625,57.210792541503906
2015-10-12,68.62000274658203,57.361270904541016
2015-10-13,67.76000213623047,56.64238739013672
2015-10-14,67.62999725341797,56.533695220947266
2015-10-15,69.13999938964844,57.795955657958984
2015-10-16,69.76000213623047,58.31421661376953
2015-10-19,70.01000213623047,58.523193359375
2015-10-20,68.91000366210938,57.60367202758789
2015-10-21,68.29000091552734,57.08540725708008
2015-10-22,67.87999725341797,56.742671966552734
2015-10-23,69.33000183105469,57.954769134521484
2015-10-26,69.5999984741211,58.18046188354492
2015-10-27,70.87999725341797,59.250450134277344
2015-10-28,71.47000122070312,59.743648529052734
2015-10-29,71.79000091552734,60.011146545410156
2015-10-30,71.33999633789062,59.63498306274414
2015-11-02,72.86000061035156,60.90559005737305
2015-11-03,72.5999984741211,60.68824005126953
2015-11-04,72.27999877929688,60.42076110839844
2015-11-05,72.05000305175781,60.228485107421875
2015-11-06,71.75,59.97772216796875
2015-11-09,71.19999694824219,59.51793670654297
2015-11-10,71.68000030517578,59.919219970703125
2015-11-11,70.97000122070312,59.3256950378418
2015-11-12,69.73999786376953,58.29750061035156
2015-11-13,69.56999969482422,58.1553840637207
2015-11-16,70.44000244140625,58.88263702392578
2015-11-17,70.73999786376953,59.13343048095703
2015-11-18,72.12000274658203,60.28699493408203
2015-11-19,70.91000366210938,59.275550842285156
2015-11-20,71.5199966430664,59.78542709350586
2015-11-23,71.33999633789062,59.63498306274414
2015-11-24,71.55999755859375,59.81888961791992
2015-11-25,71.94999694824219,60.1448860168457
2015-11-27,72.08999633789062,60.261940002441406
2015-11-30,71.11000061035156,59.44271469116211
2015-12-01,72.30999755859375,60.44581985473633
2015-12-02,71.69999694824219,59.93589782714844
2015-12-03,70.12999725341797,58.62351608276367
2015-12-04,71.77999877929688,60.00278854370117
2015-12-07,71.37999725341797,59.66840744018555
2015-12-08,71.54000091552734,59.802181243896484
2015-12-09,70.81999969482422,59.20030975341797
2015-12-10,71.3499984741211,59.643348693847656
2015-12-11,70.30000305175781,58.7656364440918
2015-12-14,70.76000213623047,59.150150299072266
2015-12-15,71.68000030517578,59.919219970703125
2015-12-16,72.61000061035156,60.69662094116211
2015-12-17,71.83000183105469,60.044586181640625
2015-12-18,70.48999786376953,59.1740608215332
2015-12-21,71.12999725341797,59.71133041381836
2015-12-22,71.61000061035156,60.114261627197266
2015-12-23,72.37999725341797,60.76063919067383
2015-12-24,72.44999694824219,60.81938934326172
2015-12-28,72.11000061035156,60.53398513793945
2015-12-29,72.98999786376953,61.272708892822266
2015-12-30,72.68000030517578,61.012489318847656
2015-12-31,72.02999877929688,60.46681594848633
2016-01-04,70.7300033569336,59.37553787231445
2016-01-05,71.06999969482422,59.66093444824219
2016-01-06,70.48999786376953,59.1740608215332
2016-01-07,69.05999755859375,57.97361373901367
2016-01-08,68.0199966430664,57.10057830810547
2016-01-11,67.20999908447266,56.420597076416016
2016-01-12,68.06999969482422,57.14254379272461
2016-01-13,66.05000305175781,55.44683074951172
2016-01-14,67.81999969482422,56.932674407958984
2016-01-15,66.87000274658203,56.135189056396484
2016-01-19,66.86000061035156,56.12680435180664
2016-01-20,66.98999786376953,56.235923767089844
2016-01-21,66.79000091552734,56.068023681640625
2016-01-22,67.8499984741211,56.95785903930664
2016-01-25,67.22000122070312,56.428985595703125
2016-01-26,67.7300033569336,56.857120513916016
2016-01-27,66.95999908447266,56.210731506347656
2016-01-28,65.4000015258789,54.90116500854492
2016-01-29,66.47000122070312,55.79939270019531
2016-02-01,66.56999969482422,55.88334274291992
2016-02-02,65.61000061035156,55.07746124267578
2016-02-03,66.04000091552734,55.438419342041016
2016-02-04,65.68000030517578,55.136226654052734
2016-02-05,64.4000015258789,54.06169891357422
2016-02-08,63.52000045776367,53.32296371459961
2016-02-09,63.9900016784668,53.717525482177734
2016-02-10,64.55999755859375,54.196014404296875
2016-02-11,63.52000045776367,53.32296371459961
2016-02-12,64.37000274658203,54.036521911621094
2016-02-16,65.58000183105469,55.05227279663086
2016-02-17,66.41000366210938,55.74903869628906
2016-02-18,66.0,55.40485382080078
2016-02-19,65.93000030517578,55.346092224121094
2016-02-22,66.87000274658203,56.135189056396484
2016-02-23,66.37000274658203,55.715457916259766
2016-02-24,66.58999633789062,55.9001350402832
2016-02-25,67.41999816894531,56.59688186645508
2016-02-26,67.30000305175781,56.496158599853516
2016-02-29,66.2300033569336,55.597930908203125
2016-03-01,67.6500015258789,56.78997039794922
2016-03-02,67.76000213623047,56.882328033447266
2016-03-03,67.56999969482422,56.722801208496094
2016-03-04,67.41000366210938,56.588504791259766
2016-03-07,67.94999694824219,57.04180908203125
2016-03-08,67.12000274658203,56.34505081176758
2016-03-09,67.23999786376953,56.4458122253418
2016-03-10,67.27999877929688,56.4793701171875
2016-03-11,68.58999633789062,57.579071044921875
2016-03-14,68.30000305175781,57.33562088012695
2016-03-15,67.23999786376953,56.4458122253418
2016-03-16,67.08000183105469,56.31147384643555
2016-03-17,66.30000305175781,55.65669250488281
2016-03-18,66.83999633789062,56.311302185058594
2016-03-21,67.2300033569336,56.639854431152344
2016-03-22,67.9000015258789,57.204315185546875
2016-03-23,67.41999816894531,56.79991912841797
2016-03-24,67.38999938964844,56.774654388427734
2016-03-28,67.19999694824219,56.61459732055664
2016-03-29,67.9800033569336,57.271732330322266
2016-03-30,67.98999786376953,57.28014373779297
2016-03-31,67.77999877929688,57.10322189331055
2016-04-01,68.55000305175781,57.751930236816406
2016-04-04,69.37000274658203,58.44277572631836
2016-04-05,68.47000122070312,57.68455505371094
2016-04-06,70.30999755859375,59.234683990478516
2016-04-07,69.54000091552734,58.58598327636719
2016-04-08,69.3499984741211,58.425907135009766
2016-04-11,68.81999969482422,57.97940444946289
2016-04-12,69.37999725341797,58.45119857788086
2016-04-13,70.02999877929688,58.998802185058594
2016-04-14,70.06999969482422,59.032508850097656
2016-04-15,70.0199966430664,58.990379333496094
2016-04-18,70.66999816894531,59.537994384765625
2016-04-19,70.91999816894531,59.74861145019531
2016-04-20,71.30000305175781,60.06877136230469
2016-04-21,71.72000122070312,60.42259216308594
2016-04-22,71.87000274658203,60.5489616394043
2016-04-25,71.58999633789062,60.313045501708984
2016-04-26,71.31999969482422,60.08558654785156
2016-04-27,71.23999786376953,60.0181999206543
2016-04-28,70.9000015258789,59.73176193237305
2016-04-29,69.79000091552734,58.796627044677734
2016-05-02,70.19000244140625,59.13359451293945
2016-05-03,69.97000122070312,58.94825744628906
2016-05-04,69.30000305175781,58.3838005065918
2016-05-05,69.58999633789062,58.62810516357422
2016-05-06,69.18000030517578,58.282691955566406
2016-05-09,69.97000122070312,58.94825744628906
2016-05-10,70.55999755859375,59.445343017578125
2016-05-11,69.70999908447266,58.729190826416016
2016-05-12,69.30000305175781,58.3838005065918
2016-05-13,69.13999938964844,58.24900436401367
2016-05-16,70.08000183105469,59.040924072265625
2016-05-17,69.3499984741211,58.425907135009766
2016-05-18,69.63999938964844,58.67021942138672
2016-05-19,69.05000305175781,58.17317581176758
2016-05-20,69.69000244140625,58.71235656738281
2016-05-23,69.41000366210938,58.47646713256836
2016-05-24,70.41000366210938,59.31895065307617
2016-05-25,70.8499984741211,59.68961715698242
2016-05-26,70.86000061035156,59.69807434082031
2016-05-27,71.18000030517578,59.9676399230957
2016-05-31,71.3499984741211,60.11088562011719
2016-06-01,71.61000061035156,60.329917907714844
2016-06-02,72.52999877929688,61.104976654052734
2016-06-03,72.29000091552734,60.902793884277344
2016-06-06,72.68000030517578,61.23137283325195
2016-06-07,72.2300033569336,60.85226821899414
2016-06-08,72.4800033569336,61.06287384033203
2016-06-09,72.36000061035156,60.961795806884766
2016-06-10,71.77999877929688,60.47314453125
2016-06-13,71.20999908447266,59.992923736572266
2016-06-14,71.31999969482422,60.08558654785156
2016-06-15,70.83000183105469,59.672794342041016
2016-06-16,71.08000183105469,59.88341522216797
2016-06-17,70.05999755859375,59.261688232421875
2016-06-20,70.5,59.63386535644531
2016-06-21,70.26000213623047,59.43086624145508
2016-06-22,70.45999908447266,59.60005569458008
2016-06-23,71.37999725341797,60.378231048583984
2016-06-24,69.30999755859375,58.627281188964844
2016-06-27,68.37999725341797,57.84062576293945
2016-06-28,69.70999908447266,58.96562194824219
2016-06-29,71.04000091552734,60.09064865112305
2016-06-30,71.70999908447266,60.65739440917969
2016-07-01,72.16000366210938,61.03801727294922
2016-07-05,72.08999633789062,60.978816986083984
2016-07-06,72.9000015258789,61.663970947265625
2016-07-07,72.79000091552734,61.57090377807617
2016-07-08,73.69000244140625,62.332183837890625
2016-07-11,73.48999786376953,62.163021087646484
2016-07-12,73.8499984741211,62.467525482177734
2016-07-13,73.81999969482422,62.442176818847656
2016-07-14,74.13999938964844,62.71284484863281
2016-07-15,74.08000183105469,62.662105560302734
2016-07-18,74.11000061035156,62.68745422363281
2016-07-19,73.94999694824219,62.552120208740234
2016-07-20,74.62000274658203,63.11886978149414
2016-07-21,74.83999633789062,63.304927825927734
2016-07-22,74.98999786376953,63.431827545166016
2016-07-25,74.91000366210938,63.36417770385742
2016-07-26,74.77999877929688,63.25417709350586
2016-07-27,75.12000274658203,63.54180908203125
2016-07-28,75.05000305175781,63.48257064819336
2016-07-29,75.19999694824219,63.609458923339844
2016-08-01,75.68000030517578,64.01547241210938
2016-08-02,75.38999938964844,63.770172119140625
2016-08-03,75.18000030517578,63.592529296875
2016-08-04,75.06999969482422,63.4995002746582
2016-08-05,75.25,63.651756286621094
2016-08-08,74.61000061035156,63.11039352416992
2016-08-09,74.79000091552734,63.26265335083008
2016-08-10,74.54000091552734,63.051212310791016
2016-08-11,74.97000122070312,63.4149055480957
2016-08-12,74.77999877929688,63.25417709350586
2016-08-15,74.91000366210938,63.36417770385742
2016-08-16,74.23999786376953,62.79743576049805
2016-08-17,74.38999938964844,62.92430877685547
2016-08-18,74.41999816894531,62.949684143066406
2016-08-19,74.36000061035156,62.89894485473633
2016-08-22,74.51000213623047,63.025821685791016
2016-08-23,74.58000183105469,63.08504104614258
2016-08-24,73.41000366210938,62.09534454345703
2016-08-25,72.79000091552734,61.57090377807617
2016-08-26,73.06999969482422,61.807777404785156
2016-08-29,73.2300033569336,61.94309997558594
2016-08-30,72.9800033569336,61.73163604736328
2016-08-31,72.76000213623047,61.545562744140625
2016-09-01,72.56999969482422,61.384822845458984
2016-09-02,72.6500015258789,61.452491760253906
2016-09-06,72.91000366210938,61.67243576049805
2016-09-07,72.91000366210938,61.67243576049805
2016-09-08,72.97000122070312,61.723167419433594
2016-09-09,71.51000213623047,60.48822021484375
2016-09-12,72.56999969482422,61.384822845458984
2016-09-13,71.5999984741211,60.56433868408203
2016-09-14,71.5999984741211,60.56433868408203
2016-09-15,72.33999633789062,61.19025802612305
2016-09-16,72.11000061035156,61.23185729980469
2016-09-19,71.8499984741211,61.01108932495117
2016-09-20,72.06999969482422,61.19792938232422
2016-09-21,72.79000091552734,61.809288024902344
2016-09-22,73.33999633789062,62.276336669921875
2016-09-23,73.11000061035156,62.08102035522461
2016-09-26,72.26000213623047,61.359249114990234
2016-09-27,72.7699966430664,61.79232406616211
2016-09-28,72.66000366210938,61.69892883300781
2016-09-29,71.37999725341797,60.611995697021484
2016-09-30,72.11000061035156,61.23185729980469
2016-10-03,72.05000305175781,61.18094253540039
2016-10-04,71.91000366210938,61.06206512451172
2016-10-05,72.19000244140625,61.299800872802734
2016-10-06,71.91999816894531,61.070533752441406
2016-10-07,71.87000274658203,61.02809143066406
2016-10-10,72.19999694824219,61.308319091796875
2016-10-11,70.38999938964844,59.771358489990234
2016-10-12,70.05999755859375,59.49113082885742
2016-10-13,70.08999633789062,59.516605377197266
2016-10-14,69.62000274658203,59.11751937866211
2016-10-17,69.38999938964844,58.92222213745117
2016-10-18,70.22000122070312,59.62700653076172
2016-10-19,69.95999908447266,59.40623092651367
2016-10-20,70.29000091552734,59.68644714355469
2016-10-21,69.70999908447266,59.19392013549805
2016-10-24,69.58000183105469,59.08353042602539
2016-10-25,69.37999725341797,58.913726806640625
2016-10-26,68.95999908447266,58.55707931518555
2016-10-27,69.27999877929688,58.828792572021484
2016-10-28,67.77999877929688,57.55508804321289
2016-10-31,67.36000061035156,57.198463439941406
2016-11-01,67.0,56.892738342285156
2016-11-02,66.6500015258789,56.59553146362305
2016-11-03,66.0199966430664,56.06058120727539
2016-11-04,66.4800033569336,56.451194763183594
2016-11-07,68.18000030517578,57.894744873046875
2016-11-08,68.37000274658203,58.05608367919922
2016-11-09,70.77999877929688,60.10251235961914
2016-11-10,71.55999755859375,60.76484680175781
2016-11-11,70.48999786376953,59.856266021728516
2016-11-14,70.2699966430664,59.6694450378418
2016-11-15,70.47000122070312,59.83928680419922
2016-11-16,70.16999816894531,59.584529876708984
2016-11-17,70.44999694824219,59.82229232788086
2016-11-18,69.69999694824219,59.18544387817383
2016-11-21,69.94999694824219,59.39772415161133
2016-11-22,68.94000244140625,58.54011154174805
2016-11-23,69.20999908447266,58.76938247680664
2016-11-25,69.4800033569336,58.99864196777344
2016-11-28,68.95999908447266,58.55707931518555
2016-11-29,69.41000366210938,58.93919372558594
2016-11-30,68.75,58.37873458862305
2016-12-01,68.25,57.95417022705078
2016-12-02,68.41000366210938,58.09004211425781
2016-12-05,68.29000091552734,57.98814392089844
2016-12-06,68.4800033569336,58.149478912353516
2016-12-07,67.88999938964844,57.64847183227539
2016-12-08,68.0199966430664,57.758888244628906
2016-12-09,68.8499984741211,58.46367645263672
2016-12-12,69.18000030517578,58.743896484375
2016-12-13,69.73999786376953,59.21940994262695
2016-12-14,69.37999725341797,58.913726806640625
2016-12-15,69.83000183105469,59.295833587646484
2016-12-16,69.58000183105469,59.34273910522461
2016-12-19,69.29000091552734,59.095420837402344
2016-12-20,69.23999786376953,59.052772521972656
2016-12-21,68.8499984741211,58.72014617919922
2016-12-22,68.94000244140625,58.796913146972656
2016-12-23,69.45999908447266,59.24039840698242
2016-12-27,69.5999984741211,59.35979461669922
2016-12-28,69.06999969482422,58.907772064208984
2016-12-29,69.19000244140625,59.010128021240234
2016-12-30,68.94000244140625,58.796913146972656
2017-01-03,69.83999633789062,59.56448745727539
2017-01-04,70.38999938964844,60.03356170654297
2017-01-05,70.75,60.34059524536133
2017-01-06,70.94999694824219,60.511165618896484
2017-01-09,71.25,60.76703643798828
2017-01-10,71.5,60.98025894165039
2017-01-11,70.77999877929688,60.36618423461914
2017-01-12,70.8499984741211,60.42586898803711
2017-01-13,70.91999816894531,60.48557662963867
2017-01-17,70.55999755859375,60.178550720214844
2017-01-18,70.47000122070312,60.10179901123047
2017-01-19,70.0199966430664,59.71800231933594
2017-01-20,69.83999633789062,59.56448745727539
2017-01-23,69.55000305175781,59.31715774536133
2017-01-24,69.06999969482422,58.907772064208984
2017-01-25,69.72000122070312,59.46215057373047
2017-01-26,69.18000030517578,59.00157928466797
2017-01-27,69.75,59.48771667480469
2017-01-30,69.41000366210938,59.19775390625
2017-01-31,70.5199966430664,60.14442825317383
2017-02-01,71.12999725341797,60.6646842956543
2017-02-02,71.11000061035156,60.647640228271484
2017-02-03,71.41999816894531,60.91202926635742
2017-02-06,71.5,60.98025894165039
2017-02-07,71.56999969482422,61.03994369506836
2017-02-08,71.45999908447266,60.946128845214844
2017-02-09,71.72000122070312,61.16788101196289
2017-02-10,71.86000061035156,61.287288665771484
2017-02-13,72.30000305175781,61.66256332397461
2017-02-14,72.87000274658203,62.14866638183594
2017-02-15,73.66000366210938,62.822452545166016
2017-02-16,73.55999755859375,62.7371711730957
2017-02-17,73.66000366210938,62.822452545166016
2017-02-21,73.98999786376953,63.10389709472656
2017-02-22,73.87999725341797,63.01008987426758
2017-02-23,74.41999816894531,63.47066116333008
2017-02-24,74.77999877929688,63.777645111083984
2017-02-27,75.13999938964844,64.08470916748047
2017-02-28,74.98999786376953,63.956764221191406
2017-03-01,75.73999786376953,64.59640502929688
2017-03-02,75.5,64.39173126220703
2017-03-03,75.80000305175781,64.64759826660156
2017-03-06,75.51000213623047,64.4002914428711
2017-03-07,74.9800033569336,63.9482421875
2017-03-08,75.27999877929688,64.20411682128906
2017-03-09,75.69000244140625,64.55377960205078
2017-03-10,75.9800033569336,64.8011245727539
2017-03-13,75.91999816894531,64.74995422363281
2017-03-14,75.63999938964844,64.51115417480469
2017-03-15,76.58999633789062,65.32137298583984
2017-03-16,75.8499984741211,64.69023895263672
2017-03-17,75.16000366210938,64.33415222167969
2017-03-20,75.05000305175781,64.239990234375
2017-03-21,74.45999908447266,63.734989166259766
2017-03-22,74.4800033569336,63.75210952758789
2017-03-23,74.25,63.55524826049805
2017-03-24,74.29000091552734,63.589454650878906
2017-03-27,74.48999786376953,63.760643005371094
2017-03-28,74.54000091552734,63.803462982177734
2017-03-29,74.55999755859375,63.820579528808594
2017-03-30,74.56999969482422,63.829124450683594
2017-03-31,74.36000061035156,63.64938735961914
2017-04-03,74.41999816894531,63.70073699951172
2017-04-04,74.37999725341797,63.666500091552734
2017-04-05,74.1500015258789,63.46961975097656
2017-04-06,74.27999877929688,63.580928802490234
2017-04-07,74.41000366210938,63.692195892333984
2017-04-10,74.2699966430664,63.572349548339844
2017-04-11,74.16999816894531,63.486759185791016
2017-04-12,74.16999816894531,63.486759185791016
2017-04-13,73.9800033569336,63.32414245605469
2017-04-17,74.25,63.55524826049805
2017-04-18,73.44000244140625,62.861915588378906
2017-04-19,73.66000366210938,63.05021286010742
2017-04-20,74.12000274658203,63.443965911865234
2017-04-21,73.68000030517578,63.067344665527344
2017-04-24,74.41000366210938,63.692195892333984
2017-04-25,74.7300033569336,63.96609115600586
2017-04-26,75.13999938964844,64.3170394897461
2017-04-27,75.30000305175781,64.45399475097656
2017-04-28,75.5,64.62519073486328
2017-05-01,75.66999816894531,64.77067565917969
2017-05-02,75.87999725341797,64.95045471191406
2017-05-03,75.51000213623047,64.63374328613281
2017-05-04,76.01000213623047,65.06172180175781
2017-05-05,75.97000122070312,65.02749633789062
2017-05-08,75.5,64.62519073486328
2017-05-09,75.58999633789062,64.70223999023438
2017-05-10,75.37000274658203,64.51390075683594
2017-05-11,75.41000366210938,64.54818725585938
2017-05-12,75.27999877929688,64.43689727783203
2017-05-15,75.7699966430664,64.8563003540039
2017-05-16,75.4800033569336,64.60806274414062
2017-05-17,74.48999786376953,63.760643005371094
2017-05-18,74.81999969482422,64.04312133789062
2017-05-19,75.02999877929688,64.2228775024414
2017-05-22,75.2300033569336,64.39407348632812
2017-05-23,75.4800033569336,64.60806274414062
2017-05-24,75.66999816894531,64.77067565917969
2017-05-25,76.02999877929688,65.078857421875
2017-05-26,75.88999938964844,64.95901489257812
2017-05-30,75.77999877929688,64.8648681640625
2017-05-31,76.08000183105469,65.12166595458984
2017-06-01,76.91999816894531,65.84066772460938
2017-06-02,77.41999816894531,66.26861572265625
2017-06-05,77.19999694824219,66.0802993774414
2017-06-06,77.01000213623047,65.91767883300781
2017-06-07,77.22000122070312,66.09744262695312
2017-06-08,77.0,65.90912628173828
2017-06-09,77.5199966430664,66.35421752929688
2017-06-12,77.41999816894531,66.26861572265625
2017-06-13,77.58000183105469,66.40558624267578
2017-06-14,77.94999694824219,66.72230529785156
2017-06-15,77.87000274658203,66.65382385253906
2017-06-16,77.69000244140625,66.76382446289062
2017-06-19,78.5,67.45989227294922
2017-06-20,78.76000213623047,67.68333435058594
2017-06-21,79.76000213623047,68.54267883300781
2017-06-22,80.58999633789062,69.25594329833984
2017-06-23,80.47000122070312,69.1528549194336
2017-06-26,80.38999938964844,69.08406066894531
2017-06-27,79.66000366210938,68.45674133300781
2017-06-28,80.08000183105469,68.81768035888672
2017-06-29,79.3499984741211,68.19034576416016
2017-06-30,79.23999786376953,68.09581756591797
2017-07-03,79.37999725341797,68.21612548828125
2017-07-05,79.8499984741211,68.62003326416016
2017-07-06,78.81999969482422,67.73487854003906
2017-07-07,79.22000122070312,68.07862091064453
2017-07-10,79.06999969482422,67.94973754882812
2017-07-11,78.9800033569336,67.87239074707031
2017-07-12,79.5199966430664,68.33644104003906
2017-07-13,79.58999633789062,68.3966064453125
2017-07-14,80.12999725341797,68.86064910888672
2017-07-17,79.83999633789062,68.61143493652344
2017-07-18,79.9000015258789,68.66300201416016
2017-07-19,80.55000305175781,69.22158813476562
2017-07-20,81.08000183105469,69.67704772949219
2017-07-21,80.98999786376953,69.59970092773438
2017-07-24,80.95999908447266,69.57392883300781
2017-07-25,80.37999725341797,69.07550048828125
2017-07-26,80.11000061035156,68.8434829711914
2017-07-27,79.55999755859375,68.37079620361328
2017-07-28,79.95999908447266,68.71456146240234
2017-07-31,79.88999938964844,68.65440368652344
2017-08-01,79.70999908447266,68.49971771240234
2017-08-02,79.52999877929688,68.34504699707031
2017-08-03,79.66000366210938,68.45674133300781
2017-08-04,79.4800033569336,68.30206298828125
2017-08-07,79.6500015258789,68.44818115234375
2017-08-08,79.27999877929688,68.13020324707031
2017-08-09,79.37000274658203,68.20752716064453
2017-08-10,78.37999725341797,67.35678100585938
2017-08-11,78.5999984741211,67.54585266113281
2017-08-14,79.12999725341797,68.00129699707031
2017-08-15,79.12999725341797,68.00129699707031
2017-08-16,79.3499984741211,68.19034576416016
2017-08-17,78.36000061035156,67.33959197998047
2017-08-18,78.0,67.03022766113281
2017-08-21,78.3499984741211,67.33099365234375
2017-08-22,79.30000305175781,68.14739990234375
2017-08-23,78.69999694824219,67.63177490234375
2017-08-24,78.93000030517578,67.82941436767578
2017-08-25,78.94999694824219,67.84661102294922
2017-08-28,79.37000274658203,68.20752716064453
2017-08-29,79.5199966430664,68.33644104003906
2017-08-30,79.93000030517578,68.68876647949219
2017-08-31,81.29000091552734,69.85753631591797
2017-09-01,81.2300033569336,69.80596923828125
2017-09-05,80.87999725341797,69.50518798828125
2017-09-06,81.2699966430664,69.84033966064453
2017-09-07,82.16999816894531,70.6137466430664
2017-09-08,82.54000091552734,70.9317398071289
2017-09-11,83.18000030517578,71.48171997070312
2017-09-12,83.36000061035156,71.63642120361328
2017-09-13,83.05000305175781,71.37000274658203
2017-09-14,83.16000366210938,71.46452331542969
2017-09-15,82.58999633789062,71.23595428466797
2017-09-18,82.56999969482422,71.21868133544922
2017-09-19,81.91999816894531,70.65806579589844
2017-09-20,82.0,70.72708129882812
2017-09-21,81.58000183105469,70.36481475830078
2017-09-22,81.58000183105469,70.36481475830078
2017-09-25,81.33999633789062,70.15778350830078
2017-09-26,81.20999908447266,70.04563903808594
2017-09-27,81.18000030517578,70.01982116699219
2017-09-28,81.25,70.0801773071289
2017-09-29,81.7300033569336,70.49417114257812
2017-10-02,82.55999755859375,71.2100830078125
2017-10-03,82.54000091552734,71.1928482055664
2017-10-04,82.94000244140625,71.537841796875
2017-10-05,83.0,71.589599609375
2017-10-06,82.88999938964844,71.49471282958984
2017-10-09,82.37000274658203,71.04623413085938
2017-10-10,82.55999755859375,71.2100830078125
2017-10-11,82.72000122070312,71.34809875488281
2017-10-12,82.62999725341797,71.2704849243164
2017-10-13,82.41999816894531,71.0893325805664
2017-10-16,82.05999755859375,70.77881622314453
2017-10-17,83.16000366210938,71.72760009765625
2017-10-18,83.27999877929688,71.83109283447266
2017-10-19,83.79000091552734,72.27100372314453
2017-10-20,83.87999725341797,72.34861755371094
2017-10-23,83.66999816894531,72.16748809814453
2017-10-24,83.11000061035156,71.68445587158203
2017-10-25,82.98999786376953,71.58097076416016
2017-10-26,82.16000366210938,70.86507415771484
2017-10-27,82.13999938964844,70.84780883789062
2017-10-30,81.26000213623047,70.08879089355469
2017-10-31,81.11000061035156,69.95942687988281
2017-11-01,81.30999755859375,70.13191223144531
2017-11-02,80.94000244140625,69.81278991699219
2017-11-03,81.61000061035156,70.39068603515625
2017-11-06,81.36000061035156,70.17505645751953
2017-11-07,81.52999877929688,70.3216781616211
2017-11-08,81.72000122070312,70.48554992675781
2017-11-09,81.7300033569336,70.49417114257812
2017-11-10,81.19999694824219,70.03704071044922
2017-11-13,81.27999877929688,70.10603332519531
2017-11-14,80.94999694824219,69.8214111328125
2017-11-15,80.72000122070312,69.623046875
2017-11-16,81.55999755859375,70.34754943847656
2017-11-17,81.23999786376953,70.07154846191406
2017-11-20,80.9000015258789,69.77831268310547
2017-11-21,81.61000061035156,70.39068603515625
2017-11-22,81.58000183105469,70.36481475830078
2017-11-24,81.7699966430664,70.52867889404297
2017-11-27,81.83999633789062,70.58905792236328
2017-11-28,82.44000244140625,71.10659790039062
2017-11-29,82.8499984741211,71.46022033691406
2017-11-30,83.47000122070312,71.9949722290039
2017-12-01,83.30000305175781,71.84834289550781
2017-12-04,82.27999877929688,70.96858978271484
2017-12-05,82.13999938964844,70.84780883789062
2017-12-06,82.06999969482422,70.78744506835938
2017-12-07,82.08999633789062,70.80470275878906
2017-12-08,83.01000213623047,71.59820556640625
2017-12-11,83.36000061035156,71.90011596679688
2017-12-12,83.69000244140625,72.18473052978516
2017-12-13,83.9800033569336,72.43486022949219
2017-12-14,83.12999725341797,71.70172119140625
2017-12-15,83.70999908447266,72.4906234741211
2017-12-18,83.73999786376953,72.5166015625
2017-12-19,83.63999938964844,72.43000030517578
2017-12-20,83.37000274658203,72.1961898803711
2017-12-21,83.18000030517578,72.03166198730469
2017-12-22,82.91000366210938,71.7978286743164
2017-12-26,82.93000030517578,71.8151626586914
2017-12-27,83.06999969482422,71.9364242553711
2017-12-28,83.19000244140625,72.04033660888672
2017-12-29,82.68000030517578,71.59867858886719
2018-01-02,83.61000061035156,72.40402221679688
2018-01-03,84.41000366210938,73.09680938720703
2018-01-04,84.52999877929688,73.20074462890625
2018-01-05,85.25,73.8241958618164
2018-01-08,84.94000244140625,73.5557632446289
2018-01-09,85.94000244140625,74.4217300415039
2018-01-10,85.79000091552734,74.29182434082031
2018-01-11,86.16000366210938,74.6122817993164
2018-01-12,86.81999969482422,75.18380737304688
2018-01-16,87.25,75.5561752319336
2018-01-17,88.08999633789062,76.2835693359375
2018-01-18,88.11000061035156,76.30089569091797
2018-01-19,88.44000244140625,76.58667755126953
2018-01-22,89.0199966430664,77.08895111083984
2018-01-23,88.58999633789062,76.7165756225586
2018-01-24,88.8499984741211,76.9417495727539
2018-01-25,89.61000061035156,77.59986114501953
2018-01-26,91.54000091552734,79.27118682861328
2018-01-29,91.29000091552734,79.05470275878906
2018-01-30,89.37000274658203,77.39205932617188
2018-01-31,88.0999984741211,76.29224395751953
2018-02-01,88.12999725341797,76.3182144165039
2018-02-02,86.88999938964844,75.24442291259766
2018-02-05,83.04000091552734,71.91041564941406
2018-02-06,83.95999908447266,72.70710754394531
2018-02-07,83.86000061035156,72.62053680419922
2018-02-08,80.94999694824219,70.10053253173828
2018-02-09,82.0999984741211,71.09640502929688
2018-02-12,82.87000274658203,71.7632064819336
2018-02-13,82.93000030517578,71.8151626586914
2018-02-14,83.87000274658203,72.6291732788086
2018-02-15,84.80000305175781,73.43452453613281
2018-02-16,85.41000366210938,73.96276092529297
2018-02-20,84.47000122070312,73.14875030517578
2018-02-21,84.12000274658203,72.8456802368164
2018-02-22,83.98999786376953,72.73307037353516
2018-02-23,85.33000183105469,73.89352416992188
2018-02-26,86.41000366210938,74.82874298095703
2018-02-27,85.51000213623047,74.04938507080078
2018-02-28,84.13999938964844,72.86298370361328
2018-03-01,82.80000305175781,71.70259857177734
2018-03-02,83.63999938964844,72.43000030517578
2018-03-05,84.4000015258789,73.08814239501953
2018-03-06,84.27999877929688,72.9842300415039
2018-03-07,84.70999908447266,73.3565902709961
2018-03-08,85.27999877929688,73.85018920898438
2018-03-09,86.51000213623047,74.91534423828125
2018-03-12,86.13999938964844,74.59493255615234
2018-03-13,86.25,74.69017028808594
2018-03-14,85.83000183105469,74.32648468017578
2018-03-15,85.69000244140625,74.20526123046875
2018-03-16,85.38999938964844,74.20526123046875
2018-03-19,84.01000213623047,73.00598907470703
2018-03-20,84.12999725341797,73.11029052734375
2018-03-21,83.7699966430664,72.79745483398438
2018-03-22,81.36000061035156,70.7031021118164
2018-03-23,79.66999816894531,69.2344741821289
2018-03-26,81.31999969482422,70.66835021972656
2018-03-27,80.36000061035156,69.8341064453125
2018-03-28,80.79000091552734,70.20777893066406
2018-03-29,81.4000015258789,70.73788452148438
2018-04-02,79.55000305175781,69.13020324707031
2018-04-03,80.76000213623047,70.18170166015625
2018-04-04,81.91000366210938,71.18109130859375
2018-04-05,81.8499984741211,71.12891387939453
2018-04-06,79.87999725341797,69.4169692993164
2018-04-09,80.66999816894531,70.10350036621094
2018-04-10,82.02999877929688,71.28534698486328
2018-04-11,81.36000061035156,70.7031021118164
2018-04-12,81.91000366210938,71.18109130859375
2018-04-13,81.87000274658203,71.14630126953125
2018-04-16,82.5199966430664,71.71115112304688
2018-04-17,83.16000366210938,72.26734924316406
2018-04-18,83.2300033569336,72.32817077636719
2018-04-19,82.52999877929688,71.7198486328125
2018-04-20,82.08999633789062,71.33749389648438
2018-04-23,82.41000366210938,71.6155776977539
2018-04-24,81.79000091552734,71.0767822265625
2018-04-25,82.16000366210938,71.39832305908203
2018-04-26,83.19999694824219,72.30207824707031
2018-04-27,83.54000091552734,72.59757232666016
2018-04-30,82.26000213623047,71.4852294921875
2018-05-01,82.22000122070312,71.4504623413086
2018-05-02,81.08999633789062,70.46846008300781
2018-05-03,80.36000061035156,69.8341064453125
2018-05-04,81.0,70.3902816772461
2018-05-07,80.87999725341797,70.28598022460938
2018-05-08,80.2699966430664,69.7558822631836
2018-05-09,80.7300033569336,70.15563201904297
2018-05-10,81.80999755859375,71.09417724609375
2018-05-11,83.02999877929688,72.15438079833984
2018-05-14,83.58000183105469,72.63233947753906
2018-05-15,82.5,71.69381713867188
2018-05-16,82.95999908447266,72.09354400634766
2018-05-17,82.98999786376953,72.11959838867188
2018-05-18,83.19999694824219,72.30207824707031
2018-05-21,83.27999877929688,72.37162780761719
2018-05-22,83.12000274658203,72.23257446289062
2018-05-23,83.38999938964844,72.46721649169922
2018-05-24,83.05999755859375,72.18043518066406
2018-05-25,82.94000244140625,72.0761489868164
2018-05-29,82.08999633789062,71.33749389648438
2018-05-30,83.31999969482422,72.40638732910156
2018-05-31,82.41000366210938,71.6155776977539
2018-06-01,83.36000061035156,72.441162109375
2018-06-04,83.66999816894531,72.71054077148438
2018-06-05,83.5,72.56279754638672
2018-06-06,84.44000244140625,73.37969207763672
2018-06-07,84.55000305175781,73.47528839111328
2018-06-08,85.04000091552734,73.901123046875
2018-06-11,85.19999694824219,74.0401382446289
2018-06-12,85.1500015258789,73.99668884277344
2018-06-13,85.16999816894531,74.0140609741211
2018-06-14,85.61000061035156,74.39641571044922
2018-06-15,85.45999908447266,74.54122161865234
2018-06-18,84.63999938964844,73.82597351074219
2018-06-19,84.86000061035156,74.01789093017578
2018-06-20,85.04000091552734,74.17488861083984
2018-06-21,84.55000305175781,73.74748992919922
2018-06-22,84.93000030517578,74.07893371582031
2018-06-25,84.1500015258789,73.39860534667969
2018-06-26,83.88999938964844,73.17182159423828
2018-06-27,83.18000030517578,72.55253601074219
2018-06-28,83.29000091552734,72.64845275878906
2018-06-29,83.45999908447266,72.7967529296875
2018-07-02,83.72000122070312,73.02352142333984
2018-07-03,83.91999816894531,73.1979751586914
2018-07-05,84.79000091552734,73.95683288574219
2018-07-06,86.01000213623047,75.02095794677734
2018-07-09,86.63999938964844,75.57044982910156
2018-07-10,86.97000122070312,75.85829162597656
2018-07-11,86.27999877929688,75.25645446777344
2018-07-12,87.23999786376953,76.09378814697266
2018-07-13,87.4000015258789,76.2333755493164
2018-07-16,86.87000274658203,75.77107238769531
2018-07-17,87.3499984741211,76.18975067138672
2018-07-18,87.41999816894531,76.25081634521484
2018-07-19,86.93000030517578,75.82340240478516
2018-07-20,86.76000213623047,75.6751480102539
2018-07-23,86.94000244140625,75.83213806152344
2018-07-24,87.7300033569336,76.52118682861328
2018-07-25,88.8499984741211,77.49809265136719
2018-07-26,88.5999984741211,77.2800521850586
2018-07-27,87.95999908447266,76.7218017578125
2018-07-30,88.01000213623047,76.76542663574219
2018-07-31,88.93000030517578,77.56787872314453
2018-08-01,88.94999694824219,77.58531188964844
2018-08-02,89.27999877929688,77.87316131591797
2018-08-03,89.80999755859375,78.33543395996094
2018-08-06,89.97000122070312,78.47501373291016
2018-08-07,89.9800033569336,78.48372650146484
2018-08-08,90.12000274658203,78.6058578491211
2018-08-09,90.0199966430664,78.51860809326172
2018-08-10,89.62999725341797,78.17845153808594
2018-08-13,89.66000366210938,78.20462799072266
2018-08-14,90.08000183105469,78.57097625732422
2018-08-15,89.93000030517578,78.44010925292969
2018-08-16,90.80999755859375,79.20767211914062
2018-08-17,91.08999633789062,79.45191192626953
2018-08-20,91.38999938964844,79.71356201171875
2018-08-21,91.38999938964844,79.71356201171875
2018-08-22,91.4800033569336,79.79209899902344
2018-08-23,91.44999694824219,79.76590728759766
2018-08-24,91.88999938964844,80.14969635009766
2018-08-27,92.22000122070312,80.43754577636719
2018-08-28,92.2699966430664,80.48114776611328
2018-08-29,92.87000274658203,81.00447845458984
2018-08-30,92.80000305175781,80.94344329833984
2018-08-31,92.77999877929688,80.92597961425781
2018-09-04,92.04000091552734,80.28050994873047
2018-09-05,92.41000366210938,80.60324096679688
2018-09-06,92.41000366210938,80.60324096679688
2018-09-07,92.55000305175781,80.72537231445312
2018-09-10,92.30999755859375,80.51604461669922
2018-09-11,92.2300033569336,80.44627380371094
2018-09-12,92.69000244140625,80.84748840332031
2018-09-13,93.83999633789062,81.8505630493164
2018-09-14,93.52999877929688,81.58014678955078
2018-09-17,93.19000244140625,81.28359985351562
2018-09-18,93.7300033569336,81.7546157836914
2018-09-19,93.5999984741211,81.64122009277344
2018-09-20,94.51000213623047,82.4349365234375
2018-09-21,94.2699966430664,82.54615783691406
2018-09-24,94.45999908447266,82.71251678466797
2018-09-25,94.16999816894531,82.45860290527344
2018-09-26,94.37999725341797,82.64246368408203
2018-09-27,94.86000061035156,83.06279754638672
2018-09-28,95.1500015258789,83.31671142578125
2018-10-01,95.62000274658203,83.72827911376953
2018-10-02,95.51000213623047,83.63195037841797
2018-10-03,95.33000183105469,83.47432708740234
2018-10-04,94.4000015258789,82.66001892089844
2018-10-05,94.29000091552734,82.56365203857422
2018-10-08,94.25,82.52863311767578
2018-10-09,94.41000366210938,82.66873168945312
2018-10-10,92.18000030517578,80.71607971191406
2018-10-11,89.69000244140625,78.53573608398438
2018-10-12,91.06999969482422,79.7441177368164
2018-10-15,90.44000244140625,79.19247436523438
2018-10-16,92.91999816894531,81.3640365600586
2018-10-17,93.41000366210938,81.79312896728516
2018-10-18,92.3499984741211,80.86491394042969
2018-10-19,91.51000213623047,80.12940979003906
2018-10-22,90.76000213623047,79.4726791381836
2018-10-23,90.2699966430664,79.04363250732422
2018-10-24,87.29000091552734,76.43421936035156
2018-10-25,88.41999816894531,77.4236831665039
2018-10-26,87.41999816894531,76.54805755615234
2018-10-29,87.63999938964844,76.74068450927734
2018-10-30,88.58000183105469,77.56377410888672
2018-10-31,88.69999694824219,77.66885375976562
2018-11-01,89.81999969482422,78.64958190917969
2018-11-02,89.26000213623047,78.15921783447266
2018-11-05,90.05000305175781,78.85098266601562
2018-11-06,90.51000213623047,79.25376892089844
2018-11-07,93.16999816894531,81.58296966552734
2018-11-08,93.22000122070312,81.62674713134766
2018-11-09,92.94999694824219,81.39030456542969
2018-11-12,91.69000244140625,80.2870101928711
2018-11-13,91.05000305175781,79.72662353515625
2018-11-14,90.31999969482422,79.08741760253906
2018-11-15,91.12000274658203,79.78789520263672
2018-11-16,92.04000091552734,80.593505859375
2018-11-19,90.87000274658203,79.56900787353516
2018-11-20,90.0199966430664,78.8246841430664
2018-11-21,89.51000213623047,78.37813568115234
2018-11-23,89.63999938964844,78.49198150634766
2018-11-26,90.51000213623047,79.25376892089844
2018-11-27,91.44999694824219,80.07688903808594
2018-11-28,93.6500015258789,82.0032730102539
2018-11-29,93.95999908447266,82.27471160888672
2018-11-30,95.87000274658203,83.9471664428711
2018-12-03,95.41000366210938,83.54438781738281
2018-12-04,93.27999877929688,81.67929077148438
2018-12-06,92.93000030517578,81.372802734375
2018-12-07,90.55999755859375,79.29753875732422
2018-12-10,90.91000366210938,79.60401916503906
2018-12-11,91.19000244140625,79.84920501708984
2018-12-12,91.97000122070312,80.53221893310547
2018-12-13,92.05999755859375,80.61101531982422
2018-12-14,88.95999908447266,77.89654541015625
2018-12-17,87.19000244140625,76.34664916992188
2018-12-18,86.43000030517578,75.68116760253906
2018-12-19,85.30000305175781,74.69168853759766
2018-12-20,84.0999984741211,73.64096069335938
2018-12-21,82.68000030517578,72.72614288330078
2018-12-24,80.69999694824219,70.9845199584961
2018-12-26,84.22000122070312,74.08072662353516
2018-12-27,85.1500015258789,74.89877319335938
2018-12-28,85.25,74.98676300048828
2018-12-31,86.51000213623047,76.0950698852539
2019-01-02,85.19999694824219,74.94277954101562
2019-01-03,83.47000122070312,73.42105102539062
2019-01-04,85.95999908447266,75.61128234863281
2019-01-07,86.29000091552734,75.90153503417969
2019-01-08,86.95999908447266,76.49089050292969
2019-01-09,87.3499984741211,76.83392333984375
2019-01-10,87.5199966430664,76.98345184326172
2019-01-11,87.80999755859375,77.23853302001953
2019-01-14,86.83999633789062,76.38533782958984
2019-01-15,88.4000015258789,77.75752258300781
2019-01-16,88.23999786376953,77.61677551269531
2019-01-17,89.0199966430664,78.30289459228516
2019-01-18,90.08000183105469,79.23527526855469
2019-01-22,89.45999908447266,78.68990325927734
2019-01-23,89.55999755859375,78.77787017822266
2019-01-24,88.80999755859375,78.11817169189453
2019-01-25,88.91999816894531,78.21492004394531
2019-01-28,87.91000366210938,77.3265151977539
2019-01-29,88.33999633789062,77.70474243164062
2019-01-30,89.55000305175781,78.76905822753906
2019-01-31,90.66999816894531,79.75423431396484
2019-02-01,90.75,79.82459259033203
2019-02-04,90.48999786376953,79.59590911865234
2019-02-05,90.36000061035156,79.48155212402344
2019-02-06,90.7699966430664,79.8421859741211
2019-02-07,89.7699966430664,78.96259307861328
2019-02-08,89.94000244140625,79.11215209960938
2019-02-11,89.83000183105469,79.01536560058594
2019-02-12,91.05999755859375,80.0972671508789
2019-02-13,91.26000213623047,80.27320861816406
2019-02-14,91.47000122070312,80.45792388916016
2019-02-15,92.8499984741211,81.6717758178711
2019-02-19,92.62999725341797,81.47827911376953
2019-02-20,92.5199966430664,81.38150024414062
2019-02-21,91.70999908447266,80.66902160644531
2019-02-22,92.55000305175781,81.40789794921875
2019-02-25,92.68000030517578,81.52224731445312
2019-02-26,92.3499984741211,81.23197937011719
2019-02-27,91.91999816894531,80.8537368774414
2019-02-28,91.6500015258789,80.61624908447266
2019-03-01,92.94999694824219,81.75973510742188
2019-03-04,91.69000244140625,80.65143585205078
2019-03-05,91.63999938964844,80.60746002197266
2019-03-06,90.30000305175781,79.42877960205078
2019-03-07,89.58999633789062,78.80425262451172
2019-03-08,89.4000015258789,78.63713836669922
2019-03-11,90.41999816894531,79.53433990478516
2019-03-12,91.08000183105469,80.1148452758789
2019-03-13,92.05999755859375,80.97687530517578
2019-03-14,91.91000366210938,80.84496307373047
2019-03-15,91.98999786376953,81.21664428710938
2019-03-18,91.8499984741211,81.0930404663086
2019-03-19,92.58000183105469,81.73756408691406
2019-03-20,91.94000244140625,81.17250061035156
2019-03-21,92.30000305175781,81.49032592773438
2019-03-22,90.62000274658203,80.00709533691406
2019-03-25,90.56999969482422,79.96295928955078
2019-03-26,91.19000244140625,80.51033020019531
2019-03-27,90.43000030517578,79.8393325805664
2019-03-28,90.66000366210938,80.04240417480469
2019-03-29,91.75,81.0047607421875
2019-04-01,91.88999938964844,81.12834930419922
2019-04-02,91.68000030517578,80.94293975830078
2019-04-03,91.55999755859375,80.8370132446289
2019-04-04,91.37000274658203,80.66925811767578
2019-04-05,92.0,81.22545623779297
2019-04-08,91.9800033569336,81.20780944824219
2019-04-09,91.73999786376953,80.99592590332031
2019-04-10,91.7699966430664,81.02239990234375
2019-04-11,90.63999938964844,80.02474212646484
2019-04-12,89.80999755859375,79.29197692871094
2019-04-15,90.16999816894531,79.60977172851562
2019-04-16,88.31999969482422,77.97642517089844
2019-04-17,85.77999877929688,75.7339096069336
2019-04-18,85.91999816894531,75.8575439453125
2019-04-22,85.97000122070312,75.90167999267578
2019-04-23,87.33000183105469,77.10240173339844
2019-04-24,87.2300033569336,77.01410675048828
2019-04-25,88.12999725341797,77.80872344970703
2019-04-26,89.01000213623047,78.58564758300781
2019-04-29,88.8499984741211,78.44438934326172
2019-04-30,89.26000213623047,78.80636596679688
2019-05-01,89.0999984741211,78.66510772705078
2019-05-02,89.4800033569336,79.00057983398438
2019-05-03,90.16000366210938,79.60096740722656
2019-05-06,90.62000274658203,80.00709533691406
2019-05-07,88.87999725341797,78.47088623046875
2019-05-08,89.06999969482422,78.63861083984375
2019-05-09,88.87999725341797,78.47088623046875
2019-05-10,88.91000366210938,78.49736785888672
2019-05-13,87.23999786376953,77.02294921875
2019-05-14,87.68000030517578,77.41140747070312
2019-05-15,87.94000244140625,77.64095306396484
2019-05-16,88.62999725341797,78.25016021728516
2019-05-17,88.44000244140625,78.0823974609375
2019-05-20,88.4000015258789,78.04710388183594
2019-05-21,89.2300033569336,78.77989959716797
2019-05-22,89.73999786376953,79.23013305664062
2019-05-23,89.43000030517578,78.95645141601562
2019-05-24,89.55999755859375,79.07122039794922
2019-05-28,88.27999877929688,77.9411392211914
2019-05-29,87.43000030517578,77.1906967163086
2019-05-30,87.91000366210938,77.6144790649414
2019-05-31,87.27999877929688,77.05823516845703
2019-06-03,87.48999786376953,77.24363708496094
2019-06-04,88.94000244140625,78.52384948730469
2019-06-05,89.61000061035156,79.11537170410156
2019-06-06,90.06999969482422,79.5215072631836
2019-06-07,91.01000213623047,80.35143280029297
2019-06-10,91.27999877929688,80.58981323242188
2019-06-11,91.12999725341797,80.45735931396484
2019-06-12,91.56999969482422,80.84583282470703
2019-06-13,91.45999908447266,80.74871063232422
2019-06-14,91.25,80.56330108642578
2019-06-17,91.66000366210938,80.92530059814453
2019-06-18,92.44000244140625,81.61393737792969
2019-06-19,93.2699966430664,82.34674072265625
2019-06-20,93.68000030517578,82.70870971679688
2019-06-21,93.7300033569336,83.10594177246094
2019-06-24,93.23999786376953,82.67147827148438
2019-06-25,92.86000061035156,82.3345718383789
2019-06-26,91.69000244140625,81.29716491699219
2019-06-27,92.33000183105469,81.86463165283203
2019-06-28,92.63999938964844,82.13947296142578
2019-07-01,93.0999984741211,82.54735565185547
2019-07-02,93.5999984741211,82.99067687988281
2019-07-03,94.4000015258789,83.70000457763672
2019-07-05,93.75,83.12366485595703
2019-07-08,93.05000305175781,82.50299835205078
2019-07-09,93.13999938964844,82.58283233642578
2019-07-10,93.45999908447266,82.86653900146484
2019-07-11,93.4800033569336,82.88427734375
2019-07-12,92.44000244140625,81.962158203125
2019-07-15,92.63999938964844,82.13947296142578
2019-07-16,92.18000030517578,81.73162841796875
2019-07-17,92.19999694824219,81.74935913085938
2019-07-18,92.72000122070312,82.2104263305664
2019-07-19,91.76000213623047,81.35923767089844
2019-07-22,91.56999969482422,81.19078063964844
2019-07-23,92.13999938964844,81.69615936279297
2019-07-24,92.19000244140625,81.74049377441406
2019-07-25,91.73999786376953,81.34149932861328
2019-07-26,92.06999969482422,81.63414001464844
2019-07-29,92.44999694824219,81.97103118896484
2019-07-30,92.05000305175781,81.6163558959961
2019-07-31,91.13999938964844,80.80950164794922
2019-08-01,91.26000213623047,80.91590118408203
2019-08-02,91.05000305175781,80.72972106933594
2019-08-05,88.91000366210938,78.832275390625
2019-08-06,90.05999755859375,79.8519287109375
2019-08-07,90.08999633789062,79.87852478027344
2019-08-08,91.29000091552734,80.9425048828125
2019-08-09,91.4000015258789,81.04004669189453
2019-08-12,90.51000213623047,80.25092315673828
2019-08-13,91.69000244140625,81.29716491699219
2019-08-14,89.13999938964844,79.03620910644531
2019-08-15,89.44999694824219,79.31106567382812
2019-08-16,90.55000305175781,80.286376953125
2019-08-19,91.41999816894531,81.05774688720703
2019-08-20,90.63999938964844,80.3661880493164
2019-08-21,91.30999755859375,80.96024322509766
2019-08-22,90.86000061035156,80.5612564086914
2019-08-23,88.76000213623047,78.69928741455078
2019-08-26,89.69000244140625,79.52385711669922
2019-08-27,89.16000366210938,79.05392456054688
2019-08-28,89.80999755859375,79.63026428222656
2019-08-29,90.48999786376953,80.2331771850586
2019-08-30,90.5999984741211,80.33072662353516
2019-09-03,90.06999969482422,79.86080932617188
2019-09-04,90.12999725341797,79.91401672363281
2019-09-05,91.0199966430664,80.70310974121094
2019-09-06,91.2699966430664,80.92478942871094
2019-09-09,90.43000030517578,80.17997741699219
2019-09-10,90.69000244140625,80.41053009033203
2019-09-11,91.58999633789062,81.20851135253906
2019-09-12,91.55999755859375,81.18191528320312
2019-09-13,91.51000213623047,81.13756561279297
2019-09-16,91.30999755859375,80.96024322509766
2019-09-17,91.44999694824219,81.08438110351562
2019-09-18,91.44000244140625,81.07550048828125
2019-09-19,91.87000274658203,81.45677185058594
2019-09-20,92.0,81.91082000732422
2019-09-23,91.51000213623047,81.47456359863281
2019-09-24,90.66999816894531,80.72667694091797
2019-09-25,90.2300033569336,80.3349380493164
2019-09-26,89.7300033569336,79.8897705078125
2019-09-27,89.33000183105469,79.53366088867188
2019-09-30,90.12999725341797,80.24592590332031
2019-10-01,89.25,79.46239471435547
2019-10-02,87.94999694824219,78.30496215820312
2019-10-03,88.73999786376953,79.00834655761719
2019-10-04,90.12999725341797,80.24592590332031
2019-10-07,89.83000183105469,79.97882843017578
2019-10-08,88.12000274658203,78.45633697509766
2019-10-09,88.76000213623047,79.02616882324219
2019-10-10,89.19999694824219,79.41790008544922
2019-10-11,89.94000244140625,80.07676696777344
2019-10-14,89.9000015258789,80.04114532470703
2019-10-15,91.54000091552734,81.50127410888672
2019-10-16,91.41999816894531,81.39441680908203
2019-10-17,92.0999984741211,81.99988555908203
2019-10-18,91.76000213623047,81.6971664428711
2019-10-21,91.66000366210938,81.60811614990234
2019-10-22,91.86000061035156,81.78620910644531
2019-10-23,92.43000030517578,82.29366302490234
2019-10-24,91.95999908447266,81.87523651123047
2019-10-25,92.05999755859375,81.9642333984375
2019-10-28,93.01000213623047,82.81006622314453
2019-10-29,94.33000183105469,83.98531341552734
2019-10-30,94.86000061035156,84.45719146728516
2019-10-31,94.75,84.35926055908203
2019-11-01,94.87000274658203,84.46609497070312
2019-11-04,94.58000183105469,84.2078857421875
2019-11-05,93.91000366210938,83.61138153076172
2019-11-06,94.2300033569336,83.89628601074219
2019-11-07,94.44000244140625,84.08326721191406
2019-11-08,95.12999725341797,84.69760131835938
2019-11-11,94.73999786376953,84.350341796875
2019-11-12,95.30999755859375,84.85783386230469
2019-11-13,95.41999816894531,84.95577239990234
2019-11-14,95.43000030517578,84.96470642089844
2019-11-15,97.45999908447266,86.7720718383789
2019-11-18,97.12999725341797,86.4782485961914
2019-11-19,97.79000091552734,87.06587219238281
2019-11-20,97.66000366210938,86.95012664794922
2019-11-21,97.91000366210938,87.17272186279297
2019-11-22,98.26000213623047,87.48434448242188
2019-11-25,99.41000366210938,88.50820922851562
2019-11-26,99.33000183105469,88.4369888305664
2019-11-27,99.83999633789062,88.89107513427734
2019-11-29,99.48999786376953,88.57942962646484
2019-12-02,99.05000305175781,88.18771362304688
2019-12-03,98.83000183105469,87.9918212890625
2019-12-04,99.75,88.81092834472656
2019-12-05,99.75,88.81092834472656
2019-12-06,100.41000366210938,89.39855194091797
2019-12-09,99.70999908447266,88.77531433105469
2019-12-10,99.93000030517578,88.97119903564453
2019-12-11,100.0199966430664,89.05131530761719
2019-12-12,100.94999694824219,89.87934875488281
2019-12-13,100.87999725341797,89.8170166015625
2019-12-16,101.97000122070312,90.78748321533203
2019-12-17,101.86000061035156,90.6895523071289
2019-12-18,102.0,90.81420135498047
2019-12-19,102.4000015258789,91.17033386230469
2019-12-20,102.69999694824219,91.81580352783203
2019-12-23,103.11000061035156,92.18235778808594
2019-12-24,102.9800033569336,92.06612396240234
2019-12-26,102.91000366210938,92.00354766845703
2019-12-27,102.94000244140625,92.0303726196289
2019-12-30,101.66000366210938,91.47786712646484
2019-12-31,101.86000061035156,91.6578369140625
2020-01-02,102.12999725341797,91.90080261230469
2020-01-03,101.23999786376953,91.09992980957031
2020-01-06,101.87000274658203,91.66681671142578
2020-01-07,101.66999816894531,91.48685455322266
2020-01-08,102.33000183105469,92.08075714111328
2020-01-09,102.7699966430664,92.47667694091797
2020-01-10,102.80000305175781,92.5036849975586
2020-01-13,102.44000244140625,92.17973327636719
2020-01-14,103.05999755859375,92.73764038085938
2020-01-15,103.94999694824219,93.53850555419922
2020-01-16,104.48999786376953,94.02442169189453
2020-01-17,104.48999786376953,94.02442169189453
2020-01-21,104.5999984741211,94.12342071533203
2020-01-22,104.7300033569336,94.24036407470703
2020-01-23,104.19999694824219,93.76345825195312
2020-01-24,102.45999908447266,92.19774627685547
2020-01-27,101.68000030517578,91.49586486816406
2020-01-28,102.18000030517578,91.9457778930664
2020-01-29,101.9000015258789,91.6938247680664
2020-01-30,101.16000366210938,91.02794647216797
2020-01-31,99.13999938964844,89.21025848388672
2020-02-03,100.04000091552734,90.0201187133789
2020-02-04,101.80000305175781,91.60385131835938
2020-02-05,103.76000213623047,93.36754608154297
2020-02-06,103.8499984741211,93.44853973388672
2020-02-07,103.04000091552734,92.71965789794922
2020-02-10,103.58999633789062,93.21455383300781
2020-02-11,104.20999908447266,93.7724609375
2020-02-12,104.33999633789062,93.88945007324219
2020-02-13,103.8499984741211,93.44853973388672
2020-02-14,103.93000030517578,93.5204849243164
2020-02-18,103.55999755859375,93.18756103515625
2020-02-19,104.04000091552734,93.61947631835938
2020-02-20,103.37000274658203,93.01658630371094
2020-02-21,103.43000030517578,93.07058715820312
2020-02-24,100.16999816894531,90.1371078491211
2020-02-25,97.12999725341797,87.40160369873047
2020-02-26,97.12000274658203,87.39257049560547
2020-02-27,93.81999969482422,84.42308807373047
2020-02-28,92.61000061035156,83.33431243896484
2020-03-02,96.94999694824219,87.2396011352539
2020-03-03,94.54000091552734,85.07101440429688
2020-03-04,99.98999786376953,89.97513580322266
2020-03-05,97.66999816894531,87.88751220703125
2020-03-06,97.1500015258789,87.41958618164062
2020-03-09,92.0999984741211,82.87538146972656
2020-03-10,95.26000213623047,85.7188720703125
2020-03-11,91.62000274658203,82.44348907470703
2020-03-12,84.77999877929688,76.28854370117188
2020-03-13,90.66000366210938,81.57960510253906
2020-03-16,81.72000122070312,73.53501892089844
2020-03-17,86.8499984741211,78.15121459960938
2020-03-18,83.97000122070312,75.55967712402344
2020-03-19,82.25,74.01193237304688
2020-03-20,79.08999633789062,71.16844940185547
2020-03-23,74.62000274658203,67.4720458984375
2020-03-24,80.37000274658203,72.67125701904297
2020-03-25,81.44000244140625,73.63875579833984
2020-03-26,86.8499984741211,78.53050231933594
2020-03-27,84.98999786376953,76.84868621826172
2020-03-30,88.97000122070312,80.44744110107422
2020-03-31,88.58000183105469,80.09479522705078
2020-04-01,85.20999908447266,77.047607421875
2020-04-02,87.56999969482422,79.18153381347656
2020-04-03,86.77999877929688,78.46720886230469
2020-04-06,91.33000183105469,82.58135223388672
2020-04-07,90.58000183105469,81.90321350097656
2020-04-08,94.30999755859375,85.27590942382812
2020-04-09,94.83000183105469,85.74610900878906
2020-04-13,94.0,84.99560546875
2020-04-14,97.12000274658203,87.81673431396484
2020-04-15,96.62000274658203,87.36463928222656
2020-04-16,98.7300033569336,89.27253723144531
2020-04-17,100.77999877929688,91.12615966796875
2020-04-20,99.9800033569336,90.40276336669922
2020-04-21,96.94000244140625,87.65399169921875
2020-04-22,98.41999816894531,88.9921875
2020-04-23,98.95999908447266,89.48047637939453
2020-04-24,100.29000091552734,90.68307495117188
2020-04-27,101.58000183105469,91.84953308105469
2020-04-28,99.52999877929688,89.9958724975586
2020-04-29,100.19000244140625,90.5926742553711
2020-04-30,99.7300033569336,90.17671966552734
2020-05-01,97.83000183105469,88.45872497558594
2020-05-04,97.77999877929688,88.41351318359375
2020-05-05,99.9000015258789,90.33045959472656
2020-05-06,98.91000366210938,89.43526458740234
2020-05-07,98.9000015258789,89.42622375488281
2020-05-08,99.41000366210938,89.88736724853516
2020-05-11,101.12000274658203,91.43355560302734
2020-05-12,99.58000183105469,90.04110717773438
2020-05-13,98.5,89.06454467773438
2020-05-14,99.58000183105469,90.04110717773438
2020-05-15,100.41999816894531,90.80062866210938
2020-05-18,101.25,91.5511245727539
2020-05-19,100.02999877929688,90.4479751586914
2020-05-20,100.1500015258789,90.55647277832031
2020-05-21,99.41000366210938,89.88736724853516
2020-05-22,99.62000274658203,90.07725524902344
2020-05-26,99.44000244140625,89.91451263427734
2020-05-27,100.47000122070312,90.84583282470703
2020-05-28,101.77999877929688,92.03034973144531
2020-05-29,103.01000213623047,93.14251708984375
2020-06-01,101.98999786376953,92.22020721435547
2020-06-02,102.58000183105469,92.75371551513672
2020-06-03,102.37999725341797,92.5728759765625
2020-06-04,101.56999969482422,91.84046936035156
2020-06-05,103.20999908447266,93.3233871459961
2020-06-08,103.91999816894531,93.96537780761719
2020-06-09,102.83999633789062,92.98880004882812
2020-06-10,102.68000030517578,92.8441390991211
2020-06-11,96.97000122070312,87.68110656738281
2020-06-12,97.5999984741211,88.25076293945312
2020-06-15,97.81999969482422,88.44966125488281
2020-06-16,100.2300033569336,90.62882995605469
2020-06-17,100.12999725341797,90.53841400146484
2020-06-18,99.79000091552734,90.23097229003906
2020-06-19,100.75,91.0990219116211
2020-06-22,99.94000244140625,90.74942016601562
2020-06-23,100.37000274658203,91.13987731933594
2020-06-24,97.75,88.76081848144531
2020-06-25,98.70999908447266,89.63253021240234
2020-06-26,97.51000213623047,88.54288482666016
2020-06-29,98.38999938964844,89.34195709228516
2020-06-30,100.06999969482422,90.86746978759766
2020-07-01,100.83999633789062,91.56664276123047
2020-07-02,101.5999984741211,92.25675964355469
2020-07-06,102.62999725341797,93.1920394897461
2020-07-07,101.73999786376953,92.38386535644531
2020-07-08,101.75,92.39295959472656
2020-07-09,100.94999694824219,91.66651916503906
2020-07-10,100.70999908447266,91.44860076904297
2020-07-13,101.27999877929688,91.96617889404297
2020-07-14,103.29000091552734,93.79134368896484
2020-07-15,104.62999725341797,95.00811767578125
2020-07-16,104.45999908447266,94.85374450683594
2020-07-17,105.88999938964844,96.15225219726562
2020-07-20,105.87000274658203,96.13407897949219
2020-07-21,105.80000305175781,96.07051849365234
2020-07-22,106.75,96.93313598632812
2020-07-23,106.2699966430664,96.49732208251953
2020-07-24,105.0999984741211,95.43489074707031
2020-07-27,105.88999938964844,96.15225219726562
2020-07-28,105.7699966430664,96.04326629638672
2020-07-29,106.87999725341797,97.05120849609375
2020-07-30,106.13999938964844,96.37923431396484
2020-07-31,105.52999877929688,95.82534790039062
2020-08-03,106.62000274658203,96.81510162353516
2020-08-04,106.1500015258789,96.38834381103516
2020-08-05,106.63999938964844,96.8332748413086
2020-08-06,106.06999969482422,96.3156967163086
2020-08-07,106.41000366210938,96.62442779541016
2020-08-10,106.05000305175781,96.29753875732422
2020-08-11,105.37999725341797,95.68913269042969
2020-08-12,107.1500015258789,97.29638671875
2020-08-13,107.01000213623047,97.16925048828125
2020-08-14,106.80000305175781,96.97856903076172
2020-08-17,107.43000030517578,97.55062866210938
2020-08-18,107.4000015258789,97.52339935302734
2020-08-19,107.05000305175781,97.20557403564453
2020-08-20,106.70999908447266,96.8968276977539
2020-08-21,106.81999969482422,96.99674224853516
2020-08-24,106.33000183105469,96.55178833007812
2020-08-25,107.05000305175781,97.20557403564453
2020-08-26,106.91999816894531,97.08753967285156
2020-08-27,107.76000213623047,97.85028076171875
2020-08-28,108.0,98.0682144165039
2020-08-31,108.26000213623047,98.3042984008789
2020-09-01,107.29000091552734,97.42350769042969
2020-09-02,109.44000244140625,99.37577819824219
2020-09-03,106.45999908447266,96.6698226928711
2020-09-04,105.69999694824219,95.97972106933594
2020-09-08,103.95999908447266,94.39974212646484
2020-09-09,105.80000305175781,96.07051849365234
2020-09-10,104.18000030517578,94.59951782226562
2020-09-11,104.58999633789062,94.9718017578125
2020-09-14,106.08999633789062,96.3338623046875
2020-09-15,106.2300033569336,96.46100616455078
2020-09-16,106.05000305175781,96.29753875732422
2020-09-17,105.69999694824219,95.97972106933594
2020-09-18,105.54000091552734,95.83444213867188
2020-09-21,103.18000030517578,94.06400299072266
2020-09-22,102.95999908447266,93.86345672607422
2020-09-23,101.9000015258789,92.89710998535156
2020-09-24,101.38999938964844,92.43215942382812
2020-09-25,103.0199966430664,93.91813659667969
2020-09-28,103.94999694824219,94.7659683227539
2020-09-29,103.81999969482422,94.6474609375
2020-09-30,105.4800033569336,96.16082000732422
2020-10-01,105.12000274658203,95.8326187133789
2020-10-02,104.16000366210938,94.95743560791016
2020-10-05,106.30000305175781,96.90838623046875
2020-10-06,104.88999938964844,95.6229248046875
2020-10-07,106.87000274658203,97.4280014038086
2020-10-08,107.38999938964844,97.90206146240234
2020-10-09,108.36000061035156,98.78636169433594
2020-10-12,109.0999984741211,99.4609603881836
2020-10-13,108.2699966430664,98.70433044433594
2020-10-14,107.63999938964844,98.12996673583984
2020-10-15,106.86000061035156,97.41886901855469
2020-10-16,107.91999816894531,98.38521575927734
2020-10-19,106.20999908447266,96.82630920410156
2020-10-20,106.3499984741211,96.9539566040039
2020-10-21,105.81999969482422,96.47077178955078
2020-10-22,107.41999816894531,97.9294204711914
2020-10-23,107.81999969482422,98.29405975341797
2020-10-26,106.62000274658203,97.2000732421875
2020-10-27,105.88999938964844,96.53458404541016
2020-10-28,102.52999877929688,93.47142028808594
2020-10-29,101.69000244140625,92.70565795898438
2020-10-30,101.66000366210938,92.67830657958984
2020-11-02,103.48999786376953,94.34661865234375
2020-11-03,105.0,95.72321319580078
2020-11-04,109.66000366210938,99.97149658203125
2020-11-05,109.87999725341797,100.17207336425781
2020-11-06,109.91999816894531,100.20852661132812
2020-11-09,110.94999694824219,101.14752960205078
2020-11-10,111.2699966430664,101.43925476074219
2020-11-11,111.12999725341797,101.31163787841797
2020-11-12,110.72000122070312,100.9378662109375
2020-11-13,112.12000274658203,102.21417236328125
2020-11-16,111.93000030517578,102.04094696044922
2020-11-17,111.19999694824219,101.37543487548828
2020-11-18,109.12999725341797,99.48832702636719
2020-11-19,109.05000305175781,99.41539001464844
2020-11-20,108.80000305175781,99.1875
2020-11-23,108.5199966430664,98.93221282958984
2020-11-24,108.83999633789062,99.22393798828125
2020-11-25,108.44000244140625,98.85928344726562
2020-11-27,109.44000244140625,99.77093505859375
2020-11-30,109.73999786376953,100.04442596435547
2020-12-01,110.66000366210938,100.8831558227539
2020-12-02,111.48999786376953,101.63982391357422
2020-12-03,111.3499984741211,101.51217651367188
2020-12-04,112.54000091552734,102.59703826904297
2020-12-07,111.8499984741211,101.96800994873047
2020-12-08,112.69999694824219,102.74290466308594
2020-12-09,112.30999755859375,102.38736724853516
2020-12-10,112.12000274658203,102.21417236328125
2020-12-11,111.68000030517578,101.81304168701172
2020-12-14,110.83999633789062,101.0472412109375
2020-12-15,112.04000091552734,102.14122009277344
2020-12-16,111.70999908447266,101.84037780761719
2020-12-17,112.91000366210938,102.93436431884766
2020-12-18,113.0,103.01641845703125
2020-12-21,111.41000366210938,101.98567962646484
2020-12-22,111.06999969482422,101.67442321777344
2020-12-23,111.1500015258789,101.74765014648438
2020-12-24,111.47000122070312,102.04058074951172
2020-12-28,111.75,102.29691314697266
2020-12-29,112.27999877929688,102.78207397460938
2020-12-30,112.26000213623047,102.76375579833984
2020-12-31,113.44000244140625,103.84394073486328
2021-01-04,112.94999694824219,103.39539337158203
2021-01-05,113.7699966430664,104.14602661132812
2021-01-06,115.33000183105469,105.57405853271484
2021-01-07,116.83000183105469,106.94719696044922
2021-01-08,117.38999938964844,107.45980072021484
2021-01-11,117.94000244140625,107.9632797241211
2021-01-12,116.66000366210938,106.79156494140625
2021-01-13,116.9800033569336,107.08451080322266
2021-01-14,116.61000061035156,106.74580383300781
2021-01-15,116.97000122070312,107.07534790039062
2021-01-19,117.8499984741211,107.88089752197266
2021-01-20,118.5,108.4759292602539
2021-01-21,117.94000244140625,107.9632797241211
2021-01-22,117.58999633789062,107.64287567138672
2021-01-25,118.36000061035156,108.3477554321289
2021-01-26,117.91999816894531,107.94497680664062
2021-01-27,114.33999633789062,104.66780853271484
2021-01-28,116.01000213623047,106.19654083251953
2021-01-29,115.02999877929688,105.2994384765625
2021-02-01,115.47000122070312,105.70223236083984
2021-02-02,115.80000305175781,106.00430297851562
2021-02-03,114.9800033569336,105.25366973876953
2021-02-04,115.45999908447266,105.69308471679688
2021-02-05,115.66999816894531,105.88530731201172
2021-02-08,115.80999755859375,106.01346588134766
2021-02-09,115.9800033569336,106.1690902709961
2021-02-10,116.19000244140625,106.361328125
2021-02-11,116.41000366210938,106.5627212524414
2021-02-12,117.27999877929688,107.35910034179688
2021-02-16,116.12000274658203,106.29724884033203
2021-02-17,116.54000091552734,106.68171691894531
2021-02-18,115.80999755859375,106.01346588134766
2021-02-19,114.41000366210938,104.73188018798828
2021-02-22,114.13999938964844,104.48473358154297
2021-02-23,113.94999694824219,104.31079864501953
2021-02-24,114.73999786376953,105.03396606445312
2021-02-25,113.58999633789062,103.98125457763672
2021-02-26,112.61000061035156,103.08415985107422
2021-03-01,114.08000183105469,104.42980194091797
2021-03-02,113.75,104.12772369384766
2021-03-03,112.30999755859375,102.80952453613281
2021-03-04,110.80000305175781,101.42725372314453
2021-03-05,113.0199966430664,103.45947265625
2021-03-08,112.73999786376953,103.2031478881836
2021-03-09,113.4000015258789,103.80734252929688
2021-03-10,113.66000366210938,104.04534912109375
2021-03-11,114.3499984741211,104.67697143554688
2021-03-12,114.5999984741211,104.90582275390625
2021-03-15,115.38999938964844,105.62899017333984
2021-03-16,115.31999969482422,105.56491088867188
2021-03-17,114.9000015258789,105.18042755126953
2021-03-18,114.66000366210938,104.96076202392578
2021-03-19,115.06999969482422,105.33607482910156
2021-03-22,115.66999816894531,106.2528076171875
2021-03-23,114.5,105.17806243896484
2021-03-24,114.37000274658203,105.05865478515625
2021-03-25,114.8499984741211,105.49957275390625
2021-03-26,117.0199966430664,107.4928970336914
2021-03-29,117.56999969482422,107.99812316894531
2021-03-30,116.51000213623047,107.0244140625
2021-03-31,116.73999786376953,107.23567962646484
2021-04-01,116.38999938964844,106.91419982910156
2021-04-05,117.19999694824219,107.65824127197266
2021-04-06,116.75,107.24488067626953
2021-04-07,116.48999786376953,107.00605773925781
2021-04-08,116.66999816894531,107.17139434814453
2021-04-09,117.94999694824219,108.34717559814453
2021-04-12,118.06999969482422,108.45741271972656
2021-04-13,118.55999755859375,108.90750885009766
2021-04-14,118.55000305175781,108.89834594726562
2021-04-15,120.58000183105469,110.76307678222656
2021-04-16,121.4800033569336,111.58979034423828
2021-04-19,121.51000213623047,111.61736297607422
2021-04-20,121.9800033569336,112.0490951538086
2021-04-21,123.41999816894531,113.371826171875
2021-04-22,122.87000274658203,112.86661529541016
2021-04-23,123.68000030517578,113.61068725585938
2021-04-26,123.26000213623047,113.22488403320312
2021-04-27,122.55000305175781,112.57269287109375
2021-04-28,122.18000030517578,112.23279571533203
2021-04-29,121.69000244140625,111.78268432617188
2021-04-30,121.33000183105469,111.4520034790039
2021-05-03,122.70999908447266,112.71968841552734
2021-05-04,122.83999633789062,112.83905029296875
2021-05-05,123.05999755859375,113.04114532470703
2021-05-06,123.22000122070312,113.18811798095703
2021-05-07,124.06999969482422,113.96891784667969
2021-05-10,124.2300033569336,114.11589813232422
2021-05-11,122.88999938964844,112.8849868774414
2021-05-12,121.7300033569336,111.81941986083984
2021-05-13,122.83000183105469,112.82986450195312
2021-05-14,123.44999694824219,113.39940643310547
2021-05-17,123.22000122070312,113.18811798095703
2021-05-18,123.26000213623047,113.22488403320312
2021-05-19,123.05000305175781,113.0319595336914
2021-05-20,124.33999633789062,114.21693420410156
2021-05-21,124.36000061035156,114.23532104492188
2021-05-24,124.4800033569336,114.34554290771484
2021-05-25,124.11000061035156,114.00566101074219
2021-05-26,123.38999938964844,113.34428405761719
2021-05-27,123.12000274658203,113.09626770019531
2021-05-28,123.5999984741211,113.53719329833984
2021-06-01,121.56999969482422,111.67244720458984
2021-06-02,121.33000183105469,111.4520034790039
2021-06-03,121.69999694824219,111.7918701171875
2021-06-04,122.08999633789062,112.1501235961914
2021-06-07,122.52999877929688,112.55429077148438
2021-06-08,122.1500015258789,112.20523071289062
2021-06-09,123.33000183105469,113.2891616821289
2021-06-10,125.44000244140625,115.2273941040039
2021-06-11,124.55000305175781,114.40984344482422
2021-06-14,124.66000366210938,114.5108871459961
2021-06-15,124.69999694824219,114.54762268066406
2021-06-16,124.22000122070312,114.10672760009766
2021-06-17,125.16999816894531,114.97935485839844
2021-06-18,123.73999786376953,113.6657943725586
2021-06-21,124.73999786376953,115.03153228759766
2021-06-22,125.01000213623047,115.280517578125
2021-06-23,124.48999786376953,114.80097961425781
2021-06-24,125.12999725341797,115.39117431640625
2021-06-25,125.69999694824219,115.91680908203125
2021-06-28,125.88999938964844,116.09202575683594
2021-06-29,126.02999877929688,116.22112274169922
2021-06-30,125.94999694824219,116.14734649658203
2021-07-01,127.06999969482422,117.18017578125
2021-07-02,128.2899932861328,118.30522155761719
2021-07-06,128.1699981689453,118.19456481933594
2021-07-07,128.97999572753906,118.9415283203125
2021-07-08,128.27000427246094,118.28680419921875
2021-07-09,128.7100067138672,118.69255828857422
2021-07-12,128.9600067138672,118.92308807373047
2021-07-13,128.83999633789062,118.81240844726562
2021-07-14,128.72000122070312,118.70176696777344
2021-07-15,128.27000427246094,118.28680419921875
2021-07-16,128.6199951171875,118.60955047607422
2021-07-19,127.2699966430664,117.3646240234375
2021-07-20,128.82000732421875,118.79397583007812
2021-07-21,129.02999877929688,118.9876480102539
2021-07-22,129.97999572753906,119.86370849609375
2021-07-23,131.47999572753906,121.24693298339844
2021-07-26,130.6300048828125,120.46310424804688
2021-07-27,131.24000549316406,121.0256118774414
2021-07-28,131.7100067138672,121.45904541015625
2021-07-29,132.02999877929688,121.7541732788086
2021-07-30,132.14999389648438,121.86479949951172
2021-08-02,132.3300018310547,122.03079223632812
2021-08-03,134.1699981689453,123.72760009765625
2021-08-04,133.60000610351562,123.20197296142578
2021-08-05,133.0500030517578,122.69475555419922
2021-08-06,132.94000244140625,122.59330749511719
2021-08-09,133.4499969482422,123.06363677978516
2021-08-10,133.13999938964844,122.7777328491211
2021-08-11,131.82000732421875,121.56049346923828
2021-08-12,132.86000061035156,122.51952362060547
2021-08-13,133.69000244140625,123.28495025634766
2021-08-16,135.2100067138672,124.68665313720703
2021-08-17,136.80999755859375,126.16212463378906
2021-08-18,134.72999572753906,124.2440414428711
2021-08-19,135.33999633789062,124.80654907226562
2021-08-20,136.11000061035156,125.51660919189453
2021-08-23,136.16000366210938,125.56272888183594
2021-08-24,135.67999267578125,125.12004852294922
2021-08-25,135.30999755859375,124.77885437011719
2021-08-26,134.77999877929688,124.29010772705078
2021-08-27,134.6300048828125,124.15180206298828
2021-08-30,135.38999938964844,124.8526382446289
2021-08-31,135.2100067138672,124.68665313720703
2021-09-01,135.25,124.72354888916016
2021-09-02,136.6999969482422,126.06071472167969
2021-09-03,136.85000610351562,126.19900512695312
2021-09-07,136.0500030517578,125.46127319335938
2021-09-08,135.99000549316406,125.40593719482422
2021-09-09,134.4199981689453,123.95814514160156
2021-09-10,133.19000244140625,122.82389068603516
2021-09-13,132.3699951171875,122.06767272949219
2021-09-14,132.35000610351562,122.04925537109375
2021-09-15,133.2100067138672,122.84228515625
2021-09-16,132.8699951171875,122.52877807617188
2021-09-17,133.0,122.64863586425781
2021-09-20,131.14999389648438,121.36880493164062
2021-09-21,131.35000610351562,121.55388641357422
2021-09-22,131.57000732421875,121.75748443603516
2021-09-23,132.52000427246094,122.63661193847656
2021-09-24,131.97999572753906,122.13688659667969
2021-09-27,130.10000610351562,120.3971176147461
2021-09-28,127.87000274658203,118.33341979980469
2021-09-29,128.8800048828125,119.2680892944336
2021-09-30,127.30000305175781,117.80593872070312
2021-10-01,127.33000183105469,117.83370208740234
2021-10-04,125.38999938964844,116.03836822509766
2021-10-05,126.13999938964844,116.73243713378906
2021-10-06,125.91000366210938,116.51960754394531
2021-10-07,127.58000183105469,118.0650405883789
2021-10-08,126.94000244140625,117.4727783203125
2021-10-11,125.94999694824219,116.55661010742188
2021-10-12,125.33999633789062,115.99209594726562
2021-10-13,125.54000091552734,116.17720031738281
2021-10-14,127.33999633789062,117.84294128417969
2021-10-15,127.97000122070312,118.42595672607422
2021-10-18,127.0999984741211,117.62083435058594
2021-10-19,128.77000427246094,119.16629028320312
2021-10-20,130.61000061035156,120.86908721923828
2021-10-21,131.13999938964844,121.35953521728516
2021-10-22,131.6699981689453,121.85000610351562
2021-10-25,131.8300018310547,121.9980697631836
2021-10-26,132.47999572753906,122.59961700439453
2021-10-27,131.42999267578125,121.6279067993164
2021-10-28,132.52999877929688,122.64586639404297
2021-10-29,133.82000732421875,123.83969116210938
2021-11-01,133.66000366210938,123.69158172607422
2021-11-02,134.5,124.46894836425781
2021-11-03,135.2899932861328,125.20002746582031
2021-11-04,134.36000061035156,124.33939361572266
2021-11-05,132.86000061035156,122.95124053955078
2021-11-08,133.64999389648438,123.68235778808594
2021-11-09,133.16000366210938,123.22891235351562
2021-11-10,133.5399932861328,123.58053588867188
2021-11-11,133.14999389648438,123.21963500976562
2021-11-12,133.80999755859375,123.83040618896484
2021-11-15,132.97999572753906,123.06232452392578
2021-11-16,133.5399932861328,123.58053588867188
2021-11-17,133.72999572753906,123.75637817382812
2021-11-18,133.77999877929688,123.80264282226562
2021-11-19,132.97000122070312,123.05304718017578
2021-11-22,132.3699951171875,122.49778747558594
2021-11-23,132.50999450683594,122.62738037109375
2021-11-24,132.4600067138672,122.58110046386719
2021-11-26,131.97000122070312,122.12763977050781
2021-11-29,132.3300018310547,122.46078491210938
2021-11-30,129.72999572753906,120.05469512939453
2021-12-01,129.5,119.84184265136719
2021-12-02,130.1300048828125,120.42485809326172
2021-12-03,130.3699951171875,120.64695739746094
2021-12-06,131.11000061035156,121.33180236816406
2021-12-07,132.8000030517578,122.8957290649414
2021-12-08,133.8000030517578,123.82115936279297
2021-12-09,134.11000061035156,124.10801696777344
2021-12-10,134.5800018310547,124.5429916381836
2021-12-13,135.85000610351562,125.71826171875
2021-12-14,135.3000030517578,125.20929718017578
2021-12-15,138.07000732421875,127.77275085449219
2021-12-16,138.88999938964844,128.5315399169922
2021-12-17,137.9199981689453,127.6338882446289
2021-12-20,136.55999755859375,126.86095428466797
2021-12-21,137.1300048828125,127.39048767089844
2021-12-22,138.72999572753906,128.87686157226562
2021-12-23,139.3000030517578,129.40635681152344
2021-12-27,140.77000427246094,130.77198791503906
2021-12-28,140.39999389648438,130.42823791503906
2021-12-29,141.1999969482422,131.1714324951172
2021-12-30,141.49000549316406,131.44082641601562
2021-12-31,140.88999938964844,130.8834686279297
2022-01-03,139.44000244140625,129.5364227294922
2022-01-04,137.60000610351562,127.82710266113281
2022-01-05,136.6199951171875,126.91671752929688
2022-01-06,135.0399932861328,125.44893646240234
2022-01-07,134.35000610351562,124.80795288085938
2022-01-10,135.72999572753906,126.08990478515625
2022-01-11,136.80999755859375,127.0932388305664
2022-01-12,136.4199981689453,126.73091125488281
2022-01-13,134.3000030517578,124.76148223876953
2022-01-14,134.07000732421875,124.54779815673828
2022-01-18,132.19000244140625,122.80133819580078
2022-01-19,131.64999389648438,122.29969024658203
2022-01-20,130.7899932861328,121.50077819824219
2022-01-21,129.47000122070312,120.27452087402344
2022-01-24,129.0399932861328,119.87506866455078
2022-01-25,128.2100067138672,119.10403442382812
2022-01-26,127.54000091552734,118.48160552978516
2022-01-27,127.87000274658203,118.78817749023438
2022-01-28,130.47999572753906,121.21277618408203
2022-01-31,131.22999572753906,121.90950775146484
2022-02-01,131.5800018310547,122.23466491699219
2022-02-02,133.35000610351562,123.87896728515625
2022-02-03,132.77999877929688,123.3494644165039
2022-02-04,132.3000030517578,122.90353393554688
2022-02-07,132.07000732421875,122.68986511230469
2022-02-08,133.14999389648438,123.69316101074219
2022-02-09,134.17999267578125,124.6500015258789
2022-02-10,132.0800018310547,122.69918060302734
2022-02-11,130.25,120.9991226196289
2022-02-14,128.9199981689453,119.76360321044922
2022-02-15,130.3699951171875,121.11060333251953
2022-02-16,130.57000732421875,121.29640197753906
2022-02-17,128.47000122070312,119.34555053710938
2022-02-18,127.51000213623047,118.4537582397461
2022-02-22,127.19000244140625,118.15648651123047
2022-02-23,126.55000305175781,117.56193542480469
2022-02-24,127.05999755859375,118.03570556640625
2022-02-25,130.9499969482422,121.6493911743164
2022-02-28,129.9600067138672,120.72975158691406
2022-03-01,129.24000549316406,120.06088256835938
2022-03-02,131.19000244140625,121.87237548828125
2022-03-03,131.86000061035156,122.49479675292969
2022-03-04,132.52000427246094,123.10789489746094
2022-03-07,130.2100067138672,120.96196746826172
2022-03-08,127.55000305175781,118.49088287353516
2022-03-09,129.9600067138672,120.72975158691406
2022-03-10,129.91000366210938,120.68329620361328
2022-03-11,128.94000244140625,119.78217315673828
2022-03-14,129.85000610351562,120.62757110595703
2022-03-15,132.44000244140625,123.03359985351562
2022-03-16,134.02999877929688,124.51068115234375
2022-03-17,136.14999389648438,126.48008728027344
2022-03-18,136.99000549316406,127.26043701171875
2022-03-21,136.4600067138672,127.16351318359375
2022-03-22,136.49000549316406,127.19148254394531
2022-03-23,134.0399932861328,124.90837860107422
2022-03-24,135.63999938964844,126.39938354492188
2022-03-25,136.27000427246094,126.98645782470703
2022-03-28,137.25999450683594,127.90901947021484
2022-03-29,138.07000732421875,128.66387939453125
2022-03-30,138.33999633789062,128.91543579101562
2022-03-31,136.99000549316406,127.65740966796875
2022-04-01,138.07000732421875,128.66387939453125
2022-04-04,136.9199981689453,127.59217071533203
2022-04-05,137.2100067138672,127.86245727539062
2022-04-06,139.3000030517578,129.81002807617188
2022-04-07,141.97999572753906,132.30746459960938
2022-04-08,142.8300018310547,133.0995330810547
2022-04-11,139.99000549316406,130.4530792236328
2022-04-12,138.6300048828125,129.1856689453125
2022-04-13,139.30999755859375,129.81936645507812
2022-04-14,138.63999938964844,129.19503784179688
2022-04-18,137.11000061035156,127.76924896240234
2022-04-19,138.4199981689453,128.98997497558594
2022-04-20,140.27999877929688,130.7232666015625
2022-04-21,138.72999572753906,129.2788848876953
2022-04-22,133.6699981689453,124.56359100341797
2022-04-25,134.57000732421875,125.40227508544922
2022-04-26,132.1999969482422,123.1937484741211
2022-04-27,131.91000366210938,122.9234848022461
2022-04-28,133.72999572753906,124.61949920654297
2022-04-29,130.2899932861328,121.41386413574219
2022-05-02,129.47999572753906,120.6590347290039
2022-05-03,129.88999938964844,121.04109954833984
2022-05-04,132.77000427246094,123.72490692138672
2022-05-05,130.19000244140625,121.3206787109375
2022-05-06,129.77999877929688,120.93858337402344
2022-05-09,126.41999816894531,117.80750274658203
2022-05-10,126.87000274658203,118.22687530517578
2022-05-11,126.02999877929688,117.44406127929688
2022-05-12,127.25,118.58097076416016
2022-05-13,128.60000610351562,119.83900451660156
2022-05-16,129.5500030517578,120.7242660522461
2022-05-17,131.3300018310547,122.38301086425781
2022-05-18,127.94000244140625,119.22394561767578
2022-05-19,128.22000122070312,119.4848861694336
2022-05-20,129.77999877929688,120.93858337402344
2022-05-23,130.9199981689453,122.00091552734375
2022-05-24,131.30999755859375,122.36436462402344
2022-05-25,131.27000427246094,122.32711029052734
2022-05-26,131.8300018310547,122.84893798828125
2022-05-27,134.02000427246094,124.88976287841797
2022-05-31,132.22999572753906,123.2217025756836
2022-06-01,130.3300018310547,121.45113372802734
2022-06-02,131.36000061035156,122.41096496582031
2022-06-03,129.82000732421875,120.97587585449219
2022-06-06,129.83999633789062,120.99449157714844
2022-06-07,131.52999877929688,122.56938171386719
2022-06-08,130.49000549316406,121.60025024414062
2022-06-09,127.54000091552734,118.8511962890625
2022-06-10,125.48999786376953,116.94085693359375
2022-06-13,121.69000244140625,113.39972686767578
2022-06-14,120.52999877929688,112.31876373291016
2022-06-15,121.75,113.45565032958984
2022-06-16,119.95999908447266,111.78759002685547
2022-06-17,119.88999938964844,111.72237396240234
2022-06-21,122.5999984741211,114.73005676269531
2022-06-22,124.30000305175781,116.32093811035156
2022-06-23,127.08999633789062,118.93184661865234
2022-06-24,129.1999969482422,120.90637969970703
2022-06-27,129.67999267578125,121.35556030273438
2022-06-28,127.41999816894531,119.24065399169922
2022-06-29,128.52999877929688,120.2793960571289
2022-06-30,128.24000549316406,120.00801086425781
2022-07-01,129.67999267578125,121.35556030273438
2022-07-05,128.92999267578125,120.65372467041016
2022-07-06,129.8000030517578,121.46788024902344
2022-07-07,130.35000610351562,121.9825668334961
2022-07-08,130.74000549316406,122.34754943847656
2022-07-11,130.41000366210938,122.03872680664062
2022-07-12,128.75,120.48527526855469
2022-07-13,127.5,119.31553649902344
2022-07-14,127.12999725341797,118.96926879882812
2022-07-15,130.1999969482422,121.84219360351562
2022-07-18,127.44999694824219,119.26872253417969
2022-07-19,129.6199951171875,121.29940032958984
2022-07-20,128.33999633789062,120.10159301757812
2022-07-21,130.3699951171875,122.00127410888672
2022-07-22,129.8300018310547,121.49593353271484
2022-07-25,130.50999450683594,122.13230895996094
2022-07-26,131.17999267578125,122.75928497314453
2022-07-27,132.0,123.52665710449219
2022-07-28,132.83999633789062,124.312744140625
2022-07-29,132.39999389648438,123.90095520019531
2022-08-01,131.4199981689453,122.98387908935547
2022-08-02,130.9499969482422,122.5440444946289
2022-08-03,132.14999389648438,123.66700744628906
2022-08-04,131.5,123.05874633789062
2022-08-05,131.4499969482422,123.01193237304688
2022-08-08,131.75999450683594,123.30205535888672
2022-08-09,131.36000061035156,122.927734375
2022-08-10,132.7899932861328,124.26592254638672
2022-08-11,131.92999267578125,123.46110534667969
2022-08-12,133.6199951171875,125.04264831542969
2022-08-15,134.2899932861328,125.66962432861328
2022-08-16,133.92999267578125,125.33275604248047
2022-08-17,133.14999389648438,124.60281372070312
2022-08-18,132.55999755859375,124.05070495605469
2022-08-19,132.9199981689453,124.3875732421875
2022-08-22,131.17999267578125,122.75928497314453
2022-08-23,129.35000610351562,121.04676818847656
2022-08-24,129.50999450683594,121.19649505615234
2022-08-25,130.94000244140625,122.53468322753906
2022-08-26,127.29000091552734,119.11898803710938
2022-08-29,126.4000015258789,118.2861328125
2022-08-30,125.55999755859375,117.50004577636719
2022-08-31,124.76000213623047,116.75139617919922
2022-09-01,126.80999755859375,118.66979217529297
2022-09-02,124.98999786376953,116.96663665771484
2022-09-06,125.11000061035156,117.07892608642578
2022-09-07,127.1500015258789,118.98796844482422
2022-09-08,129.36000061035156,121.05610656738281
2022-09-09,130.5,122.1229476928711
2022-09-12,131.3699951171875,122.93708038330078
2022-09-13,127.02999877929688,118.87568664550781
2022-09-14,127.0999984741211,118.94120025634766
2022-09-15,127.80999755859375,119.6056137084961
2022-09-16,127.44999694824219,119.26872253417969
2022-09-19,126.26000213623047,118.62608337402344
2022-09-20,124.77999877929688,117.23555755615234
2022-09-21,122.70999908447266,115.29071807861328
2022-09-22,123.36000061035156,115.90141296386719
2022-09-23,122.7300033569336,115.30950927734375
2022-09-26,121.55999755859375,114.21025085449219
2022-09-27,121.19000244140625,113.86262512207031
2022-09-28,123.83999633789062,116.3524169921875
2022-09-29,122.80000305175781,115.37528228759766
2022-09-30,121.11000061035156,113.7874526977539
2022-10-03,123.5999984741211,116.12690734863281
2022-10-04,126.47000122070312,118.8233871459961
2022-10-05,126.88999938964844,119.21800231933594
2022-10-06,125.2699966430664,117.69593048095703
2022-10-07,122.62000274658203,115.20616149902344
2022-10-10,121.8499984741211,114.48271179199219
2022-10-11,122.5,115.0934066772461
2022-10-12,121.9000015258789,114.5296859741211
2022-10-13,124.73999786376953,117.19798278808594
2022-10-14,123.9000015258789,116.40876770019531
2022-10-17,125.88999938964844,118.2784423828125
2022-10-18,126.58999633789062,118.93612670898438
2022-10-19,124.81999969482422,117.27314758300781
2022-10-20,123.76000213623047,116.2772445678711
2022-10-21,126.54000091552734,118.88916015625
2022-10-24,128.97999572753906,121.1816177368164
2022-10-25,129.9600067138672,122.10238647460938
2022-10-26,131.39999389648438,123.4552993774414
2022-10-27,130.7100067138672,122.80703735351562
2022-10-28,132.86000061035156,124.82701873779297
2022-10-31,132.75,124.72368621826172
2022-11-01,132.8300018310547,124.7988510131836
2022-11-02,130.57000732421875,122.67549896240234
2022-11-03,130.02000427246094,122.15874481201172
2022-11-04,130.80999755859375,122.90097045898438
2022-11-07,132.2100067138672,124.2163314819336
2022-11-08,132.8699951171875,124.83644104003906
2022-11-09,131.44000244140625,123.49290466308594
2022-11-10,134.77999877929688,126.63092803955078
2022-11-11,133.1300048828125,125.08069610595703
2022-11-14,133.25,125.1934585571289
2022-11-15,133.0800018310547,125.03372955322266
2022-11-16,133.02000427246094,124.97734069824219
2022-11-17,132.9600067138672,124.92096710205078
2022-11-18,134.57000732421875,126.43365478515625
2022-11-21,134.6300048828125,126.49002075195312
2022-11-22,135.8000030517578,127.58926391601562
2022-11-23,136.33999633789062,128.0966033935547
2022-11-25,137.14999389648438,128.85763549804688
2022-11-28,136.1199951171875,127.88995361328125
2022-11-29,135.77999877929688,127.57047271728516
2022-11-30,139.02000427246094,130.61459350585938
2022-12-01,139.4199981689453,130.99038696289062
2022-12-02,139.77999877929688,131.32862854003906
2022-12-05,138.44000244140625,130.06964111328125
2022-12-06,137.38999938964844,129.0831756591797
2022-12-07,138.52000427246094,130.14483642578125
2022-12-08,139.77000427246094,131.3192596435547
2022-12-09,137.97999572753906,129.63748168945312
2022-12-12,139.4499969482422,131.0186004638672
2022-12-13,139.8800048828125,131.42257690429688
2022-12-14,140.10000610351562,131.62928771972656
2022-12-15,137.52999877929688,129.2146759033203
2022-12-16,135.52999877929688,127.3355712890625
2022-12-19,134.47000122070312,126.860107421875
2022-12-20,134.44000244140625,126.8318099975586
2022-12-21,136.2100067138672,128.5016326904297
2022-12-22,136.02000427246094,128.32240295410156
2022-12-23,136.10000610351562,128.39785766601562
2022-12-27,135.75,128.0677032470703
2022-12-28,134.8699951171875,127.23748016357422
2022-12-29,136.33999633789062,128.62425231933594
2022-12-30,135.85000610351562,128.16201782226562
2023-01-03,135.4600067138672,127.79411315917969
2023-01-04,135.82000732421875,128.13369750976562
2023-01-05,134.42999267578125,126.8223876953125
2023-01-06,135.6699981689453,127.9921875
2023-01-09,133.39999389648438,125.8506851196289
2023-01-10,134.52000427246094,126.90728759765625
2023-01-11,135.27999877929688,127.624267578125
2023-01-12,134.85000610351562,127.2186279296875
2023-01-13,135.4499969482422,127.78466796875
2023-01-17,134.82000732421875,127.19031524658203
2023-01-18,132.9199981689453,125.3978271484375
2023-01-19,133.24000549316406,125.6997299194336
2023-01-20,133.91000366210938,126.3318099975586
2023-01-23,134.3699951171875,126.7657699584961
2023-01-24,133.47999572753906,125.92613220214844
2023-01-25,133.52000427246094,125.96387481689453
2023-01-26,133.77000427246094,126.19976043701172
2023-01-27,132.86000061035156,125.34121704101562
2023-01-30,131.66000366210938,124.2091293334961
2023-01-31,133.36000061035156,125.81294250488281
2023-02-01,133.99000549316406,126.40730285644531
2023-02-02,133.0800018310547,125.54879760742188
2023-02-03,132.69000244140625,125.18087005615234
2023-02-06,131.9499969482422,124.48271179199219
2023-02-07,132.8000030517578,125.28462219238281
2023-02-08,132.41000366210938,124.91670989990234
2023-02-09,131.25,123.82234954833984
2023-02-10,132.49000549316406,124.9921646118164
2023-02-13,133.58999633789062,126.02994537353516
2023-02-14,132.8000030517578,125.28462219238281
2023-02-15,132.13999938964844,124.6619873046875
2023-02-16,130.82000732421875,123.41667175292969
2023-02-17,131.99000549316406,124.52047729492188
2023-02-21,130.27999877929688,122.9072265625
2023-02-22,129.83999633789062,122.49212646484375
2023-02-23,130.19000244140625,122.82234954833984
2023-02-24,128.50999450683594,121.23741149902344
2023-02-27,128.1199951171875,120.86947631835938
2023-02-28,127.16999816894531,119.97323608398438
2023-03-01,126.95999908447266,119.7751235961914
2023-03-02,127.73999786376953,120.510986328125
2023-03-03,129.1699981689453,121.86006164550781
2023-03-06,129.11000061035156,121.80345153808594
2023-03-07,127.02999877929688,119.8411636352539
2023-03-08,126.3499984741211,119.19963836669922
2023-03-09,125.06999969482422,117.99208068847656
2023-03-10,124.1500015258789,117.12415313720703
2023-03-13,125.30999755859375,118.21849822998047
2023-03-14,126.43000030517578,119.27511596679688
2023-03-15,126.31999969482422,119.17134094238281
2023-03-16,127.5,120.2845687866211
2023-03-17,125.86000061035156,118.73736572265625
2023-03-20,126.95999908447266,120.24230194091797
2023-03-21,127.7300033569336,120.97154998779297
2023-03-22,125.80000305175781,119.14366912841797
2023-03-23,125.55999755859375,118.91637420654297
2023-03-24,127.30000305175781,120.56430053710938
2023-03-27,127.81999969482422,121.05679321289062
2023-03-28,127.05000305175781,120.3275375366211
2023-03-29,127.4000015258789,120.65901947021484
2023-03-30,128.08999633789062,121.3125
2023-03-31,129.4600067138672,122.6100082397461
2023-04-03,130.91000366210938,123.98330688476562
2023-04-04,130.92999267578125,124.00222778320312
2023-04-05,133.19000244140625,126.14266204833984
2023-04-06,133.52000427246094,126.45518493652344
2023-04-10,133.42999267578125,126.3699722290039
2023-04-11,133.8800048828125,126.79615783691406
2023-04-12,133.9199981689453,126.83401489257812
2023-04-13,135.66000366210938,128.48196411132812
2023-04-14,134.57000732421875,127.44964599609375
2023-04-17,134.4600067138672,127.34548950195312
2023-04-18,133.5399932861328,126.47415161132812
2023-04-19,133.9499969482422,126.86245727539062
2023-04-20,133.39999389648438,126.34154510498047
2023-04-21,134.3000030517578,127.19393157958984
2023-04-24,135.0500030517578,127.90422821044922
2023-04-25,133.61000061035156,126.54042053222656
2023-04-26,131.7100067138672,124.740966796875
2023-04-27,132.39999389648438,125.39443969726562
2023-04-28,133.52999877929688,126.46466827392578
2023-05-01,134.22000122070312,127.11817169189453
2023-05-02,133.63999938964844,126.56883239746094
2023-05-03,133.4600067138672,126.39837646484375
2023-05-04,132.39999389648438,125.39443969726562
2023-05-05,133.58999633789062,126.5215072631836
2023-05-08,133.3000030517578,126.24684143066406
2023-05-09,132.41000366210938,125.40394592285156
2023-05-10,132.77999877929688,125.75435638427734
2023-05-11,132.3699951171875,125.36602020263672
2023-05-12,132.19000244140625,125.195556640625
2023-05-15,131.9600067138672,124.97773742675781
2023-05-16,130.86000061035156,123.9359359741211
2023-05-17,131.02000427246094,124.08748626708984
2023-05-18,130.6999969482422,123.78437805175781
2023-05-19,131.30999755859375,124.36215209960938
2023-05-22,131.44000244140625,124.48526763916016
2023-05-23,130.0,123.12142944335938
2023-05-24,129.11000061035156,122.2785415649414
2023-05-25,127.79000091552734,121.02838897705078
2023-05-26,127.52999877929688,120.78213500976562
2023-05-30,126.73999786376953,120.03395080566406
2023-05-31,127.83000183105469,121.06625366210938
2023-06-01,128.6699981689453,121.86181640625
2023-06-02,130.32000732421875,123.42451477050781
2023-06-05,130.7899932861328,123.86963653564453
2023-06-06,129.6999969482422,122.83731079101562
2023-06-07,129.19000244140625,122.35430145263672
2023-06-08,130.02000427246094,123.14038848876953
2023-06-09,130.4199981689453,123.51921844482422
2023-06-12,130.88999938964844,123.96436309814453
2023-06-13,131.5500030517578,124.5894546508789
2023-06-14,130.1999969482422,123.31085205078125
2023-06-15,132.22000122070312,125.22399139404297
2023-06-16,132.2100067138672,125.21451568603516
2023-06-20,131.52000427246094,125.07378387451172
2023-06-21,131.5399932861328,125.09276580810547
2023-06-22,132.44000244140625,125.94869232177734
2023-06-23,132.0,125.5302505493164
2023-06-26,131.25,124.8170166015625
2023-06-27,130.9499969482422,124.53168487548828
2023-06-28,130.52999877929688,124.13226318359375
2023-06-29,131.3800048828125,124.9406509399414
2023-06-30,132.72999572753906,126.22443389892578
2023-07-03,131.63999938964844,125.18789672851562
2023-07-05,131.57000732421875,125.12130737304688
2023-07-06,130.52000427246094,124.12278747558594
2023-07-07,129.0,122.67725372314453
2023-07-10,130.02000427246094,123.64729309082031
2023-07-11,130.0500030517578,123.67583465576172
2023-07-12,129.6999969482422,123.34297943115234
2023-07-13,129.75,123.3905029296875
2023-07-14,131.6999969482422,125.24493408203125
2023-07-17,131.10000610351562,124.67435455322266
2023-07-18,132.07000732421875,125.5968017578125
2023-07-19,132.67999267578125,126.1769027709961
2023-07-20,134.8800048828125,128.2690887451172
2023-07-21,136.24000549316406,129.56240844726562
2023-07-24,135.94000244140625,129.27713012695312
2023-07-25,135.8800048828125,129.22006225585938
2023-07-26,135.7899932861328,129.1344757080078
2023-07-27,134.7899932861328,128.18348693847656
2023-07-28,135.19000244140625,128.5638885498047
2023-07-31,134.14999389648438,127.5748519897461
2023-08-01,133.4499969482422,126.9091796875
2023-08-02,133.5399932861328,126.9947509765625
2023-08-03,132.8699951171875,126.35760498046875
2023-08-04,132.39999389648438,125.91060638427734
2023-08-07,133.92999267578125,127.36560821533203
2023-08-08,134.9600067138672,128.3451690673828
2023-08-09,134.9199981689453,128.30711364746094
2023-08-10,134.8300018310547,128.2215576171875
2023-08-11,135.6699981689453,129.0203399658203
2023-08-14,136.0800018310547,129.41026306152344
2023-08-15,135.5800018310547,128.93478393554688
2023-08-16,134.5500030517578,127.95526885986328
2023-08-17,133.47999572753906,126.93768310546875
2023-08-18,133.52999877929688,126.9852523803711
2023-08-21,133.6699981689453,127.11837005615234
2023-08-22,133.1999969482422,126.67143249511719
2023-08-23,133.60000610351562,127.05183410644531
2023-08-24,132.44000244140625,125.94869232177734
2023-08-25,133.41000366210938,126.87110900878906
2023-08-28,133.72000122070312,127.16593170166016
2023-08-29,134.9199981689453,128.30711364746094
2023-08-30,134.82000732421875,128.21202087402344
2023-08-31,133.2100067138672,126.6809310913086
2023-09-01,133.57000732421875,127.02327728271484
2023-09-05,132.19000244140625,125.71092987060547
2023-09-06,131.47000122070312,125.02622985839844
2023-09-07,132.05999755859375,125.58729553222656
2023-09-08,132.05999755859375,125.58729553222656
2023-09-11,132.97000122070312,126.45269775390625
2023-09-12,132.8000030517578,126.29102325439453
2023-09-13,132.82000732421875,126.31005859375
2023-09-14,133.24000549316406,126.70946502685547
2023-09-15,132.19000244140625,125.71092987060547
2023-09-18,131.4499969482422,125.51995849609375
2023-09-19,131.55999755859375,125.62496948242188
2023-09-20,131.57000732421875,125.634521484375
2023-09-21,130.4199981689453,124.53643035888672
2023-09-22,130.14999389648438,124.27857971191406
2023-09-25,130.86000061035156,124.95655822753906
2023-09-26,129.75,123.89662170410156
2023-09-27,129.10000610351562,123.27595520019531
2023-09-28,129.72000122070312,123.86799621582031
2023-09-29,128.74000549316406,122.93219757080078
2023-10-02,128.55999755859375,122.76032257080078
2023-10-03,127.41999816894531,121.67176055908203
2023-10-04,127.95999908447266,122.18738555908203
2023-10-05,128.66000366210938,122.85580444335938
2023-10-06,130.00999450683594,124.14491271972656
2023-10-09,130.4600067138672,124.5746078491211
2023-10-10,131.0800018310547,125.1666488647461
2023-10-11,130.5,124.61280822753906
2023-10-12,129.3800048828125,123.54334259033203
2023-10-13,130.19000244140625,124.31678771972656
2023-10-16,131.1699981689453,125.25257873535156
2023-10-17,130.99000549316406,125.0806884765625
2023-10-18,129.85000610351562,123.99212646484375
2023-10-19,128.57000732421875,122.7698745727539
2023-10-20,128.05999755859375,122.28286743164062
2023-10-23,127.26000213623047,121.51897430419922
2023-10-24,127.6500015258789,121.89137268066406
2023-10-25,126.51000213623047,120.80280303955078
2023-10-26,125.26000213623047,119.60918426513672
2023-10-27,123.13999938964844,117.58482360839844
2023-10-30,123.83000183105469,118.24371337890625
2023-10-31,124.54000091552734,118.92166900634766
2023-11-01,124.80000305175781,119.16993713378906
2023-11-02,126.77999877929688,121.06060791015625
2023-11-03,127.41000366210938,121.66221618652344
2023-11-06,128.25999450683594,122.47384643554688
2023-11-07,128.35000610351562,122.55980682373047
2023-11-08,128.1699981689453,122.38790130615234
2023-11-09,125.5199966430664,119.85746765136719
2023-11-10,126.2699966430664,120.57362365722656
2023-11-13,127.0,121.27069854736328
2023-11-14,127.86000061035156,122.0918960571289
2023-11-15,127.95999908447266,122.18738555908203
2023-11-16,128.50999450683594,122.71257019042969
2023-11-17,128.25,122.46430969238281
2023-11-20,129.02999877929688,123.20912170410156
2023-11-21,129.80999755859375,123.95392608642578
2023-11-22,130.42999267578125,124.54595184326172
2023-11-24,131.1300048828125,125.21439361572266
2023-11-27,130.30999755859375,124.43136596679688
2023-11-28,129.63999938964844,123.79159545898438
2023-11-29,129.67999267578125,123.82975769042969
2023-11-30,131.30999755859375,125.38626098632812
2023-12-01,131.8300018310547,125.88282012939453
2023-12-04,132.0800018310547,126.12152862548828
2023-12-05,131.91000366210938,125.9592056274414
2023-12-06,132.00999450683594,126.05467224121094
2023-12-07,131.85000610351562,125.90190124511719
2023-12-08,132.07000732421875,126.11196899414062
2023-12-11,132.94000244140625,126.94274139404297
2023-12-12,133.50999450683594,127.48701477050781
2023-12-13,135.97000122070312,129.83604431152344
2023-12-14,135.30999755859375,129.20582580566406
2023-12-15,134.16000366210938,128.10769653320312
2023-12-18,133.77999877929688,128.31678771972656
2023-12-19,134.67999267578125,129.18002319335938
2023-12-20,132.72999572753906,127.30963897705078
2023-12-21,134.35000610351562,128.86354064941406
2023-12-22,135.02000427246094,129.5061492919922
2023-12-26,135.32000732421875,129.79391479492188
2023-12-27,135.88999938964844,130.34063720703125
2023-12-28,136.24000549316406,130.6763153076172
2023-12-29,136.3800048828125,130.81060791015625
2024-01-02,138.77999877929688,133.1125946044922
2024-01-03,138.5500030517578,132.8919677734375
2024-01-04,139.24000549316406,133.55384826660156
2024-01-05,139.1199951171875,133.438720703125
2024-01-08,140.35000610351562,134.61849975585938
2024-01-09,140.3300018310547,134.59930419921875
2024-01-10,140.97000122070312,135.21316528320312
2024-01-11,140.8699951171875,135.11724853515625
2024-01-12,140.52000427246094,134.78155517578125
2024-01-16,139.67999267578125,133.97584533691406
2024-01-17,139.39999389648438,133.707275390625
2024-01-18,139.3800048828125,133.68809509277344
2024-01-19,139.4600067138672,133.76483154296875
2024-01-22,140.07000732421875,134.3499298095703
2024-01-23,139.97000122070312,134.2540283203125
2024-01-24,138.69000244140625,133.02626037597656
2024-01-25,138.47999572753906,132.8248748779297
2024-01-26,139.27000427246094,133.5825958251953
2024-01-29,140.25,134.5225372314453
2024-01-30,140.57000732421875,134.8295135498047
2024-01-31,140.3800048828125,134.6472930908203
2024-02-01,142.1999969482422,136.39291381835938
2024-02-02,141.99000549316406,136.19149780273438
2024-02-05,142.42999267578125,136.613525390625
2024-02-06,143.97999572753906,138.10025024414062
2024-02-07,144.3699951171875,138.47430419921875
2024-02-08,144.1199951171875,138.23452758789062
2024-02-09,144.00999450683594,138.12899780273438
2024-02-12,144.1999969482422,138.31126403808594
2024-02-13,142.86000061035156,137.02598571777344
2024-02-14,144.10000610351562,138.21533203125
2024-02-15,145.14999389648438,139.22247314453125
2024-02-16,145.6199951171875,139.6732635498047
2024-02-20,145.1300048828125,139.20330810546875
2024-02-21,145.4499969482422,139.51019287109375
2024-02-22,147.16000366210938,141.15036010742188
2024-02-23,147.86000061035156,141.82179260253906
2024-02-26,147.10000610351562,141.0928497314453
2024-02-27,146.74000549316406,140.74752807617188
2024-02-28,146.00999450683594,140.04733276367188
2024-02-29,144.82000732421875,138.9059600830078
2024-03-01,146.33999633789062,140.36387634277344
2024-03-04,146.1199951171875,140.15284729003906
2024-03-05,145.02999877929688,139.10736083984375
2024-03-06,146.02000427246094,140.0569610595703
2024-03-07,146.6999969482422,140.70916748046875
2024-03-08,146.42999267578125,140.4501953125
2024-03-11,146.35000610351562,140.37347412109375
2024-03-12,147.02999877929688,141.02569580078125
2024-03-13,146.4600067138672,140.47894287109375
2024-03-14,145.94000244140625,139.98019409179688
2024-03-15,145.36000061035156,139.42388916015625
2024-03-18,144.82000732421875,139.4075164794922
2024-03-19,145.77999877929688,140.33163452148438
2024-03-20,145.4499969482422,140.0139923095703
2024-03-21,145.63999938964844,140.19686889648438
2024-03-22,145.44000244140625,140.00436401367188
2024-03-25,145.24000549316406,139.81182861328125
2024-03-26,145.77000427246094,140.32203674316406
2024-03-27,147.7100067138672,142.1895294189453
2024-03-28,147.72999572753906,142.2087860107422
2024-04-01,146.47000122070312,140.995849609375
2024-04-02,144.19000244140625,138.80105590820312
2024-04-03,144.02999877929688,138.64706420898438
2024-04-04,141.9499969482422,136.644775390625
2024-04-05,143.22000122070312,137.86732482910156
2024-04-08,142.75999450683594,137.42453002929688
2024-04-09,143.27000427246094,137.9154815673828
2024-04-10,141.58999633789062,136.29823303222656
2024-04-11,141.00999450683594,135.7399139404297
2024-04-12,138.91000366210938,133.71841430664062
2024-04-15,138.6300048828125,133.4488983154297
2024-04-16,138.67999267578125,133.49697875976562
2024-04-17,138.44000244140625,133.26597595214844
2024-04-18,138.42999267578125,133.25636291503906
2024-04-19,138.9499969482422,133.7569122314453
2024-04-22,139.47999572753906,134.26708984375
2024-04-23,141.3000030517578,136.01907348632812
2024-04-24,140.86000061035156,135.59552001953125
2024-04-25,139.9199981689453,134.690673828125
2024-04-26,139.9600067138672,134.7291717529297
2024-04-29,140.42999267578125,135.18161010742188
2024-04-30,140.3300018310547,135.08531188964844
2024-05-01,140.5800018310547,135.3260040283203
2024-05-02,140.47999572753906,135.22970581054688
2024-05-03,140.8300018310547,135.56666564941406
2024-05-06,141.39999389648438,136.1153564453125
2024-05-07,142.57000732421875,137.24163818359375
2024-05-08,142.0800018310547,136.7699432373047
2024-05-09,143.3000030517578,137.94435119628906
2024-05-10,143.58999633789062,138.22349548339844
2024-05-13,143.4499969482422,138.08872985839844
2024-05-14,144.05999755859375,138.67593383789062
2024-05-15,146.1999969482422,140.7359619140625
2024-05-16,146.02999877929688,140.57228088378906
2024-05-17,146.30999755859375,140.8418426513672
2024-05-20,146.0,140.54342651367188
2024-05-21,146.25,140.78408813476562
2024-05-22,146.50999450683594,141.0343475341797
2024-05-23,144.91000366210938,139.49417114257812
2024-05-24,144.4199981689453,139.0224609375
2024-05-28,142.6699981689453,137.33790588378906
2024-05-29,141.55999755859375,136.26937866210938
2024-05-30,141.6300048828125,136.33676147460938
2024-05-31,143.6999969482422,138.32937622070312
2024-06-03,144.7100067138672,139.30166625976562
2024-06-04,145.1300048828125,139.70594787597656
2024-06-05,145.7899932861328,140.34127807617188
2024-06-06,146.27000427246094,140.8033447265625
2024-06-07,146.42999267578125,140.95733642578125
2024-06-10,146.97000122070312,141.4771728515625
2024-06-11,146.36000061035156,140.88998413085938
2024-06-12,146.0500030517578,140.591552734375
2024-06-13,145.92999267578125,140.4760284423828
2024-06-14,145.8800048828125,140.4279022216797
2024-06-17,145.72999572753906,140.28350830078125
2024-06-18,145.9199981689453,140.46640014648438
2024-06-20,146.39999389648438,140.928466796875
2024-06-21,146.80999755859375,141.32315063476562
2024-06-24,147.08999633789062,142.1475067138672
2024-06-25,146.6300048828125,141.70294189453125
2024-06-26,146.11000061035156,141.20042419433594
2024-06-27,145.8699951171875,140.96847534179688
2024-06-28,145.75,140.85250854492188
2024-07-01,144.92999267578125,140.06005859375
2024-07-02,144.39999389648438,139.54788208007812
2024-07-03,143.3000030517578,138.48486328125
2024-07-05,144.41000366210938,139.55755615234375
2024-07-08,144.25,139.4029541015625
2024-07-09,144.9499969482422,140.0793914794922
2024-07-10,146.32000732421875,141.4033966064453
2024-07-11,147.35000610351562,142.3987579345703
2024-07-12,148.27000427246094,143.287841796875
2024-07-15,147.75,142.78533935546875
2024-07-16,149.86000061035156,144.8244171142578
2024-07-17,150.5399932861328,145.48155212402344
2024-07-18,147.1199951171875,142.17648315429688
2024-07-19,147.8699951171875,142.9012908935547
2024-07-22,148.72000122070312,143.7227325439453
2024-07-23,148.6300048828125,143.63572692871094
2024-07-24,149.8699951171875,144.83409118652344
2024-07-25,149.1199951171875,144.10926818847656
2024-07-26,149.9600067138672,144.9210662841797
2024-07-29,150.0500030517578,145.00804138183594
2024-07-30,150.17999267578125,145.13365173339844
2024-07-31,149.6300048828125,144.60214233398438
2024-08-01,151.16000366210938,146.0807342529297
2024-08-02,150.86000061035156,145.79080200195312
2024-08-05,146.8300018310547,141.89622497558594
2024-08-06,147.50999450683594,142.55337524414062
2024-08-07,146.00999450683594,141.10379028320312
2024-08-08,149.24000549316406,144.22525024414062
2024-08-09,149.97999572753906,144.94039916992188
2024-08-12,149.41000366210938,144.3895263671875
2024-08-13,151.22000122070312,146.1387176513672
2024-08-14,151.75999450683594,146.66055297851562
2024-08-15,152.7100067138672,147.57864379882812
2024-08-16,152.8699951171875,147.73324584960938
2024-08-19,153.8000030517578,148.6320343017578
2024-08-20,154.4199981689453,149.231201171875
2024-08-21,154.67999267578125,149.48245239257812
2024-08-22,154.77999877929688,149.57908630371094
2024-08-23,155.4499969482422,150.2265625
2024-08-26,155.3699951171875,150.14926147460938
2024-08-27,155.61000061035156,150.38119506835938
2024-08-28,155.7899932861328,150.55516052246094
2024-08-29,156.1199951171875,150.87405395507812
2024-08-30,157.1999969482422,151.91775512695312
2024-09-03,156.89999389648438,151.6278533935547
2024-09-04,156.6300048828125,151.36692810058594
2024-09-05,154.47999572753906,149.2891845703125
2024-09-06,153.9499969482422,148.7769775390625
2024-09-09,155.02999877929688,149.82069396972656
2024-09-10,155.74000549316406,150.5068359375
2024-09-11,155.27999877929688,150.06228637695312
2024-09-12,155.83999633789062,150.60348510742188
2024-09-13,156.16000366210938,150.9127197265625
2024-09-16,157.24000549316406,151.95645141601562
2024-09-17,155.6199951171875,150.39088439941406
2024-09-18,155.36000061035156,150.1396026611328
2024-09-19,155.9199981689453,150.68077087402344
2024-09-20,155.27999877929688,150.06228637695312
2024-09-23,154.39999389648438,149.7683563232422
2024-09-24,154.08999633789062,149.46768188476562
2024-09-25,152.58999633789062,148.01268005371094
2024-09-26,153.10000610351562,148.5073699951172
2024-09-27,153.02000427246094,148.4298095703125
2024-09-30,154.02000427246094,149.3997802734375
2024-10-01,153.2100067138672,148.6140899658203
2024-10-02,152.89999389648438,148.31338500976562
2024-10-03,151.52000427246094,146.9747772216797
2024-10-04,151.63999938964844,147.09115600585938
2024-10-07,150.97000122070312,146.44126892089844
2024-10-08,151.7899932861328,147.23667907714844
2024-10-09,153.33999633789062,148.7401580810547
2024-10-10,152.77000427246094,148.1873016357422
2024-10-11,153.88999938964844,149.273681640625
2024-10-14,154.74000549316406,150.0981903076172
2024-10-15,152.85000610351562,148.26487731933594
2024-10-16,153.27999877929688,148.68197631835938
2024-10-17,152.38999938964844,147.81869506835938
2024-10-18,153.1300048828125,148.53648376464844
2024-10-21,151.3300018310547,146.7904510498047
2024-10-22,151.11000061035156,146.5770721435547
2024-10-23,150.39999389648438,145.88836669921875
2024-10-24,149.41000366210938,144.92808532714844
2024-10-25,148.58999633789062,144.13267517089844
2024-10-28,148.80999755859375,144.34605407714844
2024-10-29,148.39999389648438,143.9483642578125
2024-10-30,148.1199951171875,143.67677307128906
2024-10-31,146.8699951171875,142.46424865722656
2024-11-01,147.74000549316406,143.30816650390625
2024-11-04,146.77000427246094,142.36727905273438
2024-11-05,147.85000610351562,143.4148712158203
2024-11-06,148.0399932861328,143.5991668701172
2024-11-07,149.11000061035156,144.6370849609375
2024-11-08,150.17999267578125,145.6749725341797
2024-11-11,149.3000030517578,144.8213653564453
2024-11-12,147.22000122070312,142.8037567138672
2024-11-13,146.8300018310547,142.4254608154297
2024-11-14,144.52000427246094,140.18475341796875
2024-11-15,141.83999633789062,137.58517456054688
2024-11-18,141.94000244140625,137.68215942382812
2024-11-19,141.2100067138672,136.97406005859375
2024-11-20,142.8800048828125,138.59397888183594
2024-11-21,144.02999877929688,139.70944213867188
2024-11-22,144.16000366210938,139.83555603027344
2024-11-25,145.38999938964844,141.0286407470703
2024-11-26,146.1699981689453,141.7852783203125
2024-11-27,146.9499969482422,142.5418701171875
2024-11-29,147.41000366210938,142.98806762695312
2024-12-02,147.14999389648438,142.73587036132812
2024-12-03,146.82000732421875,142.415771484375
2024-12-04,146.74000549316406,142.33816528320312
2024-12-05,145.10000610351562,140.7473907470703
2024-12-06,144.27999877929688,139.95196533203125
2024-12-09,144.6999969482422,140.35935974121094
2024-12-10,144.10000610351562,139.77735900878906
2024-12-11,142.13999938964844,137.8761749267578
2024-12-12,141.00999450683594,136.78005981445312
2024-12-13,140.99000549316406,136.76068115234375
2024-12-16,139.30999755859375,135.13104248046875
2024-12-17,139.2100067138672,135.03404235839844
2024-12-18,137.32000732421875,133.20074462890625
2024-12-19,136.27999877929688,132.19192504882812
2024-12-20,138.0,133.86032104492188
2024-12-23,138.75,135.19723510742188
2024-12-24,139.32000732421875,135.75262451171875
2024-12-26,139.60000610351562,136.02545166015625
2024-12-27,138.9499969482422,135.39207458496094
2024-12-30,137.24000549316406,133.72589111328125
2024-12-31,137.57000732421875,134.0474395751953
2025-01-02,137.61000061035156,134.08641052246094
2025-01-03,138.9600067138672,135.40182495117188
2025-01-06,139.02000427246094,135.46029663085938
2025-01-07,139.7100067138672,136.1326446533203
2025-01-08,140.42999267578125,136.8341827392578
2025-01-10,139.63999938964844,136.0644073486328
2025-01-13,141.4600067138672,137.8378448486328
2025-01-14,140.0,136.41519165039062
2025-01-15,140.57000732421875,136.97059631347656
2025-01-16,141.1300048828125,137.51626586914062
2025-01-17,140.17999267578125,136.59060668945312
2025-01-21,142.5,138.8511962890625
2025-01-22,142.17999267578125,138.53936767578125
2025-01-23,144.0800018310547,140.39073181152344
2025-01-24,144.30999755859375,140.61483764648438
2025-01-27,147.5500030517578,143.77188110351562
2025-01-28,146.52000427246094,142.7682647705078
2025-01-29,145.66000366210938,141.93028259277344
2025-01-30,147.33999633789062,143.56727600097656
2025-01-31,146.8699951171875,143.10926818847656
2025-02-03,147.44000244140625,143.66468811035156
2025-02-04,147.0399932861328,143.27493286132812
2025-02-05,148.4499969482422,144.6488494873047
2025-02-06,147.1199951171875,143.35289001464844
2025-02-07,146.42999267578125,142.68055725097656
2025-02-10,146.3000030517578,142.5539093017578
2025-02-11,146.02999877929688,142.29080200195312
2025-02-12,145.82000732421875,142.086181640625
2025-02-13,146.38999938964844,142.64157104492188
2025-02-14,144.8000030517578,141.09230041503906
2025-02-18,144.52000427246094,140.8194580078125
2025-02-19,146.39999389648438,142.6513214111328
2025-02-20,147.22000122070312,143.45033264160156
2025-02-21,146.42999267578125,142.68055725097656
2025-02-24,147.6199951171875,143.84011840820312
2025-02-25,148.88999938964844,145.07757568359375
2025-02-26,147.82000732421875,144.0349578857422
2025-02-27,147.22000122070312,143.45033264160156
2025-02-28,148.92999267578125,145.11654663085938
2025-03-03,149.5800018310547,145.74989318847656
2025-03-04,148.19000244140625,144.39549255371094
2025-03-05,149.67999267578125,145.84735107421875
2025-03-06,149.27000427246094,145.44786071777344
2025-03-07,149.27999877929688,145.45758056640625
2025-03-10,147.6699981689453,143.8887939453125
2025-03-11,146.05999755859375,142.3200225830078
2025-03-12,144.60000610351562,140.89743041992188
2025-03-13,143.8300018310547,140.14715576171875
2025-03-14,144.92999267578125,141.2189483642578
2025-03-17,146.77000427246094,143.01187133789062
2025-03-18,146.83999633789062,143.08004760742188
2025-03-19,146.9199981689453,143.15802001953125
2025-03-20,147.00999450683594,143.2456817626953
2025-03-21,146.60000610351562,142.84622192382812
2025-03-24,147.14999389648438,143.9368438720703
2025-03-25,145.27000427246094,142.09791564941406
2025-03-26,144.74000549316406,141.57948303222656
2025-03-27,144.97000122070312,141.80447387695312
2025-03-28,144.52000427246094,141.36428833007812
2025-03-31,146.00999450683594,142.82176208496094
2025-04-01,143.33999633789062,140.21005249023438
2025-04-02,144.3000030517578,141.1490936279297
2025-04-03,143.1300048828125,140.004638671875
2025-04-04,135.27999877929688,132.3260498046875
2025-04-07,134.47000122070312,131.5337371826172
2025-04-08,132.97999572753906,130.07627868652344
2025-04-09,138.75999450683594,135.73007202148438
2025-04-10,134.88999938964844,131.94456481933594
2025-04-11,136.8699951171875,133.88133239746094
2025-04-14,138.5399932861328,135.51486206054688
2025-04-15,137.69000244140625,134.68344116210938
2025-04-16,136.2899932861328,133.31399536132812
2025-04-17,135.49000549316406,132.53147888183594
2025-04-21,132.57000732421875,129.6752471923828
2025-04-22,135.05999755859375,132.11085510253906
2025-04-23,135.72999572753906,132.76622009277344
2025-04-24,137.38999938964844,134.38998413085938
2025-04-25,138.0500030517578,135.03555297851562
2025-04-28,138.60000610351562,135.57357788085938
2025-04-29,139.27999877929688,136.2387237548828
2025-04-30,140.47000122070312,137.40274047851562
2025-05-01,136.63999938964844,133.65635681152344
2025-05-02,138.52999877929688,135.5050811767578
2025-05-05,138.13999938964844,135.12359619140625
2025-05-06,134.3300018310547,131.3968048095703
2025-05-07,135.36000061035156,132.40431213378906
2025-05-08,134.13999938964844,131.21095275878906
2025-05-09,132.67999267578125,129.78282165527344
2025-05-12,135.9600067138672,132.99119567871094
2025-05-13,131.8699951171875,128.99050903320312
2025-05-14,128.77000427246094,125.95820617675781
2025-05-15,130.4600067138672,127.6113052368164
2025-05-16,133.08999633789062,130.18386840820312
2025-05-19,134.3699951171875,131.4359130859375
2025-05-20,134.6999969482422,131.7587127685547
2025-05-21,131.5800018310547,128.7068328857422
2025-05-22,130.5500030517578,127.69935607910156
2025-05-23,130.33999633789062,127.4939193725586
2025-05-27,132.16000366210938,129.27418518066406
2025-05-28,131.47999572753906,128.60902404785156
2025-05-29,132.36000061035156,129.4698028564453
2025-05-30,132.63999938964844,129.7436981201172
2025-06-02,132.72000122070312,129.82196044921875
2025-06-03,133.02999877929688,130.12518310546875
2025-06-04,133.2899932861328,130.37950134277344
2025-06-05,133.11000061035156,130.2034454345703
2025-06-06,134.3800048828125,131.44570922851562
2025-06-09,134.14999389648438,131.22073364257812
2025-06-10,135.67999267578125,132.71731567382812
2025-06-11,135.75,132.78578186035156
2025-06-12,136.80999755859375,133.82264709472656
2025-06-13,136.1300048828125,133.15750122070312
2025-06-16,135.7100067138672,132.7466583251953
2025-06-17,133.47000122070312,130.55557250976562
2025-06-18,133.24000549316406,130.3306121826172
2025-06-20,132.60000610351562,129.70457458496094
2025-06-23,132.16000366210938,129.8913116455078
2025-06-24,133.77999877929688,131.48350524902344
2025-06-25,133.89999389648438,131.60142517089844
2025-06-26,134.22000122070312,131.91595458984375
2025-06-27,133.92999267578125,131.6309356689453
2025-06-30,134.7899932861328,132.4761505126953
2025-07-01,136.7100067138672,134.36322021484375
2025-07-02,135.36000061035156,133.036376953125
2025-07-03,135.5,133.17398071289062
2025-07-07,134.36000061035156,132.05355834960938
2025-07-08,134.97000122070312,132.653076171875
2025-07-09,135.49000549316406,133.16415405273438
2025-07-10,136.32000732421875,133.97991943359375
2025-07-11,135.19000244140625,132.8693084716797
2025-07-14,135.02999877929688,132.71206665039062
2025-07-15,132.60000610351562,130.32376098632812
2025-07-16,134.25,131.9454345703125
2025-07-17,132.72000122070312,130.44171142578125
2025-07-18,131.83999633789062,129.57681274414062
2025-07-21,131.08999633789062,128.8396759033203
2025-07-22,133.52999877929688,131.23777770996094
2025-07-23,136.27000427246094,133.93075561523438
2025-07-24,135.75999450683594,133.42950439453125
2025-07-25,136.47999572753906,134.13714599609375
2025-07-28,135.2899932861328,132.9675750732422
2025-07-29,134.42999267578125,132.12234497070312
2025-07-30,134.19000244140625,131.88645935058594
2025-07-31,130.42999267578125,128.19100952148438
2025-08-01,131.1300048828125,128.8789825439453
2025-08-04,133.00999450683594,130.7267303466797
2025-08-05,132.5,130.22549438476562
2025-08-06,130.50999450683594,128.26963806152344
2025-08-07,129.00999450683594,126.7953872680664
2025-08-08,130.16000366210938,127.92564392089844
2025-08-11,130.2899932861328,128.0534210205078
2025-08-12,131.19000244140625,128.93797302246094
2025-08-13,133.2899932861328,131.0019073486328
2025-08-14,133.9600067138672,131.66041564941406
2025-08-15,136.2100067138672,133.8717803955078
2025-08-18,135.88999938964844,133.55728149414062
2025-08-19,136.75999450683594,134.412353515625
2025-08-20,137.5,135.1396484375
2025-08-21,137.0399932861328,134.6875457763672
2025-08-22,138.1699981689453,135.7981414794922
2025-08-25,136.1999969482422,133.86195373535156
2025-08-26,137.0500030517578,134.6973876953125
2025-08-27,136.97000122070312,134.61874389648438
2025-08-28,136.42999267578125,134.08799743652344
2025-08-29,137.42999267578125,135.0708465576172
2025-09-02,137.55999755859375,135.1986083984375
2025-09-03,136.91000366210938,134.55978393554688
2025-09-04,137.42999267578125,135.0708465576172
2025-09-05,137.89999389648438,135.53277587890625
2025-09-08,137.85000610351562,135.483642578125
2025-09-09,138.58999633789062,136.2109375
2025-09-10,137.3300018310547,134.97256469726562
2025-09-11,139.72000122070312,137.321533203125
2025-09-12,138.11000061035156,135.73916625976562
2025-09-15,136.92999267578125,134.5794219970703
2025-09-16,136.92999267578125,134.5794219970703
2025-09-17,137.1999969482422,134.8448028564453
2025-09-18,137.47000122070312,135.1101531982422
2025-09-19,137.2899932861328,134.93324279785156
2025-09-22,136.6300048828125,134.89869689941406
2025-09-23,136.94000244140625,135.2047576904297
2025-09-24,136.38999938964844,134.6617431640625
2025-09-25,134.1300048828125,132.43038940429688
2025-09-26,135.5,133.78302001953125
2025-09-29,135.89999389648438,134.1779327392578
2025-09-30,139.1699981689453,137.40650939941406
2025-10-01,143.47000122070312,141.6520233154297
2025-10-02,143.19000244140625,141.3755645751953
2025-10-03,144.82000732421875,142.98492431640625
2025-10-06,144.1199951171875,142.29379272460938
2025-10-07,144.22999572753906,142.4023895263672
2025-10-08,144.50999450683594,142.6788330078125
2025-10-09,144.19000244140625,142.3629150390625
2025-10-10,142.11000061035156,140.30926513671875
2025-10-13,141.9499969482422,140.15127563476562
2025-10-14,142.33999633789062,140.5363311767578
2025-10-15,142.55999755859375,140.75355529785156
2025-10-16,142.32000732421875,140.5166015625
2025-10-17,143.27000427246094,141.45455932617188
2025-10-20,144.7899932861328,142.95529174804688
2025-10-21,145.1300048828125,143.29100036621094
2025-10-22,145.9600067138672,144.1104736328125
2025-10-23,146.0399932861328,144.189453125
2025-10-24,146.02999877929688,144.17958068847656
2025-10-27,146.3699951171875,144.51527404785156
2025-10-28,145.4499969482422,143.60691833496094
2025-10-29,143.97999572753906,142.1555633544922
2025-10-30,144.3000030517578,142.4715118408203
2025-10-31,144.25,142.42213439941406
2025-11-03,144.4499969482422,142.61959838867188
2025-11-04,145.10000610351562,143.26138305664062
2025-11-05,145.66000366210938,143.8142852783203
2025-11-06,145.94000244140625,144.09071350097656
2025-11-07,146.13999938964844,144.28819274902344
2025-11-10,147.27999877929688,145.4137420654297
2025-11-11,150.67999267578125,148.77066040039062
2025-11-12,152.82000732421875,150.883544921875
2025-11-13,152.74000549316406,150.8045654296875
2025-11-14,151.8300018310547,149.90609741210938
2025-11-17,151.6999969482422,149.77772521972656
2025-11-18,152.58999633789062,150.6564483642578
2025-11-19,152.3300018310547,150.39976501464844
2025-11-20,151.4199981689453,149.50128173828125
2025-11-21,154.61000061035156,152.65086364746094
2025-11-24,155.25999450683594,153.29261779785156
2025-11-25,158.77000427246094,156.75814819335938
2025-11-26,158.4199981689453,156.41258239746094
2025-11-28,157.64999389648438,155.65234375
2025-12-01,155.2899932861328,153.32223510742188
2025-12-02,154.36000061035156,152.40402221679688
2025-12-03,155.0800018310547,153.1149139404297
2025-12-04,153.89999389648438,151.94985961914062
2025-12-05,153.25999450683594,151.31796264648438
2025-12-08,151.42999267578125,149.5111541748047
2025-12-09,149.9600067138672,148.05979919433594
2025-12-10,152.13999938964844,150.212158203125
2025-12-11,153.5800018310547,151.6339111328125
2025-12-12,154.05999755859375,152.1078338623047
2025-12-15,156.10000610351562,154.12197875976562
2025-12-16,154.07000732421875,152.11770629882812
2025-12-17,153.7899932861328,151.8412322998047
2025-12-18,153.91000366210938,151.95973205566406
2025-12-19,154.94000244140625,152.97669982910156
2025-12-22,155.3000030517578,153.98507690429688
2025-12-23,154.99000549316406,153.6776885986328
2025-12-24,155.8000030517578,154.4808349609375
2025-12-26,156.0500030517578,154.72872924804688
2025-12-29,155.80999755859375,154.49073791503906
2025-12-30,155.67999267578125,154.36184692382812
2025-12-31,154.8000030517578,153.4893035888672
2026-01-02,155.50999450683594,154.1932830810547
2026-01-05,155.0399932861328,153.72726440429688
2026-01-06,158.08999633789062,156.75143432617188
2026-01-07,159.66000366210938,158.3081512451172
2026-01-08,158.1199951171875,156.7811737060547
2026-01-09,157.30999755859375,155.97805786132812
2026-01-12,157.3800048828125,156.04745483398438
2026-01-13,156.74000549316406,155.4128875732422
2026-01-14,157.86000061035156,156.5233917236328
2026-01-15,156.9600067138672,155.6310272216797
2026-01-16,155.74000549316406,154.4213409423828
2026-01-20,155.39999389648438,154.08421325683594
2026-01-21,158.25999450683594,156.9199981689453
2026-01-22,158.2899932861328,156.9497528076172
2026-01-23,157.47999572753906,156.1466064453125
2026-01-26,158.10000610351562,156.76136779785156
2026-01-27,155.4499969482422,154.13380432128906
2026-01-28,154.30999755859375,153.00344848632812
2026-01-29,153.82000732421875,152.51760864257812
2026-01-30,154.74000549316406,153.4298095703125
2026-02-02,155.69000244140625,154.37176513671875
2026-02-03,154.10000610351562,152.79522705078125
2026-02-04,156.02999877929688,154.70887756347656
2026-02-05,154.83999633789062,153.52894592285156
2026-02-06,157.7100067138672,156.37466430664062
2026-02-09,156.32000732421875,154.99642944335938
2026-02-10,155.3300018310547,154.0148162841797
2026-02-11,156.25,154.92701721191406
2026-02-12,156.0,154.67913818359375
2026-02-13,157.6699981689453,156.33499145507812
2026-02-17,157.3699951171875,156.03753662109375
2026-02-18,157.6699981689453,156.33499145507812
2026-02-19,157.25999450683594,155.928466796875
2026-02-20,156.82000732421875,155.49220275878906
2026-02-23,158.5399932861328,157.1976318359375
2026-02-24,157.8699951171875,156.53330993652344
2026-02-25,157.8300018310547,156.49365234375
2026-02-26,157.4199981689453,156.0871124267578
2026-02-27,160.1999969482422,158.84356689453125
2026-03-02,158.52999877929688,157.18771362304688
2026-03-03,156.74000549316406,155.4128875732422
2026-03-04,157.0500030517578,155.7202606201172
2026-03-05,153.91000366210938,152.60684204101562
2026-03-06,152.6999969482422,151.40708923339844
2026-03-09,154.25999450683594,152.95387268066406
2026-03-10,153.14999389648438,151.853271484375
2026-03-11,152.85000610351562,151.55581665039062
2026-03-12,150.16000366210938,148.8885955810547
2026-03-13,149.7899932861328,148.52171325683594
2026-03-16,151.00999450683594,149.73138427734375
2026-03-17,149.63999938964844,148.3730010986328
2026-03-18,147.13999938964844,145.89414978027344
2026-03-19,146.61000061035156,145.36865234375
2026-03-20,145.3300018310547,144.0994873046875
2026-03-23,144.77000427246094,144.13433837890625
2026-03-24,144.7899932861328,144.15423583984375
2026-03-25,146.24000549316406,145.59788513183594
2026-03-26,145.74000549316406,145.10008239746094
2026-03-27,143.25999450683594,142.63095092773438
2026-03-30,143.82000732421875,143.18850708007812
2026-03-31,146.61000061035156,145.96624755859375
2026-04-01,147.72999572753906,147.08132934570312
2026-04-02,146.80999755859375,146.16537475585938
2026-04-06,146.27999877929688,145.6376953125
2026-04-07,146.57000732421875,145.9264373779297
2026-04-08,149.6699981689453,149.0128173828125
2026-04-09,149.3300018310547,148.67431640625
2026-04-10,147.30999755859375,146.66317749023438
2026-04-13,147.97000122070312,147.32028198242188
2026-04-14,148.8300018310547,148.17649841308594
2026-04-15,147.77000427246094,147.12115478515625
2026-04-16,146.61000061035156,145.96624755859375
2026-04-17,148.8000030517578,148.14663696289062
2026-04-20,147.4199981689453,146.77268981933594
2026-04-21,145.9199981689453,145.27928161621094
2026-04-22,146.3800048828125,145.7372589111328
2026-04-23,146.24000549316406,145.59788513183594
2026-04-24,144.17999267578125,143.5469207763672
2026-04-27,143.4600067138672,142.83009338378906
2026-04-28,143.83999633789062,143.20840454101562
2026-04-29,142.83999633789062,142.21279907226562
2026-04-30,145.99000549316406,145.34898376464844
2026-05-01,145.16000366210938,144.5226287841797
2026-05-04,144.72999572753906,144.09449768066406
2026-05-05,145.3000030517578,144.66200256347656
2026-05-06,145.39999389648438,144.7615509033203
2026-05-07,144.72000122070312,144.0845489501953
2026-05-08,143.49000549316406,142.85995483398438
2026-05-11,143.0399932861328,142.41192626953125
2026-05-12,145.85000610351562,145.2095947265625
2026-05-13,146.7100067138672,146.06581115722656
2026-05-14,146.6300048828125,145.9861602783203
2026-05-15,145.10000610351562,144.462890625
2026-05-18,145.72000122070312,145.0801544189453
2026-05-19,147.32000732421875,146.6731414794922
2026-05-20,147.1300048828125,146.48397827148438
2026-05-21,148.14999389648438,147.49948120117188
2026-05-22,149.88999938964844,149.23184204101562
2026-05-26,148.50999450683594,147.85791015625
2026-05-27,148.7899932861328,148.1366729736328
2026-05-28,150.8800048828125,150.21751403808594
2026-05-29,149.47000122070312,148.81369018554688
2026-06-01,147.83999633789062,147.1908416748047
2026-06-02,146.39999389648438,145.75717163085938
2026-06-03,147.5500030517578,146.90213012695312
2026-06-04,152.0800018310547,151.4122314453125
2026-06-05,153.00999450683594,152.33815002441406
2026-06-08,152.64999389648438,151.97972106933594
2026-06-09,154.57000732421875,153.8913116455078
2026-06-10,152.85000610351562,152.17886352539062
2026-06-11,154.08999633789062,153.4134063720703
2026-06-12,153.80999755859375,153.13462829589844
2026-06-15,152.88999938964844,152.2186737060547
2026-06-16,152.94000244140625,152.26846313476562
2026-06-17,150.7100067138672,150.04824829101562
2026-06-18,149.39999389648438,148.74398803710938
2026-06-22,150.05999755859375,150.05999755859375
2026-06-23,152.17999267578125,152.17999267578125
2026-06-24,153.35000610351562,153.35000610351562
2026-06-25,155.6300048828125,155.6300048828125
2026-06-26,160.33999633789062,160.33999633789062
2026-06-29,160.74000549316406,160.74000549316406
2026-06-30,158.66000366210938,158.66000366210938
2026-07-01,159.5399932861328,159.5399932861328
2026-07-02,163.74000549316406,163.74000549316406
2026-07-06,161.9600067138672,161.9600067138672
2026-07-07,164.44000244140625,164.44000244140625
2026-07-08,162.3000030517578,162.3000030517578
2026-07-09,162.1699981689453,162.1699981689453
2026-07-10,160.83999633789062,160.83999633789062
2026-07-13,161.41000366210938,161.41000366210938
2026-07-14,158.2899932861328,158.2899932861328
2026-07-15,158.2899932861328,158.2899932861328
2026-07-16,161.8000030517578,161.8000030517578
2026-07-17,161.08999633789062,161.08999633789062
2026-07-20,159.25,159.25
2026-07-21,160.25,160.25
2026-07-22,159.42999267578125,159.42999267578125
2026-07-23,161.44000244140625,161.44000244140625
2026-07-24,162.57000732421875,162.57000732421875
2026-07-27,163.39999389648438,163.39999389648438
2026-07-28,167.25999450683594,167.25999450683594
2026-07-29,166.24000549316406,166.24000549316406
2026-07-30,163.52000427246094,163.52000427246094
2026-07-31,162.5500030517578,162.5500030517578
2026-08-03,162.24000549316406,162.24000549316406
2026-08-04,162.10000610351562,162.10000610351562
2026-08-05,164.16000366210938,164.16000366210938
2026-08-06,164.4499969482422,164.4499969482422
2026-08-07,165.67999267578125,165.67999267578125
2026-08-10,168.44000244140625,168.44000244140625
2026-08-11,168.00999450683594,168.00999450683594
2026-08-12,168.44000244140625,168.44000244140625
2026-08-13,168.3800048828125,168.3800048828125
2026-08-14,167.3699951171875,167.3699951171875
2026-08-17,167.0500030517578,167.0500030517578
2026-08-18,169.72999572753906,169.72999572753906
2026-08-19,175.67999267578125,175.67999267578125
2026-08-20,172.38999938964844,172.38999938964844
2026-08-21,174.6199951171875,174.6199951171875
2026-08-24,174.6999969482422,174.6999969482422
2026-08-25,175.2899932861328,175.2899932861328
2026-08-26,173.5399932861328,173.5399932861328
2026-08-27,171.5800018310547,171.5800018310547
2026-08-28,171.16000366210938,171.16000366210938
2026-08-31,170.5399932861328,170.5399932861328
