date,close,adjusted_close
2011-01-03,18.924999237060547,15.720355033874512
2011-01-04,18.81999969482422,15.633138656616211
2011-01-05,18.975000381469727,15.761886596679688
2011-01-06,18.860000610351562,15.666367530822754
2011-01-07,18.850000381469727,15.658061027526855
2011-01-10,18.834999084472656,15.645597457885742
2011-01-11,18.829999923706055,15.641441345214844
2011-01-12,18.875,15.678825378417969
2011-01-13,18.844999313354492,15.653912544250488
2011-01-14,18.959999084472656,15.749429702758789
2011-01-18,19.014999389648438,15.795121192932129
2011-01-19,18.825000762939453,15.637303352355957
2011-01-20,18.864999771118164,15.670516014099121
2011-01-21,18.90999984741211,15.70789623260498
2011-01-24,18.985000610351562,15.770188331604004
2011-01-25,18.9950008392334,15.778510093688965
2011-01-26,19.024999618530273,15.803422927856445
2011-01-27,19.174999237060547,15.928031921386719
2011-01-28,18.549999237060547,15.408863067626953
2011-01-31,18.59000015258789,15.442089080810547
2011-02-01,18.809999465942383,15.624838829040527
2011-02-02,18.7549991607666,15.579147338867188
2011-02-03,18.975000381469727,15.761886596679688
2011-02-04,19.104999542236328,15.869872093200684
2011-02-07,19.204999923706055,15.952949523925781
2011-02-08,19.434999465942383,16.14399528503418
2011-02-09,19.565000534057617,16.25198745727539
2011-02-10,19.59000015258789,16.272764205932617
2011-02-11,19.790000915527344,16.438892364501953
2011-02-14,19.709999084472656,16.37242889404297
2011-02-15,19.735000610351562,16.393205642700195
2011-02-16,19.895000457763672,16.526105880737305
2011-02-17,19.899999618530273,16.530254364013672
2011-02-18,20.0049991607666,16.617477416992188
2011-02-22,19.524999618530273,16.21877098083496
2011-02-23,19.239999771118164,15.982024192810059
2011-02-24,19.354999542236328,16.077547073364258
2011-02-25,19.55500030517578,16.243682861328125
2011-02-28,19.704999923706055,16.368284225463867
2011-03-01,19.329999923706055,16.056781768798828
2011-03-02,19.405000686645508,16.119081497192383
2011-03-03,19.75,16.405662536621094
2011-03-04,19.604999542236328,16.28521156311035
2011-03-07,19.40999984741211,16.123233795166016
2011-03-08,19.565000534057617,16.25198745727539
2011-03-09,19.610000610351562,16.28937339782715
2011-03-10,19.385000228881836,16.10246467590332
2011-03-11,19.5049991607666,16.202150344848633
2011-03-14,19.264999389648438,16.002792358398438
2011-03-15,19.104999542236328,15.869872093200684
2011-03-16,18.780000686645508,15.599916458129883
2011-03-17,18.864999771118164,15.670516014099121
2011-03-18,18.790000915527344,15.66052532196045
2011-03-21,19.079999923706055,15.9022216796875
2011-03-22,18.93000030517578,15.777204513549805
2011-03-23,19.094999313354492,15.91472339630127
2011-03-24,19.375,16.148080825805664
2011-03-25,19.40999984741211,16.1772518157959
2011-03-28,19.209999084472656,16.010570526123047
2011-03-29,19.385000228881836,16.156421661376953
2011-03-30,19.594999313354492,16.33144760131836
2011-03-31,19.524999618530273,16.273099899291992
2011-04-01,19.649999618530273,16.377281188964844
2011-04-04,19.69499969482422,16.414793014526367
2011-04-05,19.760000228881836,16.468965530395508
2011-04-06,19.725000381469727,16.439794540405273
2011-04-07,19.645000457763672,16.373125076293945
2011-04-08,19.530000686645508,16.27727508544922
2011-04-11,19.53499984741211,16.28143310546875
2011-04-12,19.510000228881836,16.260602951049805
2011-04-13,19.575000762939453,16.314781188964844
2011-04-14,19.530000686645508,16.27727508544922
2011-04-15,19.625,16.356447219848633
2011-04-18,19.450000762939453,16.210599899291992
2011-04-19,19.4950008392334,16.248104095458984
2011-04-20,19.844999313354492,16.539804458618164
2011-04-21,19.954999923706055,16.631492614746094
2011-04-25,19.934999465942383,16.614822387695312
2011-04-26,19.969999313354492,16.64398956298828
2011-04-27,20.209999084472656,16.84401512145996
2011-04-28,20.290000915527344,16.91069221496582
2011-04-29,20.274999618530273,16.898195266723633
2011-05-02,20.344999313354492,16.956539154052734
2011-05-03,20.229999542236328,16.860687255859375
2011-05-04,20.184999465942383,16.823177337646484
2011-05-05,20.1299991607666,16.777345657348633
2011-05-06,20.145000457763672,16.78984832763672
2011-05-09,20.170000076293945,16.8106746673584
2011-05-10,20.43000030517578,17.027372360229492
2011-05-11,20.235000610351562,16.86485481262207
2011-05-12,20.434999465942383,17.031536102294922
2011-05-13,20.280000686645508,16.902368545532227
2011-05-16,20.010000228881836,16.67732810974121
2011-05-17,20.030000686645508,16.69399070739746
2011-05-18,20.264999389648438,16.889854431152344
2011-05-19,20.329999923706055,16.944034576416016
2011-05-20,20.135000228881836,16.781513214111328
2011-05-23,19.94499969482422,16.623153686523438
2011-05-24,19.844999313354492,16.539804458618164
2011-05-25,19.850000381469727,16.543975830078125
2011-05-26,20.030000686645508,16.69399070739746
2011-05-27,20.079999923706055,16.73566246032715
2011-05-31,20.219999313354492,16.85235023498535
2011-06-01,19.760000228881836,16.468965530395508
2011-06-02,19.71500015258789,16.43146324157715
2011-06-03,19.459999084472656,16.218931198120117
2011-06-06,19.2549991607666,16.048070907592773
2011-06-07,19.274999618530273,16.064743041992188
2011-06-08,19.125,15.93972110748291
2011-06-09,19.28499984741211,16.07308006286621
2011-06-10,18.93000030517578,15.777204513549805
2011-06-13,18.905000686645508,15.75637149810791
2011-06-14,19.239999771118164,16.035564422607422
2011-06-15,18.94499969482422,15.78970718383789
2011-06-16,18.899999618530273,15.752201080322266
2011-06-17,18.975000381469727,15.870548248291016
2011-06-20,19.1299991607666,16.000186920166016
2011-06-21,19.520000457763672,16.326387405395508
2011-06-22,19.3700008392334,16.200918197631836
2011-06-23,19.440000534057617,16.25947380065918
2011-06-24,19.25,16.10055923461914
2011-06-27,19.485000610351562,16.297109603881836
2011-06-28,19.854999542236328,16.60657501220703
2011-06-29,19.94499969482422,16.68185043334961
2011-06-30,20.104999542236328,16.815675735473633
2011-07-01,20.510000228881836,17.15441131591797
2011-07-05,20.600000381469727,17.229686737060547
2011-07-06,20.524999618530273,17.16696548461914
2011-07-07,20.809999465942383,17.405332565307617
2011-07-08,20.684999465942383,17.300785064697266
2011-07-11,20.28499984741211,16.96622657775879
2011-07-12,20.184999465942383,16.882579803466797
2011-07-13,20.290000915527344,16.970401763916016
2011-07-14,20.135000228881836,16.84076690673828
2011-07-15,20.145000457763672,16.849130630493164
2011-07-18,19.950000762939453,16.68603515625
2011-07-19,20.334999084472656,17.00804328918457
2011-07-20,20.229999542236328,16.92022132873535
2011-07-21,20.46500015258789,17.116777420043945
2011-07-22,20.545000076293945,17.183683395385742
2011-07-25,20.40999984741211,17.070772171020508
2011-07-26,20.375,17.0414981842041
2011-07-27,20.020000457763672,16.744569778442383
2011-07-28,19.920000076293945,16.660940170288086
2011-07-29,19.825000762939453,16.581485748291016
2011-08-01,19.719999313354492,16.493667602539062
2011-08-02,18.975000381469727,15.870548248291016
2011-08-03,19.114999771118164,15.987645149230957
2011-08-04,18.184999465942383,15.209803581237793
2011-08-05,18.170000076293945,15.19725513458252
2011-08-08,17.030000686645508,14.243769645690918
2011-08-09,17.81999969482422,14.90451431274414
2011-08-10,17.059999465942383,14.26885986328125
2011-08-11,17.815000534057617,14.900335311889648
2011-08-12,18.03499984741211,15.08433723449707
2011-08-15,18.299999237060547,15.305984497070312
2011-08-16,18.200000762939453,15.222352981567383
2011-08-17,18.174999237060547,15.201436042785645
2011-08-18,17.274999618530273,14.448678970336914
2011-08-19,17.024999618530273,14.239578247070312
2011-08-22,17.075000762939453,14.281404495239258
2011-08-23,17.735000610351562,14.833417892456055
2011-08-24,18.049999237060547,15.09688949584961
2011-08-25,17.690000534057617,14.795780181884766
2011-08-26,18.059999465942383,15.105253219604492
2011-08-29,18.584999084472656,15.544349670410156
2011-08-30,18.670000076293945,15.615447998046875
2011-08-31,18.78499984741211,15.71163558959961
2011-09-01,18.55500030517578,15.51926040649414
2011-09-02,18.030000686645508,15.080156326293945
2011-09-06,17.975000381469727,15.034154891967773
2011-09-07,18.440000534057617,15.423072814941406
2011-09-08,18.190000534057617,15.213981628417969
2011-09-09,17.709999084472656,14.812508583068848
2011-09-12,17.920000076293945,14.988151550292969
2011-09-13,18.1299991607666,15.163804054260254
2011-09-14,18.43000030517578,15.41472339630127
2011-09-15,18.739999771118164,15.673992156982422
2011-09-16,18.885000228881836,15.849404335021973
2011-09-19,18.850000381469727,15.820023536682129
2011-09-20,18.75,15.736104965209961
2011-09-21,18.145000457763672,15.228353500366211
2011-09-22,17.600000381469727,14.770956993103027
2011-09-23,17.864999771118164,14.993358612060547
2011-09-26,18.28499984741211,15.345845222473145
2011-09-27,18.40999984741211,15.450750350952148
2011-09-28,18.094999313354492,15.186387062072754
2011-09-29,17.94499969482422,15.060494422912598
2011-09-30,17.43000030517578,14.628279685974121
2011-10-03,16.920000076293945,14.200255393981934
2011-10-04,17.454999923706055,14.649259567260742
2011-10-05,17.774999618530273,14.917820930480957
2011-10-06,18.190000534057617,15.266112327575684
2011-10-07,18.174999237060547,15.253527641296387
2011-10-10,18.790000915527344,15.769676208496094
2011-10-11,18.8700008392334,15.836817741394043
2011-10-12,19.040000915527344,15.979486465454102
2011-10-13,19.024999618530273,15.966893196105957
2011-10-14,19.334999084472656,16.227069854736328
2011-10-17,18.940000534057617,15.895560264587402
2011-10-18,19.325000762939453,16.218677520751953
2011-10-19,19.03499984741211,15.975297927856445
2011-10-20,19.1299991607666,16.055017471313477
2011-10-21,19.65999984741211,16.499828338623047
2011-10-24,19.950000762939453,16.74321174621582
2011-10-25,19.514999389648438,16.378131866455078
2011-10-26,19.440000534057617,16.315189361572266
2011-10-27,19.969999313354492,16.75999641418457
2011-10-28,19.815000534057617,16.629915237426758
2011-10-31,19.510000228881836,16.373937606811523
2011-11-01,19.09000015258789,16.021455764770508
2011-11-02,19.28499984741211,16.185110092163086
2011-11-03,19.53499984741211,16.394916534423828
2011-11-04,19.459999084472656,16.331981658935547
2011-11-07,19.584999084472656,16.4368839263916
2011-11-08,19.774999618530273,16.596342086791992
2011-11-09,19.06999969482422,16.004661560058594
2011-11-10,19.25,16.155731201171875
2011-11-11,19.735000610351562,16.562767028808594
2011-11-14,19.59000015258789,16.441082000732422
2011-11-15,19.65999984741211,16.499828338623047
2011-11-16,19.290000915527344,16.189302444458008
2011-11-17,18.950000762939453,15.90395450592041
2011-11-18,18.940000534057617,15.895560264587402
2011-11-21,18.645000457763672,15.647974967956543
2011-11-22,18.635000228881836,15.639581680297852
2011-11-23,18.264999389648438,15.329058647155762
2011-11-25,18.165000915527344,15.245137214660645
2011-11-28,18.719999313354492,15.710918426513672
2011-11-29,18.78499984741211,15.765475273132324
2011-11-30,19.3700008392334,16.256441116333008
2011-12-01,19.385000228881836,16.269031524658203
2011-12-02,19.53499984741211,16.394916534423828
2011-12-05,19.71500015258789,16.545984268188477
2011-12-06,19.649999618530273,16.491430282592773
2011-12-07,19.774999618530273,16.596342086791992
2011-12-08,19.354999542236328,16.24385643005371
2011-12-09,19.674999237060547,16.512409210205078
2011-12-12,19.614999771118164,16.462055206298828
2011-12-13,19.229999542236328,16.138946533203125
2011-12-14,19.030000686645508,15.971097946166992
2011-12-15,19.059999465942383,15.996274948120117
2011-12-16,18.950000762939453,15.996273040771484
2011-12-19,18.739999771118164,15.81900405883789
2011-12-20,19.2549991607666,16.253734588623047
2011-12-21,19.31999969482422,16.30860137939453
2011-12-22,19.375,16.355030059814453
2011-12-23,19.59000015258789,16.536514282226562
2011-12-27,19.649999618530273,16.587154388427734
2011-12-28,19.434999465942383,16.40567970275879
2011-12-29,19.635000228881836,16.574508666992188
2011-12-30,19.510000228881836,16.468984603881836
2012-01-03,19.674999237060547,16.608261108398438
2012-01-04,19.829999923706055,16.739097595214844
2012-01-05,19.9950008392334,16.878385543823242
2012-01-06,20.024999618530273,16.903709411621094
2012-01-09,19.9950008392334,16.878385543823242
2012-01-10,20.125,16.988128662109375
2012-01-11,20.155000686645508,17.013450622558594
2012-01-12,20.21500015258789,17.06409454345703
2012-01-13,20.190000534057617,17.042997360229492
2012-01-17,20.2450008392334,17.08941078186035
2012-01-18,20.56999969482422,17.363767623901367
2012-01-19,20.75,17.515701293945312
2012-01-20,20.579999923706055,17.372203826904297
2012-01-23,20.565000534057617,17.359548568725586
2012-01-24,20.625,17.41019630432129
2012-01-25,20.774999618530273,17.53680992126465
2012-01-26,20.739999771118164,17.507265090942383
2012-01-27,20.725000381469727,17.494604110717773
2012-01-30,20.665000915527344,17.443954467773438
2012-01-31,20.65999984741211,17.439735412597656
2012-02-01,20.729999542236328,17.498823165893555
2012-02-02,20.704999923706055,17.477718353271484
2012-02-03,21.1299991607666,17.83648109436035
2012-02-06,21.084999084472656,17.798486709594727
2012-02-07,21.184999465942383,17.88290786743164
2012-02-08,21.235000610351562,17.925107955932617
2012-02-09,21.270000457763672,17.954660415649414
2012-02-10,21.155000686645508,17.85758399963379
2012-02-13,21.325000762939453,18.001083374023438
2012-02-14,21.299999237060547,17.97998046875
2012-02-15,21.204999923706055,17.8997859954834
2012-02-16,21.295000076293945,17.975757598876953
2012-02-17,21.479999542236328,18.131912231445312
2012-02-21,21.405000686645508,18.068613052368164
2012-02-22,21.350000381469727,18.022178649902344
2012-02-23,21.454999923706055,18.110815048217773
2012-02-24,21.43000030517578,18.08971405029297
2012-02-27,21.55500030517578,18.195234298706055
2012-02-28,21.674999237060547,18.296524047851562
2012-02-29,21.594999313354492,18.228994369506836
2012-03-01,21.774999618530273,18.380943298339844
2012-03-02,21.760000228881836,18.368276596069336
2012-03-05,21.739999771118164,18.351398468017578
2012-03-06,21.399999618530273,18.06438636779785
2012-03-07,21.645000457763672,18.271202087402344
2012-03-08,21.864999771118164,18.456905364990234
2012-03-09,21.989999771118164,18.562427520751953
2012-03-12,21.93000030517578,18.51178550720215
2012-03-13,22.270000457763672,18.798784255981445
2012-03-14,22.239999771118164,18.773466110229492
2012-03-15,22.315000534057617,18.836767196655273
2012-03-16,22.174999237060547,18.776227951049805
2012-03-19,22.290000915527344,18.873605728149414
2012-03-20,22.325000762939453,18.903242111206055
2012-03-21,22.354999542236328,18.92864990234375
2012-03-22,22.299999237060547,18.88206672668457
2012-03-23,22.325000762939453,18.903242111206055
2012-03-26,22.68000030517578,19.20383071899414
2012-03-27,22.645000457763672,19.174196243286133
2012-03-28,22.450000762939453,19.00908660888672
2012-03-29,22.44499969482422,19.004852294921875
2012-03-30,22.545000076293945,19.089519500732422
2012-04-02,22.604999542236328,19.14031410217285
2012-04-03,22.559999465942383,19.102224349975586
2012-04-04,22.350000381469727,18.924407958984375
2012-04-05,22.5049991607666,19.05565071105957
2012-04-09,22.299999237060547,18.88206672668457
2012-04-10,21.7549991607666,18.420604705810547
2012-04-11,22.05500030517578,18.674623489379883
2012-04-12,22.334999084472656,18.911705017089844
2012-04-13,22.274999618530273,18.860898971557617
2012-04-16,22.19499969482422,18.793161392211914
2012-04-17,22.43000030517578,18.992149353027344
2012-04-18,22.46500015258789,19.02178192138672
2012-04-19,22.28499984741211,18.86937141418457
2012-04-20,22.31999969482422,18.899011611938477
2012-04-23,22.079999923706055,18.695781707763672
2012-04-24,22.0049991607666,18.632293701171875
2012-04-25,22.375,18.945575714111328
2012-04-26,22.655000686645508,19.182661056518555
2012-04-27,22.934999465942383,19.41974449157715
2012-04-30,22.80500030517578,19.309673309326172
2012-05-01,22.954999923706055,19.436677932739258
2012-05-02,23.079999923706055,19.542522430419922
2012-05-03,22.899999618530273,19.390106201171875
2012-05-04,22.454999923706055,19.013315200805664
2012-05-07,22.44499969482422,19.004852294921875
2012-05-08,22.174999237060547,18.776227951049805
2012-05-09,22.09000015258789,18.704252243041992
2012-05-10,22.165000915527344,18.76776695251465
2012-05-11,22.1200008392334,18.729660034179688
2012-05-14,21.809999465942383,18.467172622680664
2012-05-15,21.774999618530273,18.43754005432129
2012-05-16,21.739999771118164,18.407907485961914
2012-05-17,21.165000915527344,17.921031951904297
2012-05-18,21.0049991607666,17.78555679321289
2012-05-21,21.375,18.09885025024414
2012-05-22,21.459999084472656,18.17082405090332
2012-05-23,21.575000762939453,18.268186569213867
2012-05-24,21.674999237060547,18.352863311767578
2012-05-25,21.639999389648438,18.323223114013672
2012-05-29,21.940000534057617,18.57724952697754
2012-05-30,21.594999313354492,18.285127639770508
2012-05-31,21.549999237060547,18.247020721435547
2012-06-01,20.8700008392334,17.671247482299805
2012-06-04,20.94499969482422,17.734752655029297
2012-06-05,21.059999465942383,17.832130432128906
2012-06-06,21.514999389648438,18.217388153076172
2012-06-07,21.514999389648438,18.217388153076172
2012-06-08,21.704999923706055,18.378271102905273
2012-06-11,21.375,18.09885025024414
2012-06-12,21.604999542236328,18.29360008239746
2012-06-13,21.290000915527344,18.026878356933594
2012-06-14,21.575000762939453,18.268186569213867
2012-06-15,21.709999084472656,18.447486877441406
2012-06-18,21.864999771118164,18.579185485839844
2012-06-19,22.065000534057617,18.749134063720703
2012-06-20,22.040000915527344,18.727890014648438
2012-06-21,21.559999465942383,18.320026397705078
2012-06-22,21.655000686645508,18.400754928588867
2012-06-25,21.31999969482422,18.1160945892334
2012-06-26,21.584999084472656,18.341257095336914
2012-06-27,21.55500030517578,18.31578254699707
2012-06-28,21.434999465942383,18.213809967041016
2012-06-29,21.889999389648438,18.600431442260742
2012-07-02,21.954999923706055,18.655664443969727
2012-07-03,21.934999465942383,18.638675689697266
2012-07-05,21.989999771118164,18.685409545898438
2012-07-06,21.885000228881836,18.596179962158203
2012-07-09,21.764999389648438,18.49421501159668
2012-07-10,21.635000228881836,18.383750915527344
2012-07-11,21.510000228881836,18.277542114257812
2012-07-12,21.459999084472656,18.23505401611328
2012-07-13,21.809999465942383,18.53245735168457
2012-07-16,21.670000076293945,18.41349220275879
2012-07-17,21.885000228881836,18.596179962158203
2012-07-18,22.0,18.693906784057617
2012-07-19,22.145000457763672,18.81711196899414
2012-07-20,21.875,18.587688446044922
2012-07-23,21.55500030517578,18.31578254699707
2012-07-24,21.40999984741211,18.192569732666016
2012-07-25,21.364999771118164,18.154327392578125
2012-07-26,21.709999084472656,18.447486877441406
2012-07-27,22.139999389648438,18.812864303588867
2012-07-30,22.05500030517578,18.740636825561523
2012-07-31,21.770000457763672,18.498464584350586
2012-08-01,21.68000030517578,18.42198371887207
2012-08-02,21.735000610351562,18.468727111816406
2012-08-03,22.165000915527344,18.834104537963867
2012-08-06,22.2450008392334,18.902084350585938
2012-08-07,22.454999923706055,19.080528259277344
2012-08-08,22.344999313354492,18.987058639526367
2012-08-09,22.329999923706055,18.97430992126465
2012-08-10,22.309999465942383,18.957321166992188
2012-08-13,22.31999969482422,18.965822219848633
2012-08-14,22.375,19.01254653930664
2012-08-15,22.44499969482422,19.07203483581543
2012-08-16,22.6299991607666,19.229230880737305
2012-08-17,22.71500015258789,19.30145263671875
2012-08-20,22.6200008392334,19.22073745727539
2012-08-21,22.59000015258789,19.19524574279785
2012-08-22,22.655000686645508,19.250473022460938
2012-08-23,22.5,19.1187686920166
2012-08-24,22.684999465942383,19.275957107543945
2012-08-27,22.649999618530273,19.246227264404297
2012-08-28,22.69499969482422,19.284467697143555
2012-08-29,22.80500030517578,19.377931594848633
2012-08-30,22.68000030517578,19.271717071533203
2012-08-31,22.774999618530273,19.35243797302246
2012-09-04,22.719999313354492,19.305706024169922
2012-09-05,22.7549991607666,19.33544921875
2012-09-06,23.264999389648438,19.768808364868164
2012-09-07,23.389999389648438,19.87501335144043
2012-09-10,23.354999542236328,19.845279693603516
2012-09-11,23.344999313354492,19.836780548095703
2012-09-12,23.459999084472656,19.934492111206055
2012-09-13,23.760000228881836,20.18942642211914
2012-09-14,23.854999542236328,20.270145416259766
2012-09-17,23.764999389648438,20.193666458129883
2012-09-18,23.649999618530273,20.095951080322266
2012-09-19,23.895000457763672,20.30413246154785
2012-09-20,23.864999771118164,20.278636932373047
2012-09-21,23.764999389648438,20.264144897460938
2012-09-24,23.700000762939453,20.208721160888672
2012-09-25,23.420000076293945,19.969959259033203
2012-09-26,23.260000228881836,19.833538055419922
2012-09-27,23.4950008392334,20.033912658691406
2012-09-28,23.395000457763672,19.94864273071289
2012-10-01,23.3799991607666,19.935855865478516
2012-10-02,23.334999084472656,19.89748191833496
2012-10-03,23.520000457763672,20.055233001708984
2012-10-04,23.735000610351562,20.238557815551758
2012-10-05,23.80500030517578,20.298248291015625
2012-10-08,23.760000228881836,20.259883880615234
2012-10-09,23.3799991607666,19.935855865478516
2012-10-10,23.235000610351562,19.812223434448242
2012-10-11,23.1299991607666,19.72268295288086
2012-10-12,23.125,19.718420028686523
2012-10-15,23.354999542236328,19.914531707763672
2012-10-16,23.565000534057617,20.093597412109375
2012-10-17,23.700000762939453,20.208721160888672
2012-10-18,23.71500015258789,20.22150993347168
2012-10-19,23.290000915527344,19.859119415283203
2012-10-22,23.21500015258789,19.795164108276367
2012-10-23,23.030000686645508,19.637414932250977
2012-10-24,22.940000534057617,19.56067657470703
2012-10-25,22.885000228881836,19.513776779174805
2012-10-26,22.959999084472656,19.57772445678711
2012-10-31,23.03499984741211,19.64168357849121
2012-11-01,23.299999237060547,19.867643356323242
2012-11-02,23.28499984741211,19.85485076904297
2012-11-05,23.344999313354492,19.906005859375
2012-11-06,23.469999313354492,20.012601852416992
2012-11-07,23.19499969482422,19.778104782104492
2012-11-08,22.81999969482422,19.458345413208008
2012-11-09,22.709999084472656,19.364553451538086
2012-11-12,22.729999542236328,19.381610870361328
2012-11-13,22.795000076293945,19.437026977539062
2012-11-14,22.454999923706055,19.147117614746094
2012-11-15,22.440000534057617,19.134328842163086
2012-11-16,22.59000015258789,19.26223373413086
2012-11-19,23.075000762939453,19.675783157348633
2012-11-20,23.190000534057617,19.773847579956055
2012-11-21,23.270000457763672,19.842060089111328
2012-11-23,23.579999923706055,20.10638999938965
2012-11-26,23.469999313354492,20.012601852416992
2012-11-27,23.375,19.931596755981445
2012-11-28,23.68000030517578,20.191659927368164
2012-11-29,23.7450008392334,20.247087478637695
2012-11-30,23.764999389648438,20.264144897460938
2012-12-03,23.639999389648438,20.15755271911621
2012-12-04,23.540000915527344,20.072288513183594
2012-12-05,23.469999313354492,20.012601852416992
2012-12-06,23.6200008392334,20.14048957824707
2012-12-07,23.709999084472656,20.217243194580078
2012-12-10,23.575000762939453,20.102127075195312
2012-12-11,23.649999618530273,20.166072845458984
2012-12-12,23.68000030517578,20.191659927368164
2012-12-13,23.524999618530273,20.059486389160156
2012-12-14,23.424999237060547,19.974224090576172
2012-12-17,23.844999313354492,20.33235740661621
2012-12-18,24.125,20.571109771728516
2012-12-19,23.954999923706055,20.426151275634766
2012-12-20,24.0049991607666,20.468782424926758
2012-12-21,23.639999389648438,20.28685760498047
2012-12-24,23.65999984741211,20.30401611328125
2012-12-26,23.415000915527344,20.093767166137695
2012-12-27,23.44499969482422,20.119510650634766
2012-12-28,23.2549991607666,19.956462860107422
2012-12-31,23.719999313354492,20.355506896972656
2013-01-02,24.21500015258789,20.780296325683594
2013-01-03,24.274999618530273,20.831783294677734
2013-01-04,24.364999771118164,20.90902328491211
2013-01-07,24.30500030517578,20.85753059387207
2013-01-08,24.235000610351562,20.797462463378906
2013-01-09,24.274999618530273,20.831783294677734
2013-01-10,24.415000915527344,20.95193099975586
2013-01-11,24.434999465942383,20.969085693359375
2013-01-14,24.4950008392334,21.020580291748047
2013-01-15,24.674999237060547,21.175050735473633
2013-01-16,24.6200008392334,21.127851486206055
2013-01-17,24.8799991607666,21.350976943969727
2013-01-18,24.90999984741211,21.376718521118164
2013-01-22,24.975000381469727,21.43250274658203
2013-01-23,24.9950008392334,21.44965934753418
2013-01-24,25.184999465942383,21.61271095275879
2013-01-25,25.450000762939453,21.840124130249023
2013-01-28,25.329999923706055,21.737136840820312
2013-01-29,25.229999542236328,21.651317596435547
2013-01-30,25.184999465942383,21.61271095275879
2013-01-31,25.065000534057617,21.509727478027344
2013-02-01,25.209999084472656,21.634159088134766
2013-02-04,24.899999618530273,21.368135452270508
2013-02-05,25.165000915527344,21.595550537109375
2013-02-06,25.219999313354492,21.64274024963379
2013-02-07,25.165000915527344,21.595550537109375
2013-02-08,25.360000610351562,21.762893676757812
2013-02-11,25.274999618530273,21.68994903564453
2013-02-12,25.375,21.775766372680664
2013-02-13,25.43000030517578,21.822959899902344
2013-02-14,25.440000534057617,21.831541061401367
2013-02-15,25.469999313354492,21.85728645324707
2013-02-19,25.565000534057617,21.938817977905273
2013-02-20,25.174999237060547,21.604124069213867
2013-02-21,24.96500015258789,21.423912048339844
2013-02-22,25.104999542236328,21.54405975341797
2013-02-25,24.71500015258789,21.209373474121094
2013-02-26,24.959999084472656,21.419620513916016
2013-02-27,25.34000015258789,21.745723724365234
2013-02-28,25.46500015258789,21.852994918823242
2013-03-01,25.524999618530273,21.904483795166016
2013-03-04,25.75,22.09756851196289
2013-03-05,26.010000228881836,22.320690155029297
2013-03-06,25.989999771118164,22.30353546142578
2013-03-07,26.03499984741211,22.342145919799805
2013-03-08,26.309999465942383,22.57813262939453
2013-03-11,26.375,22.633920669555664
2013-03-12,26.299999237060547,22.56955337524414
2013-03-13,26.44499969482422,22.693988800048828
2013-03-14,26.475000381469727,22.719730377197266
2013-03-15,26.295000076293945,22.632802963256836
2013-03-18,26.094999313354492,22.46065330505371
2013-03-19,25.90999984741211,22.30141830444336
2013-03-20,26.209999084472656,22.559633255004883
2013-03-21,25.989999771118164,22.370288848876953
2013-03-22,26.309999465942383,22.645706176757812
2013-03-25,26.264999389648438,22.606979370117188
2013-03-26,26.395000457763672,22.7188663482666
2013-03-27,26.405000686645508,22.727481842041016
2013-03-28,26.5,22.809249877929688
2013-04-01,26.299999237060547,22.637104034423828
2013-04-02,26.520000457763672,22.82647132873535
2013-04-03,26.274999618530273,22.61559295654297
2013-04-04,26.424999237060547,22.74469757080078
2013-04-05,26.295000076293945,22.632802963256836
2013-04-08,26.594999313354492,22.891023635864258
2013-04-09,26.524999618530273,22.830764770507812
2013-04-10,26.834999084472656,23.09758186340332
2013-04-11,27.059999465942383,23.291255950927734
2013-04-12,27.204999923706055,23.416061401367188
2013-04-15,26.489999771118164,22.800636291503906
2013-04-16,26.8700008392334,23.12771987915039
2013-04-17,26.594999313354492,22.891023635864258
2013-04-18,26.30500030517578,22.64141273498535
2013-04-19,26.6200008392334,22.912538528442383
2013-04-22,26.735000610351562,23.011518478393555
2013-04-23,27.0049991607666,23.243919372558594
2013-04-24,27.024999618530273,23.261131286621094
2013-04-25,27.2549991607666,23.459096908569336
2013-04-26,27.135000228881836,23.35581398010254
2013-04-29,27.229999542236328,23.437572479248047
2013-04-30,27.30500030517578,23.502124786376953
2013-05-01,27.15999984741211,23.3773250579834
2013-05-02,27.424999237060547,23.605417251586914
2013-05-03,27.770000457763672,23.902372360229492
2013-05-06,27.860000610351562,23.97983741760254
2013-05-07,28.094999313354492,24.182113647460938
2013-05-08,28.114999771118164,24.199325561523438
2013-05-09,28.165000915527344,24.242355346679688
2013-05-10,28.385000228881836,24.431716918945312
2013-05-13,28.389999389648438,24.436017990112305
2013-05-14,28.68000030517578,24.68562889099121
2013-05-15,28.834999084472656,24.81903839111328
2013-05-16,28.5,24.530696868896484
2013-05-17,28.774999618530273,24.76740074157715
2013-05-20,28.690000534057617,24.694238662719727
2013-05-21,28.81999969482422,24.806133270263672
2013-05-22,28.545000076293945,24.569438934326172
2013-05-23,28.485000610351562,24.517791748046875
2013-05-24,28.399999618530273,24.444625854492188
2013-05-28,28.674999237060547,24.681333541870117
2013-05-29,28.3799991607666,24.42741584777832
2013-05-30,28.3799991607666,24.42741584777832
2013-05-31,28.059999465942383,24.15198516845703
2013-06-03,28.184999465942383,24.259571075439453
2013-06-04,28.084999084472656,24.17349624633789
2013-06-05,27.6200008392334,23.773265838623047
2013-06-06,27.90999984741211,24.02287483215332
2013-06-07,28.420000076293945,24.46183967590332
2013-06-10,28.334999084472656,24.38867950439453
2013-06-11,28.05500030517578,24.147672653198242
2013-06-12,27.7450008392334,23.880847930908203
2013-06-13,28.264999389648438,24.328428268432617
2013-06-14,28.174999237060547,24.250967025756836
2013-06-17,28.329999923706055,24.384376525878906
2013-06-18,28.6200008392334,24.633987426757812
2013-06-19,28.295000076293945,24.354259490966797
2013-06-20,27.55500030517578,23.71731185913086
2013-06-21,27.520000457763672,23.763072967529297
2013-06-24,27.270000457763672,23.547210693359375
2013-06-25,27.514999389648438,23.758758544921875
2013-06-26,27.860000610351562,24.056665420532227
2013-06-27,28.100000381469727,24.263898849487305
2013-06-28,28.200000762939453,24.350255966186523
2013-07-01,28.395000457763672,24.518632888793945
2013-07-02,28.44499969482422,24.561800003051758
2013-07-03,28.575000762939453,24.674053192138672
2013-07-05,28.885000228881836,24.941740036010742
2013-07-08,29.155000686645508,25.174875259399414
2013-07-09,29.270000457763672,25.2741756439209
2013-07-10,29.299999237060547,25.300085067749023
2013-07-11,29.719999313354492,25.662744522094727
2013-07-12,29.860000610351562,25.783628463745117
2013-07-15,29.78499984741211,25.718875885009766
2013-07-16,29.625,25.580711364746094
2013-07-17,29.639999389648438,25.593660354614258
2013-07-18,29.809999465942383,25.74045753479004
2013-07-19,29.78499984741211,25.718875885009766
2013-07-22,29.764999389648438,25.701601028442383
2013-07-23,29.725000381469727,25.667062759399414
2013-07-24,29.625,25.580711364746094
2013-07-25,29.665000915527344,25.615259170532227
2013-07-26,29.760000228881836,25.697288513183594
2013-07-29,29.604999542236328,25.563444137573242
2013-07-30,29.530000686645508,25.498685836791992
2013-07-31,29.684999465942383,25.63252067565918
2013-08-01,30.145000457763672,26.02972412109375
2013-08-02,30.360000610351562,26.215375900268555
2013-08-05,30.295000076293945,26.159238815307617
2013-08-06,30.170000076293945,26.05130958557129
2013-08-07,29.905000686645508,25.822490692138672
2013-08-08,30.104999542236328,25.995189666748047
2013-08-09,30.040000915527344,25.939062118530273
2013-08-12,30.0,25.904518127441406
2013-08-13,30.0,25.904518127441406
2013-08-14,29.670000076293945,25.619569778442383
2013-08-15,29.149999618530273,25.170560836791992
2013-08-16,29.045000076293945,25.079893112182617
2013-08-19,28.920000076293945,24.971961975097656
2013-08-20,29.21500015258789,25.226680755615234
2013-08-21,28.96500015258789,25.010820388793945
2013-08-22,29.2549991607666,25.2612247467041
2013-08-23,29.260000228881836,25.265544891357422
2013-08-26,29.200000762939453,25.213735580444336
2013-08-27,28.725000381469727,24.80357551574707
2013-08-28,28.8799991607666,24.93741226196289
2013-08-29,29.020000457763672,25.058305740356445
2013-08-30,28.84000015258789,24.90287971496582
2013-09-03,29.045000076293945,25.079893112182617
2013-09-04,29.350000381469727,25.343257904052734
2013-09-05,29.360000610351562,25.35189437866211
2013-09-06,29.325000762939453,25.321672439575195
2013-09-09,29.584999084472656,25.546175003051758
2013-09-10,29.8700008392334,25.792268753051758
2013-09-11,30.09000015258789,25.98223114013672
2013-09-12,30.020000457763672,25.921791076660156
2013-09-13,30.104999542236328,25.995189666748047
2013-09-16,30.239999771118164,26.11175537109375
2013-09-17,30.415000915527344,26.262863159179688
2013-09-18,30.764999389648438,26.565086364746094
2013-09-19,30.7549991607666,26.55645179748535
2013-09-20,30.479999542236328,26.39623260498047
2013-09-23,30.2450008392334,26.19272232055664
2013-09-24,30.325000762939453,26.262006759643555
2013-09-25,30.139999389648438,26.101787567138672
2013-09-26,30.424999237060547,26.348602294921875
2013-09-27,30.43000030517578,26.352933883666992
2013-09-30,30.315000534057617,26.253347396850586
2013-10-01,30.559999465942383,26.465518951416016
2013-10-02,30.549999237060547,26.45685386657715
2013-10-03,30.204999923706055,26.158069610595703
2013-10-04,30.489999771118164,26.404895782470703
2013-10-07,30.059999465942383,26.032503128051758
2013-10-08,29.584999084472656,25.62114906311035
2013-10-09,29.450000762939453,25.504236221313477
2013-10-10,30.135000228881836,26.097461700439453
2013-10-11,30.395000457763672,26.322628021240234
2013-10-14,30.520000457763672,26.430871963500977
2013-10-15,30.229999542236328,26.17972755432129
2013-10-16,30.604999542236328,26.50448989868164
2013-10-17,30.829999923706055,26.699344635009766
2013-10-18,31.020000457763672,26.863887786865234
2013-10-21,31.100000381469727,26.933170318603516
2013-10-22,31.309999465942383,27.115032196044922
2013-10-23,31.110000610351562,26.941823959350586
2013-10-24,31.420000076293945,27.210296630859375
2013-10-25,31.655000686645508,27.4138126373291
2013-10-28,31.594999313354492,27.361846923828125
2013-10-29,31.780000686645508,27.52206039428711
2013-10-30,31.625,27.38783073425293
2013-10-31,31.704999923706055,27.457103729248047
2013-11-01,31.780000686645508,27.52206039428711
2013-11-04,31.889999389648438,27.617324829101562
2013-11-05,31.889999389648438,27.617324829101562
2013-11-06,31.809999465942383,27.54804229736328
2013-11-07,31.149999618530273,26.976470947265625
2013-11-08,31.645000457763672,27.405147552490234
2013-11-11,31.69499969482422,27.448450088500977
2013-11-12,31.639999389648438,27.40081787109375
2013-11-13,32.13999938964844,27.833820343017578
2013-11-14,32.3650016784668,28.028682708740234
2013-11-15,32.474998474121094,28.12393569946289
2013-11-18,32.220001220703125,27.903104782104492
2013-11-19,32.08000183105469,27.78186798095703
2013-11-20,31.915000915527344,27.63897132873535
2013-11-21,32.244998931884766,27.92475700378418
2013-11-22,32.42499923706055,28.080644607543945
2013-11-25,32.45500183105469,28.10662078857422
2013-11-26,32.64500045776367,28.27117156982422
2013-11-27,32.77000045776367,28.379419326782227
2013-11-29,32.79999923706055,28.40540313720703
2013-12-02,32.64500045776367,28.27117156982422
2013-12-03,32.334999084472656,28.002700805664062
2013-12-04,32.2599983215332,27.937753677368164
2013-12-05,32.29499816894531,27.968063354492188
2013-12-06,32.564998626708984,28.201879501342773
2013-12-09,32.540000915527344,28.180238723754883
2013-12-10,32.560001373291016,28.19755744934082
2013-12-11,32.2599983215332,27.937753677368164
2013-12-12,32.15999984741211,27.851146697998047
2013-12-13,32.2400016784668,27.920427322387695
2013-12-16,32.45000076293945,28.1022891998291
2013-12-17,32.3650016784668,28.028682708740234
2013-12-18,32.845001220703125,28.44437026977539
2013-12-19,32.82500076293945,28.427051544189453
2013-12-20,32.83000183105469,28.54530143737793
2013-12-23,32.974998474121094,28.671367645263672
2013-12-24,33.04499816894531,28.73224639892578
2013-12-26,33.290000915527344,28.94525146484375
2013-12-27,33.1349983215332,28.810495376586914
2013-12-30,33.28499984741211,28.940919876098633
2013-12-31,33.415000915527344,29.053945541381836
2014-01-02,33.2599983215332,28.919164657592773
2014-01-03,33.16999816894531,28.840927124023438
2014-01-06,32.96500015258789,28.662687301635742
2014-01-07,33.165000915527344,28.83658218383789
2014-01-08,33.07500076293945,28.75832176208496
2014-01-09,33.06999969482422,28.753984451293945
2014-01-10,33.16999816894531,28.840927124023438
2014-01-13,32.505001068115234,28.26272201538086
2014-01-14,32.78499984741211,28.50617790222168
2014-01-15,32.8650016784668,28.575740814208984
2014-01-16,32.689998626708984,28.423566818237305
2014-01-17,32.54499816894531,28.29749870300293
2014-01-21,32.51499938964844,28.271406173706055
2014-01-22,32.599998474121094,28.345321655273438
2014-01-23,32.369998931884766,28.145336151123047
2014-01-24,31.75,27.606252670288086
2014-01-27,31.625,27.49756622314453
2014-01-28,31.844999313354492,27.6888484954834
2014-01-29,31.334999084472656,27.245418548583984
2014-01-30,31.860000610351562,27.701894760131836
2014-01-31,31.40999984741211,27.310623168945312
2014-02-03,30.584999084472656,26.59329605102539
2014-02-04,30.959999084472656,26.919357299804688
2014-02-05,31.0,26.954137802124023
2014-02-06,31.655000686645508,27.523653030395508
2014-02-07,32.04499816894531,27.862747192382812
2014-02-10,32.025001525878906,27.84536361694336
2014-02-11,32.2599983215332,28.049699783325195
2014-02-12,32.290000915527344,28.07578468322754
2014-02-13,32.38999938964844,28.1627254486084
2014-02-14,32.584999084472656,28.3322696685791
2014-02-18,32.625,28.367061614990234
2014-02-19,32.36000061035156,28.136640548706055
2014-02-20,32.53499984741211,28.288803100585938
2014-02-21,32.599998474121094,28.345321655273438
2014-02-24,32.73500061035156,28.46270179748535
2014-02-25,32.96500015258789,28.662687301635742
2014-02-26,33.150001525878906,28.823528289794922
2014-02-27,33.28499984741211,28.940919876098633
2014-02-28,33.41999816894531,29.05830192565918
2014-03-03,33.10499954223633,28.784408569335938
2014-03-04,33.52000045776367,29.145252227783203
2014-03-05,33.65999984741211,29.266971588134766
2014-03-06,33.744998931884766,29.340883255004883
2014-03-07,33.69499969482422,29.297407150268555
2014-03-10,33.60499954223633,29.219154357910156
2014-03-11,33.40999984741211,29.049602508544922
2014-03-12,33.36000061035156,29.00613021850586
2014-03-13,32.95500183105469,28.65398597717285
2014-03-14,32.92499923706055,28.627899169921875
2014-03-17,33.14500045776367,28.81918716430664
2014-03-18,33.290000915527344,28.94525146484375
2014-03-19,33.06999969482422,28.753984451293945
2014-03-20,33.154998779296875,28.827884674072266
2014-03-21,32.84000015258789,28.643844604492188
2014-03-24,32.5099983215332,28.35600471496582
2014-03-25,32.314998626708984,28.185928344726562
2014-03-26,32.05500030517578,27.959150314331055
2014-03-27,31.899999618530273,27.82394790649414
2014-03-28,32.13999938964844,28.033283233642578
2014-03-31,32.36000061035156,28.225175857543945
2014-04-01,32.810001373291016,28.61768341064453
2014-04-02,33.029998779296875,28.809558868408203
2014-04-03,32.869998931884766,28.67000961303711
2014-04-04,32.32500076293945,28.19464874267578
2014-04-07,31.69499969482422,27.64514923095703
2014-04-08,32.01499938964844,27.924259185791016
2014-04-09,32.36000061035156,28.225175857543945
2014-04-10,31.55500030517578,27.523042678833008
2014-04-11,31.1200008392334,27.14362335205078
2014-04-14,31.364999771118164,27.357315063476562
2014-04-15,31.405000686645508,27.3922061920166
2014-04-16,31.844999313354492,27.775981903076172
2014-04-17,31.885000228881836,27.810867309570312
2014-04-21,31.969999313354492,27.885011672973633
2014-04-22,32.244998931884766,28.1248779296875
2014-04-23,32.095001220703125,27.994037628173828
2014-04-24,32.27000045776367,28.14668083190918
2014-04-25,31.719999313354492,27.666950225830078
2014-04-28,31.639999389648438,27.5971736907959
2014-04-29,31.78499984741211,27.723648071289062
2014-04-30,31.920000076293945,27.841400146484375
2014-05-01,32.04499816894531,27.950416564941406
2014-05-02,32.125,28.020198822021484
2014-05-05,32.154998779296875,28.046371459960938
2014-05-06,31.69499969482422,27.64514923095703
2014-05-07,31.655000686645508,27.61026382446289
2014-05-08,31.7450008392334,27.688758850097656
2014-05-09,31.920000076293945,27.841400146484375
2014-05-12,32.31999969482422,28.19028663635254
2014-05-13,32.22999954223633,28.111783981323242
2014-05-14,31.8700008392334,27.797792434692383
2014-05-15,31.639999389648438,27.5971736907959
2014-05-16,31.875,27.802152633666992
2014-05-19,32.02000045776367,27.92862319946289
2014-05-20,31.729999542236328,27.675676345825195
2014-05-21,32.1150016784668,28.011486053466797
2014-05-22,32.28499984741211,28.15976333618164
2014-05-23,32.540000915527344,28.382183074951172
2014-05-27,32.709999084472656,28.530458450317383
2014-05-28,32.67499923706055,28.499929428100586
2014-05-29,32.810001373291016,28.61768341064453
2014-05-30,32.84000015258789,28.643844604492188
2014-06-02,32.95000076293945,28.739791870117188
2014-06-03,32.88999938964844,28.687456130981445
2014-06-04,33.04999923706055,28.82700538635254
2014-06-05,33.26499938964844,29.014537811279297
2014-06-06,33.459999084472656,29.184621810913086
2014-06-09,33.470001220703125,29.19334602355957
2014-06-10,33.404998779296875,29.13665199279785
2014-06-11,33.30500030517578,29.04942512512207
2014-06-12,32.880001068115234,28.678735733032227
2014-06-13,32.89500045776367,28.69182014465332
2014-06-16,32.970001220703125,28.757240295410156
2014-06-17,33.099998474121094,28.870622634887695
2014-06-18,33.349998474121094,29.088682174682617
2014-06-19,33.27000045776367,29.01890754699707
2014-06-20,33.040000915527344,28.910396575927734
2014-06-23,33.08000183105469,28.94539451599121
2014-06-24,33.0,28.875394821166992
2014-06-25,33.279998779296875,29.120407104492188
2014-06-26,33.30500030517578,29.142269134521484
2014-06-27,33.3849983215332,29.212278366088867
2014-06-30,33.369998931884766,29.19915199279785
2014-07-01,33.724998474121094,29.509782791137695
2014-07-02,33.775001525878906,29.553537368774414
2014-07-03,34.03499984741211,29.781038284301758
2014-07-07,33.82500076293945,29.597288131713867
2014-07-08,33.494998931884766,29.308528900146484
2014-07-09,33.900001525878906,29.66290855407715
2014-07-10,33.584999084472656,29.387285232543945
2014-07-11,33.69499969482422,29.483530044555664
2014-07-14,33.790000915527344,29.56666374206543
2014-07-15,33.67499923706055,29.466033935546875
2014-07-16,33.7599983215332,29.540403366088867
2014-07-17,33.439998626708984,29.260400772094727
2014-07-18,33.75,29.531648635864258
2014-07-21,33.595001220703125,29.396038055419922
2014-07-22,33.73500061035156,29.51853370666504
2014-07-23,33.709999084472656,29.496652603149414
2014-07-24,33.78499984741211,29.562288284301758
2014-07-25,33.40999984741211,29.234161376953125
2014-07-28,33.474998474121094,29.2910213470459
2014-07-29,33.380001068115234,29.20789909362793
2014-07-30,33.564998626708984,29.36977767944336
2014-07-31,32.94499969482422,28.827281951904297
2014-08-01,32.82500076293945,28.722272872924805
2014-08-04,33.14500045776367,29.00227165222168
2014-08-05,32.915000915527344,28.801023483276367
2014-08-06,32.845001220703125,28.73977279663086
2014-08-07,32.67499923706055,28.59101676940918
2014-08-08,33.18000030517578,29.032899856567383
2014-08-11,33.33000183105469,29.164159774780273
2014-08-12,33.244998931884766,29.08976173400879
2014-08-13,33.3650016784668,29.19477653503418
2014-08-14,33.625,29.42227554321289
2014-08-15,33.560001373291016,29.36541175842285
2014-08-18,33.869998931884766,29.63665771484375
2014-08-19,34.125,29.85979461669922
2014-08-20,34.28499984741211,29.999778747558594
2014-08-21,34.255001068115234,29.973533630371094
2014-08-22,34.31999969482422,30.030405044555664
2014-08-25,34.41999816894531,30.117916107177734
2014-08-26,34.42499923706055,30.122295379638672
2014-08-27,34.459999084472656,30.15291976928711
2014-08-28,34.415000915527344,30.113548278808594
2014-08-29,34.40999984741211,30.109169006347656
2014-09-02,34.474998474121094,30.166048049926758
2014-09-03,34.3849983215332,30.087291717529297
2014-09-04,34.51499938964844,30.201026916503906
2014-09-05,34.630001068115234,30.301660537719727
2014-09-08,34.48500061035156,30.17478370666504
2014-09-09,34.13999938964844,29.872896194458008
2014-09-10,34.2599983215332,29.9779052734375
2014-09-11,34.275001525878906,29.99104118347168
2014-09-12,34.17499923706055,29.90353775024414
2014-09-15,34.03499984741211,29.781038284301758
2014-09-16,34.209999084472656,29.934152603149414
2014-09-17,34.19499969482422,29.92104148864746
2014-09-18,34.345001220703125,30.052291870117188
2014-09-19,34.244998931884766,30.065019607543945
2014-09-22,33.76499938964844,29.643604278564453
2014-09-23,33.474998474121094,29.388999938964844
2014-09-24,33.85499954223633,29.722625732421875
2014-09-25,33.36000061035156,29.288034439086914
2014-09-26,33.70500183105469,29.590927124023438
2014-09-29,33.529998779296875,29.437299728393555
2014-09-30,33.345001220703125,29.274864196777344
2014-10-01,32.900001525878906,28.884201049804688
2014-10-02,33.04999923706055,29.015880584716797
2014-10-03,33.474998474121094,29.388999938964844
2014-10-06,33.29499816894531,29.230974197387695
2014-10-07,32.79999923706055,28.79640007019043
2014-10-08,33.314998626708984,29.24854278564453
2014-10-09,32.560001373291016,28.585695266723633
2014-10-10,32.275001525878906,28.335481643676758
2014-10-13,31.6200008392334,27.760435104370117
2014-10-14,31.850000381469727,27.962360382080078
2014-10-15,31.584999084472656,27.729700088500977
2014-10-16,31.6200008392334,27.760435104370117
2014-10-17,31.969999313354492,28.067710876464844
2014-10-20,32.415000915527344,28.458383560180664
2014-10-21,33.04499816894531,29.01149559020996
2014-10-22,32.7599983215332,28.761281967163086
2014-10-23,33.20500183105469,29.1519718170166
2014-10-24,33.17499923706055,29.125619888305664
2014-10-27,33.2400016784668,29.18269157409668
2014-10-28,33.599998474121094,29.498748779296875
2014-10-29,33.5,29.410959243774414
2014-10-30,33.720001220703125,29.60410499572754
2014-10-31,34.04999923706055,29.893817901611328
2014-11-03,34.04999923706055,29.893817901611328
2014-11-04,33.63999938964844,29.533870697021484
2014-11-05,33.775001525878906,29.652393341064453
2014-11-06,34.060001373291016,29.902599334716797
2014-11-07,34.005001068115234,29.85431671142578
2014-11-10,33.98500061035156,29.836750030517578
2014-11-11,34.130001068115234,29.964059829711914
2014-11-12,34.290000915527344,30.104530334472656
2014-11-13,34.505001068115234,30.293289184570312
2014-11-14,34.63999938964844,30.41180419921875
2014-11-17,34.599998474121094,30.376684188842773
2014-11-18,34.665000915527344,30.433744430541992
2014-11-19,34.810001373291016,30.561050415039062
2014-11-20,34.959999084472656,30.692739486694336
2014-11-21,35.04499816894531,30.767372131347656
2014-11-24,35.369998931884766,31.052698135375977
2014-11-25,35.47999954223633,31.149274826049805
2014-11-26,35.474998474121094,31.14487648010254
2014-11-28,35.904998779296875,31.522397994995117
2014-12-01,35.5099983215332,31.175601959228516
2014-12-02,35.64500045776367,31.294126510620117
2014-12-03,35.70500183105469,31.346813201904297
2014-12-04,35.685001373291016,31.329256057739258
2014-12-05,35.76499938964844,31.399497985839844
2014-12-08,35.474998474121094,31.14487648010254
2014-12-09,35.40999984741211,31.08781623840332
2014-12-10,34.939998626708984,30.675189971923828
2014-12-11,35.224998474121094,30.92539405822754
2014-12-12,35.0,30.727867126464844
2014-12-15,34.790000915527344,30.543489456176758
2014-12-16,34.255001068115234,30.073793411254883
2014-12-17,34.90999984741211,30.648849487304688
2014-12-18,35.48500061035156,31.153657913208008
2014-12-19,35.435001373291016,31.238739013671875
2014-12-22,35.779998779296875,31.542865753173828
2014-12-23,35.97999954223633,31.719196319580078
2014-12-24,35.91999816894531,31.66630744934082
2014-12-26,36.1150016784668,31.838207244873047
2014-12-29,36.38999938964844,32.08063888549805
2014-12-30,36.220001220703125,31.930774688720703
2014-12-31,36.07500076293945,31.80295753479004
2015-01-02,35.814998626708984,31.5737361907959
2015-01-05,35.130001068115234,30.96985626220703
2015-01-06,34.779998779296875,30.66129493713379
2015-01-07,35.33000183105469,31.14617156982422
2015-01-08,35.86000061035156,31.613420486450195
2015-01-09,35.44499969482422,31.247549057006836
2015-01-12,35.255001068115234,31.08005142211914
2015-01-13,35.255001068115234,31.08005142211914
2015-01-14,34.83000183105469,30.70539093017578
2015-01-15,34.380001068115234,30.30868148803711
2015-01-16,34.834999084472656,30.70979118347168
2015-01-20,34.6349983215332,30.533466339111328
2015-01-21,34.86000061035156,30.731822967529297
2015-01-22,35.51499938964844,31.30927085876465
2015-01-23,35.46500015258789,31.26519203186035
2015-01-26,35.650001525878906,31.42827606201172
2015-01-27,35.3650016784668,31.177032470703125
2015-01-28,34.904998779296875,30.77149772644043
2015-01-29,35.380001068115234,31.19024658203125
2015-01-30,34.994998931884766,30.85083770751953
2015-02-02,35.310001373291016,31.128543853759766
2015-02-03,36.060001373291016,31.78972053527832
2015-02-04,36.29999923706055,32.00129699707031
2015-02-05,36.525001525878906,32.19965362548828
2015-02-06,36.470001220703125,32.151161193847656
2015-02-09,36.33000183105469,32.027748107910156
2015-02-10,36.775001525878906,32.4200553894043
2015-02-11,36.78499984741211,32.428863525390625
2015-02-12,37.220001220703125,32.812355041503906
2015-02-13,37.44499969482422,33.01071548461914
2015-02-17,37.36000061035156,32.93577575683594
2015-02-18,37.34000015258789,32.91813659667969
2015-02-19,37.45500183105469,33.01951599121094
2015-02-20,37.720001220703125,33.253150939941406
2015-02-23,37.685001373291016,33.222286224365234
2015-02-24,37.8650016784668,33.38096237182617
2015-02-25,38.154998779296875,33.63663101196289
2015-02-26,38.03499984741211,33.53083419799805
2015-02-27,37.98500061035156,33.48677444458008
2015-03-02,38.439998626708984,33.88788986206055
2015-03-03,38.334999084472656,33.795310974121094
2015-03-04,38.1349983215332,33.618988037109375
2015-03-05,38.15999984741211,33.64104461669922
2015-03-06,37.70500183105469,33.23991394042969
2015-03-09,37.91999816894531,33.42945098876953
2015-03-10,37.33000183105469,32.909339904785156
2015-03-11,37.125,32.72860336303711
2015-03-12,37.880001068115234,33.39419937133789
2015-03-13,37.58000183105469,33.12972640991211
2015-03-16,38.02000045776367,33.517608642578125
2015-03-17,37.810001373291016,33.332489013671875
2015-03-18,38.14500045776367,33.627803802490234
2015-03-19,38.09000015258789,33.57931137084961
2015-03-20,38.3849983215332,33.95304870605469
2015-03-23,38.31999969482422,33.895545959472656
2015-03-24,38.119998931884766,33.7186393737793
2015-03-25,37.5,33.17022705078125
2015-03-26,37.26499938964844,32.96235275268555
2015-03-27,37.45500183105469,33.13041687011719
2015-03-30,37.84000015258789,33.47096633911133
2015-03-31,37.67499923706055,33.32501983642578
2015-04-01,37.5099983215332,33.1790771484375
2015-04-02,37.845001220703125,33.47539138793945
2015-04-06,38.025001525878906,33.63461685180664
2015-04-07,37.814998626708984,33.4488639831543
2015-04-08,38.16999816894531,33.76286697387695
2015-04-09,38.20500183105469,33.7938346862793
2015-04-10,38.334999084472656,33.90882110595703
2015-04-13,38.125,33.723060607910156
2015-04-14,38.10499954223633,33.70537567138672
2015-04-15,38.10499954223633,33.70537567138672
2015-04-16,38.18000030517578,33.7717170715332
2015-04-17,37.6150016784668,33.271942138671875
2015-04-20,38.029998779296875,33.63902282714844
2015-04-21,38.06999969482422,33.67442321777344
2015-04-22,38.10499954223633,33.70537567138672
2015-04-23,38.29499816894531,33.873435974121094
2015-04-24,38.814998626708984,34.33339309692383
2015-04-27,38.474998474121094,34.032657623291016
2015-04-28,38.34000015258789,33.91324996948242
2015-04-29,38.08000183105469,33.68325424194336
2015-04-30,37.654998779296875,33.307334899902344
2015-05-01,38.17499923706055,33.76728439331055
2015-05-04,38.255001068115234,33.838050842285156
2015-05-05,37.85499954223633,33.4842414855957
2015-05-06,37.70000076293945,33.34714889526367
2015-05-07,37.89500045776367,33.519615173339844
2015-05-08,38.29999923706055,33.87784957885742
2015-05-11,38.130001068115234,33.72749328613281
2015-05-12,38.060001373291016,33.66557312011719
2015-05-13,37.81999969482422,33.45326614379883
2015-05-14,37.9900016784668,33.60365676879883
2015-05-15,38.29499816894531,33.873435974121094
2015-05-18,38.439998626708984,34.0016975402832
2015-05-19,38.43000030517578,33.99285888671875
2015-05-20,38.3849983215332,33.95304870605469
2015-05-21,38.53499984741211,34.08572006225586
2015-05-22,38.470001220703125,34.028221130371094
2015-05-26,38.19499969482422,33.784969329833984
2015-05-27,38.47999954223633,34.03707504272461
2015-05-28,38.415000915527344,33.979583740234375
2015-05-29,38.150001525878906,33.74519348144531
2015-06-01,38.2599983215332,33.84247589111328
2015-06-02,38.345001220703125,33.917667388916016
2015-06-03,38.64500045776367,34.18301773071289
2015-06-04,38.369998931884766,33.93976974487305
2015-06-05,38.2599983215332,33.84247589111328
2015-06-08,37.9900016784668,33.60365676879883
2015-06-09,37.95000076293945,33.56827163696289
2015-06-10,38.34000015258789,33.91324996948242
2015-06-11,38.470001220703125,34.028221130371094
2015-06-12,38.29499816894531,33.873435974121094
2015-06-15,38.1150016784668,33.71421813964844
2015-06-16,38.345001220703125,33.917667388916016
2015-06-17,38.52000045776367,34.07246398925781
2015-06-18,38.98500061035156,34.48375701904297
2015-06-19,38.724998474121094,34.36263656616211
2015-06-22,38.939998626708984,34.553428649902344
2015-06-23,39.095001220703125,34.69096374511719
2015-06-24,38.82500076293945,34.45138168334961
2015-06-25,38.79499816894531,34.42475509643555
2015-06-26,38.95000076293945,34.56229782104492
2015-06-29,38.06999969482422,33.78143310546875
2015-06-30,38.2400016784668,33.932281494140625
2015-07-01,38.67499923706055,34.31827163696289
2015-07-02,38.599998474121094,34.25173568725586
2015-07-06,38.525001525878906,34.185176849365234
2015-07-07,38.86000061035156,34.48243713378906
2015-07-08,38.119998931884766,33.82579803466797
2015-07-09,38.279998779296875,33.967769622802734
2015-07-10,38.834999084472656,34.46024703979492
2015-07-13,39.39500045776367,34.95717239379883
2015-07-14,39.44499969482422,35.00154113769531
2015-07-15,39.404998779296875,34.96605682373047
2015-07-16,39.64500045776367,35.17900085449219
2015-07-17,39.57500076293945,35.11689376831055
2015-07-20,39.595001220703125,35.1346435546875
2015-07-21,39.470001220703125,35.023712158203125
2015-07-22,39.65999984741211,35.19232940673828
2015-07-23,39.42499923706055,34.983787536621094
2015-07-24,39.42499923706055,34.983787536621094
2015-07-27,39.130001068115234,34.72201919555664
2015-07-28,39.435001373291016,34.99266052246094
2015-07-29,39.84000015258789,35.35205078125
2015-07-30,39.98500061035156,35.4807014465332
2015-07-31,40.11000061035156,35.591617584228516
2015-08-03,39.974998474121094,35.47182846069336
2015-08-04,40.14500045776367,35.62268829345703
2015-08-05,39.709999084472656,35.23667526245117
2015-08-06,39.16999816894531,34.75750732421875
2015-08-07,39.13999938964844,34.73088455200195
2015-08-10,39.45500183105469,35.010414123535156
2015-08-11,39.099998474121094,34.695396423339844
2015-08-12,38.93000030517578,34.54454803466797
2015-08-13,39.154998779296875,34.74420166015625
2015-08-14,39.18000030517578,34.76639175415039
2015-08-17,39.55500030517578,35.09914779663086
2015-08-18,39.59000015258789,35.13019943237305
2015-08-19,39.52000045776367,35.068084716796875
2015-08-20,38.40999984741211,34.083126068115234
2015-08-21,37.18000030517578,32.99169158935547
2015-08-24,35.69499969482422,31.673973083496094
2015-08-25,35.54999923706055,31.545310974121094
2015-08-26,36.900001525878906,32.74323654174805
2015-08-27,37.76499938964844,33.51080322265625
2015-08-28,37.779998779296875,33.52410125732422
2015-08-31,37.4900016784668,33.266761779785156
2015-09-01,36.540000915527344,32.42378616333008
2015-09-02,37.310001373291016,33.1070442199707
2015-09-03,37.32500076293945,33.120361328125
2015-09-04,36.92499923706055,32.76542282104492
2015-09-08,37.779998779296875,33.52410125732422
2015-09-09,37.375,33.16472625732422
2015-09-10,37.47999954223633,33.257904052734375
2015-09-11,37.7599983215332,33.50636291503906
2015-09-14,37.560001373291016,33.32888412475586
2015-09-15,37.95500183105469,33.679378509521484
2015-09-16,38.3849983215332,34.060943603515625
2015-09-17,38.48500061035156,34.149688720703125
2015-09-18,37.72999954223633,33.605918884277344
2015-09-21,38.060001373291016,33.89984130859375
2015-09-22,37.55500030517578,33.450042724609375
2015-09-23,37.45500183105469,33.36097717285156
2015-09-24,37.35499954223633,33.27190399169922
2015-09-25,37.349998474121094,33.2674560546875
2015-09-28,36.275001525878906,32.30995178222656
2015-09-29,36.154998779296875,32.203067779541016
2015-09-30,37.130001068115234,33.07149887084961
2015-10-01,37.404998779296875,33.31644058227539
2015-10-02,37.939998626708984,33.7929573059082
2015-10-05,38.5,34.291748046875
2015-10-06,38.21500015258789,34.03789520263672
2015-10-07,38.345001220703125,34.15367126464844
2015-10-08,38.814998626708984,34.572322845458984
2015-10-09,38.86000061035156,34.612396240234375
2015-10-12,39.04499816894531,34.77717971801758
2015-10-13,38.834999084472656,34.59014129638672
2015-10-14,38.439998626708984,34.238304138183594
2015-10-15,38.939998626708984,34.68365478515625
2015-10-16,39.14500045776367,34.86623764038086
2015-10-19,39.33000183105469,35.03103256225586
2015-10-20,39.279998779296875,34.986473083496094
2015-10-21,39.10499954223633,34.83061981201172
2015-10-22,39.619998931884766,35.289310455322266
2015-10-23,39.814998626708984,35.4630012512207
2015-10-26,40.095001220703125,35.71239471435547
2015-10-27,39.904998779296875,35.54317092895508
2015-10-28,40.28499984741211,35.88163375854492
2015-10-29,40.400001525878906,35.98405456542969
2015-10-30,40.48500061035156,36.05976486206055
2015-11-02,40.66999816894531,36.22455596923828
2015-11-03,40.82500076293945,36.36262512207031
2015-11-04,40.560001373291016,36.12657928466797
2015-11-05,40.70500183105469,36.25572967529297
2015-11-06,40.709999084472656,36.26018524169922
2015-11-09,40.150001525878906,35.76139831542969
2015-11-10,40.529998779296875,36.099853515625
2015-11-11,40.290000915527344,35.88608932495117
2015-11-12,39.915000915527344,35.55207061767578
2015-11-13,38.8650016784668,34.616851806640625
2015-11-16,39.334999084472656,35.03547668457031
2015-11-17,39.40999984741211,35.10227966308594
2015-11-18,40.084999084472656,35.70351028442383
2015-11-19,40.1349983215332,35.7480354309082
2015-11-20,40.6150016784668,36.175567626953125
2015-11-23,40.76499938964844,36.309173583984375
2015-11-24,40.68000030517578,36.233463287353516
2015-11-25,40.8849983215332,36.416053771972656
2015-11-27,40.73500061035156,36.28245162963867
2015-11-30,40.38999938964844,35.97515869140625
2015-12-01,40.80500030517578,36.34480285644531
2015-12-02,40.45000076293945,36.02859878540039
2015-12-03,39.84000015258789,35.48527145385742
2015-12-04,40.61000061035156,36.17111587524414
2015-12-07,40.439998626708984,36.01969528198242
2015-12-08,40.31999969482422,35.91281509399414
2015-12-09,39.80500030517578,35.4541015625
2015-12-10,39.939998626708984,35.57434844970703
2015-12-11,39.029998779296875,34.76380920410156
2015-12-14,39.22999954223633,34.941959381103516
2015-12-15,39.44499969482422,35.133460998535156
2015-12-16,40.10499954223633,35.7213134765625
2015-12-17,39.44499969482422,35.133460998535156
2015-12-18,38.665000915527344,34.581180572509766
2015-12-21,38.86000061035156,34.75556945800781
2015-12-22,39.14500045776367,35.010475158691406
2015-12-23,39.345001220703125,35.18935775756836
2015-12-24,39.2400016784668,35.09545135498047
2015-12-28,39.34000015258789,35.18487548828125
2015-12-29,39.79499816894531,35.59182357788086
2015-12-30,39.474998474121094,35.30561447143555
2015-12-31,39.08000183105469,34.95235061645508
2016-01-04,38.40999984741211,34.353111267089844
2016-01-05,38.36000061035156,34.30839920043945
2016-01-06,37.98500061035156,33.97298812866211
2016-01-07,37.20500183105469,33.2753791809082
2016-01-08,36.80500030517578,32.91762161254883
2016-01-11,37.095001220703125,33.177001953125
2016-01-12,37.505001068115234,33.5436897277832
2016-01-13,36.2400016784668,32.412296295166016
2016-01-14,36.5,32.64484405517578
2016-01-15,35.75,31.974061965942383
2016-01-19,35.8849983215332,32.09479904174805
2016-01-20,35.56999969482422,31.813068389892578
2016-01-21,36.025001525878906,32.22002410888672
2016-01-22,36.654998779296875,32.78347396850586
2016-01-25,36.23500061035156,32.4078254699707
2016-01-26,36.76499938964844,32.88185501098633
2016-01-27,36.189998626708984,32.367576599121094
2016-01-28,36.654998779296875,32.78347396850586
2016-01-29,37.05500030517578,33.1412239074707
2016-02-01,37.279998779296875,33.34245300292969
2016-02-02,36.55500030517578,32.694026947021484
2016-02-03,36.459999084472656,32.60906219482422
2016-02-04,36.25,32.42124938964844
2016-02-05,35.08000183105469,31.374820709228516
2016-02-08,34.400001525878906,30.766647338867188
2016-02-09,34.345001220703125,30.717456817626953
2016-02-10,34.28499984741211,30.663787841796875
2016-02-11,34.26499938964844,30.645917892456055
2016-02-12,34.89500045776367,31.209360122680664
2016-02-16,35.7400016784668,31.965110778808594
2016-02-17,36.5099983215332,32.65378952026367
2016-02-18,36.27000045776367,32.439144134521484
2016-02-19,36.369998931884766,32.52857208251953
2016-02-22,37.07500076293945,33.15910339355469
2016-02-23,36.869998931884766,32.97577667236328
2016-02-24,37.084999084472656,33.16804504394531
2016-02-25,37.45500183105469,33.49898147583008
2016-02-26,37.415000915527344,33.46320343017578
2016-02-29,37.220001220703125,33.288795471191406
2016-03-01,38.20500183105469,34.16975402832031
2016-03-02,38.16999816894531,34.138458251953125
2016-03-03,38.39500045776367,34.33967971801758
2016-03-04,38.36000061035156,34.30839920043945
2016-03-07,38.19499969482422,34.16081619262695
2016-03-08,37.89500045776367,33.89250564575195
2016-03-09,37.970001220703125,33.959590911865234
2016-03-10,38.064998626708984,34.04454803466797
2016-03-11,38.650001525878906,34.56776809692383
2016-03-14,38.79499816894531,34.697444915771484
2016-03-15,38.78499984741211,34.688507080078125
2016-03-16,39.099998474121094,34.970218658447266
2016-03-17,39.154998779296875,35.01941680908203
2016-03-18,39.04499816894531,35.06477737426758
2016-03-21,39.064998626708984,35.082733154296875
2016-03-22,39.0,35.024349212646484
2016-03-23,38.724998474121094,34.77739334106445
2016-03-24,38.775001525878906,34.82229232788086
2016-03-28,38.95000076293945,34.97946548461914
2016-03-29,39.345001220703125,35.33419418334961
2016-03-30,39.595001220703125,35.55870819091797
2016-03-31,39.54999923706055,35.5182991027832
2016-04-01,39.71500015258789,35.66646194458008
2016-04-04,39.404998779296875,35.38806915283203
2016-04-05,39.06999969482422,35.08721160888672
2016-04-06,39.439998626708984,35.419498443603516
2016-04-07,38.994998931884766,35.01986312866211
2016-04-08,38.935001373291016,34.965980529785156
2016-04-11,38.790000915527344,34.835777282714844
2016-04-12,39.084999084472656,35.10069274902344
2016-04-13,39.6349983215332,35.59462356567383
2016-04-14,39.6349983215332,35.59462356567383
2016-04-15,39.744998931884766,35.693416595458984
2016-04-18,40.119998931884766,36.03017807006836
2016-04-19,39.900001525878906,35.832611083984375
2016-04-20,39.95000076293945,35.877525329589844
2016-04-21,39.810001373291016,35.751792907714844
2016-04-22,39.72999954223633,35.67995071411133
2016-04-25,39.775001525878906,35.72035598754883
2016-04-26,39.869998931884766,35.80567932128906
2016-04-27,39.83000183105469,35.769744873046875
2016-04-28,39.400001525878906,35.38358688354492
2016-04-29,39.599998474121094,35.56319046020508
2016-05-02,40.154998779296875,36.061622619628906
2016-05-03,39.78499984741211,35.729331970214844
2016-05-04,39.60499954223633,35.567691802978516
2016-05-05,39.349998474121094,35.338680267333984
2016-05-06,39.63999938964844,35.599117279052734
2016-05-09,39.75,35.69790267944336
2016-05-10,40.2599983215332,36.155914306640625
2016-05-11,39.45000076293945,35.42849349975586
2016-05-12,39.525001525878906,35.4958381652832
2016-05-13,39.05500030517578,35.073753356933594
2016-05-16,39.29999923706055,35.29377365112305
2016-05-17,38.85499954223633,34.89413833618164
2016-05-18,38.630001068115234,34.692081451416016
2016-05-19,38.595001220703125,34.66064453125
2016-05-20,38.849998474121094,34.8896484375
2016-05-23,38.71500015258789,34.76841354370117
2016-05-24,39.18000030517578,35.186012268066406
2016-05-25,39.39500045776367,35.37908935546875
2016-05-26,39.474998474121094,35.450931549072266
2016-05-27,39.65999984741211,35.6170768737793
2016-05-31,39.619998931884766,35.581146240234375
2016-06-01,39.595001220703125,35.55870819091797
2016-06-02,39.814998626708984,35.75626754760742
2016-06-03,39.55500030517578,35.52277755737305
2016-06-06,39.654998779296875,35.61259460449219
2016-06-07,39.70500183105469,35.65748977661133
2016-06-08,39.75,35.69790267944336
2016-06-09,39.65999984741211,35.6170768737793
2016-06-10,39.244998931884766,35.244384765625
2016-06-13,39.029998779296875,35.051292419433594
2016-06-14,38.93000030517578,34.96149826049805
2016-06-15,39.040000915527344,35.06028366088867
2016-06-16,39.165000915527344,35.17253494262695
2016-06-17,38.96500015258789,35.11710739135742
2016-06-20,39.314998626708984,35.43254852294922
2016-06-21,39.224998474121094,35.35142517089844
2016-06-22,39.16999816894531,35.30186462402344
2016-06-23,39.55500030517578,35.64885330200195
2016-06-24,38.084999084472656,34.32401657104492
2016-06-27,37.3849983215332,33.69313049316406
2016-06-28,38.130001068115234,34.36458969116211
2016-06-29,38.744998931884766,34.91883850097656
2016-06-30,39.029998779296875,35.17569351196289
2016-07-01,39.435001373291016,35.54069900512695
2016-07-05,39.1150016784668,35.25230026245117
2016-07-06,39.45000076293945,35.55423355102539
2016-07-07,39.619998931884766,35.707427978515625
2016-07-08,40.310001373291016,36.329288482666016
2016-07-11,40.54499816894531,36.54106903076172
2016-07-12,40.70500183105469,36.6852912902832
2016-07-13,40.505001068115234,36.505027770996094
2016-07-14,40.66999816894531,36.65373611450195
2016-07-15,40.4900016784668,36.49151611328125
2016-07-18,40.64500045776367,36.63121032714844
2016-07-19,40.56999969482422,36.56361770629883
2016-07-20,40.7400016784668,36.716827392578125
2016-07-21,40.630001068115234,36.61768341064453
2016-07-22,40.79999923706055,36.77091598510742
2016-07-25,40.8650016784668,36.8294792175293
2016-07-26,40.814998626708984,36.784427642822266
2016-07-27,40.689998626708984,36.67176055908203
2016-07-28,40.76499938964844,36.73935317993164
2016-07-29,40.810001373291016,36.77992248535156
2016-08-01,40.875,36.83849334716797
2016-08-02,40.26499938964844,36.28873062133789
2016-08-03,40.380001068115234,36.39236831665039
2016-08-04,40.36000061035156,36.37434387207031
2016-08-05,40.78499984741211,36.75737762451172
2016-08-08,40.650001525878906,36.635719299316406
2016-08-09,40.529998779296875,36.527557373046875
2016-08-10,40.6150016784668,36.60417938232422
2016-08-11,41.02000045776367,36.96917724609375
2016-08-12,41.0,36.9511604309082
2016-08-15,41.08000183105469,37.023258209228516
2016-08-16,40.845001220703125,36.81147384643555
2016-08-17,40.75,36.72584533691406
2016-08-18,40.724998474121094,36.703304290771484
2016-08-19,40.75,36.72584533691406
2016-08-22,40.709999084472656,36.689796447753906
2016-08-23,40.915000915527344,36.87454605102539
2016-08-24,40.720001220703125,36.69880676269531
2016-08-25,40.584999084472656,36.577125549316406
2016-08-26,40.470001220703125,36.4734992980957
2016-08-29,40.61000061035156,36.59966278076172
2016-08-30,40.3849983215332,36.39688491821289
2016-08-31,40.279998779296875,36.30226516723633
2016-09-01,40.36000061035156,36.37434387207031
2016-09-02,40.439998626708984,36.44645309448242
2016-09-06,40.51499938964844,36.5140495300293
2016-09-07,40.53499984741211,36.53206253051758
2016-09-08,40.185001373291016,36.216636657714844
2016-09-09,39.21500015258789,35.342430114746094
2016-09-12,39.76499938964844,35.83810806274414
2016-09-13,39.20000076293945,35.32889175415039
2016-09-14,39.20500183105469,35.33340835571289
2016-09-15,39.4900016784668,35.590267181396484
2016-09-16,39.255001068115234,35.51337814331055
2016-09-19,39.224998474121094,35.486209869384766
2016-09-20,39.255001068115234,35.51337814331055
2016-09-21,39.6349983215332,35.857139587402344
2016-09-22,39.92499923706055,36.119510650634766
2016-09-23,39.834999084472656,36.03807830810547
2016-09-26,39.39500045776367,35.64002990722656
2016-09-27,39.79499816894531,36.001895904541016
2016-09-28,39.904998779296875,36.101409912109375
2016-09-29,39.70000076293945,35.915958404541016
2016-09-30,40.02000045776367,36.20545196533203
2016-10-03,39.994998931884766,36.182838439941406
2016-10-04,39.85499954223633,36.056182861328125
2016-10-05,40.02000045776367,36.20545196533203
2016-10-06,40.04999923706055,36.23259735107422
2016-10-07,39.869998931884766,36.06974792480469
2016-10-10,39.935001373291016,36.12855529785156
2016-10-11,39.45000076293945,35.68978500366211
2016-10-12,39.6349983215332,35.857139587402344
2016-10-13,39.4900016784668,35.7259635925293
2016-10-14,39.44499969482422,35.68526840209961
2016-10-17,39.119998931884766,35.391231536865234
2016-10-18,39.380001068115234,35.62645721435547
2016-10-19,39.55500030517578,35.78478240966797
2016-10-20,39.47999954223633,35.7169189453125
2016-10-21,39.79499816894531,36.001895904541016
2016-10-24,40.08000183105469,36.25973129272461
2016-10-25,39.61000061035156,35.83453369140625
2016-10-26,39.439998626708984,35.68073654174805
2016-10-27,39.11000061035156,35.3821907043457
2016-10-28,39.02000045776367,35.30075454711914
2016-10-31,39.04999923706055,35.32789611816406
2016-11-01,38.775001525878906,35.07911682128906
2016-11-02,38.540000915527344,34.86651611328125
2016-11-03,38.439998626708984,34.77604293823242
2016-11-04,38.3650016784668,34.70820617675781
2016-11-07,39.25,35.50885009765625
2016-11-08,39.40999984741211,35.65359115600586
2016-11-09,39.4900016784668,35.7259635925293
2016-11-10,39.6349983215332,35.857139587402344
2016-11-11,39.86000061035156,36.060707092285156
2016-11-14,39.8650016784668,36.06523895263672
2016-11-15,40.02000045776367,36.20545196533203
2016-11-16,40.2400016784668,36.40447998046875
2016-11-17,40.724998474121094,36.84325408935547
2016-11-18,40.599998474121094,36.730159759521484
2016-11-21,40.8650016784668,36.96990966796875
2016-11-22,41.349998474121094,37.408687591552734
2016-11-23,41.38999938964844,37.44487380981445
2016-11-25,41.4900016784668,37.535335540771484
2016-11-28,41.15999984741211,37.23678970336914
2016-11-29,41.27000045776367,37.336307525634766
2016-11-30,40.92499923706055,37.02419662475586
2016-12-01,40.94499969482422,37.04229736328125
2016-12-02,40.720001220703125,36.83873748779297
2016-12-05,41.165000915527344,37.241310119628906
2016-12-06,41.2599983215332,37.3272590637207
2016-12-07,42.060001373291016,38.0510139465332
2016-12-08,42.060001373291016,38.0510139465332
2016-12-09,42.154998779296875,38.136962890625
2016-12-12,41.80500030517578,37.820308685302734
2016-12-13,42.18000030517578,38.15956497192383
2016-12-14,41.89500045776367,37.901737213134766
2016-12-15,41.79499816894531,37.81126022338867
2016-12-16,41.345001220703125,37.62562561035156
2016-12-19,41.45500183105469,37.72571563720703
2016-12-20,41.78499984741211,38.026039123535156
2016-12-21,41.76499938964844,38.007843017578125
2016-12-22,41.314998626708984,37.59831619262695
2016-12-23,41.224998474121094,37.51642608642578
2016-12-27,41.3849983215332,37.66201400756836
2016-12-28,41.099998474121094,37.40265655517578
2016-12-29,41.04499816894531,37.352603912353516
2016-12-30,40.70000076293945,37.03863525390625
2017-01-03,40.939998626708984,37.25705337524414
2017-01-04,41.48500061035156,37.75302505493164
2017-01-05,41.45500183105469,37.72571563720703
2017-01-06,41.65999984741211,37.91228485107422
2017-01-09,41.625,37.88044357299805
2017-01-10,41.775001525878906,38.01693344116211
2017-01-11,41.8650016784668,38.098838806152344
2017-01-12,41.82500076293945,38.06243896484375
2017-01-13,41.97999954223633,38.2035026550293
2017-01-17,42.04999923706055,38.2672004699707
2017-01-18,41.974998474121094,38.198944091796875
2017-01-19,41.845001220703125,38.080631256103516
2017-01-20,41.96500015258789,38.18983840942383
2017-01-23,41.994998931884766,38.217140197753906
2017-01-24,42.34000015258789,38.531124114990234
2017-01-25,42.599998474121094,38.76770782470703
2017-01-26,42.665000915527344,38.826873779296875
2017-01-27,42.529998779296875,38.704017639160156
2017-01-30,42.47999954223633,38.658504486083984
2017-01-31,42.415000915527344,38.599369049072266
2017-02-01,42.334999084472656,38.52656173706055
2017-02-02,42.29999923706055,38.49470901489258
2017-02-03,42.244998931884766,38.44466018676758
2017-02-06,42.119998931884766,38.330902099609375
2017-02-07,42.08000183105469,38.29449462890625
2017-02-08,42.34000015258789,38.531124114990234
2017-02-09,42.60499954223633,38.77226257324219
2017-02-10,42.8650016784668,39.008872985839844
2017-02-13,42.915000915527344,39.054386138916016
2017-02-14,43.15999984741211,39.27734375
2017-02-15,43.3849983215332,39.48210144042969
2017-02-16,43.165000915527344,39.28189468383789
2017-02-17,43.30500030517578,39.409305572509766
2017-02-21,43.55500030517578,39.63680648803711
2017-02-22,43.55500030517578,39.63680648803711
2017-02-23,43.2599983215332,39.36833572387695
2017-02-24,43.459999084472656,39.55036163330078
2017-02-27,43.5099983215332,39.595848083496094
2017-02-28,43.185001373291016,39.300086975097656
2017-03-01,43.66999816894531,39.74146270751953
2017-03-02,43.564998626708984,39.64590835571289
2017-03-03,43.5,39.586753845214844
2017-03-06,43.36000061035156,39.45934295654297
2017-03-07,43.220001220703125,39.331947326660156
2017-03-08,43.400001525878906,39.495750427246094
2017-03-09,43.36000061035156,39.45934295654297
2017-03-10,43.42499923706055,39.518497467041016
2017-03-13,43.540000915527344,39.62317657470703
2017-03-14,43.529998779296875,39.61405944824219
2017-03-15,43.7599983215332,39.82335662841797
2017-03-16,43.755001068115234,39.818809509277344
2017-03-17,43.68000030517578,39.869483947753906
2017-03-20,43.57500076293945,39.77363586425781
2017-03-21,43.025001525878906,39.2716178894043
2017-03-22,43.07500076293945,39.31724548339844
2017-03-23,43.17499923706055,39.40852355957031
2017-03-24,43.279998779296875,39.50436019897461
2017-03-27,43.26499938964844,39.49068832397461
2017-03-28,43.595001220703125,39.79188919067383
2017-03-29,43.85499954223633,40.029212951660156
2017-03-30,43.970001220703125,40.13416290283203
2017-03-31,43.974998474121094,40.13874435424805
2017-04-03,43.79999923706055,39.9789924621582
2017-04-04,43.72999954223633,39.91511154174805
2017-04-05,43.625,39.81926727294922
2017-04-06,43.7599983215332,39.942501068115234
2017-04-07,43.630001068115234,39.82383346557617
2017-04-10,43.790000915527344,39.96987533569336
2017-04-11,43.755001068115234,39.937923431396484
2017-04-12,43.58000183105469,39.7782096862793
2017-04-13,43.275001525878906,39.499813079833984
2017-04-17,43.720001220703125,39.90599822998047
2017-04-18,43.724998474121094,39.91054153442383
2017-04-19,43.76499938964844,39.94705581665039
2017-04-20,44.224998474121094,40.36692810058594
2017-04-21,44.125,40.275665283203125
2017-04-24,44.40999984741211,40.535797119140625
2017-04-25,44.7599983215332,40.85525894165039
2017-04-26,44.970001220703125,41.04694747924805
2017-04-27,45.209999084472656,41.266014099121094
2017-04-28,45.029998779296875,41.10169219970703
2017-05-01,45.09000015258789,41.15647506713867
2017-05-02,45.13999938964844,41.20209503173828
2017-05-03,44.875,40.96023178100586
2017-05-04,44.80500030517578,40.896339416503906
2017-05-05,45.084999084472656,41.15190505981445
2017-05-08,45.16999816894531,41.229496002197266
2017-05-09,45.43000030517578,41.4668083190918
2017-05-10,45.275001525878906,41.325340270996094
2017-05-11,45.005001068115234,41.078887939453125
2017-05-12,44.939998626708984,41.019561767578125
2017-05-15,44.95000076293945,41.02867889404297
2017-05-16,44.79499816894531,40.88720703125
2017-05-17,44.06999969482422,40.22545623779297
2017-05-18,44.32500076293945,40.45819854736328
2017-05-19,44.625,40.732032775878906
2017-05-22,44.849998474121094,40.937408447265625
2017-05-23,44.68000030517578,40.78224182128906
2017-05-24,44.84000015258789,40.92828369140625
2017-05-25,45.23500061035156,41.28883361816406
2017-05-26,45.369998931884766,41.41204071044922
2017-05-30,45.404998779296875,41.443992614746094
2017-05-31,45.525001525878906,41.55351638793945
2017-06-01,45.95500183105469,41.94601058959961
2017-06-02,46.119998931884766,42.09661102294922
2017-06-05,45.994998931884766,41.98250961303711
2017-06-06,45.599998474121094,41.62198257446289
2017-06-07,45.68000030517578,41.69499588012695
2017-06-08,45.3849983215332,41.425724029541016
2017-06-09,45.185001373291016,41.243186950683594
2017-06-12,45.15999984741211,41.22037124633789
2017-06-13,45.439998626708984,41.4759407043457
2017-06-14,45.415000915527344,41.453125
2017-06-15,45.224998474121094,41.27968978881836
2017-06-16,45.07500076293945,41.268245697021484
2017-06-19,45.41999816894531,41.58411407470703
2017-06-20,44.849998474121094,41.062252044677734
2017-06-21,44.91999816894531,41.12632751464844
2017-06-22,44.814998626708984,41.03020095825195
2017-06-23,44.7599983215332,40.97985076904297
2017-06-26,44.91999816894531,41.12632751464844
2017-06-27,44.564998626708984,40.801326751708984
2017-06-28,45.01499938964844,41.21331787109375
2017-06-29,44.58000183105469,40.815059661865234
2017-06-30,44.814998626708984,41.03020095825195
2017-07-03,44.77000045776367,40.989009857177734
2017-07-05,44.65999984741211,40.8883056640625
2017-07-06,44.20500183105469,40.47172546386719
2017-07-07,44.599998474121094,40.833370208740234
2017-07-10,44.69499969482422,40.92033767700195
2017-07-11,44.60499954223633,40.83794403076172
2017-07-12,44.94499969482422,41.14922332763672
2017-07-13,44.95000076293945,41.153812408447266
2017-07-14,45.095001220703125,41.28657913208008
2017-07-17,45.20500183105469,41.38726806640625
2017-07-18,45.40999984741211,41.57495880126953
2017-07-19,45.630001068115234,41.7763786315918
2017-07-20,45.53499984741211,41.68940353393555
2017-07-21,45.564998626708984,41.71686935424805
2017-07-24,45.40999984741211,41.57495880126953
2017-07-25,45.72999954223633,41.867923736572266
2017-07-26,45.709999084472656,41.8496208190918
2017-07-27,46.04499816894531,42.156333923339844
2017-07-28,45.69499969482422,41.835899353027344
2017-07-31,45.68000030517578,41.8221549987793
2017-08-01,45.7599983215332,41.8953971862793
2017-08-02,45.6349983215332,41.78095245361328
2017-08-03,45.5099983215332,41.6665153503418
2017-08-04,45.51499938964844,41.67108917236328
2017-08-07,45.619998931884766,41.76721954345703
2017-08-08,45.64500045776367,41.79011917114258
2017-08-09,45.380001068115234,41.54749298095703
2017-08-10,44.70000076293945,40.924922943115234
2017-08-11,44.93000030517578,41.135498046875
2017-08-14,45.25,41.428470611572266
2017-08-15,44.834999084472656,41.048519134521484
2017-08-16,45.064998626708984,41.25910186767578
2017-08-17,44.345001220703125,40.59989547729492
2017-08-18,44.125,40.39847946166992
2017-08-21,44.20500183105469,40.47172546386719
2017-08-22,44.68000030517578,40.906620025634766
2017-08-23,44.29999923706055,40.55868911743164
2017-08-24,44.20500183105469,40.47172546386719
2017-08-25,44.314998626708984,40.57242202758789
2017-08-28,44.34000015258789,40.59532928466797
2017-08-29,44.29999923706055,40.55868911743164
2017-08-30,44.619998931884766,40.85166931152344
2017-08-31,44.83000183105469,41.0439453125
2017-09-01,45.03499984741211,41.231624603271484
2017-09-05,44.849998474121094,41.062252044677734
2017-09-06,45.130001068115234,41.318599700927734
2017-09-07,44.7400016784668,40.96154022216797
2017-09-08,44.584999084472656,40.81962966918945
2017-09-11,44.81999969482422,41.034793853759766
2017-09-12,45.02000045776367,41.217891693115234
2017-09-13,45.345001220703125,41.51545715332031
2017-09-14,45.099998474121094,41.291141510009766
2017-09-15,44.814998626708984,41.17536926269531
2017-09-18,44.65999984741211,41.032962799072266
2017-09-19,44.619998931884766,40.99620056152344
2017-09-20,44.77000045776367,41.134033203125
2017-09-21,44.69499969482422,41.06511306762695
2017-09-22,44.77000045776367,41.134033203125
2017-09-25,44.67499923706055,41.04674530029297
2017-09-26,44.68000030517578,41.05133819580078
2017-09-27,44.92499923706055,41.27643585205078
2017-09-28,44.869998931884766,41.22590255737305
2017-09-29,45.040000915527344,41.38209533691406
2017-10-02,45.125,41.46018981933594
2017-10-03,45.314998626708984,41.63475799560547
2017-10-04,45.54999923706055,41.85067367553711
2017-10-05,45.80500030517578,42.084957122802734
2017-10-06,45.86000061035156,42.135494232177734
2017-10-09,45.71500015258789,42.002281188964844
2017-10-10,45.66999816894531,41.9609260559082
2017-10-11,45.69499969482422,41.983909606933594
2017-10-12,45.38999938964844,41.703670501708984
2017-10-13,45.61000061035156,41.905799865722656
2017-10-16,45.66999816894531,41.9609260559082
2017-10-17,45.69499969482422,41.983909606933594
2017-10-18,45.56999969482422,41.869056701660156
2017-10-19,45.56999969482422,41.869056701660156
2017-10-20,45.68000030517578,41.970115661621094
2017-10-23,45.369998931884766,41.68529510498047
2017-10-24,45.47999954223633,41.7863655090332
2017-10-25,45.30500030517578,41.625572204589844
2017-10-26,45.46500015258789,41.772579193115234
2017-10-27,46.20000076293945,42.44789505004883
2017-10-30,45.9900016784668,42.25494384765625
2017-10-31,45.994998931884766,42.25953674316406
2017-11-01,46.0099983215332,42.2733268737793
2017-11-02,45.665000915527344,41.956329345703125
2017-11-03,45.849998474121094,42.12631607055664
2017-11-06,46.185001373291016,42.434112548828125
2017-11-07,45.90999984741211,42.18143081665039
2017-11-08,45.959999084472656,42.22737503051758
2017-11-09,46.029998779296875,42.29169464111328
2017-11-10,46.185001373291016,42.434112548828125
2017-11-13,46.34000015258789,42.57651138305664
2017-11-14,46.380001068115234,42.61327362060547
2017-11-15,46.18000030517578,42.42951583862305
2017-11-16,46.564998626708984,42.78324508666992
2017-11-17,46.77000045776367,42.97160720825195
2017-11-20,46.86000061035156,43.054290771484375
2017-11-21,47.150001525878906,43.32073211669922
2017-11-22,47.19499969482422,43.36207962036133
2017-11-24,47.314998626708984,43.47233200073242
2017-11-27,47.349998474121094,43.504486083984375
2017-11-28,47.875,43.98684310913086
2017-11-29,48.08000183105469,44.175201416015625
2017-11-30,48.32500076293945,44.400299072265625
2017-12-01,48.30500030517578,44.381935119628906
2017-12-04,48.8650016784668,44.896453857421875
2017-12-05,48.584999084472656,44.639183044433594
2017-12-06,48.27000045776367,44.349769592285156
2017-12-07,48.39500045776367,44.46463394165039
2017-12-08,48.625,44.675941467285156
2017-12-11,48.72999954223633,44.772422790527344
2017-12-12,48.75,44.79079818725586
2017-12-13,48.790000915527344,44.82754135131836
2017-12-14,48.939998626708984,44.965354919433594
2017-12-15,48.98500061035156,45.15989303588867
2017-12-18,49.42499923706055,45.565521240234375
2017-12-19,49.36000061035156,45.505615234375
2017-12-20,49.26499938964844,45.41801071166992
2017-12-21,49.584999084472656,45.7130241394043
2017-12-22,49.4900016784668,45.62544631958008
2017-12-26,49.599998474121094,45.72685623168945
2017-12-27,49.5,45.634674072265625
2017-12-28,49.6349983215332,45.75912857055664
2017-12-29,49.345001220703125,45.49178695678711
2018-01-02,50.095001220703125,46.18320846557617
2018-01-03,50.32500076293945,46.3952522277832
2018-01-04,50.4900016784668,46.54736328125
2018-01-05,50.88999938964844,46.9161262512207
2018-01-08,50.95000076293945,46.971439361572266
2018-01-09,51.04999923706055,47.06364059448242
2018-01-10,51.01499938964844,47.03135681152344
2018-01-11,51.845001220703125,47.79655838012695
2018-01-12,52.51499938964844,48.41423797607422
2018-01-16,52.13999938964844,48.06852722167969
2018-01-17,52.38999938964844,48.29899597167969
2018-01-18,52.345001220703125,48.25751876831055
2018-01-19,52.79999923706055,48.67696762084961
2018-01-22,53.3849983215332,49.216304779052734
2018-01-23,53.834999084472656,49.63115692138672
2018-01-24,54.064998626708984,49.843196868896484
2018-01-25,53.970001220703125,49.75563049316406
2018-01-26,54.5,50.244232177734375
2018-01-29,54.349998474121094,50.1059455871582
2018-01-30,54.08000183105469,49.857032775878906
2018-01-31,53.904998779296875,49.69569778442383
2018-02-01,53.30500030517578,49.14253616333008
2018-02-02,52.79499816894531,48.67237091064453
2018-02-05,51.01499938964844,47.03135681152344
2018-02-06,52.31999969482422,48.234466552734375
2018-02-07,52.15999984741211,48.08694839477539
2018-02-08,50.08000183105469,46.16937255859375
2018-02-09,50.415000915527344,46.478214263916016
2018-02-12,51.099998474121094,47.109737396240234
2018-02-13,51.3650016784668,47.354034423828125
2018-02-14,52.185001373291016,48.11000442504883
2018-02-15,52.650001525878906,48.538692474365234
2018-02-16,52.39500045776367,48.303611755371094
2018-02-20,52.23500061035156,48.15610122680664
2018-02-21,52.15999984741211,48.08694839477539
2018-02-22,52.224998474121094,48.146888732910156
2018-02-23,52.95500183105469,48.819881439208984
2018-02-26,53.400001525878906,49.23012924194336
2018-02-27,52.27000045776367,48.18838119506836
2018-02-28,52.03499984741211,47.97172164916992
2018-03-01,51.474998474121094,47.455448150634766
2018-03-02,51.525001525878906,47.50154495239258
2018-03-05,52.13999938964844,48.06852722167969
2018-03-06,52.5,48.4004020690918
2018-03-07,52.14500045776367,48.0731315612793
2018-03-08,52.310001373291016,48.225242614746094
2018-03-09,53.119998931884766,48.97198486328125
2018-03-12,53.29499816894531,49.13333511352539
2018-03-13,52.91999816894531,48.78760528564453
2018-03-14,52.85499954223633,48.72768020629883
2018-03-15,52.79999923706055,48.67696762084961
2018-03-16,52.59000015258789,48.62611770629883
2018-03-19,51.935001373291016,48.020484924316406
2018-03-20,52.244998931884766,48.30712127685547
2018-03-21,52.20500183105469,48.27014923095703
2018-03-22,51.095001220703125,47.24380111694336
2018-03-23,50.09000015258789,46.31456756591797
2018-03-26,51.56999969482422,47.68300247192383
2018-03-27,50.560001373291016,46.7491340637207
2018-03-28,49.94499969482422,46.18048095703125
2018-03-29,50.64500045776367,46.82773208618164
2018-04-02,49.21500015258789,45.50551223754883
2018-04-03,49.84000015258789,46.083404541015625
2018-04-04,50.755001068115234,46.92943572998047
2018-04-05,51.435001373291016,47.558189392089844
2018-04-06,50.34000015258789,46.545711517333984
2018-04-09,50.220001220703125,46.43477249145508
2018-04-10,50.83000183105469,46.9987907409668
2018-04-11,50.67499923706055,46.8554573059082
2018-04-12,50.89500045776367,47.05887985229492
2018-04-13,50.61000061035156,46.79536819458008
2018-04-16,50.9900016784668,47.14672088623047
2018-04-17,51.939998626708984,48.02511215209961
2018-04-18,52.185001373291016,48.251651763916016
2018-04-19,52.02000045776367,48.099098205566406
2018-04-20,51.4900016784668,47.60905456542969
2018-04-23,51.599998474121094,47.71074295043945
2018-04-24,50.78499984741211,46.957176208496094
2018-04-25,50.994998931884766,47.15134048461914
2018-04-26,51.81999969482422,47.914154052734375
2018-04-27,52.05500030517578,48.13144302368164
2018-04-30,51.849998474121094,47.941898345947266
2018-05-01,51.91999816894531,48.00661849975586
2018-05-02,51.564998626708984,47.67837142944336
2018-05-03,51.334999084472656,47.46571350097656
2018-05-04,52.0099983215332,48.08984375
2018-05-07,52.185001373291016,48.251651763916016
2018-05-08,51.96500015258789,48.04823303222656
2018-05-09,52.14500045776367,48.21466827392578
2018-05-10,52.334999084472656,48.39034652709961
2018-05-11,52.44499969482422,48.4920539855957
2018-05-14,52.54499816894531,48.58451843261719
2018-05-15,52.2400016784668,48.3025016784668
2018-05-16,52.67499923706055,48.7047233581543
2018-05-17,52.5,48.54289627075195
2018-05-18,52.435001373291016,48.482810974121094
2018-05-21,52.724998474121094,48.75094223022461
2018-05-22,52.4900016784668,48.53367233276367
2018-05-23,52.869998931884766,48.8850212097168
2018-05-24,52.98500061035156,48.9913444519043
2018-05-25,53.064998626708984,49.06531524658203
2018-05-29,52.654998779296875,48.68622970581055
2018-05-30,53.1349983215332,49.130043029785156
2018-05-31,52.880001068115234,48.8942756652832
2018-06-01,53.27000045776367,49.25487518310547
2018-06-04,53.8650016784668,49.80502700805664
2018-06-05,54.18000030517578,50.09628677368164
2018-06-06,54.685001373291016,50.56322479248047
2018-06-07,54.845001220703125,50.711181640625
2018-06-08,54.959999084472656,50.8174934387207
2018-06-11,55.18000030517578,51.02090835571289
2018-06-12,55.44499969482422,51.26593780517578
2018-06-13,55.529998779296875,51.34452819824219
2018-06-14,56.11000061035156,51.88080596923828
2018-06-15,56.05500030517578,51.96610641479492
2018-06-18,55.959999084472656,51.878028869628906
2018-06-19,55.88999938964844,51.813133239746094
2018-06-20,56.154998779296875,52.05881118774414
2018-06-21,55.755001068115234,51.6879997253418
2018-06-22,55.65999984741211,51.599918365478516
2018-06-25,54.45000076293945,50.47817611694336
2018-06-26,54.84000015258789,50.83973693847656
2018-06-27,54.130001068115234,50.1815185546875
2018-06-28,54.55500030517578,50.57551193237305
2018-06-29,54.650001525878906,50.66358184814453
2018-07-02,54.724998474121094,50.733123779296875
2018-07-03,54.45000076293945,50.47817611694336
2018-07-05,54.720001220703125,50.728485107421875
2018-07-06,55.150001525878906,51.12711715698242
2018-07-09,55.810001373291016,51.73897933959961
2018-07-10,55.93000030517578,51.85021209716797
2018-07-11,55.79999923706055,51.72970199584961
2018-07-12,56.16999816894531,52.07270431518555
2018-07-13,56.29499816894531,52.1885871887207
2018-07-16,56.435001373291016,52.31837463378906
2018-07-17,56.4900016784668,52.36936950683594
2018-07-18,56.45500183105469,52.33692169189453
2018-07-19,56.32500076293945,52.21641159057617
2018-07-20,56.07500076293945,51.984642028808594
2018-07-23,56.01499938964844,51.929019927978516
2018-07-24,55.849998474121094,51.77604675292969
2018-07-25,56.2599983215332,52.15614700317383
2018-07-26,55.96500015258789,51.88267135620117
2018-07-27,55.81999969482422,51.74824905395508
2018-07-30,55.375,51.3357048034668
2018-07-31,55.6349983215332,51.57674026489258
2018-08-01,55.36000061035156,51.32180404663086
2018-08-02,55.7400016784668,51.674076080322266
2018-08-03,55.93000030517578,51.85021209716797
2018-08-06,56.30500030517578,52.197872161865234
2018-08-07,56.564998626708984,52.43889617919922
2018-08-08,56.625,52.494529724121094
2018-08-09,56.834999084472656,52.689205169677734
2018-08-10,56.36000061035156,52.24885940551758
2018-08-13,56.07500076293945,51.984642028808594
2018-08-14,56.619998931884766,52.4898796081543
2018-08-15,55.93000030517578,51.85021209716797
2018-08-16,56.20500183105469,52.105167388916016
2018-08-17,56.255001068115234,52.151519775390625
2018-08-20,56.654998779296875,52.52233123779297
2018-08-21,57.10499954223633,52.939510345458984
2018-08-22,57.165000915527344,52.99513626098633
2018-08-23,57.11000061035156,52.94413757324219
2018-08-24,57.44499969482422,53.25469970703125
2018-08-27,57.814998626708984,53.59772491455078
2018-08-28,57.93000030517578,53.704322814941406
2018-08-29,58.58000183105469,54.306915283203125
2018-08-30,58.244998931884766,53.9963493347168
2018-08-31,58.474998474121094,54.2095832824707
2018-09-04,58.584999084472656,54.31154251098633
2018-09-05,57.95500183105469,53.72751235961914
2018-09-06,57.79499816894531,53.57918167114258
2018-09-07,57.790000915527344,53.57454299926758
2018-09-10,58.005001068115234,53.77385711669922
2018-09-11,58.470001220703125,54.2049446105957
2018-09-12,58.58000183105469,54.306915283203125
2018-09-13,58.68000030517578,54.399620056152344
2018-09-14,58.459999084472656,54.195674896240234
2018-09-17,57.73500061035156,53.523555755615234
2018-09-18,58.470001220703125,54.2049446105957
2018-09-19,58.494998931884766,54.228118896484375
2018-09-20,58.89500045776367,54.598934173583984
2018-09-21,58.459999084472656,54.35765075683594
2018-09-24,58.08000183105469,54.00432205200195
2018-09-25,58.32500076293945,54.23212432861328
2018-09-26,58.459999084472656,54.35765075683594
2018-09-27,58.65999984741211,54.54362487792969
2018-09-28,58.61000061035156,54.497135162353516
2018-10-01,58.43000030517578,54.32975387573242
2018-10-02,57.63999938964844,53.59519958496094
2018-10-03,57.44499969482422,53.41387176513672
2018-10-04,56.54499816894531,52.577022552490234
2018-10-05,56.119998931884766,52.181861877441406
2018-10-08,56.26499938964844,52.31667709350586
2018-10-09,56.099998474121094,52.16324996948242
2018-10-10,54.209999084472656,50.4058837890625
2018-10-11,53.255001068115234,49.51789855957031
2018-10-12,54.2400016784668,50.43378829956055
2018-10-15,54.1150016784668,50.31755065917969
2018-10-16,55.20000076293945,51.326419830322266
2018-10-17,54.744998931884766,50.903350830078125
2018-10-18,53.69499969482422,49.92702102661133
2018-10-19,53.16999816894531,49.438865661621094
2018-10-22,53.3849983215332,49.6387825012207
2018-10-23,53.39500045776367,49.64809036254883
2018-10-24,51.79999923706055,48.16501235961914
2018-10-25,53.3650016784668,49.620182037353516
2018-10-26,51.70500183105469,48.076683044433594
2018-10-29,51.25,47.65360641479492
2018-10-30,52.02000045776367,48.36957550048828
2018-10-31,52.689998626708984,48.9925537109375
2018-11-01,53.76499938964844,49.99211502075195
2018-11-02,53.98500061035156,50.196685791015625
2018-11-05,54.060001373291016,50.26640701293945
2018-11-06,54.29999923706055,50.48957824707031
2018-11-07,55.77000045776367,51.85641098022461
2018-11-08,55.78499984741211,51.87036895751953
2018-11-09,55.0099983215332,51.149749755859375
2018-11-12,53.904998779296875,50.122291564941406
2018-11-13,53.880001068115234,50.09905242919922
2018-11-14,53.474998474121094,49.72246551513672
2018-11-15,53.39500045776367,49.64809036254883
2018-11-16,53.185001373291016,49.45281982421875
2018-11-19,51.8849983215332,48.2440299987793
2018-11-20,50.709999084472656,47.151512145996094
2018-11-21,51.2400016784668,47.64430236816406
2018-11-23,51.0099983215332,47.430442810058594
2018-11-26,52.154998779296875,48.495094299316406
2018-11-27,52.310001373291016,48.639217376708984
2018-11-28,53.85499954223633,50.07579803466797
2018-11-29,53.60499954223633,49.84333801269531
2018-11-30,53.994998931884766,50.205970764160156
2018-12-03,55.005001068115234,51.145111083984375
2018-12-04,53.025001525878906,49.30405044555664
2018-12-06,53.279998779296875,49.54114532470703
2018-12-07,51.685001373291016,48.05807113647461
2018-12-10,51.724998474121094,48.09525680541992
2018-12-11,51.744998931884766,48.113868713378906
2018-12-12,52.290000915527344,48.62062072753906
2018-12-13,52.029998779296875,48.378868103027344
2018-12-14,51.165000915527344,47.57456588745117
2018-12-17,49.8650016784668,46.36579513549805
2018-12-18,50.255001068115234,46.728424072265625
2018-12-19,49.2599983215332,45.803245544433594
2018-12-20,48.154998779296875,44.775794982910156
2018-12-21,46.880001068115234,43.76111602783203
2018-12-24,45.9900016784668,42.93031692504883
2018-12-26,48.71500015258789,45.474029541015625
2018-12-27,48.974998474121094,45.71672439575195
2018-12-28,48.97999954223633,45.72139358520508
2018-12-31,49.505001068115234,46.21147918701172
2019-01-02,49.880001068115234,46.5615348815918
2019-01-03,48.79999923706055,45.55336380004883
2019-01-04,50.415000915527344,47.0609245300293
2019-01-07,51.55500030517578,48.12507629394531
2019-01-08,52.125,48.65715789794922
2019-01-09,52.38999938964844,48.9045295715332
2019-01-10,52.2400016784668,48.76450729370117
2019-01-11,52.290000915527344,48.81118392944336
2019-01-14,51.970001220703125,48.5124626159668
2019-01-15,52.439998626708984,48.951194763183594
2019-01-16,52.31999969482422,48.83919143676758
2019-01-17,52.67499923706055,49.17056655883789
2019-01-18,53.404998779296875,49.85200119018555
2019-01-22,52.60499954223633,49.105228424072266
2019-01-23,52.709999084472656,49.2032356262207
2019-01-24,52.93000030517578,49.408599853515625
2019-01-25,53.51499938964844,49.95467758178711
2019-01-28,53.20500183105469,49.665306091308594
2019-01-29,52.86000061035156,49.343257904052734
2019-01-30,53.900001525878906,50.31407165527344
2019-01-31,54.38999938964844,50.7714729309082
2019-02-01,53.595001220703125,50.029361724853516
2019-02-04,53.94499969482422,50.3560791015625
2019-02-05,54.45000076293945,50.827476501464844
2019-02-06,54.224998474121094,50.61745071411133
2019-02-07,53.779998779296875,50.202056884765625
2019-02-08,53.564998626708984,50.001346588134766
2019-02-11,53.65999984741211,50.09004592895508
2019-02-12,54.48500061035156,50.86015701293945
2019-02-13,54.85499954223633,51.20553970336914
2019-02-14,54.654998779296875,51.018836975097656
2019-02-15,55.029998779296875,51.368896484375
2019-02-19,55.255001068115234,51.578922271728516
2019-02-20,55.3650016784668,51.68161392211914
2019-02-21,55.255001068115234,51.578922271728516
2019-02-22,55.55500030517578,51.85896682739258
2019-02-25,55.369998931884766,51.68627166748047
2019-02-26,55.44499969482422,51.756282806396484
2019-02-27,55.404998779296875,51.718929290771484
2019-02-28,55.10499954223633,51.438907623291016
2019-03-01,55.54999923706055,51.85430908203125
2019-03-04,55.375,51.69093704223633
2019-03-05,55.51499938964844,51.821624755859375
2019-03-06,55.255001068115234,51.578922271728516
2019-03-07,54.584999084472656,50.953495025634766
2019-03-08,54.20500183105469,50.59878158569336
2019-03-11,54.95000076293945,51.29421615600586
2019-03-12,55.10499954223633,51.438907623291016
2019-03-13,55.29999923706055,51.62092590332031
2019-03-14,55.1349983215332,51.4669075012207
2019-03-15,55.29999923706055,51.79707336425781
2019-03-18,55.834999084472656,52.298179626464844
2019-03-19,56.1150016784668,52.56045913696289
2019-03-20,56.19499969482422,52.63538360595703
2019-03-21,56.96500015258789,53.35661315917969
2019-03-22,55.834999084472656,52.298179626464844
2019-03-25,56.165000915527344,52.607295989990234
2019-03-26,56.404998779296875,52.83207321166992
2019-03-27,56.290000915527344,52.724365234375
2019-03-28,56.630001068115234,53.04282760620117
2019-03-29,56.92499923706055,53.31913375854492
2019-04-01,57.54999923706055,53.90455627441406
2019-04-02,57.540000915527344,53.89518737792969
2019-04-03,57.94499969482422,54.2745246887207
2019-04-04,58.415000915527344,54.71475601196289
2019-04-05,58.7599983215332,55.03791046142578
2019-04-08,58.970001220703125,55.234615325927734
2019-04-09,58.439998626708984,54.73817825317383
2019-04-10,58.720001220703125,55.00045394897461
2019-04-11,58.79499816894531,55.0706901550293
2019-04-12,59.15999984741211,55.41256332397461
2019-04-15,59.279998779296875,55.524967193603516
2019-04-16,59.540000915527344,55.76850128173828
2019-04-17,59.654998779296875,55.87621307373047
2019-04-18,59.6349983215332,55.85748291015625
2019-04-22,59.40999984741211,55.646732330322266
2019-04-23,60.119998931884766,56.311763763427734
2019-04-24,60.17499923706055,56.363277435302734
2019-04-25,59.86000061035156,56.06822967529297
2019-04-26,60.334999084472656,56.51313781738281
2019-04-29,60.125,56.31644058227539
2019-04-30,60.03499984741211,56.232139587402344
2019-05-01,59.30500030517578,55.54838562011719
2019-05-02,59.349998474121094,55.59053421020508
2019-05-03,60.04999923706055,56.246192932128906
2019-05-06,59.685001373291016,55.90431594848633
2019-05-07,58.779998779296875,55.05663299560547
2019-05-08,58.79999923706055,55.075374603271484
2019-05-09,58.560001373291016,54.8505744934082
2019-05-10,58.64500045776367,54.93020248413086
2019-05-13,56.900001525878906,53.29573059082031
2019-05-14,57.474998474121094,53.834293365478516
2019-05-15,57.8650016784668,54.19960403442383
2019-05-16,58.400001525878906,54.700721740722656
2019-05-17,57.95500183105469,54.28391647338867
2019-05-20,57.54499816894531,53.899871826171875
2019-05-21,57.94499969482422,54.2745246887207
2019-05-22,57.349998474121094,53.71722412109375
2019-05-23,56.63999938964844,53.05219268798828
2019-05-24,56.71500015258789,53.12244415283203
2019-05-28,56.34000015258789,52.77118682861328
2019-05-29,55.84000015258789,52.30287551879883
2019-05-30,56.20500183105469,52.64474868774414
2019-05-31,55.470001220703125,51.95631408691406
2019-06-03,55.005001068115234,51.52075958251953
2019-06-04,56.494998931884766,52.916378021240234
2019-06-05,56.775001525878906,53.17864990234375
2019-06-06,57.064998626708984,53.45026397705078
2019-06-07,57.88999938964844,54.22301483154297
2019-06-10,58.380001068115234,54.68198776245117
2019-06-11,58.60499954223633,54.89271926879883
2019-06-12,58.59000015258789,54.8786735534668
2019-06-13,59.1150016784668,55.37042236328125
2019-06-14,59.244998931884766,55.492191314697266
2019-06-17,59.27000045776367,55.515594482421875
2019-06-18,59.720001220703125,55.937103271484375
2019-06-19,59.83000183105469,56.040130615234375
2019-06-20,60.244998931884766,56.42884063720703
2019-06-21,59.7599983215332,56.16756057739258
2019-06-24,59.439998626708984,55.866798400878906
2019-06-25,58.869998931884766,55.331050872802734
2019-06-26,59.060001373291016,55.509639739990234
2019-06-27,59.43000030517578,55.85738754272461
2019-06-28,59.599998474121094,56.01716613769531
2019-07-01,60.125,56.5106086730957
2019-07-02,60.255001068115234,56.6328010559082
2019-07-03,60.779998779296875,57.12623977661133
2019-07-05,60.849998474121094,57.19202423095703
2019-07-08,60.92499923706055,57.26250457763672
2019-07-09,60.9900016784668,57.323612213134766
2019-07-10,61.209999084472656,57.53038024902344
2019-07-11,61.334999084472656,57.64788055419922
2019-07-12,62.040000915527344,58.310489654541016
2019-07-15,62.2400016784668,58.49846649169922
2019-07-16,62.15999984741211,58.423274993896484
2019-07-17,61.564998626708984,57.864044189453125
2019-07-18,61.48500061035156,57.78886413574219
2019-07-19,61.08000183105469,57.40821075439453
2019-07-22,61.1150016784668,57.44110107421875
2019-07-23,61.529998779296875,57.831146240234375
2019-07-24,61.84000015258789,58.12251663208008
2019-07-25,61.494998931884766,57.798248291015625
2019-07-26,61.775001525878906,58.0614128112793
2019-07-29,61.474998474121094,57.779457092285156
2019-07-30,61.060001373291016,57.389404296875
2019-07-31,60.36000061035156,56.731483459472656
2019-08-01,59.540000915527344,55.960777282714844
2019-08-02,59.04999923706055,55.500247955322266
2019-08-05,57.46500015258789,54.01051330566406
2019-08-06,58.34000015258789,54.832908630371094
2019-08-07,58.57500076293945,55.05378341674805
2019-08-08,59.70500183105469,56.11586380004883
2019-08-09,59.14500045776367,55.58953094482422
2019-08-12,58.28499984741211,54.781227111816406
2019-08-13,59.244998931884766,55.68351364135742
2019-08-14,57.38999938964844,53.940025329589844
2019-08-15,57.29499816894531,53.85073471069336
2019-08-16,57.94499969482422,54.4616584777832
2019-08-19,58.67499923706055,55.147769927978516
2019-08-20,58.689998626708984,55.161869049072266
2019-08-21,59.81999969482422,56.22393798828125
2019-08-22,59.834999084472656,56.238040924072266
2019-08-23,58.244998931884766,54.743614196777344
2019-08-26,58.81999969482422,55.2840576171875
2019-08-27,58.529998779296875,55.01149368286133
2019-08-28,59.2599983215332,55.697608947753906
2019-08-29,60.150001525878906,56.53411865234375
2019-08-30,59.790000915527344,56.19575119018555
2019-09-03,59.54499816894531,55.96547317504883
2019-09-04,60.1349983215332,56.5200080871582
2019-09-05,61.28499984741211,57.600887298583984
2019-09-06,61.435001373291016,57.74186325073242
2019-09-09,61.66999816894531,57.96272277832031
2019-09-10,61.42499923706055,57.73246765136719
2019-09-11,61.540000915527344,57.84054946899414
2019-09-12,61.834999084472656,58.11781311035156
2019-09-13,61.709999084472656,58.000335693359375
2019-09-16,60.91999816894531,57.25780487060547
2019-09-17,61.290000915527344,57.60557556152344
2019-09-18,61.2599983215332,57.5773811340332
2019-09-19,61.095001220703125,57.42229080200195
2019-09-20,60.19499969482422,56.76409149169922
2019-09-23,60.404998779296875,56.96210861206055
2019-09-24,59.7599983215332,56.353878021240234
2019-09-25,60.30500030517578,56.867820739746094
2019-09-26,60.04499816894531,56.62263488769531
2019-09-27,59.834999084472656,56.424598693847656
2019-09-30,60.349998474121094,56.910247802734375
2019-10-01,59.845001220703125,56.434024810791016
2019-10-02,58.77000045776367,55.42030715942383
2019-10-03,59.05500030517578,55.68906021118164
2019-10-04,59.61000061035156,56.212432861328125
2019-10-07,59.349998474121094,55.96724319458008
2019-10-08,58.724998474121094,55.377864837646484
2019-10-09,59.224998474121094,55.84937286376953
2019-10-10,59.619998931884766,56.22186279296875
2019-10-11,60.29499816894531,56.85837936401367
2019-10-14,60.26499938964844,56.83011245727539
2019-10-15,60.79499816894531,57.329891204833984
2019-10-16,61.04499816894531,57.56563186645508
2019-10-17,61.20500183105469,57.716514587402344
2019-10-18,61.084999084472656,57.60335922241211
2019-10-21,61.29999923706055,57.80610656738281
2019-10-22,60.90999984741211,57.438331604003906
2019-10-23,60.630001068115234,57.17428970336914
2019-10-24,60.599998474121094,57.145999908447266
2019-10-25,60.529998779296875,57.079994201660156
2019-10-28,60.720001220703125,57.2591667175293
2019-10-29,60.375,56.9338264465332
2019-10-30,60.75,57.287445068359375
2019-10-31,60.42499923706055,56.980979919433594
2019-11-01,60.82500076293945,57.358177185058594
2019-11-04,60.85499954223633,57.386470794677734
2019-11-05,60.94499969482422,57.47132873535156
2019-11-06,61.0099983215332,57.532630920410156
2019-11-07,60.64500045776367,57.18843460083008
2019-11-08,60.66999816894531,57.212013244628906
2019-11-11,60.54499816894531,57.09413528442383
2019-11-12,60.505001068115234,57.05641174316406
2019-11-13,60.314998626708984,56.87724685668945
2019-11-14,60.57500076293945,57.12242889404297
2019-11-15,60.685001373291016,57.22615051269531
2019-11-18,60.89500045776367,57.4241828918457
2019-11-19,60.224998474121094,56.79236602783203
2019-11-20,60.084999084472656,56.66035842895508
2019-11-21,59.744998931884766,56.33972930908203
2019-11-22,60.154998779296875,56.72636413574219
2019-11-25,60.685001373291016,57.22615051269531
2019-11-26,61.099998474121094,57.61750793457031
2019-11-27,61.625,58.11258316040039
2019-11-29,61.224998474121094,57.73538589477539
2019-12-02,60.720001220703125,57.2591667175293
2019-12-03,60.11000061035156,56.683937072753906
2019-12-04,60.44499969482422,56.99983215332031
2019-12-05,60.3849983215332,56.94325637817383
2019-12-06,60.869998931884766,57.400604248046875
2019-12-09,60.94499969482422,57.47132873535156
2019-12-10,60.84000015258789,57.37232208251953
2019-12-11,60.994998931884766,57.51848220825195
2019-12-12,61.529998779296875,58.02299118041992
2019-12-13,61.584999084472656,58.074851989746094
2019-12-16,61.85499954223633,58.3294792175293
2019-12-17,62.130001068115234,58.58879470825195
2019-12-18,62.189998626708984,58.645381927490234
2019-12-19,62.3849983215332,58.82926559448242
2019-12-20,62.275001525878906,58.91913986206055
2019-12-23,62.130001068115234,58.78195571899414
2019-12-24,62.27000045776367,58.914398193359375
2019-12-26,63.029998779296875,59.63346481323242
2019-12-27,63.025001525878906,59.62872314453125
2019-12-30,62.619998931884766,59.245548248291016
2019-12-31,62.709999084472656,59.330692291259766
2020-01-02,63.45500183105469,60.035552978515625
2020-01-03,62.915000915527344,59.52465057373047
2020-01-06,63.09000015258789,59.69021987915039
2020-01-07,62.9900016784668,59.59561538696289
2020-01-08,63.18000030517578,59.7753791809082
2020-01-09,63.51499938964844,60.09232711791992
2020-01-10,63.16999816894531,59.76591873168945
2020-01-13,63.369998931884766,59.95513153076172
2020-01-14,63.349998474121094,59.93621063232422
2020-01-15,63.20500183105469,59.799034118652344
2020-01-16,63.77000045776367,60.333587646484375
2020-01-17,63.994998931884766,60.54645919799805
2020-01-21,63.79999923706055,60.361961364746094
2020-01-22,63.77000045776367,60.333587646484375
2020-01-23,63.8650016784668,60.423465728759766
2020-01-24,62.974998474121094,59.58141326904297
2020-01-27,62.03499984741211,58.692081451416016
2020-01-28,62.63999938964844,59.264469146728516
2020-01-29,62.60499954223633,59.23136901855469
2020-01-30,62.5,59.132015228271484
2020-01-31,62.65999984741211,59.28339385986328
2020-02-03,63.10499954223633,59.70440673828125
2020-02-04,64.25499725341797,60.79244613647461
2020-02-05,64.58000183105469,61.09992980957031
2020-02-06,64.43499755859375,60.96274948120117
2020-02-07,64.15499877929688,60.69783401489258
2020-02-10,64.87999725341797,61.383766174316406
2020-02-11,65.38999938964844,61.86627960205078
2020-02-12,66.05999755859375,62.50017166137695
2020-02-13,65.94499969482422,62.391380310058594
2020-02-14,65.84500122070312,62.29676818847656
2020-02-18,65.83999633789062,62.29202651977539
2020-02-19,66.13500213623047,62.571136474609375
2020-02-20,66.16000366210938,62.59479522705078
2020-02-21,65.1500015258789,61.639217376708984
2020-02-24,62.90999984741211,59.519920349121094
2020-02-25,61.22999954223633,57.93045425415039
2020-02-26,60.744998931884766,57.471588134765625
2020-02-27,58.290000915527344,55.14888381958008
2020-02-28,57.915000915527344,54.794090270996094
2020-03-02,59.904998779296875,56.67685317993164
2020-03-03,58.45500183105469,55.30499267578125
2020-03-04,60.474998474121094,57.21614074707031
2020-03-05,58.220001220703125,55.0826530456543
2020-03-06,57.32500076293945,54.235877990722656
2020-03-09,53.71500015258789,50.82042694091797
2020-03-10,56.685001373291016,53.630374908447266
2020-03-11,53.584999084472656,50.697425842285156
2020-03-12,48.16999816894531,45.57422637939453
2020-03-13,51.150001525878906,48.39364242553711
2020-03-16,44.66999816894531,42.26283645629883
2020-03-17,46.38999938964844,43.89013671875
2020-03-18,43.724998474121094,41.36875534057617
2020-03-19,45.25,42.81157684326172
2020-03-20,43.904998779296875,41.539058685302734
2020-03-23,43.76499938964844,41.607505798339844
2020-03-24,47.869998931884766,45.51015853881836
2020-03-25,48.709999084472656,46.308738708496094
2020-03-26,50.724998474121094,48.22440719604492
2020-03-27,49.025001525878906,46.60821533203125
2020-03-30,50.04999923706055,47.58267593383789
2020-03-31,49.040000915527344,46.622474670410156
2020-04-01,46.849998474121094,44.540443420410156
2020-04-02,47.025001525878906,44.70680618286133
2020-04-03,46.20500183105469,43.92723083496094
2020-04-06,50.04999923706055,47.58267593383789
2020-04-07,50.79499816894531,48.290950775146484
2020-04-08,52.39500045776367,49.81208038330078
2020-04-09,53.34000015258789,50.71049499511719
2020-04-13,53.32500076293945,50.696231842041016
2020-04-14,55.40999984741211,52.67844772338867
2020-04-15,54.19499969482422,51.523338317871094
2020-04-16,54.845001220703125,52.14130783081055
2020-04-17,56.46500015258789,53.68144226074219
2020-04-20,55.47999954223633,52.74498748779297
2020-04-21,54.040000915527344,51.3759880065918
2020-04-22,55.20500183105469,52.483558654785156
2020-04-23,55.189998626708984,52.46928787231445
2020-04-24,56.125,53.35820388793945
2020-04-27,57.17499923706055,54.35643005371094
2020-04-28,57.400001525878906,54.570350646972656
2020-04-29,58.665000915527344,55.77298355102539
2020-04-30,58.29999923706055,55.42597198486328
2020-05-01,56.119998931884766,53.35344314575195
2020-05-04,56.42499923706055,53.6434211730957
2020-05-05,56.630001068115234,53.83829879760742
2020-05-06,56.619998931884766,53.828792572021484
2020-05-07,57.5099983215332,54.674922943115234
2020-05-08,58.630001068115234,55.73970031738281
2020-05-11,58.5,55.616111755371094
2020-05-12,57.220001220703125,54.39921951293945
2020-05-13,56.23500061035156,53.462772369384766
2020-05-14,57.07500076293945,54.2613639831543
2020-05-15,57.7400016784668,54.89358901977539
2020-05-18,59.92499923706055,56.97087478637695
2020-05-19,59.709999084472656,56.76646423339844
2020-05-20,60.4900016784668,57.50802230834961
2020-05-21,60.70500183105469,57.712425231933594
2020-05-22,60.6150016784668,57.62685775756836
2020-05-26,61.57500076293945,58.53952407836914
2020-05-27,62.630001068115234,59.54252243041992
2020-05-28,61.869998931884766,58.819984436035156
2020-05-29,62.095001220703125,59.03390121459961
2020-06-01,62.685001373291016,59.59480667114258
2020-06-02,63.220001220703125,60.10343933105469
2020-06-03,64.41500091552734,61.239524841308594
2020-06-04,64.08999633789062,60.9305419921875
2020-06-05,65.625,62.389869689941406
2020-06-08,66.625,63.34058380126953
2020-06-09,66.1050033569336,62.84620666503906
2020-06-10,65.48500061035156,62.25678634643555
2020-06-11,62.05500030517578,58.995872497558594
2020-06-12,62.66999816894531,59.58054733276367
2020-06-15,63.26499938964844,60.14621353149414
2020-06-16,64.59500122070312,61.41064453125
2020-06-17,64.42500305175781,61.2490348815918
2020-06-18,64.19000244140625,61.025630950927734
2020-06-19,63.689998626708984,60.5502815246582
2020-06-22,64.19499969482422,61.17251968383789
2020-06-23,64.69999694824219,61.65373611450195
2020-06-24,63.275001525878906,60.295833587646484
2020-06-25,63.36000061035156,60.37682342529297
2020-06-26,61.875,58.961753845214844
2020-06-29,63.04999923706055,60.08142852783203
2020-06-30,63.85499954223633,60.84852981567383
2020-07-01,64.5,61.463157653808594
2020-07-02,64.75499725341797,61.70615768432617
2020-07-06,66.29000091552734,63.16889190673828
2020-07-07,65.25,62.177852630615234
2020-07-08,65.94499969482422,62.840126037597656
2020-07-09,65.87000274658203,62.7686653137207
2020-07-10,66.65499877929688,63.516700744628906
2020-07-13,65.80999755859375,62.711483001708984
2020-07-14,66.46499633789062,63.335636138916016
2020-07-15,67.41500091552734,64.24092102050781
2020-07-16,67.23500061035156,64.06939697265625
2020-07-17,66.91999816894531,63.76923751831055
2020-07-20,67.98999786376953,64.78883361816406
2020-07-21,68.09500122070312,64.8888931274414
2020-07-22,68.68000030517578,65.4463882446289
2020-07-23,67.6500015258789,64.46485900878906
2020-07-24,67.7699966430664,64.57919311523438
2020-07-27,68.19000244140625,64.97943115234375
2020-07-28,67.51499938964844,64.33622741699219
2020-07-29,68.19999694824219,64.98897552490234
2020-07-30,68.1449966430664,64.93653869628906
2020-07-31,68.5,65.27481842041016
2020-08-03,68.3550033569336,65.13666534423828
2020-08-04,68.90499877929688,65.66075134277344
2020-08-05,69.74500274658203,66.46119689941406
2020-08-06,70.08499908447266,66.78520965576172
2020-08-07,70.19000244140625,66.88526916503906
2020-08-10,71.02999877929688,67.68571472167969
2020-08-11,70.88999938964844,67.55232238769531
2020-08-12,71.83000183105469,68.44805145263672
2020-08-13,71.80000305175781,68.4194564819336
2020-08-14,71.79499816894531,68.41471099853516
2020-08-17,72.72000122070312,69.296142578125
2020-08-18,73.16999816894531,69.7249526977539
2020-08-19,72.82499694824219,69.39620971679688
2020-08-20,72.71499633789062,69.29137420654297
2020-08-21,73.08999633789062,69.64872741699219
2020-08-24,74.19999694824219,70.70645904541016
2020-08-25,74.44499969482422,70.93991088867188
2020-08-26,75.18000030517578,71.64032745361328
2020-08-27,74.7750015258789,71.25440216064453
2020-08-28,75.26499938964844,71.7213134765625
2020-08-31,75.04499816894531,71.51165771484375
2020-09-01,75.83000183105469,72.25973510742188
2020-09-02,76.87999725341797,73.2602767944336
2020-09-03,74.44000244140625,70.9351577758789
2020-09-04,73.58000183105469,70.11564636230469
2020-09-08,72.61499786376953,69.19609832763672
2020-09-09,73.98500061035156,70.5015640258789
2020-09-10,72.92500305175781,69.4914779663086
2020-09-11,73.03500366210938,69.59630584716797
2020-09-14,73.80999755859375,70.3348388671875
2020-09-15,74.41500091552734,70.91133880615234
2020-09-16,74.0,70.51586151123047
2020-09-17,72.95999908447266,69.52482604980469
2020-09-18,71.94499969482422,68.55760955810547
2020-09-21,70.75499725341797,67.56735229492188
2020-09-22,72.25,68.99500274658203
2020-09-23,71.06500244140625,67.86338806152344
2020-09-24,71.03500366210938,67.8347396850586
2020-09-25,71.95999908447266,68.71806335449219
2020-09-28,73.46499633789062,70.1552505493164
2020-09-29,72.8949966430664,69.61092376708984
2020-09-30,73.48999786376953,70.17913818359375
2020-10-01,74.44999694824219,71.09590911865234
2020-10-02,74.13500213623047,70.79508972167969
2020-10-05,75.11499786376953,71.73092651367188
2020-10-06,73.7249984741211,70.40354919433594
2020-10-07,75.41000366210938,72.01262664794922
2020-10-08,75.90499877929688,72.48533630371094
2020-10-09,76.69499969482422,73.23973846435547
2020-10-12,77.71499633789062,74.21379852294922
2020-10-13,77.69999694824219,74.19947814941406
2020-10-14,76.83999633789062,73.37821960449219
2020-10-15,77.125,73.65036010742188
2020-10-16,76.42500305175781,72.98190307617188
2020-10-19,75.48500061035156,72.08424377441406
2020-10-20,76.08999633789062,72.66199493408203
2020-10-21,75.67500305175781,72.26568603515625
2020-10-22,75.83000183105469,72.41370391845703
2020-10-23,76.49500274658203,73.04875946044922
2020-10-26,75.0250015258789,71.64498138427734
2020-10-27,74.98999786376953,71.61155700683594
2020-10-28,72.62000274658203,69.34831237792969
2020-10-29,73.08000183105469,69.78760528564453
2020-10-30,71.48500061035156,68.26445007324219
2020-11-02,71.99500274658203,68.7514877319336
2020-11-03,73.58000183105469,70.26508331298828
2020-11-04,75.1449966430664,71.75956726074219
2020-11-05,76.61000061035156,73.1585922241211
2020-11-06,76.37999725341797,72.9389419555664
2020-11-09,76.12999725341797,72.70020294189453
2020-11-10,75.86000061035156,72.4423599243164
2020-11-11,76.5250015258789,73.0774154663086
2020-11-12,75.5,72.09857940673828
2020-11-13,76.7249984741211,73.26840209960938
2020-11-16,77.7300033569336,74.22811889648438
2020-11-17,77.4000015258789,73.91299438476562
2020-11-18,76.87000274658203,73.40687561035156
2020-11-19,77.25,73.76973724365234
2020-11-20,76.84500122070312,73.38298797607422
2020-11-23,77.69000244140625,74.18993377685547
2020-11-24,78.84500122070312,75.29289245605469
2020-11-25,78.94000244140625,75.38360595703125
2020-11-27,79.11000061035156,75.5459213256836
2020-11-30,78.62999725341797,75.08757019042969
2020-12-01,79.21499633789062,75.64620208740234
2020-12-02,78.72000122070312,75.17351531982422
2020-12-03,78.94000244140625,75.38360595703125
2020-12-04,79.01499938964844,75.45523071289062
2020-12-07,78.83499908447266,75.2833251953125
2020-12-08,78.66999816894531,75.12576293945312
2020-12-09,78.59500122070312,75.05414581298828
2020-12-10,78.5250015258789,74.9873046875
2020-12-11,78.1500015258789,74.62918090820312
2020-12-14,78.26499938964844,74.73900604248047
2020-12-15,79.31999969482422,75.74646759033203
2020-12-16,79.83999633789062,76.24305725097656
2020-12-17,80.38500213623047,76.76350402832031
2020-12-18,79.99500274658203,76.39103698730469
2020-12-21,78.94499969482422,75.52810668945312
2020-12-22,78.6050033569336,75.20282745361328
2020-12-23,78.7750015258789,75.36546325683594
2020-12-24,78.94000244140625,75.52332305908203
2020-12-28,79.83999633789062,76.3843765258789
2020-12-29,79.86499786376953,76.40828704833984
2020-12-30,80.34500122070312,76.86750793457031
2020-12-31,80.38999938964844,76.91055297851562
2021-01-04,79.70999908447266,76.260009765625
2021-01-05,80.30500030517578,76.8292465209961
2021-01-06,81.125,77.61376190185547
2021-01-07,82.69000244140625,79.11102294921875
2021-01-08,84.3949966430664,80.74222564697266
2021-01-11,82.81999969482422,79.23538970947266
2021-01-12,84.08499908447266,80.44563293457031
2021-01-13,84.08000183105469,80.44085693359375
2021-01-14,83.54499816894531,79.92901611328125
2021-01-15,82.9000015258789,79.31192779541016
2021-01-19,83.37000274658203,79.7615966796875
2021-01-20,84.94499969482422,81.2684326171875
2021-01-21,85.33999633789062,81.64631652832031
2021-01-22,85.05000305175781,81.36888122558594
2021-01-25,85.36499786376953,81.67022705078125
2021-01-26,85.30999755859375,81.61759948730469
2021-01-27,82.68000030517578,79.10144805908203
2021-01-28,82.94000244140625,79.3501968383789
2021-01-29,81.00499725341797,77.49894714355469
2021-02-01,83.11000061035156,79.51283264160156
2021-02-02,84.875,81.20146942138672
2021-02-03,84.4000015258789,80.74700164794922
2021-02-04,85.30000305175781,81.60806274414062
2021-02-05,86.11499786376953,82.38777923583984
2021-02-08,86.6050033569336,82.85655975341797
2021-02-09,86.125,82.39735412597656
2021-02-10,85.2750015258789,81.58414459228516
2021-02-11,85.04000091552734,81.35931396484375
2021-02-12,85.16000366210938,81.47412109375
2021-02-16,84.79000091552734,81.12013244628906
2021-02-17,85.27999877929688,81.58891296386719
2021-02-18,85.30500030517578,81.61283874511719
2021-02-19,84.80999755859375,81.1392593383789
2021-02-22,83.0199966430664,79.4267349243164
2021-02-23,82.4749984741211,78.90532684326172
2021-02-24,83.33999633789062,79.7328872680664
2021-02-25,80.23999786376953,76.7670669555664
2021-02-26,80.57499694824219,77.08755493164062
2021-03-01,82.46499633789062,78.8957290649414
2021-03-02,81.51499938964844,77.98686981201172
2021-03-03,79.5999984741211,76.15476989746094
2021-03-04,77.91500091552734,74.54268646240234
2021-03-05,78.41000366210938,75.01626586914062
2021-03-08,78.50499725341797,75.10716247558594
2021-03-09,81.47000122070312,77.94384002685547
2021-03-10,81.88500213623047,78.34088897705078
2021-03-11,83.13999938964844,79.54154968261719
2021-03-12,83.38500213623047,79.77594757080078
2021-03-15,84.50499725341797,80.84747314453125
2021-03-16,83.62999725341797,80.01034545898438
2021-03-17,84.80500030517578,81.13446807861328
2021-03-18,82.7300033569336,79.14928436279297
2021-03-19,83.2249984741211,79.62286376953125
2021-03-22,83.63999938964844,80.14702606201172
2021-03-23,82.8550033569336,79.39481353759766
2021-03-24,81.62999725341797,78.22096252441406
2021-03-25,82.34500122070312,78.90609741210938
2021-03-26,83.02999877929688,79.56249237060547
2021-03-29,82.57499694824219,79.12649536132812
2021-03-30,83.38500213623047,79.90267944335938
2021-03-31,84.03500366210938,80.5255126953125
2021-04-01,84.70999908447266,81.17233276367188
2021-04-05,86.63500213623047,83.01695251464844
2021-04-06,87.01000213623047,83.37630462646484
2021-04-07,86.75,83.12715148925781
2021-04-08,87.16000366210938,83.5200424194336
2021-04-09,87.98999786376953,84.31534576416016
2021-04-12,88.55500030517578,84.85676574707031
2021-04-13,89.48999786376953,85.7527084350586
2021-04-14,88.61000061035156,84.90946960449219
2021-04-15,89.24500274658203,85.51793670654297
2021-04-16,89.93499755859375,86.17911529541016
2021-04-19,88.92500305175781,85.21131134033203
2021-04-20,87.80500030517578,84.1380615234375
2021-04-21,88.9749984741211,85.25921630859375
2021-04-22,87.98999786376953,84.31534576416016
2021-04-23,88.91000366210938,85.19692993164062
2021-04-26,89.30000305175781,85.57064819335938
2021-04-27,89.19499969482422,85.47003173828125
2021-04-28,89.08999633789062,85.36941528320312
2021-04-29,89.11499786376953,85.39336395263672
2021-04-30,89.45999908447266,85.72396850585938
2021-05-03,89.03500366210938,85.31671142578125
2021-05-04,88.1050033569336,84.4255599975586
2021-05-05,87.83000183105469,84.16204071044922
2021-05-06,88.0199966430664,84.3440933227539
2021-05-07,88.80999755859375,85.10111236572266
2021-05-10,87.2300033569336,83.58708953857422
2021-05-11,86.24500274658203,82.64322662353516
2021-05-12,83.32499694824219,79.84517669677734
2021-05-13,83.91500091552734,80.41053771972656
2021-05-14,85.37000274658203,81.8047866821289
2021-05-17,85.21499633789062,81.65625
2021-05-18,84.55000305175781,81.0190200805664
2021-05-19,83.83999633789062,80.33866882324219
2021-05-20,84.69999694824219,81.16275787353516
2021-05-21,84.2750015258789,80.75550842285156
2021-05-24,85.11000061035156,81.55564880371094
2021-05-25,85.37999725341797,81.8143539428711
2021-05-26,86.19499969482422,82.5953140258789
2021-05-27,86.54000091552734,82.92589569091797
2021-05-28,86.41999816894531,82.81092071533203
2021-06-01,86.25499725341797,82.65279388427734
2021-06-02,85.8550033569336,82.26953125
2021-06-03,84.83499908447266,81.29212188720703
2021-06-04,85.51499938964844,81.94369506835938
2021-06-07,85.51499938964844,81.94369506835938
2021-06-08,86.20500183105469,82.60489654541016
2021-06-09,85.7300033569336,82.14974975585938
2021-06-10,86.13500213623047,82.53782653808594
2021-06-11,86.6050033569336,82.98818969726562
2021-06-14,86.62999725341797,83.01214599609375
2021-06-15,86.16999816894531,82.57136535644531
2021-06-16,86.20999908447266,82.60968780517578
2021-06-17,86.53500366210938,82.9211196899414
2021-06-18,86.08000183105469,82.4851303100586
2021-06-21,86.61499786376953,83.12089538574219
2021-06-22,87.43000030517578,83.90300750732422
2021-06-23,88.1050033569336,84.55079650878906
2021-06-24,88.40499877929688,84.83869171142578
2021-06-25,88.96499633789062,85.3760986328125
2021-06-28,88.98500061035156,85.39530181884766
2021-06-29,89.20500183105469,85.60640716552734
2021-06-30,89.2750015258789,85.67357635498047
2021-07-01,89.77999877929688,86.15821075439453
2021-07-02,90.56999969482422,86.91637420654297
2021-07-06,90.67500305175781,87.01712036132812
2021-07-07,90.625,86.96913146972656
2021-07-08,90.4000015258789,86.7531967163086
2021-07-09,91.24500274658203,87.56413269042969
2021-07-12,91.87000274658203,88.1639175415039
2021-07-13,90.7699966430664,87.10828399658203
2021-07-14,90.6050033569336,86.94994354248047
2021-07-15,90.11499786376953,86.47968292236328
2021-07-16,89.00499725341797,85.41447448730469
2021-07-19,87.98500061035156,84.43563842773438
2021-07-20,89.61000061035156,85.99506378173828
2021-07-21,90.43499755859375,86.78678894042969
2021-07-22,90.82499694824219,87.16104125976562
2021-07-23,91.63500213623047,87.93840026855469
2021-07-26,92.31500244140625,88.59095764160156
2021-07-27,91.37999725341797,87.69365692138672
2021-07-28,91.08499908447266,87.41056823730469
2021-07-29,92.11000061035156,88.39423370361328
2021-07-30,90.21499633789062,86.5756607055664
2021-08-02,90.4749984741211,86.8251724243164
2021-08-03,91.1449966430664,87.46814727783203
2021-08-04,90.26000213623047,86.61885833740234
2021-08-05,91.125,87.44896697998047
2021-08-06,90.50499725341797,86.85398864746094
2021-08-09,90.37999725341797,86.7340087890625
2021-08-10,90.73500061035156,87.07470703125
2021-08-11,91.0,87.32901763916016
2021-08-12,91.04000091552734,87.36739349365234
2021-08-13,90.77999877929688,87.11787414550781
2021-08-16,90.36000061035156,86.71484375
2021-08-17,88.21499633789062,84.65634155273438
2021-08-18,88.52999877929688,84.9586410522461
2021-08-19,87.96499633789062,84.41643524169922
2021-08-20,88.80999755859375,85.22734832763672
2021-08-23,89.95500183105469,86.32616424560547
2021-08-24,90.58999633789062,86.93551635742188
2021-08-25,90.94000244140625,87.27142333984375
2021-08-26,90.0999984741211,86.46529388427734
2021-08-27,90.91999816894531,87.25224304199219
2021-08-30,91.6050033569336,87.90960693359375
2021-08-31,91.82499694824219,88.1207275390625
2021-09-01,91.81999969482422,88.11591339111328
2021-09-02,91.81500244140625,88.11112976074219
2021-09-03,91.76000213623047,88.05834197998047
2021-09-07,92.02999877929688,88.31745910644531
2021-09-08,92.13500213623047,88.41822052001953
2021-09-09,92.01499938964844,88.30307006835938
2021-09-10,91.44999694824219,87.7608413696289
2021-09-13,91.67500305175781,87.97677612304688
2021-09-14,91.37000274658203,87.68408203125
2021-09-15,91.95999908447266,88.25027465820312
2021-09-16,92.37999725341797,88.65332794189453
2021-09-17,92.05500030517578,88.3414535522461
2021-09-20,89.81999969482422,86.32554626464844
2021-09-21,89.95500183105469,86.45531463623047
2021-09-22,91.18000030517578,87.63264465332031
2021-09-23,92.1050033569336,88.52165222167969
2021-09-24,92.44999694824219,88.85322570800781
2021-09-27,92.94499969482422,89.32896423339844
2021-09-28,91.15499877929688,87.60860443115234
2021-09-29,91.24500274658203,87.69512176513672
2021-09-30,89.7249984741211,86.23423767089844
2021-10-01,90.4000015258789,86.88298034667969
2021-10-04,89.68499755859375,86.19579315185547
2021-10-05,90.04499816894531,86.54180145263672
2021-10-06,90.33000183105469,86.81571197509766
2021-10-07,91.73500061035156,88.16605377197266
2021-10-08,91.31500244140625,87.76236724853516
2021-10-11,90.94499969482422,87.40677642822266
2021-10-12,91.66500091552734,88.09877014160156
2021-10-13,92.11499786376953,88.53125762939453
2021-10-14,93.08000183105469,89.45870971679688
2021-10-15,94.50499725341797,90.82828521728516
2021-10-18,95.66000366210938,91.9383544921875
2021-10-19,95.38999938964844,91.6788330078125
2021-10-20,95.31999969482422,91.611572265625
2021-10-21,96.72000122070312,92.95711517333984
2021-10-22,96.375,92.62551879882812
2021-10-25,98.76499938964844,94.92254638671875
2021-10-26,98.77999877929688,94.93696594238281
2021-10-27,99.0,95.14839172363281
2021-10-28,100.31500244140625,96.41223907470703
2021-10-29,100.57499694824219,96.66212463378906
2021-11-01,102.41999816894531,98.43535614013672
2021-11-02,101.7300033569336,97.77218627929688
2021-11-03,103.55999755859375,99.53099060058594
2021-11-04,104.95500183105469,100.87174224853516
2021-11-05,105.62999725341797,101.52043914794922
2021-11-08,104.13500213623047,100.08360290527344
2021-11-09,102.20999908447266,98.23353576660156
2021-11-10,101.83000183105469,97.86830139160156
2021-11-11,101.55500030517578,97.60400390625
2021-11-12,101.8949966430664,97.93077850341797
2021-11-15,101.80999755859375,97.84906005859375
2021-11-16,103.41500091552734,99.39164733886719
2021-11-17,104.07499694824219,100.02596282958984
2021-11-18,105.25499725341797,101.16004180908203
2021-11-19,105.70999908447266,101.59735107421875
2021-11-22,105.44499969482422,101.3426513671875
2021-11-23,104.68000030517578,100.60741424560547
2021-11-24,104.8949966430664,100.81404876708984
2021-11-26,102.03500366210938,98.0653305053711
2021-11-29,103.62000274658203,99.58866882324219
2021-11-30,102.22000122070312,98.24312591552734
2021-12-01,100.375,96.46990966796875
2021-12-02,101.80500030517578,97.84428405761719
2021-12-03,99.82499694824219,95.94129943847656
2021-12-06,100.96499633789062,97.03693389892578
2021-12-07,103.31999969482422,99.30033874511719
2021-12-08,103.58000183105469,99.55020141601562
2021-12-09,101.78500366210938,97.82503509521484
2021-12-10,102.49500274658203,98.50743865966797
2021-12-13,99.8550033569336,95.97013854980469
2021-12-14,99.2750015258789,95.4126968383789
2021-12-15,100.53500366210938,96.6236801147461
2021-12-16,98.31500244140625,94.49005126953125
2021-12-17,97.6449966430664,93.84611511230469
2021-12-20,95.92500305175781,92.33111572265625
2021-12-21,98.41000366210938,94.72296905517578
2021-12-22,100.20500183105469,96.45075225830078
2021-12-23,101.59500122070312,97.78865814208984
2021-12-27,102.58499908447266,98.74158477783203
2021-12-28,102.62999725341797,98.78487396240234
2021-12-29,102.83499908447266,98.98220825195312
2021-12-30,102.46499633789062,98.62605285644531
2021-12-31,102.22000122070312,98.39022827148438
2022-01-03,105.15499877929688,101.21527099609375
2022-01-04,104.51499938964844,100.59925842285156
2022-01-05,101.69499969482422,97.88490295410156
2022-01-06,101.43000030517578,97.62984466552734
2022-01-07,99.73999786376953,96.00315856933594
2022-01-10,99.12999725341797,95.41600799560547
2022-01-11,100.08499908447266,96.33522033691406
2022-01-12,100.74500274658203,96.97052001953125
2022-01-13,98.72000122070312,95.02137756347656
2022-01-14,98.26000213623047,94.57862091064453
2022-01-18,96.4000015258789,92.78828430175781
2022-01-19,94.66000366210938,91.11347961425781
2022-01-20,92.93499755859375,89.45311737060547
2022-01-21,90.20999908447266,86.83019256591797
2022-01-24,91.29499816894531,87.87457275390625
2022-01-25,89.75,86.38743591308594
2022-01-26,89.31500244140625,85.96874237060547
2022-01-27,87.1500015258789,83.88485717773438
2022-01-28,89.05000305175781,85.71366119384766
2022-01-31,92.4749984741211,89.01034545898438
2022-02-01,93.03500366210938,89.54936981201172
2022-02-02,92.4800033569336,89.01516723632812
2022-02-03,89.6500015258789,86.29117584228516
2022-02-04,92.19999694824219,88.74565124511719
2022-02-07,92.01000213623047,88.56278991699219
2022-02-08,93.30500030517578,89.8092269897461
2022-02-09,94.54000091552734,90.99798583984375
2022-02-10,92.91000366210938,89.42904663085938
2022-02-11,90.23999786376953,86.85908508300781
2022-02-14,90.75499725341797,87.35478210449219
2022-02-15,92.78500366210938,89.30873107910156
2022-02-16,93.05000305175781,89.56379699707031
2022-02-17,90.55999755859375,87.1670913696289
2022-02-18,90.0,86.62805938720703
2022-02-22,87.375,84.10140991210938
2022-02-23,84.45500183105469,81.29082489013672
2022-02-24,86.38500213623047,83.1485366821289
2022-02-25,88.09500122070312,84.79444885253906
2022-02-28,88.71499633789062,85.39120483398438
2022-03-01,87.37000274658203,84.09661865234375
2022-03-02,89.20500183105469,85.86286163330078
2022-03-03,87.18499755859375,83.91854095458984
2022-03-04,85.80000305175781,82.5854263305664
2022-03-07,81.59500122070312,78.53797912597656
2022-03-08,81.76499938964844,78.70162200927734
2022-03-09,84.3949966430664,81.23306274414062
2022-03-10,84.99500274658203,81.81058502197266
2022-03-11,83.36000061035156,80.2368392944336
2022-03-14,81.97000122070312,78.89892578125
2022-03-15,84.71499633789062,81.54107666015625
2022-03-16,87.6050033569336,84.32279968261719
2022-03-17,89.06500244140625,85.72810363769531
2022-03-18,90.94000244140625,87.53284454345703
2022-03-21,90.04000091552734,86.79972076416016
2022-03-22,92.2750015258789,88.95429992675781
2022-03-23,91.12999725341797,87.85050964355469
2022-03-24,91.83999633789062,88.53494262695312
2022-03-25,91.68000030517578,88.38070678710938
2022-03-28,94.125,90.73770904541016
2022-03-29,95.76499938964844,92.3187026977539
2022-03-30,94.30999755859375,90.91604614257812
2022-03-31,92.5,89.17118835449219
2022-04-01,92.61499786376953,89.28205108642578
2022-04-04,94.69499969482422,91.28721618652344
2022-04-05,92.4749984741211,89.14710998535156
2022-04-06,90.11499786376953,86.87200927734375
2022-04-07,90.57499694824219,87.31546783447266
2022-04-08,89.73999786376953,86.51050567626953
2022-04-11,88.07499694824219,84.90544128417969
2022-04-12,88.2699966430664,85.0934066772461
2022-04-13,90.46499633789062,87.20941925048828
2022-04-14,89.19999694824219,85.98995208740234
2022-04-18,89.47000122070312,86.250244140625
2022-04-19,92.06500244140625,88.7518539428711
2022-04-20,90.87999725341797,87.60948944091797
2022-04-21,90.0,86.76114654541016
2022-04-22,87.91000366210938,84.74639129638672
2022-04-25,88.54499816894531,85.35853576660156
2022-04-26,84.06500244140625,81.03974151611328
2022-04-27,84.07499694824219,81.04939270019531
2022-04-28,85.80000305175781,82.71231079101562
2022-04-29,81.44000244140625,78.50922393798828
2022-05-02,82.62999725341797,79.65637969970703
2022-05-03,82.42500305175781,79.45877075195312
2022-05-04,84.84500122070312,81.79168701171875
2022-05-05,80.08999633789062,77.20779418945312
2022-05-06,79.07499694824219,76.22932434082031
2022-05-09,75.70500183105469,72.9805908203125
2022-05-10,75.4800033569336,72.76371002197266
2022-05-11,72.7750015258789,70.15605163574219
2022-05-12,73.2750015258789,70.6380615234375
2022-05-13,76.16000366210938,73.41925048828125
2022-05-16,74.51499938964844,71.83345031738281
2022-05-17,76.3949966430664,73.6457748413086
2022-05-18,71.4000015258789,68.83052825927734
2022-05-19,71.44999694824219,68.87873077392578
2022-05-20,70.20500183105469,67.67853546142578
2022-05-23,70.7300033569336,68.18463134765625
2022-05-24,68.91000366210938,66.43012237548828
2022-05-25,70.8550033569336,68.30514526367188
2022-05-26,74.33000183105469,71.65509033203125
2022-05-27,76.87999725341797,74.11331939697266
2022-05-31,77.2699966430664,74.48928833007812
2022-06-01,76.46499633789062,73.71324920654297
2022-06-02,78.80500030517578,75.96903228759766
2022-06-03,76.5,73.74699401855469
2022-06-06,77.26499938964844,74.48445892333984
2022-06-07,77.07499694824219,74.30130004882812
2022-06-08,76.62000274658203,73.86267852783203
2022-06-09,75.23500061035156,72.52749633789062
2022-06-10,72.23500061035156,69.6354751586914
2022-06-13,68.9000015258789,66.42048645019531
2022-06-14,68.84500122070312,66.36747741699219
2022-06-15,70.77999877929688,68.23282623291016
2022-06-16,67.31500244140625,64.89253234863281
2022-06-17,68.05000305175781,65.6010971069336
2022-06-21,69.83499908447266,67.4775161743164
2022-06-22,69.69999694824219,67.34707641601562
2022-06-23,70.79499816894531,68.40511322021484
2022-06-24,73.49500274658203,71.01395416259766
2022-06-27,72.7249984741211,70.26996612548828
2022-06-28,69.81999969482422,67.4630355834961
2022-06-29,69.76499938964844,67.40988159179688
2022-06-30,68.73999786376953,66.41947937011719
2022-07-01,70.00499725341797,67.64177703857422
2022-07-05,71.56999969482422,69.1539535522461
2022-07-06,71.33499908447266,68.9269027709961
2022-07-07,73.17500305175781,70.70478057861328
2022-07-08,73.18499755859375,70.71443176269531
2022-07-11,71.18000030517578,68.77713012695312
2022-07-12,70.75,68.36164093017578
2022-07-13,71.33000183105469,68.92206573486328
2022-07-14,71.2699966430664,68.86407470703125
2022-07-15,72.41999816894531,69.97525787353516
2022-07-18,72.62999725341797,70.17817687988281
2022-07-19,74.8550033569336,72.32805633544922
2022-07-20,76.08499908447266,73.51652526855469
2022-07-21,77.82499694824219,75.19779205322266
2022-07-22,77.375,74.76299285888672
2022-07-25,76.70999908447266,74.12043762207031
2022-07-26,74.23999786376953,71.73381042480469
2022-07-27,77.05000305175781,74.4489517211914
2022-07-28,78.375,75.7292251586914
2022-07-29,81.41500091552734,78.6666259765625
2022-08-01,81.81999969482422,79.05792999267578
2022-08-02,81.26000213623047,78.51683807373047
2022-08-03,83.23999786376953,80.43000030517578
2022-08-04,83.58000183105469,80.75853729248047
2022-08-05,82.15499877929688,79.38162994384766
2022-08-08,82.5250015258789,79.73914337158203
2022-08-09,81.20999908447266,78.46851348876953
2022-08-10,83.5,80.68122863769531
2022-08-11,83.07499694824219,80.27057647705078
2022-08-12,84.95500183105469,82.08710479736328
2022-08-15,85.54000091552734,82.65235900878906
2022-08-16,86.48500061035156,83.56544494628906
2022-08-17,85.55500030517578,82.66685485839844
2022-08-18,85.52999877929688,82.64268493652344
2022-08-19,83.76499938964844,80.9372787475586
2022-08-22,81.44000244140625,78.69076538085938
2022-08-23,81.66999816894531,78.9129867553711
2022-08-24,82.0199966430664,79.25117492675781
2022-08-25,83.0,80.19810485839844
2022-08-26,79.83999633789062,77.14478302001953
2022-08-29,79.41500091552734,76.73412322998047
2022-08-30,78.52999877929688,75.87899017333984
2022-08-31,77.75499725341797,75.1301498413086
2022-09-01,78.46499633789062,75.81619262695312
2022-09-02,77.74500274658203,75.12049865722656
2022-09-06,77.58499908447266,74.96590423583984
2022-09-07,79.96499633789062,77.26554870605469
2022-09-08,80.70999908447266,77.98539733886719
2022-09-09,82.23999786376953,79.46375274658203
2022-09-12,83.30000305175781,80.48799133300781
2022-09-13,79.00499725341797,76.33796691894531
2022-09-14,80.0199966430664,77.31868743896484
2022-09-15,79.61000061035156,76.92254638671875
2022-09-16,78.97000122070312,76.30415344238281
2022-09-19,79.91999816894531,77.38375854492188
2022-09-20,78.56500244140625,76.07177734375
2022-09-21,76.70500183105469,74.27078247070312
2022-09-22,74.93499755859375,72.55695343017578
2022-09-23,73.20999908447266,70.88670349121094
2022-09-26,73.04499816894531,70.7269287109375
2022-09-27,73.2750015258789,70.94964599609375
2022-09-28,75.25499725341797,72.86681365966797
2022-09-29,72.65499877929688,70.34930419921875
2022-09-30,71.2249984741211,68.96468353271484
2022-10-03,71.29499816894531,69.032470703125
2022-10-04,73.78500366210938,71.44346618652344
2022-10-05,73.3499984741211,71.02224731445312
2022-10-06,72.83000183105469,70.51876068115234
2022-10-07,70.32499694824219,68.09326171875
2022-10-10,69.88999938964844,67.67205810546875
2022-10-11,69.31999969482422,67.1201400756836
2022-10-12,69.5,67.29444122314453
2022-10-13,70.26000213623047,68.03031921386719
2022-10-14,67.63500213623047,65.48861694335938
2022-10-17,70.37999725341797,68.14649963378906
2022-10-18,71.3499984741211,69.08572387695312
2022-10-19,70.55000305175781,68.31111145019531
2022-10-20,69.18499755859375,66.98941802978516
2022-10-21,71.19999694824219,68.94048309326172
2022-10-24,71.49500274658203,69.22613525390625
2022-10-25,73.28500366210938,70.95933532714844
2022-10-26,72.69499969482422,70.3880386352539
2022-10-27,72.41500091552734,70.11693572998047
2022-10-28,72.4800033569336,70.17987060546875
2022-10-31,72.01499938964844,69.72962188720703
2022-11-01,71.28500366210938,69.02279663085938
2022-11-02,68.58999633789062,66.41331481933594
2022-11-03,68.18000030517578,66.01634216308594
2022-11-04,68.75,66.5682373046875
2022-11-07,68.2699966430664,66.10346221923828
2022-11-08,68.0999984741211,65.93885803222656
2022-11-09,66.0199966430664,63.92487335205078
2022-11-10,70.84500122070312,68.59675598144531
2022-11-11,72.54499816894531,70.2427978515625
2022-11-14,71.3949966430664,69.1292953491211
2022-11-15,72.37000274658203,70.07334899902344
2022-11-16,71.26499938964844,69.0034408569336
2022-11-17,70.4000015258789,68.16588592529297
2022-11-18,70.49500274658203,68.25785827636719
2022-11-21,69.4749984741211,67.27022552490234
2022-11-22,70.26000213623047,68.03031921386719
2022-11-23,71.2750015258789,69.01309204101562
2022-11-25,71.31500244140625,69.05184936523438
2022-11-28,70.875,68.62580108642578
2022-11-29,70.6500015258789,68.4079360961914
2022-11-30,73.08499908447266,70.76566314697266
2022-12-01,73.07499694824219,70.75597381591797
2022-12-02,72.9800033569336,70.66400909423828
2022-12-05,70.875,68.62580108642578
2022-12-06,69.7699966430664,67.55587005615234
2022-12-07,69.3499984741211,67.14918518066406
2022-12-08,70.0199966430664,67.79794311523438
2022-12-09,69.71499633789062,67.50260925292969
2022-12-12,69.88999938964844,67.67205810546875
2022-12-13,69.88999938964844,67.67205810546875
2022-12-14,69.37000274658203,67.16856384277344
2022-12-15,68.2300033569336,66.06475067138672
2022-12-16,66.95500183105469,64.8302001953125
2022-12-19,65.69999694824219,63.78935623168945
2022-12-20,64.93499755859375,63.0466194152832
2022-12-21,65.97000122070312,64.05152893066406
2022-12-22,64.2750015258789,62.40582275390625
2022-12-23,64.71499633789062,62.833011627197266
2022-12-27,63.665000915527344,61.81355285644531
2022-12-28,63.130001068115234,61.29411315917969
2022-12-29,64.75499725341797,62.871849060058594
2022-12-30,64.58000183105469,62.701942443847656
2023-01-03,64.19499969482422,62.32813262939453
2023-01-04,65.125,63.231101989746094
2023-01-05,64.5199966430664,62.64369201660156
2023-01-06,66.03500366210938,64.11463165283203
2023-01-09,66.43499755859375,64.50299835205078
2023-01-10,67.2699966430664,65.31371307373047
2023-01-11,69.08499908447266,67.075927734375
2023-01-12,69.19999694824219,67.18758392333984
2023-01-13,69.8499984741211,67.81869506835938
2023-01-17,69.9000015258789,67.86723327636719
2023-01-18,68.98999786376953,66.98370361328125
2023-01-19,67.84500122070312,65.87200164794922
2023-01-20,69.48999786376953,67.46914672851562
2023-01-23,70.57499694824219,68.52259063720703
2023-01-24,70.49500274658203,68.44493103027344
2023-01-25,70.8550033569336,68.79446411132812
2023-01-26,72.30500030517578,70.20230102539062
2023-01-27,73.94499969482422,71.79459381103516
2023-01-30,72.68499755859375,70.57123565673828
2023-01-31,74.3499984741211,72.18783569335938
2023-02-01,75.76000213623047,73.55682373046875
2023-02-02,78.08000183105469,75.80935668945312
2023-02-03,75.67500305175781,73.47429656982422
2023-02-06,75.56500244140625,73.36750030517578
2023-02-07,75.73999786376953,73.53739166259766
2023-02-08,75.09500122070312,72.91116333007812
2023-02-09,74.95500183105469,72.77523040771484
2023-02-10,74.07499694824219,71.92081451416016
2023-02-13,75.16000366210938,72.9742660522461
2023-02-14,76.05999755859375,73.84809112548828
2023-02-15,76.94999694824219,74.71221160888672
2023-02-16,75.2699966430664,73.0810775756836
2023-02-17,75.28500366210938,73.09563446044922
2023-02-21,72.7699966430664,70.65377044677734
2023-02-22,73.13999938964844,71.01300811767578
2023-02-23,73.08000183105469,70.95475769042969
2023-02-24,71.93000030517578,69.83820343017578
2023-02-27,72.81999969482422,70.70233154296875
2023-02-28,72.7699966430664,70.65377044677734
2023-03-01,71.8550033569336,69.765380859375
2023-03-02,71.61499786376953,69.53236389160156
2023-03-03,73.15499877929688,71.02758026123047
2023-03-06,72.62000274658203,70.50813293457031
2023-03-07,71.62999725341797,69.54692840576172
2023-03-08,71.5,69.42070770263672
2023-03-09,69.79499816894531,67.7652816772461
2023-03-10,69.0999984741211,67.09049224853516
2023-03-13,69.24500274658203,67.23126983642578
2023-03-14,70.41999816894531,68.37210845947266
2023-03-15,70.31500244140625,68.27017211914062
2023-03-16,71.58499908447266,69.50321960449219
2023-03-17,70.66999816894531,68.6148452758789
2023-03-20,70.76000213623047,68.91187286376953
2023-03-21,72.71499633789062,70.81581115722656
2023-03-22,71.09500122070312,69.23812866210938
2023-03-23,71.0199966430664,69.16507720947266
2023-03-24,70.79000091552734,68.94108581542969
2023-03-27,70.93499755859375,69.0822982788086
2023-03-28,70.8499984741211,68.99951934814453
2023-03-29,72.19499969482422,70.30939483642578
2023-03-30,72.82499694824219,70.92292785644531
2023-03-31,74.7699966430664,72.817138671875
2023-04-03,74.08499908447266,72.15003204345703
2023-04-04,73.96499633789062,72.03315734863281
2023-04-05,72.44999694824219,70.55773162841797
2023-04-06,72.46499633789062,70.57234191894531
2023-04-10,72.78500366210938,70.88397979736328
2023-04-11,72.9000015258789,70.99598693847656
2023-04-12,71.7699966430664,69.8954849243164
2023-04-13,73.3550033569336,71.43910217285156
2023-04-14,73.44999694824219,71.5316162109375
2023-04-17,73.97000122070312,72.03805541992188
2023-04-18,74.08999633789062,72.1549072265625
2023-04-19,74.0199966430664,72.08673095703125
2023-04-20,72.87999725341797,70.97650146484375
2023-04-21,73.68499755859375,71.76049041748047
2023-04-24,73.67500305175781,71.750732421875
2023-04-25,72.21499633789062,70.328857421875
2023-04-26,71.84500122070312,69.96854400634766
2023-04-27,73.73999786376953,71.81403350830078
2023-04-28,73.93000030517578,71.99906921386719
2023-05-01,73.19999694824219,71.28813934326172
2023-05-02,73.2750015258789,71.36119079589844
2023-05-03,72.69499969482422,70.79634857177734
2023-05-04,72.13500213623047,70.25096130371094
2023-05-05,73.59500122070312,71.67283630371094
2023-05-08,73.84500122070312,71.91631317138672
2023-05-09,73.82499694824219,71.89680480957031
2023-05-10,74.19999694824219,72.26203155517578
2023-05-11,74.54499816894531,72.59800720214844
2023-05-12,73.91500091552734,71.98445892333984
2023-05-15,74.01000213623047,72.07698822021484
2023-05-16,73.70999908447266,71.78482055664062
2023-05-17,75.24500274658203,73.27973175048828
2023-05-18,76.41500091552734,74.4191665649414
2023-05-19,75.7750015258789,73.7958984375
2023-05-22,75.54000091552734,73.56702423095703
2023-05-23,74.8499984741211,72.89505004882812
2023-05-24,74.57499694824219,72.62722778320312
2023-05-25,74.23999786376953,72.30097198486328
2023-05-26,75.98500061035156,74.00039672851562
2023-05-30,76.49500274658203,74.49708557128906
2023-05-31,75.80500030517578,73.8250961303711
2023-06-01,76.69999694824219,74.69672393798828
2023-06-02,78.5,76.4497299194336
2023-06-05,78.73500061035156,76.67858123779297
2023-06-06,79.55500030517578,77.47715759277344
2023-06-07,79.01499938964844,76.9512710571289
2023-06-08,80.18499755859375,78.0906982421875
2023-06-09,80.5999984741211,78.494873046875
2023-06-12,81.98500061035156,79.84369659423828
2023-06-13,82.83499908447266,80.67149353027344
2023-06-14,82.7750015258789,80.61307525634766
2023-06-15,83.31500244140625,81.13896942138672
2023-06-16,83.19000244140625,81.01722717285156
2023-06-20,83.6449966430664,81.62419891357422
2023-06-21,82.63999938964844,80.64347839355469
2023-06-22,83.69499969482422,81.67296600341797
2023-06-23,82.7249984741211,80.72643280029297
2023-06-26,81.66500091552734,79.69203186035156
2023-06-27,83.41999816894531,81.40461730957031
2023-06-28,83.75,81.7266616821289
2023-06-29,83.83999633789062,81.81448364257812
2023-06-30,84.90499877929688,82.85374450683594
2023-07-03,85.93000030517578,83.85399627685547
2023-07-05,85.96499633789062,83.88814544677734
2023-07-06,84.58000183105469,82.53661346435547
2023-07-07,84.68499755859375,82.63907623291016
2023-07-10,84.94499969482422,82.89279174804688
2023-07-11,85.65499877929688,83.58563232421875
2023-07-12,86.42500305175781,84.3370361328125
2023-07-13,87.23500061035156,85.1274642944336
2023-07-14,87.45999908447266,85.34703826904297
2023-07-17,87.81500244140625,85.6934585571289
2023-07-18,88.17500305175781,86.04476165771484
2023-07-19,88.48500061035156,86.3472671508789
2023-07-20,85.47000122070312,83.40512084960938
2023-07-21,85.48999786376953,83.42462158203125
2023-07-24,86.05000305175781,83.97110748291016
2023-07-25,85.8499984741211,83.77591705322266
2023-07-26,85.83000183105469,83.75640106201172
2023-07-27,84.94000244140625,82.88790893554688
2023-07-28,86.37999725341797,84.29312133789062
2023-07-31,86.87000274658203,84.77128601074219
2023-08-01,85.88500213623047,83.81008911132812
2023-08-02,84.34500122070312,82.30728149414062
2023-08-03,84.54499816894531,82.50244903564453
2023-08-04,85.7750015258789,83.70274353027344
2023-08-07,86.65499877929688,84.56147003173828
2023-08-08,85.96499633789062,83.88814544677734
2023-08-09,84.94499969482422,82.89279174804688
2023-08-10,85.1500015258789,83.09283447265625
2023-08-11,84.86000061035156,82.80984497070312
2023-08-14,85.12000274658203,83.0635757446289
2023-08-15,83.95999908447266,81.93159484863281
2023-08-16,82.91999816894531,80.91671752929688
2023-08-17,81.51499938964844,79.54566192626953
2023-08-18,81.33000183105469,79.36511993408203
2023-08-21,82.26499938964844,80.27751922607422
2023-08-22,82.38500213623047,80.39463806152344
2023-08-23,83.04499816894531,81.0386962890625
2023-08-24,81.41999816894531,79.45294952392578
2023-08-25,82.33000183105469,80.3409652709961
2023-08-28,82.66000366210938,80.6629867553711
2023-08-29,84.7249984741211,82.67809295654297
2023-08-30,85.08999633789062,83.0342788696289
2023-08-31,85.3550033569336,83.29289245605469
2023-09-01,84.83499908447266,82.78545379638672
2023-09-05,84.8949966430664,82.84400177001953
2023-09-06,84.13999938964844,82.10723876953125
2023-09-07,84.375,82.33655548095703
2023-09-08,84.375,82.33655548095703
2023-09-11,86.6449966430664,84.55170440673828
2023-09-12,85.86000061035156,83.78569030761719
2023-09-13,86.54000091552734,84.44926452636719
2023-09-14,87.38999938964844,85.27872467041016
2023-09-15,85.8949966430664,83.81982421875
2023-09-18,84.80999755859375,82.90824890136719
2023-09-19,84.38500213623047,82.49278259277344
2023-09-20,83.54499816894531,81.67161560058594
2023-09-21,81.26499938964844,79.44273376464844
2023-09-22,80.46499633789062,78.66067504882812
2023-09-25,80.95999908447266,79.14459228515625
2023-09-26,79.48500061035156,77.70265197753906
2023-09-27,79.18000030517578,77.40450286865234
2023-09-28,80.06500244140625,78.26964569091797
2023-09-29,80.48999786376953,78.68511962890625
2023-10-02,80.55500030517578,78.74866485595703
2023-10-03,78.59500122070312,76.83261108398438
2023-10-04,80.1449966430664,78.34784698486328
2023-10-05,79.74500274658203,77.95682525634766
2023-10-06,80.30500030517578,78.50426483154297
2023-10-09,80.38999938964844,78.58736419677734
2023-10-10,81.2699966430664,79.4476318359375
2023-10-11,81.55999755859375,79.73111724853516
2023-10-12,80.66999816894531,78.861083984375
2023-10-13,79.48500061035156,77.70265197753906
2023-10-16,80.7699966430664,78.95882415771484
2023-10-17,80.95999908447266,79.14459228515625
2023-10-18,79.05999755859375,77.28718566894531
2023-10-19,77.04000091552734,75.31248474121094
2023-10-20,75.84500122070312,74.14427185058594
2023-10-23,75.93499755859375,74.23226165771484
2023-10-24,76.74500274658203,75.02410125732422
2023-10-25,75.19499969482422,73.50885009765625
2023-10-26,74.0199966430664,72.36019897460938
2023-10-27,74.79499816894531,73.11783599853516
2023-10-30,75.4800033569336,73.7874755859375
2023-10-31,76.05000305175781,74.34468841552734
2023-11-01,76.98999786376953,75.26360321044922
2023-11-02,79.0,77.2285385131836
2023-11-03,80.11000061035156,78.31364440917969
2023-11-06,80.20999908447266,78.4113998413086
2023-11-07,81.1050033569336,79.28633117675781
2023-11-08,80.88999938964844,79.07615661621094
2023-11-09,79.37999725341797,77.59998321533203
2023-11-10,80.69999694824219,78.8904037475586
2023-11-13,81.04499816894531,79.22766876220703
2023-11-14,83.7750015258789,81.8964614868164
2023-11-15,83.875,81.99421691894531
2023-11-16,83.01499938964844,81.15350341796875
2023-11-17,83.56999969482422,81.69606018066406
2023-11-20,84.0,82.11641693115234
2023-11-21,83.78500366210938,81.90624237060547
2023-11-22,84.04000091552734,82.15552520751953
2023-11-24,84.12000274658203,82.23372650146484
2023-11-27,84.25499725341797,82.36569213867188
2023-11-28,84.73999786376953,82.83980560302734
2023-11-29,84.51000213623047,82.61498260498047
2023-11-30,84.38999938964844,82.49767303466797
2023-12-01,85.54499816894531,83.62675476074219
2023-12-04,85.22000122070312,83.30906677246094
2023-12-05,85.37000274658203,83.45569610595703
2023-12-06,85.49500274658203,83.57789611816406
2023-12-07,86.19999694824219,84.26708221435547
2023-12-08,86.59500122070312,84.65321350097656
2023-12-11,86.82499694824219,84.87806701660156
2023-12-12,87.09500122070312,85.14201354980469
2023-12-13,88.23500061035156,86.25643920898438
2023-12-14,89.41999816894531,87.41487121582031
2023-12-15,89.6050033569336,87.59571838378906
2023-12-18,90.0,88.13924407958984
2023-12-19,90.70500183105469,88.82968139648438
2023-12-20,89.05000305175781,87.20890045166016
2023-12-21,90.40499877929688,88.535888671875
2023-12-22,89.73999786376953,87.8846206665039
2023-12-26,90.12000274658203,88.25676727294922
2023-12-27,90.43000030517578,88.56037139892578
2023-12-28,89.95999908447266,88.10008239746094
2023-12-29,89.40499877929688,87.55654907226562
2024-01-02,88.57499694824219,86.74369812011719
2024-01-03,86.78500366210938,84.99071502685547
2024-01-04,86.17500305175781,84.39334106445312
2024-01-05,86.30999755859375,84.52554321289062
2024-01-08,87.77999877929688,85.96515655517578
2024-01-09,87.45500183105469,85.6468734741211
2024-01-10,88.15499877929688,86.33238983154297
2024-01-11,88.04000091552734,86.21977996826172
2024-01-12,86.9800033569336,85.18169403076172
2024-01-16,86.87999725341797,85.0837631225586
2024-01-17,86.12000274658203,84.33946990966797
2024-01-18,86.61000061035156,84.8193359375
2024-01-19,87.44499969482422,85.63707733154297
2024-01-22,87.05999755859375,85.26004028320312
2024-01-23,86.8499984741211,85.05437469482422
2024-01-24,86.5199966430664,84.73120880126953
2024-01-25,85.44999694824219,83.68331146240234
2024-01-26,85.83999633789062,84.06526184082031
2024-01-29,87.09500122070312,85.2943115234375
2024-01-30,87.04499816894531,85.24534606933594
2024-01-31,85.45999908447266,83.693115234375
2024-02-01,87.1050033569336,85.3041000366211
2024-02-02,88.66000366210938,86.82696533203125
2024-02-05,87.41000366210938,85.60281372070312
2024-02-06,87.94000244140625,86.12184143066406
2024-02-07,88.92500305175781,87.08646392822266
2024-02-08,89.31500244140625,87.46842193603516
2024-02-09,89.94999694824219,88.09027862548828
2024-02-12,89.875,88.01683044433594
2024-02-13,88.08499908447266,86.26383972167969
2024-02-14,89.01499938964844,87.17462921142578
2024-02-15,90.04499816894531,88.1833267211914
2024-02-16,89.51000213623047,87.65938568115234
2024-02-20,88.66500091552734,86.83184814453125
2024-02-21,89.31999969482422,87.47330474853516
2024-02-22,91.05500030517578,89.17243957519531
2024-02-23,90.6449966430664,88.77091979980469
2024-02-26,90.92500305175781,89.04513549804688
2024-02-27,91.2249984741211,89.33892059326172
2024-02-28,91.58499908447266,89.69148254394531
2024-02-29,92.20500183105469,90.29866027832031
2024-03-01,92.51000213623047,90.59735107421875
2024-03-04,91.26000213623047,89.37320709228516
2024-03-05,90.125,88.26167297363281
2024-03-06,89.80500030517578,87.94828033447266
2024-03-07,90.48999786376953,88.61912536621094
2024-03-08,90.15499877929688,88.29105377197266
2024-03-11,89.91000366210938,88.0511245727539
2024-03-12,90.68499755859375,88.81009674072266
2024-03-13,90.49500274658203,88.62403106689453
2024-03-14,89.91999816894531,88.0609130859375
2024-03-15,89.0250015258789,87.18440246582031
2024-03-18,89.51000213623047,87.85033416748047
2024-03-19,90.28500366210938,88.61096954345703
2024-03-20,91.62999725341797,89.93102264404297
2024-03-21,92.16500091552734,90.45610046386719
2024-03-22,91.36000061035156,89.66602325439453
2024-03-25,91.05999755859375,89.37159729003906
2024-03-26,91.17500305175781,89.48445892333984
2024-03-27,92.2300033569336,90.5198974609375
2024-03-28,91.94499969482422,90.24018096923828
2024-04-01,91.26000213623047,89.56788635253906
2024-04-02,89.91500091552734,88.24781036376953
2024-04-03,89.9800033569336,88.31160736083984
2024-04-04,88.92500305175781,87.27616882324219
2024-04-05,89.41999816894531,87.76199340820312
2024-04-08,90.2699966430664,88.59623718261719
2024-04-09,90.69499969482422,89.01335144042969
2024-04-10,89.29499816894531,87.63932037353516
2024-04-11,90.01499938964844,88.34595489501953
2024-04-12,88.55500030517578,86.91303253173828
2024-04-15,87.08000183105469,85.46537780761719
2024-04-16,86.58499908447266,84.97956085205078
2024-04-17,86.16500091552734,84.5673599243164
2024-04-18,85.62999725341797,84.04226684570312
2024-04-19,84.87999725341797,83.3061752319336
2024-04-22,85.25499725341797,83.67423248291016
2024-04-23,86.2699966430664,84.67041015625
2024-04-24,87.09500122070312,85.48011016845703
2024-04-25,87.16999816894531,85.5537109375
2024-04-26,87.95500183105469,86.32416534423828
2024-04-29,90.0,88.33124542236328
2024-04-30,87.80999755859375,86.18183898925781
2024-05-01,87.26000213623047,85.64205932617188
2024-05-02,88.36000061035156,86.7216567993164
2024-05-03,88.95500183105469,87.30562591552734
2024-05-06,89.90499877929688,88.2380142211914
2024-05-07,89.26000213623047,87.60497283935547
2024-05-08,88.92500305175781,87.27616882324219
2024-05-09,89.52999877929688,87.86994934082031
2024-05-10,89.05000305175781,87.39887237548828
2024-05-13,88.93499755859375,87.28599548339844
2024-05-14,89.33999633789062,87.68347930908203
2024-05-15,89.4749984741211,87.81597900390625
2024-05-16,88.8949966430664,87.24673461914062
2024-05-17,89.3499984741211,87.69329071044922
2024-05-20,88.68499755859375,87.04061889648438
2024-05-21,89.25499725341797,87.60005950927734
2024-05-22,88.32499694824219,86.68730926513672
2024-05-23,86.8949966430664,85.28382110595703
2024-05-24,87.7699966430664,86.1426010131836
2024-05-28,87.55500030517578,85.93158721923828
2024-05-29,86.9800033569336,85.36724090576172
2024-05-30,87.49500274658203,85.87269592285156
2024-05-31,87.98500061035156,86.35359954833984
2024-06-03,87.94499969482422,86.31436157226562
2024-06-04,88.03500366210938,86.40267944335938
2024-06-05,88.55000305175781,86.90813446044922
2024-06-06,89.19499969482422,87.54117584228516
2024-06-07,88.83000183105469,87.18294525146484
2024-06-10,89.11499786376953,87.462646484375
2024-06-11,88.87999725341797,87.23201751708984
2024-06-12,89.80500030517578,88.13985443115234
2024-06-13,89.875,88.20855712890625
2024-06-14,89.16500091552734,87.51173400878906
2024-06-17,90.7300033569336,89.04771423339844
2024-06-18,90.42500305175781,88.74837493896484
2024-06-20,90.54000091552734,88.86123657226562
2024-06-21,91.30500030517578,89.61205291748047
2024-06-24,90.72000122070312,89.22943878173828
2024-06-25,90.3550033569336,88.87044525146484
2024-06-26,91.66500091552734,90.15892028808594
2024-06-27,92.2249984741211,90.709716796875
2024-06-28,91.19999694824219,89.70154571533203
2024-07-01,91.51000213623047,90.00645446777344
2024-07-02,93.29000091552734,91.75723266601562
2024-07-03,93.88500213623047,92.34244537353516
2024-07-05,94.6500015258789,93.0948715209961
2024-07-08,94.69499969482422,93.13912963867188
2024-07-09,95.01000213623047,93.44896697998047
2024-07-10,95.7249984741211,94.15220642089844
2024-07-11,94.51000213623047,92.9571762084961
2024-07-12,95.74500274658203,94.17188262939453
2024-07-15,95.63500213623047,94.06369018554688
2024-07-16,97.3499984741211,95.7505111694336
2024-07-17,95.7249984741211,94.15220642089844
2024-07-18,94.75,93.19322967529297
2024-07-19,93.90499877929688,92.36210632324219
2024-07-22,94.94000244140625,93.38011169433594
2024-07-23,94.51499938964844,92.96207427978516
2024-07-24,90.6500015258789,89.16059875488281
2024-07-25,90.29499816894531,88.81140899658203
2024-07-26,91.30500030517578,89.80482482910156
2024-07-29,92.83000183105469,91.30477905273438
2024-07-30,92.31500244140625,90.79824829101562
2024-07-31,93.74500274658203,92.20472717285156
2024-08-01,91.44499969482422,89.9425277709961
2024-08-02,88.08000183105469,86.6328125
2024-08-05,85.58999633789062,84.18373107910156
2024-08-06,86.53500366210938,85.11320495605469
2024-08-07,85.0250015258789,83.62802124023438
2024-08-08,86.87999725341797,85.45254516601562
2024-08-09,87.16999816894531,85.73777770996094
2024-08-12,86.82499694824219,85.3984375
2024-08-13,89.0,87.53770446777344
2024-08-14,88.5250015258789,87.07050323486328
2024-08-15,91.3499984741211,89.84909057617188
2024-08-16,91.56500244140625,90.06055450439453
2024-08-19,92.69000244140625,91.16707611083984
2024-08-20,92.6050033569336,91.0834732055664
2024-08-21,93.7750015258789,92.23424530029297
2024-08-22,92.15499877929688,90.64086151123047
2024-08-23,93.93499755859375,92.39161682128906
2024-08-26,93.20500183105469,91.67361450195312
2024-08-27,92.95999908447266,91.43263244628906
2024-08-28,92.05999755859375,90.54740905761719
2024-08-29,92.16999816894531,90.65560913085938
2024-08-30,93.55999755859375,92.02278137207031
2024-09-03,92.2750015258789,90.75889587402344
2024-09-04,92.51499938964844,90.99495697021484
2024-09-05,93.56500244140625,92.02769470214844
2024-09-06,91.19999694824219,89.70154571533203
2024-09-09,92.52999877929688,91.00969696044922
2024-09-10,93.58999633789062,92.0522689819336
2024-09-11,94.5250015258789,92.97193908691406
2024-09-12,95.58999633789062,94.01941680908203
2024-09-13,96.23999786376953,94.65874481201172
2024-09-16,96.07499694824219,94.4964599609375
2024-09-17,96.56500244140625,94.97840881347656
2024-09-18,96.375,94.7915267944336
2024-09-19,98.56999969482422,96.9504623413086
2024-09-20,98.34500122070312,96.72917175292969
2024-09-23,99.33499908447266,97.90449523925781
2024-09-24,100.20500183105469,98.76195526123047
2024-09-25,99.84500122070312,98.40715026855469
2024-09-26,100.2699966430664,98.82601928710938
2024-09-27,100.41999816894531,98.97386932373047
2024-09-30,100.18499755859375,98.74223327636719
2024-10-01,99.77999877929688,98.34309387207031
2024-10-02,98.93499755859375,97.51023864746094
2024-10-03,97.79000091552734,96.38174438476562
2024-10-04,99.08499908447266,97.65808868408203
2024-10-07,97.54499816894531,96.14026641845703
2024-10-08,98.49500274658203,97.07658386230469
2024-10-09,99.19999694824219,97.77143859863281
2024-10-10,98.70999908447266,97.28849029541016
2024-10-11,98.29000091552734,96.87452697753906
2024-10-14,98.72000122070312,97.29834747314453
2024-10-15,98.93499755859375,97.51023864746094
2024-10-16,99.45500183105469,98.02275848388672
2024-10-17,99.36499786376953,97.93404388427734
2024-10-18,99.75499725341797,98.31843566894531
2024-10-21,98.9800033569336,97.55459594726562
2024-10-22,98.58000183105469,97.16036224365234
2024-10-23,97.02999877929688,95.63268280029297
2024-10-24,100.08999633789062,98.64861297607422
2024-10-25,100.40499877929688,98.9590835571289
2024-10-28,100.63999938964844,99.19068908691406
2024-10-29,100.11499786376953,98.67326354980469
2024-10-30,99.9749984741211,98.53527069091797
2024-10-31,98.44499969482422,97.02730560302734
2024-11-01,100.04499816894531,98.6042709350586
2024-11-04,99.69999694824219,98.26423645019531
2024-11-05,101.46499633789062,100.00381469726562
2024-11-06,104.70999908447266,103.20208740234375
2024-11-07,106.05500030517578,104.5277099609375
2024-11-08,107.55999755859375,106.01103973388672
2024-11-11,109.7300033569336,108.14979553222656
2024-11-12,108.26499938964844,106.70587921142578
2024-11-13,109.19000244140625,107.61756896972656
2024-11-14,107.63999938964844,106.08988189697266
2024-11-15,106.72000122070312,105.18315124511719
2024-11-18,107.70500183105469,106.1539535522461
2024-11-19,107.78500366210938,106.23280334472656
2024-11-20,107.30999755859375,105.76464080810547
2024-11-21,107.5,105.95191192626953
2024-11-22,109.05000305175781,107.4795913696289
2024-11-25,110.16500091552734,108.57852935791016
2024-11-26,110.56500244140625,108.97277069091797
2024-11-27,110.0199966430664,108.43562316894531
2024-11-29,111.1500015258789,109.5493392944336
2024-12-02,112.12000274658203,110.50537872314453
2024-12-03,112.03500366210938,110.4216079711914
2024-12-04,113.07499694824219,111.44661712646484
2024-12-05,114.0,112.3582992553711
2024-12-06,116.4000015258789,114.72374725341797
2024-12-09,116.02999877929688,114.35906219482422
2024-12-10,116.22000122070312,114.54633331298828
2024-12-11,118.26000213623047,116.55694580078125
2024-12-12,117.27999877929688,115.59105682373047
2024-12-13,117.74500274658203,116.04936218261719
2024-12-16,119.33999633789062,117.62139129638672
2024-12-17,119.71499633789062,117.99101257324219
2024-12-18,114.31999969482422,112.67369079589844
2024-12-19,114.16500091552734,112.52092742919922
2024-12-20,114.45500183105469,112.80675506591797
2024-12-23,114.58499908447266,113.14889526367188
2024-12-24,117.23500061035156,115.76569366455078
2024-12-26,116.80000305175781,115.33613586425781
2024-12-27,114.87000274658203,113.43034362792969
2024-12-30,113.0250015258789,111.60845184326172
2024-12-31,112.17500305175781,110.76911163330078
2025-01-02,110.69999694824219,109.31258392333984
2025-01-03,112.94000244140625,111.52452087402344
2025-01-06,113.38500213623047,111.96395111083984
2025-01-07,111.19000244140625,109.79645538330078
2025-01-08,111.50499725341797,110.10750579833984
2025-01-10,110.41000366210938,109.02622985839844
2025-01-13,111.03500366210938,109.64340209960938
2025-01-14,110.81999969482422,109.43108367919922
2025-01-15,113.63999938964844,112.21574401855469
2025-01-16,113.0250015258789,111.60845184326172
2025-01-17,114.61000061035156,113.173583984375
2025-01-21,115.44999694824219,114.00305938720703
2025-01-22,115.01499938964844,113.57351684570312
2025-01-23,115.70999908447266,114.25980377197266
2025-01-24,115.00499725341797,113.56363677978516
2025-01-27,115.66000366210938,114.21044158935547
2025-01-28,115.80000305175781,114.34867858886719
2025-01-29,115.47000122070312,114.02281188964844
2025-01-30,116.5999984741211,115.1386489868164
2025-01-31,116.08499908447266,114.6301040649414
2025-02-03,114.55000305175781,113.11434173583984
2025-02-04,115.9000015258789,114.44742584228516
2025-02-05,114.58499908447266,113.14889526367188
2025-02-06,115.04000091552734,113.59820556640625
2025-02-07,112.79000091552734,111.37641143798828
2025-02-10,113.17500305175781,111.75657653808594
2025-02-11,111.88999938964844,110.48767852783203
2025-02-12,111.87000274658203,110.46793365478516
2025-02-13,113.55000305175781,112.12687683105469
2025-02-14,113.5,112.07750701904297
2025-02-18,113.18499755859375,111.7664566040039
2025-02-19,113.12000274658203,111.7022705078125
2025-02-20,112.1449966430664,110.7394790649414
2025-02-21,109.19499969482422,107.82646179199219
2025-02-24,108.78500366210938,107.42160034179688
2025-02-25,108.21499633789062,106.8587417602539
2025-02-26,107.7699966430664,106.4193115234375
2025-02-27,106.21499633789062,104.88379669189453
2025-02-28,107.9800033569336,106.6266860961914
2025-03-03,105.98999786376953,104.66162109375
2025-03-04,104.12000274658203,102.81505584716797
2025-03-05,105.70500183105469,104.38020324707031
2025-03-06,103.0250015258789,101.7337875366211
2025-03-07,102.83499908447266,101.5461654663086
2025-03-10,99.16500091552734,97.92216491699219
2025-03-11,98.19499969482422,96.96430969238281
2025-03-12,98.76499938964844,97.52717590332031
2025-03-13,96.30000305175781,95.09307098388672
2025-03-14,98.3499984741211,97.11737823486328
2025-03-17,98.50499725341797,97.27043151855469
2025-03-18,96.75,95.53742980957031
2025-03-19,98.6050033569336,97.36917877197266
2025-03-20,98.37000274658203,97.13712310791016
2025-03-21,98.7249984741211,97.4876708984375
2025-03-24,102.1449966430664,101.1424331665039
2025-03-25,102.95999908447266,101.94944763183594
2025-03-26,101.61499786376953,100.61764526367188
2025-03-27,101.68000030517578,100.6820068359375
2025-03-28,98.5199966430664,97.55301666259766
2025-03-31,98.7300033569336,97.76097106933594
2025-04-01,99.76000213623047,98.78085327148438
2025-04-02,101.65499877929688,100.65725708007812
2025-04-03,95.51499938964844,94.57752227783203
2025-04-04,91.3949966430664,90.49796295166016
2025-04-07,90.31500244140625,89.4285659790039
2025-04-08,88.16999816894531,87.30461120605469
2025-04-09,97.7699966430664,96.81038665771484
2025-04-10,93.94999694824219,93.02788543701172
2025-04-11,94.86000061035156,93.92893981933594
2025-04-14,95.13500213623047,94.20125579833984
2025-04-15,94.44999694824219,93.52296447753906
2025-04-16,92.12000274658203,91.21585083007812
2025-04-17,92.69999694824219,91.7901382446289
2025-04-21,90.2249984741211,89.33943939208984
2025-04-22,93.08000183105469,92.16642761230469
2025-04-23,95.16000366210938,94.22600555419922
2025-04-24,97.05500030517578,96.10240936279297
2025-04-25,98.80000305175781,97.83027648925781
2025-04-28,98.83499908447266,97.86492919921875
2025-04-29,99.53500366210938,98.55806732177734
2025-04-30,98.62999725341797,97.66194152832031
2025-05-01,99.17500305175781,98.20159912109375
2025-05-02,100.71499633789062,99.72647857666016
2025-05-05,99.6449966430664,98.66698455810547
2025-05-06,98.7750015258789,97.80552673339844
2025-05-07,99.54499816894531,98.5679702758789
2025-05-08,100.72000122070312,99.73143005371094
2025-05-09,101.20500183105469,100.21167755126953
2025-05-12,106.23500061035156,105.19229888916016
2025-05-13,107.63999938964844,106.58351135253906
2025-05-14,108.05500030517578,106.99443054199219
2025-05-15,107.81500244140625,106.75679016113281
2025-05-16,108.83499908447266,107.76678466796875
2025-05-19,108.58000183105469,107.51428985595703
2025-05-20,108.01499938964844,106.954833984375
2025-05-21,105.82499694824219,104.78632354736328
2025-05-22,106.27999877929688,105.23686981201172
2025-05-23,105.32499694824219,104.2912368774414
2025-05-27,108.43499755859375,107.3707046508789
2025-05-28,107.44000244140625,106.3854751586914
2025-05-29,107.48500061035156,106.43004608154297
2025-05-30,106.9000015258789,105.85077667236328
2025-06-02,107.1500015258789,106.09832763671875
2025-06-03,107.72000122070312,106.66272735595703
2025-06-04,107.43499755859375,106.38052368164062
2025-06-05,104.7249984741211,103.6971206665039
2025-06-06,106.08499908447266,105.04376983642578
2025-06-09,106.93499755859375,105.88542938232422
2025-06-10,108.21499633789062,107.15287017822266
2025-06-11,107.36000061035156,106.30626678466797
2025-06-12,106.8550033569336,105.80622100830078
2025-06-13,105.87000274658203,104.83089447021484
2025-06-16,107.01000213623047,105.95970153808594
2025-06-17,105.16500091552734,104.13280487060547
2025-06-18,105.21499633789062,104.18231201171875
2025-06-20,105.33999633789062,104.30607604980469
2025-06-23,107.19999694824219,106.37352752685547
2025-06-24,107.79499816894531,106.96393585205078
2025-06-25,106.5250015258789,105.70372772216797
2025-06-26,107.50499725341797,106.6761703491211
2025-06-27,109.29499816894531,108.4523696899414
2025-06-30,108.66500091552734,107.82723236083984
2025-07-01,109.12999725341797,108.28865051269531
2025-07-02,110.00499725341797,109.15689849853516
2025-07-03,110.6050033569336,109.75227355957031
2025-07-07,109.19999694824219,108.35810089111328
2025-07-08,108.83000183105469,107.99095916748047
2025-07-09,109.4749984741211,108.63098907470703
2025-07-10,110.68499755859375,109.83164978027344
2025-07-11,110.71499633789062,109.8614273071289
2025-07-14,111.125,110.26826477050781
2025-07-15,109.53500366210938,108.69052124023438
2025-07-16,109.73500061035156,108.88898468017578
2025-07-17,110.11000061035156,109.26109313964844
2025-07-18,111.08499908447266,110.22856903076172
2025-07-21,111.61000061035156,110.74951934814453
2025-07-22,112.73999786376953,111.87081909179688
2025-07-23,113.2750015258789,112.40168762207031
2025-07-24,111.4000015258789,110.54114532470703
2025-07-25,112.43499755859375,111.56816101074219
2025-07-28,113.08999633789062,112.21810913085938
2025-07-29,112.30999755859375,111.44412994384766
2025-07-30,111.5999984741211,110.7396011352539
2025-07-31,110.71499633789062,109.8614273071289
2025-08-01,108.04499816894531,107.2120132446289
2025-08-04,109.31500244140625,108.47222137451172
2025-08-05,109.45500183105469,108.61113739013672
2025-08-06,111.7300033569336,110.86859893798828
2025-08-07,111.69499969482422,110.8338623046875
2025-08-08,111.88999938964844,111.0273666381836
2025-08-11,112.18000030517578,111.31513214111328
2025-08-12,113.37000274658203,112.49596405029297
2025-08-13,114.92500305175781,114.0389633178711
2025-08-14,114.79499816894531,113.90996551513672
2025-08-15,114.5199966430664,113.6370849609375
2025-08-18,114.9800033569336,114.09354400634766
2025-08-19,114.92500305175781,114.0389633178711
2025-08-20,113.79000091552734,112.9127197265625
2025-08-21,113.11499786376953,112.242919921875
2025-08-22,116.55000305175781,115.65145111083984
2025-08-25,116.31500244140625,115.41825866699219
2025-08-26,116.8499984741211,115.9491195678711
2025-08-27,116.875,115.97393035888672
2025-08-28,117.07499694824219,116.1723861694336
2025-08-29,115.87000274658203,114.9766845703125
2025-09-02,115.00499725341797,114.11834716796875
2025-09-03,115.47000122070312,114.57976531982422
2025-09-04,117.58000183105469,116.67350006103516
2025-09-05,117.55500030517578,116.64868927001953
2025-09-08,118.01000213623047,117.10018920898438
2025-09-09,117.84500122070312,116.93645477294922
2025-09-10,116.43499755859375,115.5373306274414
2025-09-11,118.69999694824219,117.78485870361328
2025-09-12,119.31500244140625,118.39512634277344
2025-09-15,120.3499984741211,119.4221420288086
2025-09-16,121.08999633789062,120.15643310546875
2025-09-17,120.78500366210938,119.85379028320312
2025-09-18,120.23999786376953,119.31298828125
2025-09-19,120.69499969482422,119.76448822021484
2025-09-22,120.08999633789062,119.37432098388672
2025-09-23,118.95999908447266,118.25106048583984
2025-09-24,119.80000305175781,119.08605194091797
2025-09-25,118.11000061035156,117.4061279296875
2025-09-26,119.8550033569336,119.1407241821289
2025-09-29,120.37999725341797,119.66259002685547
2025-09-30,119.81999969482422,119.1059341430664
2025-10-01,120.56999969482422,119.8514633178711
2025-10-02,119.69999694824219,118.98665618896484
2025-10-03,118.93000030517578,118.22123718261719
2025-10-06,119.94999694824219,119.23515319824219
2025-10-07,117.8499984741211,117.14767456054688
2025-10-08,118.19999694824219,117.49559020996094
2025-10-09,117.61000061035156,116.90910339355469
2025-10-10,114.375,113.6933822631836
2025-10-13,116.93000030517578,116.23316192626953
2025-10-14,117.17500305175781,116.47669982910156
2025-10-15,117.34500122070312,116.64568328857422
2025-10-16,116.20999908447266,115.51744842529297
2025-10-17,117.20999908447266,116.51148986816406
2025-10-20,118.13999938964844,117.43594360351562
2025-10-21,119.58499908447266,118.87232971191406
2025-10-22,118.6500015258789,117.94290924072266
2025-10-23,119.18499755859375,118.47471618652344
2025-10-24,118.83000183105469,118.12183380126953
2025-10-27,120.54000091552734,119.82164764404297
2025-10-28,120.56999969482422,119.8514633178711
2025-10-29,119.57499694824219,118.86238861083984
2025-10-30,116.875,116.17848205566406
2025-10-31,119.96499633789062,119.25006103515625
2025-11-03,121.08999633789062,120.36836242675781
2025-11-04,119.08000183105469,118.37034606933594
2025-11-05,120.52999877929688,119.81169891357422
2025-11-06,117.74500274658203,117.04329681396484
2025-11-07,117.93000030517578,117.22720336914062
2025-11-10,119.4800033569336,118.76795959472656
2025-11-11,119.7750015258789,119.06120300292969
2025-11-12,118.97000122070312,118.26100158691406
2025-11-13,116.0,115.30870056152344
2025-11-14,115.44499969482422,114.75700378417969
2025-11-17,114.36000061035156,113.678466796875
2025-11-18,112.25,111.58103942871094
2025-11-19,112.25499725341797,111.58601379394531
2025-11-20,110.58000183105469,109.9209976196289
2025-11-21,112.75,112.07806396484375
2025-11-24,114.25499725341797,113.5740966796875
2025-11-25,116.69999694824219,116.00452423095703
2025-11-26,117.5,116.79976654052734
2025-11-28,118.2300033569336,117.5254135131836
2025-12-01,118.30000305175781,117.5949935913086
2025-12-02,118.22000122070312,117.51547241210938
2025-12-03,119.49500274658203,118.78286743164062
2025-12-04,119.06999969482422,118.36040496826172
2025-12-05,119.7300033569336,119.0164794921875
2025-12-08,117.98999786376953,117.28683471679688
2025-12-09,117.9800033569336,117.27690887451172
2025-12-10,119.70999908447266,118.99658966064453
2025-12-11,120.18000030517578,119.46379089355469
2025-12-12,120.69999694824219,119.98068237304688
2025-12-15,121.7300033569336,121.00454711914062
2025-12-16,121.93000030517578,121.20336151123047
2025-12-17,120.5199966430664,119.80176544189453
2025-12-18,122.33999633789062,121.61090850830078
2025-12-19,121.8499984741211,121.12383270263672
2025-12-22,122.33999633789062,121.85191345214844
2025-12-23,122.16999816894531,121.68260192871094
2025-12-24,122.58999633789062,122.10092163085938
2025-12-26,122.05000305175781,121.56307983398438
2025-12-29,120.8499984741211,120.36786651611328
2025-12-30,120.36000061035156,119.87981414794922
2025-12-31,119.41000366210938,118.9336166381836
2026-01-02,118.3499984741211,117.87783813476562
2026-01-05,120.30000305175781,119.82006072998047
2026-01-06,121.06999969482422,120.58698272705078
2026-01-07,120.9000015258789,120.41767120361328
2026-01-08,122.91999816894531,122.42960357666016
2026-01-09,124.41000366210938,123.91366577148438
2026-01-12,124.5199966430664,124.02322387695312
2026-01-13,124.20999908447266,123.71446228027344
2026-01-14,122.25,121.76228332519531
2026-01-15,122.69999694824219,122.21048736572266
2026-01-16,122.30000305175781,121.81208801269531
2026-01-20,119.12000274658203,118.644775390625
2026-01-21,121.4000015258789,120.9156723022461
2026-01-22,122.62000274658203,122.13080596923828
2026-01-23,123.12999725341797,122.63876342773438
2026-01-26,122.31999969482422,121.83200073242188
2026-01-27,122.69000244140625,122.20052337646484
2026-01-28,121.7699966430664,121.28419494628906
2026-01-29,121.19000244140625,120.70651245117188
2026-01-30,121.16999816894531,120.68658447265625
2026-02-02,121.97000122070312,121.4833984375
2026-02-03,120.98999786376953,120.5073013305664
2026-02-04,120.0999984741211,119.62085723876953
2026-02-05,117.51000213623047,117.04119110107422
2026-02-06,117.98999786376953,117.51927185058594
2026-02-09,117.55000305175781,117.0810317993164
2026-02-10,118.33000183105469,117.85792541503906
2026-02-11,117.76000213623047,117.29019165039062
2026-02-12,116.12999725341797,115.66669464111328
2026-02-13,116.18000030517578,115.71649932861328
2026-02-17,116.04000091552734,115.57705688476562
2026-02-18,117.0199966430664,116.55313873291016
2026-02-19,116.23999786376953,115.77625274658203
2026-02-20,117.44999694824219,116.98143005371094
2026-02-23,114.98999786376953,114.53124237060547
2026-02-24,116.73999786376953,116.27426147460938
2026-02-25,117.08999633789062,116.62286376953125
2026-02-26,117.05000305175781,116.5830307006836
2026-02-27,116.86000061035156,116.39378356933594
2026-03-02,115.41999816894531,114.95952606201172
2026-03-03,114.36000061035156,113.90375518798828
2026-03-04,116.38999938964844,115.9256591796875
2026-03-05,116.55000305175781,116.08502960205078
2026-03-06,114.44000244140625,113.98344421386719
2026-03-09,114.58999633789062,114.13284301757812
2026-03-10,114.44000244140625,113.98344421386719
2026-03-11,114.13999938964844,113.68463897705078
2026-03-12,111.5199966430664,111.07508850097656
2026-03-13,110.86000061035156,110.417724609375
2026-03-16,112.19999694824219,111.75236511230469
2026-03-17,113.18000030517578,112.72846221923828
2026-03-18,110.56999969482422,110.12887573242188
2026-03-19,109.69999694824219,109.26234436035156
2026-03-20,107.73999786376953,107.31016540527344
2026-03-23,110.12000274658203,109.90100860595703
2026-03-24,109.68000030517578,109.46187591552734
2026-03-25,110.7300033569336,110.50979614257812
2026-03-26,108.83000183105469,108.61357116699219
2026-03-27,105.68000030517578,105.46983337402344
2026-03-30,105.66000366210938,105.44987487792969
2026-03-31,108.9800033569336,108.76327514648438
2026-04-01,109.80000305175781,109.5816421508789
2026-04-02,108.1500015258789,107.93492126464844
2026-04-06,109.04000091552734,108.82315063476562
2026-04-07,107.7699966430664,107.55567169189453
2026-04-08,110.81999969482422,110.599609375
2026-04-09,112.73999786376953,112.51579284667969
2026-04-10,112.88999938964844,112.66549682617188
2026-04-13,113.91999816894531,113.69344329833984
2026-04-14,116.44000244140625,116.20843505859375
2026-04-15,118.18000030517578,117.94497680664062
2026-04-16,117.62999725341797,117.39606475830078
2026-04-17,120.41000366210938,120.17053985595703
2026-04-20,119.87000274658203,119.6316146850586
2026-04-21,118.97000122070312,118.73340606689453
2026-04-22,118.93000030517578,118.6934814453125
2026-04-23,117.73999786376953,117.50584411621094
2026-04-24,118.69000244140625,118.45396423339844
2026-04-27,117.83999633789062,117.60564422607422
2026-04-28,117.01000213623047,116.77730560302734
2026-04-29,116.83999633789062,116.60763549804688
2026-04-30,118.3499984741211,118.11463165283203
2026-05-01,118.62999725341797,118.39407348632812
2026-05-04,117.72000122070312,117.48589324951172
2026-05-05,118.06999969482422,117.83518981933594
2026-05-06,119.87000274658203,119.6316146850586
2026-05-07,119.87999725341797,119.64159393310547
2026-05-08,120.19999694824219,119.96095275878906
2026-05-11,119.37000274658203,119.13261413574219
2026-05-12,118.29000091552734,118.05475616455078
2026-05-13,118.72000122070312,118.48390197753906
2026-05-14,118.66999816894531,118.43399810791016
2026-05-15,116.52999877929688,116.29825592041016
2026-05-18,116.31999969482422,116.08867645263672
2026-05-19,115.02999877929688,114.80123901367188
2026-05-20,117.94000244140625,117.70545196533203
2026-05-21,118.69999694824219,118.46393585205078
2026-05-22,119.18000030517578,118.94298553466797
2026-05-26,119.44999694824219,119.21244812011719
2026-05-27,121.55000305175781,121.30827331542969
2026-05-28,122.05999755859375,121.81725311279297
2026-05-29,120.87000274658203,120.62963104248047
2026-06-01,118.19000244140625,117.9549560546875
2026-06-02,117.58999633789062,117.35614776611328
2026-06-03,116.7300033569336,116.49786376953125
2026-06-04,117.26000213623047,117.02680969238281
2026-06-05,114.86000061035156,114.63157653808594
2026-06-08,115.38999938964844,115.1605224609375
2026-06-09,115.87000274658203,115.63957214355469
2026-06-10,113.48999786376953,113.26429748535156
2026-06-11,116.30000305175781,116.06871795654297
2026-06-12,116.5999984741211,116.36811828613281
2026-06-15,118.56999969482422,118.33419799804688
2026-06-16,118.45999908447266,118.22441864013672
2026-06-17,115.48999786376953,115.26032257080078
2026-06-18,117.16000366210938,116.92700958251953
2026-06-22,114.94000244140625,114.94000244140625
2026-06-23,113.76000213623047,113.76000213623047
2026-06-24,115.06999969482422,115.06999969482422
2026-06-25,113.3499984741211,113.3499984741211
2026-06-26,114.37000274658203,114.37000274658203
2026-06-29,117.12000274658203,117.12000274658203
2026-06-30,117.27999877929688,117.27999877929688
2026-07-01,118.08999633789062,118.08999633789062
2026-07-02,117.12000274658203,117.12000274658203
2026-07-06,118.01000213623047,118.01000213623047
2026-07-07,117.38999938964844,117.38999938964844
2026-07-08,115.30000305175781,115.30000305175781
2026-07-09,116.8499984741211,116.8499984741211
2026-07-10,117.23999786376953,117.23999786376953
2026-07-13,116.04000091552734,116.04000091552734
2026-07-14,115.9000015258789,115.9000015258789
2026-07-15,117.0,117.0
2026-07-16,117.33999633789062,117.33999633789062
2026-07-17,115.44000244140625,115.44000244140625
2026-07-20,114.61000061035156,114.61000061035156
2026-07-21,114.87000274658203,114.87000274658203
2026-07-22,114.0199966430664,114.0199966430664
2026-07-23,108.76000213623047,108.76000213623047
2026-07-24,109.41000366210938,109.41000366210938
2026-07-27,110.83999633789062,110.83999633789062
2026-07-28,112.4800033569336,112.4800033569336
2026-07-29,111.61000061035156,111.61000061035156
2026-07-30,112.38999938964844,112.38999938964844
2026-07-31,116.08999633789062,116.08999633789062
2026-08-03,118.20999908447266,118.20999908447266
2026-08-04,118.29000091552734,118.29000091552734
2026-08-05,118.63999938964844,118.63999938964844
2026-08-06,118.0999984741211,118.0999984741211
2026-08-07,119.86000061035156,119.86000061035156
2026-08-10,119.66999816894531,119.66999816894531
2026-08-11,119.23999786376953,119.23999786376953
2026-08-12,117.88999938964844,117.88999938964844
2026-08-13,118.44999694824219,118.44999694824219
2026-08-14,118.19999694824219,118.19999694824219
2026-08-17,116.75,116.75
2026-08-18,116.36000061035156,116.36000061035156
2026-08-19,118.58999633789062,118.58999633789062
2026-08-20,116.68000030517578,116.68000030517578
2026-08-21,118.0199966430664,118.0199966430664
2026-08-24,118.30000305175781,118.30000305175781
2026-08-25,117.94999694824219,117.94999694824219
2026-08-26,117.16000366210938,117.16000366210938
2026-08-27,115.87999725341797,115.87999725341797
2026-08-28,117.20999908447266,117.20999908447266
2026-08-31,116.58999633789062,116.58999633789062
