date,Equal weight,12-1 momentum,Momentum inverse vol,Momentum regime filter
2011-01-03,1.0,1.0,1.0,1.0
2011-01-04,1.0,1.0,1.0,1.0
2011-01-05,1.0,1.0,1.0,1.0
2011-01-06,1.0,1.0,1.0,1.0
2011-01-07,1.0,1.0,1.0,1.0
2011-01-10,1.0,1.0,1.0,1.0
2011-01-11,1.0,1.0,1.0,1.0
2011-01-12,1.0,1.0,1.0,1.0
2011-01-13,1.0,1.0,1.0,1.0
2011-01-14,1.0,1.0,1.0,1.0
2011-01-18,1.0,1.0,1.0,1.0
2011-01-19,1.0,1.0,1.0,1.0
2011-01-20,1.0,1.0,1.0,1.0
2011-01-21,1.0,1.0,1.0,1.0
2011-01-24,1.0,1.0,1.0,1.0
2011-01-25,1.0,1.0,1.0,1.0
2011-01-26,1.0,1.0,1.0,1.0
2011-01-27,1.0,1.0,1.0,1.0
2011-01-28,1.0,1.0,1.0,1.0
2011-01-31,1.0,1.0,1.0,1.0
2011-02-01,1.0092479442602975,1.0,1.0,1.0
2011-02-02,1.0075255464124597,1.0,1.0,1.0
2011-02-03,1.0097526845612774,1.0,1.0,1.0
2011-02-04,1.0093171695848289,1.0,1.0,1.0
2011-02-07,1.012362126191036,1.0,1.0,1.0
2011-02-08,1.0162792532852125,1.0,1.0,1.0
2011-02-09,1.0141191387274493,1.0,1.0,1.0
2011-02-10,1.0134003786521153,1.0,1.0,1.0
2011-02-11,1.0169792912636624,1.0,1.0,1.0
2011-02-14,1.019639057981874,1.0,1.0,1.0
2011-02-15,1.0175656472894632,1.0,1.0,1.0
2011-02-16,1.0216669076889984,1.0,1.0,1.0
2011-02-17,1.0267902846122472,1.0,1.0,1.0
2011-02-18,1.0289369296069768,1.0,1.0,1.0
2011-02-22,1.019912476286319,1.0,1.0,1.0
2011-02-23,1.019713396019876,1.0,1.0,1.0
2011-02-24,1.0166412143723607,1.0,1.0,1.0
2011-02-25,1.0282781143753754,1.0,1.0,1.0
2011-02-28,1.0327694719322285,1.0,1.0,1.0
2011-03-01,1.0269922960763573,1.0,1.0,1.0
2011-03-02,1.0289008684641598,1.0,1.0,1.0
2011-03-03,1.037431708921475,1.0,1.0,1.0
2011-03-04,1.0377049903993039,1.0,1.0,1.0
2011-03-07,1.0322069795597912,1.0,1.0,1.0
2011-03-08,1.0368459129511398,1.0,1.0,1.0
2011-03-09,1.0367239843927025,1.0,1.0,1.0
2011-03-10,1.023196974090081,1.0,1.0,1.0
2011-03-11,1.026465562195432,1.0,1.0,1.0
2011-03-14,1.0231212524706301,1.0,1.0,1.0
2011-03-15,1.0111091122768554,1.0,1.0,1.0
2011-03-16,1.0011807474462564,1.0,1.0,1.0
2011-03-17,1.0110009859754647,1.0,1.0,1.0
2011-03-18,1.0159437094412869,1.0,1.0,1.0
2011-03-21,1.0274981864138615,1.0,1.0,1.0
2011-03-22,1.0275541881390344,1.0,1.0,1.0
2011-03-23,1.0319059891891522,1.0,1.0,1.0
2011-03-24,1.036385454121466,1.0,1.0,1.0
2011-03-25,1.038219341964422,1.0,1.0,1.0
2011-03-28,1.0345653010252476,1.0,1.0,1.0
2011-03-29,1.0392476951430918,1.0,1.0,1.0
2011-03-30,1.0453796235583686,1.0,1.0,1.0
2011-03-31,1.0471831500467705,1.0,1.0,1.0
2011-04-01,1.0519411926969244,1.0,1.0,1.0
2011-04-04,1.0550247880529227,1.0,1.0,1.0
2011-04-05,1.0561714449139565,1.0,1.0,1.0
2011-04-06,1.057391574325686,1.0,1.0,1.0
2011-04-07,1.0566850258887257,1.0,1.0,1.0
2011-04-08,1.0576331244581085,1.0,1.0,1.0
2011-04-11,1.051600353429815,1.0,1.0,1.0
2011-04-12,1.0443111385097097,1.0,1.0,1.0
2011-04-13,1.0474310822538773,1.0,1.0,1.0
2011-04-14,1.0507469385145058,1.0,1.0,1.0
2011-04-15,1.0565308665892827,1.0,1.0,1.0
2011-04-18,1.0488981880917798,1.0,1.0,1.0
2011-04-19,1.0537278327925033,1.0,1.0,1.0
2011-04-20,1.0663528535308922,1.0,1.0,1.0
2011-04-21,1.071929162684095,1.0,1.0,1.0
2011-04-25,1.071217470981569,1.0,1.0,1.0
2011-04-26,1.0756442703985836,1.0,1.0,1.0
2011-04-27,1.0833496657350776,1.0,1.0,1.0
2011-04-28,1.0856593867086253,1.0,1.0,1.0
2011-04-29,1.0886658569137713,1.0,1.0,1.0
2011-05-02,1.082614859213969,1.0,1.0,1.0
2011-05-03,1.0753393445537296,1.0,1.0,1.0
2011-05-04,1.0658890749307932,1.0,1.0,1.0
2011-05-05,1.0479032753614053,1.0,1.0,1.0
2011-05-06,1.0522902844835436,1.0,1.0,1.0
2011-05-09,1.0634892403031868,1.0,1.0,1.0
2011-05-10,1.0701585682721597,1.0,1.0,1.0
2011-05-11,1.0552937410041858,1.0,1.0,1.0
2011-05-12,1.0567486559766128,1.0,1.0,1.0
2011-05-13,1.0526406614153505,1.0,1.0,1.0
2011-05-16,1.0458238712926573,1.0,1.0,1.0
2011-05-17,1.046679112585829,1.0,1.0,1.0
2011-05-18,1.0555950630693036,1.0,1.0,1.0
2011-05-19,1.055778954524472,1.0,1.0,1.0
2011-05-20,1.0527077895161194,1.0,1.0,1.0
2011-05-23,1.0428927694062833,1.0,1.0,1.0
2011-05-24,1.046763066903884,1.0,1.0,1.0
2011-05-25,1.0521867119394703,1.0,1.0,1.0
2011-05-26,1.055560607899867,1.0,1.0,1.0
2011-05-27,1.059928151997016,1.0,1.0,1.0
2011-05-31,1.0691227034151112,1.0,1.0,1.0
2011-06-01,1.0523126717055518,1.0,1.0,1.0
2011-06-02,1.0505256916967651,1.0,1.0,1.0
2011-06-03,1.0452763460927763,1.0,1.0,1.0
2011-06-06,1.0373490648527475,1.0,1.0,1.0
2011-06-07,1.039201794309043,1.0,1.0,1.0
2011-06-08,1.0372422655275728,1.0,1.0,1.0
2011-06-09,1.0431233190449547,1.0,1.0,1.0
2011-06-10,1.030750110836491,1.0,1.0,1.0
2011-06-13,1.0268072835611881,1.0,1.0,1.0
2011-06-14,1.0368514141213008,1.0,1.0,1.0
2011-06-15,1.0249392039073106,1.0,1.0,1.0
2011-06-16,1.0238542414176068,1.0,1.0,1.0
2011-06-17,1.025278619456873,1.0,1.0,1.0
2011-06-20,1.0286805418693947,1.0,1.0,1.0
2011-06-21,1.038545564148334,1.0,1.0,1.0
2011-06-22,1.035040620280798,1.0,1.0,1.0
2011-06-23,1.030509044426027,1.0,1.0,1.0
2011-06-24,1.0223381126687678,1.0,1.0,1.0
2011-06-27,1.0250459701093333,1.0,1.0,1.0
2011-06-28,1.0343884078595142,1.0,1.0,1.0
2011-06-29,1.0426181889047421,1.0,1.0,1.0
2011-06-30,1.0474406872365627,1.0,1.0,1.0
2011-07-01,1.0543356903912309,1.0,1.0,1.0
2011-07-05,1.0592453051827855,1.0,1.0,1.0
2011-07-06,1.0612339486685163,1.0,1.0,1.0
2011-07-07,1.0701988589330083,1.0,1.0,1.0
2011-07-08,1.066682425671846,1.0,1.0,1.0
2011-07-11,1.054310415421962,1.0,1.0,1.0
2011-07-12,1.05326968746256,1.0,1.0,1.0
2011-07-13,1.0608637515425747,1.0,1.0,1.0
2011-07-14,1.0537436752217815,1.0,1.0,1.0
2011-07-15,1.0597896225820567,1.0,1.0,1.0
2011-07-18,1.0542809997881637,1.0,1.0,1.0
2011-07-19,1.0644482015619259,1.0,1.0,1.0
2011-07-20,1.0659202151460743,1.0,1.0,1.0
2011-07-21,1.0724653134726003,1.0,1.0,1.0
2011-07-22,1.0752092114085823,1.0,1.0,1.0
2011-07-25,1.0711698677375132,1.0,1.0,1.0
2011-07-26,1.0708262360485112,1.0,1.0,1.0
2011-07-27,1.055601834219276,1.0,1.0,1.0
2011-07-28,1.0540791502600577,1.0,1.0,1.0
2011-07-29,1.0522183945708394,1.0,1.0,1.0
2011-08-01,1.0492727079310673,1.0,1.0,1.0
2011-08-02,1.0366048786882442,1.0,1.0,1.0
2011-08-03,1.038606516900915,1.0,1.0,1.0
2011-08-04,1.0020321252542181,1.0,1.0,1.0
2011-08-05,0.9989186377608917,1.0,1.0,1.0
2011-08-08,0.9566330664171127,1.0,1.0,1.0
2011-08-09,0.9858099568239145,1.0,1.0,1.0
2011-08-10,0.9665062814760095,1.0,1.0,1.0
2011-08-11,0.9910042090842808,1.0,1.0,1.0
2011-08-12,0.996309645978776,1.0,1.0,1.0
2011-08-15,1.0114928428841234,1.0,1.0,1.0
2011-08-16,1.0069244333707286,1.0,1.0,1.0
2011-08-17,1.0105964229780355,1.0,1.0,1.0
2011-08-18,0.9823996218278465,1.0,1.0,1.0
2011-08-19,0.977801184687618,1.0,1.0,1.0
2011-08-22,0.9803137903456914,1.0,1.0,1.0
2011-08-23,0.9968709303018641,1.0,1.0,1.0
2011-08-24,0.9971344549457001,1.0,1.0,1.0
2011-08-25,0.9895208322240872,1.0,1.0,1.0
2011-08-26,1.0019261790582579,1.0,1.0,1.0
2011-08-29,1.0182877865127349,1.0,1.0,1.0
2011-08-30,1.0246764470547394,1.0,1.0,1.0
2011-08-31,1.0285162278796016,1.0,1.0,1.0
2011-09-01,1.0229308596447237,1.0,1.0,1.0
2011-09-02,1.0114654321428482,1.0,1.0,1.0
2011-09-06,1.0062712499168704,1.0,1.0,1.0
2011-09-07,1.021947903861981,1.0,1.0,1.0
2011-09-08,1.017171459821177,1.0,1.0,1.0
2011-09-09,0.9990601179176071,1.0,1.0,1.0
2011-09-12,0.9995069827636519,1.0,1.0,1.0
2011-09-13,1.0063780932879405,1.0,1.0,1.0
2011-09-14,1.0128632872160543,1.0,1.0,1.0
2011-09-15,1.0205181794689706,1.0,1.0,1.0
2011-09-16,1.0244905551879169,1.0,1.0,1.0
2011-09-19,1.0151787846676872,1.0,1.0,1.0
2011-09-20,1.0149058409202958,1.0,1.0,1.0
2011-09-21,0.9957402106093561,1.0,1.0,1.0
2011-09-22,0.9685381521153041,1.0,1.0,1.0
2011-09-23,0.9630413775764194,1.0,1.0,1.0
2011-09-26,0.97440786912792,1.0,1.0,1.0
2011-09-27,0.9859310884542758,1.0,1.0,1.0
2011-09-28,0.9652240777399067,1.0,1.0,1.0
2011-09-29,0.973484190265877,1.0,1.0,1.0
2011-09-30,0.9542441672310823,1.0,1.0,1.0
2011-10-03,0.9397064566864409,1.0,1.0,1.0
2011-10-04,0.9506353806909653,1.0,1.0,1.0
2011-10-05,0.9642746529306776,1.0,1.0,1.0
2011-10-06,0.9798666573040055,1.0,1.0,1.0
2011-10-07,0.972926241638483,1.0,1.0,1.0
2011-10-10,0.9969708135665771,1.0,1.0,1.0
2011-10-11,0.9971030012215263,1.0,1.0,1.0
2011-10-12,1.003872033106035,1.0,1.0,1.0
2011-10-13,1.0012829594905654,1.0,1.0,1.0
2011-10-14,1.0140883915374526,1.0,1.0,1.0
2011-10-17,1.0007458621702663,1.0,1.0,1.0
2011-10-18,1.0139477309876797,1.0,1.0,1.0
2011-10-19,1.0020720245275958,1.0,1.0,1.0
2011-10-20,1.0023492512053265,1.0,1.0,1.0
2011-10-21,1.0165478013117883,1.0,1.0,1.0
2011-10-24,1.0311902441169336,1.0,1.0,1.0
2011-10-25,1.0241044447232044,1.0,1.0,1.0
2011-10-26,1.0290290058436122,1.0,1.0,1.0
2011-10-27,1.055754516368654,1.0,1.0,1.0
2011-10-28,1.0556129047774279,1.0,1.0,1.0
2011-10-31,1.0391087571029767,1.0,1.0,1.0
2011-11-01,1.0215853671158939,1.0,1.0,1.0
2011-11-02,1.034494724335463,1.0,1.0,1.0
2011-11-03,1.0476362720785726,1.0,1.0,1.0
2011-11-04,1.0436414535064569,1.0,1.0,1.0
2011-11-07,1.05083703864626,1.0,1.0,1.0
2011-11-08,1.0573370897461525,1.0,1.0,1.0
2011-11-09,1.0306909210086137,1.0,1.0,1.0
2011-11-10,1.0355008258705753,1.0,1.0,1.0
2011-11-11,1.0501681679659907,1.0,1.0,1.0
2011-11-14,1.0428429786144342,1.0,1.0,1.0
2011-11-15,1.047283956351142,1.0,1.0,1.0
2011-11-16,1.0360338934797324,1.0,1.0,1.0
2011-11-17,1.019668467913749,1.0,1.0,1.0
2011-11-18,1.0201775124340104,1.0,1.0,1.0
2011-11-21,1.0054454656457628,1.0,1.0,1.0
2011-11-22,1.005956078788098,1.0,1.0,1.0
2011-11-23,0.9895302552593825,1.0,1.0,1.0
2011-11-25,0.9851012009110239,1.0,1.0,1.0
2011-11-28,1.008235103821554,1.0,1.0,1.0
2011-11-29,1.01028703387958,1.0,1.0,1.0
2011-11-30,1.039456460580838,1.0,1.0,1.0
2011-12-01,1.037568459364956,1.0,1.0,1.0
2011-12-02,1.0388408097836703,1.0,1.0,1.0
2011-12-05,1.0444126009030352,1.0,1.0,1.0
2011-12-06,1.045245319193079,1.0,1.0,1.0
2011-12-07,1.0463714462233076,1.0,1.0,1.0
2011-12-08,1.0281534668688526,1.0,1.0,1.0
2011-12-09,1.0400808008879996,1.0,1.0,1.0
2011-12-12,1.0269196832694392,1.0,1.0,1.0
2011-12-13,1.0207730429891035,1.0,1.0,1.0
2011-12-14,1.0074352575399965,1.0,1.0,1.0
2011-12-15,1.009312504412143,1.0,1.0,1.0
2011-12-16,1.014189750659288,1.0,1.0,1.0
2011-12-19,1.0061044274541893,1.0,1.0,1.0
2011-12-20,1.0279309123095273,1.0,1.0,1.0
2011-12-21,1.028995601965299,1.0,1.0,1.0
2011-12-22,1.0343664372343118,1.0,1.0,1.0
2011-12-23,1.038718469861693,1.0,1.0,1.0
2011-12-27,1.0392926029192318,1.0,1.0,1.0
2011-12-28,1.027420539241614,1.0,1.0,1.0
2011-12-29,1.035318590348473,1.0,1.0,1.0
2011-12-30,1.033772303649112,1.0,1.0,1.0
2012-01-03,1.0496785127251145,1.0,1.0,1.0
2012-01-04,1.0491498933521837,1.0,1.0,1.0
2012-01-05,1.0494909498085772,1.0,1.0,1.0
2012-01-06,1.0471010992013683,1.0,1.0,1.0
2012-01-09,1.048659771284523,1.0,1.0,1.0
2012-01-10,1.0579050178614902,1.0,1.0,1.0
2012-01-11,1.059240678984625,1.0,1.0,1.0
2012-01-12,1.059624729677419,1.0,1.0,1.0
2012-01-13,1.056458246339348,1.0,1.0,1.0
2012-01-17,1.0617869292389617,1.0,1.0,1.0
2012-01-18,1.069521777503326,1.0,1.0,1.0
2012-01-19,1.0717758328202658,1.0,1.0,1.0
2012-01-20,1.0720485691534625,1.0,1.0,1.0
2012-01-23,1.0742326838817065,1.0,1.0,1.0
2012-01-24,1.0729815832966179,1.0,1.0,1.0
2012-01-25,1.0835793534663385,1.0,1.0,1.0
2012-01-26,1.0830248821683515,1.0,1.0,1.0
2012-01-27,1.0841249478385568,1.0,1.0,1.0
2012-01-30,1.0799764141420367,1.0,1.0,1.0
2012-01-31,1.0814729856539123,1.0,1.0,1.0
2012-02-01,1.0879888235535529,1.0001614113986779,0.9996732258315756,0.9996732258315756
2012-02-02,1.0902515210193537,1.001479192172298,1.00094698300431,1.00094698300431
2012-02-03,1.0974518620826004,0.9951644476886379,0.995235691590262,0.995235691590262
2012-02-06,1.0965257334906877,0.9950845899873855,0.9955534923083917,0.9955534923083917
2012-02-07,1.0991084227724206,0.9964063950782093,0.9953522150322865,0.9953522150322865
2012-02-08,1.100743031417187,0.9956811110299304,0.9950209849282897,0.9950209849282897
2012-02-09,1.1010850566579586,0.9931601500007543,0.9929186608581315,0.9929186608581315
2012-02-10,1.093953516634014,0.9939991709955482,0.994492222496692,0.994492222496692
2012-02-13,1.1007430279501302,0.9962379806198718,0.9962157397515026,0.9962157397515026
2012-02-14,1.0994872192674858,0.9982211232601033,0.9982516077073833,0.9982516077073833
2012-02-15,1.0977887075015338,0.9983291574940246,0.9983602282757564,0.9983602282757564
2012-02-16,1.1051847876623488,0.9998918578720902,0.9991973176238617,0.9991973176238617
2012-02-17,1.1060856251992937,0.998535876980199,0.9980307420605983,0.9980307420605983
2012-02-21,1.1092145824483814,0.996973244110696,0.9955717376593589,0.9955717376593589
2012-02-22,1.1097953869607913,1.0013158602952585,0.9992858755635806,0.9992858755635806
2012-02-23,1.1150968667999859,1.0024932170803054,1.0006651834627576,1.0006651834627576
2012-02-24,1.1178769443230858,1.0050556586252746,1.003007161673885,1.003007161673885
2012-02-27,1.1173788655244683,1.0068566988971368,1.00500953942644,1.00500953942644
2012-02-28,1.1216369877452201,1.0085262646129776,1.0063263440683523,1.0063263440683523
2012-02-29,1.1119682241672486,0.997159592519229,0.9977592997604771,0.9977592997604771
2012-03-01,1.1192800514267722,0.9984548145179576,0.9977035943989676,0.9977035943989676
2012-03-02,1.114843995500974,1.000197117608663,0.9997092964384773,0.9997092964384773
2012-03-05,1.109356951788616,0.9986159736390944,0.9986983632714572,0.9986983632714572
2012-03-06,1.0944820668696589,0.9941486952884759,0.9956687748445182,0.9956687748445182
2012-03-07,1.100629517321444,0.9948535731882288,0.9959310213609158,0.9959310213609158
2012-03-08,1.1094029555806244,0.9978967519415602,0.9982278757798376,0.9982278757798376
2012-03-09,1.113455250413954,1.001107311429336,1.000643142413021,1.000643142413021
2012-03-12,1.1108824423474248,1.0022127357196586,1.0022161920695098,1.0022161920695098
2012-03-13,1.120601561242364,0.9994621368261776,1.0006144647809614,1.0006144647809614
2012-03-14,1.112554081807868,0.9875441197588798,0.989937074626841,0.989937074626841
2012-03-15,1.1166787998491872,0.9897248119379646,0.9912943926002713,0.9912943926002713
2012-03-16,1.1189086379224178,0.9899697195742155,0.991289164133636,0.991289164133636
2012-03-19,1.120752468231356,0.9861992697699563,0.9872833149321384,0.9872833149321384
2012-03-20,1.1145067845053533,0.9846964626309409,0.9863938054068061,0.9863938054068061
2012-03-21,1.1145630103514637,0.9872929221845773,0.989167126216481,0.989167126216481
2012-03-22,1.107661558507116,0.9873631121292175,0.989591767980179,0.989591767980179
2012-03-23,1.1136799713675547,0.9924828200558935,0.9937922296053204,0.9937922296053204
2012-03-26,1.1247238152910435,0.9995470624217608,0.9993320648101943,0.9993320648101943
2012-03-27,1.122943257474491,1.0015196419094343,1.0021310634529037,1.0021310634529037
2012-03-28,1.1157899413067047,0.9970917236361979,0.9985071981527354,0.9985071981527354
2012-03-29,1.1140098148555586,0.9997710272379643,1.0013788691361267,1.0013788691361267
2012-03-30,1.1161185204962778,1.0000962183451334,1.001414239452414,1.001414239452414
2012-04-02,1.1250868272170864,1.0058329883268091,1.006923747993748,1.006923747993748
2012-04-03,1.1182465508072306,0.9974857368751698,1.0002261041236975,1.0002261041236975
2012-04-04,1.1073862057266768,0.9947895712881217,0.9984809683784475,0.9984809683784475
2012-04-05,1.1089233640273952,0.9976955150754455,1.0005820154089797,1.0005820154089797
2012-04-09,1.1027859689528245,1.0007746814761356,1.001844397784961,1.001844397784961
2012-04-10,1.0914585644594006,0.9989315749227494,0.9982698694706865,0.9982698694706865
2012-04-11,1.0968803332917905,0.9982974442083236,0.9984203235126239,0.9984203235126239
2012-04-12,1.1088540238377298,1.0014907626391782,1.000700457196089,1.000700457196089
2012-04-13,1.0999073914573085,1.0001846723726016,1.0001012002917908,1.0001012002917908
2012-04-16,1.099114292395447,0.9998744827910651,1.0006281082912756,1.0006281082912756
2012-04-17,1.109428929142088,1.0053120115465901,1.0065982493143721,1.0065982493143721
2012-04-18,1.1057293570944613,1.004437696818206,1.006249635154334,1.006249635154334
2012-04-19,1.1023575789577784,1.0020540185122797,1.003765416696212,1.003765416696212
2012-04-20,1.104835137509863,1.0049173289010425,1.0073866264449802,1.0073866264449802
2012-04-23,1.0966925993250205,1.001139244317474,1.0024478641974701,1.0024478641974701
2012-04-24,1.0987417969440987,1.0000797365890044,1.0016373836213952,1.0016373836213952
2012-04-25,1.1078721430707845,1.0057232658371282,1.0074077673618795,1.0074077673618795
2012-04-26,1.113809705554096,1.0122307332547527,1.0137120156365753,1.0137120156365753
2012-04-27,1.116666008068,1.0142515750165515,1.0153618064580194,1.0153618064580194
2012-04-30,1.1139693307586367,1.0135493294539792,1.014362979833467,1.014362979833467
2012-05-01,1.1174063299666739,1.0140907691547532,1.0148317256705943,1.0148317256705943
2012-05-02,1.1150591087426744,1.0172637010225052,1.017550356638726,1.017550356638726
2012-05-03,1.1067701706954733,1.0129182991158223,1.0143322596383095,1.0143322596383095
2012-05-04,1.0949143901100156,1.0025842148316728,1.0059844597208913,1.0059844597208913
2012-05-07,1.0949840702763536,1.0024310258756715,1.0059670435171677,1.0059670435171677
2012-05-08,1.0900850310925618,1.0001032659807068,1.0041047323441576,1.0041047323441576
2012-05-09,1.0843048807126983,0.9983691464573241,1.0023576929302946,1.0023576929302946
2012-05-10,1.0857511774286484,0.9977845598427312,1.0025002526312423,1.0025002526312423
2012-05-11,1.0828296113887093,0.9990221501299589,1.0035162511054423,1.0035162511054423
2012-05-14,1.0727973698579791,0.9960581500235947,1.001157388186646,1.001157388186646
2012-05-15,1.0672046279202057,0.9952986182831814,1.0004260520918995,1.0004260520918995
2012-05-16,1.0623607804347723,0.9937014231430026,0.9995942636238045,0.9995942636238045
2012-05-17,1.055027689110727,0.985846742541494,0.9929469690394973,0.9929469690394973
2012-05-18,1.050514004224417,0.9798886554756258,0.9876395843436003,0.9876395843436003
2012-05-21,1.063226366171679,0.9912392840103909,0.9964979655668007,0.9964979655668007
2012-05-22,1.0597405602207874,0.9891852440038945,0.994939350817477,0.994939350817477
2012-05-23,1.0593640484332392,0.991696784067707,0.9969069052451314,0.9969069052451314
2012-05-24,1.060661624601422,0.9910278087789585,0.9971523574874316,0.9971523574874316
2012-05-25,1.060154598309577,0.9911446128971455,0.9975046607886251,0.9975046607886251
2012-05-29,1.0670675912679082,0.998252767191983,1.0036893741708637,1.0036893741708637
2012-05-30,1.0572308681791713,0.9976124441799906,1.003245997095535,1.003245997095535
2012-05-31,1.0558261276689944,0.9980017807448637,1.0037106766777935,1.0037106766777935
2012-06-01,1.0422022882599014,0.9883327496256692,0.9977652738294537,0.9977652738294537
2012-06-04,1.042218443715954,0.9894506187006107,0.997799352898879,0.997799352898879
2012-06-05,1.046036604674141,0.9899042494739357,0.9978426187671731,0.9978426187671731
2012-06-06,1.061690551659682,0.9989386878041153,1.004428750142149,1.004428750142149
2012-06-07,1.0599173585582817,0.999379041506399,1.0059813747035005,1.0059813747035005
2012-06-08,1.0643064869248562,1.0047441182466155,1.0101775440501062,1.0101775440501062
2012-06-11,1.054177275226941,0.9980859665171844,1.0058707863969933,1.0058707863969933
2012-06-12,1.0632469431853586,1.0013305396349266,1.0072637585835873,1.0072637585835873
2012-06-13,1.0585570145852505,0.999320388747356,1.0068673812312852,1.0068673812312852
2012-06-14,1.0658715070817404,1.0034704950077324,1.0100389831033492,1.0100389831033492
2012-06-15,1.0729880099898848,1.0115056242989628,1.0171642952960573,1.0171642952960573
2012-06-18,1.0745651027489584,1.0170354971012543,1.0214559532565477,1.0214559532565477
2012-06-19,1.0810825744924757,1.0184917914023595,1.0215740184657534,1.0215740184657534
2012-06-20,1.0767232883449036,1.0175678176646517,1.0195404798961145,1.0195404798961145
2012-06-21,1.0569068328865754,1.005160035472082,1.0100769571475074,1.0100769571475074
2012-06-22,1.062112627628151,1.0065887451549944,1.0102577440848852,1.0102577440848852
2012-06-25,1.0546296206059433,1.0003843451427787,1.0067180091388623,1.0067180091388623
2012-06-26,1.0568351272773682,1.0033640062212736,1.0085636325465317,1.0085636325465317
2012-06-27,1.0638965294581257,1.007552025219675,1.0129563212824448,1.0129563212824448
2012-06-28,1.0603809571566842,1.004928577147907,1.0120815852291758,1.0120815852291758
2012-06-29,1.0845508017061816,1.0164410660093093,1.019961484320723,1.019961484320723
2012-07-02,1.0869160954962078,1.022167381905796,1.0250413261914793,1.0250413261914793
2012-07-03,1.0974723152356378,1.0223018918787339,1.0247821847848453,1.0247821847848453
2012-07-05,1.0932999006181228,1.0224233812247823,1.0252102291045997,1.0252102291045997
2012-07-06,1.0840351778730901,1.0219572117884588,1.0260712666163132,1.0260712666163132
2012-07-09,1.0851511846926896,1.022937680119517,1.0269264854397577,1.0269264854397577
2012-07-10,1.0768758452170084,1.0218871864604424,1.0267198039468344,1.0267198039468344
2012-07-11,1.0795037980727296,1.0220845257038738,1.0274591056073248,1.0274591056073248
2012-07-12,1.0767925663583071,1.0232259421597474,1.029824642036008,1.029824642036008
2012-07-13,1.0883613320838064,1.0283805881807788,1.0335111418685081,1.0335111418685081
2012-07-16,1.0883088095159477,1.0288803314078583,1.034492313150707,1.034492313150707
2012-07-17,1.0926870851395083,1.0288606679759333,1.0343519391856788,1.0343519391856788
2012-07-18,1.0978201263511995,1.0336346719872531,1.0382891545742026,1.0382891545742026
2012-07-19,1.1023704305447801,1.0348119843011003,1.0390272072713886,1.0390272072713886
2012-07-20,1.0962186667385354,1.0350630850449614,1.0400426431459937,1.0400426431459937
2012-07-23,1.0851757160916018,1.0314561037151002,1.036926186027147,1.036926186027147
2012-07-24,1.0797955556849674,1.0296002365469348,1.0359207549705924,1.0359207549705924
2012-07-25,1.0818228549638849,1.029751471762237,1.0365385100311266,1.0365385100311266
2012-07-26,1.0926296674704383,1.0360565470971892,1.0414684872715094,1.0414684872715094
2012-07-27,1.1056683419168427,1.0384750128313864,1.0416381132028576,1.0416381132028576
2012-07-30,1.1063400904687515,1.0423415239410514,1.0453030574645954,1.0453030574645954
2012-07-31,1.1005577959329047,1.0424159839751417,1.045861404705728,1.045861404705728
2012-08-01,1.098020690011639,1.0374245589362774,1.0400448198410788,1.0400448198410788
2012-08-02,1.091500283257602,1.0336718989367861,1.0356734695761254,1.0356734695761254
2012-08-03,1.1078658501207073,1.0446443196199175,1.046524993256788,1.046524993256788
2012-08-06,1.1116287439116854,1.0461127603919538,1.0472382600026564,1.0472382600026564
2012-08-07,1.115073719618267,1.043552686841439,1.0430300599466023,1.0430300599466023
2012-08-08,1.1151680300596596,1.0439227066765713,1.0440742386299655,1.0440742386299655
2012-08-09,1.1170998425005796,1.043442091087757,1.0433120160809006,1.0433120160809006
2012-08-10,1.1180572113235479,1.0457518742869094,1.045672338719558,1.045672338719558
2012-08-13,1.115118933409959,1.045374247930158,1.0450712585856419,1.0450712585856419
2012-08-14,1.1142161633406977,1.0440476723235348,1.0439865619169868,1.0439865619169868
2012-08-15,1.114696613337333,1.0418699066682113,1.0414709765894303,1.0414709765894303
2012-08-16,1.1208549726025114,1.0437510670929984,1.0423304907013886,1.0423304907013886
2012-08-17,1.12251307801917,1.044997988280251,1.0428864889351817,1.0428864889351817
2012-08-20,1.1239161404198803,1.0454884251412366,1.0436434014636875,1.0436434014636875
2012-08-21,1.124492378014695,1.0419760167816474,1.039633818679875,1.039633818679875
2012-08-22,1.1278800761809336,1.044943409639467,1.0418477381937747,1.0418477381937747
2012-08-23,1.1232106443005796,1.0396642018129343,1.0361057717329751,1.0361057717329751
2012-08-24,1.1264770777892883,1.0458249633288967,1.042215522942656,1.042215522942656
2012-08-27,1.1259852046886796,1.047552340088367,1.0440998350491728,1.0440998350491728
2012-08-28,1.126173169717631,1.047411982463801,1.0438112607475794,1.0438112607475794
2012-08-29,1.1249280633722882,1.0477466184513953,1.0436291050621607,1.0436291050621607
2012-08-30,1.1193114039977285,1.0436237106392603,1.0397207424716568,1.0397207424716568
2012-08-31,1.1287807279153392,1.048587823746489,1.0437428282613717,1.0437428282613717
2012-09-04,1.1280019235969347,1.0488561852532006,1.0442891896322024,1.0442891896322024
2012-09-05,1.1266249250411304,1.0477007045002742,1.0430800436782162,1.0430800436782162
2012-09-06,1.139109099984589,1.0614198861642288,1.0560506547883468,1.0560506547883468
2012-09-07,1.1470542063831006,1.059496022588942,1.0536641582308508,1.0536641582308508
2012-09-10,1.142504380215779,1.0546981980551013,1.0494883691328947,1.0494883691328947
2012-09-11,1.1453857240467864,1.053242933931722,1.0478559895677872,1.0478559895677872
2012-09-12,1.1460826154943327,1.0525526967230268,1.0465457992491882,1.0465457992491882
2012-09-13,1.1613133592213254,1.063759000398484,1.0578787631299262,1.0578787631299262
2012-09-14,1.1636903754577124,1.0601421405527423,1.053291016326576,1.053291016326576
2012-09-17,1.1575508330815172,1.0633580195217482,1.0567737835319242,1.0567737835319242
2012-09-18,1.1581238289060396,1.0652174421639902,1.0590369600333458,1.0590369600333458
2012-09-19,1.1564513031074783,1.0693886724686767,1.0631096168274239,1.0631096168274239
2012-09-20,1.156297817973508,1.0708328020643725,1.0650475586807329,1.0650475586807329
2012-09-21,1.156590784270267,1.0710376818305638,1.065018753371056,1.065018753371056
2012-09-24,1.1543183755231443,1.0708525990028686,1.06548837196788,1.06548837196788
2012-09-25,1.146530427168676,1.0641212561852982,1.0594117937466245,1.0594117937466245
2012-09-26,1.1426808564859297,1.0611831466164148,1.0569656125117837,1.0569656125117837
2012-09-27,1.1524926695418587,1.0680648859771895,1.0631501048244218,1.0631501048244218
2012-09-28,1.148884623885103,1.0633333102103086,1.058701273820653,1.058701273820653
2012-10-01,1.1518397266393743,1.063353744673547,1.0585371863244069,1.0585371863244069
2012-10-02,1.1518375583302247,1.0646230804177874,1.0597327055638956,1.0597327055638956
2012-10-03,1.1506015519487147,1.069888599057485,1.0649927854783345,1.0649927854783345
2012-10-04,1.158964206788593,1.0778528473620512,1.0728431241023184,1.0728431241023184
2012-10-05,1.1559934547911057,1.0761859172522394,1.0712952424560949,1.0712952424560949
2012-10-08,1.1530900903173078,1.070495011878629,1.0656927226460822,1.0656927226460822
2012-10-09,1.147750871246738,1.0575524506486298,1.0527398334361497,1.0527398334361497
2012-10-10,1.1435825236936863,1.0533549950529952,1.0483896300151065,1.0483896300151065
2012-10-11,1.1468626915356694,1.0530377073408346,1.0479348233730368,1.0479348233730368
2012-10-12,1.142816208140881,1.0483989644872356,1.0435627985863005,1.0435627985863005
2012-10-15,1.1464559596875905,1.0568906176339157,1.0520200376506816,1.0520200376506816
2012-10-16,1.1538521202018612,1.0675544128157626,1.0626852557182322,1.0626852557182322
2012-10-17,1.157327794951545,1.0722673311861082,1.06726126722406,1.06726126722406
2012-10-18,1.1545866320626856,1.0671293674755307,1.0622248650244146,1.0622248650244146
2012-10-19,1.1409237837843011,1.046693487430754,1.0419176962490913,1.0419176962490913
2012-10-22,1.1410980971735143,1.0482074867382507,1.0433386832267397,1.0433386832267397
2012-10-23,1.128776095662782,1.037024948218482,1.0321880351652521,1.0321880351652521
2012-10-24,1.125526177364608,1.0337784843476334,1.0289128682172424,1.0289128682172424
2012-10-25,1.128908727348134,1.0346452054752526,1.0297504912753097,1.0297504912753097
2012-10-26,1.1293587437214565,1.034219833051664,1.029464543558771,1.029464543558771
2012-10-31,1.130844187999934,1.0351462953665638,1.0302942483156339,1.0302942483156339
2012-11-01,1.1371512790459264,1.0414554321018235,1.0365583352606558,1.0365583352606558
2012-11-02,1.126337240046381,1.035147910612438,1.0303422705564356,1.0303422705564356
2012-11-05,1.1293207973423807,1.0384495620361818,1.0331824542703807,1.0331824542703807
2012-11-06,1.1376740297974308,1.0402856994041492,1.035524373272217,1.035524373272217
2012-11-07,1.1221966181217198,1.028037343534806,1.0225988817644713,1.0225988817644713
2012-11-08,1.1164666472095492,1.0187508920314368,1.0125993157302517,1.0125993157302517
2012-11-09,1.1180084622454565,1.0201107543166046,1.0138340526171483,1.0138340526171483
2012-11-12,1.117546864905411,1.0211444082192962,1.0149970515530928,1.0149970515530928
2012-11-13,1.1150602884750687,1.019424960966312,1.0132551422424547,1.0132551422424547
2012-11-14,1.1069458028403707,1.0094571064925122,1.0029043990691282,1.0029043990691282
2012-11-15,1.104803894821054,1.0069491814948923,1.0005343254952028,1.0005343254952028
2012-11-16,1.1083927210604387,1.0112381135756787,1.0051914345831583,1.0051914345831583
2012-11-19,1.1247817346581797,1.027062277787457,1.0211547427081837,1.0211547427081837
2012-11-20,1.1231681587778544,1.0271235845129,1.021938987403251,1.021938987403251
2012-11-21,1.1248198914028464,1.0286250015765546,1.0233940241722796,1.0233940241722796
2012-11-23,1.135080557689571,1.040783592150476,1.0359100731440067,1.0359100731440067
2012-11-26,1.134848761250436,1.0402836019456105,1.0346778518405906,1.0346778518405906
2012-11-27,1.1318470837493149,1.0377085047790002,1.0318873116311158,1.0318873116311158
2012-11-28,1.1351794119126932,1.04524263146655,1.0397882493630017,1.0397882493630017
2012-11-29,1.14116807837198,1.0497749701493122,1.0445184710539608,1.0445184710539608
2012-11-30,1.1406819440239087,1.0498259256187357,1.044883019243454,1.044883019243454
2012-12-03,1.1382100535812203,1.045399176927899,1.0404767519608928,1.0404767519608928
2012-12-04,1.1360382612977347,1.0444688134332378,1.0396431025726713,1.0396431025726713
2012-12-05,1.1370833420707434,1.0447854310166662,1.0399676712908132,1.0399676712908132
2012-12-06,1.1385661142524222,1.0483549377814467,1.0433784144743323,1.0433784144743323
2012-12-07,1.1398813930223026,1.0506258939011832,1.0457039147535925,1.0457039147535925
2012-12-10,1.1412493545867537,1.0512806300459852,1.0464304382955112,1.0464304382955112
2012-12-11,1.1445369013999331,1.0598948090747866,1.0550022907383587,1.0550022907383587
2012-12-12,1.1451156114904715,1.0593462206540494,1.0544039429414522,1.0544039429414522
2012-12-13,1.138865471439489,1.0522034998887524,1.0472123185738653,1.0472123185738653
2012-12-14,1.1376321930468154,1.0476901406195598,1.0427830797292197,1.0427830797292197
2012-12-17,1.1442249800140467,1.0626345049699257,1.057284968547879,1.057284968547879
2012-12-18,1.1495842843930428,1.075795302149795,1.0700715470300464,1.0700715470300464
2012-12-19,1.146555617043703,1.0698187218514894,1.0638168307545488,1.0638168307545488
2012-12-20,1.1477709811553278,1.0748594683853954,1.0685471028498226,1.0685471028498226
2012-12-21,1.1425967169484612,1.065393295174211,1.0592095652009448,1.0592095652009448
2012-12-24,1.1402386884077333,1.0627462920088322,1.0565411315836148,1.0565411315836148
2012-12-26,1.1400416300913285,1.0567261129201013,1.0505382570076467,1.0505382570076467
2012-12-27,1.140865270887878,1.055405363176133,1.0492979727607177,1.0492979727607177
2012-12-28,1.1341788951530887,1.046013180348979,1.039879929002129,1.039879929002129
2012-12-31,1.1459877087850796,1.0640517984711448,1.0575981867154407,1.0575981867154407
2013-01-02,1.164007902852734,1.0906085203492553,1.0839394309395427,1.0839394309395427
2013-01-03,1.1588286637080911,1.084466065234265,1.079402876991391,1.079402876991391
2013-01-04,1.1623065066767337,1.0871251093267766,1.0821994768996441,1.0821994768996441
2013-01-07,1.159556655376279,1.0862665878754116,1.0815690589136266,1.0815690589136266
2013-01-08,1.158765029855777,1.0854689124555568,1.0803661320010551,1.0803661320010551
2013-01-09,1.1610999271921916,1.0883412409838127,1.0838137661013627,1.0838137661013627
2013-01-10,1.1668581266369709,1.097573496216738,1.092533167129363,1.092533167129363
2013-01-11,1.1661149295061006,1.0959026634522286,1.0914539951748634,1.0914539951748634
2013-01-14,1.1674457750870026,1.097474544635706,1.0920807982664111,1.0920807982664111
2013-01-15,1.16869940091623,1.0992154095198632,1.0933315724502435,1.0933315724502435
2013-01-16,1.1685847332588892,1.1004317570498938,1.0941881732172916,1.0941881732172916
2013-01-17,1.1737086156494592,1.1068434309872315,1.1007676119811496,1.1007676119811496
2013-01-18,1.1773707937489604,1.1080752799687197,1.1019242972510868,1.1019242972510868
2013-01-22,1.1817218020368807,1.1134692725171642,1.1068450213210617,1.1068450213210617
2013-01-23,1.1809921034755815,1.116793536177497,1.109921561359056,1.109921561359056
2013-01-24,1.1801629323749412,1.1113950521211104,1.1061388741953293,1.1061388741953293
2013-01-25,1.1814793815615572,1.1141093717845785,1.1102325380414597,1.1102325380414597
2013-01-28,1.179207091338495,1.1106763058019793,1.1072289719968829,1.1072289719968829
2013-01-29,1.1837944849618072,1.1158785417327675,1.1119073236149886,1.1119073236149886
2013-01-30,1.1825086818861026,1.1168591503468417,1.111581484886785,1.111581484886785
2013-01-31,1.1802366947926863,1.1123568459424482,1.107775592497136,1.107775592497136
2013-02-01,1.1865164465015932,1.121132384782566,1.1162858344219941,1.1162858344219941
2013-02-04,1.1786125522075865,1.1074158952652238,1.1026422890078373,1.1026422890078373
2013-02-05,1.184537066251341,1.1181336830091806,1.1133430452867423,1.1133430452867423
2013-02-06,1.185964045975631,1.1191697502311777,1.1143181548445737,1.1143181548445737
2013-02-07,1.183065723672996,1.1167692650032182,1.1120659509965052,1.1120659509965052
2013-02-08,1.1875331401157672,1.1220894656655043,1.1173416748869731,1.1173416748869731
2013-02-11,1.186304130992745,1.1216960651419918,1.1167748048527222,1.1167748048527222
2013-02-12,1.1880264865896344,1.1247357969015566,1.1194612589122068,1.1194612589122068
2013-02-13,1.1879385827488744,1.1253984983270993,1.1202094395227575,1.1202094395227575
2013-02-14,1.1882278598078548,1.1260497987147646,1.1207793394488788,1.1207793394488788
2013-02-15,1.1842644404629712,1.1254102787560096,1.1203541047143333,1.1203541047143333
2013-02-19,1.188143427308153,1.134587720986603,1.1295241868266304,1.1295241868266304
2013-02-20,1.1754062676150991,1.1230828302421114,1.1185849220503161,1.1185849220503161
2013-02-21,1.1698114589174566,1.1158157438848528,1.111626736945107,1.111626736945107
2013-02-22,1.1770960840475064,1.1255817922123952,1.1211354940485905,1.1211354940485905
2013-02-25,1.166546915699883,1.1049069887585634,1.1010401397624672,1.1010401397624672
2013-02-26,1.171744537283727,1.1113482985264547,1.1073137905242125,1.1073137905242125
2013-02-27,1.1786209088289743,1.1251282130654474,1.120757126296426,1.120757126296426
2013-02-28,1.17672514090827,1.1248998577320701,1.1205168012583206,1.1205168012583206
2013-03-01,1.1782076544063096,1.1281701389972985,1.1239388150559817,1.1239388150559817
2013-03-04,1.1793559005988687,1.1356942193147876,1.1313683464382638,1.1313683464382638
2013-03-05,1.1869056304568497,1.145051575845775,1.140495584132626,1.140495584132626
2013-03-06,1.1878635225033012,1.146869337481704,1.1420294863431675,1.1420294863431675
2013-03-07,1.188866896681646,1.1493435934457137,1.1441648232216683,1.1441648232216683
2013-03-08,1.1922763682016855,1.1538231787968765,1.148476978622958,1.148476978622958
2013-03-11,1.1940733507626233,1.158279471858165,1.1527482380985146,1.1527482380985146
2013-03-12,1.1938361431889477,1.1559373922335054,1.150796155056622,1.150796155056622
2013-03-13,1.193290815624264,1.15804781723542,1.1528387417783565,1.1528387417783565
2013-03-14,1.1975375775304966,1.1632695899817032,1.1578072983069716,1.1578072983069716
2013-03-15,1.1975182332899625,1.1620521118188079,1.1562963652024545,1.1562963652024545
2013-03-18,1.1945836279492434,1.1536259012369703,1.1482094074883513,1.1482094074883513
2013-03-19,1.1923404968326068,1.1519125252926512,1.1471129628434262,1.1471129628434262
2013-03-20,1.1968453254064908,1.1613486088780534,1.1565953869615866,1.1565953869615866
2013-03-21,1.191296845837822,1.1523085800612198,1.1479822912637025,1.1479822912637025
2013-03-22,1.1955938174678193,1.1622893932270262,1.1579610322596754,1.1579610322596754
2013-03-25,1.1936516133514414,1.1574927746698283,1.1533469228075088,1.1533469228075088
2013-03-26,1.2002637187017136,1.1665429243589576,1.1626185861461125,1.1626185861461125
2013-03-27,1.2020592990911543,1.1655416712086066,1.1619689815036678,1.1619689815036678
2013-03-28,1.2033762032589521,1.170789450667453,1.1673739060079857,1.1673739060079857
2013-04-01,1.1985577121258153,1.165150944310694,1.1623483679031417,1.1623483679031417
2013-04-02,1.1982670615926017,1.1729144851612763,1.170513136232774,1.170513136232774
2013-04-03,1.1889354203883777,1.16284174770592,1.1609095664483218,1.1609095664483218
2013-04-04,1.1922088936106028,1.1702685601641984,1.1683265146195028,1.1683265146195028
2013-04-05,1.1923882332111813,1.1666209434331467,1.1647872423790226,1.1647872423790226
2013-04-08,1.1965198194117335,1.1757673608463866,1.1737602327681864,1.1737602327681864
2013-04-09,1.2011863868775947,1.176255404791589,1.174038436560667,1.174038436560667
2013-04-10,1.2078040912110994,1.1901661977978777,1.1876708080649392,1.1876708080649392
2013-04-11,1.2096630661997954,1.1960837395301294,1.1936930922821984,1.1936930922821984
2013-04-12,1.2010804773455495,1.1971091993954521,1.195244378142945,1.195244378142945
2013-04-15,1.1704117525452888,1.1719083195802895,1.1708736350405067,1.1708736350405067
2013-04-16,1.1828167743144713,1.1892258462076095,1.1881915691277272,1.1881915691277272
2013-04-17,1.1710693371223517,1.1764964229309058,1.1763053159325925,1.1763053159325925
2013-04-18,1.1696710408261917,1.1692726044605988,1.1696025571205364,1.1696025571205364
2013-04-19,1.176582220879246,1.1840029772477958,1.1846894756322657,1.1846894756322657
2013-04-22,1.1823118652252003,1.1867592728661085,1.1874512202998144,1.1874512202998144
2013-04-23,1.1877526093144044,1.1970465678751168,1.1970814074079028,1.1970814074079028
2013-04-24,1.1926907055105722,1.1944644285042105,1.1932583573241264,1.1932583573241264
2013-04-25,1.2010993757805908,1.199838197056227,1.1982844899964031,1.1982844899964031
2013-04-26,1.1977705896533746,1.1977218075637424,1.1965417782893801,1.1965417782893801
2013-04-29,1.205968051947382,1.20321805571776,1.202110971223855,1.202110971223855
2013-04-30,1.2070627408462502,1.2029853625922524,1.2015878010673324,1.2015878010673324
2013-05-01,1.1964766487653031,1.1901122118620207,1.1895868190142862,1.1895868190142862
2013-05-02,1.2063290267924316,1.1996057563161269,1.1978911665862881,1.1978911665862881
2013-05-03,1.213991370640635,1.2092745695895415,1.206164008828104,1.206164008828104
2013-05-06,1.2149750493957445,1.2077771039874177,1.2026607222602375,1.2026607222602375
2013-05-07,1.2175802528659714,1.2162871412380978,1.2113101091883614,1.2113101091883614
2013-05-08,1.2223567430431335,1.2177660318765209,1.2116936015414896,1.2116936015414896
2013-05-09,1.2181347792967563,1.211722536013777,1.204799227792869,1.204799227792869
2013-05-10,1.2184547909121426,1.218912032109408,1.2116043602807651,1.2116043602807651
2013-05-13,1.215596560749549,1.2203951140369595,1.2126813422556617,1.2126813422556617
2013-05-14,1.2202775005889686,1.2344105093987747,1.2260036319261514,1.2260036319261514
2013-05-15,1.2212562909836335,1.2428993047393797,1.2348669600025548,1.2348669600025548
2013-05-16,1.2193626985103285,1.2335381939996168,1.2253298224528286,1.2253298224528286
2013-05-17,1.2236839527127608,1.243975503332346,1.2352629186563266,1.2352629186563266
2013-05-20,1.2277779946048135,1.2395238913820172,1.2300818580422854,1.2300818580422854
2013-05-21,1.2264297383013805,1.243874798356154,1.234448969682552,1.234448969682552
2013-05-22,1.2160075467099902,1.2328389543334732,1.2234527427978161,1.2234527427978161
2013-05-23,1.2157476337035973,1.229086455297645,1.2193249369955024,1.2193249369955024
2013-05-24,1.2122413280348683,1.2277595426036607,1.2174219321539494,1.2174219321539494
2013-05-28,1.2150326623023244,1.2345252367145716,1.2221692264589845,1.2221692264589845
2013-05-29,1.2088872327496558,1.2202684771510033,1.2070315251434958,1.2070315251434958
2013-05-30,1.212722623825978,1.2252852466357909,1.2113685108672423,1.2113685108672423
2013-05-31,1.197588695843457,1.207864813421217,1.1944905430080857,1.1944905430080857
2013-06-03,1.2052821892257009,1.213338202501569,1.1999606017207178,1.1999606017207178
2013-06-04,1.20029237527568,1.2093492296275834,1.1960542607598237,1.1960542607598237
2013-06-05,1.190119310120366,1.190042938326239,1.1771297607116271,1.1771297607116271
2013-06-06,1.1973033340985069,1.201525282121406,1.1883488909636755,1.1883488909636755
2013-06-07,1.20098017106678,1.2182179654817948,1.2047752447841624,1.2047752447841624
2013-06-10,1.2005984879858194,1.218207489616983,1.2047359934408646,1.2047359934408646
2013-06-11,1.1913578400509661,1.206928867236117,1.1937594942484757,1.1937594942484757
2013-06-12,1.1858882953456964,1.1976262562175612,1.1845683420531086,1.1845683420531086
2013-06-13,1.1996542541772282,1.2164133261557875,1.2030241216804765,1.2030241216804765
2013-06-14,1.1964995488968262,1.2087916673547139,1.1956791532035491,1.1956791532035491
2013-06-17,1.2011401945416218,1.218549325211865,1.20526265825969,1.20526265825969
2013-06-18,1.2056983168871922,1.227464587699157,1.2140704126520492,1.2140704126520492
2013-06-19,1.1912336359485085,1.2083942756698849,1.1952168649518344,1.1952168649518344
2013-06-20,1.160199241143014,1.1751742584950684,1.1623930775046953,1.1623930775046953
2013-06-21,1.1616376462612834,1.1815188420108924,1.1687595860940945,1.1687595860940945
2013-06-24,1.1514266515246736,1.1681824195124937,1.1557491282994363,1.1557491282994363
2013-06-25,1.158745755856676,1.1792181958992642,1.1664152584018799,1.1664152584018799
2013-06-26,1.1618920061163767,1.1912475020298545,1.1783536087866004,1.1783536087866004
2013-06-27,1.1681299699517156,1.20029576501719,1.1871165607269138,1.1871165607269138
2013-06-28,1.1700825678393918,1.1957826052126606,1.1826634039831407,1.1826634039831407
2013-07-01,1.17597189355483,1.2038053944244225,1.1904155936948855,1.1904155936948855
2013-07-02,1.1745799391252787,1.2020906051096698,1.188542066365861,1.188542066365861
2013-07-03,1.1764948140325124,1.2024721891577737,1.1889999638515185,1.1889999638515185
2013-07-05,1.1768248562906185,1.219458519336237,1.2057505148906127,1.2057505148906127
2013-07-08,1.1836715182606987,1.2267351830223983,1.2129664590543214,1.2129664590543214
2013-07-09,1.1913720424414487,1.2367281529838055,1.222715169452803,1.222715169452803
2013-07-10,1.1918358590822757,1.2363244877397228,1.222557596220064,1.222557596220064
2013-07-11,1.2093381122194806,1.2512410502832656,1.2375265322403395,1.2375265322403395
2013-07-12,1.2096930106846713,1.2552758481234036,1.241389293142426,1.241389293142426
2013-07-15,1.2139647925604309,1.2582935498435515,1.2442230655380546,1.2442230655380546
2013-07-16,1.2113487948685546,1.251665447553967,1.2376593772294566,1.2376593772294566
2013-07-17,1.2127668944545378,1.255583893452173,1.241422344119517,1.241422344119517
2013-07-18,1.2164188810049776,1.2658757804206848,1.2514312837527648,1.2514312837527648
2013-07-19,1.2198143339324123,1.2740122894260515,1.2594542334427554,1.2594542334427554
2013-07-22,1.224591425221131,1.276256792371701,1.2617069851895981,1.2617069851895981
2013-07-23,1.224321144747945,1.27447613574511,1.259873943112541,1.259873943112541
2013-07-24,1.2159714287027632,1.2661239692916268,1.2518649767768437,1.2518649767768437
2013-07-25,1.219553680224632,1.2710898110257887,1.2565736644265224,1.2565736644265224
2013-07-26,1.2186216765241886,1.2708482083770294,1.2565680223437061,1.2565680223437061
2013-07-29,1.2143430187853208,1.2637731470232787,1.2497542027053667,1.2497542027053667
2013-07-30,1.2136937472312415,1.2638447637175394,1.2498690925359843,1.2498690925359843
2013-07-31,1.2154240032482122,1.2669436984177407,1.2529881844660953,1.2529881844660953
2013-08-01,1.2226637703662726,1.283431798451642,1.2690733291738718,1.2690733291738718
2013-08-02,1.2251737379626495,1.2859038928028017,1.2716201791630477,1.2716201791630477
2013-08-05,1.221907727564498,1.284322726056574,1.27004088105029,1.27004088105029
2013-08-06,1.2153242972085725,1.275525635128153,1.2614911310059493,1.2614911310059493
2013-08-07,1.2122716681537802,1.2698568375328556,1.2559404556131164,1.2559404556131164
2013-08-08,1.2201405430441814,1.2744213668725395,1.2604958778159385,1.2604958778159385
2013-08-09,1.2205861652571994,1.2709536056620252,1.257072132998668,1.257072132998668
2013-08-12,1.2240576076995264,1.2701165678199524,1.2562281851143287,1.2562281851143287
2013-08-13,1.2246333763099075,1.273222756699315,1.2592543773875482,1.2592543773875482
2013-08-14,1.2235931503956627,1.2649842827930393,1.2510348590025901,1.2510348590025901
2013-08-15,1.2164035107726963,1.2454069045978204,1.2316762964280965,1.2316762964280965
2013-08-16,1.213980891316147,1.2420006064198446,1.228241805369262,1.228241805369262
2013-08-19,1.206793702654646,1.234274017658304,1.2207917052788544,1.2207917052788544
2013-08-20,1.2103097401879057,1.2432745547123532,1.229576607130418,1.229576607130418
2013-08-21,1.202652413651668,1.2348273155437517,1.221228445693483,1.221228445693483
2013-08-22,1.2119456876651058,1.248208531435984,1.2343303833431483,1.2343303833431483
2013-08-23,1.220695960540643,1.250269653183065,1.236432069609116,1.236432069609116
2013-08-26,1.2195131014402845,1.2475680172460288,1.2337917342936169,1.2337917342936169
2013-08-27,1.211295109031507,1.2233766480063384,1.2101496427317744,1.2101496427317744
2013-08-28,1.2127473204612527,1.2269779228254452,1.2138082327142765,1.2138082327142765
2013-08-29,1.2131616079434546,1.2320891055183913,1.218785951189135,1.218785951189135
2013-08-30,1.2087247622701518,1.224067989373313,1.210986353816493,1.210986353816493
2013-09-03,1.214131669689801,1.2321251826256703,1.2188119311725802,1.2188119311725802
2013-09-04,1.2167961764900934,1.2438083490238365,1.2304249476002893,1.2304249476002893
2013-09-05,1.2151868967161092,1.24579091994334,1.2323409073780887,1.2323409073780887
2013-09-06,1.2206168493331238,1.246202928927608,1.2327214978367655,1.2327214978367655
2013-09-09,1.2278810177468642,1.2594656151360148,1.2455871165722106,1.2455871165722106
2013-09-10,1.2290623541086632,1.2719955679130155,1.2577351761438504,1.2577351761438504
2013-09-11,1.2321617311887225,1.2768249330798365,1.2626859569680915,1.2626859569680915
2013-09-12,1.2252275822141334,1.2714242344913886,1.2575922388370133,1.2575922388370133
2013-09-13,1.2289346925887141,1.2753863475243585,1.261427096913961,1.261427096913961
2013-09-16,1.2298912423200525,1.2850207795698931,1.2709009825453237,1.2709009825453237
2013-09-17,1.2323030322608122,1.2914244956599341,1.2770355669906228,1.2770355669906228
2013-09-18,1.2540600089107834,1.304363622700949,1.289818443694671,1.289818443694671
2013-09-19,1.2502559821068289,1.3028852480676474,1.288319504601194,1.288319504601194
2013-09-20,1.2392301131452732,1.295051382481051,1.2806220698085369,1.2806220698085369
2013-09-23,1.2364574230636858,1.2871479254423495,1.272887166261824,1.272887166261824
2013-09-24,1.236345833864629,1.286227277211175,1.2718584820281988,1.2718584820281988
2013-09-25,1.2346349900587525,1.2824341506037864,1.267782843938605,1.267782843938605
2013-09-26,1.2372679087799814,1.2881827144404814,1.273521607383543,1.273521607383543
2013-09-27,1.2337766822090823,1.284150593339096,1.2696236206729457,1.2696236206729457
2013-09-30,1.228882507478395,1.2790649805783663,1.2645978767675172,1.2645978767675172
2013-10-01,1.2315199525696532,1.2904828860283208,1.275956027003373,1.275956027003373
2013-10-02,1.235218127781022,1.2877074055806108,1.2733185014283375,1.2733185014283375
2013-10-03,1.228487556473419,1.2752556989949184,1.261034254638529,1.261034254638529
2013-10-04,1.2341204373429089,1.2857373375987882,1.2715377912166164,1.2715377912166164
2013-10-07,1.229857612694583,1.2720348303343307,1.2580273459987508,1.2580273459987508
2013-10-08,1.222118063494446,1.2546593830951491,1.240891054278987,1.240891054278987
2013-10-09,1.2192873378165003,1.253291683215833,1.239526267264747,1.239526267264747
2013-10-10,1.2350022137758603,1.2838924217932903,1.2694998099397283,1.2694998099397283
2013-10-11,1.2377989347659928,1.2934050436800704,1.278714978081145,1.278714978081145
2013-10-14,1.2401922226932574,1.299681023434265,1.2849709170697954,1.2849709170697954
2013-10-15,1.2345969541850588,1.2887853641400029,1.2743536274802572,1.2743536274802572
2013-10-16,1.2458188801940708,1.3075051781849816,1.2930612981285845,1.2930612981285845
2013-10-17,1.254657767615079,1.317876018994183,1.3032386353816208,1.3032386353816208
2013-10-18,1.2600374532756267,1.3251429973430187,1.310012669933167,1.310012669933167
2013-10-21,1.2592933505491384,1.3242847713777142,1.3090539049659133,1.3090539049659133
2013-10-22,1.2669521830318051,1.3316015816029423,1.3165736888931097,1.3165736888931097
2013-10-23,1.260616726983941,1.3262470876540393,1.311312415611738,1.311312415611738
2013-10-24,1.2634176375482853,1.3323380999851138,1.3171372459972113,1.3171372459972113
2013-10-25,1.267405374188572,1.337614953442581,1.3223401110579849,1.3223401110579849
2013-10-28,1.2685488810002443,1.337353100768829,1.3223780850703157,1.3223780850703157
2013-10-29,1.271473076705893,1.343247319180798,1.328439184069166,1.328439184069166
2013-10-30,1.2664165441001187,1.334901967209085,1.320355643759168,1.320355643759168
2013-10-31,1.260531587790849,1.3303465471452323,1.3160483198152924,1.3160483198152924
2013-11-01,1.2587813238030414,1.333132328950922,1.3189165680996693,1.3189165680996693
2013-11-04,1.2610176240056832,1.337869908757333,1.3233876062867345,1.3233876062867345
2013-11-05,1.255779229837291,1.3351706626104354,1.3208422286784647,1.3208422286784647
2013-11-06,1.260510835669946,1.3348193212941815,1.3204986809552475,1.3204986809552475
2013-11-07,1.2494635070176023,1.315461826883089,1.3014117460169439,1.3014117460169439
2013-11-08,1.254943894729291,1.3371382934295013,1.3226063489125577,1.3226063489125577
2013-11-11,1.2545165448836495,1.3379166909640827,1.3233431597037406,1.3233431597037406
2013-11-12,1.2493668708537424,1.3358929821835124,1.3215050598042426,1.3215050598042426
2013-11-13,1.2557570215345502,1.3487455227531708,1.3341719460085448,1.3341719460085448
2013-11-14,1.2627606872595298,1.3554846767631565,1.340935545477783,1.340935545477783
2013-11-15,1.266513739698014,1.3606847519232743,1.3460623922789183,1.3460623922789183
2013-11-18,1.26247803179778,1.354346568871212,1.3397559763302018,1.3397559763302018
2013-11-19,1.2592052888435672,1.3502680354272132,1.3357577848001638,1.3357577848001638
2013-11-20,1.252024712329148,1.3475165129340387,1.3330689220094094,1.3330689220094094
2013-11-21,1.2598280893539122,1.3620857195002953,1.3471022469766594,1.3471022469766594
2013-11-22,1.263829356389804,1.3717997568888856,1.3568992621101559,1.3568992621101559
2013-11-25,1.262910790714841,1.3735721625800035,1.3586850356404858,1.3586850356404858
2013-11-26,1.2627421647978165,1.3773881244851232,1.3623445839904291,1.3623445839904291
2013-11-27,1.2629906453214905,1.382619138570637,1.3674743428053042,1.3674743428053042
2013-11-29,1.2652516838189678,1.3827127192820374,1.36768315580899,1.36768315580899
2013-12-02,1.2577476583056,1.377652942320088,1.3627711551471875,1.3627711551471875
2013-12-03,1.2567653667624457,1.3678674102806214,1.353152586829166,1.353152586829166
2013-12-04,1.2582945923488438,1.3657703651988118,1.3509921590089342,1.3509921590089342
2013-12-05,1.2531182846375213,1.3634253274415251,1.3487851388794452,1.3487851388794452
2013-12-06,1.2628029766377529,1.3783128388115464,1.3635982623214833,1.3635982623214833
2013-12-09,1.265501446788531,1.3810275557979905,1.3663390849705095,1.3663390849705095
2013-12-10,1.2670254212692675,1.3766471570005936,1.362120928614207,1.362120928614207
2013-12-11,1.255642808055447,1.3571499032794312,1.3427609020354498,1.3427609020354498
2013-12-12,1.249442426460214,1.354959172421663,1.3404597251517976,1.3404597251517976
2013-12-13,1.2505179552231636,1.3570334475803916,1.3424653102226196,1.3424653102226196
2013-12-16,1.256431648285013,1.3663956799432992,1.3516091457462465,1.3516091457462465
2013-12-17,1.253881247142756,1.3623300301680226,1.347649574181588,1.347649574181588
2013-12-18,1.2651090254864206,1.3861515379830212,1.371226368750227,1.371226368750227
2013-12-19,1.2605475376469022,1.3830492342565823,1.368268173970807,1.368268173970807
2013-12-20,1.2678634053585451,1.3946639723584695,1.3796509416008742,1.3796509416008742
2013-12-23,1.2711937273946572,1.403643360287572,1.3884624017621319,1.3884624017621319
2013-12-24,1.2736909473066305,1.4062416602611387,1.3909701863549253,1.3909701863549253
2013-12-26,1.2771158175631028,1.4126941954128607,1.3975215503345482,1.3975215503345482
2013-12-27,1.279369632924286,1.410272815007506,1.3951199891344357,1.3951199891344357
2013-12-30,1.2774600965011997,1.4105692963890002,1.3954122299828025,1.3954122299828025
2013-12-31,1.2796682898636151,1.4160370921450345,1.4008249724768858,1.4008249724768858
2014-01-02,1.2712435890238192,1.4046218150792693,1.3893640033526438,1.3893640033526438
2014-01-03,1.2709867917622457,1.4062916952504372,1.3907168542401067,1.3907168542401067
2014-01-06,1.268749780294749,1.399954506503307,1.3844246180670121,1.3844246180670121
2014-01-07,1.27251152407217,1.4095002976229485,1.393955384921893,1.393955384921893
2014-01-08,1.2692542883623161,1.4120934417295945,1.3964123627445348,1.3964123627445348
2014-01-09,1.2697554625483727,1.4150962723202523,1.399369925550599,1.399369925550599
2014-01-10,1.2774702064126993,1.4187158957573989,1.402936387486647,1.402936387486647
2014-01-13,1.2688920367983958,1.398919887237044,1.3833900849278287,1.3833900849278287
2014-01-14,1.2756514984554042,1.4155684521949883,1.399985870368578,1.399985870368578
2014-01-15,1.2802162842577094,1.4241216191446013,1.4083796750061284,1.4083796750061284
2014-01-16,1.2800630822396706,1.4216621138567613,1.4059567203372207,1.4059567203372207
2014-01-17,1.2789480147811523,1.4162499938678137,1.4005213212491903,1.4005213212491903
2014-01-21,1.2811911046678535,1.4210459046495552,1.4052459871781278,1.4052459871781278
2014-01-22,1.2825379393714391,1.424523453371217,1.408675494050702,1.408675494050702
2014-01-23,1.278279959342173,1.4120700648073117,1.396452171992655,1.396452171992655
2014-01-24,1.2621038922043297,1.378734336081339,1.3633972068725764,1.3633972068725764
2014-01-27,1.2553732971305382,1.3691998600473259,1.3542943858890826,1.3542943858890826
2014-01-28,1.2617795137527992,1.381318573906889,1.36601979603181,1.36601979603181
2014-01-29,1.256487605698554,1.3645667953130813,1.3495526207342332,1.3495526207342332
2014-01-30,1.2623386312224676,1.3856009393619348,1.3702979812385352,1.3702979812385352
2014-01-31,1.2584937267976557,1.3741466550517407,1.3591765183704447,1.3591765183704447
2014-02-03,1.2434403507666976,1.339079046998931,1.3246202105579201,1.3246202105579201
2014-02-04,1.2494889990650928,1.3509346045864805,1.3363544761298247,1.3363544761298247
2014-02-05,1.2480683188008137,1.3473865983603734,1.3329582328458198,1.3329582328458198
2014-02-06,1.2583170322070003,1.3646269681370005,1.3501169936600161,1.3501169936600161
2014-02-07,1.2702084077720808,1.3847161105851131,1.370157095149387,1.370157095149387
2014-02-10,1.2710575245987634,1.3871767563084905,1.3725972640881514,1.3725972640881514
2014-02-11,1.28078962867726,1.401669330506708,1.3869843468930185,1.3869843468930185
2014-02-12,1.2811066383351275,1.4045872867678852,1.3898651289042603,1.3898651289042603
2014-02-13,1.2877790464398973,1.412745401963442,1.3977841650941578,1.3977841650941578
2014-02-14,1.2954671401914344,1.4176680153273895,1.4027520545174184,1.4027520545174184
2014-02-18,1.3007528821042076,1.4240257819676,1.4089111947804065,1.4089111947804065
2014-02-19,1.2941246059454983,1.4110795409079782,1.396250563453582,1.396250563453582
2014-02-20,1.3004448031931801,1.4210039389582665,1.4060269207180989,1.4060269207180989
2014-02-21,1.300204455360812,1.4221775100897518,1.407086564077294,1.407086564077294
2014-02-24,1.3054555529032998,1.4315038653655163,1.4162587049221038,1.4162587049221038
2014-02-25,1.3045890843982426,1.43034159812618,1.415170317190715,1.415170317190715
2014-02-26,1.3039302908708463,1.4328382093255327,1.4175596995398119,1.4175596995398119
2014-02-27,1.3085844780722855,1.440646232827384,1.4252983679437299,1.4252983679437299
2014-02-28,1.309422740709574,1.4420835082969368,1.4267697424933232,1.4267697424933232
2014-03-03,1.3073463696928898,1.4314693492729096,1.4161669336988534,1.4161669336988534
2014-03-04,1.3155621269707947,1.4563589605562086,1.440506688829815,1.440506688829815
2014-03-05,1.3140437101089106,1.4601584205538962,1.444300000704779,1.444300000704779
2014-03-06,1.3171264161938312,1.4611742968510906,1.4452415166701051,1.4452415166701051
2014-03-07,1.3131788296564042,1.4607918749450106,1.4447037832653364,1.4447037832653364
2014-03-10,1.3107823801947578,1.4596190746950366,1.4436404418024473,1.4436404418024473
2014-03-11,1.3058703290868783,1.45076068883362,1.4350264797706218,1.4350264797706218
2014-03-12,1.3086078173064906,1.451110136267851,1.435388538541867,1.435388538541867
2014-03-13,1.3012228698755168,1.4325216450033276,1.4169582993195886,1.4169582993195886
2014-03-14,1.3016205653660131,1.4279222690847873,1.4122363415499526,1.4122363415499526
2014-03-17,1.3051191338906591,1.4404109103372618,1.424618950213417,1.424618950213417
2014-03-18,1.3113059153875437,1.452912027757699,1.4369317684415448,1.4369317684415448
2014-03-19,1.3022494561091496,1.4450818885926955,1.4292127779485044,1.4292127779485044
2014-03-20,1.3047156944811413,1.451201213405723,1.4352108556584147,1.4352108556584147
2014-03-21,1.3040097150573358,1.4412980325750322,1.4251567522741726,1.4251567522741726
2014-03-24,1.2999881868628629,1.4304631406183181,1.4143885724367276,1.4143885724367276
2014-03-25,1.3042893130063495,1.4338370588656557,1.4176890121193901,1.4176890121193901
2014-03-26,1.2990598476900606,1.419445758937685,1.403642565168693,1.403642565168693
2014-03-27,1.3003157349321206,1.4142426923135265,1.3984237961561967,1.3984237961561967
2014-03-28,1.3036901098430334,1.418063265173069,1.4022515540363751,1.4022515540363751
2014-03-31,1.3098092701802928,1.433997665939008,1.417762754708968,1.417762754708968
2014-04-01,1.3127363513945876,1.4487007685949123,1.4322720544712209,1.4322720544712209
2014-04-02,1.3152529033000377,1.4565670609838601,1.4400699280780176,1.4400699280780176
2014-04-03,1.3148064946720395,1.4511398383797094,1.4348448203663748,1.4348448203663748
2014-04-04,1.3090557037840738,1.4252340282645743,1.4093242847499836,1.4093242847499836
2014-04-07,1.3013480444392755,1.4056565689540177,1.389963209099832,1.389963209099832
2014-04-08,1.307991116445498,1.410812344511674,1.3950841575025212,1.3950841575025212
2014-04-09,1.3163085810788357,1.4323688088044824,1.4164092910748627,1.4164092910748627
2014-04-10,1.3023289066401191,1.3947567072795586,1.3792596795983356,1.3792596795983356
2014-04-11,1.2957755732485334,1.3783386414626042,1.3630515774656407,1.3630515774656407
2014-04-14,1.3022576711230907,1.387028689521089,1.3717744591001175,1.3717744591001175
2014-04-15,1.3044775140087215,1.3944815125063845,1.379131186555292,1.379131186555292
2014-04-16,1.3132447364762139,1.4115021569158561,1.3960190994301989,1.3960190994301989
2014-04-17,1.3136521984688905,1.4155710047749894,1.3999279354388732,1.3999279354388732
2014-04-21,1.314726278026581,1.4225996155482106,1.4068674754981976,1.4068674754981976
2014-04-22,1.3170580544428512,1.4325455067601371,1.416650196944464,1.416650196944464
2014-04-23,1.315405172289663,1.4275970972217233,1.4117686555063729,1.4117686555063729
2014-04-24,1.3184103470324944,1.4287000913794148,1.4130359353552844,1.4130359353552844
2014-04-25,1.311741556869361,1.4108335698178023,1.395457870638425,1.395457870638425
2014-04-28,1.3123827916932707,1.410165269223719,1.3949219897404992,1.3949219897404992
2014-04-29,1.315886702056828,1.4173729028604025,1.4021605222493374,1.4021605222493374
2014-04-30,1.3165689842776502,1.4242421234968168,1.4088943639749127,1.4088943639749127
2014-05-01,1.3167366671875216,1.4232763117260112,1.4076033107017087,1.4076033107017087
2014-05-02,1.3179962448623976,1.4214327291583877,1.405931610843198,1.405931610843198
2014-05-05,1.3195443062288421,1.424760312093241,1.4091929797696183,1.4091929797696183
2014-05-06,1.3137317227411636,1.4093886917489493,1.3943073181603645,1.3943073181603645
2014-05-07,1.317208106596613,1.4165082420287194,1.401905813198859,1.401905813198859
2014-05-08,1.3143057229236743,1.412311345440724,1.398079369918785,1.398079369918785
2014-05-09,1.3146662089570973,1.4168452501427646,1.4021720577910437,1.4021720577910437
2014-05-12,1.3240540763735513,1.437415325335,1.42219752251858,1.42219752251858
2014-05-13,1.3262753791237953,1.4359882159337094,1.4210882529642983,1.4210882529642983
2014-05-14,1.3263079922412078,1.4275599277080182,1.413056750464863,1.413056750464863
2014-05-15,1.318622820813117,1.413546701538759,1.3989638469827717,1.3989638469827717
2014-05-16,1.3216485892203478,1.4188694440239518,1.4040199704531038,1.4040199704531038
2014-05-19,1.3234432485196526,1.4276434544027072,1.4124452147303543,1.4124452147303543
2014-05-20,1.3190413516485828,1.4157749733220704,1.4008091330502954,1.4008091330502954
2014-05-21,1.3248552190651997,1.4261663120313786,1.4110814082966847,1.4110814082966847
2014-05-22,1.3282367477632522,1.433178928427457,1.4177280554633467,1.4177280554633467
2014-05-23,1.331955262962418,1.4419704049541073,1.4263357307679552,1.4263357307679552
2014-05-27,1.334262084017425,1.453052422045105,1.436828988987157,1.436828988987157
2014-05-28,1.3341048974275505,1.4501992564462387,1.4342481718580513,1.4342481718580513
2014-05-29,1.338205553279898,1.458446054776316,1.4424474863886707,1.4424474863886707
2014-05-30,1.3366076848913881,1.4583489329117694,1.4424729630952047,1.4424729630952047
2014-06-02,1.335371633258299,1.4590441652936987,1.4432444157659283,1.4432444157659283
2014-06-03,1.3346005107591885,1.4590969328347534,1.443280608884674,1.443280608884674
2014-06-04,1.3351204932589802,1.4613817888362404,1.4453777608729073,1.4453777608729073
2014-06-05,1.3425327113883927,1.4709807594115263,1.454989111467256,1.454989111467256
2014-06-06,1.3472725636597485,1.4760416252716304,1.4600286591335672,1.4600286591335672
2014-06-09,1.3490293561537843,1.4743075093132791,1.4583918997577905,1.4583918997577905
2014-06-10,1.3494267701335865,1.4748786114600945,1.4587687785479517,1.4587687785479517
2014-06-11,1.3464200462802947,1.4676495933125213,1.451200673073318,1.451200673073318
2014-06-12,1.3460697091126177,1.4574889321071947,1.4412171646159984,1.4412171646159984
2014-06-13,1.3487574294033742,1.4627514968853461,1.4465957587741902,1.4465957587741902
2014-06-16,1.3493205074630352,1.4643008972476157,1.448125912052078,1.448125912052078
2014-06-17,1.3501371628437495,1.465714553063957,1.449580056373388,1.449580056373388
2014-06-18,1.3590802959208597,1.479891401229755,1.4639271352771974,1.4639271352771974
2014-06-19,1.3643295610386277,1.4822642161503257,1.466381487424727,1.466381487424727
2014-06-20,1.3666686538353066,1.485130395594024,1.4690465669103707,1.4690465669103707
2014-06-23,1.3653019504386583,1.4830155321968859,1.4668949180301207,1.4668949180301207
2014-06-24,1.3620079221088508,1.4775648976827978,1.4612342624908101,1.4612342624908101
2014-06-25,1.3666185978632708,1.4858761973762258,1.4692262769336375,1.4692262769336375
2014-06-26,1.3662864461625708,1.4865785506459166,1.4699076277226009,1.4699076277226009
2014-06-27,1.3674528132402493,1.4893233657077636,1.4726220332634896,1.4726220332634896
2014-06-30,1.3679953576990882,1.4906162837216752,1.4740444007894313,1.4740444007894313
2014-07-01,1.37163210967415,1.5007814001608355,1.4836187378213395,1.4836187378213395
2014-07-02,1.370008246866909,1.5028829437887345,1.4855027729480494,1.4855027729480494
2014-07-03,1.3727102117022523,1.5112065161854973,1.4937138933300864,1.4937138933300864
2014-07-07,1.3685882499728617,1.502966536867928,1.4854473237011276,1.4854473237011276
2014-07-08,1.3646398992563116,1.4925873731663022,1.4755803775822776,1.4755803775822776
2014-07-09,1.367388313817847,1.4996319930114537,1.4824478027814434,1.4824478027814434
2014-07-10,1.3649453497137898,1.4929914470704304,1.4756692060110213,1.4756692060110213
2014-07-11,1.3650228321635982,1.4963862700997816,1.4787017804388127,1.4787017804388127
2014-07-14,1.365513799100412,1.503915244349616,1.4861490931282972,1.4861490931282972
2014-07-15,1.3610314378295085,1.499002615199747,1.4814150960431662,1.4814150960431662
2014-07-16,1.3654651036087837,1.508044452736071,1.4907742063831317,1.4907742063831317
2014-07-17,1.359699797176848,1.4896851922957999,1.4726424863854217,1.4726424863854217
2014-07-18,1.3664123477880628,1.5050405360105854,1.487309557748719,1.487309557748719
2014-07-21,1.3661984551335087,1.5029264240207239,1.4853037047490958,1.4853037047490958
2014-07-22,1.3696850280092925,1.5118568442197355,1.4940333394359226,1.4940333394359226
2014-07-23,1.3719186503062073,1.5176172950528344,1.4995449029444228,1.4995449029444228
2014-07-24,1.3689591268710757,1.5153216006599162,1.4973036338831112,1.4973036338831112
2014-07-25,1.3678868399877468,1.511020715625772,1.4930891279228191,1.4930891279228191
2014-07-28,1.3675781877300095,1.5105709866538457,1.4925725747146614,1.4925725747146614
2014-07-29,1.3639133486539894,1.5042382392733764,1.4860873488515476,1.4860873488515476
2014-07-30,1.3600081276784002,1.5039303153712371,1.485389887493028,1.485389887493028
2014-07-31,1.3415931474564622,1.473600201118725,1.4554283179999576,1.4554283179999576
2014-08-01,1.3408061895550232,1.469557225586506,1.4514476138304016,1.4514476138304016
2014-08-04,1.3467554316658539,1.481934457264146,1.4636154335356824,1.4636154335356824
2014-08-05,1.3374201673810275,1.4658953650789868,1.4480196575292763,1.4480196575292763
2014-08-06,1.338438041158132,1.4661278150840689,1.4483889382678752,1.4483889382678752
2014-08-07,1.3364738446330655,1.457758982861937,1.4399982319066493,1.4399982319066493
2014-08-08,1.3448735143073145,1.4740356524130063,1.4557896783762179,1.4557896783762179
2014-08-11,1.348292851248777,1.4773353184516738,1.4590331028385974,1.4590331028385974
2014-08-12,1.3459862894003711,1.4753301488427413,1.45736672801565,1.45736672801565
2014-08-13,1.3517744497403437,1.4878485312774201,1.4697732961173458,1.4697732961173458
2014-08-14,1.3538537495862861,1.492158352624566,1.474091122453922,1.474091122453922
2014-08-15,1.3549601857896618,1.4956873857290944,1.4774619482471274,1.4774619482471274
2014-08-18,1.3595773320639715,1.5087847892804283,1.4905267065840584,1.4905267065840584
2014-08-19,1.36248212838923,1.5167161691313147,1.4982893635025758,1.4982893635025758
2014-08-20,1.3635083202653369,1.5202496612947898,1.5016071758669307,1.5016071758669307
2014-08-21,1.365397968499478,1.5219553025259651,1.5033319217288246,1.5033319217288246
2014-08-22,1.3640528687510654,1.519062772695456,1.5005859085008788,1.5005859085008788
2014-08-25,1.3684536490777321,1.5263243068692218,1.5075453890411268,1.5075453890411268
2014-08-26,1.369855250128724,1.5283384057435196,1.5094649301231877,1.5094649301231877
2014-08-27,1.371201786188886,1.5274676837288166,1.5086648186440514,1.5086648186440514
2014-08-28,1.3715632373000552,1.5266034220293454,1.5078247703746184,1.5078247703746184
2014-08-29,1.3745945841288185,1.5312055186777347,1.5123421520018812,1.5123421520018812
2014-09-02,1.3684246219111784,1.5271638819822506,1.5090093191436642,1.5090093191436642
2014-09-03,1.3710985541276544,1.526373490845404,1.5078103277000927,1.5078103277000927
2014-09-04,1.3674815631548831,1.520943500510677,1.5033426038080429,1.5033426038080429
2014-09-05,1.371217204579764,1.5291615665181753,1.511325433159536,1.511325433159536
2014-09-08,1.3663213526863194,1.524436287670682,1.5075158394395116,1.5075158394395116
2014-09-09,1.3594492132889318,1.5150406077128646,1.497954786672475,1.497954786672475
2014-09-10,1.3597634145720392,1.5207545185252764,1.5039361706983012,1.5039361706983012
2014-09-11,1.3590155248253122,1.520507190441516,1.5037700673619536,1.5037700673619536
2014-09-12,1.3506389497876965,1.5098599360287472,1.4939121651421214,1.4939121651421214
2014-09-15,1.3499093393361117,1.5071993296704698,1.4906940361032506,1.4906940361032506
2014-09-16,1.3576901528407492,1.520803683653489,1.5036849811322963,1.5036849811322963
2014-09-17,1.3556981777023982,1.5223645394753649,1.5057715343801563,1.5057715343801563
2014-09-18,1.3578638226829085,1.5294264701892228,1.5134347495465712,1.5134347495465712
2014-09-19,1.355904695476436,1.5284860308190467,1.5124437349438407,1.5124437349438407
2014-09-22,1.347728992526779,1.5172204862646637,1.5018338109338678,1.5018338109338678
2014-09-23,1.3440805365816424,1.5109835668633484,1.4955881924264545,1.4955881924264545
2014-09-24,1.3505328851943215,1.5245209759678273,1.5092615730291643,1.5092615730291643
2014-09-25,1.3379592303518921,1.4976097024606998,1.4824360855585432,1.4824360855585432
2014-09-26,1.344388473446855,1.511419706876445,1.4960132100900656,1.4960132100900656
2014-09-29,1.3427455374055282,1.508394018736533,1.4930476550141032,1.4930476550141032
2014-09-30,1.3356375846682047,1.501322417979126,1.4867086188365444,1.4867086188365444
2014-10-01,1.3270737050999124,1.476406661843855,1.4620442094980992,1.4620442094980992
2014-10-02,1.3262783123187818,1.4739284447583458,1.4598541295190812,1.4598541295190812
2014-10-03,1.3310095086302771,1.486444220238844,1.4725427284401913,1.4725427284401913
2014-10-06,1.3337544594875799,1.4847626782766061,1.470859554571463,1.470859554571463
2014-10-07,1.3223468540251677,1.462051757100279,1.4481618419968518,1.4481618419968518
2014-10-08,1.3366067183433121,1.4874554376150224,1.4735015960428772,1.4735015960428772
2014-10-09,1.3167849442597703,1.4541086532190142,1.4413409508408879,1.4413409508408879
2014-10-10,1.3081742122516316,1.430474855557897,1.417774222091956,1.417774222091956
2014-10-13,1.2990724606798316,1.4010595196062003,1.3893595295578045,1.3893595295578045
2014-10-14,1.2994079527414253,1.3978541568881628,1.387152372862675,1.387152372862675
2014-10-15,1.2947872617906875,1.3946318431730298,1.3835528103587547,1.3835528103587547
2014-10-16,1.2959601004264718,1.39686658420959,1.38508564027272,1.38508564027272
2014-10-17,1.3049369255261754,1.414224175548285,1.402432295622615,1.402432295622615
2014-10-20,1.3134206009644376,1.4302193413616355,1.4183885240979024,1.4183885240979024
2014-10-21,1.32800664217628,1.4645656879045654,1.451746231068887,1.451746231068887
2014-10-22,1.3188999523488012,1.4526068806132069,1.44051781061267,1.44051781061267
2014-10-23,1.3274406500626494,1.4702100066237984,1.457118215583243,1.457118215583243
2014-10-24,1.3320119679305833,1.4806548564595374,1.467997569597331,1.467997569597331
2014-10-27,1.3280256892399067,1.4706556986321087,1.4586405141559666,1.4586405141559666
2014-10-28,1.3391272406446295,1.4903625285646167,1.4775790917579972,1.4775790917579972
2014-10-29,1.3375482148346862,1.4866748832464776,1.4733313688519325,1.4733313688519325
2014-10-30,1.3398191802049104,1.4951499166252318,1.4821108763375774,1.4821108763375774
2014-10-31,1.3462649350142626,1.5160408845205848,1.502682996229969,1.502682996229969
2014-11-03,1.3429905597688856,1.5198965170706442,1.5064981513874736,1.5064981513874736
2014-11-04,1.337519122093491,1.5169238018291804,1.50348328376497,1.50348328376497
2014-11-05,1.3395084830993234,1.52637517143351,1.513246005760446,1.513246005760446
2014-11-06,1.3408186259355246,1.52572788175965,1.5124014145544182,1.5124014145544182
2014-11-07,1.3467839349737205,1.526307914980833,1.5133986923994491,1.5133986923994491
2014-11-10,1.3451603989497818,1.5339101332816418,1.5207324819344334,1.5207324819344334
2014-11-11,1.3479595303756011,1.5342546911105734,1.5208799906922952,1.5208799906922952
2014-11-12,1.3453225458489975,1.5298633540788729,1.5164304389038985,1.5164304389038985
2014-11-13,1.3418005774608588,1.5302438316585047,1.5167817191105646,1.5167817191105646
2014-11-14,1.3482524347297133,1.5288640973943086,1.51562434472496,1.51562434472496
2014-11-17,1.3464066334061962,1.5323669090969763,1.5190515338159551,1.5190515338159551
2014-11-18,1.3506154734897993,1.5423111922944468,1.5284898097150745,1.5284898097150745
2014-11-19,1.3473073906490394,1.5368872120979957,1.5232618730381242,1.5232618730381242
2014-11-20,1.3519231130587366,1.5381281115033951,1.5246268169006412,1.5246268169006412
2014-11-21,1.3616250083952979,1.5438612693009757,1.5303526489552013,1.5303526489552013
2014-11-24,1.3618909233419803,1.5488278072325188,1.5351236927254217,1.5351236927254217
2014-11-25,1.3610541731366192,1.549285053596301,1.535482917023724,1.535482917023724
2014-11-26,1.3628080796966089,1.556996826442201,1.5429759572418715,1.5429759572418715
2014-11-28,1.3459923904983115,1.5634415539496997,1.5491085980384918,1.5491085980384918
2014-12-01,1.3470614270156327,1.553569284738206,1.539048718598085,1.539048718598085
2014-12-02,1.3478416037810887,1.5584403406933025,1.5427347397795215,1.5427347397795215
2014-12-03,1.3518367944619136,1.561533634940135,1.5460632356817605,1.5460632356817605
2014-12-04,1.3504292685719268,1.562740499646541,1.547840855694881,1.547840855694881
2014-12-05,1.348200910093395,1.5614130502644399,1.5459880903787413,1.5459880903787413
2014-12-08,1.3398157511768003,1.561364025635879,1.5464678723882883,1.5464678723882883
2014-12-09,1.345110854348457,1.5634789820739288,1.5488903320949932,1.5488903320949932
2014-12-10,1.329047276634436,1.5459025276159537,1.5328584629883981,1.5328584629883981
2014-12-11,1.3294258008782671,1.5539421583185151,1.540790942541587,1.540790942541587
2014-12-12,1.3152546934565978,1.540191669394664,1.5287456296552842,1.5287456296552842
2014-12-15,1.3012128801925151,1.5291377678936917,1.5182824241954747,1.5182824241954747
2014-12-16,1.2968606442534851,1.5195725941798244,1.5102980200717728,1.5102980200717728
2014-12-17,1.313764483240674,1.5408824151450384,1.5298140444851853,1.5298140444851853
2014-12-18,1.328599296683278,1.568270031585213,1.554319068295126,1.554319068295126
2014-12-19,1.3388992946516933,1.5753990950184555,1.562099761992411,1.562099761992411
2014-12-22,1.3364604668236757,1.578947905432891,1.5660882867720614,1.5660882867720614
2014-12-23,1.3380303313416402,1.568475033583654,1.5555014179689137,1.5555014179689137
2014-12-24,1.338053460445604,1.5766478737264047,1.56330391331358,1.56330391331358
2014-12-26,1.3428185909374104,1.5865101720320738,1.5726903563153258,1.5726903563153258
2014-12-29,1.3413587899143002,1.5914474756518884,1.5777702008987815,1.5777702008987815
2014-12-30,1.3390437850100365,1.580430028844641,1.5676286649203337,1.5676286649203337
2014-12-31,1.3293984686220355,1.565322969564481,1.5535582158622752,1.5535582158622752
2015-01-02,1.3281494939322191,1.5678299031244425,1.5562125778876128,1.5562125778876128
2015-01-05,1.3133479940536463,1.557747699574296,1.5480450250938593,1.5480450250938593
2015-01-06,1.306702085056908,1.5547814416837202,1.5468819993907699,1.5468819993907699
2015-01-07,1.317210654910666,1.5728705153569322,1.5637846118965508,1.5637846118965508
2015-01-08,1.3297839007972372,1.5904618309207361,1.5793563631211982,1.5793563631211982
2015-01-09,1.3251162976334907,1.5846205632260875,1.5746548720707185,1.5746548720707185
2015-01-12,1.31728162985604,1.578997981599359,1.569762158113979,1.569762158113979
2015-01-13,1.3184207846134721,1.5782351468546383,1.569178272026488,1.569178272026488
2015-01-14,1.3173542189084888,1.5783498176429613,1.5696589690529996,1.5696589690529996
2015-01-15,1.3122468073033562,1.57539572255261,1.5687719888514797,1.5687719888514797
2015-01-16,1.3287744054193023,1.5870713687978268,1.5782987389470353,1.5782987389470353
2015-01-20,1.329310142202235,1.5966389730880703,1.5885107055424361,1.5885107055424361
2015-01-21,1.3360960671419995,1.5997689200127767,1.5906246312294567,1.5906246312294567
2015-01-22,1.3470880999247858,1.6128429936329114,1.6027215705574467,1.6027215705574467
2015-01-23,1.3424521936952905,1.6133391003364013,1.6035894689026486,1.6035894689026486
2015-01-26,1.342997284414964,1.6123471080729748,1.6022296360754549,1.6022296360754549
2015-01-27,1.3379087325458272,1.5934298725812013,1.5843493408231488,1.5843493408231488
2015-01-28,1.325386834376878,1.5867678389301467,1.5792659320970996,1.5792659320970996
2015-01-29,1.3281744870666372,1.5979682535514794,1.5892165585385856,1.5892165585385856
2015-01-30,1.3268111429219196,1.5824995802904165,1.5757930076976592,1.5757930076976592
2015-02-02,1.3387229055425232,1.5922718728824987,1.5855689114252607,1.5855689114252607
2015-02-03,1.3522123499196772,1.5973570005444153,1.5903992627017813,1.5903992627017813
2015-02-04,1.3440527243769966,1.5916446036209766,1.5853135556270666,1.5853135556270666
2015-02-05,1.354639768954321,1.6017550182225235,1.5947425229382695,1.5947425229382695
2015-02-06,1.345761317932512,1.579953651049123,1.573881558259257,1.573881558259257
2015-02-09,1.3446435470859293,1.5709056597633244,1.5649568100823426,1.5649568100823426
2015-02-10,1.3479257466690653,1.5896477979116896,1.5829977162230664,1.5829977162230664
2015-02-11,1.3437896848403486,1.5878839336189665,1.5819588868661665,1.5819588868661665
2015-02-12,1.354794006902559,1.5946636780560322,1.5887049289795228,1.5887049289795228
2015-02-13,1.361207849175538,1.5916808755775922,1.585516458723287,1.585516458723287
2015-02-17,1.3577967275366998,1.5897911001901055,1.5833097030426106,1.5833097030426106
2015-02-18,1.3582218112037188,1.6000093534986908,1.5932217931197403,1.5932217931197403
2015-02-19,1.356004100602918,1.596234384935683,1.5892013117313477,1.5892013117313477
2015-02-20,1.3578967132853725,1.6037634446884976,1.5965402366373322,1.5965402366373322
2015-02-23,1.3570549706567334,1.611073658141716,1.6038243169777504,1.6038243169777504
2015-02-24,1.361325675217197,1.618174706166784,1.61103554035582,1.61103554035582
2015-02-25,1.3644945792047694,1.6115317697126348,1.604818619790032,1.604818619790032
2015-02-26,1.3599754841293,1.6102640758233524,1.6034500501058422,1.6034500501058422
2015-02-27,1.359843835489884,1.609893681034414,1.6036136110939223,1.6036136110939223
2015-03-02,1.3596788472453665,1.6050534324493337,1.6003875513911348,1.6003875513911348
2015-03-03,1.356456258531933,1.60092163700018,1.5963367241164508,1.5963367241164508
2015-03-04,1.3537683839979064,1.599278385173548,1.5956470682026969,1.5956470682026969
2015-03-05,1.3540537856783335,1.6046398597060547,1.6011263899514983,1.6011263899514983
2015-03-06,1.3350079969936675,1.5804774594176847,1.58271468522587,1.58271468522587
2015-03-09,1.3381112802875021,1.5872365004024593,1.5887617117873614,1.5887617117873614
2015-03-10,1.3245100781714068,1.581365107245141,1.584749193809494,1.584749193809494
2015-03-11,1.3242862136590892,1.5808294074395968,1.5861227943571234,1.5861227943571234
2015-03-12,1.332400129611854,1.5933179576526366,1.5961151482282345,1.5961151482282345
2015-03-13,1.32395760384625,1.5887724463947213,1.5940806595545205,1.5940806595545205
2015-03-16,1.3324803545714665,1.6064073221043533,1.6079530496890415,1.6079530496890415
2015-03-17,1.3289796589206266,1.6060469506861321,1.6073115541839653,1.6073115541839653
2015-03-18,1.3494257752974415,1.621059140945556,1.6157424684665245,1.6157424684665245
2015-03-19,1.3408194996096134,1.6220184614854576,1.6196370288681305,1.6196370288681305
2015-03-20,1.3541250517459211,1.6293555170494258,1.623738384794669,1.623738384794669
2015-03-23,1.3560527102474775,1.6254188230481827,1.618273718563492,1.618273718563492
2015-03-24,1.353225919473214,1.6209970661069386,1.615089767873903,1.615089767873903
2015-03-25,1.343446931283787,1.6030467410556934,1.5993214962044284,1.5993214962044284
2015-03-26,1.343379260168359,1.5948848726524563,1.5930992884961652,1.5930992884961652
2015-03-27,1.3418323815474447,1.6045980416416674,1.601712315920333,1.601712315920333
2015-03-30,1.3511752445377883,1.6171138179214675,1.6142835745767767,1.6142835745767767
2015-03-31,1.3430354963860094,1.608120749801756,1.6062412906627528,1.6062412906627528
2015-04-01,1.3494331471109882,1.6052423977910788,1.6030128635198928,1.6030128635198928
2015-04-02,1.3502507172263032,1.607539931817706,1.6058324979120595,1.6058324979120595
2015-04-06,1.361392166555255,1.6146367542955893,1.6133277325924762,1.6133277325924762
2015-04-07,1.361873217478696,1.6137548773239403,1.6120227985036215,1.6120227985036215
2015-04-08,1.3601271933566939,1.62204264025975,1.6202598504644568,1.6202598504644568
2015-04-09,1.3608240785875525,1.6240022042675148,1.6225913067453188,1.6225913067453188
2015-04-10,1.3681672167979946,1.6302776956787395,1.628785818181588,1.628785818181588
2015-04-13,1.3635589408548852,1.6249834747793994,1.6233387915798119,1.6233387915798119
2015-04-14,1.3666887403373644,1.626185432763662,1.6244532970348715,1.6244532970348715
2015-04-15,1.3759598331182885,1.6299802687378515,1.6280573942465837,1.6280573942465837
2015-04-16,1.3759197673724375,1.628663724740882,1.6270618668503771,1.6270618668503771
2015-04-17,1.36685470786854,1.614908653317602,1.6127982433801407,1.6127982433801407
2015-04-20,1.3715030586876296,1.626733285315595,1.624805616414236,1.624805616414236
2015-04-21,1.3695684698517139,1.6291186921248049,1.6273297022204662,1.6273297022204662
2015-04-22,1.3696909409731806,1.6300790878757911,1.628624396386456,1.628624396386456
2015-04-23,1.3752013169888215,1.634800565213021,1.6330092387631274,1.6330092387631274
2015-04-24,1.3768571393796543,1.6454340918727237,1.6434603846619427,1.6434603846619427
2015-04-27,1.3768692287558681,1.6366179999335666,1.634587955397787,1.634587955397787
2015-04-28,1.378678189535821,1.633861058753316,1.6321585454024852,1.6321585454024852
2015-04-29,1.3736858018477154,1.6207192806836648,1.6190874559404311,1.6190874559404311
2015-04-30,1.3638659387846228,1.6054960366393864,1.6039265889471146,1.6039265889471146
2015-05-01,1.3705133396367135,1.6167608782767402,1.6157072548590905,1.6157072548590905
2015-05-04,1.3729461823677551,1.6179368924670248,1.6172944780496445,1.6172944780496445
2015-05-05,1.3644456191523926,1.6020179243367125,1.601387143456916,1.601387143456916
2015-05-06,1.3595376998974993,1.588229537736432,1.5877438270061761,1.5877438270061761
2015-05-07,1.3595455376183714,1.5993328340001112,1.5985264044807346,1.5985264044807346
2015-05-08,1.3730603894082396,1.6146979696939066,1.6136127701756564,1.6136127701756564
2015-05-11,1.3647792601616588,1.6055526874025068,1.605590832459256,1.605590832459256
2015-05-12,1.3652111141618641,1.5998961956035853,1.5996354924390295,1.5996354924390295
2015-05-13,1.3666836030948348,1.5956815772682202,1.595273347907175,1.595273347907175
2015-05-14,1.3772733491963052,1.6085859575632073,1.6077360768924263,1.6077360768924263
2015-05-15,1.3817598334499326,1.6153557337349638,1.61355516483673,1.61355516483673
2015-05-18,1.38190144490277,1.6185742550008944,1.617900591600243,1.617900591600243
2015-05-19,1.3742055381238683,1.6195609284275734,1.6197432242397447,1.6197432242397447
2015-05-20,1.374990288136438,1.6209574289998414,1.621143460360619,1.621143460360619
2015-05-21,1.3809032651315196,1.627978261159765,1.6275595518441839,1.6275595518441839
2015-05-22,1.3779893451781189,1.629018310406965,1.6291068132033713,1.6291068132033713
2015-05-26,1.3661277309409308,1.6249336100587963,1.6249764883840123,1.6249764883840123
2015-05-27,1.3715668263283665,1.640287959652488,1.6401749776209655,1.6401749776209655
2015-05-28,1.3701954356978374,1.6374136315735974,1.6372121860344813,1.6372121860344813
2015-05-29,1.3683467624871721,1.6313887536003226,1.630983115496665,1.630983115496665
2015-06-01,1.3684737082353002,1.6336073845208614,1.6339037453089769,1.6339037453089769
2015-06-02,1.3679312678720783,1.6230677279837458,1.623386057132715,1.623386057132715
2015-06-03,1.363193315551182,1.6208908608562724,1.6217177194679242,1.6217177194679242
2015-06-04,1.3534524986618204,1.6163932257657199,1.6167485189037576,1.6167485189037576
2015-06-05,1.3505372058273881,1.6130796791563409,1.614418999904726,1.614418999904726
2015-06-08,1.3451066660721664,1.6007307033061662,1.601603215442208,1.601603215442208
2015-06-09,1.3455409168942625,1.5968732153523637,1.5980544156652376,1.5980544156652376
2015-06-10,1.3561586566160073,1.6068550672271624,1.6080071595823984,1.6080071595823984
2015-06-11,1.3591871348700622,1.6164915341620698,1.6168263344374003,1.6168263344374003
2015-06-12,1.3520489990254396,1.6071360206446244,1.6076068237621903,1.6076068237621903
2015-06-15,1.3482805574555854,1.6034548737719552,1.603784127959981,1.603784127959981
2015-06-16,1.3534710977632742,1.6122566931249085,1.612308878118435,1.612308878118435
2015-06-17,1.354990001789228,1.6101523377008837,1.6101907900066172,1.6101907900066172
2015-06-18,1.3638657818708393,1.6212983608055842,1.621356470254192,1.621356470254192
2015-06-19,1.3590077666382285,1.6206829746830724,1.6203331578596778,1.6203331578596778
2015-06-22,1.3637117778171028,1.6235364432113433,1.624123526497881,1.624123526497881
2015-06-23,1.3638580777174631,1.6271041736671288,1.6286121767887753,1.6286121767887753
2015-06-24,1.357278893911424,1.621637765058052,1.6226846352604851,1.6226846352604851
2015-06-25,1.3535626089339503,1.6203762778361992,1.6214517416698693,1.6214517416698693
2015-06-26,1.3517351819083965,1.614714154773773,1.6166671081700512,1.6166671081700512
2015-06-29,1.3354023826070824,1.595577331865521,1.596139705663853,1.596139705663853
2015-06-30,1.3395682491561645,1.5988768086751655,1.6001302101831685,1.6001302101831685
2015-07-01,1.3399664898297128,1.6137029331262966,1.6151158288571688,1.6151158288571688
2015-07-02,1.3401864523304503,1.611528504808922,1.6128558051803485,1.6128558051803485
2015-07-06,1.3319072696092185,1.6094935099753678,1.6110834898112305,1.6110834898112305
2015-07-07,1.3340408432891973,1.620545474285781,1.6232123315373728,1.6232123315373728
2015-07-08,1.3191084939083506,1.597560759024543,1.6010060533754296,1.6010060533754296
2015-07-09,1.323496034565187,1.5999933866060054,1.60364662377413,1.60364662377413
2015-07-10,1.3335851210350886,1.6170014891654505,1.6196737774467669,1.6196737774467669
2015-07-13,1.3404927167722074,1.6372124895934366,1.6394786948726172,1.6394786948726172
2015-07-14,1.3440245379593683,1.6431309067589839,1.6447986026568733,1.6447986026568733
2015-07-15,1.339630809056798,1.6440476564678652,1.6456431372010387,1.6456431372010387
2015-07-16,1.3453080446210623,1.6587035218313437,1.6600383032267356,1.6600383032267356
2015-07-17,1.3433591862919432,1.6664296202536666,1.6667622205347865,1.6667622205347865
2015-07-20,1.337388746400582,1.6705038358862558,1.6705432107771794,1.6705432107771794
2015-07-21,1.3355516948619877,1.6637576906769351,1.6637749921496916,1.6637749921496916
2015-07-22,1.3304248937379466,1.6593545665197411,1.66057910532249,1.66057910532249
2015-07-23,1.3239716063949079,1.6529641234456671,1.6540992310874705,1.6540992310874705
2015-07-24,1.3150356982243072,1.6407749337411404,1.6428674440827382,1.6428674440827382
2015-07-27,1.3068834954027444,1.6314411459433529,1.6338186643148422,1.6338186643148422
2015-07-28,1.3178128308064179,1.646557242746365,1.6485393212510187,1.6485393212510187
2015-07-29,1.325460035604936,1.6551447897386278,1.6571503656762645,1.6571503656762645
2015-07-30,1.325069085557833,1.6577340376943859,1.6595082775958103,1.6595082775958103
2015-07-31,1.3241630867277605,1.6586520181094768,1.6604450051867752,1.6604450051867752
2015-08-03,1.3173962542794473,1.6557531535150507,1.657893764340141,1.657893764340141
2015-08-04,1.3165243475742878,1.6570164535602945,1.6596519283699391,1.6596519283699391
2015-08-05,1.3170548641769604,1.6614047160659782,1.6634553383508266,1.6634553383508266
2015-08-06,1.3121220276414198,1.6408220161174938,1.6441306125835145,1.6441306125835145
2015-08-07,1.3099228071804794,1.6360134703421991,1.6393119451377953,1.6393119451377953
2015-08-10,1.3232463470580347,1.6464201239329452,1.6486515834055993,1.6486515834055993
2015-08-11,1.3154467382207011,1.6347866197473642,1.637812506931937,1.637812506931937
2015-08-12,1.316133138317964,1.6314685931164854,1.633650702535706,1.633650702535706
2015-08-13,1.3116914723576465,1.630426940268358,1.6328721033922569,1.6328721033922569
2015-08-14,1.3133448288458518,1.6351530987587815,1.6375925742078707,1.6375925742078707
2015-08-17,1.3169722673710424,1.646357093072534,1.6481518252717589,1.6481518252717589
2015-08-18,1.3117857855329988,1.641896631373241,1.6441240727483664,1.6441240727483664
2015-08-19,1.304977908302564,1.6314124985499754,1.6335905373497388,1.6335905373497388
2015-08-20,1.291103004603984,1.5990651841639312,1.6027723783143963,1.6027723783143963
2015-08-21,1.2674735846129637,1.5577896425046895,1.5630088702140077,1.5630088702140077
2015-08-24,1.2299370228446878,1.5029255714856327,1.5095194467117212,1.5095194467117212
2015-08-25,1.223027727467874,1.4963648465057002,1.5037664173411696,1.5037664173411696
2015-08-26,1.2447207238777223,1.545684917178572,1.5512366656815326,1.5512366656815326
2015-08-27,1.2713370196265035,1.5733083379405295,1.5779089647173523,1.5779089647173523
2015-08-28,1.2782401156436909,1.5747513917621858,1.579591191620338,1.579591191620338
2015-08-31,1.2773179397568284,1.5615029377348422,1.5671931397972698,1.5671931397972698
2015-09-01,1.2501680064334764,1.5240884256082137,1.5341950192862404,1.5656259466574725
2015-09-02,1.2636356865499372,1.5500756826590791,1.5570848963790453,1.5656259466574725
2015-09-03,1.2665474835580757,1.5515272636927198,1.5599872339058545,1.5656259466574725
2015-09-04,1.253178839465947,1.5327792121047465,1.5436145600330837,1.5656259466574725
2015-09-08,1.2713462776761488,1.5639911645981917,1.5690302951437358,1.5656259466574725
2015-09-09,1.2590625582309303,1.546372063358743,1.5538947940113739,1.5656259466574725
2015-09-10,1.2646151213460302,1.5530341981882045,1.5582160804716114,1.5656259466574725
2015-09-11,1.266247506211165,1.559755049611404,1.5629252754985286,1.5656259466574725
2015-09-14,1.2609636115927123,1.5554950099565432,1.5593899582640751,1.5656259466574725
2015-09-15,1.268118180136698,1.5728388975348064,1.5750159505040022,1.5656259466574725
2015-09-16,1.2822067464955493,1.5819437681729396,1.5823859593889293,1.5656259466574725
2015-09-17,1.2835634319810123,1.5786712609174132,1.5770722018281362,1.5656259466574725
2015-09-18,1.270114135640782,1.561264821041716,1.5650077737041443,1.5656259466574725
2015-09-21,1.273234647513811,1.567391914110707,1.572036027019943,1.5656259466574725
2015-09-22,1.261242535621389,1.5534009147416203,1.5612743934503865,1.5656259466574725
2015-09-23,1.2558001364414653,1.5532048366070972,1.561176471081548,1.5656259466574725
2015-09-24,1.2573445344543017,1.5467095888859088,1.5552810093141705,1.5656259466574725
2015-09-25,1.256157146420445,1.5432765476985215,1.5535403576853055,1.5656259466574725
2015-09-28,1.2342095025955802,1.5085139410649995,1.5244094084127315,1.5656259466574725
2015-09-29,1.2357878159495468,1.508624547937841,1.5240990774056649,1.5656259466574725
2015-09-30,1.2499946862373568,1.5334726923422342,1.5456290029976516,1.5656259466574725
2015-10-01,1.2508945720036342,1.5374727173705771,1.5482921568145631,1.5656259466574725
2015-10-02,1.2691398521102215,1.5547391169745388,1.5613401808343257,1.5656259466574725
2015-10-05,1.2855572556546795,1.5664596561231703,1.5703485291604258,1.5656259466574725
2015-10-06,1.2892242598710788,1.5541732577979535,1.559662959950083,1.5656259466574725
2015-10-07,1.2976577851090356,1.565592093024981,1.5686626729202868,1.5656259466574725
2015-10-08,1.3049214736521837,1.5721955925901758,1.5728718106544668,1.5656259466574725
2015-10-09,1.3068175645669862,1.57421904028831,1.5731868371237887,1.5656259466574725
2015-10-12,1.3041177737325136,1.5782457089357738,1.5765099273089507,1.5656259466574725
2015-10-13,1.2968327409829448,1.5683692611416662,1.5685960346034078,1.5656259466574725
2015-10-14,1.2974887568505677,1.5596791586670513,1.5596539011707187,1.5656259466574725
2015-10-15,1.3093366117024876,1.5778576583393447,1.5750124181203695,1.5656259466574725
2015-10-16,1.311250332083832,1.5842855573592554,1.5804645996476911,1.5656259466574725
2015-10-19,1.3073656457774776,1.588179033035215,1.5841229661934888,1.5656259466574725
2015-10-20,1.306435056998565,1.5813159014837377,1.5786653750941413,1.5656259466574725
2015-10-21,1.2995896322761964,1.5767445802773694,1.5762991273934943,1.5656259466574725
2015-10-22,1.31394846437523,1.590429758390524,1.5920375157859181,1.5656259466574725
2015-10-23,1.3188605315277762,1.5995479303778186,1.6002586200647977,1.5656259466574725
2015-10-26,1.3147763223211657,1.6010488822921025,1.6005795510113505,1.5656259466574725
2015-10-27,1.3109471401380057,1.6030173420814338,1.6018887587142254,1.5656259466574725
2015-10-28,1.322192374572881,1.6152003548693692,1.6131912870064395,1.5656259466574725
2015-10-29,1.3163472154597236,1.60896154070631,1.6057524809913617,1.5656259466574725
2015-10-30,1.3154678698146456,1.6047129903660002,1.6016330140214605,1.5656259466574725
2015-11-02,1.323075581074746,1.6072856355207692,1.6006271754902135,1.564396868125861
2015-11-03,1.327619219209866,1.605802806897384,1.5985064865053165,1.5623241810835298
2015-11-04,1.3214374769550858,1.6052177172075546,1.5995331750355641,1.563327630447538
2015-11-05,1.3175717399127336,1.604725517555569,1.5990122499243984,1.5628184965124692
2015-11-06,1.3107001160441547,1.5994481166942232,1.5944513503136275,1.5583608331813807
2015-11-09,1.3007242673007635,1.5886870174677008,1.5869125881191457,1.5509927113931317
2015-11-10,1.3014627996464165,1.5932270747284047,1.5911476916959542,1.55513195310613
2015-11-11,1.296501628380776,1.5895426259145906,1.5881305017464795,1.5521830574608633
2015-11-12,1.2832734381851332,1.5812216964674044,1.5828888452501735,1.547060046223658
2015-11-13,1.275408699375927,1.5702504866788018,1.5795280508119436,1.5437753236011198
2015-11-16,1.289144867980395,1.5831946911020565,1.5887155802108741,1.552754892633552
2015-11-17,1.2843813974625227,1.5845291308310423,1.5897900017173459,1.55380499453455
2015-11-18,1.2961124449183326,1.5981867248265431,1.597505285753553,1.5613456425803682
2015-11-19,1.296697793260275,1.599914464378822,1.5983995525213233,1.5622196675576965
2015-11-20,1.2981947038794908,1.6037160550648164,1.6009200446552838,1.564683108177025
2015-11-23,1.2975348225645085,1.6078606838483696,1.6046821439798764,1.5683600521219312
2015-11-24,1.302490692184399,1.6074855951915177,1.6045247616875236,1.5682062321887043
2015-11-25,1.3025049191144298,1.6110611920097038,1.6074168011636918,1.5710328101503264
2015-11-27,1.2988165469174775,1.6119025434375278,1.6086613394916496,1.5722491782667325
2015-11-30,1.2964110859083635,1.6078284028739562,1.6070382032340451,1.5706627818111305
2015-12-01,1.306054962325016,1.6201330496436406,1.614728991918147,1.5781794889588407
2015-12-02,1.2921663491893303,1.6114060497890905,1.6084334868892325,1.5720264831238073
2015-12-03,1.2811822455117352,1.5856416616253555,1.5811063164473265,1.5453178650841526
2015-12-04,1.2958381899096876,1.6174646999878546,1.608995874472144,1.5725761410246923
2015-12-07,1.283161830231707,1.6138770460635692,1.6073745270160793,1.570991492880983
2015-12-08,1.2760081480343213,1.6115083249330777,1.6043202481944259,1.5680063478727368
2015-12-09,1.271608167470171,1.5919611174124517,1.585396010214676,1.549510461334935
2015-12-10,1.2705689690340667,1.598561982754342,1.5921166846557004,1.5560790128428852
2015-12-11,1.2532899808897084,1.5729160953400774,1.5703236993500462,1.534779313274285
2015-12-14,1.252788307647864,1.5830970117880843,1.5793140876734333,1.5435662035331204
2015-12-15,1.2620046112176124,1.593887209191396,1.5894608103308345,1.5534832544179518
2015-12-16,1.2731897396973508,1.6144705200594773,1.6065041724616513,1.570140838862386
2015-12-17,1.259081844679084,1.5980685642089876,1.5958710968486645,1.5597484436549216
2015-12-18,1.2496974897149402,1.5734768368116852,1.5740279000868407,1.5383996691699522
2015-12-21,1.2556507979592857,1.5848230974821944,1.5823318065849608,1.5465156161673472
2015-12-22,1.2624687747497003,1.5952283029984307,1.5906379246257414,1.5546337246489812
2015-12-23,1.276279789213927,1.606013342050592,1.5997275518666467,1.5635176075455395
2015-12-24,1.2765600671066204,1.6044948194285733,1.5977089268341214,1.5615446742309242
2015-12-28,1.269274430236205,1.6029105012327587,1.5962159806295435,1.56008552096745
2015-12-29,1.2778326360731331,1.6201584089997452,1.6108478310602046,1.574386178446667
2015-12-30,1.2692185013232709,1.6111776759167775,1.6036256001135332,1.5673274231994345
2015-12-31,1.2636817376115546,1.5973458432785712,1.5938317306252643,1.5577552386277282
2016-01-04,1.253152061025353,1.5759198655714528,1.575219981071695,1.5561974833891006
2016-01-05,1.253334215257006,1.5789209464224871,1.579000040610437,1.5561974833891006
2016-01-06,1.2412143012056513,1.5668226383302615,1.5679575944587942,1.5561974833891006
2016-01-07,1.2240023364863315,1.5345035914492418,1.5378791880952827,1.5561974833891006
2016-01-08,1.2145848290749797,1.5223139107032346,1.5276095665790608,1.5561974833891006
2016-01-11,1.2081148392848045,1.527289887426888,1.5334445705344557,1.5561974833891006
2016-01-12,1.2124573990638703,1.54112627364624,1.5457907748704565,1.5561974833891006
2016-01-13,1.197086380855437,1.5039642786587935,1.512873931663865,1.5561974833891006
2016-01-14,1.2069406882133042,1.5244132522878988,1.5308177132299499,1.5561974833891006
2016-01-15,1.188249463391793,1.4960142638545975,1.5052728977158585,1.5561974833891006
2016-01-19,1.1865813801157536,1.5011954189359684,1.5105546027964074,1.5561974833891006
2016-01-20,1.1778961811964799,1.4937234752184174,1.5035755544120823,1.5561974833891006
2016-01-21,1.1837494139456697,1.498503696918489,1.5078926105976977,1.5561974833891006
2016-01-22,1.205454579339714,1.5266319646637303,1.533765918028238,1.5561974833891006
2016-01-25,1.18917816795567,1.5115578686009552,1.5198691361397119,1.5561974833891006
2016-01-26,1.2052631510478966,1.5237153645714459,1.5304132224988798,1.5561974833891006
2016-01-27,1.2002875040018128,1.504843819351842,1.513889306637005,1.5561974833891006
2016-01-28,1.2077282487546952,1.5103805425660752,1.5188310095305895,1.5561974833891006
2016-01-29,1.2270410454005527,1.5382027510455933,1.5453655895694955,1.5561974833891006
2016-02-01,1.2220638022196806,1.5410505704129687,1.548116029962177,1.5561974833891006
2016-02-02,1.206038726549525,1.5117976297702127,1.5192805931452016,1.5561974833891006
2016-02-03,1.2193294444690665,1.510964060664047,1.5183854151984366,1.5561974833891006
2016-02-04,1.2215843785929683,1.5082087594910496,1.514908564744991,1.5561974833891006
2016-02-05,1.209041677919346,1.4756963671116865,1.483533648861815,1.5561974833891006
2016-02-08,1.2000226938818148,1.4533928078625535,1.4619432766374534,1.5561974833891006
2016-02-09,1.1934684897168997,1.4541846928579578,1.4632181058641691,1.5561974833891006
2016-02-10,1.1926520441722037,1.455627119991339,1.4645346460357256,1.5561974833891006
2016-02-11,1.1883324057837357,1.4413594986016578,1.4504529094595222,1.5561974833891006
2016-02-12,1.2035435466120878,1.4695457263663014,1.4783130133363056,1.5561974833891006
2016-02-16,1.2114226334210898,1.4958699847019403,1.5042190137206042,1.5561974833891006
2016-02-17,1.2276266234367634,1.5210793466603902,1.5291321218764091,1.5561974833891006
2016-02-18,1.2270979846549186,1.5113743770292751,1.519554874854756,1.5561974833891006
2016-02-19,1.2243369861637816,1.5131302742910868,1.5213511488702118,1.5561974833891006
2016-02-22,1.2376481255981227,1.5342648353788413,1.5420522063779691,1.5561974833891006
2016-02-23,1.2261437879328543,1.5180859474977089,1.5267735492093342,1.5561974833891006
2016-02-24,1.230775983688079,1.5249382575020147,1.5335661034727182,1.5561974833891006
2016-02-25,1.2399761720700466,1.5427240897703776,1.5514057563097206,1.5561974833891006
2016-02-26,1.2364378565763932,1.5391852246057236,1.5469724318124565,1.5561974833891006
2016-02-29,1.2365307842310194,1.5260389485680543,1.5341548233931537,1.5561974833891006
2016-03-01,1.252923446892765,1.5179745831503775,1.5275564756405038,1.5561974833891006
2016-03-02,1.2587360799467127,1.5204077053784908,1.5278556144920132,1.5561974833891006
2016-03-03,1.265281360136467,1.522940714397703,1.528699351660143,1.5561974833891006
2016-03-04,1.2731306568744678,1.5234848861732988,1.5275842032215066,1.5561974833891006
2016-03-07,1.2792267022884274,1.5220513347210556,1.5261953354409656,1.5561974833891006
2016-03-08,1.2663494821682264,1.5298537638110365,1.5295854297307891,1.5561974833891006
2016-03-09,1.2727800474993303,1.5304035928869841,1.5289211604154922,1.5561974833891006
2016-03-10,1.2735876564637532,1.526196926308032,1.5268502117910123,1.5561974833891006
2016-03-11,1.2861242432009536,1.5235490202175737,1.5248369055894673,1.5561974833891006
2016-03-14,1.281933092118041,1.525722681270496,1.5256766553548664,1.5561974833891006
2016-03-15,1.2773488521077472,1.527312907926942,1.526447604000006,1.5561974833891006
2016-03-16,1.2898735574996747,1.5316581789321633,1.5295758066745515,1.5561974833891006
2016-03-17,1.3001303990572335,1.5336559095222504,1.529692556098747,1.5561974833891006
2016-03-18,1.3024042434478487,1.5333567660219911,1.5301783680295102,1.5561974833891006
2016-03-21,1.303320197927293,1.53135458828873,1.5293479583046072,1.5561974833891006
2016-03-22,1.3020043177661347,1.528986219983616,1.528071966214225,1.5561974833891006
2016-03-23,1.2898640002458537,1.536472964526063,1.531362669287141,1.5561974833891006
2016-03-24,1.2882663076856957,1.5366853172570836,1.530858909844289,1.5561974833891006
2016-03-28,1.2889366568239742,1.5373712679699887,1.5313494849872455,1.5561974833891006
2016-03-29,1.2985697621006291,1.5456954085686914,1.535680396203655,1.5561974833891006
2016-03-30,1.2992562084550419,1.5429026712249414,1.534725672249649,1.5561974833891006
2016-03-31,1.2991011529161283,1.5455269677664674,1.5362083777928928,1.5561974833891006
2016-04-01,1.2978156588259842,1.5491055994901404,1.5378749999898347,1.5588251904586632
2016-04-04,1.2909321575358415,1.5436988098502074,1.5347542497103297,1.555661926767625
2016-04-05,1.2848592335894977,1.5368477994303251,1.5305714986883938,1.5514221948918527
2016-04-06,1.2960813264582238,1.5413515182565518,1.5329763348659116,1.5538597917137438
2016-04-07,1.288396106962745,1.5368748765544182,1.5315892998634033,1.5524538613865249
2016-04-08,1.2970216794774834,1.538468739513588,1.5327254185526165,1.553605457213304
2016-04-11,1.3003887422313816,1.5373041720887632,1.5311340878301263,1.551992448082793
2016-04-12,1.312428642157395,1.5434199285195602,1.534204611287796,1.5551048007211683
2016-04-13,1.3209581064102764,1.5435578974490765,1.5334435498449668,1.554333371477194
2016-04-14,1.3188537035950334,1.537816007540182,1.5283221757472838,1.5491422298348085
2016-04-15,1.3183666874342868,1.5431165243046283,1.533851252012656,1.5547466276971096
2016-04-18,1.3231396773705404,1.5484507692238245,1.5374631919686035,1.5584077724519125
2016-04-19,1.333611730127532,1.5494747973733736,1.5375853639278936,1.558531608737508
2016-04-20,1.3346324290873575,1.538326602853926,1.5259210406400339,1.54670838450219
2016-04-21,1.329120016931706,1.5271310503400346,1.5154930330821617,1.5361383181004267
2016-04-22,1.3294426936887902,1.5218588429174662,1.5126827717957034,1.5332897731373245
2016-04-25,1.3257983743767405,1.5248973464325697,1.5148417357382729,1.5354781482516813
2016-04-26,1.3309593306841392,1.524106506560919,1.5132864241066377,1.5339016488935266
2016-04-27,1.3380735959260694,1.529709480387313,1.5204237437520676,1.5411361989419539
2016-04-28,1.333899598251757,1.5293340176279795,1.5218257383230946,1.5425572926291635
2016-04-29,1.3330414746690395,1.534276415230915,1.525147685421646,1.5459244940067962
2016-05-02,1.3341140477132352,1.5409068035487439,1.5291627417719122,1.5499942467369905
2016-05-03,1.3231981289535544,1.540243223072821,1.5310892402179033,1.5519469895197329
2016-05-04,1.3179528803044505,1.5439406654963608,1.534949178904183,1.5558595114463123
2016-05-05,1.3182910558272085,1.5438838420152006,1.536068452931235,1.5569940331391718
2016-05-06,1.3217721576165256,1.5456140657645276,1.5365677035844902,1.5575000849929652
2016-05-09,1.31572162158681,1.5505086598705287,1.5412532610618965,1.5622494729647907
2016-05-10,1.3298636194153048,1.5599829571057255,1.548507411957003,1.5696024458336877
2016-05-11,1.3287087021747543,1.5536227052743536,1.5443624562773592,1.565401024179258
2016-05-12,1.327343113886676,1.5544239560028161,1.544360054957949,1.5653985901471117
2016-05-13,1.3210183130517572,1.5493415230771936,1.5414667526364716,1.562465872896125
2016-05-16,1.3314713441808432,1.5533767152054325,1.5431740005508268,1.5641963783372514
2016-05-17,1.3258543079857483,1.5384555716488033,1.5306488699945553,1.5515006202131982
2016-05-18,1.318393269798629,1.5239589783319374,1.5160876196208128,1.5367410045829841
2016-05-19,1.3154225603935368,1.5287570485878983,1.5208980118901185,1.5416169279482972
2016-05-20,1.3214120599784889,1.5331463408429793,1.5237537837142832,1.5445116034308555
2016-05-23,1.3192281527731249,1.530482358641355,1.52216058799325,1.5428967038952666
2016-05-24,1.3283182898789923,1.5414861451862683,1.5298133790637094,1.5506537475418751
2016-05-25,1.3357326410718704,1.543229156998617,1.5307428801648582,1.5515959110668947
2016-05-26,1.3361281628680028,1.5506647163028404,1.5376262830929495,1.5585730853368818
2016-05-27,1.3382199230669607,1.552957639415786,1.5386071508945836,1.5595673153215732
2016-05-31,1.3367838950364936,1.5541853197900708,1.53953692204515,1.5605097525748444
2016-06-01,1.338902900306816,1.5565974156289304,1.5417821095272977,1.5627855258363235
2016-06-02,1.3421671292359458,1.5594435805398106,1.5449404529397683,1.565986894784717
2016-06-03,1.3468419032400087,1.5848786640692811,1.5649549350389143,1.5862740305209369
2016-06-06,1.3535868038003802,1.5834795694381751,1.5621382512727253,1.5834189755858346
2016-06-07,1.3574495259535846,1.5824390210197516,1.562562835805896,1.5838493441566157
2016-06-08,1.3659350931647531,1.6021076491633617,1.5750904668285621,1.596547636810461
2016-06-09,1.3641607345165458,1.6132985358783256,1.5828274502218622,1.6043900197165595
2016-06-10,1.353012822736308,1.6158356441379036,1.585231766287652,1.6068270893413357
2016-06-13,1.346153009355948,1.6175362743126347,1.5849827656109787,1.6065746965738856
2016-06-14,1.3435175432321906,1.6188652529050584,1.5852977676913456,1.6068939898701067
2016-06-15,1.3435504694033185,1.6228553465376732,1.5888310417014249,1.610475397027217
2016-06-16,1.341023479392318,1.6186960625944358,1.5893219956983302,1.6109730392008252
2016-06-17,1.345087542483824,1.6243563385846562,1.589625058831487,1.6112802309077374
2016-06-20,1.3521086791729306,1.6201674466799023,1.5855195231114527,1.6071187662238329
2016-06-21,1.3518070876007682,1.6101804797650592,1.579820737367848,1.6013423469620487
2016-06-22,1.3499043227639302,1.6107736234722485,1.5809192533519312,1.6024558278289083
2016-06-23,1.3622499387357594,1.6092217188996318,1.5788424609316292,1.6003507436444708
2016-06-24,1.3343176963576189,1.6326220026877727,1.5947513097095471,1.6164763157659892
2016-06-27,1.3206484374714595,1.6444899488722247,1.6064496947456945,1.6283340657665757
2016-06-28,1.3375639264009966,1.6470051933797754,1.6112510104396174,1.6332007889079758
2016-06-29,1.3550194698799658,1.6573580221172752,1.6161542170128753,1.6381707909695657
2016-06-30,1.3678358820798435,1.680688102034714,1.6331492451880405,1.6553973393120367
2016-07-01,1.3766362829493601,1.6850426324462389,1.6379883051950497,1.6603023209504122
2016-07-05,1.3669160782828558,1.692663003957496,1.645562782357452,1.667979983832886
2016-07-06,1.3724392796686251,1.696475054325001,1.6484917414840412,1.6709488436351334
2016-07-07,1.3656314992410696,1.6903348964213778,1.6444699477068438,1.6668722616952707
2016-07-08,1.3830728677094304,1.7046716810872324,1.655690920238696,1.6782460954881417
2016-07-11,1.3849189122324135,1.7014588367171262,1.6513075757379514,1.6738030374852062
2016-07-12,1.3925215892591054,1.690401610168911,1.6406297504901133,1.6629797501726773
2016-07-13,1.391468472734705,1.6994148917399807,1.6483961052434994,1.6708519045595402
2016-07-14,1.3945879868794826,1.6933687011612473,1.6425192170213365,1.6648949565616353
2016-07-15,1.3929241069224505,1.6893545423118053,1.6376794525642495,1.659989260876587
2016-07-18,1.3947217873058302,1.6913999982115413,1.6387048790608192,1.6610286565711831
2016-07-19,1.3912377613839169,1.6929389856643957,1.6410297671478624,1.6633852161843532
2016-07-20,1.3916004359715763,1.6917677199489995,1.639342532242589,1.6616749963858788
2016-07-21,1.389535225872431,1.6926855364353977,1.6409202973071586,1.6632742550559871
2016-07-22,1.3925289364716134,1.699525919314558,1.644667539442113,1.6670725451866892
2016-07-25,1.3861583290551511,1.697773593018524,1.6432053130104052,1.6655903991111527
2016-07-26,1.3874126545782133,1.6940762937839156,1.6406066988051167,1.6629563844587822
2016-07-27,1.3892937830796825,1.6948558284419606,1.6433875099332031,1.6657750780693799
2016-07-28,1.3874109321652859,1.6967390853839182,1.6443284182746223,1.6667288042334223
2016-07-29,1.3920899938186067,1.7053391761062382,1.6519141725264286,1.6744178978310311
2016-08-01,1.386041621268514,1.7016979388904654,1.6458939348233819,1.668315647528425
2016-08-02,1.3799278134472162,1.6997070355074573,1.6403906519818443,1.6627373944690644
2016-08-03,1.3853878057231552,1.6924644417089825,1.6365009312028689,1.6587946847337753
2016-08-04,1.389103628496061,1.6962822146836654,1.6414400740765123,1.6638011126494126
2016-08-05,1.3914426648732463,1.6741938037420028,1.6267941473119791,1.6489556670973893
2016-08-08,1.3942634886872698,1.674691982296074,1.6272965370130161,1.6494649007616393
2016-08-09,1.3967037475853163,1.6829678579558471,1.6354330746062475,1.6577122809216178
2016-08-10,1.393970960986149,1.6915560754967005,1.6416098886835375,1.6639732406098389
2016-08-11,1.4005678821976086,1.6838791661373198,1.6357009643367306,1.6579838200650105
2016-08-12,1.4018668361315967,1.6847301026555381,1.6399209749434285,1.6622613191060684
2016-08-15,1.4071165080953476,1.6788254830277587,1.632827857593439,1.6550715735128856
2016-08-16,1.403379701125472,1.6742948142344491,1.6279799102206043,1.6501575834377218
2016-08-17,1.4054391668006367,1.679662458303436,1.6344668350290945,1.6567328784390403
2016-08-18,1.4126431777475914,1.6878845658267723,1.6414940304339858,1.6638558040444973
2016-08-19,1.407979263442253,1.6727008575475977,1.6309097238449444,1.6531273093783871
2016-08-22,1.4039747620913547,1.6709406395222022,1.633358800084904,1.655609748937017
2016-08-23,1.4068568014902774,1.6691183222859443,1.6325190889326688,1.654758598552999
2016-08-24,1.3989660390951988,1.6598148372594759,1.6272835146239535,1.6494517009709473
2016-08-25,1.398878431518667,1.6575185489129425,1.6249219997198707,1.6470580155802932
2016-08-26,1.3954107601508923,1.6489156142328338,1.6158261993287772,1.637838304760419
2016-08-29,1.4015672584389853,1.6613418813785898,1.6271891493764377,1.649356050202886
2016-08-30,1.3970103255975193,1.6490481758053845,1.618476601554178,1.6405248129316488
2016-08-31,1.3904620992663903,1.6510345379871596,1.6197889821801492,1.6418550718793832
2016-09-01,1.389977272613988,1.6542919770328386,1.6206578267793266,1.6427357525899746
2016-09-02,1.3996101907205525,1.6731725875556736,1.636633973003942,1.6589295389390253
2016-09-06,1.4082058143628453,1.691365814787289,1.6501881252636952,1.6726683369414346
2016-09-07,1.4084919513608074,1.6850469465295936,1.6447615632406818,1.6671678498543074
2016-09-08,1.4084359419926242,1.6780354146718428,1.6383614469631997,1.660680545960773
2016-09-09,1.3795821815735705,1.6356908209333556,1.5959878047586977,1.6177296553615392
2016-09-12,1.3909174859739857,1.6542416304339704,1.6168197270300324,1.6388453671082337
2016-09-13,1.3730244730740173,1.6355308236501753,1.5984715002203307,1.6202471857531813
2016-09-14,1.3713402482690382,1.6391216891446982,1.6009724505441418,1.6227822060668402
2016-09-15,1.3800863881137104,1.648615946010192,1.6118801963042357,1.633838546056804
2016-09-16,1.3765933430724397,1.6436737302470241,1.6080852955588987,1.6299919480711673
2016-09-19,1.3788865547961222,1.6523000753779087,1.6139481564517366,1.6359346776479997
2016-09-20,1.3802264643784534,1.653923525432461,1.615338332488508,1.6373437917992184
2016-09-21,1.397814002430297,1.6805023306218505,1.6380065082322577,1.6603207719642736
2016-09-22,1.405688104264677,1.689795258173864,1.6480366011824057,1.6704875030402297
2016-09-23,1.3971883255125481,1.68109286564466,1.6402031268717407,1.6625473147386085
2016-09-26,1.391417236803208,1.6708795063232533,1.6307611421827894,1.652976703615364
2016-09-27,1.3930581840276597,1.667765366468732,1.6301582664258947,1.6523656149920556
2016-09-28,1.403398953439908,1.6702676527700222,1.6326699663134858,1.65491153130884
2016-09-29,1.3960613050739414,1.657634236042979,1.6193689897286005,1.6414293579473138
2016-09-30,1.4023939656693865,1.6628763796853598,1.62533680682995,1.6474784735319323
2016-10-03,1.4002307519081039,1.6506994573349814,1.615533994457208,1.6375421192352104
2016-10-04,1.3886402564161981,1.621248691727623,1.5928110799238655,1.6145096545840212
2016-10-05,1.3946270109153072,1.6235150911848313,1.5961442634056155,1.6178882454160506
2016-10-06,1.3939044191502428,1.6202437060907031,1.5960231047865594,1.617765436275238
2016-10-07,1.3895398733590678,1.6125658233224844,1.5865773208734268,1.6081909741716747
2016-10-10,1.397470735335078,1.6206436432240627,1.5936335656117617,1.6153433448443435
2016-10-11,1.3843974434519728,1.6039139265009321,1.577528790677331,1.599019177500038
2016-10-12,1.384333361207831,1.6099230268805567,1.5829061511496703,1.6044697927727452
2016-10-13,1.3825407856902814,1.6094910586206146,1.5818098512943901,1.6033585582246068
2016-10-14,1.380750103276745,1.6096847063893995,1.5829312934850608,1.6044952776175823
2016-10-17,1.3791254227232013,1.6089889660777683,1.5813472840217173,1.6028896894823952
2016-10-18,1.387443593509822,1.6189979045338352,1.5903001233004055,1.6119644916567197
2016-10-19,1.3923163997288233,1.6212875586864928,1.5919839673328304,1.6136712743891037
2016-10-20,1.389070987541726,1.6156123412997296,1.5869520814837057,1.6085708400773555
2016-10-21,1.3897217724858433,1.6159103432482405,1.5879335282120035,1.609565656875323
2016-10-24,1.392395561187202,1.6232380224810552,1.5956900147756736,1.617427808639922
2016-10-25,1.3899265688091957,1.624357188906687,1.5953359541805314,1.617068924741907
2016-10-26,1.3846869953014407,1.6212760912891073,1.592960478927004,1.6146610888225155
2016-10-27,1.3815812852858205,1.616224023816224,1.5874768949303975,1.6091028029618553
2016-10-28,1.3782401416708858,1.6224679946997507,1.592950906828258,1.614651386324815
2016-10-31,1.3767472970963035,1.6306738469321553,1.5995631543420032,1.6213537112797316
2016-11-01,1.3727023621720005,1.6287888650213513,1.5949145786062937,1.6166418088451209
2016-11-02,1.3654433916450932,1.6281720902758219,1.5939957053743692,1.6157104179708486
2016-11-03,1.3607569034048426,1.6233468043881936,1.5890677959269788,1.6107153765123803
2016-11-04,1.3589659635276738,1.6255166181569574,1.5915583140500662,1.613239822509349
2016-11-07,1.3767787850029196,1.6329781794711449,1.6003706882278133,1.6221722460522965
2016-11-08,1.3792014145525788,1.637561662208155,1.6038302718272524,1.6256789589277505
2016-11-09,1.3823843623207916,1.6230389446232303,1.5905744055388826,1.6122425103920768
2016-11-10,1.377770172398631,1.6116250548531366,1.579132717699341,1.6006449545271593
2016-11-11,1.3667074809079183,1.5876857271256042,1.5626612211515845,1.5839490697879148
2016-11-14,1.3654520099222627,1.5732485444028526,1.5506246814314297,1.5717485584837727
2016-11-15,1.3791713319740553,1.5888451809216995,1.5650380254994,1.5863582529076035
2016-11-16,1.3756077904874175,1.587928375592312,1.565960136708053,1.5872929258689703
2016-11-17,1.375998700906282,1.5808674991224916,1.560370232424574,1.5816268713395727
2016-11-18,1.3740603153376585,1.5748605610778634,1.55500624592089,1.576189812226655
2016-11-21,1.3858661068135139,1.5831770562214218,1.5636599284636794,1.5849613823074626
2016-11-22,1.3889926923577463,1.5873828162761439,1.567333932445212,1.5886854365747447
2016-11-23,1.3864862976248897,1.5746944547251358,1.5569373308580048,1.5781472039814533
2016-11-25,1.387528230947149,1.5817741713813054,1.562599408941301,1.5838864155211716
2016-11-28,1.3873535002492259,1.592362314668165,1.5711400725660676,1.5925434270478616
2016-11-29,1.3852182057484685,1.5938896632954793,1.5724701756974393,1.5938916499314535
2016-11-30,1.3884018284697146,1.572827122933031,1.5528272940201948,1.5739811768618672
2016-12-01,1.3864351168066686,1.5584578590280274,1.5373252491379852,1.5582679504512884
2016-12-02,1.3905664849544865,1.5681758494071065,1.5464901594343923,1.567557712648104
2016-12-05,1.3955771200283216,1.572331026615125,1.5500869690651575,1.5712035209600657
2016-12-06,1.3980892318231561,1.573061189598092,1.5508652102617064,1.5719923639944093
2016-12-07,1.4098216550311216,1.5953569047511802,1.5712387582804763,1.592643457139748
2016-12-08,1.4124189186791418,1.5924147865797935,1.567841111534983,1.589199524872698
2016-12-09,1.415379609421626,1.5868670621611989,1.5623191673938943,1.583602356294308
2016-12-12,1.415433811883259,1.5921987600239416,1.5663443935647314,1.5876824173866828
2016-12-13,1.421682736906813,1.598830929348443,1.573530597189008,1.5949665173514795
2016-12-14,1.406725053791099,1.575776676003131,1.5523617621188839,1.573509303104423
2016-12-15,1.4070980459587203,1.5646323185977014,1.5450129974835696,1.5660604275896017
2016-12-16,1.4081350736957705,1.5674145830211368,1.5466670778901765,1.5677370412317249
2016-12-19,1.4098884472879087,1.570888646841171,1.5523934068893173,1.5735413789657888
2016-12-20,1.4132867402341958,1.5710495181282742,1.5514052667809453,1.572539777605052
2016-12-21,1.410292213265559,1.5675911574198758,1.5492783825522094,1.5703839192206162
2016-12-22,1.4072823070434939,1.5613529962179038,1.544083511313409,1.5651182791989726
2016-12-23,1.4097779222233922,1.5632290280620087,1.546411526263181,1.567478008271552
2016-12-27,1.41443794014274,1.5701739364053486,1.5521266629820263,1.5732710012549287
2016-12-28,1.4098899078667118,1.5711805859926788,1.5526250112377669,1.5737761384180107
2016-12-29,1.4130814765701645,1.5855040754546426,1.5655065138140465,1.5868331233530644
2016-12-30,1.4085549804402513,1.5752579048648594,1.5564399322245053,1.5776430293771435
2017-01-03,1.4152429186995934,1.5886629918417765,1.5675921436098326,1.5889471653029392
2017-01-04,1.423556567910807,1.6024945020461194,1.5818856373793366,1.60343537672956
2017-01-05,1.427310998231253,1.5975723966313398,1.5757758191217142,1.5972423255328312
2017-01-06,1.4273476634088595,1.5975113725270582,1.5769084378225464,1.5983903736915264
2017-01-09,1.4226373848491523,1.588998713896143,1.568226576024894,1.5895902404750093
2017-01-10,1.4229394738906191,1.5944898419427729,1.572995425972309,1.594424055594962
2017-01-11,1.4293137350022818,1.6024062190855424,1.5815715826319527,1.603117043671666
2017-01-12,1.4295349216499482,1.596030637281712,1.5749202498964714,1.5963751010441707
2017-01-13,1.4300526870488508,1.5997499635012848,1.5785441118594503,1.600048330217331
2017-01-17,1.4306936946384319,1.5938429574952109,1.5699738149086329,1.5913612816751974
2017-01-18,1.4279196067426492,1.5975348911697274,1.5748681825653954,1.5963223244093454
2017-01-19,1.4233611878419081,1.591872187094705,1.570129447081057,1.591519033996304
2017-01-20,1.4285644272268145,1.5990596879681684,1.5772651149876022,1.5987519098045093
2017-01-23,1.428891575507431,1.5940956461762037,1.5720559762598947,1.593471807930561
2017-01-24,1.4345804639586346,1.6127938139853082,1.5931066433120296,1.6148092443782847
2017-01-25,1.4384619525677715,1.6238616731208861,1.6055598529183381,1.627432101786399
2017-01-26,1.4384224755887633,1.622168584711516,1.6052832647993653,1.6271517457579576
2017-01-27,1.4377873182955456,1.6211456487139024,1.6025855308869954,1.6244172611088252
2017-01-30,1.430598369860358,1.6053548472636825,1.5863008338385243,1.6079107206043548
2017-01-31,1.4346808442481567,1.6082909757519737,1.5856543198491917,1.607255399272932
2017-02-01,1.435469478991277,1.6106204914570441,1.5866402901261931,1.6082548012430813
2017-02-02,1.4367901299250798,1.6094411356596614,1.5844128817731078,1.6059970493124949
2017-02-03,1.442659518366754,1.6244445444517766,1.5989218012402675,1.620703621141736
2017-02-06,1.4416268247366082,1.6147664147840382,1.5916078299195777,1.6132900129245151
2017-02-07,1.4400762058476073,1.6029315772205042,1.5821810941178165,1.603734858421268
2017-02-08,1.4439216231925889,1.6024758566841788,1.581443586975485,1.6029873043537286
2017-02-09,1.44746940219488,1.6177006877771782,1.5949833688933344,1.6167115362496889
2017-02-10,1.4544023633846095,1.6307428122696903,1.6073641814604227,1.6292610103669298
2017-02-13,1.4559893675781388,1.6357754696393947,1.616019248128353,1.6380339834285624
2017-02-14,1.4583580062812498,1.6422656281864092,1.6212488481088259,1.6433348252951883
2017-02-15,1.4619699914975737,1.6455815130326363,1.6250845726530263,1.64722280321485
2017-02-16,1.462110159217696,1.6416964696743968,1.6211130452836304,1.6431971724528884
2017-02-17,1.4628070799954638,1.639314676463433,1.6190414393220343,1.6410973453813371
2017-02-21,1.4691958452865599,1.6505102763717712,1.6286953175905692,1.6508827366717302
2017-02-22,1.4677026921371403,1.6410368868228642,1.6220513799420906,1.6441482898731585
2017-02-23,1.470171607661147,1.6413646761924197,1.6188220530352544,1.64087497043521
2017-02-24,1.4723014664067064,1.6365796254371374,1.6161415187578432,1.6381579197285243
2017-02-27,1.4719941237101613,1.6435866163038542,1.62266904983077,1.6447743741660092
2017-02-28,1.4699117661595162,1.6365488948578844,1.6154926200520148,1.6375001811940475
2017-03-01,1.4802110908177222,1.663510881656839,1.6450515222335045,1.6674617589055742
2017-03-02,1.468389457921555,1.6418783490120132,1.6250522667065856,1.6471900571703963
2017-03-03,1.4707818656361002,1.6455301655224628,1.6272003796357588,1.6493674334499817
2017-03-06,1.466631360873587,1.6394985283467887,1.6204943740556077,1.6425700731796313
2017-03-07,1.4610692903970612,1.631975582719401,1.6128601442779773,1.6348318436829565
2017-03-08,1.4508481730956233,1.607792363380048,1.5976428378267522,1.619407234643044
2017-03-09,1.447026066191094,1.6039101750768638,1.5944930230557652,1.6162145105202603
2017-03-10,1.449497208014223,1.6012763667489662,1.5963861159925627,1.6181333927166541
2017-03-13,1.4505615720881795,1.602935418073071,1.5983045080118223,1.6200779186402932
2017-03-14,1.4455624685078752,1.5907377449354103,1.5861316138944734,1.607739195407888
2017-03-15,1.4620649309809197,1.6125129769099509,1.6067499119950825,1.6286383728207647
2017-03-16,1.4594292537006281,1.6078210177356425,1.6015599528899154,1.6233777118498547
2017-03-17,1.4608027325900312,1.6079080057856299,1.6032390917038677,1.6250797252654332
2017-03-20,1.4607655233909895,1.6036096380183285,1.6001865624982188,1.6219856120114902
2017-03-21,1.4507315839782664,1.5739850915925615,1.5702845749076724,1.5916762751009907
2017-03-22,1.45323896523112,1.5750626148941702,1.5719851219829797,1.5933999884187617
2017-03-23,1.4522790509763837,1.5739798945672767,1.5727955723957565,1.594221479449608
2017-03-24,1.4538323153264103,1.5718983340501433,1.568747895038153,1.5901186613220466
2017-03-27,1.4545889333370219,1.568486826266232,1.5660483956287887,1.5873823871248764
2017-03-28,1.4611543271018392,1.5864656073111854,1.5838187227174276,1.6053947961364303
2017-03-29,1.4660130953811046,1.5951754794916273,1.588812058284476,1.6104561550026448
2017-03-30,1.4675289205266875,1.6072505728712037,1.5986383722233493,1.6204163310230444
2017-03-31,1.467055574045324,1.6051402223931717,1.595302166605663,1.6170346768850725
2017-04-03,1.4663044096360678,1.5976711500418643,1.5886753737421677,1.610317608431761
2017-04-04,1.4688968339308122,1.60390227027003,1.593102029805168,1.6148045680224603
2017-04-05,1.4662256197537384,1.5952868270777134,1.5847726013781023,1.6063616693120202
2017-04-06,1.4693403594667667,1.606853952606115,1.5935056538258703,1.6152136905395371
2017-04-07,1.4680255351032616,1.6071807745139763,1.5930356926993392,1.6147373272183454
2017-04-10,1.4705265342006915,1.6136604878967051,1.5970097606996498,1.6187655332217727
2017-04-11,1.4733958309749338,1.6151137262410893,1.5974489974384198,1.6192107536024762
2017-04-12,1.4712931463988141,1.6020611167341177,1.5846672099574775,1.6062548421633058
2017-04-13,1.4665763119782702,1.5886288823701402,1.5716418892711466,1.5930520799103338
2017-04-17,1.4721273239636845,1.6005921348278607,1.585280345695172,1.60687633053726
2017-04-18,1.4697901693407078,1.5942375361609542,1.5798009654457679,1.6013223056906831
2017-04-19,1.46290026346813,1.5803921381106774,1.5713125203117593,1.5927182240177211
2017-04-20,1.468628271684167,1.5930863926876095,1.5858371972595247,1.6074407679888505
2017-04-21,1.4650818915406119,1.5825933460817145,1.5784220775586046,1.5999246334654744
2017-04-24,1.4735324910894636,1.5984454614225243,1.5963711773263434,1.6181182505437102
2017-04-25,1.477311337637943,1.6111935080737951,1.607951295539991,1.6298561225944572
2017-04-26,1.4764480511056945,1.6085992393679616,1.606410425116899,1.628294261174794
2017-04-27,1.4753815826369103,1.6048428450958563,1.6042939898949573,1.6261489941420648
2017-04-28,1.4729368020204938,1.5983107207843315,1.5987529356555625,1.6205324551319868
2017-05-01,1.4718062296575538,1.605580830242578,1.6063915756682592,1.6282751549435552
2017-05-02,1.4707019812487947,1.6081388548764128,1.6094723874655574,1.6313979360777322
2017-05-03,1.466487853771352,1.6057077848673285,1.6065303594591371,1.6284158293606887
2017-05-04,1.4595865159630483,1.6029855569595968,1.6042608368717517,1.6261153894812743
2017-05-05,1.4673693670974879,1.609786490283019,1.6111209275589822,1.633068933931998
2017-05-08,1.4655569764751135,1.6094097772414935,1.6118153790565517,1.6337728458155842
2017-05-09,1.4634758063241669,1.6133206802712081,1.616008245744984,1.6380228311617318
2017-05-10,1.4688773769125045,1.6182964326752005,1.620365240250531,1.6424391802082938
2017-05-11,1.4689069453368993,1.6146751277205975,1.617489489522193,1.6395242536525967
2017-05-12,1.469873615390512,1.6130205251420926,1.616912607971678,1.6389395133499978
2017-05-15,1.4771130774005696,1.6235159697214094,1.6265906950817002,1.6487494432745078
2017-05-16,1.4776662659278452,1.6267750171634032,1.630460087351488,1.6526715475690383
2017-05-17,1.466548943652289,1.5865979425319698,1.5902517433052492,1.6119154525897195
2017-05-18,1.4671684487646421,1.588429041790677,1.593830513734343,1.6155429759552575
2017-05-19,1.4778221071352915,1.6037860526283916,1.6081170260590174,1.6300241108301
2017-05-22,1.4835316687693147,1.6129794845160788,1.6182986577854974,1.6403444450674827
2017-05-23,1.484274556699703,1.6175088498069805,1.6221499057249913,1.644248157854819
2017-05-24,1.487288314826219,1.6212920263921604,1.626680848067978,1.6488408243984654
2017-05-25,1.4851624935710728,1.6292408255575064,1.635893413360268,1.6581788907864758
2017-05-26,1.4893280917745202,1.6306857252635316,1.6373759502237697,1.659681623979112
2017-05-30,1.4875004944530383,1.6265846031984421,1.63523591698733,1.6575124374604397
2017-05-31,1.4849979542352187,1.6219012514442432,1.6315597366034431,1.6537861771420712
2017-06-01,1.4920122387895243,1.636187545889242,1.6442757346708452,1.6666754029305266
2017-06-02,1.4969450842644652,1.6449899861124795,1.6543238963506803,1.6768604488831769
2017-06-05,1.4942240146517012,1.6426414007123962,1.6521418033504676,1.6746486296282455
2017-06-06,1.4957515456389894,1.6378843013648088,1.647070601927987,1.6695083441542606
2017-06-07,1.4910289740427383,1.6415201660369276,1.6507074206105352,1.6731947065540163
2017-06-08,1.4904197578973444,1.6518350729279005,1.6597284227548514,1.6823386001642477
2017-06-09,1.4899593974624674,1.6437249391743691,1.6472176534331364,1.6696573989152284
2017-06-12,1.4875093344694148,1.640322493850862,1.6433530614223195,1.6657401602727206
2017-06-13,1.4930740702590946,1.6498015145702527,1.653173044575093,1.6756939192638767
2017-06-14,1.4891122379519093,1.645759582581982,1.6486388484179926,1.6710979545800007
2017-06-15,1.4849874041956237,1.6396053273284168,1.6430483975445984,1.665431346014593
2017-06-16,1.4864844213266633,1.63831568013568,1.641505545934175,1.663867476418245
2017-06-19,1.4903211784945043,1.6561557501225648,1.6601704374324628,1.682786636327146
2017-06-20,1.4827418126478595,1.6406150049410515,1.6448268446139587,1.6672340205438196
2017-06-21,1.4786887028870823,1.6406749300035102,1.6463075527326405,1.668734900078979
2017-06-22,1.4803188988116274,1.6408685769542364,1.6464186103537024,1.6688474706177452
2017-06-23,1.4838452361689658,1.646886191733128,1.6528979674820072,1.675415094845752
2017-06-26,1.4854859362193118,1.6486921054789847,1.6531207861249726,1.675640948906427
2017-06-27,1.4790597781509978,1.632877743251667,1.63539268421593,1.6576713403003853
2017-06-28,1.4877478276284557,1.6532210814055472,1.6557408593397962,1.6782967149005035
2017-06-29,1.47807990399332,1.6379334477499143,1.638290363223443,1.6606084938602028
2017-06-30,1.4825893119473268,1.640658892891109,1.6410648738359417,1.6634208011244387
2017-07-03,1.483668778645636,1.645431185344385,1.6453154251926196,1.66772925696654
2017-07-05,1.479983322260999,1.6505817950713377,1.6506032707529958,1.6730891378819746
2017-07-06,1.4718162786649513,1.6342059057405784,1.6342747478134274,1.6565381744542904
2017-07-07,1.471514299962178,1.6474525269383844,1.647549004608346,1.6699932640270276
2017-07-10,1.4744986506991222,1.6531251295111213,1.6534220153782582,1.6759462817508575
2017-07-11,1.4770898430613135,1.654897573868234,1.6553524767216763,1.6779030414168556
2017-07-12,1.4862889145161948,1.6716203265915224,1.6719954511904405,1.6947727400895316
2017-07-13,1.4870713501743342,1.6758651154307433,1.6758929748984297,1.6987233590517123
2017-07-14,1.4947937203507067,1.6845174056430021,1.684846142613573,1.7077984941367217
2017-07-17,1.4947235100282954,1.6830025811334473,1.6834096994028023,1.7063424825222357
2017-07-18,1.497944594730522,1.6851737105685434,1.6854569899711924,1.7084176629564167
2017-07-19,1.5051469399551616,1.6937724354045933,1.6938535089775981,1.7169285662089155
2017-07-20,1.5048027642318855,1.692906441694025,1.6926004243357857,1.7156584110237105
2017-07-21,1.5028224139951387,1.690439052281243,1.6900816514152235,1.7131053253193174
2017-07-24,1.5031368500666586,1.6942859509313348,1.6935246115472145,1.7165951882688602
2017-07-25,1.5068618336210005,1.6980304633090337,1.6965764402143775,1.7196885914410094
2017-07-26,1.51055485215735,1.699260868574704,1.6981707994195712,1.7213046703106911
2017-07-27,1.5097703398594744,1.689866553058807,1.6887936684462062,1.7117997963933649
2017-07-28,1.5108280898020139,1.6891175962728868,1.6882589548600706,1.7112577985016284
2017-07-31,1.5116474980445533,1.6876447735977338,1.6864823247055025,1.7094569656386924
2017-08-01,1.5121204885772814,1.6922856080302247,1.6903517703694928,1.713379124054805
2017-08-02,1.5116173332256333,1.6926995503975386,1.6909942794776511,1.7140303859472885
2017-08-03,1.5092901504248784,1.6888012997222237,1.687892175576237,1.710886022650547
2017-08-04,1.509302727260559,1.6947778882945435,1.693736037546654,1.7168094944861054
2017-08-07,1.5109161885862392,1.700229509971353,1.6987176280959473,1.7218589483343314
2017-08-08,1.5089742628949296,1.696878312416274,1.6952082876588266,1.7183018007928763
2017-08-09,1.5108835760873973,1.6914416008463762,1.6900810329254752,1.713104698403996
2017-08-10,1.4978463980907362,1.659450271243661,1.6588897363398152,1.6814884884772363
2017-08-11,1.4995076299010688,1.6635517398414117,1.6626780483876478,1.6853284080087447
2017-08-14,1.504601564016806,1.6853016782568966,1.6841741538406192,1.7071173509833488
2017-08-15,1.501669723311555,1.683554743350839,1.6821354190249544,1.7050508428553512
2017-08-16,1.505245076587095,1.6880733372080379,1.6865748002095913,1.709550700919697
2017-08-17,1.4935453162608847,1.658375024092838,1.656932753400715,1.6795048459166984
2017-08-18,1.4967862301790102,1.6592358397148965,1.6572611522320237,1.6798377184653546
2017-08-21,1.495327422013282,1.6592821949137635,1.6574617769617048,1.680041076269115
2017-08-22,1.5040829198947063,1.6799112489838808,1.6778952392585311,1.7007528998937858
2017-08-23,1.5045673263089065,1.6755755011475315,1.6727913684106115,1.6955794999447409
2017-08-24,1.501234722751547,1.675381430119538,1.6723383761751398,1.6951203366787146
2017-08-25,1.50447440586679,1.6792876485223134,1.676557552214027,1.6993969897827967
2017-08-28,1.5054663569239182,1.6789067601589511,1.676173917579893,1.699008128964054
2017-08-29,1.5052446052125985,1.6819025884550092,1.6797203668392435,1.7026028908544517
2017-08-30,1.508420639869587,1.691753799600341,1.6893227481067008,1.7123360836095194
2017-08-31,1.51879460594741,1.7009678922440536,1.6983186693513714,1.7214545546475866
2017-09-01,1.521295325939679,1.7032924837922565,1.700493953813251,1.7236594726127097
2017-09-05,1.5197667988561188,1.6836853312546953,1.681420020010666,1.7043256980908486
2017-09-06,1.5233076060087467,1.6893184014635305,1.687296816512625,1.710282553119062
2017-09-07,1.5266591934583122,1.6910422121576127,1.6897630029145922,1.712782335928314
2017-09-08,1.5215709988886106,1.6880087609683898,1.687925207418083,1.7109195044791463
2017-09-11,1.5288785470890844,1.7085258998554118,1.7076174251332128,1.7308799856824584
2017-09-12,1.532001737457949,1.7151849435037916,1.7144136949122268,1.73776883980438
2017-09-13,1.5328244493166074,1.712176314596292,1.7108453566335708,1.7341518907045614
2017-09-14,1.5343699980744465,1.7115825419649096,1.7112101710885328,1.734521674960266
2017-09-15,1.535895604616441,1.7177026533398136,1.7169939657152842,1.7403842611656986
2017-09-18,1.5348807644079514,1.7239152663565822,1.7233898657346127,1.7468672913637642
2017-09-19,1.5357081662741683,1.7301232534356807,1.7296282139427408,1.753190623451058
2017-09-20,1.5362211947019535,1.7299272968181783,1.7300262785062732,1.7535941107754942
2017-09-21,1.5325746807168095,1.7275437693708837,1.7282218349860414,1.75176508565049
2017-09-22,1.533210434268106,1.7270541216992261,1.7284230688141686,1.7519690608503335
2017-09-25,1.5375733458202285,1.7137636769653464,1.7163021946446662,1.7396830662240308
2017-09-26,1.5347634820575624,1.7140300154328594,1.7160563932745774,1.7394339163467352
2017-09-27,1.5352196515000984,1.7225018537055763,1.7234630013030827,1.7469414232447367
2017-09-28,1.5360795434369632,1.7235968501284307,1.7247701450295414,1.7482663739516324
2017-09-29,1.538235589848655,1.7348096608079806,1.7355611138677498,1.7592043461890152
2017-10-02,1.5394951721867172,1.7426056486425545,1.743550763256152,1.7673028371129567
2017-10-03,1.5425372059150337,1.75198753087028,1.75262330252181,1.7764989699253286
2017-10-04,1.5429225247219207,1.7506879190559856,1.751482682980293,1.7753428119319559
2017-10-05,1.5486428971448831,1.764015494204,1.7641800702102368,1.7882131733509108
2017-10-06,1.5446319917391507,1.7630174022463936,1.7632035701290862,1.7872233705873621
2017-10-09,1.5450021153850622,1.7612382054547688,1.7613598353778182,1.7853545189740516
2017-10-10,1.5516316495918834,1.7666417453921186,1.7663438868255215,1.7904064672450577
2017-10-11,1.5542818101258138,1.7692714242377938,1.768747831114507,1.792843160028382
2017-10-12,1.5532198601123652,1.7677527890368296,1.7680937944885708,1.7921802135808498
2017-10-13,1.5582776719370393,1.7739871336756152,1.7738252173169142,1.7979897145364219
2017-10-16,1.5584943965484515,1.7779377902345281,1.7775018624533285,1.8017164459385564
2017-10-17,1.557697024753606,1.7737835478056458,1.7734190264641796,1.7975779902198286
2017-10-18,1.5567740991471903,1.775850884228857,1.7751577957952573,1.799340446488185
2017-10-19,1.5568922423061322,1.773442109751277,1.7734840897476594,1.7976439398485453
2017-10-20,1.5594862742396598,1.786537609005651,1.7869630392687827,1.8113065106391406
2017-10-23,1.5563532041740078,1.7781424978166418,1.778512990808816,1.8027413487111037
2017-10-24,1.5578817825891058,1.784931641813915,1.785569470016679,1.8098939570474362
2017-10-25,1.552364725712388,1.7752705703097973,1.7754076201603757,1.7995936741650371
2017-10-26,1.5532423629780938,1.7795541671505428,1.7802032236832808,1.8044546073195562
2017-10-27,1.5633110289322325,1.798837665340633,1.797952544456351,1.8224457238503382
2017-10-30,1.5614330263568799,1.7935742447814165,1.7923100409607233,1.8167263535593237
2017-10-31,1.5635593720568448,1.7976108160832327,1.7957071506588158,1.8201697414628744
2017-11-01,1.5669521995364035,1.7967289141627318,1.7949081017732498,1.8193598072801636
2017-11-02,1.568265625565094,1.7995451890871539,1.7975304120671556,1.822017840828642
2017-11-03,1.570732386943273,1.8029370246320229,1.8004495525672857,1.824976748247074
2017-11-06,1.5780195991597255,1.8035166228576636,1.8007762876844717,1.8253079344171337
2017-11-07,1.5753731546872665,1.7968481905049603,1.7947687408224702,1.8192185478405842
2017-11-08,1.5762479949379276,1.7984402669723507,1.7961907678322286,1.8206599468647824
2017-11-09,1.5726313904425444,1.7860868103620513,1.7832589599044744,1.8075519712776316
2017-11-10,1.5686986463745163,1.7848930587487775,1.7822225088206485,1.806501400809839
2017-11-13,1.5700584537216726,1.7862355413006552,1.7834329178745547,1.8077282990453918
2017-11-14,1.565463773181099,1.7801163749173627,1.77702883791145,1.8012369774696686
2017-11-15,1.560960819792642,1.7726659914425167,1.7692694340043928,1.7933718686192457
2017-11-16,1.5691244127690025,1.7914017845477226,1.7881638742625818,1.8125237043889124
2017-11-17,1.5726283184133905,1.7881416517681195,1.7849350336684218,1.8092508778885885
2017-11-20,1.5711106664936787,1.7943353076732205,1.791208231619079,1.815609534470094
2017-11-21,1.5793751961405365,1.8085045328002143,1.8052242925994388,1.8298165336913141
2017-11-22,1.5824307736571461,1.8059410330149088,1.8028345233847436,1.8273942090867306
2017-11-24,1.5846786271477145,1.8102795562797724,1.8070901634648777,1.831707822975039
2017-11-27,1.5813813858308705,1.8077072613344853,1.8044693830686476,1.8290513401657529
2017-11-28,1.5899055187151736,1.829963483063023,1.8268855873377599,1.8517729162947558
2017-11-29,1.5854629870111403,1.827295105121569,1.8253891313499429,1.850256074360114
2017-11-30,1.5891899208944276,1.8419979619850388,1.8406164137967713,1.8656907952967974
2017-12-01,1.5900012267290768,1.8307493057854671,1.8293441636052605,1.8542649852980682
2017-12-04,1.5879878837177208,1.823259908207547,1.8225676999180802,1.847396207082755
2017-12-05,1.5834877522207984,1.8173285187934356,1.8163954376367768,1.8411398611988066
2017-12-06,1.5785616349232992,1.8152955433210975,1.814554798924496,1.8392741478012575
2017-12-07,1.5798612554359779,1.822445265070027,1.8216096592217033,1.84642511517281
2017-12-08,1.5864340720590748,1.8313703003871078,1.8299691929802953,1.854898529334214
2017-12-11,1.5891765826892652,1.8409605045341764,1.8388548484667624,1.8639052324837766
2017-12-12,1.5869309028967473,1.8335973397782028,1.8325223034661242,1.8574864203782588
2017-12-13,1.5904484588962258,1.8407744590318826,1.8392348540721533,1.86429041483618
2017-12-14,1.586133024198325,1.8324474334338863,1.8305316584955509,1.8554686572145358
2017-12-15,1.5941125300018302,1.8429033516776114,1.840012198222374,1.8650783486038969
2017-12-18,1.600327457461516,1.8564109268080173,1.8541666520948321,1.8794256260183282
2017-12-19,1.5956877294111602,1.8439169090377792,1.8422591274080198,1.8673558872957832
2017-12-20,1.5958767691437028,1.8410517887344517,1.8392003472804899,1.864255437964791
2017-12-21,1.5993914416720938,1.8410130725653584,1.8394798221010007,1.8645387200197787
2017-12-22,1.6017278173168876,1.8455002440040598,1.8437812218265774,1.8688987169288287
2017-12-26,1.6054161660239195,1.8393644309680108,1.838198747446553,1.8632401935191045
2017-12-27,1.6084108421227135,1.84279906335671,1.8416122526635708,1.8667002002947426
2017-12-28,1.6120328479500459,1.8490578793187102,1.8473109986550509,1.8724765792628664
2017-12-29,1.6105911441495553,1.8468021743759235,1.845146110547771,1.8702821992799843
2018-01-02,1.6194535813140118,1.8713094815711184,1.868166436071277,1.89361612649698
2018-01-03,1.6274137670643714,1.8865954057348533,1.8827614120433012,1.9084099271631463
2018-01-04,1.6319696223346114,1.8969317417346352,1.8940478366097944,1.9198501046317815
2018-01-05,1.6366119537426607,1.9131431677504809,1.9096180869968147,1.9356324656983157
2018-01-08,1.6388949572470013,1.9147949354392666,1.910853766893336,1.9368849790365608
2018-01-09,1.6387037455080673,1.9170830010690383,1.9137296694939054,1.9398000595334168
2018-01-10,1.6370839778262998,1.9101022729038104,1.9072153162927588,1.9331969624874543
2018-01-11,1.6455945620484076,1.9232946455227142,1.920595221785275,1.946759139990716
2018-01-12,1.6541966861621384,1.9367818760941342,1.9343537804942197,1.9607051290340707
2018-01-16,1.64888873893083,1.9308878429025296,1.9289768423130038,1.9552549418052818
2018-01-17,1.6558045275379145,1.9496909202573256,1.9464183875569812,1.9729340900371055
2018-01-18,1.6516412881626787,1.9501881650159143,1.9465176999254046,1.9730347553198
2018-01-19,1.6563630953063355,1.9594842420836995,1.9558278221961192,1.9824717076871483
2018-01-22,1.6635258297198257,1.9710774179333486,1.9669015704928021,1.9936963116359623
2018-01-23,1.6689087612362323,1.9762064769290397,1.9715391533383728,1.998397071426298
2018-01-24,1.672546209189012,1.977257506959999,1.9728299813405747,1.999705484142803
2018-01-25,1.6719215158529293,1.9800941362600337,1.9753458912409154,2.0022556678245724
2018-01-26,1.6825661995102315,2.0064217597069995,2.0007280673637227,2.0279836207005553
2018-01-29,1.6717824804167236,1.98889210049041,1.9837103159023923,2.0107340395167386
2018-01-30,1.6588355129611554,1.9665075865018908,1.9617190942354699,1.9884432354503574
2018-01-31,1.6619893583342946,1.9683379950127338,1.961838496870739,1.9885642646859363
2018-02-01,1.6587219896894136,1.963534781288967,1.9579902779490275,1.9846636221801388
2018-02-02,1.6313854472150175,1.9185216302636827,1.9138662676986173,1.9399385185905427
2018-02-05,1.5940757608815543,1.8373004023394344,1.8324966566614866,1.8574604241918815
2018-02-06,1.6084458021621217,1.8814063280422133,1.8753155693574057,1.900862651121177
2018-02-07,1.5965070430075619,1.860930605563571,1.8563874996353613,1.881676727759606
2018-02-08,1.5627274143223064,1.7905425526004177,1.7875199076480575,1.811870965134719
2018-02-09,1.5708302535390137,1.8179885441774901,1.813237651680453,1.8379390573006824
2018-02-12,1.5859349036787331,1.847359928404756,1.842459163534994,1.867558648478409
2018-02-13,1.5884438039902222,1.853147442851778,1.8472121904546568,1.87237642501639
2018-02-14,1.6043406996816123,1.889051449588225,1.8822436485427523,1.9078851102649186
2018-02-15,1.6176825755798974,1.9158325817613266,1.907633060735274,1.933620397786273
2018-02-16,1.6190556805278036,1.9139837162643616,1.9066348383180045,1.9326085767671846
2018-02-20,1.6098790331589798,1.9033254401206372,1.8958120202063162,1.9216383213794819
2018-02-21,1.6029534709821587,1.89913267216554,1.8913283211663796,1.9170935417257813
2018-02-22,1.608264445513397,1.900814717108525,1.8938291826601195,1.9196284719992531
2018-02-23,1.625884463308016,1.9294522406622356,1.9210433650668923,1.9472133882464742
2018-02-26,1.6362709524892174,1.9540389044857351,1.9452478110505833,1.9717475669805864
2018-02-27,1.6186613207862732,1.9252255100373774,1.917349522411796,1.9434692250469987
2018-02-28,1.6056445910525463,1.9041624476046635,1.8966852310726365,1.9225234278380763
2018-03-01,1.5961774970918614,1.8782496040681687,1.8702854167911478,1.8957639737044911
2018-03-02,1.6005515320431563,1.8879900783233927,1.8797309125566042,1.905338143734995
2018-03-05,1.6113506428775617,1.9050023694337364,1.8966994599629177,1.9225378505659327
2018-03-06,1.6167119302401567,1.9153847381273852,1.907087406808031,1.9330673105151583
2018-03-07,1.612037464125621,1.9154211707488997,1.9066272947370573,1.9326009304214105
2018-03-08,1.6150298287792693,1.921320539241036,1.9125085271354074,1.938562281775422
2018-03-09,1.6321054340126977,1.955177356141739,1.9449195316389538,1.9714148154784414
2018-03-12,1.6315168414250767,1.95905624216858,1.9488175565035857,1.9753659424244303
2018-03-13,1.6251500022393706,1.939822117166827,1.930115894138529,1.956409510725953
2018-03-14,1.6225499192173447,1.9367504515727358,1.9274183199772776,1.9536751880041994
2018-03-15,1.6196402366864637,1.9350719596362833,1.925818860881556,1.9520539397691117
2018-03-16,1.6221899354799443,1.9327744044491817,1.9235826425847515,1.9497872578785507
2018-03-19,1.6091598119794572,1.9070852634693831,1.8984359284265246,1.9242979746225208
2018-03-20,1.6119961910179557,1.91414552569159,1.9050979516595385,1.9310507533822456
2018-03-21,1.618801891309639,1.912865283787403,1.9038635444857137,1.9297995301047661
2018-03-22,1.5949007474238264,1.8616746638707977,1.8542358431171668,1.8794957596173325
2018-03-23,1.5804994306106253,1.8199826022888446,1.8138672861531866,1.8385772691689322
2018-03-26,1.6037257707273536,1.8768498844286603,1.8692395320150748,1.8947038410309838
2018-03-27,1.590221227417569,1.8364746345603333,1.8303162331984892,1.8552502972179663
2018-03-28,1.5856747017108586,1.8279940141915596,1.8222752384006389,1.8470997614154343
2018-03-29,1.6004834191327602,1.8571777464234873,1.8505194769414937,1.8757287660634707
2018-04-02,1.5796270460469195,1.8127065363059218,1.805874787567427,1.8304758902335383
2018-04-03,1.589756604747413,1.8342584565340394,1.8275224234680714,1.8524184279274503
2018-04-04,1.5976220121221163,1.8536563178694976,1.8470834473845754,1.8722459281029604
2018-04-05,1.6051483405944564,1.8671931739011791,1.861142297739725,1.8864962996108143
2018-04-06,1.5856840867518063,1.8229613986098723,1.816996039015595,1.841748644460601
2018-04-09,1.5923240193378216,1.8278244166190143,1.8212585074950032,1.8460691797702207
2018-04-10,1.6107349903200754,1.8609290420386855,1.8536747855850078,1.8789270589008042
2018-04-11,1.6101131653546217,1.8505295186561797,1.8433266027628403,1.8684379046725523
2018-04-12,1.6135646705897937,1.86899146492155,1.8616570330626674,1.8870180470791238
2018-04-13,1.6133756476361318,1.8560441210457448,1.8490059056074908,1.8741945756234055
2018-04-16,1.6200576555745305,1.8679393158231612,1.8611052393245238,1.8864587363555856
2018-04-17,1.6297388754245057,1.8894955709934032,1.8828372059541734,1.908486753600634
2018-04-18,1.6366095676533163,1.8952729636002814,1.8890187285099271,1.9147524859100618
2018-04-19,1.6294812868606414,1.89000563082033,1.8839193688301479,1.9095836585839776
2018-04-20,1.6196001316141844,1.8722425401362244,1.8665032213313257,1.8919302540861562
2018-04-23,1.6173735617242104,1.8677737724631716,1.8624425547056513,1.8878142697400957
2018-04-24,1.6048972193790898,1.8386633022304049,1.832807295483573,1.857775294789951
2018-04-25,1.6048912535287776,1.8386357116827086,1.8332142938282332,1.858187837598785
2018-04-26,1.615616637180704,1.859043640279021,1.8530723304726449,1.8783163966523913
2018-04-27,1.6174033007750421,1.8618040515133565,1.855846720249687,1.8811285814350511
2018-04-30,1.6100467851348788,1.8472103664417645,1.8412708713932218,1.8663541684496483
2018-05-01,1.6075963787046075,1.845966212822819,1.8377723026853499,1.8628079393787438
2018-05-02,1.6036399125941538,1.8392719031079747,1.8320568158406558,1.857014591499818
2018-05-03,1.6039402143574741,1.84196464546516,1.8360281834516712,1.8610400603270394
2018-05-04,1.6167547097138946,1.867099332842726,1.8591116589925567,1.8844379978425765
2018-05-07,1.6184366320135724,1.8721375337250485,1.8630798244939786,1.8884602209384498
2018-05-08,1.6177499675679687,1.8764200907128594,1.8675313277280041,1.8929723661886508
2018-05-09,1.6264873744619974,1.8986409923154508,1.8888751994397153,1.9146070015695194
2018-05-10,1.6382704418363558,1.9177108024809757,1.9064661437149557,1.9324375840683445
2018-05-11,1.638659547058736,1.910683766847617,1.8987291390970742,1.924595179648526
2018-05-14,1.6393162366265364,1.9165825839946864,1.9058082594375114,1.93177073755345
2018-05-15,1.6293310165029664,1.9036650562984312,1.8951693782551877,1.9209869248343328
2018-05-16,1.6351695551131267,1.915607881876819,1.906919033959859,1.9328966439544035
2018-05-17,1.6348070746572645,1.9081905682172036,1.900883076007825,1.9267784592487271
2018-05-18,1.6334134412842642,1.8988064225600008,1.8930088675896342,1.918796981926267
2018-05-21,1.6419724013519654,1.9152326729393816,1.9091750885959526,1.9351834324110837
2018-05-22,1.638596223090454,1.9155678751871665,1.9098009505850515,1.9358178204038428
2018-05-23,1.6414399854889838,1.9190929637307454,1.9141184652926924,1.9401941518264165
2018-05-24,1.6403186001290035,1.9074793806174226,1.9022381433943656,1.9281519864709802
2018-05-25,1.6341524364105866,1.8895886523294732,1.8826383393637272,1.908285177886918
2018-05-29,1.62457973390571,1.8617546032306684,1.8560389298303488,1.8813234094517524
2018-05-30,1.6389317703049648,1.8857167488527935,1.8800884300753309,1.9057005316496343
2018-05-31,1.6303322012215435,1.8755965739361733,1.8705434126008804,1.896025484144057
2018-06-01,1.63540302578168,1.8811298926990232,1.8747308355260723,1.900269951567571
2018-06-04,1.6367611898556675,1.8780404943380855,1.8695398881732133,1.895008288886251
2018-06-05,1.6384135779047158,1.8809121172319552,1.8721254009775987,1.8976290236597249
2018-06-06,1.644857084983427,1.8916321962796865,1.8827208231855432,1.908368785370786
2018-06-07,1.6467785432897337,1.8981267370322406,1.888979547261204,1.9147127709023375
2018-06-08,1.6482180221239844,1.8953783553401315,1.8866430294609364,1.912344423146482
2018-06-11,1.651536277802861,1.8995156907337984,1.8899191912015447,1.9156652154405962
2018-06-12,1.6523415220945543,1.9002880902052521,1.890254482855975,1.9160050747120454
2018-06-13,1.6504998119578718,1.8992127014761502,1.8899551396609373,1.9157016536192906
2018-06-14,1.65495864531342,1.8988950557967155,1.8867699068912231,1.9124730290048468
2018-06-15,1.6452928392239452,1.8710816935994716,1.8576527468071211,1.8829592111626843
2018-06-18,1.6439805903733358,1.8822369681097086,1.8688800160180417,1.8943394274131335
2018-06-19,1.63831005252361,1.8714365805519204,1.8573311492440692,1.8826332325347213
2018-06-20,1.639639863350887,1.8778469735480754,1.8622829752115584,1.8876525163236773
2018-06-21,1.632244817218534,1.8643543826739803,1.8483632627856836,1.8735431781957166
2018-06-22,1.6422997933790433,1.8901297207225938,1.873735929316487,1.899261491932259
2018-06-25,1.6278438733070213,1.8575548567430957,1.8428519440735136,1.8679567797945242
2018-06-26,1.6333066428289478,1.8772353549906298,1.8611408939380305,1.8864948766853853
2018-06-27,1.6281711844582234,1.87898787503607,1.8629064324418132,1.8882844667980012
2018-06-28,1.6326399439626833,1.8921410835408312,1.8738175661274448,1.899344240866594
2018-06-29,1.6367017114837987,1.9026689130632946,1.885283762822264,1.9109666394664517
2018-07-02,1.6332459499526226,1.894005525933599,1.8764330118021844,1.9019953162804522
2018-07-03,1.63317112467802,1.8858017930883109,1.8676693929291803,1.8931123122268665
2018-07-05,1.6409089506906465,1.8942433312104214,1.878329531923206,1.903917672348975
2018-07-06,1.6501289543076678,1.9125492480126203,1.895852148411439,1.9216789962438199
2018-07-09,1.6584253870443046,1.929548058178956,1.9128351972918642,1.9388934020998048
2018-07-10,1.6609031250938864,1.9337491156779116,1.9163088305538,1.9424143560337437
2018-07-11,1.6453765421822675,1.8958001970010234,1.8829617169470791,1.9086129607840732
2018-07-12,1.6545121331264168,1.9123246159966723,1.8998168720819497,1.9256977306213479
2018-07-13,1.6556511609680626,1.9169642147937584,1.903766595962156,1.9297012608691653
2018-07-16,1.6486955689439384,1.8941021352284846,1.8846066693228705,1.9102803220458826
2018-07-17,1.6514472513720286,1.8980347537294782,1.888924236266779,1.9146567064163293
2018-07-18,1.6527860390839457,1.903176629083806,1.8933264700649932,1.9191189110421865
2018-07-19,1.650416069951508,1.9001092267888768,1.8896558540208948,1.915398290865592
2018-07-20,1.6504383049739146,1.9003320006546334,1.8901459392749114,1.9158950524615854
2018-07-23,1.6474053761407417,1.9010004622620449,1.8918607675562435,1.917633241535645
2018-07-24,1.6543843071498825,1.9119304656992917,1.9012319239440798,1.9271320594767543
2018-07-25,1.6655122815266328,1.9339241312953384,1.9229176245554287,1.9491131804299782
2018-07-26,1.663878328342861,1.9270327612011224,1.9144180337741121,1.940497801274589
2018-07-27,1.6588026892716161,1.9103694312710615,1.8985380493849442,1.924401486756121
2018-07-30,1.6553804512338246,1.9077236060737115,1.8932003895702938,1.9189911129759172
2018-07-31,1.6608030789548485,1.9044093543071405,1.8921777150184718,1.9179545067153099
2018-08-01,1.6527383520131769,1.8936831719682297,1.8836626128222422,1.9093234048358332
2018-08-02,1.6567694167303355,1.9102748111412902,1.89931389761269,1.9251879042226845
2018-08-03,1.6620905407893016,1.9109576526668528,1.901827326405031,1.927735572996773
2018-08-06,1.663969357473472,1.9193110757578917,1.9108430474020173,1.9368741135155683
2018-08-07,1.6677718195156424,1.9290874113175838,1.9205324722622634,1.9466955356424045
2018-08-08,1.6635268637300085,1.914172112615783,1.9111882974756687,1.9372240668679666
2018-08-09,1.6632583446468119,1.910571635180153,1.908837758578637,1.9348415070085045
2018-08-10,1.657019662942387,1.9094708792912614,1.9036185038353286,1.9295511513103214
2018-08-13,1.6485423981308969,1.899752472034899,1.8945054752391308,1.9203139775886489
2018-08-14,1.6550923963817668,1.9076426343588566,1.904236515918334,1.9301775824591492
2018-08-15,1.6375484589648965,1.8680874180533142,1.8692894051926843,1.8947543936217917
2018-08-16,1.6477354515182525,1.8794670043385369,1.8799066177710833,1.9055162425495473
2018-08-17,1.653818324983722,1.883754238081995,1.8835758405054754,1.9092354504356317
2018-08-20,1.658132948673856,1.889519647168645,1.8892334462112292,1.9149701286714245
2018-08-21,1.6616318311786176,1.897452078881223,1.8974804741125215,1.9233295043287666
2018-08-22,1.6653484638910088,1.9183108177555412,1.913301714960088,1.9393662750530862
2018-08-23,1.6604792682261806,1.9161755315124944,1.9112903338001448,1.9373274932146702
2018-08-24,1.6711692631051103,1.9325720170645642,1.9269814137716612,1.9532323299050793
2018-08-27,1.6789424598242384,1.9459404236092481,1.9407135094033725,1.967151495369529
2018-08-28,1.675138934301933,1.9433605731694246,1.9395058178652378,1.9659273516699693
2018-08-29,1.6829677630068836,1.9643981497537226,1.9599904400248866,1.9866910320989375
2018-08-30,1.676600005665541,1.9614846601658642,1.9552903334345126,1.9819268968142334
2018-08-31,1.6756909907999655,1.9604187585906283,1.9556757497531159,1.982317563589008
2018-09-04,1.6685351292559305,1.9526821483070638,1.9490860490360062,1.9756380925816233
2018-09-05,1.6661607014587745,1.9376015640275246,1.9332764073043098,1.9596130789858122
2018-09-06,1.6626527767085848,1.9190989771798561,1.9169342068702115,1.9430482517375864
2018-09-07,1.658219711145333,1.9160967093026693,1.9139873233301505,1.9400612233408536
2018-09-10,1.6599509635313459,1.918054806412472,1.9173643326013672,1.9434842369930814
2018-09-11,1.66410879513229,1.9381380298721695,1.9337419038179378,1.9600849168734942
2018-09-12,1.6680892365028348,1.9413268646399748,1.9344953318144833,1.960848608682139
2018-09-13,1.6711632959498033,1.9429909854171594,1.9399313700948866,1.966358701119981
2018-09-14,1.6696508429437116,1.9438698178049398,1.9402376554294944,1.9666691589238063
2018-09-17,1.6656934234393528,1.927534566814867,1.9215093485605463,1.9476857197482236
2018-09-18,1.6715381099675855,1.944667903529416,1.9376948660680096,1.964091729606899
2018-09-19,1.6742854747388647,1.9490626225072443,1.9388198479564862,1.9652320369183376
2018-09-20,1.6823724513125664,1.9587727532180368,1.9518717443493538,1.9784617369138464
2018-09-21,1.6829802092697523,1.958378255504506,1.948279448506258,1.9748205038800597
2018-09-24,1.6797596259510168,1.968684273394945,1.9536306032936763,1.9802445564725828
2018-09-25,1.6799168828535462,1.973163049405739,1.958046678414927,1.9847207909792943
2018-09-26,1.675633318335872,1.9633021644859296,1.9500367570730823,1.9766017519407881
2018-09-27,1.6782482414330346,1.9723892532905873,1.958076118685564,1.9847506323093653
2018-09-28,1.6816068379271234,1.9789544937889234,1.9621829311824075,1.9889133911633765
2018-10-01,1.6860058582643118,1.9854724537541661,1.963168150361573,1.9899120318036212
2018-10-02,1.6869856193768333,1.9748620400219052,1.9524416900782877,1.9790394469094328
2018-10-03,1.6853704483498673,1.9825196495874686,1.957695446030893,1.984364773820591
2018-10-04,1.6729175988933844,1.9508297447475589,1.9289587433856485,1.9552365963195435
2018-10-05,1.667249697198578,1.9345182845101916,1.9127273035332508,1.9387840385242094
2018-10-08,1.6654324930563276,1.9288660383701255,1.9079877828169463,1.9339799521821304
2018-10-09,1.6644090784423202,1.9312622660246668,1.9080497979498785,1.934042812135901
2018-10-10,1.6322805774709592,1.8622746563431016,1.8403105996629225,1.8653808151128142
2018-10-11,1.6143022930236268,1.8275861466825047,1.806630658600213,1.8312420583594617
2018-10-12,1.6265609406586794,1.8592147895517896,1.8370108200045907,1.8620360831583935
2018-10-15,1.6234020580404436,1.849289287348298,1.8272397668995088,1.8521319207800393
2018-10-16,1.643199332117322,1.8906240566531147,1.8705556165605557,1.8960378543560494
2018-10-17,1.6375044141645698,1.877732459853431,1.861487674215548,1.8868463810873388
2018-10-18,1.6219993698910604,1.842467741108583,1.8271927176306513,1.8520842305675784
2018-10-19,1.623355014799998,1.8390088881854674,1.821098440115403,1.845906931821921
2018-10-22,1.6198623696487957,1.8427451184012482,1.8235530987248563,1.8483950297976457
2018-10-23,1.6093242426292667,1.8215994408150014,1.8096497494064172,1.834302277688747
2018-10-24,1.5842270006949608,1.7646228231310157,1.7489172093550036,1.7727423893276584
2018-10-25,1.5990282320997975,1.808790645388717,1.7932895390405943,1.8177191951627834
2018-10-26,1.5870132497384821,1.779576400944563,1.759995963001099,1.7839720668128463
2018-10-29,1.5787372250243856,1.7580268144411715,1.7410109433883774,1.7647284177426306
2018-10-30,1.5926356697043635,1.7793341528094893,1.7655453247160453,1.789597026469699
2018-10-31,1.5959944264115027,1.7958665991807656,1.785313063816483,1.8096340578723686
2018-11-01,1.6104990920615658,1.8073795468573897,1.7987291466532498,1.8078244238144963
2018-11-02,1.6049371684266847,1.7920427851343947,1.7847989676772444,1.8078244238144963
2018-11-05,1.6101392556810201,1.798827636353052,1.792701232807321,1.8078244238144963
2018-11-06,1.614341874757116,1.8045304338640191,1.7990977057339161,1.8078244238144963
2018-11-07,1.6322835036580994,1.8419669619605221,1.8386238072941292,1.8078244238144963
2018-11-08,1.6250347098453364,1.8281729013211938,1.8262001881263863,1.8078244238144963
2018-11-09,1.6132636743135682,1.8087940565526568,1.8080795293998142,1.8078244238144963
2018-11-12,1.594825697781035,1.767439840885852,1.76815729664797,1.8078244238144963
2018-11-13,1.587737290695964,1.7404351239637967,1.7440886873339934,1.8078244238144963
2018-11-14,1.5854469436630283,1.7361979390464815,1.7382021017591682,1.8078244238144963
2018-11-15,1.596008560151028,1.7556126457803547,1.7569438777501212,1.8078244238144963
2018-11-16,1.6013510075264472,1.7615979299898241,1.7636294423713204,1.8078244238144963
2018-11-19,1.5888592000479498,1.7315779499135935,1.7337608601796726,1.8078244238144963
2018-11-20,1.5641943288416946,1.6808407817834659,1.6869798130964728,1.8078244238144963
2018-11-21,1.572563053207707,1.6969750294809525,1.7011013812937301,1.8078244238144963
2018-11-23,1.5595722981084128,1.6656768832096351,1.6737237936216374,1.8078244238144963
2018-11-26,1.5733030440683922,1.6942908717545668,1.7018782018741918,1.8078244238144963
2018-11-27,1.5735792645662376,1.6990510492642394,1.707536947279942,1.8078244238144963
2018-11-28,1.5916715350641444,1.7306192021046556,1.7416569400068078,1.8078244238144963
2018-11-29,1.5920747932653205,1.7340604088916636,1.7446429074721583,1.8078244238144963
2018-11-30,1.5965386299761757,1.7426373523283787,1.7557184452237669,1.8078244238144963
2018-12-03,1.6159206772795267,1.7723129693774293,1.7707010046307847,1.823134557574247
2018-12-04,1.589342301478142,1.7296395883549107,1.7418949610881993,1.7934755167129546
2018-12-06,1.5836183644049044,1.726326920009167,1.740210091273237,1.7917407549566569
2018-12-07,1.568096445627855,1.6944283004280922,1.716312397104651,1.7671354082769253
2018-12-10,1.5644797257704453,1.6952963146785343,1.7222270184064605,1.7732251718576164
2018-12-11,1.5669779811624267,1.703575183562697,1.7285451218188583,1.7797303653597074
2018-12-12,1.5728269451635801,1.709240428246191,1.7308201313957943,1.782072741948232
2018-12-13,1.574897658017294,1.7189312711060039,1.7353366593306883,1.786723012172748
2018-12-14,1.5555927952523294,1.6816711941106854,1.713762239235498,1.7645097357741348
2018-12-17,1.5363096396102613,1.646337594092737,1.6897118477471622,1.7397471701400133
2018-12-18,1.5305750742787048,1.6325527319706075,1.6826214049734474,1.7324467669576267
2018-12-19,1.5189199975194203,1.61804198847834,1.6718491383610363,1.7213555146947495
2018-12-20,1.5048969369290746,1.5893019314044279,1.6488651874635871,1.6976909688221578
2018-12-21,1.487722983290234,1.5614109138737702,1.6349203136529622,1.6833331629143988
2018-12-24,1.4644227779536212,1.5280695779393378,1.6103968840534908,1.6580835516835304
2018-12-26,1.5080287609994585,1.6035702106599028,1.6628954708849244,1.7121367134685468
2018-12-27,1.51363597051827,1.6022032058358178,1.6612504862524753,1.7104430179647585
2018-12-28,1.5145740237335368,1.5985677801703475,1.657750241611807,1.706839124959854
2018-12-31,1.522813314525632,1.6132369425986703,1.666481184840311,1.7158286066840276
2019-01-02,1.5267568080835154,1.6093024484070606,1.6664055357091205,1.7141127780773435
2019-01-03,1.51188489773119,1.5742336590921935,1.6434427219842211,1.7141127780773435
2019-01-04,1.5424047018794986,1.6170707684708205,1.668458706062128,1.7141127780773435
2019-01-07,1.54979396908184,1.626815590345126,1.6705044544731575,1.7141127780773435
2019-01-08,1.5601768695880576,1.6408618123590495,1.6817971318234208,1.7141127780773435
2019-01-09,1.5709048398533094,1.645017232409798,1.6773065578618973,1.7141127780773435
2019-01-10,1.5745123055782904,1.6519807361639243,1.686285521511603,1.7141127780773435
2019-01-11,1.5724421265650363,1.6508171274058412,1.6859909303345444,1.7141127780773435
2019-01-14,1.5639836063169859,1.6349054176979416,1.6745708384710003,1.7141127780773435
2019-01-15,1.5739618045137813,1.6560160899245933,1.6901810568617082,1.7141127780773435
2019-01-16,1.5782594080353682,1.65641418556287,1.6914298960376353,1.7141127780773435
2019-01-17,1.5853596717939187,1.6658230191618861,1.697302890800597,1.7141127780773435
2019-01-18,1.5977232320964465,1.6811377534489007,1.7081686877975064,1.7141127780773435
2019-01-22,1.5838294094022163,1.6652107587432499,1.6997161957558633,1.7141127780773435
2019-01-23,1.585402280631004,1.6695485564371926,1.7016472032621142,1.7141127780773435
2019-01-24,1.5891129574197265,1.6755978542157737,1.7088182713715236,1.7141127780773435
2019-01-25,1.599701248442347,1.6802098803340482,1.7043097716380415,1.7141127780773435
2019-01-28,1.5909631052145343,1.6671173400141912,1.696978678274647,1.7141127780773435
2019-01-29,1.594833834825963,1.661955919443477,1.6951452823980766,1.7141127780773435
2019-01-30,1.612513823939881,1.6875747699047896,1.7067043995052718,1.7141127780773435
2019-01-31,1.620042253295635,1.704044250033779,1.719701767483242,1.7141127780773435
2019-02-01,1.620567622806087,1.6979337930137395,1.7132243573653112,1.7141127780773435
2019-02-04,1.6247371920791769,1.6964817643560879,1.7125019291266028,1.7141127780773435
2019-02-05,1.629126907336194,1.699203566856726,1.7141092664498854,1.7141127780773435
2019-02-06,1.625886109058563,1.701936620868819,1.7157588580367718,1.7141127780773435
2019-02-07,1.616295129883303,1.7062122174519985,1.7189533984060135,1.7141127780773435
2019-02-08,1.6175363611115336,1.7100109878329057,1.7208363244975389,1.7141127780773435
2019-02-11,1.6170381463738028,1.7090118616028647,1.720146071144931,1.7141127780773435
2019-02-12,1.630432218823753,1.7114439986454193,1.7195725864413676,1.7141127780773435
2019-02-13,1.6327698268364843,1.710809672649669,1.718564532374369,1.7141127780773435
2019-02-14,1.6333815775507596,1.7140162989408034,1.7217198600214818,1.7141127780773435
2019-02-15,1.6476509026418036,1.7186836731976862,1.721821699394297,1.7141127780773435
2019-02-19,1.6531983943390882,1.7200180623793537,1.7229355144175427,1.7141127780773435
2019-02-20,1.6578273203565497,1.7202700893027463,1.7227560091842484,1.7141127780773435
2019-02-21,1.6517790871491593,1.7165562034444435,1.7205845082300373,1.7141127780773435
2019-02-22,1.6595900882884718,1.7235911916964646,1.7237142272620036,1.7141127780773435
2019-02-25,1.657548594668998,1.7205841640472332,1.7222929433537613,1.7141127780773435
2019-02-26,1.6575959613738493,1.72050073425887,1.7232700690105591,1.7141127780773435
2019-02-27,1.6563428399993856,1.7154141936394915,1.7205603180893312,1.7141127780773435
2019-02-28,1.6515524466879934,1.7146808573908034,1.7195534479216121,1.7141127780773435
2019-03-01,1.6510496970478474,1.7171100309521736,1.7177427719885616,1.7126397834987055
2019-03-04,1.6498404765757317,1.7167577378105021,1.7200698626560367,1.714959960955958
2019-03-05,1.649933678978051,1.7176586130897578,1.7215955453930307,1.716481111267275
2019-03-06,1.6429745536634446,1.714853013977069,1.7218350027205969,1.7167198572264069
2019-03-07,1.6358527765352022,1.7187117928980022,1.7281247374424504,1.7229909067036397
2019-03-08,1.6354022627603593,1.7193715035251669,1.7284862955522464,1.7233513907138074
2019-03-11,1.648933602982726,1.7238964977827411,1.7297235850682369,1.724585004548979
2019-03-12,1.6542358202865957,1.7307379640077876,1.734531639678404,1.729378775619297
2019-03-13,1.6625650586626914,1.7329230447617452,1.734177713683512,1.7290259010509093
2019-03-14,1.6582968393558222,1.730598762691782,1.7323902107767366,1.7272437083727126
2019-03-15,1.665304627583605,1.7356085018068328,1.7364182489873867,1.7312597802791168
2019-03-18,1.6714029817342384,1.7330854574074046,1.7342968816343463,1.7291447149832653
2019-03-19,1.6706085346860666,1.7310913379043023,1.7323329838913417,1.7271866514942256
2019-03-20,1.6727657379833356,1.7344408556377027,1.7372120266985556,1.7320511998732324
2019-03-21,1.6813536727199767,1.7408810609736107,1.7419455824280992,1.7367706933806564
2019-03-22,1.661280576637312,1.7438694546490443,1.7484601647673963,1.7432659225087301
2019-03-25,1.663601339803351,1.7450596462678447,1.7501406596779232,1.7449414250849415
2019-03-26,1.6715688410170495,1.7502960795184321,1.7533471589248715,1.7481383986165053
2019-03-27,1.666039747363036,1.749911077340885,1.7559902708112636,1.7507736584718752
2019-03-28,1.6681704301720168,1.749849754291883,1.7575338080922356,1.7523126102857407
2019-03-29,1.6759955472770067,1.7552584275809884,1.7598703381238632,1.754642199065132
2019-04-01,1.6869360128692017,1.7627934480964156,1.763135721149496,1.7578978814462525
2019-04-02,1.688133305564638,1.7649484174686547,1.7650474008183283,1.7598038819880901
2019-04-03,1.689791585944132,1.7697987960256583,1.7675516655964478,1.7623007072155699
2019-04-04,1.6934281175807029,1.7695418893302963,1.7678484004566155,1.7625965605499347
2019-04-05,1.700784366804595,1.7793540764915179,1.7762533062287438,1.7709764974279347
2019-04-08,1.7032101050219768,1.7791201989963903,1.7739675536650206,1.7686975352691625
2019-04-09,1.6973381695940586,1.7740735315091682,1.7706467191265791,1.765386566107949
2019-04-10,1.7029845150230205,1.777864188819042,1.772275842505406,1.7670108497645625
2019-04-11,1.6988120209362987,1.775907497769082,1.772377986344888,1.7671126901599867
2019-04-12,1.704554122009362,1.779067668255992,1.773722236393989,1.7684529467750068
2019-04-15,1.702726536458113,1.7806243238847692,1.774824935703321,1.7695523702377014
2019-04-16,1.7034171374550904,1.7753814274565076,1.7703339704832706,1.7650747465634282
2019-04-17,1.7004158961265328,1.768763248359756,1.7640462892489972,1.7588057444733722
2019-04-18,1.7026639847889384,1.7721019610509803,1.768603154606337,1.7633490725119425
2019-04-22,1.7041393481343041,1.7717418750566554,1.7671344922760168,1.7618847732137883
2019-04-23,1.7118425957749368,1.7887604305146385,1.781129538159396,1.775838243280798
2019-04-24,1.7100942934208665,1.7912685645532327,1.7855503026415733,1.7802458747662098
2019-04-25,1.706440415981504,1.7957301535629995,1.7899854682466119,1.784667864592312
2019-04-26,1.7093901042488033,1.8003455074752368,1.7935278067010607,1.7881996796362392
2019-04-29,1.7092447933372978,1.7969803655281673,1.7894983481287565,1.7841821915877236
2019-04-30,1.7129497023707834,1.8001021984660772,1.79199829630816,1.7866747130400333
2019-05-01,1.701591195236955,1.7868312191069746,1.776897490367672,1.7716187678552757
2019-05-02,1.6957218942305816,1.7847086923176834,1.7747186085687991,1.7694463589747709
2019-05-03,1.7088642192986967,1.8019261965744415,1.7914529569265698,1.7861309937267285
2019-05-06,1.704835782952944,1.7953513868352444,1.7847336810628984,1.7794316791680627
2019-05-07,1.6867919993269493,1.7689097454836011,1.7600934245349396,1.7548646227417137
2019-05-08,1.6847782376702383,1.7644680035619686,1.755042102893489,1.749828307326233
2019-05-09,1.6799589370533965,1.758074338303195,1.7490138199458494,1.743817932914724
2019-05-10,1.686567287080436,1.7687089854368612,1.7612670495054674,1.7560347611630247
2019-05-13,1.6632116908114425,1.7334409280494696,1.7295303553245147,1.7243923488429842
2019-05-14,1.6739740787296284,1.7450891389209344,1.7399876827792566,1.7348186101669256
2019-05-15,1.679918558559155,1.7569906760173384,1.7514861992166069,1.7462829673587899
2019-05-16,1.6871724143055502,1.7718802063062995,1.7661643917131933,1.7609175545795555
2019-05-17,1.6779911005525612,1.7641547111723672,1.75914709464577,1.7539211041643485
2019-05-20,1.6726613703694706,1.7515555279057526,1.747636685628811,1.7424448897227853
2019-05-21,1.6815488574738129,1.7628997663929817,1.7574576654641036,1.7522366938585052
2019-05-22,1.6751409766461558,1.7622457432852099,1.7575739310210192,1.7523526140192367
2019-05-23,1.6602864504543866,1.7503621269677183,1.7474636549053753,1.742272373030789
2019-05-24,1.6644397324557294,1.7496053152915934,1.7462166843961933,1.7410291069622597
2019-05-28,1.6562522208187518,1.7320359494894944,1.727626916480401,1.722494564644415
2019-05-29,1.6509999753327775,1.716703656861652,1.7121937874842872,1.7071072836535521
2019-05-30,1.6515743558650915,1.7238985136174354,1.7189571944463364,1.7138505982080288
2019-05-31,1.6373804815153241,1.7059675072266844,1.701588224592432,1.6965332272632805
2019-06-03,1.642876596777649,1.6974588580612797,1.696828838684355,1.694836694036017
2019-06-04,1.6626884493308658,1.7314850014054464,1.7278530584492136,1.694836694036017
2019-06-05,1.6644196596083263,1.7507925520416816,1.7476666704323633,1.694836694036017
2019-06-06,1.6744264376667863,1.7647344630927364,1.7614931881145963,1.694836694036017
2019-06-07,1.6865302681988665,1.783724830394316,1.7785787983528574,1.694836694036017
2019-06-10,1.6869196248044727,1.7921856908656981,1.7853724769535617,1.694836694036017
2019-06-11,1.6881475577650036,1.7928369456446287,1.785902426787899,1.694836694036017
2019-06-12,1.6830617502228917,1.793174493069626,1.7875432142362004,1.694836694036017
2019-06-13,1.6917143274612054,1.801010327662869,1.7949977752447872,1.694836694036017
2019-06-14,1.6896427730611723,1.8007373254321384,1.7959565173217737,1.694836694036017
2019-06-17,1.6887429273582832,1.8013199012878627,1.7958092828788033,1.694836694036017
2019-06-18,1.7058976584280088,1.8136770120060772,1.8055164500162701,1.694836694036017
2019-06-19,1.711127832073059,1.8206834019919897,1.8126919029651454,1.694836694036017
2019-06-20,1.7299754855117564,1.8375810478752723,1.8290325307499928,1.694836694036017
2019-06-21,1.7270337159544296,1.8340075978093826,1.825837802535192,1.694836694036017
2019-06-24,1.7279300895165906,1.8334726641451562,1.8254817697009844,1.694836694036017
2019-06-25,1.7201905986831965,1.8146821807623426,1.8087243768072654,1.694836694036017
2019-06-26,1.7197727525578579,1.809121150002484,1.8000066620650699,1.694836694036017
2019-06-27,1.725224611352462,1.8149847376656354,1.805614682334888,1.694836694036017
2019-06-28,1.7291203368997816,1.8187199631997966,1.8094122759610403,1.694836694036017
2019-07-01,1.735780552580866,1.8222668284331318,1.809528460862715,1.6956617470114121
2019-07-02,1.7353402708910481,1.8341122952215116,1.8193529261746408,1.7048679962495872
2019-07-03,1.7447161344439859,1.845970640852871,1.8284975613691756,1.7134371944827855
2019-07-05,1.739411574625679,1.8351595812036996,1.8158925399587986,1.7016253589200303
2019-07-08,1.7336256213357568,1.8333807656341987,1.8145642619426194,1.7003806643655397
2019-07-09,1.734372654462698,1.8321100358687104,1.8124323295537816,1.698382886338195
2019-07-10,1.7445842454154052,1.8363698765334049,1.815370127614097,1.7011358199886255
2019-07-11,1.7433594990524441,1.830983417624979,1.807465196215736,1.6937283157272338
2019-07-12,1.7490264612274262,1.8330734851752657,1.8092137047139667,1.6953667972647724
2019-07-15,1.748661121231561,1.8389397597140784,1.814257284400548,1.7000930037475719
2019-07-16,1.7432549030344127,1.8321859281492814,1.8091211266974851,1.6952800448292304
2019-07-17,1.739208924140929,1.8385343007150297,1.817077381926424,1.702735643308593
2019-07-18,1.7445892963828553,1.8470366200993096,1.8235716186517392,1.708821222524022
2019-07-19,1.7393962205186293,1.8375398904066484,1.8166948087281891,1.7023771439803372
2019-07-22,1.742148094024254,1.8402835989288158,1.8188790451905938,1.7044239347856953
2019-07-23,1.7497166801998245,1.8402485541510634,1.8181357036465688,1.7037273688855565
2019-07-24,1.7541086788537734,1.8436464220981705,1.8212432367226146,1.706639356775546
2019-07-25,1.7454229267928678,1.8390392061438863,1.8167532910767357,1.702431946258086
2019-07-26,1.7508328079670907,1.8453649178282465,1.8213615500488964,1.7067502250961484
2019-07-29,1.7514154464805334,1.8475056453087686,1.8227995180823044,1.7080977072940866
2019-07-30,1.75307575398128,1.8448861893793185,1.8219177588532547,1.707271433805102
2019-07-31,1.740384704710257,1.8360935465342723,1.8185000807777552,1.704068817155756
2019-08-01,1.7296068235422966,1.8518980622040235,1.8348365037797343,1.7193772514614794
2019-08-02,1.7223950344198475,1.8488643305206331,1.8349527529794414,1.7194861855431074
2019-08-05,1.6950476388822022,1.8334403795194376,1.8271166012388835,1.7121431328983836
2019-08-06,1.7067382724408637,1.8519211930019543,1.8433412143457186,1.7273467930785633
2019-08-07,1.7099198762413437,1.8629714763461986,1.8514156560644748,1.7349131410233978
2019-08-08,1.7295135414565967,1.8808571145399822,1.8648094573350056,1.7474641215427558
2019-08-09,1.7240817679626936,1.873346751917319,1.8584696997816927,1.7415233007151276
2019-08-12,1.7156282203346334,1.878025058989859,1.8670040457776549,1.749520612917785
2019-08-13,1.732565630039604,1.8864444639248965,1.871324276793729,1.7535689882988037
2019-08-14,1.7036488965091958,1.8793902899916994,1.8708300071306052,1.7531058211375268
2019-08-15,1.7076043932468241,1.8946693320921573,1.8859074517658279,1.7672344997759608
2019-08-16,1.7211809483709215,1.9018989574007643,1.8904557048115465,1.7714965486313163
2019-08-19,1.730846824701474,1.9026080716537714,1.8876921604359422,1.768906903546847
2019-08-20,1.7276542608378547,1.9046503780297679,1.8925190742374292,1.7734300781010623
2019-08-21,1.7353739796752548,1.9087882558648435,1.8950828329246374,1.7758325092473481
2019-08-22,1.7313671261544894,1.9059431720311462,1.8911834585184437,1.772178507577374
2019-08-23,1.7089763371986977,1.8993802388525645,1.890901573591266,1.7719143605918954
2019-08-26,1.7194643646494032,1.910143580182667,1.8981129566668953,1.7786719588772302
2019-08-27,1.7225358283267425,1.9189848396477593,1.9083299847054702,1.7882460683692105
2019-08-28,1.732307526023391,1.9209914047949033,1.9101945607071076,1.789993313725531
2019-08-29,1.7445406526438383,1.9247329857642372,1.9106022612676805,1.7903753592471965
2019-08-30,1.74293195111118,1.9235464630783567,1.9096724099699642,1.7895040199397203
2019-09-03,1.7400012230265645,1.9357166500419214,1.9175539099170125,1.7968895672015248
2019-09-04,1.7582242477215557,1.94253489295673,1.9230140086653649,1.8020060827925932
2019-09-05,1.7614063480060276,1.9184264389430594,1.9024569015810517,1.782742555931309
2019-09-06,1.7613460161892593,1.9191027893159205,1.9043946861621015,1.7845584031307877
2019-09-09,1.7633419763328329,1.905596697191922,1.8910762552274512,1.772078050179979
2019-09-10,1.7624510326609637,1.890766139257618,1.8764953929400594,1.7584147058591144
2019-09-11,1.7690585157646972,1.8958174148471099,1.8793534464605874,1.7610929129890316
2019-09-12,1.7698058490373705,1.895255710119816,1.8778336165478307,1.7596687201671088
2019-09-13,1.7644666567175484,1.8763722829546958,1.8596763299376737,1.7426540022445807
2019-09-16,1.7789834872711996,1.8831326256826701,1.8669567343242175,1.7494762785933873
2019-09-17,1.7777886287846887,1.8915319456123427,1.8742731551170866,1.756332304973648
2019-09-18,1.7744313244544814,1.8936379524012659,1.8768200168819626,1.7587189024563796
2019-09-19,1.7757819787153462,1.8983416700142535,1.8810061359742671,1.7626416050646994
2019-09-20,1.7762509479624726,1.9105084018064948,1.8928827473167347,1.7737708666226761
2019-09-23,1.7802763816857843,1.9137691549061062,1.8951060692624335,1.7758542834111666
2019-09-24,1.7711155617930998,1.9269586331839337,1.9065501344217828,1.786578217265052
2019-09-25,1.7686258493942781,1.9123951816618925,1.8934425335812328,1.7742954276758687
2019-09-26,1.767190487644495,1.9191763470747303,1.8994041735763496,1.7798819244388726
2019-09-27,1.759200801007053,1.917348137020741,1.8987658092244972,1.7792837299172037
2019-09-30,1.758490323242021,1.916248931082846,1.8997369833357787,1.7801937917514359
2019-10-01,1.7458722015486297,1.921728610707019,1.9018289629804528,1.7821541311081925
2019-10-02,1.7287424412988308,1.9209817312317168,1.8966742737344364,1.7773238067661075
2019-10-03,1.7375171818719195,1.9296045458098163,1.9053649381392241,1.7854676008572412
2019-10-04,1.7516008249313946,1.9424564749166924,1.9192623574954848,1.7984905086999572
2019-10-07,1.7444213402684543,1.9293161813870245,1.9071875553817998,1.7871755277589298
2019-10-08,1.7310571693911654,1.932778995845351,1.9058528055318975,1.785924768618491
2019-10-09,1.740155365520884,1.9352057762614097,1.9088269379701142,1.7887117502632146
2019-10-10,1.745067190593881,1.921506225949832,1.8976346425131376,1.778223743206063
2019-10-11,1.7575981042629951,1.913674294732599,1.890475591849864,1.7715151842542782
2019-10-14,1.7552908273121126,1.9170442284677158,1.89253997307124,1.7734496618510922
2019-10-15,1.7600245335680111,1.9034584808290194,1.8820514630439962,1.7636211536949598
2019-10-16,1.7600683022095542,1.9068351787020918,1.8854027371885183,1.7667615449590492
2019-10-17,1.7652503213991062,1.911979186382812,1.8894212079552597,1.770527148710536
2019-10-18,1.7612132648192267,1.9139179385305451,1.8917813802941883,1.7727388044197632
2019-10-21,1.7666943458628979,1.9115689556954432,1.8897181982661382,1.77080545055562
2019-10-22,1.7678029167315474,1.9155892636730483,1.8942141529825969,1.7750184920158025
2019-10-23,1.7742315414903864,1.9199843321856198,1.8983254208510212,1.7788710535018377
2019-10-24,1.779090043504313,1.929586914428369,1.9052758582168992,1.785384126394153
2019-10-25,1.7846787628288685,1.9276876975795239,1.9001045716711846,1.78053824915704
2019-10-28,1.7841713080132424,1.9120099164812252,1.8867443628696252,1.7680187472609004
2019-10-29,1.7834746310677512,1.910235174719144,1.884723145713115,1.766124717579232
2019-10-30,1.7866262601311562,1.9235813650002862,1.896957129179613,1.7775888631985943
2019-10-31,1.7844492187722403,1.9379826061070022,1.9095399072405204,1.789379855100895
2019-11-01,1.7995292664960612,1.9400099099090602,1.9104120524415862,1.7901971195359523
2019-11-04,1.804270285568795,1.9295084534689007,1.8988377166020913,1.779351112438204
2019-11-05,1.8006186484978168,1.907331935990749,1.8800366425274584,1.7617331181371452
2019-11-06,1.7994502059052755,1.9140575690270853,1.8880567240383246,1.7692485265543223
2019-11-07,1.7970183316690598,1.8899348920638184,1.8663856883309642,1.7489411663431598
2019-11-08,1.7964169780690589,1.8807181974070297,1.8595331948383704,1.7425198740903172
2019-11-11,1.7926828877470755,1.879489074820684,1.8575769734435168,1.7406867502353007
2019-11-12,1.7943705378299157,1.8832955377524287,1.8613042658911538,1.744179498407037
2019-11-13,1.7957305010398668,1.894865708888797,1.8721699893981307,1.7543614834395351
2019-11-14,1.798341308740505,1.9032522249509911,1.8810534339346108,1.7626859267450719
2019-11-15,1.8056928898570508,1.9047370815937303,1.8823005226708156,1.7638545409508428
2019-11-18,1.8039394489484377,1.9096099602229109,1.8862491704734206,1.7675547154306106
2019-11-19,1.8011847541736385,1.9148584937464517,1.8901119236278627,1.7711744002843168
2019-11-20,1.8024317172489082,1.919172844313999,1.8950062058662271,1.7757607040370167
2019-11-21,1.8024566037275183,1.9109402229317394,1.8876423575283243,1.7688602345459634
2019-11-22,1.804152767071823,1.9095318915616633,1.8883307360822692,1.7695052960670354
2019-11-25,1.8124843736051603,1.9112061571873813,1.89034460820415,1.7713924429090462
2019-11-26,1.8169230784296162,1.9210178740678423,1.898173267286059,1.7787284743795087
2019-11-27,1.8190434892571294,1.9177055868781332,1.89613702708751,1.7768203669984508
2019-11-29,1.8091108318052926,1.9187296237366271,1.895926511805957,1.7766230986394218
2019-12-02,1.7993704351204785,1.9013289056264193,1.87847237054983,1.760267279819729
2019-12-03,1.7976771639199245,1.9115933954384843,1.886665316360967,1.7679446748470826
2019-12-04,1.806493204379171,1.907563153535602,1.8862249979702015,1.7675320640106824
2019-12-05,1.8076533626781974,1.9103728050724993,1.8883567007449442,1.7695296268726701
2019-12-06,1.8157346101845373,1.903990558779145,1.885105467471588,1.7664829812898686
2019-12-09,1.8127466747107635,1.9007890896441018,1.881320021959458,1.76293573940385
2019-12-10,1.8136571846115646,1.9030802342735658,1.882975856493614,1.7644873785958695
2019-12-11,1.8192308719559016,1.916102522838842,1.8947138848115925,1.7754867776297167
2019-12-12,1.828677011867927,1.9161789258237536,1.8934462195372095,1.7742988816887149
2019-12-13,1.832328805676531,1.9267619458851815,1.904878932207702,1.7850121774225018
2019-12-16,1.8404891231926825,1.9353688831178448,1.9141154109312193,1.7936674398222356
2019-12-17,1.842994985031506,1.9347368449167828,1.914135497610437,1.793686262523459
2019-12-18,1.8430990028197016,1.9340311350583526,1.9136863701454707,1.7932653969342478
2019-12-19,1.8474199306580548,1.9406333805515457,1.9200837262031578,1.7992601918123896
2019-12-20,1.851951293988923,1.9488192539638383,1.9279471076924455,1.8066287607417701
2019-12-23,1.8550900699304274,1.9529739092636005,1.9290711478502,1.8076820693461013
2019-12-24,1.8587090279687075,1.9637063240374344,1.9373793258361838,1.8154674454277124
2019-12-26,1.8663820985552646,1.9759173284659048,1.9487323276698203,1.8261060462231207
2019-12-27,1.8655415727741806,1.9738708088140788,1.9483475714082008,1.8257455012033201
2019-12-30,1.8606834198418216,1.9724367269593164,1.945372683688513,1.8229578118041032
2019-12-31,1.8611598945288856,1.9716006397834365,1.9456256973847446,1.823194904314914
2020-01-02,1.8718915839839496,1.9970151451028297,1.9699451403308286,1.8459840176138784
2020-01-03,1.8696290790217298,1.9806961376764676,1.953946315358245,1.8309919375831465
2020-01-06,1.8722453398065637,1.9856920200144061,1.9591313225507259,1.835850672079136
2020-01-07,1.8701492203755317,1.981214984766386,1.9547293110861348,1.8317256623808338
2020-01-08,1.8674786216726178,1.9932670808524364,1.966252525021861,1.842523764480938
2020-01-09,1.87200232186018,2.0073172281095024,1.9798921300994976,1.8553050813127632
2020-01-10,1.8709259718463123,1.9980464908542286,1.9708597100406233,1.8468410369453871
2020-01-13,1.8751047379528298,2.014412626828469,1.986510000945128,1.8615065148255843
2020-01-14,1.8752149490356755,2.0102797234974807,1.9826266983559548,1.857867573634578
2020-01-15,1.878213168061404,2.0094697603190177,1.9819478748466028,1.8572314658956417
2020-01-16,1.886509980805901,2.0292373966906747,2.001137092856325,1.8752131797166198
2020-01-17,1.889555713536534,2.036459576582431,2.0081666289140583,1.88180037392226
2020-01-21,1.8826336542972013,2.027885573506991,2.000021893057117,1.874168155180841
2020-01-22,1.8803222691854415,2.02908621050071,2.0010506298117603,1.8751321574611706
2020-01-23,1.87912635989145,2.0354506730659714,2.0070005900926517,1.88070770946975
2020-01-24,1.8699455736970514,2.017382472085148,1.988740104980566,1.8635962869328129
2020-01-27,1.849636326580877,1.9804647430748783,1.9528744880039033,1.829987556229956
2020-01-28,1.8571169968199124,2.004524284913875,1.9761777915526524,1.8518244719023238
2020-01-29,1.8579887506922603,2.0066964592316654,1.9780086727759747,1.8535401427640184
2020-01-30,1.8601431637273178,2.01587147565198,1.9863293631302084,1.861337243858341
2020-01-31,1.8403306241506185,1.9812862283269854,1.9538508434510777,1.8309024733584052
2020-02-03,1.8418686906551043,1.9951399041679034,1.9656017517417241,1.8419139418774406
2020-02-04,1.8548286844452038,2.0184095776268163,1.9862512754162711,1.861264069905956
2020-02-05,1.871376517543422,2.0361830292685843,2.0034724510955213,1.877401582782623
2020-02-06,1.8749334771205963,2.0435963794683927,2.0101297668357407,1.8836399790734917
2020-02-07,1.8670267602114532,2.035329860897526,2.0030503294490036,1.8770060236388646
2020-02-10,1.8722473256027385,2.0502538901677463,2.0168779956746947,1.889963567649069
2020-02-11,1.8763992863854955,2.0509373171278353,2.0172781695512123,1.8903385601121556
2020-02-12,1.8859151060095158,2.06047694732828,2.0255707300550485,1.8981093014601136
2020-02-13,1.8857744004558783,2.064504211348783,2.030664476065397,1.9028825174915556
2020-02-14,1.8885901607253885,2.0710855908964105,2.037031503115317,1.908848891850536
2020-02-18,1.8897751123398245,2.0677200109516627,2.0340964714651784,1.9060985505306565
2020-02-19,1.8986205037900221,2.075228966301721,2.0396198993779016,1.9112744102236918
2020-02-20,1.8966708219671187,2.067829871462698,2.033651674212624,1.9056817426701305
2020-02-21,1.8887238303279226,2.0465593634798207,2.015658675313539,1.8888209744605768
2020-02-24,1.850711406878604,1.9850716433165565,1.9574711311510373,1.834294950182489
2020-02-25,1.8109874689980563,1.9313199463044413,1.9063270566238415,1.7863691769008019
2020-02-26,1.8032092248750282,1.9258293184793347,1.8998650615009929,1.7803138104469554
2020-02-27,1.7539548995926681,1.836811675737501,1.8133178879952074,1.6992127199696314
2020-02-28,1.7357752857560786,1.8135275373273925,1.7883538126400056,1.6758195385166332
2020-03-02,1.7831772886169928,1.8757209622165245,1.8422011332419495,1.6741437189781165
2020-03-03,1.7671274193302138,1.8557074793784858,1.831142297894946,1.6741437189781165
2020-03-04,1.80763027508636,1.9096950309414897,1.878330235624599,1.6741437189781165
2020-03-05,1.7759280303630338,1.8892882153089596,1.866012344807971,1.6741437189781165
2020-03-06,1.7500746599969084,1.88606225668635,1.8684196988672082,1.6741437189781165
2020-03-09,1.636441475288731,1.807754762817169,1.802911659441666,1.6741437189781165
2020-03-10,1.6816608390059575,1.8408464630394936,1.8227487093764245,1.6741437189781165
2020-03-11,1.6202264203442216,1.7702274834394072,1.756854678906477,1.6741437189781165
2020-03-12,1.5067120903518645,1.6464288545445944,1.643528323886871,1.6741437189781165
2020-03-13,1.5817818579053406,1.7256992378655411,1.7060877363970972,1.6741437189781165
2020-03-16,1.4522225108366433,1.602711756320274,1.6034640580687751,1.6741437189781165
2020-03-17,1.4926135780193799,1.6755607944763489,1.66637579010588,1.6741437189781165
2020-03-18,1.4117129446789025,1.608931719062528,1.6002876810638713,1.6741437189781165
2020-03-19,1.4263812991570446,1.5987049854844413,1.5888998479255543,1.6741437189781165
2020-03-20,1.4004580707048957,1.5674698260229247,1.567201360050777,1.6741437189781165
2020-03-23,1.3874757376444242,1.5675690545261027,1.572739718130118,1.6741437189781165
2020-03-24,1.478440396253683,1.6741304242377326,1.671582025697136,1.6741437189781165
2020-03-25,1.5028484880379154,1.6785496144939798,1.675402223988397,1.6741437189781165
2020-03-26,1.5529505912297252,1.755753390694607,1.7466051987959277,1.6741437189781165
2020-03-27,1.5188740790010076,1.7312534802583217,1.7287301431930133,1.6741437189781165
2020-03-30,1.5401563094842552,1.772842739941326,1.7650713570209375,1.6741437189781165
2020-03-31,1.5242096940371033,1.7366637666911553,1.7277512650042073,1.6741437189781165
2020-04-01,1.4830169248271798,1.6951851890528866,1.7017789093401348,1.6741437189781165
2020-04-02,1.5217392230004958,1.7235384294928766,1.7261371407635233,1.6741437189781165
2020-04-03,1.5169702961031193,1.7053706600394376,1.715007757986794,1.6741437189781165
2020-04-06,1.5781200828624868,1.7846380278661274,1.7783131815294078,1.6741437189781165
2020-04-07,1.5747049413061944,1.77386978394851,1.7688805660256333,1.6741437189781165
2020-04-08,1.6116473649125427,1.804740462432998,1.7888931496682723,1.6741437189781165
2020-04-09,1.6358694147646875,1.841980857493683,1.8297985961211054,1.6741437189781165
2020-04-13,1.6237098804682488,1.8357201587990473,1.828012535359773,1.6741437189781165
2020-04-14,1.6445770526187835,1.8716726291056556,1.8530086335087155,1.6741437189781165
2020-04-15,1.614610642115295,1.859763079788618,1.8489079574539218,1.6741437189781165
2020-04-16,1.614107679664038,1.8709565233228365,1.8566956324684896,1.6741437189781165
2020-04-17,1.6411224272704839,1.878927046323035,1.8548010420047063,1.6741437189781165
2020-04-20,1.6147715721341154,1.8613295672929422,1.8456500572882832,1.6741437189781165
2020-04-21,1.5671051570399652,1.8324606021007086,1.825620171975297,1.6741437189781165
2020-04-22,1.5827519645989252,1.8652630178330105,1.851576819461328,1.6741437189781165
2020-04-23,1.588951764767835,1.8633107630226964,1.8549913839595802,1.6741437189781165
2020-04-24,1.5964083564752156,1.8759040248751602,1.862163644218367,1.6741437189781165
2020-04-27,1.5999049165790604,1.8739465420397903,1.8547436236845556,1.6741437189781165
2020-04-28,1.6021310895595255,1.8681240427658752,1.851459815984702,1.6741437189781165
2020-04-29,1.6339181485013932,1.8912575318132727,1.86914849590109,1.6741437189781165
2020-04-30,1.6190520164695643,1.870936076118544,1.8477880335954093,1.6741437189781165
2020-05-01,1.5888899293544474,1.8727452917259297,1.8442105434949605,1.6741437189781165
2020-05-04,1.5968127350278254,1.8746542113931306,1.8453840211068466,1.6741437189781165
2020-05-05,1.6117041019861376,1.8735307303096627,1.8450756565883162,1.6741437189781165
2020-05-06,1.595655259783228,1.861432359301008,1.842232728055835,1.6741437189781165
2020-05-07,1.6108782637233285,1.873402924767882,1.8467512184891983,1.6741437189781165
2020-05-08,1.6356337920785642,1.8647587596979098,1.843797901325908,1.6741437189781165
2020-05-11,1.6284157767568215,1.8578444050155398,1.8415635420845946,1.6741437189781165
2020-05-12,1.611453229605184,1.8657336308765111,1.844109587134129,1.6741437189781165
2020-05-13,1.5941095586368823,1.8728263287925015,1.8465103677162173,1.6741437189781165
2020-05-14,1.6093792349508902,1.881983211749415,1.8490104829276712,1.6741437189781165
2020-05-15,1.6187141939232783,1.8842547748470448,1.8503613575338063,1.6741437189781165
2020-05-18,1.6640788807189495,1.872041361719583,1.844776539439013,1.6741437189781165
2020-05-19,1.6544877947998944,1.8772847149365661,1.8472145374219164,1.6741437189781165
2020-05-20,1.6780280801206784,1.8814300606913636,1.8480153898410778,1.6741437189781165
2020-05-21,1.671473189805115,1.8782376216923296,1.8469511872750344,1.6741437189781165
2020-05-22,1.6694710187123574,1.8834958292936619,1.8488989019991173,1.6741437189781165
2020-05-26,1.6862482402092476,1.8712409117774291,1.8445356667254456,1.6741437189781165
2020-05-27,1.7007075693185991,1.872589051322951,1.8447510692943994,1.6741437189781165
2020-05-28,1.6988495893411992,1.870978347023589,1.8443173642825692,1.6741437189781165
2020-05-29,1.709410524343868,1.8780527867600665,1.8464935379521805,1.6741437189781165
2020-06-01,1.7209895645686495,1.8731287381757056,1.8419294631281347,1.6709864940527421
2020-06-02,1.734232171928281,1.8762914135237618,1.8408320605580453,1.6699909375399298
2020-06-03,1.7483603824425005,1.8677443626980794,1.8278455326883403,1.6582096434625424
2020-06-04,1.7462694922857065,1.8580693883141615,1.8214124431470797,1.652373586244465
2020-06-05,1.7773652484748552,1.8673297884746634,1.8182315600165144,1.6494879096446087
2020-06-08,1.794114212627339,1.878352975641195,1.826930841236743,1.657379841294522
2020-06-09,1.7814474696242246,1.8865390529479662,1.8358363732529317,1.6654588823323548
2020-06-10,1.7767500587060663,1.9065920068371935,1.8542267929694105,1.6821425521369566
2020-06-11,1.7024501432645613,1.859795425937131,1.833282526538337,1.6631420491129538
2020-06-12,1.7172200135553284,1.8650467295361508,1.8338988607576634,1.663701183529843
2020-06-15,1.7287403505781354,1.8718928214173978,1.836422654009932,1.6659907524426287
2020-06-16,1.7483529255640047,1.8860082029961727,1.8408777766618507,1.670032410893578
2020-06-17,1.7417809347217987,1.8890211769338152,1.8440837977000228,1.6729408924406057
2020-06-18,1.7450963174709497,1.8936331056615017,1.848153497162112,1.6766328974669307
2020-06-19,1.7419683768994778,1.8982797886206557,1.8533114271264657,1.6813121381654683
2020-06-22,1.751117581975102,1.908618182884365,1.858831211723481,1.6863196510460263
2020-06-23,1.7546199777773792,1.9153905005212915,1.8630562259909702,1.6901525566591244
2020-06-24,1.7200606720133513,1.8961923892624915,1.8548172023803517,1.6826781677353793
2020-06-25,1.73443195874627,1.9071250791834953,1.860493974578047,1.6878280987517675
2020-06-26,1.7115645411186355,1.8951777855160898,1.8581769197979858,1.6857260816436381
2020-06-29,1.7310626912713913,1.9044137170601794,1.8632177714094431,1.6902991096177735
2020-06-30,1.7443773011336963,1.9210406452996007,1.8709303595638473,1.6972959197009967
2020-07-01,1.747015421074585,1.9185257427528735,1.8673153468459833,1.694016403547799
2020-07-02,1.7573517912184047,1.9218862811039046,1.8699729734441535,1.6964273852062581
2020-07-06,1.7750364751585341,1.9420099710228504,1.8781385767656067,1.7038351677186068
2020-07-07,1.7636679976302088,1.9432669249470713,1.883867079394493,1.7090320282475424
2020-07-08,1.7741333034496782,1.9621723774974313,1.8915485369899527,1.7160005968890655
2020-07-09,1.760967761189798,1.969424291122341,1.8987956216119393,1.722575105178884
2020-07-10,1.7757735465197315,1.9693729876681099,1.8963397365850085,1.7203471421688465
2020-07-13,1.768705770210269,1.963310403748907,1.8956336250995927,1.7197065623969037
2020-07-14,1.7875150111107048,1.975797710439631,1.9019166392451905,1.7254064721868292
2020-07-15,1.8034352451891797,1.9805618216617242,1.9033573864868378,1.7267135087646837
2020-07-16,1.798183956008494,1.9658376010298615,1.8967050595421953,1.72067856079244
2020-07-17,1.8036057025120853,1.9739903622760613,1.901022824697661,1.7245956094111323
2020-07-20,1.8088391721674002,2.003841053009212,1.9157357766940042,1.7379431042884785
2020-07-21,1.8264303373905493,2.0221345460124294,1.9273193633429544,1.748451659165609
2020-07-22,1.8403267283551508,2.062593249228533,1.9489140319606062,1.768042202846016
2020-07-23,1.831565879960954,2.0454970371075145,1.9450781262641526,1.764562294011533
2020-07-24,1.8260669712170006,2.0437853893554254,1.9453788489553119,1.7648351076916666
2020-07-27,1.841227420120389,2.0861909772400637,1.9657397301722266,1.783306367423131
2020-07-28,1.8335071670474827,2.082916599996517,1.9683795318228716,1.7857011784044998
2020-07-29,1.848361920548474,2.09136775880726,1.9734837867202513,1.7903317254294868
2020-07-30,1.8337614071644637,2.0828356739533134,1.9701487623094882,1.7873062128573294
2020-07-31,1.8395264056539948,2.114912663360373,1.9856456494607377,1.801364888636162
2020-08-03,1.847806690069326,2.1297433195480315,1.991784270054488,1.8069338055298905
2020-08-04,1.8647961425718604,2.1425579321406922,2.0037186736989816,1.8177606193160463
2020-08-05,1.8769075455738256,2.145416577737622,2.002780489160211,1.816909504371312
2020-08-06,1.8878272173084254,2.1604180010385154,2.0125737086184867,1.8257938497144184
2020-08-07,1.884894883607196,2.1431696029101106,2.000533392036729,1.814870952396696
2020-08-10,1.8955255876524952,2.1362175625622277,1.995540701278929,1.8103416156374599
2020-08-11,1.8701593653345818,2.0962501699706655,1.9667188534652271,1.7841946217408815
2020-08-12,1.8851515581934486,2.113001984407439,1.971189259196333,1.7882501449024077
2020-08-13,1.8884083928442816,2.117328759599604,1.973273550988303,1.7901410009334158
2020-08-14,1.8841062285610943,2.113249193159026,1.9708027605087335,1.7878995157931634
2020-08-17,1.8959087763148763,2.130872670917232,1.983139577045147,1.7990913959517791
2020-08-18,1.8962808037736916,2.141876546870537,1.991343121319909,1.806533598251541
2020-08-19,1.8851234709042506,2.12390843029753,1.977576549055234,1.7940446529449132
2020-08-20,1.8859565251067818,2.139072066489967,1.9883774821014097,1.8038431895363616
2020-08-21,1.883797624396956,2.145984446205923,1.991757611014577,1.8069096206213322
2020-08-24,1.8970750158699132,2.1465677646002077,1.989975982198889,1.80529333848457
2020-08-25,1.8992917017535724,2.1504534080701925,1.989477508937156,1.804841126766002
2020-08-26,1.9055988121562173,2.167664717413872,1.9979695740700227,1.8125450733218804
2020-08-27,1.9013718247621418,2.1580733987261183,1.9879165063858342,1.803424995349107
2020-08-28,1.9135300974708809,2.170432927943466,1.996787391829772,1.8114726052407124
2020-08-31,1.9084734802649126,2.179008173120706,2.002574897591034,1.8167229930296656
2020-09-01,1.91873715556224,2.1915123283772764,2.014420691872963,1.8274694209752904
2020-09-02,1.9291027374329626,2.1959762126903004,2.025474985671383,1.837497804802259
2020-09-03,1.8938021157228973,2.1330652939385257,1.9764876484819656,1.7930568093886199
2020-09-04,1.883749683377492,2.119662770542267,1.9580785914264385,1.776356231910593
2020-09-08,1.8510436882743753,2.078016217963027,1.9251507704992927,1.7464843257658245
2020-09-09,1.8755675813949297,2.114069600863774,1.9537435544855979,1.772423514439935
2020-09-10,1.8539133919260684,2.0898704626681024,1.9354304472602222,1.7558099820271502
2020-09-11,1.8592528150499947,2.0874458106775204,1.9338829372051836,1.7544060909156043
2020-09-14,1.875729855174621,2.1139677155527363,1.954959011897988,1.7735261695420208
2020-09-15,1.881311907639385,2.1203733762473194,1.960279110728282,1.7783525287867172
2020-09-16,1.887951266654145,2.1086237909283083,1.9496670340547035,1.768725321474833
2020-09-17,1.8839431340851722,2.0982069975924325,1.9410015594499161,1.760864058967763
2020-09-18,1.871170210732923,2.0824009020755843,1.9290092446948723,1.7499847085967257
2020-09-21,1.8412095119321201,2.04804503624645,1.911966532425852,1.734523670270537
2020-09-22,1.8451762109477434,2.053581390421208,1.91796601306699,1.7399663602993112
2020-09-23,1.8121106633525297,1.9976731571262383,1.8811467887681936,1.706564198188119
2020-09-24,1.8177901971942585,2.008069368427165,1.88759079911662,1.7124101626918138
2020-09-25,1.829063552037693,2.024240874216383,1.9045673674994887,1.7278111957123508
2020-09-28,1.8521284463734413,2.0545865195844213,1.9253403072015478,1.7466562722360537
2020-09-29,1.8435664859881775,2.062210874322645,1.9286054006042368,1.7496183438500492
2020-09-30,1.8497819716535011,2.0544458242911237,1.9273665559158182,1.7484944719624358
2020-10-01,1.8528342906089386,2.0762838944397,1.9430273059141487,1.7627018030561599
2020-10-02,1.8453255156963801,2.0534676757889097,1.921972433121419,1.7436009586563423
2020-10-05,1.8713444666410215,2.0890715349032143,1.953524182713595,1.772224501787425
2020-10-06,1.8586938221197007,2.0486069938406173,1.9208566888048446,1.7425887626297663
2020-10-07,1.8775956492878663,2.0805243193737644,1.9508270470947966,1.7697776778010241
2020-10-08,1.8939345663563918,2.0907750504167444,1.9606550070587387,1.7786935395061452
2020-10-09,1.9051567194303896,2.1338547330528925,1.991595569659377,1.8067626177520928
2020-10-12,1.9152336049579086,2.1594616993041984,2.015571706319979,1.8285136138360518
2020-10-13,1.904793674627129,2.1357196331092805,1.9992197805734226,1.8136792525745489
2020-10-14,1.9024752403046143,2.1267423322799766,1.9891721849466084,1.8045641388168283
2020-10-15,1.9027692696013334,2.123590486465945,1.985619420200059,1.8013410936205434
2020-10-16,1.900247371820488,2.1170393331891684,1.9820822185115017,1.798132167129796
2020-10-19,1.8853194807696896,2.097577572353146,1.9603931771259653,1.7784560090848336
2020-10-20,1.8937796607226391,2.111295055676125,1.9701541799542122,1.787311127709578
2020-10-21,1.8860104897265018,2.113596478769601,1.9690636159305284,1.786321775081828
2020-10-22,1.894433862433458,2.109532188506308,1.9706246381882602,1.787737924376251
2020-10-23,1.896239689093246,2.1135521826987556,1.9758885212086634,1.792513285001858
2020-10-26,1.8719368303232882,2.084691500029768,1.9500589353244013,1.7690808517716097
2020-10-27,1.8697361766875527,2.08936139479354,1.9517202221444667,1.7705879604283996
2020-10-28,1.8236348691533595,2.0187820515607275,1.889418035279147,1.7140678195186076
2020-10-29,1.8303826100671374,2.0271766921085836,1.8953902986100977,1.7194858181796404
2020-10-30,1.8206819548346564,2.0095520064417194,1.8768462398537165,1.7026627680318847
2020-11-02,1.8464355874575846,2.0250195369836037,1.8893149063095116,1.7139742615844653
2020-11-03,1.866993790599508,2.044649725527348,1.903943717099078,1.7272454241033082
2020-11-04,1.8859922536394222,2.0845312801454248,1.9433750327271682,1.7630172585715893
2020-11-05,1.9135209465036855,2.141144995628485,1.9814195099619678,1.7975309622205247
2020-11-06,1.9080125063861588,2.140522175976472,1.9753475884436305,1.7920225542965542
2020-11-09,1.932885281509595,2.0868466563951085,1.9311878462664092,1.7519611218496947
2020-11-10,1.9421868947167125,2.0709629994863374,1.9181776002034305,1.7401583107807956
2020-11-11,1.9471566143576418,2.0910355139624652,1.9337053533467221,1.7542449879879458
2020-11-12,1.933221414054307,2.0901348722799944,1.9383474607002162,1.7584562777506159
2020-11-13,1.9513879073747182,2.109120337643775,1.951884158833018,1.7707366827317959
2020-11-16,1.9742551263244905,2.1208385370611804,1.9600422772227184,1.7781376749624762
2020-11-17,1.970454117743338,2.1129637053143995,1.9575334572615968,1.7758616897225612
2020-11-18,1.956684195526936,2.1002497536775837,1.9492773555145115,1.7683718076238866
2020-11-19,1.9623083969804394,2.106665381677848,1.9567548899139966,1.7751553784611402
2020-11-20,1.9602437790542482,2.104079667457223,1.9575753314492292,1.7758996777147096
2020-11-23,1.9695437979169932,2.090615358001779,1.9484184320863984,1.767592597846024
2020-11-24,1.9921484589458356,2.0919617649725812,1.9473454764862232,1.7666192194661776
2020-11-25,1.9903151367495622,2.0954823653848504,1.9483029753389525,1.7674878562315965
2020-11-27,1.989971086145952,2.0903853330248796,1.9511545009514324,1.770074741821562
2020-11-30,1.9740651046323916,2.088550969052353,1.9480381587245519,1.7672476163120328
2020-12-01,1.989266183616221,2.1229246967615607,1.967770659731613,1.7851488135819238
2020-12-02,1.9933692609886098,2.1209601424859996,1.9647659726371558,1.7824229808862648
2020-12-03,1.997733103208036,2.129438791830878,1.9745548963192556,1.7913034291290126
2020-12-04,2.011698732487618,2.129357224622946,1.9691896344437065,1.7864360982618073
2020-12-07,2.010890960051382,2.14543377615263,1.9846604863254071,1.8004711550125196
2020-12-08,2.016688343819874,2.1499924379413664,1.9896964760557052,1.8050397723195173
2020-12-09,2.0060228897445516,2.1180971474092307,1.9653849104448564,1.782984477261685
2020-12-10,2.013604522546558,2.1235940978250647,1.9711815119500284,1.7882431166506758
2020-12-11,2.009350151539943,2.1213403766126384,1.9708778524571788,1.787967638723046
2020-12-14,2.0017193075062676,2.1211904264838735,1.9691696162193968,1.7864179378582055
2020-12-15,2.023541045728705,2.1496028097107907,1.9894885562534503,1.8048511488198833
2020-12-16,2.0274905703834487,2.1702599241157117,2.0021082641681978,1.8162996662069828
2020-12-17,2.0396297854248933,2.188919318280529,2.015135209240541,1.8281176265091563
2020-12-18,2.0351976249267034,2.1801879065119643,2.0080157624397414,1.8216589104250678
2020-12-21,2.025564764801226,2.1824242277686516,2.0080825068772294,1.821719460547007
2020-12-22,2.0169877802846754,2.169828203087876,2.0015503456148305,1.8157935261043785
2020-12-23,2.026596175634663,2.171661912489852,2.001227406420701,1.8155005577564627
2020-12-24,2.0316676945141707,2.1817247280891214,2.009786434404818,1.823265252577832
2020-12-28,2.036892051972272,2.199623658548499,2.02102098708871,1.833457166099659
2020-12-29,2.0355984805612466,2.1985946901947955,2.020801549593347,1.8332580938233418
2020-12-30,2.045024615800819,2.209767911101685,2.030186422137408,1.8417719894873485
2020-12-31,2.0495947669996792,2.2104986177764716,2.0323870740113943,1.8437684066320625
2021-01-04,2.0395474228691732,2.2118207793884914,2.0310492669430227,1.8425547567135143
2021-01-05,2.0600277911986544,2.2340265982624636,2.0501694374241377,1.8599004516912523
2021-01-06,2.0726368632573675,2.2306528646594326,2.048153411371677,1.8580715258975364
2021-01-07,2.0864983159071127,2.257575140406882,2.0736359474916446,1.8811891178265796
2021-01-08,2.087803863628604,2.2318540808652556,2.0573363340422546,1.8664022139426732
2021-01-11,2.078752528913041,2.21098862239984,2.0384951452995352,1.8493096093933574
2021-01-12,2.0919745307788693,2.2294238265026167,2.0544395975488534,1.8637743133339917
2021-01-13,2.093121268069759,2.2244968134135044,2.050914660081355,1.8605765128652556
2021-01-14,2.097435425981222,2.2197222550902254,2.0447005103548057,1.8549390764308271
2021-01-15,2.0780927371528906,2.188417380557169,2.0187502294965762,1.8313971495009358
2021-01-19,2.091470452628602,2.211741476769885,2.038558931542208,1.8493674758600962
2021-01-20,2.106652083324602,2.251744600167576,2.0741786942482885,1.881681494173339
2021-01-21,2.100141323932374,2.2577992134921274,2.079068956076005,1.8861179080697856
2021-01-22,2.091583083229882,2.241587284982352,2.065986383787321,1.874249483116784
2021-01-25,2.0981569749776705,2.2458075345831046,2.0706420707379762,1.8784730922021557
2021-01-26,2.0914375174788176,2.2418700348241285,2.0662521169789527,1.8744905545492827
2021-01-27,2.060983850522316,2.19587190162508,2.0231644007717606,1.8354016571278144
2021-01-28,2.0747477655723725,2.22764986184919,2.0451444943582984,1.855341855846795
2021-01-29,2.050723947564249,2.199121627532817,2.0165730407511564,1.8294220179546814
2021-02-01,2.0803517999088963,2.266420448111865,2.0722479185683436,1.8799299069661104
2021-02-02,2.090182462556682,2.264250840755771,2.084556582776971,1.8910962475150679
2021-02-03,2.095899885866256,2.2679780064482236,2.085270878054871,1.8917442515706135
2021-02-04,2.105670199773192,2.2744685929685025,2.0953985560466277,1.9009320155317806
2021-02-05,2.1160980373645764,2.295581389721293,2.1128444906074515,1.9167588545127674
2021-02-08,2.1344337881973052,2.314937826679648,2.1288475786631875,1.931276752477686
2021-02-09,2.1345426919946524,2.3118422813552186,2.126762363273353,1.92938505856467
2021-02-10,2.135255957844175,2.3043309905525686,2.1203060755413903,1.9235279560980498
2021-02-11,2.1332271198356114,2.314381048742035,2.129998601043592,1.9323209525355651
2021-02-12,2.1418673700189528,2.326767722336407,2.140240565421822,1.9416123963672565
2021-02-16,2.1407148533419043,2.3222178340319677,2.135990739678517,1.9377569819437965
2021-02-17,2.143191863977146,2.321249198971323,2.13451874405364,1.9364215970348124
2021-02-18,2.131491969685531,2.3048597539629285,2.1207935894987466,1.92397022560658
2021-02-19,2.1324367876773977,2.312980454768414,2.126306657763759,1.9289716454741908
2021-02-22,2.13340241250118,2.291930628651621,2.097010682645266,1.902394526353695
2021-02-23,2.13464889213565,2.2821090454299755,2.0904906598359236,1.8964796038371592
2021-02-24,2.150654649840316,2.299334766026396,2.105912211622454,1.9104699358604404
2021-02-25,2.113134696991956,2.2327658398101278,2.042933367774725,1.853335936113301
2021-02-26,2.098153422005462,2.2172780925309463,2.0331263737380274,1.8444390945617537
2021-03-01,2.125549968878418,2.269810413490416,2.0859795050940315,1.8923871134366406
2021-03-02,2.117155623211259,2.2512871147619675,2.0658663005845206,1.8741405444119854
2021-03-03,2.103997384797738,2.2065038387131124,2.024228186970912,1.8363667170863658
2021-03-04,2.0893171952969136,2.156238236341745,1.9798562519515035,1.7961127846656866
2021-03-05,2.1162399761607684,2.183538598101359,2.0085869009373276,1.8221770435755527
2021-03-08,2.1076385233179513,2.1708494113983097,1.9950853457151825,1.8099285200155912
2021-03-09,2.1288048552479437,2.232253675553591,2.0517476056310997,1.8613321556799052
2021-03-10,2.1437878835819957,2.248392996309897,2.064905618193144,1.873269019560899
2021-03-11,2.1577430755557807,2.279960708006558,2.0972000282798477,1.9025662994885661
2021-03-12,2.155291208899382,2.275081579631278,2.093640735535855,1.8993373321352283
2021-03-15,2.1632067126215446,2.2947798971852675,2.1114115548222387,1.91545890443766
2021-03-16,2.154337108707608,2.282631899033707,2.101941134316092,1.906867400215834
2021-03-17,2.1595526568056496,2.300677980733063,2.1173881945180804,1.9208808733086125
2021-03-18,2.125547418768758,2.250076268003999,2.0691007848884864,1.8770748476496208
2021-03-19,2.1336383661084164,2.256749238105453,2.073849909646159,1.8813832229090974
2021-03-22,2.1370540780837053,2.265348315141774,2.086688393812204,1.893030212696175
2021-03-23,2.1145874109405804,2.2248895005840854,2.0533782477073133,1.862811463623305
2021-03-24,2.117675817150065,2.2030774060765292,2.0314927414872623,1.8429570739513437
2021-03-25,2.1226135793600327,2.2202440481781696,2.047400072107864,1.857388101390535
2021-03-26,2.1494947655630274,2.2532602769432573,2.0811688490810245,1.8880229174203522
2021-03-29,2.1427351657008877,2.232125103821709,2.0637439591960085,1.8722151700331264
2021-03-30,2.134890647940494,2.225010150416336,2.061365869438559,1.8700577823883278
2021-03-31,2.1406683777878617,2.249963653732964,2.0827588058310327,1.8894653158989998
2021-04-01,2.1620094726355648,2.2836422031781756,2.1115456414426705,1.9155805469523493
2021-04-05,2.1683991775057647,2.2966102752873754,2.128902058001939,1.9313261757813904
2021-04-06,2.1722245910926814,2.3008654084969393,2.1324037768694657,1.9345029124864268
2021-04-07,2.1679536999107984,2.28901563277846,2.119575378652506,1.9228650726071161
2021-04-08,2.1759646879385457,2.2982876377076296,2.1284866080822944,1.9309492823017116
2021-04-09,2.1780344279049375,2.301705324411669,2.134802859764264,1.9366793449696298
2021-04-12,2.1760682866215695,2.2944224654747902,2.131143077603992,1.9333592142678797
2021-04-13,2.185226129216628,2.309219617404634,2.143476789508712,1.944548277924706
2021-04-14,2.1924932606565575,2.3193978097351065,2.149956680100197,1.950426792752805
2021-04-15,2.210310917974177,2.338322056272179,2.168202674692632,1.9669794410191175
2021-04-16,2.2142045553274636,2.3449990837072225,2.17650861797738,1.9745145390383494
2021-04-19,2.2058838828204372,2.32796783003766,2.1599351889647966,1.9594792314467457
2021-04-20,2.1940176817140578,2.2979882713380664,2.1325012702203483,1.9345913578236913
2021-04-21,2.2096976574644946,2.339401319778688,2.1692599008098967,1.9679385497138164
2021-04-22,2.1984383525546924,2.3098782110372813,2.1421841645532362,1.9433756169267065
2021-04-23,2.2125666916901867,2.334737919375798,2.167348774209537,1.9662047880244828
2021-04-26,2.2156339554437583,2.3505272193295808,2.1817217387429,1.979243848474692
2021-04-27,2.216630844895303,2.354118130480144,2.183175995490774,1.9805631407892061
2021-04-28,2.2211034943953725,2.3677719759972597,2.193141480911418,1.9896037646990357
2021-04-29,2.227653541733215,2.3722815143296305,2.1979479314346158,1.9939641455221733
2021-04-30,2.2143851273158233,2.347751070158297,2.177457592549069,1.975375442631149
2021-05-03,2.2294238277254865,2.381036201548596,2.2041440699748134,1.9995852423248521
2021-05-04,2.224850611582854,2.387349110980299,2.211877674489308,2.0066011183140002
2021-05-05,2.2297830604281583,2.392579278892635,2.2196657709422283,2.013666429037196
2021-05-06,2.243801276597939,2.4157412408662573,2.241087544007153,2.033100122990579
2021-05-07,2.2562608753796884,2.432944869488159,2.258802793520353,2.049171282754243
2021-05-10,2.243158157646832,2.419445303894733,2.2478984441984733,2.0392789275864454
2021-05-11,2.2327734324054807,2.415000462012214,2.237624261853293,2.029958255823546
2021-05-12,2.2020727138350504,2.3720693846692216,2.1942933925467787,1.9906487714832584
2021-05-13,2.2115965933800426,2.3879400059014286,2.217845448843983,2.012015044604793
2021-05-14,2.238221737337847,2.427154072898195,2.252815612237729,2.043739750623952
2021-05-17,2.243885740325377,2.448509110326643,2.2672068900440223,2.0567954247569
2021-05-18,2.2328426369886394,2.4236933059360664,2.242204722057917,2.0341136196915377
2021-05-19,2.218205105887314,2.3904631276417363,2.215833108035036,2.010189462040154
2021-05-20,2.2282760780720725,2.386668218765405,2.2153958524130553,2.0097927865683705
2021-05-21,2.2317632920631767,2.401885081021978,2.227986916135209,2.02121531812924
2021-05-24,2.2474077286752023,2.4279922919697463,2.248394717457746,2.0397291434770124
2021-05-25,2.2450578190063695,2.4182440069625764,2.237068458668498,2.029454034769626
2021-05-26,2.249056265475485,2.4259243445755088,2.244356312138502,2.0360655282946443
2021-05-27,2.2535068061318855,2.449447128232425,2.2673228698473964,2.056900640884282
2021-05-28,2.256197635680504,2.4491333532352786,2.2673207347912445,2.056898703975152
2021-06-01,2.265092901537419,2.4781412391638455,2.291340076295752,2.0786888952140226
2021-06-02,2.271582365243493,2.4819136979614895,2.2917391213956213,2.0790509063473195
2021-06-03,2.2620516304971234,2.4755668222251246,2.2863184207780503,2.0741332818119687
2021-06-04,2.2772142457198346,2.487796746194462,2.2967256690977047,2.0835746701661466
2021-06-07,2.276426907878959,2.4834830102111027,2.289569644383573,2.0770827708356943
2021-06-08,2.279167509784435,2.4980703316750237,2.2999567238704524,2.0865058621552453
2021-06-09,2.2765621778714444,2.4793153141218403,2.281828296816998,2.0700598703997866
2021-06-10,2.283443466164138,2.4705935693345915,2.2713324912915276,2.0605381435213426
2021-06-11,2.2852781541764617,2.480745186233484,2.2801431526549103,2.06853111851664
2021-06-14,2.2824755514084325,2.4680562391233343,2.2656890558550153,2.055418455399054
2021-06-15,2.2819416794707363,2.4724383852996046,2.268152061023324,2.057652877755291
2021-06-16,2.268398657109563,2.458336384214131,2.2544271739969695,2.0452017490272185
2021-06-17,2.253652487307587,2.409600188094078,2.207871181829959,2.002966454090255
2021-06-18,2.2359887374970184,2.385898753321258,2.181830858355525,1.9793428410814018
2021-06-21,2.259102420862712,2.4338192817979274,2.226157939406987,2.0195560822725067
2021-06-22,2.2627579223502554,2.4395481625952575,2.2313504654686387,2.024266708326721
2021-06-23,2.2620756801541635,2.443193785284484,2.2328002849923854,2.02558197522021
2021-06-24,2.2726104626780392,2.460980212264713,2.2497714291918394,2.0409780874566406
2021-06-25,2.2784267651099026,2.469122255307116,2.257045233121484,2.047576835329527
2021-06-28,2.276406912407305,2.454651442379852,2.2455832317400803,2.0371785818206156
2021-06-29,2.273880889881707,2.4550749098329088,2.2444018653023834,2.036106853830247
2021-06-30,2.2791520405801413,2.464978902934383,2.2547390780170034,2.0454847063365778
2021-07-01,2.2880831933819956,2.484607693369043,2.271362480072936,2.060565349149847
2021-07-02,2.2974311867421764,2.4878597764346972,2.2744444953154805,2.0633613334412377
2021-07-06,2.2844015542271814,2.4455414620430456,2.236408311667318,2.0288551536804507
2021-07-07,2.285710843630849,2.435549092536423,2.2308976469078314,2.0238559142575054
2021-07-08,2.2745543165032913,2.4231449602993598,2.2166646011909803,2.0109437872525424
2021-07-09,2.2937862512323006,2.4696106176404817,2.258766958703351,2.049138773640063
2021-07-12,2.297425049119551,2.4757175434884697,2.2648224457020927,2.054632272274166
2021-07-13,2.2902989342401665,2.466077423078983,2.254026566727357,2.044838320703635
2021-07-14,2.2884603497612965,2.4412476210281704,2.2345431226227745,2.027163066244597
2021-07-15,2.2855742295631716,2.433591360988935,2.2291855281128203,2.0223026911618613
2021-07-16,2.2709486057617396,2.4141869490150523,2.2105357890220425,2.0053837684983558
2021-07-19,2.240085422061612,2.3367666517361507,2.143711330193849,1.944761051717085
2021-07-20,2.259790971476717,2.385260514687691,2.1888656509443787,1.9857247594120153
2021-07-21,2.2765650915973397,2.43009722768779,2.2271758633400385,2.020479536279921
2021-07-22,2.280441917009492,2.4286621330099822,2.2242422104572195,2.0178181453615602
2021-07-23,2.2876992086287125,2.4403859566294583,2.2348140358217017,2.027408836946206
2021-07-26,2.2903729650379825,2.4517824400992616,2.245048119244239,2.0366931312258725
2021-07-27,2.2837407117214648,2.441221714347974,2.235535636310789,2.028063468242086
2021-07-28,2.2899578191769083,2.4508470378380536,2.2432788070126324,2.0350880226145165
2021-07-29,2.3041859486776057,2.4809554794046416,2.270069462198441,2.059392331698255
2021-07-30,2.2958321559039074,2.4736916157070628,2.263235210284963,2.0531923425711027
2021-08-02,2.2911073891666818,2.4485233805395437,2.2423423695421736,2.034238492598854
2021-08-03,2.3022825882636697,2.462469814800349,2.2555766279787277,2.0462445262439912
2021-08-04,2.287617076529814,2.4167494846556834,2.2171437350967,2.0113784544324367
2021-08-05,2.2968742417628065,2.4493692243717753,2.245825556119149,2.0373984169297823
2021-08-06,2.2898213845931137,2.457860448569607,2.254508576915363,2.0452755972282137
2021-08-09,2.279046888697933,2.4351019110910936,2.236094709381386,2.0285706557152547
2021-08-10,2.286911410040138,2.4682346420814474,2.2647446087284835,2.0545616590752136
2021-08-11,2.2979045137783634,2.4925427453502254,2.287366430460111,2.07508402941627
2021-08-12,2.2964667004057406,2.48787487013332,2.2832309649452434,2.0713323618522854
2021-08-13,2.3007535063473052,2.4666647954988585,2.265453006925127,2.05520431333679
2021-08-16,2.299461179648765,2.4511503902164873,2.254251715477564,2.045042574193403
2021-08-17,2.28561345098185,2.426168315340188,2.2312284290005686,2.024155997632306
2021-08-18,2.269137970266721,2.3898444481455154,2.2001701271969507,1.9959801071430354
2021-08-19,2.260864668852645,2.357900510311597,2.1732042602925428,1.9715168471215767
2021-08-20,2.264516240786002,2.347865058417045,2.166092331519504,1.9650649513436407
2021-08-23,2.2896478233280955,2.4124113286090596,2.2194273847248986,2.0134501666028846
2021-08-24,2.3003351287992366,2.449274148557438,2.250231294922049,2.0413952746723516
2021-08-25,2.3038440652229246,2.468721029779634,2.2679465221581143,2.0574664142263432
2021-08-26,2.292778773942999,2.448215882647268,2.2503922656650643,2.0415413062891434
2021-08-27,2.314525446054745,2.4897463670654867,2.2862588722399764,2.07407925976343
2021-08-30,2.316812833617014,2.4805017784381738,2.27817939251693,2.066749608022448
2021-08-31,2.313883929639811,2.471821521095868,2.2711204670728207,2.060345796521654
2021-09-01,2.31662783393576,2.4614303072775177,2.262630480063038,2.0526437352255944
2021-09-02,2.326630650221548,2.492186340137271,2.2872153216615336,2.0749469444916784
2021-09-03,2.3266798975942424,2.480497681093393,2.276475917017733,2.0652042260688557
2021-09-07,2.31302311436187,2.4600023496784944,2.258278027619308,2.048695218523371
2021-09-08,2.3109803547191676,2.453076028269346,2.250227345824652,2.041391692076739
2021-09-09,2.307647067615692,2.4450280237738498,2.2446689290304827,2.0363491323168237
2021-09-10,2.299743481100099,2.452051315090696,2.248128459676576,2.0394875961402783
2021-09-13,2.3088919444201523,2.479530386813356,2.2694780547123337,2.0588558106525
2021-09-14,2.302063200402633,2.4565926184751543,2.2479240939215286,2.0393021968492815
2021-09-15,2.3164889312017176,2.502036278842055,2.284761929443755,2.0727212429419786
2021-09-16,2.3043077142342416,2.4890124457396827,2.2723987732845297,2.0615054676479314
2021-09-17,2.2880980479652364,2.4695726497796175,2.2533047449372536,2.0441834886449066
2021-09-20,2.2630532592085153,2.4190211052417747,2.2075373862736707,2.0026636369208157
2021-09-21,2.2659753715248914,2.419311970689636,2.207316783817218,2.002463507799334
2021-09-22,2.2844791436825527,2.460835460445217,2.2427004980266134,2.034563384443312
2021-09-23,2.2988703463142692,2.5119743684662454,2.2872932073755052,2.0750176019075743
2021-09-24,2.2967562400852573,2.5201731510816536,2.292845648893075,2.080054740935211
2021-09-27,2.3038657575371926,2.565000002654708,2.3297473380025107,2.1135317145891745
2021-09-28,2.2751404486032123,2.536881206220484,2.3017174800212286,2.0881032087454194
2021-09-29,2.2733176023450765,2.5343635910338826,2.2990127053232787,2.0856494546358273
2021-09-30,2.2641700080609595,2.5154742935420553,2.2799271997306514,2.0683352074206884
2021-10-01,2.2835634043617765,2.5562051360194937,2.3121613985339944,2.09757786406158
2021-10-04,2.2771455904888733,2.5633833137985875,2.3077300182068905,2.0935577444941207
2021-10-05,2.2889105904092064,2.5957661916752737,2.3368902857751386,2.1200117506028864
2021-10-06,2.2878597570720665,2.573548311904241,2.3237086918730743,2.1080534938827675
2021-10-07,2.3011230555516073,2.6048543687089256,2.3502984653570618,2.132175564386058
2021-10-08,2.2999506422387,2.6172293219797913,2.355892178081575,2.137250144385663
2021-10-11,2.2930049807990907,2.6138928976112967,2.349278884800411,2.1312506075004296
2021-10-12,2.2961621015118463,2.613256583870217,2.3478841174894454,2.1299852836182587
2021-10-13,2.3082387651482192,2.618792643564713,2.3546883374773415,2.136158027976791
2021-10-14,2.334111379432125,2.655505210207339,2.3894837892750904,2.167724236766219
2021-10-15,2.3396637197315897,2.672022749950461,2.404673293817928,2.1815040570310673
2021-10-18,2.338757655910952,2.6725163665376845,2.40811560844218,2.1846269025908733
2021-10-19,2.3496722475770313,2.6916224681740624,2.4248156488100236,2.199777071184957
2021-10-20,2.362027899973522,2.711700725857453,2.4398504981769213,2.2134165892746114
2021-10-21,2.357567508874035,2.6930086575267107,2.4290015578451136,2.2035745007841827
2021-10-22,2.3644454877831422,2.705603726991083,2.435626472153494,2.2095845801901337
2021-10-25,2.374268018367394,2.7213038168841983,2.4509169039262257,2.2234559609850737
2021-10-26,2.3759988284731883,2.7277610580899445,2.455084709638725,2.22723696736715
2021-10-27,2.3621054125529826,2.6794679255026708,2.419666433386577,2.1951057362615587
2021-10-28,2.3755919563063346,2.708225727600056,2.446697679475359,2.219628307856163
2021-10-29,2.3719674405966718,2.701296286689261,2.443198705573404,2.2164540613661368
2021-11-01,2.382263900822916,2.7257410418073182,2.4629947346835874,2.234412890920236
2021-11-02,2.3843377705395663,2.7288130201617085,2.468290003793102,2.2392167248028576
2021-11-03,2.38417248300618,2.7086067044721345,2.4565514923322764,2.2285676231385567
2021-11-04,2.390115414867193,2.7040051560658913,2.4539848605949692,2.2262391914292534
2021-11-05,2.406977808051305,2.7382303281955873,2.481533600739766,2.2512312302839583
2021-11-08,2.4107015734168815,2.7559236051210374,2.4965399575017253,2.2648449000667226
2021-11-09,2.4116556241220395,2.7614751060125142,2.498363794457934,2.266499473155533
2021-11-10,2.3965248833033233,2.714776211250951,2.459777227088689,2.23149398884325
2021-11-11,2.402414381165018,2.7259089045796654,2.4707926716952975,2.2414871289347107
2021-11-12,2.4082366985468937,2.7292298622402233,2.476179737579604,2.2463742402576172
2021-11-15,2.4061936323027666,2.731701742990898,2.4768975822935535,2.247025464338587
2021-11-16,2.407236305795829,2.738003805486391,2.483381638680012,2.2529077583489383
2021-11-17,2.4015812177083182,2.7046155746670033,2.455716543861,2.2278101632864495
2021-11-18,2.4013722214554725,2.70825159654106,2.4593873278856058,2.2311402748083555
2021-11-19,2.390554222486715,2.663271311081201,2.426585401789733,2.201382579640141
2021-11-22,2.385667820262654,2.679289587250959,2.4370675825077917,2.210891946181436
2021-11-23,2.38930676308883,2.720643303477379,2.4681587331455654,2.2390976369205635
2021-11-24,2.390877895495753,2.7235671534865853,2.4709186758091315,2.2416014390516974
2021-11-26,2.341051741484403,2.5839684068546322,2.3544057803155676,2.135901693947408
2021-11-29,2.3524436707492336,2.6029633019651457,2.3727832454837388,2.152573611469584
2021-11-30,2.3202563694777094,2.5385028212035707,2.318130992473325,2.102993441067803
2021-12-01,2.3038289032099852,2.5041150608151947,2.2865376532644124,2.074332168105448
2021-12-02,2.3306409076374566,2.550308386787446,2.324801703792995,2.1090450672261483
2021-12-03,2.3241532026511225,2.5233976061277223,2.297516070073458,2.0842917168184814
2021-12-06,2.3454985623454436,2.572759567154515,2.33527374371301,2.118545234101056
2021-12-07,2.3744543917858145,2.6339956843794425,2.3927057583236624,2.170647186245118
2021-12-08,2.3771663822580678,2.648495716838149,2.403900311470512,2.180802812445686
2021-12-09,2.3609045224920777,2.6144490321606195,2.3752770371443197,2.154835963132463
2021-12-10,2.3744677284381126,2.6452085957836675,2.4023539465822314,2.179399960222015
2021-12-13,2.3641325841927463,2.6081291490062766,2.3698128910811675,2.1498789251699164
2021-12-14,2.351756557367177,2.5890189407417004,2.352162955268582,2.133867017572955
2021-12-15,2.3694675132045933,2.6174932601829553,2.3816961959637157,2.1606593824897784
2021-12-16,2.3679423334630196,2.6068753146205617,2.3654677757697415,2.145937064666657
2021-12-17,2.351421870485092,2.5691028224952737,2.3343516271891005,2.1177086959554643
2021-12-20,2.331892308019768,2.5358214261662018,2.3048746974580716,2.0909674159810177
2021-12-21,2.3603298923132408,2.599836708547824,2.3608058190963583,2.1417077677293825
2021-12-22,2.3782248718152776,2.6283573400015996,2.3860904111691155,2.1646457860992374
2021-12-23,2.3879970235481447,2.644383798224376,2.400320024026622,2.177554798836409
2021-12-27,2.4102180144345504,2.6923745072974437,2.4417662263336717,2.215154525466136
2021-12-28,2.4094596112015916,2.6882431262035253,2.4365940882538655,2.210462395257168
2021-12-29,2.408709414385306,2.690616574006786,2.4381854550402373,2.2119060729116833
2021-12-30,2.409837988520281,2.6808059253552856,2.42885027752199,2.2034372602536325
2021-12-31,2.4081140816092024,2.668032355928124,2.4178682440807675,2.1934744305552827
2022-01-03,2.4103270097021916,2.7089337879068482,2.4548678118195033,2.2270401990685995
2022-01-04,2.4192953537782143,2.7405716817121992,2.4818552060098553,2.2515229885046133
2022-01-05,2.394350948694051,2.7055712985402653,2.4469632950604656,2.2198692725967826
2022-01-06,2.394205821106533,2.7345487612125474,2.4691902728302635,2.240033443049796
2022-01-07,2.3914722727489828,2.7334891723015033,2.4682685760835894,2.239197285723397
2022-01-10,2.386397590067044,2.721794461904273,2.4586096875073076,2.2304348044874884
2022-01-11,2.410435349183138,2.7759632903528795,2.5025907276533363,2.2703341196076208
2022-01-12,2.419093459065875,2.7920184664705423,2.515628921212449,2.2821622844642286
2022-01-13,2.4032222963431673,2.7564847361507687,2.482963959795928,2.252528842767138
2022-01-14,2.403739486493601,2.7836151219342065,2.5011627469401794,2.26903866474183
2022-01-18,2.3820145820546696,2.7665806774885295,2.479237986509954,2.2491486639043226
2022-01-19,2.3785264570787854,2.743857616312973,2.456180626005242,2.2282311756056954
2022-01-20,2.3666868848303233,2.7179305422845674,2.4323392982157133,2.206602477257535
2022-01-21,2.345296902508049,2.678700867016765,2.3937469782311953,2.1715917742098876
2022-01-24,2.344843939780667,2.68473764429192,2.4015990612551867,2.178715133136449
2022-01-25,2.3358491739422407,2.696521714212909,2.407278898847433,2.183867845058945
2022-01-26,2.324668162536485,2.703641894236497,2.412104792974186,2.188245864993453
2022-01-27,2.316950802915343,2.693979957210706,2.4005369294079286,2.1777515739952333
2022-01-28,2.336916730995755,2.728570731726707,2.4350859299595213,2.2090942038083683
2022-01-31,2.3631387557347026,2.7688621486184877,2.473201861004285,2.2436727298914896
2022-02-01,2.3755511208128985,2.801292609808501,2.502637591671988,2.270376634342191
2022-02-02,2.3841274636872525,2.8130376426474224,2.5137444475585915,2.280452702155551
2022-02-03,2.3582732930280113,2.790096747307584,2.488996802676873,2.2580017988040537
2022-02-04,2.361881953729244,2.8133801525993016,2.5036071483428106,2.271256209882186
2022-02-07,2.3645110596158743,2.8147104758097634,2.5042382924995024,2.2718287797784518
2022-02-08,2.3724432278040153,2.812428515452742,2.5089129330531446,2.276069583449848
2022-02-09,2.3943125792980107,2.8487458300214934,2.5428819416078667,2.306886048275219
2022-02-10,2.3663352903632413,2.822393499865811,2.519640505750589,2.2858015680074733
2022-02-11,2.359813092980576,2.827947708237653,2.5164537268349454,2.282910542789532
2022-02-14,2.3518358430224215,2.814414241149239,2.5027192006490924,2.2704506694783153
2022-02-15,2.3619353133872956,2.8144635925021304,2.510681760959954,2.2776742526848808
2022-02-16,2.3687722319687827,2.8167770178487945,2.5154565047978266,2.2820058694081924
2022-02-17,2.3509193619389075,2.7908371234106664,2.488017143959985,2.257113058753215
2022-02-18,2.346554167126189,2.7883231357413005,2.4850530528348247,2.2544240544582985
2022-02-22,2.3348284049819754,2.77990651029649,2.47509837189935,2.2453932323075234
2022-02-23,2.3158896044845303,2.768354768658738,2.460659548470026,2.2322944250929204
2022-02-24,2.32431130574397,2.7762489492604696,2.465609191956437,2.2367847096460123
2022-02-25,2.356498545011399,2.8157771227903776,2.506805114438279,2.2741573840372964
2022-02-28,2.36423559184907,2.834185376934563,2.5153441735684003,2.281903963243494
2022-03-01,2.3633324091616603,2.862134161558204,2.5349393381438543,2.2796220592802507
2022-03-02,2.387449795894981,2.935726807435287,2.595365255882614,2.2796220592802507
2022-03-03,2.3828604840280483,2.947675817629622,2.610641386843507,2.2796220592802507
2022-03-04,2.3908371857625204,3.0167170243619967,2.6665383739277835,2.2796220592802507
2022-03-07,2.3606699048751802,3.0325449801115028,2.6765452124447995,2.2796220592802507
2022-03-08,2.36284680032296,3.0434630044586637,2.6769719462518355,2.2796220592802507
2022-03-09,2.366595115978355,2.9469999855873525,2.601334558078343,2.2796220592802507
2022-03-10,2.357577148271703,2.9414848240769516,2.59365779940229,2.2796220592802507
2022-03-11,2.344354334130948,2.950661220186331,2.5990954359979677,2.2796220592802507
2022-03-14,2.316286291099292,2.906908243954152,2.5670219528823384,2.2796220592802507
2022-03-15,2.3270697953417097,2.873142836983534,2.549242578110837,2.2796220592802507
2022-03-16,2.3617574021526115,2.8775099447076684,2.5521058527227964,2.2796220592802507
2022-03-17,2.3931878888092304,2.966296894531979,2.622301631575551,2.2796220592802507
2022-03-18,2.4067132211703135,2.9726485917293948,2.6264376294136262,2.2796220592802507
2022-03-21,2.414149213040959,3.0471371876650943,2.683459801143526,2.2796220592802507
2022-03-22,2.4223265373987397,3.0487386586226175,2.6874476934125724,2.2796220592802507
2022-03-23,2.4218851534752233,3.079247176988386,2.709129206483668,2.2796220592802507
2022-03-24,2.436121410595581,3.0746463340816788,2.7085409723429583,2.2796220592802507
2022-03-25,2.4405844251701847,3.114311875087906,2.741330583297903,2.2796220592802507
2022-03-28,2.431469734187207,3.043037738022234,2.688479144326152,2.2796220592802507
2022-03-29,2.4546262044073357,3.065069491683106,2.707357438576967,2.2796220592802507
2022-03-30,2.454118871839479,3.092947548432172,2.730415655699849,2.2796220592802507
2022-03-31,2.428641242467198,3.0377699415342145,2.6887771681788815,2.2796220592802507
2022-04-01,2.4358543409653604,3.0510603572319956,2.7033111368208003,2.2917159403349086
2022-04-04,2.449507004098234,3.0836876958109105,2.717659670397013,2.3038798243470566
2022-04-05,2.420465271192799,3.0483609623307304,2.6973856978126096,2.2866926846527957
2022-04-06,2.406750257669076,3.037621412459214,2.702467222204625,2.2910005167375918
2022-04-07,2.412372891101194,3.063068524551381,2.730822382819065,2.3150384355275433
2022-04-08,2.413575706699926,3.088555327720447,2.7508720028391305,2.332035381669554
2022-04-11,2.3891868978323725,3.030978609493227,2.7056093097827554,2.2936642027967546
2022-04-12,2.3992359333421884,3.0731096126532926,2.726027301364478,2.3109734337395484
2022-04-13,2.4238106076437878,3.1220879658198393,2.759959709973548,2.3397394313504694
2022-04-14,2.408841725317814,3.1200648861856277,2.7550072319429186,2.335540997551133
2022-04-18,2.4095061958120585,3.130771790970176,2.7548378749736715,2.3353974261875767
2022-04-19,2.4131297894666472,3.1127975365474287,2.7571135308710994,2.3373265999418735
2022-04-20,2.421393005369336,3.1321897633725184,2.7799674369023566,2.3567008628734953
2022-04-21,2.395055763836039,3.1057415990501966,2.755445140698657,2.3359122320946777
2022-04-22,2.3529988743059578,3.029710251864297,2.6877447278907263,2.2785196097339195
2022-04-25,2.350905884978844,3.011524900454198,2.6809883123508147,2.2727918986386473
2022-04-26,2.3224620088823897,2.9959731600530763,2.655748978110832,2.251395403128614
2022-04-27,2.324516181037246,3.014312409063986,2.669888174809133,2.2633818230473866
2022-04-28,2.3559946522003368,3.0794475640598638,2.7227066997141955,2.308158413437297
2022-04-29,2.308312326409467,3.0077929882791783,2.6555351184273426,2.2512141048537058
2022-05-02,2.3105854243992696,3.0297385465898365,2.664554936996626,2.248962890748852
2022-05-03,2.317689286475351,3.03036953075494,2.670652742839554,2.248962890748852
2022-05-04,2.3678311973853328,3.130558632527179,2.751296562126885,2.248962890748852
2022-05-05,2.3142858029770514,3.0810779187245956,2.7060146458623042,2.248962890748852
2022-05-06,2.305916078146904,3.105794365573776,2.723624781769954,2.248962890748852
2022-05-09,2.2486984970798614,2.9672112706963367,2.6208145622238193,2.248962890748852
2022-05-10,2.2459086772183983,2.9588899094192036,2.615798144696359,2.248962890748852
2022-05-11,2.2425895688548247,2.9864990872181756,2.630447605274894,2.248962890748852
2022-05-12,2.2396538238698835,2.992307507111408,2.6322460118854583,2.248962890748852
2022-05-13,2.272777534202455,3.056912729621795,2.683098969647705,2.248962890748852
2022-05-16,2.277547499126675,3.0910117694222,2.7084356240503964,2.248962890748852
2022-05-17,2.296769127236059,3.1062932642233583,2.729912233191068,2.248962890748852
2022-05-18,2.246209423367955,3.028139385404226,2.6655955166370386,2.248962890748852
2022-05-19,2.2511581776497422,3.0354184840376397,2.6685390573046113,2.248962890748852
2022-05-20,2.253559873276069,3.0537269890346628,2.684004334090331,2.248962890748852
2022-05-23,2.274526090251947,3.0952491579745844,2.7204787240890194,2.248962890748852
2022-05-24,2.274523057783241,3.1012219590463967,2.731927154763934,2.248962890748852
2022-05-25,2.2901008344111644,3.1241145273242976,2.74819945215282,2.248962890748852
2022-05-26,2.318689442884087,3.1650879690885945,2.776806308495871,2.248962890748852
2022-05-27,2.3515414322677293,3.2212778937589093,2.8261805987408786,2.248962890748852
2022-05-31,2.3339505334391437,3.191160332786002,2.7956892632474877,2.248962890748852
2022-06-01,2.326086655058091,3.1970332794704195,2.8009324480617974,2.248962890748852
2022-06-02,2.357706568007234,3.224836596759609,2.808452400477232,2.248962890748852
2022-06-03,2.3400365005424715,3.245092066721264,2.8169479565960476,2.248962890748852
2022-06-06,2.3405990837689643,3.244121660059272,2.821035998917703,2.248962890748852
2022-06-07,2.359434049808797,3.2794843947411554,2.837279743203506,2.248962890748852
2022-06-08,2.3440364152784325,3.281600029689377,2.8318432231188138,2.248962890748852
2022-06-09,2.309987958093729,3.2476397853648877,2.8150947044095758,2.248962890748852
2022-06-10,2.2733216206588125,3.225346702395836,2.8103791530273012,2.248962890748852
2022-06-13,2.206135413248983,3.1615309121444284,2.773560617265123,2.248962890748852
2022-06-14,2.194612456001105,3.127172160932694,2.752467149171949,2.248962890748852
2022-06-15,2.2167308006309585,3.1068913352397796,2.7391370717360624,2.248962890748852
2022-06-16,2.177444031827302,3.0653989572802915,2.703782210506372,2.248962890748852
2022-06-17,2.16699900103698,2.992624251688453,2.6795499697721104,2.248962890748852
2022-06-21,2.1938090826729764,3.042512954649916,2.708373548191459,2.248962890748852
2022-06-22,2.185870866245833,2.998285319443644,2.6917553162558177,2.248962890748852
2022-06-23,2.1889502860779273,2.9788064847215177,2.694311957722767,2.248962890748852
2022-06-24,2.2287302942856844,3.021734336134527,2.718310455156846,2.248962890748852
2022-06-27,2.2269203012088195,3.0475013450099886,2.7288557268138085,2.248962890748852
2022-06-28,2.210632195023904,3.072495630771346,2.7412707669219265,2.248962890748852
2022-06-29,2.2050473811229634,3.041735383649626,2.734749150719563,2.248962890748852
2022-06-30,2.189209891148617,3.003835423309901,2.7189221745709684,2.248962890748852
2022-07-01,2.2068024527155217,3.043097573179055,2.7468463944234216,2.248962890748852
2022-07-05,2.18183704279161,2.9327643535312142,2.6926182416692073,2.248962890748852
2022-07-06,2.17592575455834,2.91863625654183,2.6906901069759317,2.248962890748852
2022-07-07,2.203363771562769,2.9755114749039993,2.7225106810996667,2.248962890748852
2022-07-08,2.2042291584582636,2.9940460456226967,2.7319166119317213,2.248962890748852
2022-07-11,2.190409554654637,2.9945609265614728,2.743047059585032,2.248962890748852
2022-07-12,2.171304166913447,2.9235904068785388,2.702613382651212,2.248962890748852
2022-07-13,2.1714841884029212,2.9254045907327586,2.701791018853593,2.248962890748852
2022-07-14,2.156070668938251,2.9132212774874273,2.7012139266901407,2.248962890748852
2022-07-15,2.18146343296217,2.9330104099830763,2.7078842272769967,2.248962890748852
2022-07-18,2.17986410855216,2.959450136493706,2.713259721986419,2.248962890748852
2022-07-19,2.2147409475233557,2.989780855061773,2.7249262511301047,2.248962890748852
2022-07-20,2.218279988067205,2.983028325828095,2.7202963299544054,2.248962890748852
2022-07-21,2.232714410189121,2.9536292020997155,2.703376603998361,2.248962890748852
2022-07-22,2.2248708161728286,2.946772736369452,2.701255894519721,2.248962890748852
2022-07-25,2.2319254967530124,2.992684619350307,2.7264154799662945,2.248962890748852
2022-07-26,2.219322219374451,2.9878870590822535,2.7321338911089557,2.248962890748852
2022-07-27,2.255891491919826,3.028105144961679,2.74751001498726,2.248962890748852
2022-07-28,2.2818367898418654,3.0523493883070123,2.767788599866702,2.248962890748852
2022-07-29,2.3032491926192256,3.0813020903470547,2.777945948857955,2.248962890748852
2022-08-01,2.297779520983999,3.046026167431313,2.759415922186544,2.248962890748852
2022-08-02,2.282224810219092,3.0458373068490197,2.762111481595696,2.248962890748852
2022-08-03,2.2965175934622435,3.0187449297144897,2.7540508367369236,2.248962890748852
2022-08-04,2.2934499337378793,2.975575068715608,2.7268247450865246,2.248962890748852
2022-08-05,2.2852657071921936,2.9849709260634727,2.7366892631460096,2.248962890748852
2022-08-08,2.2978422183375655,3.0072392470169396,2.7471615583019546,2.248962890748852
2022-08-09,2.2921788393206657,3.023937500870319,2.7565603023692504,2.248962890748852
2022-08-10,2.321155061528162,3.040936664316168,2.7589308060462145,2.248962890748852
2022-08-11,2.323291679393149,3.080664150087629,2.779004935215497,2.248962890748852
2022-08-12,2.3489458358269424,3.087894037369632,2.790167395734638,2.248962890748852
2022-08-15,2.344488613860553,3.071092734562951,2.7928317317606024,2.248962890748852
2022-08-16,2.343056229618832,3.059665210489163,2.7892017144119294,2.248962890748852
2022-08-17,2.329498617488584,3.0701232646869903,2.794623461877115,2.248962890748852
2022-08-18,2.338570907562467,3.1146070695094545,2.824666031027879,2.248962890748852
2022-08-19,2.3141092025959735,3.114528025953103,2.8292399402633466,2.248962890748852
2022-08-22,2.289429079290342,3.1144533132778163,2.8324475240779536,2.248962890748852
2022-08-23,2.2965662584553774,3.149136932379816,2.844131406889006,2.248962890748852
2022-08-24,2.3029314041492555,3.172705571748249,2.8577281975097386,2.248962890748852
2022-08-25,2.322662326427917,3.163647584090624,2.8528148912748943,2.248962890748852
2022-08-26,2.2786961308103875,3.136042467713296,2.835425986458829,2.248962890748852
2022-08-29,2.275020231839392,3.1720788609573476,2.8538571893048417,2.248962890748852
2022-08-30,2.2485247838800073,3.1044666675373764,2.8148022023594494,2.248962890748852
2022-08-31,2.2287084810422555,3.0658324857972663,2.7917095374435164,2.248962890748852
2022-09-01,2.2180783225306384,3.0420252834581025,2.791191752166371,2.248962890748852
2022-09-02,2.2124518738923995,3.0462839847157723,2.787057866916753,2.248962890748852
2022-09-06,2.2012568980226175,3.0398709988258843,2.786682441973177,2.248962890748852
2022-09-07,2.2239583257219686,3.0163428608095657,2.781541912343305,2.248962890748852
2022-09-08,2.230672991468218,3.0234007800446623,2.7855296710209747,2.248962890748852
2022-09-09,2.2601107376764817,3.075901567228289,2.8098434276014097,2.248962890748852
2022-09-12,2.2813177342626054,3.1058169820660178,2.823379671729709,2.248962890748852
2022-09-13,2.2241759530166023,3.0636361035766133,2.7979065868178585,2.248962890748852
2022-09-14,2.2322347560682174,3.08826670685615,2.808885656071583,2.248962890748852
2022-09-15,2.206052090874091,3.0221980052567377,2.7700745629109558,2.248962890748852
2022-09-16,2.1959495150501747,3.0099634421764887,2.764439661838944,2.248962890748852
2022-09-19,2.206843520590921,3.0226642784007596,2.774806617923594,2.248962890748852
2022-09-20,2.1858252166154286,3.0049068931254626,2.7659212037562666,2.248962890748852
2022-09-21,2.1690302269187605,2.986812998217809,2.761131259373311,2.248962890748852
2022-09-22,2.152362062114211,2.9867390510418224,2.7611816638317794,2.248962890748852
2022-09-23,2.1122463046508626,2.9028578366414908,2.725079917024459,2.248962890748852
2022-09-26,2.0847365635805093,2.858105830250724,2.7073539788170935,2.248962890748852
2022-09-27,2.0801583697139177,2.8616106368146355,2.7006880392734884,2.248962890748852
2022-09-28,2.1240666981783276,2.9207236216752386,2.7260249360373,2.248962890748852
2022-09-29,2.0953234714437743,2.885632821462397,2.693095762291622,2.248962890748852
2022-09-30,2.0761341471849746,2.8474545388950445,2.66520287800364,2.248962890748852
2022-10-03,2.12743180561611,2.923850174054289,2.711988969948972,2.248962890748852
2022-10-04,2.176802102868718,2.9861733254555882,2.743738739584248,2.248962890748852
2022-10-05,2.1716757629698065,3.007893722954679,2.7554622302617195,2.248962890748852
2022-10-06,2.1602328684809673,3.0084474541811317,2.751546655486322,2.248962890748852
2022-10-07,2.1265845691667504,3.0084092428390297,2.7447421831242758,2.248962890748852
2022-10-10,2.1096622885581264,2.988529947565176,2.7392925822733565,2.248962890748852
2022-10-11,2.096797683615557,2.9663138904847504,2.7310983933442228,2.248962890748852
2022-10-12,2.092173496830412,2.950820768106739,2.7199190960765005,2.248962890748852
2022-10-13,2.1215621274898266,3.0059360597865403,2.753498983586531,2.248962890748852
2022-10-14,2.0824695085009663,2.9482828702040225,2.7203785837636705,2.248962890748852
2022-10-17,2.1144469389070646,2.963541291345127,2.7284903722424487,2.248962890748852
2022-10-18,2.1286966380978734,2.9676156658587307,2.7380616578898582,2.248962890748852
2022-10-19,2.1142132657991866,2.9865547476157617,2.747996307362822,2.248962890748852
2022-10-20,2.1001884489294786,2.969241094953412,2.73033692267565,2.248962890748852
2022-10-21,2.1339084861438753,2.999382191518095,2.7482297844547277,2.248962890748852
2022-10-24,2.1394793167617414,3.0154785050811768,2.765162095967824,2.248962890748852
2022-10-25,2.1667896871608883,3.031624492605025,2.7741284134993918,2.248962890748852
2022-10-26,2.175560942559788,3.0627084181968782,2.7846136598209545,2.248962890748852
2022-10-27,2.177117797280062,3.078383394325292,2.7992975218827727,2.248962890748852
2022-10-28,2.195678383516584,3.094772783101012,2.821165796906681,2.248962890748852
2022-10-31,2.18283973630137,3.0827785344605574,2.8176204055231024,2.248962890748852
2022-11-01,2.1921991372499785,3.107143192171759,2.8316390434639116,2.248962890748852
2022-11-02,2.1619780863046185,3.094355483607225,2.8232591511339673,2.248962890748852
2022-11-03,2.1557825126922823,3.1027841289362788,2.8328291571574984,2.248962890748852
2022-11-04,2.193228210585518,3.151089585853883,2.854469994985062,2.248962890748852
2022-11-07,2.1968092821408116,3.1454520647421838,2.846639862641463,2.248962890748852
2022-11-08,2.2074389447085574,3.128167299521285,2.834656664199084,2.248962890748852
2022-11-09,2.173786717577407,3.0651890595241613,2.799611866018798,2.248962890748852
2022-11-10,2.2544988632861425,3.1096561230458737,2.8208334419324417,2.248962890748852
2022-11-11,2.272233926939736,3.1361204323255407,2.8262502216184657,2.248962890748852
2022-11-14,2.257525103310967,3.1028286438102763,2.806553538348433,2.248962890748852
2022-11-15,2.275272240069913,3.132148094336261,2.8246413976089655,2.248962890748852
2022-11-16,2.2640639452212166,3.1132073949100896,2.814124973492462,2.248962890748852
2022-11-17,2.249509334586224,3.0847707737384837,2.797515146677621,2.248962890748852
2022-11-18,2.2522890167169196,3.0867518179545494,2.8046569803924166,2.248962890748852
2022-11-21,2.247076555878998,3.089621341696305,2.814351706588247,2.248962890748852
2022-11-22,2.2704646190152604,3.1231306644667622,2.8322823234510186,2.248962890748852
2022-11-23,2.278532052894091,3.0933785607436546,2.810220241533546,2.248962890748852
2022-11-25,2.276850510869329,3.0868307070778727,2.8062872471428206,2.248962890748852
2022-11-28,2.2533321735158216,3.065516617586605,2.7968182159723076,2.248962890748852
2022-11-29,2.259154475117282,3.0861855634462922,2.8087994415385293,2.248962890748852
2022-11-30,2.307476770445405,3.1335892966274312,2.8397973164336907,2.248962890748852
2022-12-01,2.315959726302116,3.1216469483267555,2.8238138686179486,2.2342075739233125
2022-12-02,2.3174705096772708,3.1078495640941393,2.814686054042439,2.2269856275037516
2022-12-05,2.2787243003969575,3.058130297625088,2.7833690908086433,2.2022075791958193
2022-12-06,2.2610277009402937,3.01821089178022,2.757768534042277,2.1819523639142036
2022-12-07,2.263230254880025,3.0005369826396135,2.7462647713604134,2.172850562269956
2022-12-08,2.2711649475653064,2.994444910370531,2.742928208132515,2.170210666306029
2022-12-09,2.258945919706964,2.978668027729857,2.7326648904493216,2.162090307398452
2022-12-12,2.2777385595258663,3.0263538519271633,2.7663897095600114,2.1887734564273837
2022-12-13,2.2975607435992793,3.0519883236191676,2.7784424927156994,2.198309644245058
2022-12-14,2.294206243988905,3.061074403046199,2.78169425868599,2.2008824484373557
2022-12-15,2.2577356885674034,3.032529037118048,2.7633517792106463,2.186369839435827
2022-12-16,2.2418498181734523,3.0001704683931236,2.7414680203495196,2.1690553626082982
2022-12-19,2.2291498215092633,3.0060080077349043,2.743928007263236,2.171001709517157
2022-12-20,2.2343257024854895,3.0133535725630525,2.7450053136926216,2.171854076668802
2022-12-21,2.257790516252165,3.0565775019880306,2.776398988834323,2.196692819602381
2022-12-22,2.2354781664377557,3.032141207982399,2.760213555976019,2.1838868704988914
2022-12-23,2.2467559975964746,3.0772190382033067,2.790506020131659,2.207854332944444
2022-12-27,2.243744588678743,3.0943078752735276,2.803192559846774,2.217891950307752
2022-12-28,2.220610436286099,3.060389652875476,2.7801371968106228,2.1996504977504943
2022-12-29,2.245943565767878,3.067508656988312,2.782443530088244,2.201475273573759
2022-12-30,2.2416632652375954,3.0780767081271905,2.7857095681508475,2.2040593698760276
2023-01-03,2.2366390271240038,3.033325808443815,2.761631703496481,2.2018553105061516
2023-01-04,2.247417715616053,3.004031837665142,2.7430166684450428,2.2018553105061516
2023-01-05,2.232222316418461,3.003136264794272,2.7417196063107223,2.2018553105061516
2023-01-06,2.272554579926006,3.032660612455685,2.7619849924403854,2.2018553105061516
2023-01-09,2.2767512149446567,3.0404458073520964,2.762615833376155,2.2018553105061516
2023-01-10,2.283458065950949,3.0440327712992237,2.7646787034611076,2.2018553105061516
2023-01-11,2.3054135047268325,3.075649977671291,2.7857692165992938,2.2018553105061516
2023-01-12,2.3197017935415136,3.0813435595848606,2.782234330054826,2.2018553105061516
2023-01-13,2.3297712953808816,3.098250200977443,2.7938323804187983,2.2018553105061516
2023-01-17,2.3256732312593487,3.109978405799148,2.8029531285694613,2.2018553105061516
2023-01-18,2.3047134560784373,3.058426698722309,2.7624659219160184,2.2018553105061516
2023-01-19,2.2996414133300433,3.066582148440883,2.7635356121752404,2.2018553105061516
2023-01-20,2.3194815123793076,3.087957043918921,2.778290766606885,2.2018553105061516
2023-01-23,2.3294703076055914,3.092039664005216,2.7826843478317027,2.2018553105061516
2023-01-24,2.330721844014671,3.0821185887311917,2.77756685803128,2.2018553105061516
2023-01-25,2.332854233911759,3.075501620729821,2.771157884826275,2.2018553105061516
2023-01-26,2.345493666950196,3.0982117023197917,2.7852102790363698,2.2018553105061516
2023-01-27,2.3409631514391482,3.070872469167708,2.7683072291368114,2.2018553105061516
2023-01-30,2.3198818034586766,3.0424172721137044,2.752394415428626,2.2018553105061516
2023-01-31,2.3451355735154027,3.0728642403738484,2.7746302175388733,2.2018553105061516
2023-02-01,2.3577603302388424,3.036069296174738,2.748610561736299,2.1800451943666608
2023-02-02,2.3620705863496587,3.0158675558793657,2.738083740939628,2.171695904944137
2023-02-03,2.3302206396260945,2.9803307958327885,2.7185542032862027,2.15620616067034
2023-02-06,2.321373244745121,2.99236587895255,2.7275037950164642,2.163304479622726
2023-02-07,2.3389147050236936,3.0373561411044196,2.755403676089812,2.1854331152701607
2023-02-08,2.329411699263675,3.031305759431991,2.7488266056442208,2.1802165483917797
2023-02-09,2.3123967063716004,3.0053629316853883,2.728202971563097,2.1638590276157084
2023-02-10,2.3200140559244793,3.062768398045127,2.7690042395530914,2.1962203266094313
2023-02-13,2.3334572997525114,3.063584407125922,2.771321725558569,2.198058427757548
2023-02-14,2.331982987186256,3.0591430226043674,2.766552119186252,2.194275440965697
2023-02-15,2.3294863555226035,3.0464910194391583,2.760972996674565,2.189850390945987
2023-02-16,2.310189864371319,3.027614233611289,2.7467844971199593,2.178596861362752
2023-02-17,2.307176198824101,3.0049139122464954,2.7373243971856676,2.1710936356649824
2023-02-21,2.276651608210662,2.986343300541911,2.7221169182661464,2.159031908260431
2023-02-22,2.271597853581145,2.961339549111718,2.707237021841635,2.147230001091582
2023-02-23,2.2830311710096542,2.98257978145165,2.7197875451939235,2.157184378951376
2023-02-24,2.2656471619415592,2.9830780078921526,2.7191270738906623,2.156660529807108
2023-02-27,2.2699008446461515,2.97118299976818,2.7085432264206726,2.1482660099955107
2023-02-28,2.267918212846033,2.9617502315082986,2.699548410360801,2.141131821617384
2023-03-01,2.268249593375223,2.976554049050482,2.7037493972682682,2.1444638110402274
2023-03-02,2.2767739107782843,2.9985882844192537,2.723785368763186,2.1603552305014007
2023-03-03,2.3068287560027465,3.036672316287619,2.7486650516434983,2.1800884127337823
2023-03-06,2.3012508530854743,3.039787465207638,2.74903002836886,2.180377891995507
2023-03-07,2.2695325782853724,2.9930499895082514,2.7243417829468015,2.1607965473194155
2023-03-08,2.268984134480448,2.984504989028263,2.7207021702628267,2.157909808742655
2023-03-09,2.243998101658305,2.9522929387271932,2.6959349416290164,2.1382658189710337
2023-03-10,2.2379646461393627,2.937922843693035,2.679264055238204,2.1250433980620618
2023-03-13,2.2384837358883076,2.911345232153046,2.660640166587851,2.1102719642628065
2023-03-14,2.248893137279329,2.904204791218797,2.6601086302981756,2.109850379208136
2023-03-15,2.2316301219160075,2.844395131078341,2.6296787156445767,2.085715061484675
2023-03-16,2.2493273555775875,2.860025053568339,2.6414875272964937,2.0950811548306456
2023-03-17,2.2379544522822283,2.8249474156345125,2.6144121079419698,2.0736064364143685
2023-03-20,2.252216715447027,2.852557725510122,2.6299926492080288,2.0859640561461528
2023-03-21,2.268193481038606,2.8778959884617783,2.6422961301438965,2.0957224936860555
2023-03-22,2.2556659684505505,2.8497244442114433,2.6157355812158545,2.0746561418876612
2023-03-23,2.2571743768587806,2.8315593255238394,2.604221496987997,2.0655238099604283
2023-03-24,2.2659295678837164,2.8550024982850584,2.627427347444351,2.0839294013064094
2023-03-27,2.2725578086939353,2.9019839813617314,2.6542322450428713,2.105189556895068
2023-03-28,2.2769820702488626,2.9168200963355493,2.66210734096897,2.111435645470826
2023-03-29,2.293805839615436,2.9328215345042703,2.676746761443889,2.123046820476462
2023-03-30,2.3078025595834686,2.9483156373404595,2.684004889405487,2.128803564339363
2023-03-31,2.3310760676436444,2.9765898715937036,2.7060237406763097,2.146267693876909
2023-04-03,2.3462033892035206,3.0017913024079554,2.713231855651718,2.1519847702177115
2023-04-04,2.343492407149144,2.9797597216677323,2.704426531713784,2.1450008764631856
2023-04-05,2.3430196044912575,2.981748803424945,2.7060899963983367,2.146320244234685
2023-04-06,2.344769373654461,2.9769852656313436,2.705171337018689,2.1455916146522553
2023-04-10,2.344036618744082,2.9862416909702656,2.70762808426451,2.1475401700793446
2023-04-11,2.3518247965531507,2.995194272277336,2.7106211949419126,2.1499141391818855
2023-04-12,2.3517546297118233,2.9959924307006727,2.710336700938856,2.1496884943441543
2023-04-13,2.3686679798437695,3.0081048328271525,2.7161061362120416,2.154264489873172
2023-04-14,2.359208092960339,3.00495364506292,2.7131903594542295,2.151951857739248
2023-04-17,2.358530937104699,3.0071117775295235,2.715967506794288,2.1541545367207764
2023-04-18,2.361247674346795,3.0138220561596105,2.7182797962492025,2.155988516253689
2023-04-19,2.355630019494778,3.010437627604237,2.7165482293779597,2.1546151336112267
2023-04-20,2.3486906733314834,3.007539863512327,2.718257673777545,2.1559709699382177
2023-04-21,2.347290605486676,3.0087758015265065,2.7193600897296197,2.156845345025024
2023-04-24,2.355211632281391,3.0198921829240306,2.7241133713746937,2.1606153839501703
2023-04-25,2.3333415106816435,2.9978106346825673,2.7187348288131523,2.156349422803394
2023-04-26,2.315807189316692,2.975230445290427,2.705739059840268,2.1460419008536356
2023-04-27,2.335889766549256,2.9977654155016435,2.716759623178286,2.1547827994293445
2023-04-28,2.3535960614139793,3.0140814077361964,2.725469493777623,2.16169098489875
2023-05-01,2.3430651266259392,3.008947107288025,2.723930401321636,2.160470262269262
2023-05-02,2.3274314013314847,2.9805878648351576,2.70723942887493,2.147231910216666
2023-05-03,2.3161361846254565,2.96795603978483,2.6984630961037026,2.1402710106449234
2023-05-04,2.311669078158191,2.957684072151726,2.6927913949483155,2.1357725323883767
2023-05-05,2.3371063378199426,2.9896863358779537,2.7124671840801065,2.1513782752095922
2023-05-08,2.335393199857169,2.989087053905245,2.7127440801556477,2.151597893793333
2023-05-09,2.3316345998475154,2.9896822428670204,2.71510941266526,2.153473944130345
2023-05-10,2.3353788857431836,2.985682599555325,2.711748229906917,2.1508080407020014
2023-05-11,2.323781538806465,2.9722195137926204,2.7059074915496955,2.146175491528076
2023-05-12,2.3162358792736457,2.974142289480275,2.710187265152087,2.14956997018022
2023-05-15,2.3237280851828936,2.986633637433904,2.718015389011546,2.1557788031223226
2023-05-16,2.3040460410391974,2.9584742560440964,2.699512051946428,2.1411029841430507
2023-05-17,2.3222045949577814,2.984476681303019,2.717545529103512,2.1554061363470454
2023-05-18,2.324778387347563,2.998390872004035,2.7292464157518843,2.1646866295761407
2023-05-19,2.3248942383034064,3.0072978880088352,2.7344399335994236,2.1688058393990968
2023-05-22,2.3239930607083816,3.0053925172475533,2.733731551577608,2.168243990134624
2023-05-23,2.3127563456861604,2.9920143052892434,2.7228264155864514,2.159594642117705
2023-05-24,2.2995785128314563,2.9745624535757273,2.709260503283944,2.1488349141540612
2023-05-25,2.2930775104274943,2.9832096807525743,2.7179731799165068,2.1557453252131276
2023-05-26,2.314398684819583,3.0057822328991413,2.735124483946844,2.1693487867034444
2023-05-30,2.307055899818861,3.000048438376863,2.7306588735706687,2.1658069126467776
2023-05-31,2.2976083543583687,2.976735944236281,2.715490932920622,2.153776544800965
2023-06-01,2.3178253368139536,3.004832536895987,2.7371191440215363,2.1709308402583436
2023-06-02,2.3441611988190463,3.022323810372371,2.758109118826704,2.1875789221441155
2023-06-05,2.339702648212523,3.0130449044318075,2.749526683941449,2.180771811603237
2023-06-06,2.348155235713186,3.0185015748204496,2.753402040725095,2.183845529302738
2023-06-07,2.347622528625635,3.0036859746691387,2.7407862898332147,2.173839416582354
2023-06-08,2.359951972099001,3.0437250974345704,2.771793972612404,2.1984329878842543
2023-06-09,2.3565590060288613,3.0411840378152646,2.768865046358984,2.1961099263009545
2023-06-12,2.3586014059896283,3.0531078220881294,2.7793275471807126,2.204408200692747
2023-06-13,2.3697226384899417,3.0574400211991084,2.786815782705511,2.210347453090806
2023-06-14,2.3705474995067664,3.0720232694291214,2.799030990617422,2.2200358773722466
2023-06-15,2.393840442896439,3.0997901693115537,2.8261094508115883,2.2415130076135896
2023-06-16,2.3933840134149817,3.09905422240107,2.824375935040951,2.240138079212402
2023-06-20,2.376661246310558,3.054201570321054,2.7895390258662993,2.212507378272065
2023-06-21,2.37489324180647,3.0412809659690354,2.783581959738967,2.2077825643736517
2023-06-22,2.3637836436521322,3.0289825849328333,2.775765032699377,2.201582612127013
2023-06-23,2.3516975876383217,3.0111193792691857,2.7576704090028357,2.187230961885009
2023-06-26,2.3552867085579505,3.0216905438839334,2.76531470512928,2.1932939928821114
2023-06-27,2.3643759529945374,3.043169727427931,2.783401361531524,2.207639323908914
2023-06-28,2.365818007020622,3.03584337961799,2.7762042843235877,2.201931002112051
2023-06-29,2.368787177126249,3.036986570020078,2.777612074324929,2.2030475829292193
2023-06-30,2.3884212247671646,3.06751023217152,2.8051618975847505,2.2248985721669543
2023-07-03,2.391841262232864,3.0686374927588496,2.804905669071389,2.2246953459453174
2023-07-05,2.386712461434402,3.0610934703069046,2.795399438334345,2.217155531857671
2023-07-06,2.3643010545887693,3.0300541087171484,2.7669869316760365,2.1946203100759325
2023-07-07,2.3704403940672503,3.0383327239605036,2.772989860564546,2.199381499768536
2023-07-10,2.377911319579662,3.0511743003090737,2.7846743809481933,2.208649012185704
2023-07-11,2.3949483692732514,3.0676371073035833,2.801642856408616,2.2221074642116814
2023-07-12,2.4190517503865787,3.115786617001019,2.840998075306431,2.253321837402924
2023-07-13,2.4382347358269993,3.1592496420873357,2.877805994730683,2.282515834170799
2023-07-14,2.427612901204411,3.155359006341798,2.8730102492061036,2.2787121152555736
2023-07-17,2.429143293649769,3.1685535839489134,2.8845065418725597,2.2878303359047396
2023-07-18,2.443498602904376,3.193808100155628,2.9068344697433663,2.305539607830177
2023-07-19,2.4502176399822604,3.19555611484287,2.908128581665363,2.3065660255103664
2023-07-20,2.442340503469669,3.1590827559597723,2.8785336677424156,2.283092983976734
2023-07-21,2.446735611754211,3.15326338639989,2.874448384561275,2.279852764321518
2023-07-24,2.45480846165602,3.151707846280297,2.874853973888714,2.2801744552429164
2023-07-25,2.4615766726824786,3.1694374531519367,2.888372393129202,2.290896514348315
2023-07-26,2.464346757791125,3.1725689048959524,2.890694537760368,2.292738310459511
2023-07-27,2.4435404681949215,3.1420447984631332,2.8675694765149005,2.2743967966272383
2023-07-28,2.4624422588768997,3.1758214854451525,2.8975471888027946,2.2981734525570063
2023-07-31,2.4717184037811317,3.1884906643150353,2.906539348000223,2.305305533659449
2023-08-01,2.456986957323759,3.1701810378912176,2.8914175560113526,2.293311768367823
2023-08-02,2.4305440939943015,3.1104175226855895,2.838217983255645,2.2511168228404443
2023-08-03,2.4248448921750807,3.105161962113309,2.8320363661636776,2.2462139075921503
2023-08-04,2.4261114575396276,3.0954353632821228,2.8226032251871302,2.2387320642419177
2023-08-07,2.4319268478326097,3.1018257909928155,2.8345311904115387,2.248192663581832
2023-08-08,2.4260469528495983,3.0829684405878854,2.8175588760158234,2.234731166725658
2023-08-09,2.423443967492839,3.0742619091270553,2.808761018754824,2.227753195124454
2023-08-10,2.4185920265530303,3.0767377003248515,2.8111425549535376,2.2296420973274405
2023-08-11,2.4163770718551096,3.0742135679102014,2.806526501403819,2.225980900103616
2023-08-14,2.4155582146168424,3.081908129268274,2.8140711254247925,2.231964876724093
2023-08-15,2.3923610231613437,3.0465661602179503,2.78111327882298,2.2058245438223785
2023-08-16,2.377749386723101,3.022260452027991,2.7587881247950015,2.188117471954967
2023-08-17,2.370296247424853,3.0160610282457547,2.7478477933000223,2.1794402088197558
2023-08-18,2.3754100374745137,3.0238059935908708,2.753432665416719,2.1838698191067314
2023-08-21,2.378400068663675,3.051463551515023,2.776125166918327,2.2018682505816827
2023-08-22,2.3764119283409357,3.0464825948506182,2.7711554348883336,2.1979265352364457
2023-08-23,2.3979534440597337,3.0927565887044333,2.810298465428371,2.2289726124107436
2023-08-24,2.380257866605786,3.0488203517552668,2.7688443247871697,2.1960934911014074
2023-08-25,2.3932602451903477,3.0730838912893383,2.790984319207313,2.2136537046547047
2023-08-28,2.4032409230497684,3.094157852747641,2.81188913717598,2.2302342448687806
2023-08-29,2.4282029047378018,3.1388662626658017,2.851644701048714,2.261766149452361
2023-08-30,2.4310108476025105,3.147189114920159,2.8601195640797976,2.2684879399748272
2023-08-31,2.4293548530829456,3.143074197032186,2.856474514310256,2.265596889003861
2023-09-01,2.4356233039991126,3.1413783700092823,2.857068053560075,2.26606765136185
2023-09-05,2.419451573055905,3.114608942183134,2.83488237192284,2.2484712012461774
2023-09-06,2.4123736320867466,3.0893114486800926,2.8145098918036764,2.2323128818394964
2023-09-07,2.408663643216049,3.0686303366088854,2.797797741231545,2.219057732474396
2023-09-08,2.4117752410003708,3.0669326564777495,2.796195211180674,2.2177866946690172
2023-09-11,2.42118434478592,3.0880750056204818,2.814879612718553,2.232606123928774
2023-09-12,2.419600151811565,3.065531263364745,2.794958905598854,2.216806125766338
2023-09-13,2.4194126987552282,3.0595415121302314,2.790463746954623,2.2132408156650474
2023-09-14,2.4349137503747715,3.07867202401299,2.811826400827096,2.2301844858822584
2023-09-15,2.4217338256334338,3.0591358777862125,2.789892491626644,2.212787727675845
2023-09-18,2.423104528728423,3.0657855628664104,2.7938687636550075,2.215941485740957
2023-09-19,2.417078129264714,3.060929231082874,2.7891770483112266,2.2122202777855877
2023-09-20,2.405765327012726,3.039324695647365,2.7685837030575726,2.195886780424724
2023-09-21,2.3779871164459325,2.9996111626389808,2.728389317751933,2.164006827059949
2023-09-22,2.3796994992069784,3.0016043526573912,2.728195109701824,2.163852792024123
2023-09-25,2.3769315622297484,2.9991757228321037,2.7297604223263012,2.165094311034556
2023-09-26,2.354883246552223,2.955579216401492,2.689736836018992,2.133349825946261
2023-09-27,2.3550605813453904,2.9543149224648033,2.6912183607167077,2.1345248890281514
2023-09-28,2.3599908482655523,2.971838590879439,2.7076726976276566,2.1475755549204285
2023-09-29,2.3505109996691247,2.95908381842392,2.6983744676042654,2.1402007154430582
2023-10-02,2.3273751313205953,2.9233369151300055,2.6700341460060684,2.1177227468406503
2023-10-03,2.308352957077058,2.8971993722793967,2.644476424019049,2.0974517816583127
2023-10-04,2.308255256427223,2.8938107647768914,2.644674958973715,2.0976092485544453
2023-10-05,2.301425222472714,2.88994383600802,2.641861854467665,2.0953780503465076
2023-10-06,2.316772672924311,2.9338390694507686,2.68036117948731,2.1259135760640606
2023-10-09,2.3396801294327294,2.9703049129539605,2.7110954253009845,2.1502902723561172
2023-10-10,2.349102204522267,2.9822481606326874,2.724843720054714,2.1611946559475386
2023-10-11,2.3554638074968812,2.994060516488567,2.7360583409536714,2.170089470199424
2023-10-12,2.3369452037515415,2.9792402223880083,2.721654149423507,2.1586648657242686
2023-10-13,2.3512868031191623,2.9882165520469823,2.7201698193542483,2.157487577577527
2023-10-16,2.3600641106017517,3.008496252575184,2.7409832469489794,2.1739956320243268
2023-10-17,2.361839229281065,3.017423563711767,2.7474042699302395,2.1790884307234526
2023-10-18,2.345118056531201,2.990074625082141,2.716095238337268,2.154255846284348
2023-10-19,2.3325559202378647,2.9764817983518754,2.700514201091094,2.1418978331686915
2023-10-20,2.318000382651835,2.9496304750051285,2.6734047331598614,2.1203961093129893
2023-10-23,2.3098751848889965,2.933769546626622,2.6618310252823187,2.1112164872193078
2023-10-24,2.3200249565926496,2.9407849461625974,2.670894020903064,2.118404751837301
2023-10-25,2.305134714451017,2.910443971625098,2.641839393246194,2.0953602353535032
2023-10-26,2.2971214628595247,2.8805327388388897,2.6154137854690354,2.074400911379131
2023-10-27,2.292667845139578,2.8760099515746704,2.608559110222233,2.0689641637951826
2023-10-30,2.3008864735807144,2.9038433904816885,2.6352678938811893,2.0901480871467335
2023-10-31,2.3043988056270086,2.9083474424873352,2.6429167184802713,2.096214709876746
2023-11-01,2.31961553085905,2.9434356806558215,2.67347065507467,2.094118495166869
2023-11-02,2.3545879643446668,3.001485570459786,2.72564608465794,2.094118495166869
2023-11-03,2.370615977625136,3.0396227466719234,2.7602071131342174,2.094118495166869
2023-11-06,2.3660106557006513,3.048358252561465,2.767514278102383,2.094118495166869
2023-11-07,2.3583600370988274,3.061833730178069,2.7768277189890167,2.094118495166869
2023-11-08,2.353037597564164,3.0599786709447305,2.7746373505853614,2.094118495166869
2023-11-09,2.3371848551718415,3.0353265308871347,2.7539466780929596,2.094118495166869
2023-11-10,2.3552785452352247,3.0820881930461805,2.79373356629357,2.094118495166869
2023-11-13,2.3587053894118943,3.0803923002222695,2.792397728065442,2.094118495166869
2023-11-14,2.4007772952723117,3.155742926916136,2.859813799423943,2.094118495166869
2023-11-15,2.399464074616094,3.162140029015157,2.8658522545567466,2.094118495166869
2023-11-16,2.393761127299049,3.155045767024941,2.8597974064314693,2.094118495166869
2023-11-17,2.4063545418735073,3.16603690005155,2.870549261907184,2.094118495166869
2023-11-20,2.4167923194077354,3.195439740224883,2.8966729691219117,2.094118495166869
2023-11-21,2.4175123250822623,3.1801054929131682,2.883057207057103,2.094118495166869
2023-11-22,2.4202819927241737,3.1884802984815983,2.890233045717831,2.094118495166869
2023-11-24,2.4228726518248123,3.1918561567972326,2.8942076477765086,2.094118495166869
2023-11-27,2.4229480099006535,3.187273242828546,2.8891845270762824,2.094118495166869
2023-11-28,2.4321772068613323,3.197856071177571,2.8983773882819848,2.094118495166869
2023-11-29,2.4372086523481977,3.1939375998994652,2.8949694623661966,2.094118495166869
2023-11-30,2.438460267920357,3.1953550715829944,2.8968932244517713,2.094118495166869
2023-12-01,2.457348321043281,3.208757035689049,2.9142471818244364,2.1061815261268064
2023-12-04,2.4425708067165317,3.174934668673231,2.881995591685738,2.0828726922838876
2023-12-05,2.435249351660303,3.1713871768404776,2.8809443686138994,2.0821129534986693
2023-12-06,2.42811044652356,3.142395708264039,2.86403053721889,2.069889007828457
2023-12-07,2.433949451963261,3.1680816126238778,2.886933811059204,2.086441636771927
2023-12-08,2.4344199556205823,3.1841035487401723,2.894546654814061,2.0919435828586455
2023-12-11,2.4405050583538106,3.1930379060096046,2.9002672967259606,2.0960779989052924
2023-12-12,2.4388418289725506,3.184289829455398,2.9014719386760914,2.0969486164139193
2023-12-13,2.4791704210978227,3.2308754682484824,2.944755627656618,2.128230556628864
2023-12-14,2.5007790829251033,3.256285831710393,2.961605531942663,2.1404083009690185
2023-12-15,2.492998596856178,3.256814325294071,2.9601332998389283,2.1393442909981433
2023-12-18,2.4988769894213356,3.2783435358757425,2.9775000654999633,2.151895580824199
2023-12-19,2.515642069388637,3.3047313103641467,2.998450740437647,2.1670370296308894
2023-12-20,2.4918402961137764,3.2630159607371425,2.961117340870971,2.140055476053263
2023-12-21,2.509529564455379,3.2946253884718066,2.9902823481649063,2.1611335781287995
2023-12-22,2.5111869739565877,3.2929573098927722,2.9917063294403046,2.162162716313954
2023-12-26,2.5246929739347244,3.3195717759644725,3.012222002950682,2.176989781366327
2023-12-27,2.530043316065264,3.315918211960432,3.0140662334323287,2.1783226415967802
2023-12-28,2.5223928670213716,3.2964786205799506,3.0019792614260146,2.169587158448582
2023-12-29,2.513762231597811,3.2822465423967464,2.9907391315997076,2.1614637041516773
2024-01-02,2.505142961029337,3.242045231139951,2.954926128248166,2.135580969658678
2024-01-03,2.4953999359662893,3.2069232008659996,2.9243905534842782,2.11351233256486
2024-01-04,2.4866148848121363,3.1965419616134607,2.915778477832296,2.1072882226976746
2024-01-05,2.4895251204882327,3.199037093441923,2.9180222304716796,2.108909825143665
2024-01-08,2.4997899368306276,3.241639260571294,2.9557874712528163,2.1362034785300485
2024-01-09,2.4935581508784272,3.2360888173017073,2.9504714510921266,2.1323614902715398
2024-01-10,2.4935322796579182,3.253955683065526,2.9663681345706,2.143850323915392
2024-01-11,2.4950101628264827,3.257894694039467,2.969917204120637,2.1464153035670313
2024-01-12,2.50113729146717,3.261338494610832,2.9746984271162056,2.149870783805072
2024-01-16,2.479691965601305,3.2457413857096773,2.9592773997207416,2.138725715803706
2024-01-17,2.4665525605541365,3.221194679935987,2.9369972469614667,2.12262342824432
2024-01-18,2.477424646490214,3.256727149534723,2.9693730051208456,2.1460220006629243
2024-01-19,2.4883057896828453,3.2948752799463383,3.0034611763509513,2.1706581663773745
2024-01-22,2.49216092138768,3.2963837668236473,3.0055385446910536,2.172159519745123
2024-01-23,2.496433933359644,3.3017404745612304,3.0106973521602587,2.175887887419715
2024-01-24,2.4954872351816975,3.3067230591077417,3.0157571665333824,2.179544710912509
2024-01-25,2.512237663829636,3.309623668672842,3.0204318621419683,2.1829232017942966
2024-01-26,2.514168033764011,3.3038563183767944,3.015126868849564,2.1790891828619374
2024-01-29,2.527111043025616,3.3340706123610357,3.04173668514891,2.1983206001050775
2024-01-30,2.530280613679292,3.3250687206428706,3.0338252701318975,2.1926028709233263
2024-01-31,2.508697705660535,3.2802393019312235,2.994050161893592,2.163856648333255
2024-02-01,2.5295357674704784,3.324840348166878,3.034154283417878,2.192840655044421
2024-02-02,2.5206094917688815,3.354989444821654,3.059650079056812,2.211266948498022
2024-02-05,2.505654552967699,3.3395878164795034,3.045798102460441,2.2012558631688246
2024-02-06,2.5194654002279835,3.3493200772899683,3.055724273889412,2.208429694894306
2024-02-07,2.526090433986014,3.376768573794146,3.07944213842671,2.22557104393264
2024-02-08,2.531402854430517,3.3814128929430667,3.0828737153516936,2.228051109443198
2024-02-09,2.535992406246505,3.4046298840510656,3.102704017764228,2.2423828438476354
2024-02-12,2.5432915637178795,3.3991783571674343,3.0987826229989954,2.239548777724935
2024-02-13,2.510685868120454,3.347125557633402,3.052407375913003,2.206032510027651
2024-02-14,2.525069692550468,3.3855673431134434,3.087656022238268,2.2315073730297574
2024-02-15,2.5490170192966315,3.4070850109416955,3.108056227763422,2.2462509871865257
2024-02-16,2.5468965075210055,3.3880144972797064,3.091568602243272,2.2343350685586154
2024-02-20,2.5392379093745583,3.370101547848076,3.076721986695463,2.2236051388576192
2024-02-21,2.543403608642804,3.3716673113155244,3.0785318217458157,2.2249131408597016
2024-02-22,2.5632433941989627,3.4423196923574375,3.140812174715993,2.2699243292326536
2024-02-23,2.565146914304454,3.4408688050941207,3.1407078595106444,2.2698489386618848
2024-02-26,2.5598665935741316,3.4391228838949317,3.138131730225124,2.267987121330837
2024-02-27,2.566025096299939,3.4463765753389337,3.1447046432517345,2.27273748982251
2024-02-28,2.563673332694455,3.4407404385609706,3.1395495796388575,2.269011827903656
2024-02-29,2.5710818537419016,3.4612330936828477,3.156960702313361,2.2815951753818235
2024-03-01,2.591445661926288,3.495158259086715,3.1866047506699937,2.303019489488653
2024-03-04,2.5941363590618765,3.4858173226695683,3.1793999990004593,2.2978124792661347
2024-03-05,2.584177625818986,3.438980991517686,3.139732401017504,2.2691439563698643
2024-03-06,2.600730769738896,3.4548942648796657,3.154862136084344,2.2800785018990535
2024-03-07,2.615131651697629,3.490151560173582,3.1853383373451134,2.302104228639834
2024-03-08,2.6086720027947865,3.4651077065270885,3.164734561249549,2.287213490183749
2024-03-11,2.611337976460212,3.4560196694958205,3.156901147416782,2.281552133932303
2024-03-12,2.6151418527087795,3.492481486542374,3.187790104609123,2.3038761671871284
2024-03-13,2.624627690415541,3.4789016282714935,3.1768715163333447,2.2959850970468696
2024-03-14,2.6152860698851463,3.468201502236676,3.1669406195593144,2.288807850225191
2024-03-15,2.611362011189916,3.4406842448896104,3.1441832114336363,2.2723606411909785
2024-03-18,2.619354457749652,3.4577108248798143,3.15842859244506,2.282656047327432
2024-03-19,2.6283159165854073,3.4791126015027696,3.178231461883616,2.296967955403012
2024-03-20,2.6440801242925827,3.512144974962754,3.205905052562336,2.316968182498582
2024-03-21,2.64737172475284,3.5272375459062797,3.2196629379090576,2.3269112663030573
2024-03-22,2.640961390963342,3.519037755019177,3.212331396139994,2.3216126224789044
2024-03-25,2.6404573115183045,3.5048784700999955,3.200054180804528,2.3127396468805714
2024-03-26,2.635751347121987,3.500255350066817,3.1966632491311793,2.310288956461685
2024-03-27,2.6583531207848203,3.534003203166833,3.2289940341852694,2.3336550259669733
2024-03-28,2.666473687257298,3.5298880941668287,3.2259334549230663,2.331443087480251
2024-04-01,2.660389909180962,3.518445543078656,3.2134033254588346,2.32238732606024
2024-04-02,2.6591523127778864,3.489569268051186,3.188788925278813,2.304598033765755
2024-04-03,2.6683841215610076,3.4961932668510194,3.194597247061485,2.308795817712416
2024-04-04,2.6553518660827105,3.452421728472002,3.1558367628809725,2.2807828831082833
2024-04-05,2.6690728443612857,3.488447095878779,3.1890129671554064,2.3047599530650182
2024-04-08,2.6736028910450598,3.495294528801556,3.1952137111088956,2.309241347932459
2024-04-09,2.6796932949439496,3.4991088907410104,3.196203214021199,2.3099564803916888
2024-04-10,2.6547893709808457,3.4583331711065064,3.1590141570459194,2.283079245933363
2024-04-11,2.6633359887183072,3.4846129191560564,3.177504277911468,2.2964424058004305
2024-04-12,2.6393064190061244,3.4345747359638743,3.1329773824949707,2.2642619767939602
2024-04-15,2.6265842424883132,3.3906273217501663,3.0961576329498546,2.2376516477964077
2024-04-16,2.614024398538275,3.3819851787449893,3.0871676922334266,2.2311544477043888
2024-04-17,2.6077704382361144,3.359414696377698,3.0696680180056806,2.218507102344809
2024-04-18,2.605177989898511,3.3452325160416145,3.059528372550515,2.2111789889053117
2024-04-19,2.6074815708603793,3.319143873194017,3.0423996630150656,2.1987997467411757
2024-04-22,2.612835477961948,3.3480792553055387,3.0695795056888224,2.218443132820273
2024-04-23,2.629240130551874,3.3892638681674083,3.1059511058976863,2.244729575821179
2024-04-24,2.6282794291983738,3.39425487374235,3.1080243945092136,2.246227980691968
2024-04-25,2.6275559661119474,3.3870447654507028,3.1011013771124207,2.2412245851539643
2024-04-26,2.6357804155274906,3.412652081409351,3.121528008581196,2.2559872978397157
2024-04-29,2.6465361403999714,3.435614124597849,3.140227283394456,2.2695016172184173
2024-04-30,2.6122431600221367,3.374493683295367,3.087224303285309,2.2311953615816993
2024-05-01,2.6080800757343443,3.3579302754172393,3.0739513270609304,2.2216027307661466
2024-05-02,2.62416712447238,3.3900480253626157,3.1009321575866107,2.241102287003916
2024-05-03,2.6393460482122277,3.4331487905814995,3.136325640863568,2.266681826408853
2024-05-06,2.6596408923478716,3.4712762425596497,3.171171384629915,2.291865504115589
2024-05-07,2.6636669075605086,3.469522771383583,3.1714028776439274,2.2920328084927126
2024-05-08,2.6617171087372804,3.470813707666386,3.1730408704856163,2.2932166168822716
2024-05-09,2.681516915128101,3.489279051698468,3.1916215596718303,2.306645232186691
2024-05-10,2.6792094212368,3.493089629952174,3.195516668742466,2.309460301141029
2024-05-13,2.680468431476905,3.4916855916726766,3.192550084866614,2.3073162948968116
2024-05-14,2.6890131437230673,3.508699997570817,3.2069190786974637,2.3177010383545094
2024-05-15,2.714648205428315,3.5472917699443443,3.2402123837751517,2.3417627392753047
2024-05-16,2.7107356184931475,3.535467469243029,3.2298360811255185,2.33426358920785
2024-05-17,2.7255471731678833,3.5427287051552843,3.2375486634736066,2.3398376182612486
2024-05-20,2.725241046240767,3.5431430477127526,3.234870652298845,2.3379021689629798
2024-05-21,2.7280492484467733,3.552383010376783,3.243023831369386,2.3437946255962663
2024-05-22,2.7091106238147034,3.5430569960016345,3.234293099404104,2.3374847605685063
2024-05-23,2.684389730461437,3.5065828322738883,3.2003063845868436,2.312921919321443
2024-05-24,2.6979991780074633,3.533297090580428,3.2236564567782313,2.329797457879034
2024-05-28,2.703209230017738,3.5232790150625326,3.2111531672332028,2.320761094175984
2024-05-29,2.679480528654987,3.494428944863064,3.1838505287949825,2.3010289612767085
2024-05-30,2.6787018829408114,3.48161139076639,3.1765748362827226,2.2957706807661626
2024-05-31,2.6910991485554847,3.5055003990619698,3.2016706197729143,2.3139078778784645
2024-06-03,2.6853512739493577,3.457341912114132,3.1639218616084186,2.2866261367906975
2024-06-04,2.6768106836242525,3.444040376765179,3.1532838403953516,2.2789378377702003
2024-06-05,2.6963962469813803,3.4763038255348286,3.182273897467913,2.299889500013677
2024-06-06,2.7049401183168924,3.4864429264434458,3.1877656766671416,2.3038585126516997
2024-06-07,2.6808266528352123,3.4842952271686025,3.1868953233240265,2.3032294918383984
2024-06-10,2.693075722733639,3.5117923509536575,3.2065239666087084,2.3174154833791873
2024-06-11,2.691708292432875,3.50644798659448,3.2001318600312616,2.3127957871260976
2024-06-12,2.7046686663589763,3.521259443480919,3.2141875601051795,2.3229541072634894
2024-06-13,2.7019143191089103,3.514196704379191,3.2080233660847064,2.3184991277235403
2024-06-14,2.7011081425494496,3.5081052923978167,3.200798835061929,2.3132778225885455
2024-06-17,2.711741590541018,3.5462347105103285,3.2337163897239987,2.337067961581188
2024-06-18,2.7208658020721828,3.5640146165599553,3.249144659480615,2.34821826377386
2024-06-20,2.7279808489598962,3.5778853301117666,3.2598609900892175,2.3559631584747875
2024-06-21,2.7183561378826964,3.5627884011103985,3.24749896712875,2.3470288908027532
2024-06-24,2.7265684902906786,3.5856234594646166,3.2662359498862292,2.3605704624255326
2024-06-25,2.719639419971243,3.580582151233207,3.261447411262008,2.357109695044378
2024-06-26,2.712645228865982,3.5701819758844264,3.2521505181736887,2.3503906546708926
2024-06-27,2.719757404717881,3.5827860235045224,3.2611699144454267,2.356909142849531
2024-06-28,2.7130553627972382,3.579458161481143,3.258740593209555,2.355153426471067
2024-07-01,2.7120214633265785,3.6076501690953178,3.2800293267118557,2.370539196592705
2024-07-02,2.7230821565173176,3.6234641371727956,3.2979765732037447,2.3835100108880103
2024-07-03,2.739729961232067,3.6622415658936576,3.323274853771329,2.4017935564659325
2024-07-05,2.750977925593544,3.6928895905421797,3.3452947034984413,2.417707718103484
2024-07-08,2.7465693521602756,3.674991651341942,3.332926763947225,2.4087691743994744
2024-07-09,2.7429506386980127,3.67562625145622,3.33673916779701,2.4115244707273322
2024-07-10,2.7601344715141347,3.7018179047954285,3.361214713719707,2.429213410425296
2024-07-11,2.7728113586577194,3.7035611574012854,3.3574632889918776,2.4265021848615596
2024-07-12,2.781809657767031,3.6970452807595393,3.3595421579743046,2.428004622771883
2024-07-15,2.779413157508097,3.7078410593105464,3.3751047836139882,2.4392520265009687
2024-07-16,2.803817852539558,3.7299865863053427,3.3938687540082477,2.452813102598995
2024-07-17,2.7883834299236656,3.6812292415526007,3.3577887599758514,2.4267374088940343
2024-07-18,2.7686156310932826,3.6511436672288573,3.332029027889165,2.4081203635804695
2024-07-19,2.7479906790882183,3.5932497047896583,3.283207969076174,2.3728364615150657
2024-07-22,2.7613889859229888,3.6156317636525195,3.307336631254723,2.390274701774013
2024-07-23,2.754998948477653,3.6077150453671187,3.3009447590975185,2.3856551749408634
2024-07-24,2.7261141460746807,3.5467942582225516,3.2409309419801486,2.342282054872913
2024-07-25,2.721544275301097,3.5091123391657923,3.217058824190084,2.325029224092965
2024-07-26,2.7408597990427728,3.5292792319233732,3.241520314289617,2.342708005381832
2024-07-29,2.7389414902403897,3.5181769460296755,3.232744290667375,2.336365407217442
2024-07-30,2.7388164896950054,3.5113071803340987,3.225428891889139,2.33107843023791
2024-07-31,2.7738130851061342,3.601008256994251,3.2992285794523295,2.384414859470455
2024-08-01,2.747124488136426,3.5356284234877595,3.2423115993819374,2.3432798820756617
2024-08-02,2.716832550118115,3.4787277512635573,3.1844298000092195,2.3014476115331624
2024-08-05,2.667385648188747,3.37479115085305,3.09442081051772,2.2363964133936634
2024-08-06,2.6733288233648116,3.392608718038649,3.117014818551448,2.2527255300926825
2024-08-07,2.6673508125056924,3.3667275171488464,3.097962835070427,2.238956301492561
2024-08-08,2.7054953404829973,3.4513544893114387,3.170866243498603,2.2916449728519255
2024-08-09,2.7142882133478685,3.4631149299734485,3.183064065121021,2.300460569113065
2024-08-12,2.722835029325812,3.487590379616705,3.197175971388473,2.310659510528986
2024-08-13,2.742869862459658,3.5317692451534484,3.239619930265202,2.3413345619245534
2024-08-14,2.7429499953912195,3.5327210971867724,3.2467114172606983,2.3464597136261096
2024-08-15,2.7720779117659373,3.5990461241838125,3.300688047956046,2.3854696449463275
2024-08-16,2.78057322287244,3.6332347153329043,3.326767753514551,2.4043179411364135
2024-08-19,2.793517758941493,3.6684546407856717,3.355445611088149,2.425043970900503
2024-08-20,2.7871865227383146,3.6652414167324165,3.351402818228225,2.4221221680799894
2024-08-21,2.7954339581893515,3.673815047023346,3.357959796680936,2.426861020353895
2024-08-22,2.780892051084855,3.6286530306277713,3.3264385876217206,2.404080046723464
2024-08-23,2.813744472720509,3.6822017993423075,3.367971758797115,2.4340968546307176
2024-08-26,2.8168236998761342,3.6736793811437956,3.360992838319949,2.429053056879796
2024-08-27,2.8139831089318683,3.685772572602898,3.372019180495726,2.437022002800449
2024-08-28,2.799400038234046,3.6489080380120944,3.3474221911345405,2.419245293633853
2024-08-29,2.8081504587064336,3.6538843801722183,3.3539630883961307,2.423972523726954
2024-08-30,2.812297236560079,3.6660411679638383,3.373105138150263,2.437806844925169
2024-09-03,2.7745465162896608,3.597565814467848,3.32071980647183,2.3999469754846956
2024-09-04,2.773034129933098,3.599381307831571,3.3243028256499088,2.402536491174268
2024-09-05,2.772814776689824,3.59448219519537,3.3183875406295336,2.3982614028738003
2024-09-06,2.740893806558559,3.5338757890229533,3.2668910271205998,2.3610438991256952
2024-09-09,2.762527340802175,3.5749195508800615,3.303687869422013,2.38763767262521
2024-09-10,2.7611609302564744,3.5912566813083835,3.3144175163026466,2.3953921912476512
2024-09-11,2.7728730796338183,3.628911443386873,3.339952690146402,2.4138469440742405
2024-09-12,2.796969397544745,3.6582689643017816,3.3654713810690624,2.4322897843821787
2024-09-13,2.814830459705117,3.683672199250625,3.3899486316409133,2.4499799560623083
2024-09-16,2.8270256251807595,3.6921659894714707,3.40169590628212,2.458469933503466
2024-09-17,2.829270267358914,3.6909429124726776,3.401399214064109,2.4582555084291564
2024-09-18,2.815344871491649,3.6695311189831625,3.3825560880902064,2.4446372250974493
2024-09-19,2.8498480914391995,3.726282176578723,3.427342063566412,2.477004896160444
2024-09-20,2.8502398823290607,3.7448832491804387,3.4492221368013087,2.4928180386848853
2024-09-23,2.854851350947709,3.7546298049662643,3.4593970825638722,2.5001716643238185
2024-09-24,2.873468189848764,3.7627896719457663,3.4633053454755376,2.5029962398077155
2024-09-25,2.8575521455205157,3.762461037490069,3.462058306590915,2.502094981233105
2024-09-26,2.865785929013915,3.780071978465542,3.4743509028159294,2.510979072891059
2024-09-27,2.870150132582145,3.7728488760800802,3.4720001090903483,2.5092801098286825
2024-09-30,2.86676870354572,3.779070080254527,3.4780545912363308,2.5136557985230605
2024-10-01,2.870973243731064,3.7576484044341987,3.467681537935477,2.506158996821391
2024-10-02,2.875237030425992,3.764562170540452,3.472228203128719,2.5094449577018594
2024-10-03,2.872820363889266,3.7615458566174715,3.467849525383279,2.506280404525373
2024-10-04,2.8850256386432154,3.790042044181011,3.491040561080815,2.5230410044026006
2024-10-07,2.87458284840165,3.7488029852963183,3.4507385541352473,2.4939139821568594
2024-10-08,2.864706395664392,3.7750273467718936,3.4683941117553356,2.5066739873907387
2024-10-09,2.86868967296272,3.788392490793133,3.475943536821559,2.5121300995923828
2024-10-10,2.874779613649811,3.787188158636319,3.4749296480292338,2.511397342996696
2024-10-11,2.8906412777901545,3.8176557063827623,3.5066761070503176,2.5343411090324546
2024-10-14,2.8949581687765313,3.8474555097881056,3.532406403528035,2.552936880674998
2024-10-15,2.8772746306265846,3.8262766311400136,3.5214195013678196,2.5449964387991235
2024-10-16,2.8907774365402976,3.8548400822122626,3.5519979767650236,2.5670960809915866
2024-10-17,2.8868914488907356,3.857202209878879,3.5526368145686007,2.5675577811481407
2024-10-18,2.8988238983945673,3.876849043337608,3.571062521882155,2.5808743881235765
2024-10-21,2.887008229482855,3.872243845911696,3.563860325960259,2.5756692249881876
2024-10-22,2.892290104710151,3.875376313988305,3.5671148901654863,2.578021360060118
2024-10-23,2.87385232770385,3.848186444869048,3.5479583694273646,2.5641765804082293
2024-10-24,2.8773854573903717,3.8579947730205353,3.5548809625604942,2.5691796693228635
2024-10-25,2.8740408100572843,3.8497261082551777,3.5417360855816833,2.559679618253534
2024-10-28,2.8721377766126306,3.8646530939156656,3.558084137121081,2.571494664127197
2024-10-29,2.868567184472959,3.8698631057368393,3.5550122527132646,2.5692745551980396
2024-10-30,2.8659810705539623,3.8576739142364613,3.549393417070822,2.5652137164667668
2024-10-31,2.8450677610720643,3.796039718303995,3.5026616347476005,2.531439774013975
2024-11-01,2.8407610824778415,3.7840658354443892,3.4929056730171113,2.524388956055049
2024-11-04,2.850293810325621,3.7697105076846316,3.4771266483194827,2.5129851566362094
2024-11-05,2.87278892832187,3.813659065488446,3.520571171808087,2.5443833349903864
2024-11-06,2.8907355208890455,3.8754945193210837,3.6005846847553196,2.6022106132875096
2024-11-07,2.909931465927445,3.892963003896492,3.6064643483764915,2.6064599573294243
2024-11-08,2.91054355495631,3.9077585980261462,3.630884750357512,2.624109043458356
2024-11-11,2.904051810603015,3.912456210110638,3.6435349252106914,2.6332515639501697
2024-11-12,2.8828569001576385,3.896546610356764,3.6250967347126744,2.6199259351413535
2024-11-13,2.8777963336333823,3.885989524207442,3.620688613802769,2.6167401028333463
2024-11-14,2.8686805252091294,3.867165351560283,3.598096114019208,2.600412076175233
2024-11-15,2.8508862861217423,3.8471793454481875,3.584142922802223,2.5903278411264647
2024-11-18,2.87340327402089,3.8797348642402807,3.606008143587281,2.6061302495046523
2024-11-19,2.8782678746443717,3.888582042031711,3.6123440225815022,2.610709309020479
2024-11-20,2.8782444831865583,3.878398461764011,3.6071678563585645,2.606968395846433
2024-11-21,2.895852508408218,3.9103715710576608,3.6419941073999884,2.6321379857923968
2024-11-22,2.911502243343469,3.9362836099287772,3.6641935424527974,2.6481819371395185
2024-11-25,2.911650831403087,3.9297589383475056,3.669061188587269,2.6516998770136953
2024-11-26,2.91333638542369,3.953218220715069,3.690596979778858,2.667264200397497
2024-11-27,2.910697999424755,3.936596813166154,3.6791698188900854,2.6590055752163124
2024-11-29,2.9259689011367094,3.9626445660618486,3.6988873471970494,2.6732558056428926
2024-12-02,2.921713044143786,3.928052546129943,3.667316724468049,2.6504391198192447
2024-12-03,2.9238896288551057,3.926553149031024,3.660414091912379,2.6454504567912536
2024-12-04,2.9274711780024467,3.9386982389487417,3.6709649740458126,2.6530757787517154
2024-12-05,2.922365857078229,3.929490151910174,3.660613273543786,2.645594409121389
2024-12-06,2.9184470971518324,3.9139461739798986,3.649435710983996,2.637516173370701
2024-12-09,2.9184739470184726,3.911136154270485,3.6377978083145934,2.629105241121017
2024-12-10,2.9110763129203066,3.9114722819693615,3.637343496408026,2.6287769013183127
2024-12-11,2.9210313901222835,3.91957328999097,3.6459565512527177,2.6350017188665795
2024-12-12,2.90224049646392,3.8803169162317275,3.616297161376612,2.6135663171536274
2024-12-13,2.896143912259287,3.8602541425911947,3.6018636930558317,2.6031349767632994
2024-12-16,2.8936550445006604,3.8599697824329744,3.6020402682485266,2.6032625909928493
2024-12-17,2.8843928087806314,3.8419616565184938,3.5836631124114424,2.5899810730872237
2024-12-18,2.8237389814592877,3.736119441916688,3.4867907155381674,2.5199695606943786
2024-12-19,2.8149074819850015,3.7334101196970297,3.487622062619729,2.5205703909451223
2024-12-20,2.836399098046663,3.783220592427075,3.5331918637258544,2.553504547607464
2024-12-23,2.8407310321016697,3.7891851977789437,3.5391467360968187,2.55780824643452
2024-12-24,2.859026350155183,3.8140202448047766,3.564697614060257,2.576274348925258
2024-12-26,2.8607681945840167,3.8217117984600883,3.5706892406350295,2.5806046107101683
2024-12-27,2.844915263284426,3.7904627416120955,3.5428339086826997,2.5604730357607166
2024-12-30,2.8320504766579906,3.758347390511606,3.513430758678477,2.5392228234468592
2024-12-31,2.832534852152609,3.7569135807213967,3.5124177579097626,2.5384907086426227
2025-01-02,2.8389170753147233,3.7792089717271105,3.527409078682171,2.54932521954479
2025-01-03,2.854864028095627,3.8017666230755265,3.5506928929251274,2.5661528722305795
2025-01-06,2.856412147198567,3.8003320295564436,3.5479898032060473,2.5641992981942736
2025-01-07,2.847475300127998,3.7951941753891387,3.5403020587277827,2.558643219938905
2025-01-08,2.8497123523665078,3.8055144191495462,3.5498058981460576,2.565511824336942
2025-01-10,2.835784174358814,3.7807476764528434,3.52249520769153,2.545773872093274
2025-01-13,2.8412344054830125,3.7651991877793507,3.5141539309739636,2.5397454737348855
2025-01-14,2.850670675543746,3.7983595721127275,3.543582192569127,2.5610138346701983
2025-01-15,2.8906759686202586,3.8617298459630947,3.598781364923759,2.6009073199572055
2025-01-16,2.897060796298891,3.895136614211731,3.6297040047687257,2.6232556963017846
2025-01-17,2.906651724296146,3.8985221134606625,3.6386140932050166,2.629695185641506
2025-01-21,2.927399826280374,3.953404591061338,3.6892744366621923,2.6663083734871385
2025-01-22,2.921585949476609,3.941818735230877,3.679550635692483,2.659280798717961
2025-01-23,2.9261139261356774,3.951451683311891,3.6926365446177583,2.668738232460331
2025-01-24,2.9271439848754692,3.9627994264389366,3.701133500428806,2.6748791430423706
2025-01-27,2.910658032877889,3.9190725561268027,3.659443470026311,2.6447489700065923
2025-01-28,2.914373538231962,3.9199213268346984,3.6601346931601113,2.645248530031535
2025-01-29,2.9106485431665026,3.9218669022581456,3.657335995234932,2.6432258581374057
2025-01-30,2.933568351497282,3.979262463987008,3.706248084564927,2.678575549678192
2025-01-31,2.918148583552815,3.95979195867787,3.688718579828353,2.6659066452459976
2025-02-03,2.913696910321611,3.9512362475619445,3.680382995238674,2.659882360696031
2025-02-04,2.928353120495888,3.978855055746994,3.703622530690447,2.676678012262433
2025-02-05,2.9386708400268606,3.995075618431877,3.7196615470468353,2.6882697125676636
2025-02-06,2.9384040276486068,4.0048866932889,3.7283930516524673,2.6945801359972092
2025-02-07,2.9238203387357222,3.971573459970055,3.6995461019388527,2.673731900147192
2025-02-10,2.9438926222468793,3.9988969777710675,3.726214718987297,2.693005813803212
2025-02-11,2.9445443906920317,3.9878046670763014,3.7170726124360067,2.6863986405859572
2025-02-12,2.9320595170807056,3.993071126863913,3.7202265781614474,2.688678071234939
2025-02-13,2.9543966939733783,4.027842203584599,3.7529477764878862,2.7123262997921107
2025-02-14,2.951535676134443,4.015473196630404,3.7405181608104447,2.703343181585818
2025-02-18,2.967375290962565,4.050957400514148,3.772892188636129,2.726740503459553
2025-02-19,2.970847506326773,4.05268488660523,3.77533531095911,2.7285061941445514
2025-02-20,2.9686333270211716,4.037079412105259,3.760070083066445,2.7174737253889263
2025-02-21,2.9402973022758547,3.988495162394655,3.71685946737219,2.6862445966192694
2025-02-24,2.93574358614847,3.977961057853318,3.7082092247399574,2.679992902753989
2025-02-25,2.9296145920465184,3.9402024200195367,3.674536240115813,2.655656800247912
2025-02-26,2.9296127686433207,3.943905667179903,3.6778609589732367,2.6580596374131136
2025-02-27,2.9068840564194995,3.8829239564555276,3.621432283040593,2.617277566649052
2025-02-28,2.927671976785581,3.9209509274169165,3.657464755716757,2.643318915771571
2025-03-03,2.905424107800994,3.910318331107349,3.6459405181521802,2.6349901314417483
2025-03-04,2.8855568622394574,3.868918423370512,3.6060366696649515,2.6061508658402115
2025-03-05,2.900901438562426,3.9033294677001056,3.6346141864571293,2.626804377424834
2025-03-06,2.875885551281987,3.845963339059333,3.581462646107717,2.5883907544942515
2025-03-07,2.888362028288051,3.8550852362436374,3.590419214113572,2.5948638354974976
2025-03-10,2.8524998286410534,3.791670464733017,3.531940150159758,2.552599910552187
2025-03-11,2.8445559536013234,3.794799837739287,3.5319461246528494,2.5526042284312793
2025-03-12,2.84952495622831,3.8090345042945284,3.5445883157650946,2.5617409789226038
2025-03-13,2.8374281512237265,3.8050245161653886,3.541217745872768,2.5593050043477588
2025-03-14,2.870345458630558,3.858347791097494,3.5917800066095635,2.5958473059573213
2025-03-17,2.8914705825675693,3.880140226242316,3.6134761796116,2.6115275403072205
2025-03-18,2.879904428819284,3.864735317951757,3.601163389243251,2.6026288539601503
2025-03-19,2.8991456800008897,3.894127340656107,3.629149270975926,2.6228547797036312
2025-03-20,2.8951077530115485,3.8881435378022347,3.6245053981159385,2.619498565004896
2025-03-21,2.8857603607620375,3.868761439624345,3.607427000281031,2.6071556840577803
2025-03-24,2.9092128054028996,3.911485752440552,3.646017600286943,2.6350458401576193
2025-03-25,2.9112240088076335,3.9278294027427427,3.658973590982945,2.6444093795398573
2025-03-26,2.900708561265777,3.9122444432512617,3.6443074541127363,2.6338098851907397
2025-03-27,2.902392007520824,3.9350780481875,3.6628485196039717,2.647209863701794
2025-03-28,2.8779021864946626,3.8917997479545976,3.62466514047336,2.619614013826203
2025-03-31,2.8961693460912366,3.9217890416390904,3.65518920772598,2.641674334224102
2025-04-01,2.9005466409844853,3.9245542017811954,3.6557335472447763,2.6390326598898777
2025-04-02,2.914335421881095,3.9543231183015797,3.6809712453017984,2.6390326598898777
2025-04-03,2.821736283673171,3.798586338783926,3.5506898708887107,2.6390326598898777
2025-04-04,2.702534233489602,3.5959355833577704,3.3681203982815666,2.6390326598898777
2025-04-07,2.672409183965879,3.568092030160215,3.337593358613035,2.6390326598898777
2025-04-08,2.636609468380086,3.5417723206705976,3.3183531412301885,2.6390326598898777
2025-04-09,2.787270298651513,3.786490348050988,3.532587207996729,2.6390326598898777
2025-04-10,2.7247210302171587,3.732980536753937,3.4959327936375795,2.6390326598898777
2025-04-11,2.7633950419242175,3.8002545341277565,3.5588648099866154,2.6390326598898777
2025-04-14,2.783329577765671,3.82477657853478,3.5798640941195448,2.6390326598898777
2025-04-15,2.783194625073407,3.826423849128113,3.583329975505802,2.6390326598898777
2025-04-16,2.7701218421284435,3.8040730927107655,3.574697624065613,2.6390326598898777
2025-04-17,2.7828594168409344,3.808834488336531,3.578364934358988,2.6390326598898777
2025-04-21,2.748284340142824,3.77234335113488,3.5552121627814475,2.6390326598898777
2025-04-22,2.7871980250224637,3.8316349658066504,3.6037375560287397,2.6390326598898777
2025-04-23,2.8059234379598124,3.8783063061990104,3.634751778765816,2.6390326598898777
2025-04-24,2.8397159775153313,3.9269438692133813,3.678649712681278,2.6390326598898777
2025-04-25,2.8446774113022175,3.92286709268964,3.669777954132844,2.6390326598898777
2025-04-28,2.849044182230199,3.941303843225036,3.6904247012011444,2.6390326598898777
2025-04-29,2.8534067043190063,3.9479748780116335,3.6941306522455406,2.6390326598898777
2025-04-30,2.8425040305228504,3.929810090661833,3.6768311365780333,2.6390326598898777
2025-05-01,2.842621217768705,3.9202841212202983,3.6622968483342477,2.6390326598898777
2025-05-02,2.86608634194968,3.953924616290356,3.6899068503014263,2.6390326598898777
2025-05-05,2.8584648057471567,3.9650835503332447,3.70887244079156,2.6390326598898777
2025-05-06,2.8604009703670576,3.9932135347357707,3.7453693495207965,2.6390326598898777
2025-05-07,2.858187023541049,3.9809725551582296,3.729467309863601,2.6390326598898777
2025-05-08,2.869039598659755,3.9798457121844324,3.7195213476994287,2.6390326598898777
2025-05-09,2.875246622649387,3.9958212309465604,3.735348748452274,2.6390326598898777
2025-05-12,2.916729033281609,4.037862546752426,3.7540700448661797,2.6390326598898777
2025-05-13,2.92730194639615,4.062737295029659,3.7743407134364,2.6390326598898777
2025-05-14,2.9122473609701025,4.031752696493499,3.740169371744143,2.6390326598898777
2025-05-15,2.92862807141042,4.071345196505726,3.782863119741552,2.6390326598898777
2025-05-16,2.9401286037110568,4.08082913865499,3.788900107703149,2.6390326598898777
2025-05-19,2.943481267317949,4.094817829714704,3.8055444994798733,2.6390326598898777
2025-05-20,2.946054835584494,4.116434172112842,3.8312910237031357,2.6390326598898777
2025-05-21,2.9126344497418213,4.078130476833663,3.800898521416986,2.6390326598898777
2025-05-22,2.907004075472624,4.0540912909203115,3.773874849703823,2.6390326598898777
2025-05-23,2.9103052570694103,4.073336237656687,3.800776239891901,2.6390326598898777
2025-05-27,2.9373026305029364,4.1081306123800765,3.8221565944164593,2.6390326598898777
2025-05-28,2.921833950848735,4.07654464896049,3.792910206268542,2.6390326598898777
2025-05-29,2.9303783696172667,4.099005147609248,3.8150995277444797,2.6390326598898777
2025-05-30,2.9270254913962486,4.091736013667067,3.8097444066188517,2.6390326598898777
2025-06-02,2.9491311787694214,4.110714406462736,3.828718362126628,2.651466853732857
2025-06-03,2.959516109346681,4.116092135504923,3.831269428656233,2.6532335202006294
2025-06-04,2.9587647009546916,4.098389262786584,3.812362796576077,2.6401402854586484
2025-06-05,2.955790559434751,4.067692072819361,3.786678128270152,2.6223531200886536
2025-06-06,2.971075887157181,4.086725109272999,3.8002614956582805,2.631759883654228
2025-06-09,2.9790492761254117,4.085786876494669,3.7974977422708647,2.6298459271273877
2025-06-10,2.9888365132911003,4.095082727685407,3.8048362922662005,2.6349280251630045
2025-06-11,2.995046324583087,4.090998306119839,3.802307697617793,2.633176920938913
2025-06-12,3.0053419006198383,4.10673834036154,3.821683716146433,2.6465952155291337
2025-06-13,2.999060989851437,4.0774017303831265,3.796292355327168,2.6290111716753417
2025-06-16,3.0053730388910265,4.086294824016957,3.7999373931759037,2.6315354359649605
2025-06-17,3.0043000712333976,4.054454734628185,3.772264285661557,2.612371235213114
2025-06-18,3.002478853426304,4.050182990612996,3.7682394438242066,2.6095839487861947
2025-06-20,3.0008598630695142,4.06013837561291,3.778852954587136,2.6169340250592414
2025-06-23,3.003129924636209,4.109724411099035,3.8227115854508984,2.6473070363352074
2025-06-24,3.0098598561653787,4.121077752499123,3.8293351007030902,2.651893957985048
2025-06-25,3.0032916725960344,4.08836629311989,3.798035630390704,2.6302184258034145
2025-06-26,3.021997136191563,4.111386980039408,3.816476282535807,2.64298895977834
2025-06-27,3.0199966624659993,4.123797014069938,3.8236083543338717,2.6479280673810486
2025-06-30,3.0297349286599258,4.143552735975148,3.8441426850692855,2.6621485171919077
2025-07-01,3.041344413278566,4.1580908791738,3.857704122843602,2.6715400940452096
2025-07-02,3.056597462697513,4.172447831449222,3.8673521558041015,2.678221556921021
2025-07-03,3.06492445834285,4.195813581230035,3.888226909343354,2.69267775658216
2025-07-07,3.0496656035618757,4.17809863181942,3.8747511290871897,2.6833454993362755
2025-07-08,3.0524276886238484,4.151763823149266,3.848405680979015,2.665100730252042
2025-07-09,3.0624194061077543,4.166764492965828,3.863882178960063,2.6758185260070215
2025-07-10,3.0702868070696816,4.205450443104966,3.89821012704062,2.6995913418381927
2025-07-11,3.069658613919608,4.228109670061311,3.917526364753362,2.712968236973857
2025-07-14,3.066089813814832,4.231986308819443,3.921489299702755,2.7157126515972347
2025-07-15,3.045252945410079,4.187338162811606,3.8813818173012917,2.6879373884109694
2025-07-16,3.053503116232239,4.202821722353138,3.895276741509408,2.697559911534474
2025-07-17,3.068144346345275,4.224689265784162,3.9147088187280947,2.711017027929922
2025-07-18,3.068330933177904,4.242564256769703,3.9338973150165106,2.724305459480539
2025-07-21,3.074298423852816,4.268418431058594,3.957798788190087,2.7408577252470714
2025-07-22,3.0871477132527803,4.304174019930392,3.991804663425801,2.764407498955052
2025-07-23,3.100364246365072,4.311273215842159,3.994265911895418,2.766111964553917
2025-07-24,3.0932868925830865,4.288399045118313,3.9753552841684225,2.753015962743651
2025-07-25,3.0943617754710875,4.285639943155023,3.972248561118866,2.7508644926143484
2025-07-28,3.09233968678403,4.270001611324796,3.954464109652728,2.738548391215839
2025-07-29,3.1009123102388587,4.263904679534636,3.9531291094159084,2.737623875870791
2025-07-30,3.0865783414250805,4.224015609441881,3.919979485532605,2.714667073978612
2025-07-31,3.070274647812789,4.218557958529133,3.918237451947077,2.7134606795998018
2025-08-01,3.0509977586754253,4.18279357977873,3.874388756727248,2.6830945489632736
2025-08-04,3.0744287850826924,4.229346647385957,3.9182809549540263,2.713490806334143
2025-08-05,3.070165293267874,4.229408130621072,3.9139908727500288,2.7105198354535975
2025-08-06,3.070947862076118,4.255403548830954,3.9387458867700578,2.727663195954353
2025-08-07,3.0741386300104163,4.2630794261511324,3.9407353885638803,2.729040967198627
2025-08-08,3.081688133974277,4.280446498110697,3.958419129431558,2.7412873244194813
2025-08-11,3.074948325538054,4.253019568420574,3.938111649310257,2.727223973362612
2025-08-12,3.0930730647579314,4.289545979819759,3.974553413347554,2.752460650573515
2025-08-13,3.111666924445638,4.320965705254815,3.9997434895146196,2.7699053006320487
2025-08-14,3.10280594400457,4.3017763664383155,3.9851573157669318,2.759804072869424
2025-08-15,3.097297386290014,4.286613784619809,3.9684483906816883,2.748232795790579
2025-08-18,3.09741367727407,4.292465456086016,3.974112533608751,2.752155332212811
2025-08-19,3.0912220144952287,4.267346657201137,3.9551268678033344,2.739007364977334
2025-08-20,3.098548329020376,4.278051305850061,3.9608741573473343,2.7429874821558293
2025-08-21,3.094206234220193,4.266935374189567,3.948706951892768,2.734561440093174
2025-08-22,3.1328355684661897,4.345466799168508,4.019658898172809,2.7836971340711636
2025-08-25,3.120325726862608,4.32218355624607,3.9977385183841134,2.768516816551366
2025-08-26,3.1233819412545367,4.346578326619026,4.022420446652336,2.7856095636535723
2025-08-27,3.128640820943546,4.350078561369491,4.026053531574772,2.7881255502938864
2025-08-28,3.13701671247789,4.374440319901652,4.0452962694677,2.801451545280321
2025-08-29,3.1322297869678475,4.374479692107415,4.0381229897458475,2.7964839003359483
2025-09-02,3.1331284070159935,4.383730032527859,4.036625625118526,2.7954469442838743
2025-09-03,3.1311393200149342,4.402562230742065,4.052340253462045,2.8063296502524664
2025-09-04,3.14226735301444,4.423212633779668,4.07636699546217,2.8229686672788157
2025-09-05,3.142918491720398,4.437439670626678,4.086901601351642,2.8302641002909112
2025-09-08,3.1529163786750565,4.46550385900194,4.1114758170492625,2.8472822542045697
2025-09-09,3.1517302193154593,4.454749737800879,4.103090328753024,2.8414751296874527
2025-09-10,3.162678010048963,4.472313319434821,4.120451725754371,2.853498257097117
2025-09-11,3.1823294939788074,4.5072136947172545,4.150981662808067,2.8746408715409393
2025-09-12,3.178855112085636,4.520341419065452,4.157488256940817,2.8791468228912227
2025-09-15,3.188510117914174,4.559681020029543,4.192172614431526,2.9031664596290256
2025-09-16,3.191311551675425,4.557212031851383,4.189739249384122,2.901481303878201
2025-09-17,3.186141737636589,4.52591169815337,4.165738535152239,2.8848603116210416
2025-09-18,3.191357990528707,4.551348751414158,4.191778308167925,2.902893394365594
2025-09-19,3.1941553336725748,4.597895728873917,4.228196459850348,2.9281137195311477
2025-09-22,3.20293106962893,4.646663615845173,4.26789185843715,2.9556036061312585
2025-09-23,3.2073859331852543,4.629366676443685,4.252421791245004,2.944890263830935
2025-09-24,3.204830283690157,4.613664139979742,4.236661233679076,2.933975750923489
2025-09-25,3.1984496402083944,4.619515178287511,4.232598222885473,2.931162031702937
2025-09-26,3.216282758533818,4.663324956873055,4.268299731138945,2.9558860664344375
2025-09-29,3.2214947712579236,4.701580429643798,4.300006859638924,2.9778439103637173
2025-09-30,3.225258495903182,4.7146946366365485,4.315464969970024,2.9885489722898417
2025-10-01,3.235509005973159,4.733756585667707,4.328900349161762,2.9978532509609
2025-10-02,3.232498904072239,4.725250350513271,4.324710111792268,2.994951424698518
2025-10-03,3.242048830543161,4.743026201742456,4.335073219763307,3.0021280918461115
2025-10-06,3.254873135564179,4.788150740393455,4.374542625988557,3.0294614740499255
2025-10-07,3.249618998736619,4.7576722537058185,4.351147621273219,3.013259948192278
2025-10-08,3.2653453455902053,4.813647228462106,4.397351117574028,3.045256827403869
2025-10-09,3.2489222446234973,4.792366913301199,4.376149898849437,3.030574543832672
2025-10-10,3.201762784867125,4.7137159084219515,4.292420202631593,2.9725899930778277
2025-10-13,3.2426017031743126,4.825339143470795,4.387909923100999,3.0387186044693992
2025-10-14,3.2461383261470567,4.8181186831292555,4.383636015405392,3.03575883477129
2025-10-15,3.2611662685091236,4.873079783346803,4.426638548450842,3.0655389805570015
2025-10-16,3.251453322609553,4.873349904145579,4.419991494296275,3.06093575772919
2025-10-17,3.249579461856081,4.842396471745346,4.40520340885949,3.0506947019352544
2025-10-20,3.2782090993077833,4.919326150210203,4.47530046404026,3.099238366100947
2025-10-21,3.256035572246853,4.808419389500382,4.394551888910151,3.0433183035125038
2025-10-22,3.256412775254403,4.78368422788563,4.369273271693611,3.025812336941323
2025-10-23,3.2765410742843764,4.814349841919537,4.397289039959307,3.0452138373685034
2025-10-24,3.28408460729657,4.835554327860332,4.421341065226012,3.061870363581205
2025-10-27,3.2897854601167005,4.828155654385404,4.427065856980481,3.065834900573962
2025-10-28,3.279935273107869,4.837306804704826,4.434345574630038,3.070876255990246
2025-10-29,3.270787473746728,4.833338269136467,4.427070155083545,3.0658378770994537
2025-10-30,3.260964835793791,4.831598503048038,4.417422290749847,3.0591565310011988
2025-10-31,3.2658106018456126,4.849342422854029,4.435041668707354,3.071358315572205
2025-11-03,3.2659763137961604,4.855598471251557,4.442380614933545,3.0764406880059045
2025-11-04,3.240320276581414,4.761632248920214,4.3615413899203075,3.0204578484937823
2025-11-05,3.2503668666720142,4.808184113075239,4.398228364881616,3.0458643393539786
2025-11-06,3.2370508073803617,4.766606933104489,4.3585781222055,3.01840572415832
2025-11-07,3.2491077397402632,4.773599630225776,4.361948539314929,3.020739807891745
2025-11-10,3.2810124661059494,4.889531066535809,4.45444217796982,3.084793570503411
2025-11-11,3.297330282235452,4.902233921215988,4.463319021294187,3.0909409685656875
2025-11-12,3.300294918583938,4.955181776071622,4.496196595975777,3.1137093707447763
2025-11-13,3.267467420964212,4.877199219822519,4.427167459398451,3.0659052623551175
2025-11-14,3.262186342153738,4.840687381152094,4.407301013749933,3.052147336815441
2025-11-17,3.2393916038626713,4.7832757576775,4.354556325416297,3.015620546490381
2025-11-18,3.2378937843697675,4.7631414044653955,4.3235381075752946,2.9941397874769127
2025-11-19,3.2338532746030473,4.775534316609779,4.3307563748545705,2.999138587237612
2025-11-20,3.2051570303123325,4.698045635209457,4.257599582145857,2.9484759913905725
2025-11-21,3.225559610426786,4.709480713366968,4.278771625148025,2.9631380701690375
2025-11-24,3.2520821038615613,4.792693930278076,4.344039887718739,3.0083376953279006
2025-11-25,3.2698697704956556,4.812581880365773,4.3675923836141255,3.0246482870932896
2025-11-26,3.2958600801559554,4.87992539968621,4.419709831155997,3.060740700164299
2025-11-28,3.3190665578053813,4.954779773830277,4.466558490587354,3.093184368221165
2025-12-01,3.3088937256456616,4.972801490945572,4.469893639969571,3.0954940283222236
2025-12-02,3.3061486680734884,4.995220222813696,4.4878851589326985,3.107953528255915
2025-12-03,3.3209186782862226,5.0026070855233185,4.4974751697283315,3.114594809579475
2025-12-04,3.318594419842875,4.987009749887801,4.493245102813425,3.111665400531034
2025-12-05,3.3219897299460106,5.020381200552072,4.515708543127839,3.1272217987251785
2025-12-08,3.304152128993818,5.014199517895264,4.509851209944217,3.1231654740445047
2025-12-09,3.307891581577065,5.058219057096371,4.530296595075149,3.1373243271799853
2025-12-10,3.33418170954591,5.101858424090898,4.568842659156483,3.1640182758037625
2025-12-11,3.3469597630446444,5.128443024017647,4.582737465776564,3.1736407174951147
2025-12-12,3.3262388697480696,5.055151472639575,4.523875904095104,3.1328778655441405
2025-12-15,3.3303034437814665,5.0763919058108655,4.532370679989781,3.1387606739892395
2025-12-16,3.31486172152196,5.065005054125055,4.521605047374224,3.131305250179022
2025-12-17,3.3159107782440285,5.061928076096725,4.4976083755008895,3.1146870573389753
2025-12-18,3.322969767677306,5.088111224772882,4.530980167562168,3.13779771530103
2025-12-19,3.3387168851859097,5.155485199110318,4.5837435489202605,3.1743374509331233
2025-12-22,3.3627595324665847,5.2125889811346156,4.622643589651807,3.2012765357268305
2025-12-23,3.3761351868257816,5.27603978991794,4.665528831273604,3.2309754547696405
2025-12-24,3.3843747488674505,5.2851163057975805,4.672828896989838,3.236030901644013
2025-12-26,3.395704980283307,5.384027334501135,4.725131214260351,3.2722513408353557
2025-12-29,3.37591577540062,5.2671210238797865,4.656565268303352,3.2247680015544686
2025-12-30,3.381945630418504,5.307444871372938,4.676394315329726,3.2385000277728553
2025-12-31,3.3528040141154816,5.220675261262127,4.624542289000657,3.2025914243951847
2026-01-02,3.3728373451195295,5.286690783846799,4.682034633135652,3.2424060648046904
2026-01-05,3.4079985164248487,5.366452571360752,4.723826777163452,3.271347991098426
2026-01-06,3.429144579380153,5.460997360248342,4.771833768343274,3.304593827908957
2026-01-07,3.406042038127745,5.385276645401512,4.7163918700471585,3.2661991637585945
2026-01-08,3.422912506173465,5.363375569842787,4.708198802894995,3.260525294873576
2026-01-09,3.447312276650805,5.439177595630885,4.760443346702165,3.2967057247436284
2026-01-12,3.468641748592153,5.540554038805193,4.815067088722725,3.334533798708809
2026-01-13,3.4764702348976133,5.547379844399034,4.8112503911130915,3.3318906564754265
2026-01-14,3.492233383179177,5.630768548456898,4.849445901140615,3.358341839148248
2026-01-15,3.491363946814216,5.630897480424718,4.861603916958587,3.3667615171970158
2026-01-16,3.4833783360528594,5.595765098573174,4.845657828753267,3.355718520474838
2026-01-20,3.466043583768004,5.624729847068885,4.826660361748788,3.342562380664313
2026-01-21,3.501503463495923,5.66221732130884,4.8688140458475315,3.371754680953662
2026-01-22,3.514255570967116,5.726335870114438,4.899070953626833,3.3927082169637406
2026-01-23,3.5317279931398677,5.812093372040348,4.936509097505644,3.418634907874694
2026-01-26,3.5473949972626366,5.903027378056709,4.983518124266058,3.451189633632127
2026-01-27,3.570263717732002,6.021114416339568,5.071983074044024,3.5124534456622007
2026-01-28,3.582144794565902,6.101525703428345,5.102270432000022,3.5334280690510225
2026-01-29,3.5894779113323096,6.089566878275917,5.0971281263563215,3.5298669157677436
2026-01-30,3.5174009128020187,5.641107927181979,4.8975505553259655,3.391655309615136
2026-02-02,3.5017555632691413,5.588682070368804,4.892132741520527,3.387903361217229
2026-02-03,3.532170470594709,5.67681482437536,4.912766632162179,3.4021927583275198
2026-02-04,3.5374446401979336,5.650920075995364,4.8693001646457,3.3720913283010017
2026-02-05,3.484277584644551,5.42899447355908,4.772713651345811,3.305203165132469
2026-02-06,3.5411988635396923,5.604477356340157,4.906693788934597,3.3979871884728325
2026-02-09,3.568297407003629,5.747309422090408,4.982265747718872,3.4503223369053413
2026-02-10,3.565054390226977,5.698620785419263,4.965993471516578,3.4390534482317947
2026-02-11,3.5863052471608445,5.776887098314061,5.012221579116788,3.471067371278532
2026-02-12,3.5356900712047272,5.569304436037536,4.906252403749078,3.3976815200797974
2026-02-13,3.559224746146823,5.628748615411371,4.935043527795513,3.4176199704620376
2026-02-17,3.5408891159592675,5.548909464103311,4.902718315606139,3.3952340907619694
2026-02-18,3.5719605828828143,5.643858230088314,4.948096798685876,3.4266596312114292
2026-02-19,3.577624468489145,5.645636804169022,4.938115115119159,3.419747108372612
2026-02-20,3.6032553560332015,5.7790728079146065,5.011149299346306,3.4703247953038954
2026-02-23,3.6018668511730167,5.812297070028693,4.9929080178201675,3.4576923296165263
2026-02-24,3.6138924981588794,5.820954218446621,5.02252451597405,3.478202368682195
2026-02-25,3.6232907456362833,5.882917833532081,5.078647752910409,3.5170688739683915
2026-02-26,3.622939136000177,5.860680012009532,5.049196177292519,3.4966730471785445
2026-02-27,3.6411394858509847,5.90613378804451,5.047132208606716,3.4952437060675132
2026-03-02,3.6429234829533725,5.849653764719187,5.0036461720418,3.4651287240691904
2026-03-03,3.594836150323503,5.619995836517503,4.847336006480988,3.356880693348073
2026-03-04,3.6142972318022433,5.687987922002754,4.910271828149975,3.4004650548196427
2026-03-05,3.594105297987372,5.619024432192941,4.844445623666328,3.354879043317222
2026-03-06,3.599940370404669,5.608165278141054,4.805885545813722,3.328175389866266
2026-03-09,3.613666288994956,5.689264705621117,4.867469525602263,3.3708235728053664
2026-03-10,3.614161413643987,5.728082693294167,4.883708689989827,3.382069530860644
2026-03-11,3.6099841088651807,5.703731216533397,4.88073619391292,3.3800110156930794
2026-03-12,3.5914901969366535,5.5884905941698415,4.781476011334276,3.311271281110836
2026-03-13,3.5769821769139543,5.504196974050599,4.736826642375051,3.2803506673079132
2026-03-16,3.5939094171180836,5.576302943230784,4.813666976743206,3.333564192131856
2026-03-17,3.6060514884758335,5.572233720092174,4.82858981934887,3.343898570059412
2026-03-18,3.567703162507815,5.446357394318627,4.7400524681903455,3.2825846185720686
2026-03-19,3.5443200055075157,5.368616259338054,4.713169611593263,3.263967682966174
2026-03-20,3.4925013399353904,5.189860275474016,4.578352263182821,3.1706038737723605
2026-03-23,3.5042774028456467,5.252061403831432,4.653879317685696,3.2229079250589163
2026-03-24,3.514096037169765,5.230611914860908,4.62233499206074,3.201062825496286
2026-03-25,3.541737829296033,5.324379864773014,4.685745860524286,3.244976166723119
2026-03-26,3.5005781147767427,5.133278711901677,4.550161302598549,3.1510810490319776
2026-03-27,3.501964239101894,5.15558196423498,4.521712662438959,3.131379775842735
2026-03-30,3.5075636067897364,5.129312185870294,4.497445031641233,3.1145739383292494
2026-03-31,3.5677880182969286,5.348695247093718,4.664607672728668,3.2303375333771727
2026-04-01,3.575459439729384,5.401608616897025,4.714453746334623,3.2271071958437956
2026-04-02,3.5889971028050396,5.353033990486647,4.69676894507696,3.2271071958437956
2026-04-06,3.599154725928946,5.37520141174186,4.718961403448962,3.2271071958437956
2026-04-07,3.597291330524464,5.389433825933992,4.730838284134095,3.2271071958437956
2026-04-08,3.6367931053583984,5.553366009416251,4.88904094791822,3.2271071958437956
2026-04-09,3.6501778420421247,5.588015982402219,4.915285491552809,3.2271071958437956
2026-04-10,3.6403616976897433,5.597714681284239,4.916920763414449,3.2271071958437956
2026-04-13,3.660794014171696,5.630590716444561,4.963368851965429,3.2271071958437956
2026-04-14,3.6834976823213688,5.752527088585223,5.040728255590069,3.2271071958437956
2026-04-15,3.6802362219720153,5.744958958591064,5.036093142218681,3.2271071958437956
2026-04-16,3.687713509980275,5.748177709577904,5.0443806756124046,3.2271071958437956
2026-04-17,3.7043956934910383,5.864568703878258,5.139469490331966,3.2271071958437956
2026-04-20,3.7054911412101803,5.838531304943433,5.133543778342104,3.2271071958437956
2026-04-21,3.685678359754846,5.7243761815264635,5.062353136288744,3.2271071958437956
2026-04-22,3.7099838782335124,5.806110987493493,5.1194397963690585,3.2271071958437956
2026-04-23,3.7113419943434347,5.753647879262603,5.096529061741546,3.2271071958437956
2026-04-24,3.72082612148546,5.807762770808492,5.141763019538035,3.2271071958437956
2026-04-27,3.717921822655227,5.796318069221354,5.1386232658351245,3.2271071958437956
2026-04-28,3.709469081188663,5.702212563330429,5.069634209322692,3.2271071958437956
2026-04-29,3.714338915850822,5.663425809581094,5.046738771825988,3.2271071958437956
2026-04-30,3.7506640048932334,5.772204309613607,5.14154090006837,3.2271071958437956
2026-05-01,3.7484051859469165,5.741039153839626,5.102109401542223,3.2033871117495925
2026-05-04,3.7346063050133047,5.745672212206817,5.122167938969335,3.215980973467872
2026-05-05,3.754477473000528,5.747555398547812,5.135937998776548,3.2246265803419845
2026-05-06,3.7785615372148746,5.73078449056876,5.089821261097419,3.1956719359996653
2026-05-07,3.7601661644948408,5.7306071542895225,5.064576692317384,3.179821996316444
2026-05-08,3.7773146700711577,5.7609485983968645,5.087444613545319,3.1941797449197824
2026-05-11,3.805224628711041,5.913676523116588,5.192259567167647,3.2599883830981216
2026-05-12,3.807486799110733,5.953651690101424,5.211125968195756,3.2718337555004213
2026-05-13,3.8105233639633154,5.954616530101232,5.2151733617093985,3.274374933510807
2026-05-14,3.810583901659761,5.908839901999925,5.200672254097671,3.2652703343002414
2026-05-15,3.762780960348819,5.828343847896332,5.167055722150161,3.244164012050503
2026-05-18,3.77153378973478,5.87366193120245,5.208184319175281,3.269986825178498
2026-05-19,3.7532775088185457,5.846914189987596,5.204800354726703,3.2678621847115727
2026-05-20,3.7745463832767876,5.804182159033495,5.1585451432403095,3.2388205988369196
2026-05-21,3.781382908771363,5.793712034813795,5.143202047361108,3.2291873527173998
2026-05-22,3.7878221066976967,5.758894535094483,5.126468263329779,3.2186809554848046
2026-05-26,3.801976120867276,5.745933885306335,5.105094300192563,3.205261196586637
2026-05-27,3.785333847458833,5.629366410532054,5.023565090523461,3.1540726392800873
2026-05-28,3.797478793269514,5.659037500265253,5.046107798968538,3.168226201270557
2026-05-29,3.7911627797672467,5.637690700305675,5.023378741800022,3.153955639221489
2026-06-01,3.7949189727022947,5.750094386869491,5.119631389060881,3.214388386824669
2026-06-02,3.8117536325693457,5.804177958479662,5.16792128475273,3.2447074602338435
2026-06-03,3.801518442703831,5.8004415631549096,5.163520931380832,3.2419446744585287
2026-06-04,3.810543709388778,5.744568559572562,5.115501118034634,3.2117951737176513
2026-06-05,3.733529354056855,5.476483873479508,4.8875777460557055,3.0686922461239954
2026-06-08,3.7431696435451913,5.545222249321169,4.952720848673375,3.109592697078996
2026-06-09,3.7345388179356984,5.43675838118533,4.870661860970631,3.0580715157553002
2026-06-10,3.7026154166206555,5.416706132237899,4.848596370773151,3.0442175778347065
2026-06-11,3.755725036470079,5.4752787290065905,4.903848998565509,3.0789082404274835
2026-06-12,3.7662948174715773,5.468684610698922,4.908879537036352,3.082066691341489
2026-06-15,3.7906233836322207,5.492680779284607,4.932348346825936,3.0968017110933843
2026-06-16,3.7756708181239844,5.394558447331069,4.8544799230943445,3.047911598129786
2026-06-17,3.738459485156819,5.324009831337351,4.804698537197881,3.016656084491141
2026-06-18,3.755767291148133,5.351504833246292,4.836900573832061,3.0368743081722793
2026-06-22,3.7518508795422996,5.339428149379201,4.840395720154193,3.0390687547826585
2026-06-23,3.711475476058747,5.189914567148626,4.7155620655750825,2.9606912664304
2026-06-24,3.694037830533644,5.0501388286268325,4.619461876214248,2.9003542403481806
2026-06-25,3.717508710085556,5.122801749105095,4.679224290166912,2.9378763966871135
2026-06-26,3.7116667016582494,5.066849074481098,4.628184939148234,2.905831062810918
2026-06-29,3.723061404990153,5.088819321682967,4.650082358111528,2.919579476293858
2026-06-30,3.727721637645921,5.127924093866931,4.689336197250058,2.944225212495643
2026-07-01,3.7108411442849336,5.054845379671497,4.62916300705782,2.906445148062606
2026-07-02,3.728528973167434,5.071505160675207,4.639973056067856,2.913232296073517
2026-07-06,3.7483061563516364,5.1518848328601425,4.715341855291826,2.9605530062074727
2026-07-07,3.7365761709865355,5.120900701500772,4.68278223225903,2.9401102699629
2026-07-08,3.7241460148679404,5.145502963652538,4.708829481651867,2.9564641770304982
2026-07-09,3.735536950128252,5.169863141714506,4.733119006046519,2.971714486906808
2026-07-10,3.740769103821258,5.163396051443768,4.727689022119993,2.968305241992933
2026-07-13,3.7348324641523734,5.1578678219305525,4.70912581958724,2.9566502344134715
2026-07-14,3.7501843409419724,5.239430596554041,4.778239980168893,3.00004393568921
2026-07-15,3.7496818406645684,5.226774954808681,4.770857923788679,2.9954090714780586
2026-07-16,3.7377366905689122,5.116393991614092,4.677180675290257,2.9365933019821515
2026-07-17,3.733899073908868,5.158716987124515,4.709454821921518,2.9568568003167908
2026-07-20,3.7268220493956674,5.1799662567556926,4.724980446146977,2.966604647850336
2026-07-21,3.76143173978096,5.317264235363763,4.839322157105275,3.0383947123888366
2026-07-22,3.771983098117134,5.362387681218139,4.874415156178223,3.0604280425461523
2026-07-23,3.7574654353010013,5.365732012802616,4.868147587346651,3.0564929153983504
2026-07-24,3.7587447167814436,5.321143418549388,4.828970636706497,3.0318954540580694
2026-07-27,3.746330222556017,5.2199628925906785,4.752770030662531,2.984052489492283
2026-07-28,3.738941046440065,5.112206151465773,4.664534646147055,2.9286534238682274
2026-07-29,3.724231716711098,5.163967852452518,4.6982276237068135,2.949807742911009
2026-07-30,3.75481186211385,5.274568494816089,4.7969668098564116,3.011801677466912
2026-07-31,3.7530648571475793,5.263300300682817,4.786724494313445,3.005370983998267
2026-08-03,3.761061627951883,5.260719042664182,4.811904789276737,3.0211805690163933
2026-08-04,3.789840695088935,5.350830411843015,4.915009628494808,3.0859155025735507
2026-08-05,3.798304509474542,5.358524448365584,4.9071357370697,3.0809718370569152
2026-08-06,3.7967446843561854,5.365912301237794,4.90071056436325,3.0769377574598793
2026-08-07,3.819628903689044,5.427316939671784,4.957347341749951,3.1124974658966975
2026-08-10,3.84406720546232,5.4963811596925485,4.984897015811664,3.1297946784565687
2026-08-11,3.847588171557067,5.497948037606892,4.987456243934809,3.1314015037400935
2026-08-12,3.8586411377255145,5.543700540772414,5.029642057431797,3.157888095974685
2026-08-13,3.860978785478,5.538644930449346,5.0387489195428765,3.16360588883626
2026-08-14,3.865865030270548,5.554243811878299,5.050257171204405,3.170831407175825
2026-08-17,3.869366681533002,5.60521218582211,5.077399056931246,3.1878725876137946
2026-08-18,3.848581856324189,5.496327055355842,4.982102874062563,3.128040361376506
2026-08-19,3.8788962148894486,5.542810574931689,5.012413097839513,3.1470708000754444
2026-08-20,3.870739635730411,5.579192953071177,5.017334274563081,3.1501605876221705
2026-08-21,3.8882888385668943,5.614351277929898,5.0481097493149125,3.169483136673783
2026-08-24,3.881752175779632,5.543437669102456,4.98968046471923,3.1327979928456284
2026-08-25,3.880069098355454,5.537137898681293,5.000820773504911,3.139792496251254
2026-08-26,3.877563369061681,5.539512991032836,5.0025060430804755,3.140850601911739
2026-08-27,3.8841558950080834,5.6270282694875675,5.069809953019044,3.1831077274846242
2026-08-28,3.862467466923124,5.543879209511591,5.001697873792189,3.140343188432635
2026-08-31,3.862211707918405,5.571187110258434,5.011332633518671,3.146392424680546
